ward,menu_package,address,cost_numeric,cost_share,lat,lon,Tract,Block_Group,GEOID_Full
1,Alley Apron Menu (2024),2619 N WASHTENAW AVE,69430.67,0.049226,41.929359446247,-87.694860998399,220300,1,170312203001
1,Arterial Street Bump Outs Menu (2024),N WESTERN AVE & W BLOOMINGDALE AVE,23508.74,0.016668,41.914011804347,-87.68736238018,832400,2,170318324002
1,Curb & Gutter Menu (2024),1415 N WOOD ST,43169.06,0.030607,41.907670391681,-87.672195996937,241500,2,170312415002
1,Curb & Gutter Menu (2024),2540 W ARMITAGE AVE,17136.2,0.01215,41.917707888371,-87.691854828825,221400,3,170312214003
1,Curb & Gutter Menu (2024),W BELDEN AVE & N TALMAN AVE,67746.48,0.048032,41.922977004164,-87.693689040697,221400,1,170312214001
1,Goethe Elementary School - New Playspace and Field,2236 N ROCKWELL ST,100000.0,0.0709,41.922761379705,-87.693184785402,221400,1,170312214001
1,Installation of LED and pedestrian countdown traffic signals,N CALIFORNIA AVE & W ARMITAGE AVE,19957.74,0.01415,41.917505004405,-87.697169039257,221400,3,170312214003
1,Miscellaneous Other Projects (2024),1425 N DAMEN AVE,175000.0,0.124075,41.907995735252,-87.676743849961,241400,1,170312414001
1,Park 399 Upgrades - 1420 N Artesian,1420 N ARTESIAN AVE,100000.0,0.0709,41.907147989565,-87.688495026756,241100,1,170312411001
1,Sidewalk Menu (2024),1347 N GREENVIEW AVE,11062.3,0.007843,41.906470145055,-87.664858395078,241600,2,170312416002
1,Sidewalk Menu (2024),1601-1699 W SUPERIOR ST,70098.09,0.0497,41.894778270225,-87.667465250784,243200,1,170312432001
1,Signal (2024) Miscellaneous CDOT Projects (2024),2735 W ARMITAGE AVE,660.0,0.000468,41.917367834559,-87.696281982444,832400,1,170318324001
1,Speed Indicator Signs (2024),2634 W LOGAN BLVD,16310.35,0.011564,41.929131081295,-87.69405759298,220300,1,170312203001
1,Street Bump Outs Menu (2024),N CALIFORNIA AVE & W CORTLAND ST,20463.11,0.014508,41.915679006798,-87.697125034266,832400,1,170318324001
1,Street Light Upgrade Menu (2024),1502 N DAMEN AVE,500.0,0.000354,41.90836415251,-87.67748761991,241400,1,170312414001
1,Street Resurfacing Menu (2024),1501-1599 N BELL AVE,20668.85,0.014654,41.90868933774,-87.683220378907,241200,1,170312412001
1,Street Resurfacing Menu (2024),1325-1200 N Wood St,150689.86,0.106839,41.905963165642,-87.671551428582,241400,3,170312414003
1,Street Resurfacing Menu (2024),1000-1100 N Wood St,79068.79,0.05606,41.899755863426,-87.672520963323,242200,1,170312422001
1,Street Resurfacing Menu (2024),1100-1200 N Wood St,121580.82,0.086201,41.903344994366,-87.672548958879,241400,3,170312414003
1,Street Resurfacing Menu (2024),1700-1800 W Erie St,75102.45,0.053248,41.893499988082,-87.672340920042,243100,1,170312431001
1,Street Resurfacing Menu (2024),2500-2540 W Le Moyne St,13319.57,0.009444,41.908558999146,-87.689715012764,241100,2,170312411002
1,Street Speed Hump Menu (2024),1500-1600 N Artesian Ave,4880.0,0.00346,41.908607027451,-87.688631819416,241100,1,170312411001
1,Street Speed Hump Menu (2024),2700-2800 N Francisco Ave,4880.0,0.00346,41.930382038434,-87.700397161627,220400,2,170312204002
1,Street Speed Hump Menu (2024),800-1000 N Hermitage Ave,7320.0,0.00519,41.899727993598,-87.671210033666,242100,2,170312421002
1,Street Speed Hump Menu (2024),1500-1600 N Oakley Ave,4880.0,0.00346,41.910432983148,-87.684904973807,240500,1,170312405001
1,Street Speed Hump Menu (2024),2000-2160 N Stave St,12200.0,0.00865,41.920216927268,-87.696383152016,221400,2,170312214002
1,Street Speed Hump Menu (2024),2400-2600 N Talman Ave,9760.0,0.00692,41.928849994172,-87.693993974335,220300,1,170312203001
1,Street Speed Hump Menu (2024),1600-1800 W Beach Ave,9760.0,0.00692,41.907734010326,-87.667744032884,241500,2,170312415002
1,Street Speed Hump Menu (2024),2000-2200 W Cortez St,9760.0,0.00692,41.900571799791,-87.682245982663,242400,1,170312424001
1,Street Speed Hump Menu (2024),2600-2800 W Cortland St,9760.0,0.00692,41.915943372024,-87.6924387122,832400,1,170318324001
1,Street Speed Hump Menu (2024),2800-3000 W Dickens Ave,7320.0,0.00519,41.919693980329,-87.697819977858,221300,2,170312213002
1,Street Speed Hump Menu (2024),1700-1800 W Erie St,4880.0,0.00346,41.893499988082,-87.672340920042,243100,1,170312431001
1,Street Speed Hump Menu (2024),2400-2540 W Le Moyne St,7320.0,0.00519,41.908598980824,-87.68731996775,241100,1,170312411001
1,Street Speed Hump Menu (2024),2400-2500 W Lyndale St,2440.0,0.00173,41.922555981168,-87.68938199975,221500,2,170312215002
1,Street Speed Hump Menu (2024),2840-3000 W Medill Ave,2440.0,0.00173,41.923868103822,-87.702332279037,221200,2,170312212002
1,Street Speed Hump Menu (2024),2000-2200 W Thomas St,9760.0,0.00692,41.901537185489,-87.682520909087,242400,1,170312424001
1,Street Speed Hump Replacement (2024),1500-1600 N Bell Ave,0.0,0.0,41.910590772475,-87.68383904718,240500,1,170312405001
1,Street Traffic Circle Menu (2024),N ROCKWELL ST & W CORTLAND ST,18365.38,0.013021,41.915717982648,-87.692222040003,832400,2,170318324002
1,at N. California Ave. & W. Armitage Ave. LED Traffic Signal Upgrades & Pedestrian Countdown,W ARMITAGE AVE & N KEDZIE AVE,16987.88,0.012044,41.917407983876,-87.707022972269,221100,2,170312211002
1,,2002 N STAVE ST,17136.2,0.01215,41.917850808544,-87.691847863341,221400,3,170312214003
1,,W ARMITAGE AVE & N STAVE ST,17136.2,0.01215,41.917553996629,-87.691387034809,221400,3,170312214003
1,,2909 W LOGAN BLVD,16310.35,0.011564,41.927906988155,-87.700453739474,220400,2,170312204002
1,,1530 N DAMEN AVE,500.0,0.000354,41.909224731805,-87.677770297824,241400,1,170312414001
1,,1542 N DAMEN AVE,500.0,0.000354,41.909544752869,-87.677679270356,241400,1,170312414001
1,,1500-1600 N Bell Ave,20668.85,0.014654,41.910590772475,-87.68383904718,240500,1,170312405001
1,,1501-1599 N BELL AVE,0.0,0.0,41.90868933774,-87.683220378907,241200,1,170312412001
2,(2024) Miscellaneous CDOT Projects (2024),530 N MCCLURG CT,660.0,0.000506,41.891762773041,-87.617748049172,081403,1,170310814031
2,Alley Resurfacing Menu (2024),N CLARK ST & W SCHILLER ST & W BURTON PL & N DEARBORN ST,27810.45,0.021326,41.909468980464,-87.630150023676,080201,2,170310802012
2,Alley Resurfacing Menu (2024),N HUDSON AVE & W NORTH AVE & W BLACKHAWK ST & N SEDGWICK ST,38625.63,0.02962,41.909263120922,-87.63853980584,080400,1,170310804001
2,Alley Resurfacing Menu (2024),N MAGNOLIA AVE & W WEBSTER AVE & W BELDEN AVE & N RACINE AVE,40370.34,0.030958,41.921671983749,-87.659525995916,832500,2,170318325002
2,Alley Resurfacing Menu (2024),N WELLS ST & W GOETHE ST & W SCHILLER ST & N LA SALLE DR,34499.24,0.026456,41.907700985627,-87.633111014791,080201,1,170310802011
2,Alley Speed Hump Menu (2024),E ONTARIO ST & N ST CLAIR ST & N FAIRBANKS CT & E OHIO ST,2175.0,0.001668,41.893357914823,-87.622709408227,081403,2,170310814032
2,Alley Speed Hump Menu (2024),N GREENVIEW AVE & N CLYBOURN AVE & N JANSSEN AVE & W BELDEN AVE,2175.0,0.001668,41.922589005866,-87.665745032796,832500,1,170318325001
2,Alley Speed Hump Menu (2024),W FULLERTON AVE & N JANSSEN AVE & N SOUTHPORT AVE & W BELDEN AVE,1450.0,0.001112,41.925213002565,-87.664572991275,070600,2,170310706002
2,Arterial Street Bump Outs Menu (2024),N SOUTHPORT AVE & W BELDEN AVE,400000.0,0.30674,41.92342149649,-87.66324370525,832500,2,170318325002
2,Concrete Alley Menu (2024),N LARRABEE ST & W NORTH AVE & W BLACKHAWK ST & N MOHAWK ST,61080.84,0.04684,41.909199083182,-87.642157099974,080400,3,170310804003
2,Curb & Gutter Menu (2024),161 W BURTON PL,4174.37,0.003201,41.908962252507,-87.634006956422,080300,4,170310803004
2,Curb & Gutter Menu (2024),400-500 E Huron St,58975.44,0.045225,41.895105972932,-87.6175626933,081401,2,170310814012
2,"In-Road ""State Law Stop For Pedestrians"" Sign Menu",N HALSTED ST & W BLACKHAWK ST,350.0,0.000268,41.9085750924,-87.648173294798,842200,1,170318422001
2,Miscellaneous CDOT Projects (2024),E LAKE SHORE DR & N MICHIGAN AVE,761.0,0.000584,41.900838009036,-87.624255031172,081201,3,170310812013
2,Miscellaneous CDOT Projects (2024),N LA SALLE DR & W BURTON PL,105000.0,0.080519,41.909187013241,-87.633155019783,080201,1,170310802011
2,Miscellaneous CDOT Projects (2024),N LA SALLE DR & W DELAWARE PL,120000.0,0.092022,41.899265983095,-87.632688985966,081000,2,170310810002
2,Miscellaneous CDOT Projects (2024),1430-1500 W Fullerton Ave,4773.0,0.00366,41.925463034737,-87.666447687739,070600,2,170310706002
2,Sidewalk Menu (2024),1250 N LA SALLE DR,23843.94,0.018285,41.905290978917,-87.633502952584,080300,2,170310803002
2,Sidewalk Menu (2024),1339 N DEARBORN ST,20115.81,0.015426,41.907043341504,-87.629665465853,080202,3,170310802023
2,Sidewalk Menu (2024),1554 N DEARBORN PKWY,12840.21,0.009847,41.910958989482,-87.630621841005,080201,2,170310802012
2,Sidewalk Menu (2024),2210 N SOUTHPORT AVE,21667.54,0.016616,41.921996336327,-87.663252529784,832500,1,170318325001
2,Sidewalk Menu (2024),W WEBSTER AVE & N WAYNE AVE,31223.69,0.023944,41.921643988193,-87.66197803787,832500,2,170318325002
2,Street Light Pole Painting Menu (2024),1300-1400 N Dearborn St,1800.0,0.00138,41.90806601751,-87.63025697676,080201,1,170310802011
2,Street Resurfacing Menu (2024),150-300 E Delaware Pl,156618.88,0.120103,41.899343576874,-87.620020992074,081300,2,170310813002
2,Street Resurfacing Menu (2024),330-1000 E Lake Shore Dr,55540.08,0.042591,41.866207161098,-87.610119259158,330101,1,170313301011
2,Street Resurfacing Menu (2024),600-660 N Mcclurg Ct,47031.91,0.036066,41.892868076401,-87.617969274343,081403,2,170310814032
2,Street Resurfacing Menu (2024),1600-1700 N North Park Ave,21704.35,0.016644,41.913131746423,-87.637037936429,071500,4,170310715004
2,Street Speed Hump Menu (2024),2300-2400 N Lakewood Ave,2440.0,0.001871,41.923696297185,-87.661085616639,832500,2,170318325002
2,Street Speed Hump Menu (2024),200-300 W Chestnut St,2440.0,0.001871,41.898230158228,-87.635798397713,081800,1,170310818001
2,Street Speed Hump Menu (2024),200-300 W Institute Pl,2440.0,0.001871,41.897815997665,-87.634628055447,081800,1,170310818001
2,,1425 W FULLERTON AVE,1450.0,0.001112,41.924977261538,-87.664416249685,832500,1,170318325001
3,Alley Resurfacing Menu (2024),E 44TH PL & S VINCENNES AVE & E 45TH ST & S ST LAWRENCE AVE,57146.97,0.038098,41.813108190807,-87.611529961047,836000,3,170318360003
3,Alley Resurfacing Menu (2024),E 44TH ST & S VINCENNES AVE,16727.47,0.011152,41.814879412677,-87.614046962752,836000,1,170318360001
3,Alley Resurfacing Menu (2024),S CALUMET AVE & E 42ND ST & E 43RD ST & S DR MARTIN LUTHER KING JR DR,46904.63,0.03127,41.818394992416,-87.618397002862,380600,2,170313806002
3,Alley Resurfacing Menu (2024),S INDIANA AVE & E 21ST ST & E CULLERTON ST & S PRAIRIE AVE,17335.18,0.011557,41.855568020537,-87.620725998478,330103,2,170313301032
3,Alley Resurfacing Menu (2024),S INDIANA AVE & E 50TH ST & E 51ST ST & S PRAIRIE AVE,31425.81,0.020951,41.803860981857,-87.621090192171,381800,1,170313818001
3,Alley Resurfacing Menu (2024),S MICHIGAN AVE & E 40TH ST & E PERSHING RD & S INDIANA AVE,45297.8,0.030199,41.823785981081,-87.621596962037,839600,2,170318396002
3,Alley Resurfacing Menu (2024),S STATE ST & W 43RD ST & E 44TH ST & S WABASH AVE,67066.03,0.044711,41.814739812079,-87.624650321726,844600,1,170318446001
3,Alley Resurfacing Menu (2024),S VINCENNES AVE & E 46TH PL & E 47TH ST & S ST LAWRENCE AVE,44617.99,0.029745,41.809492992149,-87.611443962721,843600,2,170318436002
3,Alley Speed Hump Menu (2024),E 16TH ST & S MICHIGAN AVE & S INDIANA AVE & E 18TH ST,2175.0,0.00145,41.860278985398,-87.623995024536,330102,3,170313301023
3,Alley Speed Hump Replacement (2024),S CALUMET AVE & E 42ND ST & E 43RD ST & S DR MARTIN LUTHER KING JR DR,0.0,0.0,41.818394992416,-87.618397002862,380600,2,170313806002
3,Arterial Street Bump Outs Menu (2024),1400-1527 S Indiana Ave,65000.0,0.043333,41.863923814084,-87.62281904352,330102,4,170313301024
3,Arterial Street Bump Outs Menu (2024),S STATE ST & E 14TH PL,28059.35,0.018706,41.862433008786,-87.627375026991,330200,2,170313302002
3,Curb & Gutter Menu (2024),3800-3814 S DR MARTIN LUTHER KING JR DR,34004.2,0.022669,41.824941426434,-87.617594184176,839600,1,170318396001
3,Installation of Accessible Pedestrian Signals (APS) at S. Dr.,S DR MARTIN LUTHER KING JR DR & E 41ST ST,76277.0,0.050851,41.820235197349,-87.617161677972,380600,1,170313806001
3,Martin Luther King Jr. Dr. & E. 41st ST. Miscellaneous CDOT Projects (2024),5327 S PRAIRIE AVE,150.0,0.0001,41.79792981321,-87.619203835837,400300,1,170314003001
3,Pavement Markings Menu (2024),S INDIANA AVE & E 14TH ST,2000.0,0.001333,41.86416399752,-87.62256800552,330102,2,170313301022
3,Sidewalk Menu (2024),1310 S WABASH AVE,17451.31,0.011634,41.865391904426,-87.626098379319,330102,1,170313301021
3,Sidewalk Menu (2024),3330 S INDIANA AVE,8519.87,0.00568,41.833787226041,-87.622144048858,842000,1,170318420001
3,Sidewalk Menu (2024),4938 S DR MARTIN LUTHER KING JR DR,3323.41,0.002216,41.804531450292,-87.617049947203,381800,1,170313818001
3,Sidewalk Menu (2024),4948 S INDIANA AVE,5328.13,0.003552,41.804175261317,-87.62138984521,381800,1,170313818001
3,Sidewalk Menu (2024),4500-4530 S Dr Martin Luther King Jr Dr E,40557.73,0.027038,41.81207604325,-87.617254717097,835800,1,170318358001
3,Speed Indicator Signs (2024),1400-1527 S Indiana Ave,28000.0,0.018667,41.863923814084,-87.62281904352,330102,4,170313301024
3,Street Bump Outs Menu (2024),W 16TH ST & S DEARBORN ST,32000.0,0.021333,41.860140013443,-87.628783019087,330200,2,170313302002
3,Street Resurfacing Menu (2024),3800-3814 S DR MARTIN LUTHER KING JR DR,11743.8,0.007829,41.824941426434,-87.617594184176,839600,1,170318396001
3,Street Resurfacing Menu (2024),0-100 E 29th St,82088.75,0.054726,41.842054716524,-87.622826668728,839200,1,170318392001
3,Street Resurfacing Menu (2024),500-600 E 44th Pl,52948.69,0.035299,41.81406234029,-87.612041938828,836000,2,170318360002
3,Street Resurfacing Menu (2024),1-200 E 44th St,67116.15,0.044744,41.814839200788,-87.621277310458,835800,1,170318358001
3,Street Resurfacing Menu (2024),3500-3700 S Calumet Ave,114792.51,0.076528,41.827288987966,-87.618369426401,839600,2,170318396002
3,Street Resurfacing Menu (2024),4500-4600 S Champlain Ave,30623.88,0.020416,41.811125074425,-87.610607281146,843600,2,170318436002
3,Street Resurfacing Menu (2024),4699-4899 S Vincennes Ave,152408.58,0.101606,41.805860383341,-87.613785467986,381200,1,170313812001
3,Street Resurfacing Menu (2024),0-120 W 17th St,84183.08,0.056122,41.85901865625,-87.629749716016,330200,2,170313302002
3,Street Resurfacing Menu (2024),12-120 W 19th St,88334.35,0.05889,41.856661784781,-87.630275300781,841100,1,170318411001
3,Street Speed Hump Replacement (2024),3500-3700 S Calumet Ave,0.0,0.0,41.827288987966,-87.618369426401,839600,2,170318396002
3,Street Traffic Circle Menu (2024),W 46TH ST & S PRINCETON AVE,35000.0,0.023333,41.811022018926,-87.633416367524,835500,2,170318355002
3,Viaduct Improvement Menu (2024),1178 S PLYMOUTH CT,281.11,0.000187,41.867894070161,-87.629224745384,839000,2,170318390002
3,,436 E 44TH ST,16727.47,0.011152,41.815101323563,-87.614980622947,836000,1,170318360001
3,,E 44TH ST & S DR MARTIN LUTHER KING JR DR E,16727.47,0.011152,41.814841987479,-87.616991022423,835800,1,170318358001
3,,S INDIANA AVE & E 14TH ST,65000.0,0.043333,41.86416399752,-87.62256800552,330102,2,170313301022
3,,1400-1527 S Indiana Ave,2000.0,0.001333,41.863923814084,-87.62281904352,330102,4,170313301024
3,,4918 S INDIANA AVE,5328.13,0.003552,41.805060096926,-87.621504761102,381800,1,170313818001
3,,4938 S INDIANA AVE,5328.13,0.003552,41.804311467244,-87.621409626501,381800,1,170313818001
4,Alley Resurfacing Menu (2024),S ELLIS AVE & E 45TH ST & E 46TH ST & S GREENWOOD AVE,23218.24,0.016374,41.813242217439,-87.60177786816,390300,2,170313903002
4,Alley Speed Hump Replacement (2024),S ELLIS AVE & E 45TH ST & E 46TH ST & S GREENWOOD AVE,0.0,0.0,41.813242217439,-87.60177786816,390300,2,170313903002
4,Arterial Street Bump Outs Menu (2024),E 43RD ST & S BERKELEY AVE,54641.69,0.038535,41.816911018368,-87.600619992055,836400,2,170318364002
4,Concrete Alley Menu (2024),E 42ND PL & S ST LAWRENCE AVE & S VINCENNES AVE & E 43RD ST,548000.0,0.386462,41.80358159207,-87.610996997734,843600,1,170318436001
4,Concrete Alley Menu (2024),S CHAMPLAIN AVE & E 49TH ST & E 50TH PL & S ST LAWRENCE AVE,7685.7,0.00542,41.803103383539,-87.611315132869,381900,1,170313819001
4,Concrete Alley Menu (2024),S ELLIS AVE & E 45TH ST & E 46TH ST & S GREENWOOD AVE,266000.0,0.187589,41.813242217439,-87.60177786816,390300,2,170313903002
4,Curb & Gutter Menu (2024),4830-4832 S DORCHESTER AVE,11331.57,0.007991,41.806857554152,-87.592318471331,390600,1,170313906001
4,Miscellaneous CDOT Projects (2024),400 E PERSHING RD,660.0,0.000465,41.823915297676,-87.616413360441,351100,2,170313511002
4,Miscellaneous CDOT Projects (2024),4210-4212 S CHAMPLAIN AVE,600.0,0.000423,41.818144541149,-87.610847757948,380100,1,170313801001
4,Miscellaneous CDOT Projects (2024),4620 S LANGLEY AVE,150.0,0.000106,41.810672912659,-87.609360640687,843600,2,170318436002
4,Pavement Markings Menu (2024),E PERSHING RD & S RHODES AVE,3500.0,0.002468,41.823887988843,-87.614356003522,351100,2,170313511002
4,Pavement Markings Menu (2024),900-1100 E 43rd St,3750.0,0.002645,41.816981755724,-87.599140450416,836400,1,170318364001
4,Pavement Markings Menu (2024),700-1200 S Columbus Dr,15000.0,0.010578,41.867400886822,-87.620534745295,330101,1,170313301011
4,Sidewalk Menu (2024),4808 S EVANS AVE,5324.91,0.003755,41.807359630152,-87.608017356884,843600,1,170318436001
4,Sidewalk Menu (2024),E 8TH ST & S STATE ST,28140.59,0.019845,41.871861979306,-87.627588011151,839000,3,170318390003
4,Sidewalk Menu (2024),1200-1300 E 48th St,1988.56,0.001402,41.808007006444,-87.594690969025,390600,1,170313906001
4,Street Bump Outs Menu (2024),E 48TH ST & S DORCHESTER AVE,26626.81,0.018778,41.807884504929,-87.591982440833,390600,1,170313906001
4,Street Bump Outs Menu (2024),E HYDE PARK BLVD & S UNIVERSITY AVE,5620.0,0.003963,41.802376001981,-87.598247997276,390500,1,170313905001
4,Street Cul-de-Sac Menu (2024),S GREENWOOD AVE & E HYDE PARK BLVD,2740.95,0.001933,41.802372020577,-87.599131030775,390500,1,170313905001
4,Street Light Upgrade Menu (2024),640 E OAKWOOD BLVD,500.0,0.000353,41.822947748854,-87.610279632551,380100,1,170313801001
4,Street Light Upgrade Menu (2024),713 E 43RD ST,500.0,0.000353,41.816601642322,-87.608598641869,836000,3,170318360003
4,Street Resurfacing Menu (2024),4500-4600 S Champlain Ave,30623.88,0.021597,41.811125074425,-87.610607281146,843600,2,170318436002
4,Street Resurfacing Menu (2024),800-1100 S Holden Ct,88379.74,0.062327,41.868594609987,-87.626782796006,320600,1,170313206001
4,Street Resurfacing Menu (2024),4300-4430 S Oakenwald Ave,102427.76,0.072234,41.816702434708,-87.597781376726,390100,1,170313901001
4,Street Resurfacing Menu (2024),1199-900 S Park Ter,82002.05,0.05783,41.869390615369,-87.630261167133,839000,2,170318390002
4,Street Resurfacing Menu (2024),1178-900 S Plymouth Ct,48672.61,0.034325,41.867894070161,-87.629224745384,839000,2,170318390002
4,Street Resurfacing Menu (2024),840-800 S Plymouth Ct,26975.29,0.019024,41.872254901636,-87.628705802852,839000,3,170318390003
4,Street Speed Hump Menu (2024),2900-3100 S Indiana Ave,12200.0,0.008604,41.838335351543,-87.621980371115,842000,1,170318420001
4,Street Speed Hump Menu (2024),4440-4699 S Lake Park Ave,5790.75,0.004084,41.809842895252,-87.592477572436,390100,1,170313901001
4,Street Speed Hump Menu (2024),3100-3300 S Rhodes Ave,12200.0,0.008604,41.834920585079,-87.612607287063,351000,3,170313510003
4,Street Speed Hump Replacement (2024),800-1100 S Holden Ct,0.0,0.0,41.868594609987,-87.626782796006,320600,1,170313206001
4,Street Speed Hump Replacement (2024),4300-4430 S Oakenwald Ave,0.0,0.0,41.816702434708,-87.597781376726,390100,1,170313901001
4,Street Speed Hump Replacement (2024),1199-900 S Park Ter,0.0,0.0,41.869390615369,-87.630261167133,839000,2,170318390002
4,,4950 S GREENWOOD AVE,2740.95,0.001933,41.804444529956,-87.599590191431,390500,1,170313905001
5,Alley Resurfacing Menu (2024),E 70TH ST & S KIMBARK AVE & S WOODLAWN AVE & E 71ST ST,18956.29,0.012685,41.765896995443,-87.595882037466,841800,2,170318418002
5,Alley Resurfacing Menu (2024),S OGLESBY AVE & E 72ND ST & E 73RD ST & S CRANDON AVE,38052.8,0.025464,41.764437999467,-87.567703001,430600,1,170314306001
5,Alley Resurfacing Menu (2024),S WOODLAWN AVE & E 55TH ST & E 56TH ST & S KIMBARK AVE,40634.16,0.027191,41.795110987404,-87.596537334657,410700,1,170314107001
5,Installation of two concrete pads at Promontory Point for two,5491 S JEAN BAPTISTE POINTE DUSABLE LAKE SHORE DR NB,15000.0,0.010038,41.841956117665,-87.609779711541,350100,1,170313501001
5,Pavement Markings Menu (2024),920-1200 E Hyde Park Blvd,2500.0,0.001673,41.802629470733,-87.596535406819,390600,2,170313906002
5,Sidewalk Menu (2024),1148-1130 E 73rd St,21749.24,0.014554,41.762374428545,-87.597120479116,841800,2,170318418002
5,Street Bump Outs Menu (2024),E HYDE PARK BLVD & S UNIVERSITY AVE,15152.86,0.01014,41.802376001981,-87.598247997276,390500,1,170313905001
5,Street Light Residential Staggered Piggy Back Menu (2024),6900-7100 S Merrill Ave,161478.0,0.108057,41.766045540915,-87.572690207841,430600,1,170314306001
5,Street Light Residential Staggered Piggy Back Menu (2024),7300-7400 S University Ave,85250.0,0.057047,41.762171658577,-87.597271505556,841800,1,170318418001
5,Street Resurfacing Menu (2024),1500-1600 E 65th St,56391.64,0.037736,41.777008971875,-87.588795280394,843900,1,170318439001
5,Street Resurfacing Menu (2024),1500-1600 E 66th Pl,63477.51,0.042477,41.774264408011,-87.588757693521,843900,2,170318439002
5,Street Resurfacing Menu (2024),1930-2130 E 72nd Pl,134783.03,0.090193,41.763493265709,-87.573971478627,430600,2,170314306002
5,Street Resurfacing Menu (2024),6900-7000 S Dante Ave,82218.05,0.055018,41.767951858405,-87.589569279934,430300,3,170314303003
5,Street Resurfacing Menu (2024),7000-7100 S East End Ave,54281.74,0.036324,41.765654800351,-87.584153910905,430500,3,170314305003
5,Street Resurfacing Menu (2024),5300-5400 S Ellis Ave,47767.63,0.031965,41.797795501443,-87.601567147114,410500,1,170314105001
5,Street Resurfacing Menu (2024),6900-7000 S Euclid Ave,46775.45,0.031301,41.769618560453,-87.577910566506,430200,2,170314302002
5,Street Resurfacing Menu (2024),5300-5500 S Greenwood Ave,165172.14,0.110529,41.799063809122,-87.599941476993,410600,1,170314106001
5,Street Resurfacing Menu (2024),7399-7470 S Greenwood Ave,50561.01,0.033834,41.759044995469,-87.598237840329,841800,1,170318418001
5,Street Resurfacing Menu (2024),5700-5900 S Harper Ave,109291.87,0.073135,41.791396002188,-87.589450686979,411100,2,170314111002
5,Street Resurfacing Menu (2024),6900-6930 S Harper Ave,41063.85,0.027479,41.769047576667,-87.588053681169,430300,2,170314303002
5,Street Resurfacing Menu (2024),7100-7200 S Oglesby Ave,42130.88,0.028193,41.764258040005,-87.568020004578,430600,2,170314306002
5,Street Resurfacing Menu (2024),6800-6900 S Oglesby Ave,54483.27,0.036459,41.769769979534,-87.568449660935,430102,3,170314301023
5,Street Resurfacing Menu (2024),1500-1600 W 65th Pl,41778.57,0.027957,41.775912394082,-87.664300333856,671200,1,170316712001
5,Street Speed Hump Menu (2024),5400 S RIDGEWOOD CT,7320.0,0.004898,41.797976396471,-87.592692754045,410700,1,170314107001
5,Street Speed Hump Menu (2024),5800-5900 S Blackstone Ave,4880.0,0.003266,41.789579350403,-87.590606467608,411100,2,170314111002
5,Street Speed Hump Menu (2024),5600-5700 S Harper Ave,7320.0,0.004898,41.791396002188,-87.589450686979,411100,2,170314111002
5,Street Speed Hump Replacement (2024),1500-1600 E 66th Pl,0.0,0.0,41.774264408011,-87.588757693521,843900,2,170318439002
5,Street Speed Hump Replacement (2024),1930-2130 E 72nd Pl,0.0,0.0,41.763493265709,-87.573971478627,430600,2,170314306002
5,Street Speed Hump Replacement (2024),6900-7000 S Dante Ave,0.0,0.0,41.767951858405,-87.589569279934,430300,3,170314303003
5,Street Speed Hump Replacement (2024),5700-5900 S Harper Ave,0.0,0.0,41.791396002188,-87.589450686979,411100,2,170314111002
5,Street Speed Hump Replacement (2024),6900-6930 S Harper Ave,0.0,0.0,41.769047576667,-87.588053681169,430300,2,170314303002
5,additional bike racks. Miscellaneous CDOT Projects (2024),1558 E 68TH ST,660.0,0.000442,41.771555506506,-87.58651158862,430300,1,170314303001
5,,1100-1199 E 74th St,85250.0,0.057047,41.760427986039,-87.595947208654,841800,1,170318418001
6,Curb & Gutter Menu (2024),7300-7500 S Drexel Ave,13150.84,0.008773,41.758535474013,-87.603023089446,691500,1,170316915001
6,Curb & Gutter Menu (2024),8200-8400 S Prairie Ave,4373.5,0.002918,41.74178804352,-87.618241937653,440300,3,170314403003
6,Miscellaneous CDOT Projects (2024),311 E 75TH ST,660.0,0.00044,41.758223614543,-87.617641625748,691300,1,170316913001
6,Miscellaneous CDOT Projects (2024),532 E 79TH ST,660.0,0.00044,41.751237532646,-87.61144147178,691400,3,170316914003
6,Miscellaneous CDOT Projects (2024),8216 S VINCENNES AVE,660.0,0.00044,41.744823088751,-87.636146018112,842400,1,170318424001
6,Sidewalk Menu (2024),6931 S SOUTH CHICAGO AVE,5137.72,0.003428,41.768821357642,-87.609275312912,421200,2,170314212002
6,Sidewalk Menu (2024),7835 S CALUMET AVE,9142.41,0.006099,41.751881740872,-87.616232208729,691300,2,170316913002
6,Sidewalk Menu (2024),8101 S STEWART AVE,22165.71,0.014788,41.747037964755,-87.633932860398,842400,2,170318424002
6,Speed Indicator Signs (2024),7700-7800 S Cottage Grove Ave,15500.0,0.010341,41.752786818777,-87.605579228888,691400,2,170316914002
6,Speed Indicator Signs (2024),8100-8200 S Halsted St,15500.0,0.010341,41.744899238341,-87.644294485284,710800,3,170317108003
6,Speed Indicator Signs (2024),7100-7200 S Wentworth Ave,15500.0,0.010341,41.763471188845,-87.629969058386,691100,4,170316911004
6,Street Bump Outs Menu (2024),S ST LAWRENCE AVE & E 75TH ST,15753.91,0.01051,41.758470000587,-87.610276028332,691400,4,170316914004
6,Street Cul-de-Sac Menu (2024),8800 S STATE ST,300000.0,0.200143,41.733321417889,-87.624145927595,842400,1,170318424001
6,Street Light Upgrade Menu (2024),7228 S WABASH AVE,500.0,0.000334,41.762862578855,-87.62362068874,691000,4,170316910004
6,Street Light Upgrade Menu (2024),7938 S VERNON AVE,500.0,0.000334,41.749967230367,-87.613992145105,440201,4,170314402014
6,Street Light Upgrade Menu (2024),9110 S INDIANA AVE,500.0,0.000334,41.728744419165,-87.61953208019,490200,2,170314902002
6,Street Light Upgrade Menu (2024),9240 S MICHIGAN AVE,500.0,0.000334,41.726081111341,-87.621039649295,490200,2,170314902002
6,Street Light Upgrade Menu (2024),E 84TH ST & S STATE ST & S WABASH AVE & E 85TH ST,287.31,0.000192,41.743203998424,-87.624348992307,842400,2,170318424002
6,Street Resurfacing Menu (2024),100-330 E 81st St,153184.35,0.102196,41.747488575413,-87.616701893102,440300,2,170314403002
6,Street Resurfacing Menu (2024),100-50 E 85th St,58919.47,0.039308,41.740115843643,-87.621664584656,440300,1,170314403001
6,Street Resurfacing Menu (2024),340-400 E 89th St,46104.02,0.030758,41.733124634127,-87.614277213632,440700,2,170314407002
6,Street Resurfacing Menu (2024),300-400 E 91st St,94657.42,0.06315,41.729529719674,-87.617079116226,440600,2,170314406002
6,Street Resurfacing Menu (2024),7300-7500 S Drexel Ave,164787.66,0.109937,41.758535474013,-87.603023089446,691500,1,170316915001
6,Street Resurfacing Menu (2024),7500-7600 S Langley Ave,59511.71,0.039703,41.756565380728,-87.608051974144,691400,1,170316914001
6,Street Resurfacing Menu (2024),7200-7400 S Vernon Ave,117026.83,0.078074,41.760101915225,-87.613275660022,690900,5,170316909005
6,Street Speed Hump Menu (2024),600-800 E 69th St,9760.0,0.006511,41.769498815089,-87.609573120327,421200,2,170314212002
6,Street Speed Hump Menu (2024),0-400 E 72nd St,14640.0,0.009767,41.763915781542,-87.615661899585,691000,1,170316910001
6,Street Speed Hump Menu (2024),100-800 E 73rd St,29280.0,0.019534,41.762275725324,-87.605182918937,841800,2,170318418002
6,Street Speed Hump Menu (2024),300-340 E 78th St,2440.0,0.001628,41.752945109425,-87.617866437092,691300,2,170316913002
6,Street Speed Hump Menu (2024),340-400 E 84th St,2440.0,0.001628,41.742035593786,-87.614870035274,440300,2,170314403002
6,Street Speed Hump Menu (2024),100-300 E 84th St,4880.0,0.003256,41.741999035223,-87.617467013814,440300,2,170314403002
6,Street Speed Hump Menu (2024),440-599 E 84th St,4880.0,0.003256,41.741994885497,-87.609243191215,440202,2,170314402022
6,Street Speed Hump Menu (2024),200-300 E 85th St,2440.0,0.001628,41.740176813504,-87.617348009033,440300,2,170314403002
6,Street Speed Hump Menu (2024),100-50 E 85th St,2440.0,0.001628,41.740115843643,-87.621664584656,440300,1,170314403001
6,Street Speed Hump Menu (2024),0-600 E 86th St,21960.0,0.01465,41.738975998824,-87.608306113448,440202,2,170314402022
6,Street Speed Hump Menu (2024),300-340 E 90th St,2440.0,0.001628,41.731235688427,-87.617339709595,440600,1,170314406001
6,Street Speed Hump Menu (2024),300-400 E 91st St,4880.0,0.003256,41.729529719674,-87.617079116226,440600,2,170314406002
6,Street Speed Hump Menu (2024),7500-7600 S Calumet Ave,4880.0,0.003256,41.75642842043,-87.617030585006,691300,1,170316913001
6,Street Speed Hump Menu (2024),7800-7900 S Calumet Ave,4880.0,0.003256,41.75078505266,-87.61678784509,440300,2,170314403002
6,Street Speed Hump Menu (2024),8500-8600 S Calumet Ave,4880.0,0.003256,41.738158092712,-87.616514595047,440300,2,170314403002
6,Street Speed Hump Menu (2024),9400-9500 S Calumet Ave,4880.0,0.003256,41.723539969755,-87.615751255125,490200,1,170314902001
6,Street Speed Hump Menu (2024),7800-7900 S Champlain Ave,4880.0,0.003256,41.752869170975,-87.609164755609,691400,3,170316914003
6,Street Speed Hump Menu (2024),8200-8300 S Champlain Ave,4880.0,0.003256,41.745585758121,-87.60901237261,440202,1,170314402021
6,Street Speed Hump Menu (2024),7500-7600 S Eberhart Ave,4880.0,0.003256,41.756494721284,-87.612973827688,691400,5,170316914005
6,Street Speed Hump Menu (2024),7800-7900 S Eberhart Ave,4880.0,0.003256,41.752866530676,-87.612816667004,691400,5,170316914005
6,Street Speed Hump Menu (2024),7900-8000 S Eberhart Ave,4880.0,0.003256,41.749022003146,-87.612727986468,440201,4,170314402014
6,Street Speed Hump Menu (2024),7400-7500 S Eggleston Ave,4880.0,0.003256,41.757918680905,-87.636005537415,691200,1,170316912001
6,Street Speed Hump Menu (2024),7400-7500 S Evans Ave,4880.0,0.003256,41.760261548571,-87.607004739161,690900,2,170316909002
6,Street Speed Hump Menu (2024),7100-7200 S Indiana Ave,4887.66,0.003261,41.763641006203,-87.620489796447,691000,4,170316910004
6,Street Speed Hump Menu (2024),7400-7500 S Indiana Ave,4880.0,0.003256,41.760002338216,-87.620346884998,691000,3,170316910003
6,Street Speed Hump Menu (2024),8900-9500 S Indiana Ave,26840.0,0.017906,41.73262050456,-87.619614558117,440600,2,170314406002
6,Street Speed Hump Menu (2024),7500-7600 S Langley Ave,4880.0,0.003256,41.756565380728,-87.608051974144,691400,1,170316914001
6,Street Speed Hump Menu (2024),7800-7900 S Lowe Ave,4880.0,0.003256,41.752167982865,-87.6406399755,710100,1,170317101001
6,Street Speed Hump Menu (2024),8000-8100 S Michigan Ave,4880.0,0.003256,41.747173122944,-87.621694192114,440300,5,170314403005
6,Street Speed Hump Menu (2024),8400-8700 S Michigan Ave,14640.0,0.009767,41.741758874497,-87.621476514089,440300,1,170314403001
6,Street Speed Hump Menu (2024),6700-6900 S Normal Ave,9760.0,0.006511,41.769423974571,-87.636946489865,681200,1,170316812001
6,Street Speed Hump Menu (2024),6900-7100 S Prairie Ave,9760.0,0.006511,41.765518720153,-87.618818277316,691000,1,170316910001
6,Street Speed Hump Menu (2024),7100-7200 S Prairie Ave,4880.0,0.003256,41.763691381441,-87.618800172405,691000,1,170316910001
6,Street Speed Hump Menu (2024),7700-7800 S Prairie Ave,4880.0,0.003256,41.752696629498,-87.618862617583,691300,2,170316913002
6,Street Speed Hump Menu (2024),8900-9000 S Prairie Ave,4880.0,0.003256,41.732516317504,-87.617952426718,440600,1,170314406001
6,Street Speed Hump Menu (2024),7700-7800 S Rhodes Ave,4880.0,0.003256,41.752871643637,-87.61160849948,691400,3,170316914003
6,Street Speed Hump Menu (2024),7800-7900 S Rhodes Ave,4880.0,0.003256,41.752871643637,-87.61160849948,691400,3,170316914003
6,Street Speed Hump Menu (2024),8300-8400 S Rhodes Ave,4880.0,0.003256,41.741893948867,-87.611800947977,440202,3,170314402023
6,Street Speed Hump Menu (2024),6300-6700 S Stewart Ave,17080.0,0.011395,41.772475406422,-87.635258374566,681200,1,170316812001
6,Street Speed Hump Menu (2024),7100-7500 S Stewart Ave,19520.0,0.013023,41.757953842989,-87.63497582061,691200,1,170316912001
6,Street Speed Hump Menu (2024),6800-6900 S St Lawrence Ave,4880.0,0.003256,41.771061672722,-87.610908442927,421200,2,170314212002
6,Street Speed Hump Menu (2024),8300-8400 S St Lawrence Ave,4880.0,0.003256,41.741914191163,-87.610219618124,440202,3,170314402023
6,Street Speed Hump Menu (2024),7200-7400 S Vernon Ave,9760.0,0.006511,41.760101915225,-87.613275660022,690900,5,170316909005
6,Street Speed Hump Menu (2024),7900-8000 S Vernon Ave,4880.0,0.003256,41.749175014789,-87.613839007734,440201,4,170314402014
6,Street Speed Hump Menu (2024),8400-8700 S Vernon Ave,14640.0,0.009767,41.741883136212,-87.613349001675,440202,3,170314402023
6,Street Speed Hump Menu (2024),8300-8700 S Wabash Ave,19520.0,0.013023,41.735700979706,-87.623716996807,440600,2,170314406002
6,Street Speed Hump Menu (2024),6700-6800 S Wabash Ave,4880.0,0.003256,41.770875594472,-87.623963173304,690400,4,170316904004
6,Street Speed Hump Menu (2024),632-800 W 65th St,4880.0,0.003256,41.776151567271,-87.646004353465,681000,4,170316810004
6,Street Speed Hump Menu (2024),200-400 W 65th St,7320.0,0.004883,41.776288105131,-87.635014099077,680900,2,170316809002
6,,9234 S MICHIGAN AVE,500.0,0.000334,41.726236763283,-87.621030093926,490200,2,170314902002
7,ADA - Street Resurfacing Menu (2024),2300-2330 E 81st St,7406.94,0.004957,41.748151085011,-87.567078843847,460500,1,170314605001
7,ADA - Street Resurfacing Menu (2024),1840-2100 E 96th St,15887.13,0.010633,41.720718590238,-87.573678972163,510300,2,170315103002
7,Alley Apron Menu (2024),9058 S OGLESBY AVE,18568.2,0.012427,41.730014067949,-87.567337047107,480400,1,170314804001
7,Alley Apron Menu (2024),2430-2500 E 77th St,7631.6,0.005108,41.755457076559,-87.563047469912,431302,3,170314313023
7,Alley Speed Hump Menu (2024),E 72ND ST & S CORNELL AVE & S EAST END AVE & E 73RD ST,1450.0,0.00097,41.764256992268,-87.584745002717,430500,3,170314305003
7,Curb & Gutter Menu (2024),2100-2130 E 93rd St,27522.36,0.01842,41.726328922308,-87.572850495378,480400,4,170314804004
7,Curb & Gutter Menu (2024),9100-9400 S Merrill Ave,95929.15,0.064203,41.729632314169,-87.572245489607,480400,5,170314804005
7,Sidewalk Menu (2024),10042 S CALHOUN AVE,6356.29,0.004254,41.712260526471,-87.562426592951,510200,3,170315102003
7,Sidewalk Menu (2024),10055 S LUELLA AVE,15712.26,0.010516,41.711833510414,-87.567883463375,510300,4,170315103004
7,Sidewalk Menu (2024),10059 S OGLESBY AVE,14515.65,0.009715,41.711849855125,-87.565524712003,510300,4,170315103004
7,Sidewalk Menu (2024),2145 E 100TH ST,5454.66,0.003651,41.713198251889,-87.571105299318,510300,4,170315103004
7,Sidewalk Menu (2024),2625 E 93RD ST,10547.9,0.007059,41.726124236233,-87.559812612627,480500,2,170314805002
7,Sidewalk Menu (2024),7219 S CONSTANCE AVE,3690.56,0.00247,41.763721095288,-87.580247441111,430500,2,170314305002
7,Sidewalk Menu (2024),7250 S CORNELL AVE,4354.81,0.002915,41.762789195293,-87.584946755127,430500,3,170314305003
7,Sidewalk Menu (2024),7328 S EUCLID AVE,6451.19,0.004318,41.761580189579,-87.578363273096,430900,1,170314309001
7,Sidewalk Menu (2024),7822-7824 S KINGSTON AVE,15241.19,0.010201,41.752792644199,-87.562916012277,431301,3,170314313013
7,Sidewalk Menu (2024),9100 S OGLESBY AVE,55506.46,0.037149,41.729750331365,-87.567334700174,480400,2,170314804002
7,Sidewalk Menu (2024),9116 S SAGINAW AVE,3302.59,0.00221,41.72938722732,-87.559827197138,480500,3,170314805003
7,Sidewalk Menu (2024),9336 S LUELLA AVE,8670.79,0.005803,41.725045275746,-87.569612314724,480400,3,170314804003
7,Sidewalk Menu (2024),9347 S MANISTEE AVE,5142.99,0.003442,41.72497055108,-87.556396567987,480500,2,170314805002
7,Street Light Upgrade Menu (2024),7537 S PHILLIPS AVE,500.0,0.000335,41.757918387539,-87.564844017646,431302,2,170314313022
7,Street Light Upgrade Menu (2024),8218 S BRANDON AVE,500.0,0.000335,41.745943246291,-87.54695175567,460100,4,170314601004
7,Street Light Upgrade Menu (2024),8340 S PAXTON AVE,500.0,0.000335,41.743214936807,-87.571260699803,460500,4,170314605004
7,Street Resurfacing Menu (2024),2600-2520 E 73rd St,35231.4,0.02358,41.763076987939,-87.563120027801,430700,1,170314307001
7,Street Resurfacing Menu (2024),2948-2900 E 78th St,31659.21,0.021189,41.753784354893,-87.554186161518,431400,3,170314314003
7,Street Resurfacing Menu (2024),2300-2330 E 81st St,24162.7,0.016172,41.748151085011,-87.567078843847,460500,1,170314605001
7,Street Resurfacing Menu (2024),2930-3100 E 81st St,103379.1,0.069189,41.74841221543,-87.547898074608,460100,2,170314601002
7,Street Resurfacing Menu (2024),1840-2100 E 96th St,108632.77,0.072706,41.720718590238,-87.573678972163,510300,2,170315103002
7,Street Resurfacing Menu (2024),8200-8300 S Brandon Ave,71284.87,0.047709,41.744554490663,-87.547036999626,460200,2,170314602002
7,Street Resurfacing Menu (2024),7800-7900 S Burnham Ave,60386.88,0.040416,41.753540142325,-87.557409856262,431301,1,170314313011
7,Street Resurfacing Menu (2024),10200-10300 S Calhoun Ave,28185.12,0.018864,41.707964004813,-87.562402955984,838800,2,170318388002
7,Street Resurfacing Menu (2024),7100-7200 S Cornell Ave,63782.84,0.042688,41.764129629249,-87.584975085959,430500,3,170314305003
7,Street Resurfacing Menu (2024),9900-10000 S Crandon Ave,60232.12,0.040312,41.713438439311,-87.567091386403,510300,4,170315103004
7,Street Resurfacing Menu (2024),7400-7500 S Euclid Ave,47906.75,0.032063,41.760485638753,-87.577623486322,430900,2,170314309002
7,Street Resurfacing Menu (2024),9900-10000 S Luella Ave,60026.61,0.040175,41.713148187073,-87.568294303361,510300,4,170315103004
7,Street Resurfacing Menu (2024),8000-8100 S Manistee Ave,52031.36,0.034823,41.749908515136,-87.557995751294,460302,2,170314603022
7,Street Resurfacing Menu (2024),9300-9400 S Manistee Ave,58387.88,0.039078,41.724472975984,-87.556719924999,480500,2,170314805002
7,Street Resurfacing Menu (2024),8900-9100 S Oglesby Ave,127577.12,0.085385,41.729750331365,-87.567334700174,480400,2,170314804002
7,Street Resurfacing Menu (2024),9900-10000 S Paxton Ave,49642.83,0.033225,41.71340228021,-87.569507170638,510300,4,170315103004
7,Street Resurfacing Menu (2024),9100-9300 S Saginaw Ave,118670.89,0.079424,41.72981055534,-87.559845972601,480500,3,170314805003
7,Street Speed Hump Menu (2024),2400-2450 E 74th St,2440.0,0.001633,41.760993582085,-87.564414445108,431302,1,170314313021
7,Street Speed Hump Menu (2024),8300-8400 S Baltimore Ave,9760.0,0.006532,41.744357935034,-87.555843781473,460302,3,170314603023
7,Street Speed Hump Menu (2024),9600-9700 S Crandon Ave,9760.0,0.006532,41.718422013746,-87.566442279258,510300,1,170315103001
7,Street Speed Hump Menu (2024),9000-9100 S Kingston Ave,4880.0,0.003266,41.729817554229,-87.562461964582,480500,1,170314805001
7,Street Speed Hump Menu (2024),9200-9300 S Manistee Ave,4880.0,0.003266,41.726278288759,-87.556782849191,480500,2,170314805002
7,Street Speed Hump Menu (2024),7800-7900 S Marquette Ave,4880.0,0.003266,41.753518265557,-87.558777447584,431301,3,170314313013
7,Street Speed Hump Menu (2024),7400-7500 S Phillips Ave,4880.0,0.003266,41.760702688136,-87.565007045662,431302,1,170314313021
7,Street Speed Hump Menu (2024),9700-9800 S Van Vlissingen Rd,4880.0,0.003266,41.718577044885,-87.577509157163,510300,3,170315103003
7,Street Speed Hump Replacement (2024),1840-2100 E 96th St,0.0,0.0,41.720718590238,-87.573678972163,510300,2,170315103002
7,Street Speed Hump Replacement (2024),7800-7900 S Burnham Ave,0.0,0.0,41.753540142325,-87.557409856262,431301,1,170314313011
7,Street Speed Hump Replacement (2024),7100-7200 S Cornell Ave,0.0,0.0,41.764129629249,-87.584975085959,430500,3,170314305003
7,Street Speed Hump Replacement (2024),9900-10000 S Crandon Ave,0.0,0.0,41.713438439311,-87.567091386403,510300,4,170315103004
7,Street Speed Hump Replacement (2024),9900-10000 S Luella Ave,0.0,0.0,41.713148187073,-87.568294303361,510300,4,170315103004
7,Street Speed Hump Replacement (2024),8000-8100 S Manistee Ave,0.0,0.0,41.749908515136,-87.557995751294,460302,2,170314603022
7,Street Speed Hump Replacement (2024),8900-9100 S Oglesby Ave,0.0,0.0,41.729750331365,-87.567334700174,480400,2,170314804002
7,,2443 E 77TH ST,7631.6,0.005108,41.755242003945,-87.564729017934,431301,2,170314313012
7,,2444 E 77TH ST,7631.6,0.005108,41.755515295898,-87.564668416774,431302,3,170314313023
7,,7533 S PHILLIPS AVE,500.0,0.000335,41.75797542639,-87.564858937433,431302,2,170314313022
8,ADA - Street Resurfacing Menu (2024),1400-1430 E 86th St,2887.23,0.001974,41.738823825372,-87.590082347202,834300,4,170318343004
8,ADA - Street Resurfacing Menu (2024),7400-7500 S Kimbark Ave,11213.19,0.007667,41.760364855528,-87.593623701294,430400,4,170314304004
8,Alley Speed Hump Menu (2024),E 79TH ST & S CLYDE AVE & S MERRILL AVE & E 80TH ST,2175.0,0.001487,41.720678995699,-87.571417022297,510300,2,170315103002
8,Bollard Menu (2024),8459 S JEFFERY BLVD,5091.96,0.003482,41.740852120212,-87.575509151246,450300,2,170314503002
8,Concrete Alley Menu (2024),1748 E 83RD ST,7338.44,0.005018,41.744449046321,-87.580938277571,450300,1,170314503001
8,Curb & Gutter Menu (2024),8810 S CLYDE AVE,7447.1,0.005092,41.735040919882,-87.573331838918,480100,2,170314801002
8,Curb & Gutter Menu (2024),9017 S EAST END AVE,10073.66,0.006888,41.73093854996,-87.582475853889,480400,6,170314804006
8,Miscellaneous CDOT Projects (2024),1710-1712 E 79TH ST,75.0,5.1e-05,41.751728016768,-87.582609545245,834200,3,170318342003
8,Miscellaneous CDOT Projects (2024),7647 S SOUTH CHICAGO AVE,75.0,5.1e-05,41.756169671079,-87.591473491672,834200,4,170318342004
8,Sidewalk Menu (2024),1004 E 76TH ST,9302.04,0.00636,41.756970017104,-87.600211038999,691500,2,170316915002
8,Sidewalk Menu (2024),545 E 88TH ST,12311.37,0.008418,41.73453371587,-87.61024074052,440700,2,170314407002
8,Sidewalk Menu (2024),8226 S DORCHESTER AVE,5264.31,0.003599,41.745125843093,-87.590765975225,834300,1,170318343001
8,Sidewalk Menu (2024),8545 S KENWOOD AVE,15263.82,0.010437,41.739751618234,-87.591332843337,834300,5,170318343005
8,Sidewalk Menu (2024),8829-8833 S EUCLID AVE,14674.07,0.010033,41.734244372572,-87.576588153642,480100,2,170314801002
8,Sidewalk Menu (2024),8906 S EAST END AVE,10260.33,0.007015,41.73321867903,-87.582876124026,480400,7,170314804007
8,Sidewalk Menu (2024),9143 S EUCLID AVE,3355.47,0.002294,41.7285102707,-87.576443146717,480400,5,170314804005
8,Sidewalk Menu (2024),9157 S CONSTANCE AVE,31073.07,0.021246,41.728078602687,-87.578822517571,480400,5,170314804005
8,Sidewalk Menu (2024),9200 S AVALON AVE,8903.8,0.006088,41.7275554462,-87.593971885552,470100,2,170314701002
8,Sidewalk Menu (2024),9747 S DOBSON AVE,6427.47,0.004395,41.717214105519,-87.59800265897,500100,2,170315001002
8,Street Bump Outs Menu (2024),S JEFFERY BLVD & E 81ST ST,10879.95,0.007439,41.747973007964,-87.575930006605,460500,6,170314605006
8,Street Light Upgrade Menu (2024),1643 E 86TH PL,500.0,0.000342,41.737637325068,-87.58351898174,450300,4,170314503004
8,Street Light Upgrade Menu (2024),7914 S EUCLID AVE,500.0,0.000342,41.751121125068,-87.577489375871,460500,7,170314605007
8,Street Light Upgrade Menu (2024),8321 S DANTE AVE,500.0,0.000342,41.743465890988,-87.588933942648,834300,3,170318343003
8,Street Light Upgrade Menu (2024),9342 S EAST END AVE,500.0,0.000342,41.724676597735,-87.582903247132,480400,3,170314804003
8,Street Resurfacing Menu (2024),1600-1700 E 77th St,32412.06,0.022162,41.755202382224,-87.583491832414,834200,2,170318342002
8,Street Resurfacing Menu (2024),1400-1430 E 84th St,28006.8,0.01915,41.742378256617,-87.589325532834,834300,3,170318343003
8,Street Resurfacing Menu (2024),1224-1300 E 85th Pl,41162.02,0.028144,41.739477823367,-87.594053860565,834300,5,170318343005
8,Street Resurfacing Menu (2024),1500-1700 E 85th St,112300.27,0.076785,41.74073368392,-87.587772797601,834300,3,170318343003
8,Street Resurfacing Menu (2024),1700-1800 E 86th Pl,11743.8,0.00803,41.738062874292,-87.582569563567,450300,4,170314503004
8,Street Resurfacing Menu (2024),1400-1430 E 86th St,29954.34,0.020481,41.738823825372,-87.590082347202,834300,4,170318343004
8,Street Resurfacing Menu (2024),500-600 E 87th Pl,49079.24,0.033558,41.73585038713,-87.609476227131,440700,1,170314407001
8,Street Resurfacing Menu (2024),1400-1500 E 90th Pl,38431.59,0.026277,41.730682440908,-87.590819451767,480300,1,170314803001
8,Street Resurfacing Menu (2024),9000-9100 S Bennett Ave,53400.95,0.036513,41.72953697002,-87.578331421864,480400,5,170314804005
8,Street Resurfacing Menu (2024),8200-8300 S Cornell Ave,55078.42,0.03766,41.745980782051,-87.584260531489,450300,1,170314503001
8,Street Resurfacing Menu (2024),8714-8800 S Crandon Ave,38284.65,0.026177,41.735210428822,-87.568707069181,480100,1,170314801001
8,Street Resurfacing Menu (2024),7600-7700 S Cregier Ave,50445.94,0.034492,41.756839049867,-87.581306913673,834200,2,170318342002
8,Street Resurfacing Menu (2024),9000-9100 S Dobson Ave,63540.14,0.043445,41.729311999739,-87.598870605044,470100,1,170314701001
8,Street Resurfacing Menu (2024),8400-8500 S Drexel Ave,53962.62,0.036897,41.74018919549,-87.602804735118,440102,2,170314401022
8,Street Resurfacing Menu (2024),9500-9600 S Greenwood Ave,56957.43,0.038944,41.720189681146,-87.597441490552,500100,1,170315001001
8,Street Resurfacing Menu (2024),8100-8200 S Harper Ave,58226.21,0.039812,41.745842202448,-87.587360910879,834300,6,170318343006
8,Street Resurfacing Menu (2024),8100-8200 S Ingleside Ave,62248.46,0.042562,41.745690909096,-87.601762110182,440102,4,170314401024
8,Street Resurfacing Menu (2024),8300-8530 S Kenwood Ave,97567.59,0.066711,41.739608523765,-87.591731029823,834300,5,170318343005
8,Street Resurfacing Menu (2024),7400-7500 S Kimbark Ave,66454.24,0.045438,41.760364855528,-87.593623701294,430400,4,170314304004
8,Street Resurfacing Menu (2024),9000-9100 S Ridgeland Ave,54902.27,0.037539,41.731365607926,-87.581901274427,480400,6,170314804006
8,Street Resurfacing Menu (2024),9300-9400 S Ridgeland Ave,54223.02,0.037075,41.725965073035,-87.58154889674,480400,3,170314804003
8,Street Resurfacing Menu (2024),9600-9700 S University Ave,46799.04,0.031999,41.720206403043,-87.596236591971,500100,1,170315001001
8,Street Resurfacing Menu (2024),8500-8599 S Woodlawn Ave,81501.97,0.055727,41.738274538243,-87.593443289279,834300,5,170318343005
8,Street Speed Hump Menu (2024),1600-1800 E 92nd St,9760.0,0.006673,41.728115399241,-87.584339905337,480400,5,170314804005
8,Street Speed Hump Menu (2024),9300-9400 S Ridgeland Ave,4700.0,0.003214,41.725965073035,-87.58154889674,480400,3,170314804003
8,Street Speed Hump Replacement (2024),1500-1700 E 85th St,0.0,0.0,41.74073368392,-87.587772797601,834300,3,170318343003
8,Street Speed Hump Replacement (2024),7600-7700 S Cregier Ave,0.0,0.0,41.756839049867,-87.581306913673,834200,2,170318342002
8,Street Speed Hump Replacement (2024),9000-9100 S Dobson Ave,0.0,0.0,41.729311999739,-87.598870605044,470100,1,170314701001
8,Street Speed Hump Replacement (2024),8100-8200 S Harper Ave,0.0,0.0,41.745842202448,-87.587360910879,834300,6,170318343006
8,Street Speed Hump Replacement (2024),8100-8200 S Ingleside Ave,0.0,0.0,41.745690909096,-87.601762110182,440102,4,170314401024
8,Street Speed Hump Replacement (2024),7400-7500 S Kimbark Ave,0.0,0.0,41.760364855528,-87.593623701294,430400,4,170314304004
8,,S RIDGELAND AVE & E 83RD ST & E 83RD ST & S CREGIER AVE,7338.44,0.005018,41.744251987778,-87.581696001618,450300,1,170314503001
8,,1738-1740 E 79TH ST,75.0,5.1e-05,41.751760161366,-87.581620648308,834200,3,170318342003
8,,1742-1744 E 79TH ST,75.0,5.1e-05,41.751761334833,-87.581529034107,834200,3,170318342003
8,,1748 E 79TH ST,75.0,5.1e-05,41.751763639856,-87.581345805703,834200,3,170318342003
8,,7653 S SOUTH CHICAGO AVE,75.0,5.1e-05,41.75605098333,-87.591308032903,834200,4,170318342004
8,,7643 S SOUTH CHICAGO AVE,75.0,5.1e-05,41.756325951664,-87.591746825535,834200,4,170318342004
8,,7671 S SOUTH CHICAGO AVE,75.0,5.1e-05,41.755623296721,-87.590488282773,834200,4,170318342004
8,,1006 E 76TH ST,9302.04,0.00636,41.757023242189,-87.60012789052,691500,2,170316915002
8,,1010 E 76TH ST,9302.04,0.00636,41.756861235051,-87.600005116744,691500,2,170316915002
8,,S AVALON AVE & E 92ND ST,8903.8,0.006088,41.727686581075,-87.593698886965,470100,2,170314701002
9,ADA - Alley Resurfacing Menu (2024),E 112TH PL & S STATE ST & S MICHIGAN AVE & E 113TH ST,5820.9,0.00398,41.688971995231,-87.621032021763,491400,2,170314914002
9,Alley Resurfacing Menu (2024),E 112TH PL & S STATE ST & S MICHIGAN AVE & E 113TH ST,36148.94,0.024718,41.688971995231,-87.621032021763,491400,2,170314914002
9,Alley Speed Hump Menu (2024),W 95TH PL & S NORMAL AVE & S EGGLESTON AVE & W 96TH ST,2175.0,0.001487,41.73885601188,-87.636477019469,710900,2,170317109002
9,Alley Speed Hump Replacement (2024),E 112TH PL & S STATE ST & S MICHIGAN AVE & E 113TH ST,0.0,0.0,41.688971995231,-87.621032021763,491400,2,170314914002
9,Bollard Menu (2024),12107 S HARVARD AVE,2630.9,0.001799,41.673974758794,-87.630651512943,530501,3,170315305013
9,Bollard Menu (2024),148 W 111TH PL,1615.66,0.001105,41.691820417387,-87.627717679193,491300,1,170314913001
9,Bollard Menu (2024),S RHODES AVE & E 102ND ST 10200-10202 S PARNELL AVE,507.2,0.000347,41.709196815132,-87.610172930923,490800,2,170314908002
9,Miscellaneous CDOT Projects (2024),10422-10428 S MARYLAND AVE,250.0,0.000171,41.704770122517,-87.603059712613,500200,1,170315002001
9,Sidewalk Menu (2024),10522 S CALUMET AVE,5858.08,0.004006,41.70294240662,-87.615174412548,490902,3,170314909023
9,Sidewalk Menu (2024),10841 S PRAIRIE AVE,8309.18,0.005682,41.696952279516,-87.616881638587,490901,3,170314909013
9,Sidewalk Menu (2024),12100 S HARVARD AVE,3849.05,0.002632,41.674088249763,-87.631230702452,530501,3,170315305013
9,Sidewalk Menu (2024),12234 S LA SALLE ST,7478.82,0.005114,41.671474437076,-87.62635712867,530501,4,170315305014
9,Sidewalk Menu (2024),12500 S EMERALD AVE,36472.78,0.02494,41.666770513014,-87.640622122046,530503,2,170315305032
9,Sidewalk Menu (2024),12530 S WALLACE ST,5072.29,0.003468,41.666038605229,-87.636977838183,530503,2,170315305032
9,Sidewalk Menu (2024),12825 S WALLACE ST,26221.25,0.01793,41.660686340956,-87.636237883771,530503,3,170315305033
9,Sidewalk Menu (2024),12869 S GREEN ST,1301.91,0.00089,41.659743586397,-87.642241002825,530503,1,170315305031
9,Sidewalk Menu (2024),27 E 102ND PL,4286.51,0.002931,41.707905205762,-87.622446551743,490800,5,170314908005
9,Sidewalk Menu (2024),655-657 E 114TH ST,17775.25,0.012154,41.686537471454,-87.605926910232,500300,1,170315003001
9,Sidewalk Menu (2024),9308 S NORMAL AVE,5786.9,0.003957,41.72488744451,-87.636314326728,730100,1,170317301001
9,Sidewalk Menu (2024),9801 S CALUMET AVE,6801.17,0.004651,41.716289581599,-87.614940808907,490500,1,170314905001
9,Sidewalk Menu (2024),9824 S INDIANA AVE,3251.28,0.002223,41.715566265264,-87.61917719041,490500,2,170314905002
9,Sidewalk Menu (2024),550-600 W 125th Pl,50000.0,0.034189,41.666104687263,-87.636220478449,530503,2,170315305032
9,Street Light Upgrade Menu (2024),127 E 107TH ST,500.0,0.000342,41.699698652001,-87.619851179244,490902,2,170314909022
9,Street Light Upgrade Menu (2024),559 E 104TH ST,500.0,0.000342,41.705376343664,-87.608978509721,490902,4,170314909024
9,Street Resurfacing Menu (2024),221-330 W 98TH ST,69536.51,0.047548,41.716054511124,-87.629471424795,490600,1,170314906001
9,Street Resurfacing Menu (2024),600-630 E 112th St,107559.13,0.073547,41.691016173778,-87.607051007267,500300,2,170315003002
9,Street Resurfacing Menu (2024),10500-10700 S Edbrooke Ave,113114.2,0.077346,41.703402656924,-87.619915133165,490902,2,170314909022
9,Street Resurfacing Menu (2024),12730-12830 S Emerald Ave,66857.9,0.045716,41.660369419455,-87.640194690074,530503,1,170315305031
9,Street Resurfacing Menu (2024),10500-10600 S Forest Ave,56916.13,0.038918,41.701669656533,-87.616342682213,490902,3,170314909023
9,Street Resurfacing Menu (2024),10800-10900 S Forest Ave,44466.7,0.030406,41.697982415416,-87.616262635037,490901,3,170314909013
9,Street Resurfacing Menu (2024),9500-9600 S La Salle St,54138.92,0.037019,41.719731652047,-87.627673338925,490600,1,170314906001
9,Street Resurfacing Menu (2024),9600-9700 S Normal Ave,71666.98,0.049005,41.719616945702,-87.636195471341,730500,1,170317305001
9,Street Resurfacing Menu (2024),9500-9600 S Perry Ave,53463.65,0.036558,41.719726832453,-87.626558545803,490600,1,170314906001
9,Street Resurfacing Menu (2024),11500-11550 S Prairie Ave,59469.82,0.040665,41.68402190997,-87.616869987539,530100,1,170315301001
9,Street Resurfacing Menu (2024),12400-12500 S Stewart Ave,49617.56,0.033928,41.666875538261,-87.632223203607,530503,3,170315305033
9,Street Resurfacing Menu (2024),9500-9600 S Wentworth Ave,62565.09,0.042781,41.719722599592,-87.628894749856,490600,1,170314906001
9,Street Resurfacing Menu (2024),9700-9800 S Yale Ave,63011.81,0.043087,41.716052499468,-87.630071485243,490600,1,170314906001
9,Street Resurfacing Menu (2024),0-100 W 103rd Pl,64900.21,0.044378,41.706267707273,-87.626699478342,491000,4,170314910004
9,Street Resurfacing Menu (2024),0-200 W 104th St,126349.58,0.086396,41.705332156429,-87.62772744925,491000,4,170314910004
9,Street Resurfacing Menu (2024),400-500 W 96th Pl,47859.15,0.032725,41.718918522426,-87.633993222699,730500,1,170317305001
9,Street Resurfacing Menu (2024),400-500 W 98th St,46033.67,0.031477,41.716168009786,-87.63651748374,730500,1,170317305001
9,Street Speed Hump Replacement (2024),12730-12830 S Emerald Ave,0.0,0.0,41.660369419455,-87.640194690074,530503,1,170315305031
9,Street Speed Hump Replacement (2024),9700-9800 S Yale Ave,0.0,0.0,41.716052499468,-87.630071485243,490600,1,170314906001
9,Street Speed Hump Replacement (2024),0-100 W 103rd Pl,0.0,0.0,41.706267707273,-87.626699478342,491000,4,170314910004
9,Street Speed Hump Replacement (2024),0-200 W 104th St,0.0,0.0,41.705332156429,-87.62772744925,491000,4,170314910004
9,Street Speed Hump Replacement (2024),400-500 W 96th Pl,0.0,0.0,41.718918522426,-87.633993222699,730500,1,170317305001
9,,11117 S EDBROOKE AVE,507.2,0.000347,41.692012488699,-87.619242736892,491400,3,170314914003
9,,46 E 107TH ST,507.2,0.000347,41.700157603109,-87.621533259573,490902,2,170314909022
9,,15-21 E 100TH ST,507.2,0.000347,41.712376406282,-87.622759448189,490800,3,170314908003
9,,10010 S STATE ST,250.0,0.000171,41.712201014958,-87.623989241023,490700,1,170314907001
9,,10157 S LAFAYETTE AVE,250.0,0.000171,41.709112367457,-87.624427949835,490700,2,170314907002
9,,122 E 103RD ST,250.0,0.000171,41.707464569112,-87.619377434076,490800,5,170314908005
9,,132 E 103RD ST,250.0,0.000171,41.70746997544,-87.619026986705,490800,5,170314908005
9,,22-26 E 119TH ST,250.0,0.000171,41.678299066461,-87.621661083597,530100,2,170315301002
9,,221-330 W 98th St,69536.51,0.047548,41.716054511124,-87.629471424795,490600,1,170314906001
10,Alley Speed Hump Menu (2024),E 128TH ST & S EXCHANGE AVE,1450.0,0.000998,41.662847782328,-87.551993135154,550200,1,170315502001
10,Diagonal Parking Menu (2024),3325 E 106TH ST,25182.49,0.017328,41.702565220977,-87.542734149631,520300,4,170315203004
10,Miscellaneous CDOT Projects (2024),11000 S MACKINAW AVE,660.0,0.000454,41.695359424546,-87.542782764669,520600,1,170315206001
10,Sidewalk Menu (2024),10001 S EXCHANGE AVE,1170.11,0.000805,41.713251309336,-87.552074439615,510100,2,170315101002
10,Sidewalk Menu (2024),10129 S AVENUE N,6999.08,0.004816,41.711060489393,-87.538616288238,520200,2,170315202002
10,Sidewalk Menu (2024),10143 S AVENUE N,3050.97,0.002099,41.710628695651,-87.538629866922,520200,2,170315202002
10,Sidewalk Menu (2024),10417 S AVENUE M,6876.3,0.004732,41.705807592583,-87.537465872028,520300,1,170315203001
10,Sidewalk Menu (2024),10418 S AVENUE G,12684.42,0.008728,41.705820626442,-87.531931217542,520400,4,170315204004
10,Sidewalk Menu (2024),10458 S AVENUE L,18257.67,0.012563,41.704697493326,-87.536771347531,520300,1,170315203001
10,Sidewalk Menu (2024),10500 S HOXIE AVE,18383.18,0.012649,41.704474450883,-87.561115076561,838800,2,170318388002
10,Sidewalk Menu (2024),10634-10636 S AVENUE H,13309.03,0.009158,41.701593842218,-87.533134439743,520400,3,170315204003
10,Sidewalk Menu (2024),10857 S AVENUE L,22232.85,0.015298,41.69745314014,-87.536183273204,520300,3,170315203003
10,Sidewalk Menu (2024),10919 S AVENUE O,8689.71,0.005979,41.69670002614,-87.539813056374,520300,4,170315203004
10,Sidewalk Menu (2024),11003 S AVENUE E,18601.84,0.0128,41.69525171709,-87.529025798444,520500,2,170315205002
10,Sidewalk Menu (2024),11020 S AVENUE F,5460.87,0.003758,41.694803746275,-87.530732773026,520500,2,170315205002
10,Sidewalk Menu (2024),11040 S AVENUE C,7477.06,0.005145,41.694248193733,-87.527298623476,520500,2,170315205002
10,Sidewalk Menu (2024),11051 S EWING AVE,8022.28,0.00552,41.694000047489,-87.534979967184,520500,1,170315205001
10,Sidewalk Menu (2024),11056 S STATE LINE RD,46750.99,0.032169,41.693759612596,-87.524919168802,520500,2,170315205002
10,Sidewalk Menu (2024),11100-11108 S STATE LINE RD,70769.01,0.048695,41.693294291242,-87.524896621483,520500,2,170315205002
10,Sidewalk Menu (2024),11106-11110 S AVENUE J,8617.48,0.00593,41.693264074481,-87.534351408265,520500,1,170315205001
10,Sidewalk Menu (2024),11202 S GREEN BAY AVE,5327.76,0.003666,41.691679810962,-87.541604771997,520600,1,170315206001
10,Sidewalk Menu (2024),11300 S AVENUE H,14918.92,0.010266,41.68989060991,-87.533186407542,520500,3,170315205003
10,Sidewalk Menu (2024),12808 S MUSKEGON AVE,6498.74,0.004472,41.66249272491,-87.554723288657,550200,1,170315502001
10,Sidewalk Menu (2024),12858 S COMMERCIAL AVE,7457.25,0.005131,41.661153296782,-87.551034999802,550200,1,170315502001
10,Sidewalk Menu (2024),12941 S MUSKEGON AVE,6214.87,0.004276,41.659775982452,-87.554142841862,550200,1,170315502001
10,Sidewalk Menu (2024),12950 S HOUSTON AVE,12868.55,0.008855,41.659527968153,-87.548414265014,550100,6,170315501006
10,Sidewalk Menu (2024),13020 S MANISTEE AVE,5043.59,0.00347,41.658503232365,-87.555899353491,550200,2,170315502002
10,Sidewalk Menu (2024),13037 S MANISTEE AVE,7439.23,0.005119,41.658068965961,-87.555392499806,550200,2,170315502002
10,Sidewalk Menu (2024),13108 S AVENUE O,4288.11,0.002951,41.657002159235,-87.540141375521,550100,1,170315501001
10,Sidewalk Menu (2024),13156 S ST LAWRENCE AVE,7957.14,0.005475,41.655752124105,-87.607808647495,540102,3,170315401023
10,Sidewalk Menu (2024),13518 S BURLEY AVE,7395.01,0.005088,41.649431666196,-87.544993826908,550100,3,170315501003
10,Sidewalk Menu (2024),13529 S MACKINAW AVE,2226.14,0.001532,41.64916995764,-87.54223094865,550100,3,170315501003
10,Sidewalk Menu (2024),13685 S BRAINARD AVE,6913.51,0.004757,41.646716348662,-87.543155004989,550100,3,170315501003
10,Sidewalk Menu (2024),2724 E 127TH ST,12782.37,0.008795,41.664893092432,-87.557024623992,550200,1,170315502001
10,Sidewalk Menu (2024),3506 E 114TH ST,3081.81,0.002121,41.68843882237,-87.538510173344,520600,1,170315206001
10,Sidewalk Menu (2024),9000 S ESCANABA AVE,4659.44,0.003206,41.731725862125,-87.554366051943,833900,2,170318339002
10,Sidewalk Menu (2024),9607 S EXCHANGE AVE,1057.35,0.000728,41.720761048214,-87.55234815461,510100,1,170315101001
10,Sidewalk Menu (2024),9801 S MANISTEE AVE,10283.56,0.007076,41.717143739442,-87.556208729537,510100,2,170315101002
10,Sidewalk Menu (2024),S AVENUE L & E 105TH ST,2809.14,0.001933,41.704553995144,-87.536462977313,520300,2,170315203002
10,Sidewalk Menu (2024),S AVENUE L & E 96TH ST,49718.31,0.034211,41.721340097357,-87.536505725019,520200,1,170315202001
10,Speed Indicator Signs (2024),13010 S AVENUE O,11219.78,0.00772,41.658757748855,-87.540143470997,550100,1,170315501001
10,Street Light Upgrade Menu (2024),10752 S AVENUE E,500.0,0.000344,41.699319161335,-87.529543464784,520400,3,170315204003
10,Street Light Upgrade Menu (2024),10753 S AVENUE E,500.0,0.000344,41.699313796917,-87.528976429034,520400,2,170315204002
10,Street Light Upgrade Menu (2024),11034 S AVENUE H,500.0,0.000344,41.694400702461,-87.533178696191,520500,1,170315205001
10,Street Light Upgrade Menu (2024),11559 S AVENUE G,500.0,0.000344,41.684720693941,-87.531358733555,520500,3,170315205003
10,Street Light Upgrade Menu (2024),3503 E 95TH ST,500.0,0.000344,41.722841140484,-87.538803217666,520200,1,170315202001
10,Street Light Upgrade Menu (2024),3900 E 112TH ST,500.0,0.000344,41.692080507843,-87.529282536138,520500,2,170315205002
10,Street Light Upgrade Menu (2024),9811 S AVENUE H,500.0,0.000344,41.717448798808,-87.532606715119,520100,1,170315201001
10,Street Resurfacing Menu (2024),10699-10800 S Avenue D,60128.26,0.041374,41.69900949433,-87.528233807487,520500,2,170315205002
10,Street Resurfacing Menu (2024),11000-11200 S Avenue D,121886.65,0.083869,41.695309175037,-87.528489859555,520500,2,170315205002
10,Street Resurfacing Menu (2024),11000-11100 S Avenue E,59335.41,0.040828,41.693534348949,-87.529726860826,520500,2,170315205002
10,Street Resurfacing Menu (2024),11058-11000 S Avenue F,55717.61,0.038339,41.695319778144,-87.530749955927,520500,2,170315205002
10,Street Resurfacing Menu (2024),11000-11100 S Avenue G,74716.1,0.051411,41.695294590525,-87.5320041401,520500,1,170315205001
10,Street Resurfacing Menu (2024),11000-11200 S Avenue J,118524.3,0.081555,41.695337128684,-87.53436909408,520500,1,170315205001
10,Street Resurfacing Menu (2024),10800-10900 S Avenue N,61302.64,0.042182,41.697191247576,-87.539381136903,520300,4,170315203004
10,Street Resurfacing Menu (2024),8600-8700 S Baltimore Ave,54373.66,0.037414,41.737275520217,-87.54898009242,460800,2,170314608002
10,Street Resurfacing Menu (2024),10700-10800 S Buffalo Ave,55661.56,0.0383,41.69902265151,-87.544252950486,520300,4,170315203004
10,Street Resurfacing Menu (2024),13220-13300 S Riverdale Ave,69720.79,0.047974,41.653001560668,-87.609165426162,540102,3,170315401023
10,Street Resurfacing Menu (2024),10800-11000 S State Line Rd,111239.17,0.076542,41.695289268016,-87.524909278157,520500,2,170315205002
10,Street Speed Hump Menu (2024),3200-3300 E 131st St,4880.0,0.003358,41.657385397007,-87.543736568594,550100,6,170315501006
10,Street Speed Hump Menu (2024),2830-2930 E 132nd St,4880.0,0.003358,41.655582998932,-87.552268141004,550200,2,170315502002
10,Street Speed Hump Menu (2024),2914-3000 E 133rd St,4880.0,0.003358,41.653757460668,-87.552145327246,550200,2,170315502002
10,Street Speed Hump Menu (2024),3200-3300 E 91st St,4880.0,0.003358,41.730457596355,-87.544106183361,833900,2,170318339002
10,Street Speed Hump Menu (2024),10400-10500 S Avenue G,4880.0,0.003358,41.704442934927,-87.53192359001,520400,4,170315204004
10,Street Speed Hump Menu (2024),10800-10900 S Avenue G,4880.0,0.003358,41.697140830428,-87.531939431807,520500,1,170315205001
10,Street Speed Hump Menu (2024),11300-11400 S Avenue H,4880.0,0.003358,41.688073371392,-87.533160256005,520500,3,170315205003
10,Street Speed Hump Menu (2024),10700-10800 S Avenue J,4880.0,0.003358,41.698993272939,-87.534321401051,520500,1,170315205001
10,Street Speed Hump Menu (2024),11700-11800 S Avenue J,4880.0,0.003358,41.682562018597,-87.534403040788,550100,5,170315501005
10,Street Speed Hump Menu (2024),13300-13400 S Avenue L,4880.0,0.003358,41.651731031785,-87.53652030953,550100,2,170315501002
10,Street Speed Hump Menu (2024),10500-10600 S Avenue N,4880.0,0.003358,41.710106713764,-87.538935982736,520200,2,170315202002
10,Street Speed Hump Menu (2024),11200-11300 S Avenue N,4880.0,0.003358,41.689909133916,-87.539148455271,520600,1,170315206001
10,Street Speed Hump Menu (2024),8700-8800 S Baltimore Ave,4880.0,0.003358,41.735431962523,-87.549006998329,460800,1,170314608001
10,Street Speed Hump Menu (2024),13000-13100 S Buffalo Ave,2440.0,0.001679,41.657177257192,-87.543816001873,550100,6,170315501006
10,Street Speed Hump Menu (2024),9200-9300 S Burley Ave,4880.0,0.003358,41.728265238971,-87.545776543647,461000,1,170314610001
10,Street Speed Hump Replacement (2024),11058-11000 S Avenue F,0.0,0.0,41.695319778144,-87.530749955927,520500,2,170315205002
10,Street Speed Hump Replacement (2024),11000-11100 S Avenue G,0.0,0.0,41.695294590525,-87.5320041401,520500,1,170315205001
10,,2900-2940 E 90th St,4659.44,0.003206,41.732042153241,-87.552382306919,833900,1,170318339001
10,,10516 S AVENUE L,2809.14,0.001933,41.704050871406,-87.536764642008,520300,2,170315203002
10,,10910 S TORRENCE AVE,11219.78,0.00772,41.69725666833,-87.559990560431,838800,2,170318388002
10,,11100 S TORRENCE AVE,11219.78,0.00772,41.692308850607,-87.559548280638,838800,2,170318388002
10,,13157 S AVENUE O,11219.78,0.00772,41.655599447738,-87.539606861556,550100,1,170315501001
10,,3924 E 112TH ST,500.0,0.000344,41.692078705734,-87.528460271437,520500,2,170315205002
11,ADA - Alley Resurfacing Menu (2024),2840 S LOWE AVE,3622.5,0.002442,41.842338988484,-87.64304390533,600400,1,170316004001
11,ADA - Alley Resurfacing Menu (2024),S CANAL ST & W 30TH ST & W 31ST ST & S CANAL ST,3622.5,0.002442,41.83997520797,-87.637809574435,840100,2,170318401002
11,ADA - Alley Resurfacing Menu (2024),W 43RD PL & S WALLACE ST & S UNION AVE & W 44TH ST,7245.0,0.004884,41.815384003248,-87.641180021521,610800,1,170316108001
11,ADA - Street Resurfacing Menu (2024),2530-2600 S Stewart Ave,3622.5,0.002442,41.846242947835,-87.636630511415,340300,1,170313403001
11,Alley Apron Menu (2024),534 W 32ND ST,17683.4,0.011921,41.836503130308,-87.640320792627,840000,1,170318400001
11,Alley Resurfacing Menu (2024),2840 S LOWE AVE,15998.16,0.010785,41.842338988484,-87.64304390533,600400,1,170316004001
11,Alley Resurfacing Menu (2024),3549 S UNION AVE,23373.9,0.015757,41.829353199261,-87.643386222256,839900,1,170318399001
11,Alley Resurfacing Menu (2024),806 W 27TH ST,13522.57,0.009116,41.844696692119,-87.64681827633,840200,1,170318402001
11,Alley Resurfacing Menu (2024),S CANAL ST & W 30TH ST & W 31ST ST & S CANAL ST,15735.5,0.010608,41.83997520797,-87.637809574435,840100,2,170318401002
11,Alley Resurfacing Menu (2024),S GREEN ST & W 26TH PL & W 27TH ST & S PEORIA ST,8399.61,0.005662,41.844431991616,-87.648503038869,840200,1,170318402001
11,Alley Resurfacing Menu (2024),S HALSTED ST & W 35TH ST & W 36TH ST & S EMERALD AVE,2918.03,0.001967,41.828982006679,-87.644836962058,839900,1,170318399001
11,Alley Resurfacing Menu (2024),W 43RD PL & S WALLACE ST & S UNION AVE & W 44TH ST,21582.84,0.01455,41.815384003248,-87.641180021521,610800,1,170316108001
11,Alley Speed Hump Menu (2024),3549 S UNION AVE,0.0,0.0,41.829353199261,-87.643386222256,839900,1,170318399001
11,Alley Speed Hump Replacement (2024),2840 S LOWE AVE,0.0,0.0,41.842338988484,-87.64304390533,600400,1,170316004001
11,Alley Speed Hump Replacement (2024),S HALSTED ST & W 35TH ST & W 36TH ST & S EMERALD AVE,0.0,0.0,41.828982006679,-87.644836962058,839900,1,170318399001
11,Alley Speed Hump Replacement (2024),W 43RD PL & S WALLACE ST & S UNION AVE & W 44TH ST,0.0,0.0,41.815384003248,-87.641180021521,610800,1,170316108001
11,Bollard Menu (2024),W 32ND ST & S GREEN ST,9740.84,0.006567,41.836465118377,-87.647198814734,600900,1,170316009001
11,Concrete Alley Menu (2024),S GRADY CT & W FULLER ST,35037.12,0.02362,41.842282997371,-87.661173961899,600700,2,170316007002
11,Curb & Gutter Menu (2024),2701 S PRINCETON AVE,11301.69,0.007619,41.84392614376,-87.634019696915,340400,1,170313404001
11,Curb & Gutter Menu (2024),900 W 37TH PL,41002.0,0.027641,41.826778110967,-87.64780172503,839900,2,170318399002
11,Pavement Markings Menu (2024),S ARCHER AVE & S CANAL ST,2000.0,0.001348,41.851094012079,-87.638534441422,841100,3,170318411003
11,Pavement Markings Menu (2024),S WENTWORTH AVE & W CERMAK RD,22050.0,0.014865,41.852952615289,-87.632012985475,841100,1,170318411001
11,Street Bump Outs Menu (2024),800-900 W 27th St,15709.0,0.01059,41.844722256923,-87.646600598305,840200,1,170318402001
11,Street Resurfacing Menu (2024),2500-2570 S Emerald Ave,31629.97,0.021323,41.845570128339,-87.645704405217,840200,1,170318402001
11,Street Resurfacing Menu (2024),3100-3200 S Emerald Ave,67194.55,0.045298,41.836126866674,-87.645258907064,839800,1,170318398001
11,Street Resurfacing Menu (2024),3400-3600 S Emerald Ave,113345.09,0.076409,41.82882518127,-87.64508783242,839900,3,170318399003
11,Street Resurfacing Menu (2024),3800-3900 S Emerald Ave,58468.21,0.039415,41.823087181814,-87.645072074442,842600,1,170318426001
11,Street Resurfacing Menu (2024),2511-2530 S Green St,8455.54,0.0057,41.846107073057,-87.647243071183,840200,1,170318402001
11,Street Resurfacing Menu (2024),2800-2840 S Hillock Ave,34761.65,0.023434,41.84339200698,-87.661269431776,600700,2,170316007002
11,Street Resurfacing Menu (2024),3100-3200 S Lituanica Ave,84719.19,0.057112,41.836315249948,-87.648966641933,600900,2,170316009002
11,Street Resurfacing Menu (2024),3400-3440 S Lituanica Ave,41179.3,0.02776,41.832650178965,-87.648957254202,839700,3,170318397003
11,Street Resurfacing Menu (2024),2980-3080 S Lloyd Ave,47063.28,0.031727,41.838555211019,-87.65866722576,600700,1,170316007001
11,Street Resurfacing Menu (2024),2450-2500 S Lowe Ave,25366.61,0.0171,41.846140159595,-87.643612940276,840200,1,170318402001
11,Street Resurfacing Menu (2024),2984-2990 S Mcdermott St,11250.38,0.007584,41.883229,-87.632398,839100,1,170318391001
11,Street Resurfacing Menu (2024),4300-4330 S Parnell Ave,22107.7,0.014903,41.815563009493,-87.639394005818,610800,1,170316108001
11,Street Resurfacing Menu (2024),2530-2600 S Stewart Ave,17425.75,0.011747,41.846242947835,-87.636630511415,340300,1,170313403001
11,Street Resurfacing Menu (2024),2600-2800 S Union Ave,66131.95,0.044582,41.843420212084,-87.64432600124,600400,3,170316004003
11,Street Resurfacing Menu (2024),700-800 W 25th St,34379.97,0.023177,41.846240294781,-87.643625410374,840200,1,170318402001
11,Street Resurfacing Menu (2024),450-600 W 27th St,88207.19,0.059463,41.844728752898,-87.638669557701,840100,1,170318401001
11,Street Resurfacing Menu (2024),200-230 W 29th St,25904.54,0.017463,41.841239123303,-87.633046141427,340400,1,170313404001
11,Street Resurfacing Menu (2024),1312-1400 W 32nd St,49027.49,0.033051,41.83555844791,-87.660717064357,839700,1,170318397001
11,Street Resurfacing Menu (2024),1800-1900 W 33rd Pl,50843.6,0.034275,41.833305015151,-87.670552976276,840400,1,170318404001
11,Street Resurfacing Menu (2024),950-1000 W 36th St,34702.93,0.023394,41.828926979484,-87.651126993658,839900,2,170318399002
11,Street Resurfacing Menu (2024),600-700 W 37th St,84286.63,0.05682,41.827361826705,-87.64133768512,839900,3,170318399003
11,Street Resurfacing Menu (2024),940-1000 W 38th Pl,59503.82,0.040113,41.824561647847,-87.649056315582,839900,2,170318399002
11,Street Speed Hump Menu (2024),800-900 W 27th St,7320.0,0.004935,41.844722256923,-87.646600598305,840200,1,170318402001
11,Street Speed Hump Replacement (2024),1312-1400 W 32nd St,0.0,0.0,41.83555844791,-87.660717064357,839700,1,170318397001
11,,S LOWE AVE & W 28TH ST & W 29TH ST & S UNION AVE,3622.5,0.002442,41.843596986422,-87.642748024148,600400,1,170316004001
11,,3031 S CANAL ST,3622.5,0.002442,41.839034548886,-87.637484775687,840100,2,170318401002
11,,S LOWE AVE & W 28TH ST & W 29TH ST & S UNION AVE,15998.16,0.010785,41.843596986422,-87.642748024148,600400,1,170316004001
11,,W 35TH ST & S LOWE AVE & S UNION AVE & W 36TH ST,23373.9,0.015757,41.830832018438,-87.64246303944,839800,3,170318398003
11,,S GREEN ST & W 26TH PL & W 27TH ST & S HALSTED ST,13522.57,0.009116,41.844543009924,-87.646436983555,840200,1,170318402001
11,,3031 S CANAL ST,15735.5,0.010608,41.839034548886,-87.637484775687,840100,2,170318401002
11,,W 35TH ST & S LOWE AVE & S UNION AVE & W 36TH ST,0.0,0.0,41.830832018438,-87.64246303944,839800,3,170318398003
11,,S LOWE AVE & W 28TH ST & W 29TH ST & S UNION AVE,0.0,0.0,41.843596986422,-87.642748024148,600400,1,170316004001
11,,2810 S GRADY CT,35037.12,0.02362,41.841927604676,-87.661139847553,600700,2,170316007002
11,,S GROVE ST & S LOCK ST,35037.12,0.02362,41.841504695751,-87.662385901279,600700,2,170316007002
12,(2024) Miscellaneous CDOT Projects (2024),3600 S WESTERN BLVD,660.0,0.00046,41.828155928211,-87.685796221572,840300,1,170318403001
12,Alley Resurfacing Menu (2024),3300-3400 S ARCHER AVE,28726.83,0.020018,41.832537316639,-87.67468282379,840400,1,170318404001
12,Alley Resurfacing Menu (2024),3834-3872 S ARCHER AVE,11347.62,0.007907,41.823366005823,-87.689547961433,580100,2,170315801002
12,Alley Resurfacing Menu (2024),4501-4557 S RICHMOND ST,14186.04,0.009885,41.811736240895,-87.697695925691,842800,5,170318428005
12,Alley Resurfacing Menu (2024),S HONORE ST & W 36TH ST & W 37TH ST & S WOOD ST,41665.83,0.029034,41.828598702247,-87.671576909568,590600,2,170315906002
12,Alley Resurfacing Menu (2024),S WASHTENAW AVE & W 44TH ST & W 45TH ST & S FAIRFIELD AVE,33199.1,0.023134,41.813791399735,-87.691923895707,580600,3,170315806003
12,Alley Speed Hump Menu (2024),3731 S WOLCOTT AVE,362.5,0.000253,41.825837242336,-87.672456171211,590600,2,170315906002
12,Alley Speed Hump Menu (2024),S WASHTENAW AVE & W 44TH ST & W 45TH ST & S FAIRFIELD AVE,0.0,0.0,41.813791399735,-87.691923895707,580600,3,170315806003
12,Alley Speed Hump Replacement (2024),3300-3400 S ARCHER AVE,0.0,0.0,41.832537316639,-87.67468282379,840400,1,170318404001
12,Alley Speed Hump Replacement (2024),S HONORE ST & W 36TH ST & W 37TH ST & S WOOD ST,0.0,0.0,41.828598702247,-87.671576909568,590600,2,170315906002
12,Alley Speed Hump Replacement (2024),S RICHMOND ST & W 45TH ST & W 46TH ST & S FRANCISCO AVE,0.0,0.0,41.811848181212,-87.698017874592,842800,6,170318428006
12,Arterial Street Bump Outs Menu (2024),S LEAVITT ST & S ARCHER AVE,260000.0,0.181177,41.82901742022,-87.680109435543,590500,1,170315905001
12,Bollard Menu (2024),3500 S WESTERN AVE,5052.18,0.003521,41.834796574821,-87.685822792205,840300,1,170318403001
12,Bollard Menu (2024),3505 S MAPLEWOOD AVE,41932.13,0.02922,41.830053884457,-87.688150781993,580100,1,170315801001
12,Concrete Alley Menu (2024),S ARCHER AVE & S BLAKE ST,48443.41,0.033757,41.828076006765,-87.681588003264,590500,1,170315905001
12,Concrete Alley Menu (2024),S SEELEY AVE & W 33RD ST & W 34TH ST & S DAMEN AVE,5377.38,0.003747,41.83403398927,-87.676622060908,840300,2,170318403002
12,Curb & Gutter Menu (2024),2701 W 36TH PL,18467.22,0.012869,41.827348809157,-87.692356069062,580100,1,170315801001
12,Curb & Gutter Menu (2024),2900-3000 W 38th St,6187.35,0.004312,41.824668511667,-87.699897181103,580200,1,170315802001
12,Gunsaulus Elementary - Playground Improvements,4420 S SACRAMENTO AVE,28748.8,0.020033,41.812743368471,-87.699846554408,580502,2,170315805022
12,"In-Road ""State Law Stop For Pedestrians"" Sign Menu",4136 S CALIFORNIA AVE,350.0,0.000244,41.818112564188,-87.69484012746,580501,2,170315805012
12,Miscellaneous CDOT Projects (2024),3932 S ROCKWELL ST,660.0,0.00046,41.821857095613,-87.690006283899,580600,1,170315806001
12,Pavement Markings Menu (2024),3002 W 42ND ST,4517.69,0.003148,41.81755667637,-87.699684029305,580501,3,170315805013
12,Street Light Residential Staggered Piggy Back Menu (2024),3512-3400 S Leavitt St,163000.0,0.113584,41.832035073001,-87.68050447464,840300,3,170318403003
12,Street Light Upgrade Menu (2024),3537-3659 S WESTERN BLVD,500.0,0.000348,41.829142226758,-87.684036943914,590500,1,170315905001
12,Street Resurfacing Menu (2024),4300-4500 S Campbell Ave,95518.47,0.06656,41.812291739469,-87.687075714053,580700,1,170315807001
12,Street Resurfacing Menu (2024),4302-4500 S Fairfield Ave,114584.51,0.079846,41.811809792096,-87.693407157293,842800,2,170318428002
12,Street Resurfacing Menu (2024),4400-4500 S Maplewood Ave,45454.83,0.031674,41.813692158001,-87.688570547704,580700,1,170315807001
12,Street Resurfacing Menu (2024),3500-3630 S Rockwell St,117376.98,0.081792,41.830063188369,-87.690222117906,580100,1,170315801001
12,Street Resurfacing Menu (2024),3500-3530 S Washtenaw Ave,28104.72,0.019584,41.830011765393,-87.692646583399,580100,1,170315801001
12,Street Resurfacing Menu (2024),3427-3400 W 37th Pl,28331.92,0.019743,41.825445556001,-87.709563191845,580300,1,170315803001
12,Street Resurfacing Menu (2024),2800-2900 W 38th St,75502.76,0.052613,41.824723455042,-87.697195190795,580200,1,170315802001
12,Street Resurfacing Menu (2024),2900-3000 W 38th St,80135.37,0.055841,41.824668511667,-87.699897181103,580200,1,170315802001
12,Street Speed Hump Menu (2024),4600-4644 S ROCKWELL ST,2440.0,0.0017,41.808871515938,-87.689688358311,842800,1,170318428001
12,Street Speed Hump Menu (2024),3100-3200 W 40th Pl,4880.0,0.003401,41.819991726625,-87.702021679067,580501,1,170315805011
12,Street Speed Hump Replacement (2024),4300-4500 S Campbell Ave,0.0,0.0,41.812291739469,-87.687075714053,580700,1,170315807001
12,Street Speed Hump Replacement (2024),4400-4500 S Maplewood Ave,0.0,0.0,41.813692158001,-87.688570547704,580700,1,170315807001
12,,S ARCHER AVE & W 33RD ST & W 34TH ST & S DAMEN AVE,28726.83,0.020018,41.834121999254,-87.67160096563,840400,1,170318404001
12,,W 38TH ST & S ARCHER AVE & S ROCKWELL ST & S MAPLEWOOD AVE,11347.62,0.007907,41.824143008247,-87.68974300832,580100,2,170315801002
12,,S RICHMOND ST & W 45TH ST & W 46TH ST & S FRANCISCO AVE,14186.04,0.009885,41.811848181212,-87.698017874592,842800,6,170318428006
12,,W 37TH ST & S HONORE ST & S WOLCOTT AVE & W 38TH ST,362.5,0.000253,41.824941007339,-87.67267703436,590600,3,170315906003
12,,S ARCHER AVE & W 33RD ST & W 34TH ST & S DAMEN AVE,0.0,0.0,41.834121999254,-87.67160096563,840400,1,170318404001
12,,W 37TH ST & S ARCHER AVE,48443.41,0.033757,41.831838098276,-87.675339713541,840300,2,170318403002
12,,3345-3349 S SEELEY AVE,5377.38,0.003747,41.832587566149,-87.676282677649,840300,2,170318403002
12,,2700-2800 W 36th Pl,18467.22,0.012869,41.827678872192,-87.692695198438,580100,1,170315801001
12,,4600-4700 S Rockwell St,2440.0,0.0017,41.810023692348,-87.689648376633,842800,1,170318428001
13,Alley Apron Menu (2024),5759 S MASON AVE,25912.9,0.017275,41.787212384766,-87.770376413954,561100,2,170315611002
13,Alley Apron Menu (2024),5801 S MELVINA AVE,4677.51,0.003118,41.786792493326,-87.77644340311,561100,5,170315611005
13,Alley Apron Menu (2024),6244 S MAJOR AVE,5341.86,0.003561,41.778535941513,-87.764476392308,640300,2,170316403002
13,Alley Apron Menu (2024),7059 W 63RD PL,23055.67,0.01537,41.776278317802,-87.798225287254,640500,2,170316405002
13,Alley Speed Hump Menu (2024),5545 S NEWCASTLE AVE,725.0,0.000483,41.790781566776,-87.792483767398,561000,4,170315610004
13,Alley Speed Hump Menu (2024),5710 W 56TH ST,725.0,0.000483,41.791055194005,-87.765189189355,561100,1,170315611001
13,Alley Speed Hump Menu (2024),6244 S NASHVILLE AVE,725.0,0.000483,41.778119444744,-87.786669324984,640400,2,170316404002
13,Alley Speed Hump Menu (2024),W ARCHER AVE & S NEW ENGLAND AVE & S NEWCASTLE AVE & W 56TH ST,1450.0,0.000967,41.792155989349,-87.793972980135,560900,4,170315609004
13,Bollard Menu (2024),4459 W 55TH ST,1549.16,0.001033,41.79274024991,-87.735204439487,620300,6,170316203006
13,Bollard Menu (2024),5915 S NATOMA AVE,1532.67,0.001022,41.784406500768,-87.787336524477,640400,2,170316404002
13,Curb & Gutter Menu (2024),4134 W 58TH ST,2697.24,0.001798,41.787927822111,-87.726858410857,620300,2,170316203002
13,Curb & Gutter Menu (2024),5711 S MASON AVE,4376.3,0.002918,41.788497707708,-87.770395859969,561100,2,170315611002
13,Curb & Gutter Menu (2024),5804 S NEWCASTLE AVE,2644.1,0.001763,41.786454828357,-87.792880482875,561000,4,170315610004
13,Curb & Gutter Menu (2024),5812 S KILDARE AVE,3065.06,0.002043,41.787207062257,-87.730596907311,620300,5,170316203005
13,Curb & Gutter Menu (2024),5826 S NARRAGANSETT AVE,7103.7,0.004736,41.785999439557,-87.78185132322,561000,1,170315610001
13,Curb & Gutter Menu (2024),6006 S MOODY AVE,2549.47,0.0017,41.782993186164,-87.775631112873,640300,6,170316403006
13,Curb & Gutter Menu (2024),6218 S NEENAH AVE,6531.62,0.004354,41.778821596773,-87.785278012876,640400,1,170316404001
13,Curb & Gutter Menu (2024),6350 S OAK PARK AVE,4608.93,0.003073,41.776030632563,-87.791266715057,640500,2,170316405002
13,Floodlight Menu (2024),5518 S NEVA AVE,950.0,0.000633,41.791342525646,-87.800630390551,561000,6,170315610006
13,Floodlight Menu (2024),5925 S MEADE AVE,950.0,0.000633,41.784437932905,-87.77389572364,640300,4,170316403004
13,Floodlight Menu (2024),6455 S NATCHEZ AVE,950.0,0.000633,41.774165742925,-87.783315390248,640500,1,170316405001
13,Floodlight Menu (2024),6458 W 60TH ST,950.0,0.000633,41.783370329898,-87.783745214242,640400,1,170316404001
13,Floodlight Menu (2024),6559 S KNOX AVE,950.0,0.000633,41.773181833221,-87.738207172481,640800,2,170316408002
13,Miscellaneous CDOT Projects (2024),5501 S MERRIMAC AVE,412.22,0.000275,41.791917064751,-87.778053438747,561100,5,170315611005
13,Miscellaneous CDOT Projects (2024),6001 S AUSTIN AVE,6250.0,0.004167,41.783244643259,-87.771431276468,640300,4,170316403004
13,Pavement Markings Menu (2024),W ARCHER AVE & S OAK PARK AVE,1980.78,0.001321,41.792205987401,-87.791530996464,560900,3,170315609003
13,Pavement Markings Menu (2024),W ARCHER AVE & S SAYRE AVE,9304.0,0.006203,41.792113996014,-87.796432984898,560900,6,170315609006
13,Sidewalk Menu (2024),4134 W 63RD ST,8474.67,0.00565,41.778848921777,-87.726606786124,650200,2,170316502002
13,Sidewalk Menu (2024),4528 W 64TH PL,5134.29,0.003423,41.775984196819,-87.736041456338,650301,2,170316503012
13,Sidewalk Menu (2024),4543-4559 W 64TH ST,24977.5,0.016652,41.776470137656,-87.73710604186,650301,2,170316503012
13,Sidewalk Menu (2024),5214 W 64TH PL,1635.03,0.00109,41.775344448059,-87.752436710406,640700,3,170316407003
13,Sidewalk Menu (2024),5515 S KOLMAR AVE,993.08,0.000662,41.792585855253,-87.736364075791,620300,6,170316203006
13,Sidewalk Menu (2024),5534 S MCVICKER AVE,3585.18,0.00239,41.79148065941,-87.773519627644,561100,4,170315611004
13,Sidewalk Menu (2024),5534 S NORDICA AVE,1956.39,0.001304,41.790940822936,-87.797945834602,561000,6,170315610006
13,Sidewalk Menu (2024),5556 S NEENAH AVE,3680.62,0.002454,41.79059850601,-87.785696102206,561000,2,170315610002
13,Sidewalk Menu (2024),5558 S KOLMAR AVE,10345.98,0.006897,41.791412933632,-87.736879646656,620300,6,170316203006
13,Sidewalk Menu (2024),5601 S MOODY AVE,1819.84,0.001213,41.79051372306,-87.775378314674,561100,5,170315611005
13,Sidewalk Menu (2024),5606 S NORMANDY AVE,7933.36,0.005289,41.790139093897,-87.789373913682,561000,3,170315610003
13,Sidewalk Menu (2024),5639 S RUTHERFORD AVE,6241.51,0.004161,41.789256269945,-87.789978751815,561000,3,170315610003
13,Sidewalk Menu (2024),5642 S AUSTIN AVE,2606.53,0.001738,41.789452532208,-87.772234598069,561100,4,170315611004
13,Sidewalk Menu (2024),5651 S NEWLAND AVE,5759.37,0.00384,41.788845598599,-87.794846793541,561000,5,170315610005
13,Sidewalk Menu (2024),5655 S NEENAH AVE,8078.61,0.005386,41.788889394043,-87.785063939069,561000,1,170315610001
13,Sidewalk Menu (2024),5658 S SAYRE AVE,3662.02,0.002441,41.788597410446,-87.796686705107,561000,5,170315610005
13,Sidewalk Menu (2024),5709 S NATCHEZ AVE,4466.03,0.002977,41.788280574506,-87.783832721312,561000,1,170315610001
13,Sidewalk Menu (2024),5711 S MEADE AVE,3208.24,0.002139,41.788455630554,-87.774072665616,561100,4,170315611004
13,Sidewalk Menu (2024),5717 S MOODY AVE,5574.87,0.003717,41.788266115723,-87.775296674937,561100,5,170315611005
13,Sidewalk Menu (2024),5734 S KILBOURN AVE,4220.68,0.002814,41.788423569774,-87.735542816918,620300,6,170316203006
13,Sidewalk Menu (2024),5744 S MERRIMAC AVE,2471.73,0.001648,41.787467320351,-87.778244841741,561100,6,170315611006
13,Sidewalk Menu (2024),5824 S MERRIMAC AVE,3558.69,0.002372,41.786124204186,-87.778196226702,561100,6,170315611006
13,Sidewalk Menu (2024),5834 S NATCHEZ AVE,5243.87,0.003496,41.785775768471,-87.784288277749,561000,1,170315610001
13,Sidewalk Menu (2024),5842 S MONITOR AVE,1001.03,0.000667,41.785876518947,-87.7684211674,561100,2,170315611002
13,Sidewalk Menu (2024),5859 S NEWCASTLE AVE,8786.98,0.005858,41.784984139625,-87.792274722733,561000,4,170315610004
13,Sidewalk Menu (2024),5900 W 64TH ST,2224.78,0.001483,41.776309372753,-87.769182830941,640600,2,170316406002
13,Sidewalk Menu (2024),5915 S MOODY AVE,2029.94,0.001353,41.7846409426,-87.775142196461,640300,6,170316403006
13,Sidewalk Menu (2024),5940 S MASSASOIT AVE,2436.63,0.001624,41.784085851062,-87.765900058563,640300,4,170316403004
13,Sidewalk Menu (2024),5941 W 64TH PL,4262.31,0.002842,41.774962149456,-87.770579172191,640600,2,170316406002
13,Sidewalk Menu (2024),5944 S MASSASOIT AVE,6941.25,0.004627,41.784003750321,-87.765897376354,640300,4,170316403004
13,Sidewalk Menu (2024),6027 S MULLIGAN AVE,1103.0,0.000735,41.782413409922,-87.779941255124,640300,3,170316403003
13,Sidewalk Menu (2024),6032 S KEATING AVE,2595.35,0.00173,41.782973572511,-87.741469409196,640100,1,170316401001
13,Sidewalk Menu (2024),6037 S KILDARE AVE,3220.81,0.002147,41.782932794552,-87.729949321472,650200,4,170316502004
13,Sidewalk Menu (2024),6039 S KILBOURN AVE,4138.12,0.002759,41.782877012986,-87.734844855841,650200,5,170316502005
13,Sidewalk Menu (2024),6058 S KOLIN AVE,11904.5,0.007936,41.782334829579,-87.731698540846,650200,4,170316502004
13,Sidewalk Menu (2024),6101 S NARRAGANSETT AVE,4371.92,0.002915,41.78122150329,-87.781119583073,640300,3,170316403003
13,Sidewalk Menu (2024),6119 S KEELER AVE,3373.73,0.002249,41.781636239859,-87.727461488791,650200,2,170316502002
13,Sidewalk Menu (2024),6124 S MASSASOIT AVE,2644.23,0.001763,41.780864224667,-87.765780029709,640300,2,170316403002
13,Sidewalk Menu (2024),6134 S KEELER AVE,839.08,0.000559,41.78122586188,-87.728012431286,650200,2,170316502002
13,Sidewalk Menu (2024),6141 S TRIPP AVE,734.04,0.000489,41.781044561314,-87.728658424564,650200,2,170316502002
13,Sidewalk Menu (2024),6153 W 63RD PL,1528.81,0.001019,41.776644062147,-87.77594652389,640600,3,170316406003
13,Sidewalk Menu (2024),6158 S NATCHEZ AVE,5508.51,0.003672,41.779619679684,-87.784016871724,640400,1,170316404001
13,Sidewalk Menu (2024),6200 S KENNETH AVE,10015.17,0.006677,41.780236587757,-87.734064500655,650200,6,170316502006
13,Sidewalk Menu (2024),6207 S TRIPP AVE,2757.31,0.001838,41.780132191153,-87.728655490898,650200,2,170316502002
13,Sidewalk Menu (2024),6216 S KOMENSKY AVE,4577.88,0.003052,41.77992989392,-87.724324393889,650200,2,170316502002
13,Sidewalk Menu (2024),6218 S MASSASOIT AVE,5990.03,0.003993,41.779158046366,-87.765689840431,640300,2,170316403002
13,Sidewalk Menu (2024),6230 S KILPATRICK AVE,2420.9,0.001614,41.7793810469,-87.740160239739,640100,1,170316401001
13,Sidewalk Menu (2024),6242 S KEDVALE AVE,4199.94,0.0028,41.779159764656,-87.726735364518,650200,2,170316502002
13,Sidewalk Menu (2024),6249 W 63RD PL,2693.09,0.001795,41.776605253935,-87.778278117896,640600,3,170316406003
13,Sidewalk Menu (2024),6254 W 60TH ST,12101.83,0.008068,41.783445054564,-87.778696123408,640300,3,170316403003
13,Sidewalk Menu (2024),6327 S KEELER AVE,4339.15,0.002893,41.777770799481,-87.72735763701,650301,3,170316503013
13,Sidewalk Menu (2024),6330 W 64TH ST,3483.3,0.002322,41.776093371108,-87.780043011429,640600,3,170316406003
13,Sidewalk Menu (2024),6334 W 63RD PL,1162.98,0.000775,41.77705150646,-87.780114173787,640600,3,170316406003
13,Sidewalk Menu (2024),6339 S KEATING AVE,1090.37,0.000727,41.777284020454,-87.740753846122,640800,1,170316408001
13,Sidewalk Menu (2024),6355 S KNOX AVE,3347.91,0.002232,41.776901260846,-87.738308761147,640800,1,170316408001
13,Sidewalk Menu (2024),6358 S TRIPP AVE,2620.48,0.001747,41.776906415716,-87.729117501401,650301,1,170316503011
13,Sidewalk Menu (2024),6401 S LAPORTE AVE,17830.67,0.011887,41.776421229251,-87.745579643057,640700,1,170316407001
13,Sidewalk Menu (2024),6405 S KARLOV AVE,3409.28,0.002273,41.776607558959,-87.724865529558,650301,3,170316503013
13,Sidewalk Menu (2024),6412 S LECLAIRE AVE,639.43,0.000426,41.775736260123,-87.749208671855,640700,2,170316407002
13,Sidewalk Menu (2024),6423 S LOCKWOOD AVE,5721.61,0.003814,41.775696948998,-87.754153827091,640700,3,170316407003
13,Sidewalk Menu (2024),6429 S TRIPP AVE,2518.58,0.001679,41.775908759691,-87.728514255829,650301,3,170316503013
13,Sidewalk Menu (2024),6453 S KNOX AVE,3134.24,0.002089,41.775096385635,-87.738275987906,640800,1,170316408001
13,Sidewalk Menu (2024),6501 S KEELER AVE,827.9,0.000552,41.774832229956,-87.727248085536,650301,4,170316503014
13,Sidewalk Menu (2024),6517 W 63RD PL,3359.8,0.00224,41.776483716339,-87.784384166721,640500,1,170316405001
13,Sidewalk Menu (2024),6552 S KEDVALE AVE,4073.84,0.002716,41.773439995839,-87.726578958205,650301,4,170316503014
13,Sidewalk Menu (2024),6607 W 59TH ST,669.2,0.000446,41.784741609257,-87.786826569488,640400,2,170316404002
13,Sidewalk Menu (2024),6645 S KILPATRICK AVE,1088.99,0.000726,41.771688219985,-87.739357840148,640800,2,170316408002
13,Sidewalk Menu (2024),6750 W 63RD PL,3030.97,0.002021,41.776850843698,-87.790700349859,640500,1,170316405001
13,Sidewalk Menu (2024),6825 W 64TH ST,2697.33,0.001798,41.775504290953,-87.792039107434,640500,2,170316405002
13,Sidewalk Menu (2024),6841 W 63RD PL,2529.88,0.001687,41.776378607273,-87.792615782373,640500,2,170316405002
13,Sidewalk Menu (2024),6848 W 64TH PL,4053.46,0.002702,41.774976105324,-87.79290001271,640500,2,170316405002
13,Sidewalk Menu (2024),7015 W 64TH ST,2757.31,0.001838,41.775435601257,-87.796521749253,640500,2,170316405002
13,Sidewalk Menu (2024),7129 W 63RD PL,4198.1,0.002799,41.776184775762,-87.799567816686,640500,2,170316405002
13,Sidewalk Menu (2024),S MAYFIELD AVE & W 61ST ST,4879.4,0.003253,41.781585906531,-87.769157685232,640300,4,170316403004
13,Street Light Upgrade Menu (2024),4141 W 57TH ST,500.0,0.000333,41.789339921339,-87.72711875277,620300,2,170316203002
13,Street Light Upgrade Menu (2024),5544 S KOLIN AVE,500.0,0.000333,41.791777755968,-87.731984866658,620300,4,170316203004
13,Street Light Upgrade Menu (2024),5554 S NEVA AVE,937.5,0.000625,41.790390089988,-87.800474738609,561000,6,170315610006
13,Street Light Upgrade Menu (2024),5800 S KILBOURN AVE,500.0,0.000333,41.787502608163,-87.73551063041,620300,5,170316203005
13,Street Light Upgrade Menu (2024),5800 W 60TH ST,500.0,0.000333,41.783658080634,-87.767015522237,640300,4,170316403004
13,Street Light Upgrade Menu (2024),5818-5820 S NEW ENGLAND AVE,500.0,0.000333,41.78594462191,-87.794064175242,561000,5,170315610005
13,Street Light Upgrade Menu (2024),5835 W 59TH ST,500.0,0.000333,41.785066030819,-87.768295355033,640300,4,170316403004
13,Street Light Upgrade Menu (2024),5839 S RUTHERFORD AVE,500.0,0.000333,41.785570830938,-87.789846820659,561000,3,170315610003
13,Street Light Upgrade Menu (2024),5901 W 59TH ST,500.0,0.000333,41.785035101597,-87.769516933602,640300,4,170316403004
13,Street Light Upgrade Menu (2024),6341 W 63RD PL,500.0,0.000333,41.776553830959,-87.78040997115,640600,3,170316406003
13,Street Light Upgrade Menu (2024),6358 S LAPORTE AVE,500.0,0.000333,41.776674362727,-87.746165035174,640700,1,170316407001
13,Street Light Upgrade Menu (2024),6513 W 63RD PL,500.0,0.000333,41.776496917837,-87.784251145918,640500,1,170316405001
13,Street Light Upgrade Menu (2024),6908 W 65TH ST,500.0,0.000333,41.774083558365,-87.793781034552,640500,2,170316405002
13,Street Resurfacing Menu (2024),5500-5600 S Kenneth Ave,52817.74,0.035212,41.791176647782,-87.734382342423,620300,6,170316203006
13,Street Resurfacing Menu (2024),5900-6000 S Massasoit Ave,25601.48,0.017068,41.783350380968,-87.765862339999,640300,4,170316403004
13,Street Resurfacing Menu (2024),5500-5800 S Merrimac Ave,59012.6,0.039342,41.786741028441,-87.778210978852,561100,6,170315611006
13,Street Resurfacing Menu (2024),6200-6300 S Merrimac Ave,54168.28,0.036112,41.779443198712,-87.778025571154,640300,6,170316403006
13,Street Resurfacing Menu (2024),5700-5800 S Nagle Ave,55548.17,0.037032,41.786682941852,-87.783110787991,561000,1,170315610001
13,Street Resurfacing Menu (2024),5500-5600 S Natchez Ave,42218.96,0.028146,41.790328063904,-87.784476451475,561000,1,170315610001
13,Street Resurfacing Menu (2024),5500-5600 S Natoma Ave,51173.61,0.034116,41.790287453584,-87.788118723681,561000,3,170315610003
13,Street Resurfacing Menu (2024),5500-5600 S Newcastle Ave,51614.0,0.034409,41.790197390034,-87.793011240565,561000,4,170315610004
13,Street Resurfacing Menu (2024),5925-5899 S New England Ave,17717.43,0.011812,41.784042055618,-87.793435951599,640400,2,170316404002
13,Street Resurfacing Menu (2024),5500-5800 S Newland Ave,61009.04,0.040673,41.786483284918,-87.795402010807,561000,5,170315610005
13,Street Resurfacing Menu (2024),5600-5700 S Nordica Ave,55460.1,0.036973,41.788291135704,-87.797851286734,561000,6,170315610006
13,Street Resurfacing Menu (2024),5899-6000 S Normandy Ave,12976.9,0.008651,41.78294159555,-87.789099406353,640400,2,170316404002
13,Street Resurfacing Menu (2024),5599-5700 S Oak Park Ave,53170.05,0.035447,41.7883893297,-87.791724953703,561000,4,170315610004
13,Street Resurfacing Menu (2024),5500-5599 S Oak Park Ave,57124.81,0.038083,41.790404821319,-87.791390283557,561000,3,170315610003
13,Street Resurfacing Menu (2024),5600-5700 S Rutherford Ave,56542.42,0.037695,41.788384929201,-87.790502117849,561000,3,170315610003
13,Street Resurfacing Menu (2024),5500-5600 S Sayre Ave,55902.83,0.037269,41.790147601529,-87.796663319597,561000,5,170315610005
13,Street Resurfacing Menu (2024),5700-6200 W 58th St,58585.73,0.039057,41.786997486059,-87.776804518183,561100,5,170315611005
13,Street Resurfacing Menu (2024),6300-6400 W 64th St,54256.36,0.036171,41.776121031389,-87.778941629352,640600,3,170316406003
13,Street Resurfacing Menu (2024),6800-6900 W 64th St,54483.27,0.036322,41.775724196451,-87.793515428146,640500,2,170316405002
13,Street Speed Hump Menu (2024),6600-6700 S Keeler Ave,4880.0,0.003253,41.770933310475,-87.727527979142,650500,2,170316505002
13,Street Speed Hump Menu (2024),6200-6300 S Melvina Ave,4880.0,0.003253,41.779478612253,-87.776727214352,640300,6,170316403006
13,Street Speed Hump Replacement (2024),5500-5599 S Oak Park Ave,0.0,0.0,41.790404821319,-87.791390283557,561000,3,170315610003
13,Street Speed Hump Replacement (2024),5500-5600 S Sayre Ave,0.0,0.0,41.790147601529,-87.796663319597,561000,5,170315610005
13,,5719 S MASON AVE,4376.3,0.002918,41.7883131382,-87.77042083804,561100,2,170315611002
13,,5827 S NEWCASTLE AVE,2644.1,0.001763,41.785856863384,-87.792283020817,561000,4,170315610004
13,,5841 S NEWCASTLE AVE,2644.1,0.001763,41.785444976662,-87.792290313073,561000,4,170315610004
13,,5819-5823 S NARRAGANSETT AVE,7103.7,0.004736,41.786140842264,-87.781298285248,561100,6,170315611006
13,,5854 S NARRAGANSETT AVE,7103.7,0.004736,41.785264179011,-87.781829530272,561000,1,170315610001
13,,6200 S NEENAH AVE,6531.62,0.004354,41.779331467943,-87.785259991784,640400,1,170316404001
13,,6356 S OAK PARK AVE,4608.93,0.003073,41.775876573183,-87.791261434458,640500,2,170316405002
13,,S AUSTIN AVE & W 60TH ST,6250.0,0.004167,41.783412993785,-87.771704023598,640300,4,170316403004
13,,W ARCHER AVE & S NASHVILLE AVE,1980.78,0.001321,41.792302505016,-87.786684077134,560900,2,170315609002
13,,W 65TH ST & S PULASKI RD,1980.78,0.001321,41.774997018173,-87.722750021016,650301,3,170316503013
13,,W 63RD ST & S OAK PARK AVE,1980.78,0.001321,41.777565987677,-87.791008971534,640400,2,170316404002
13,,W 55TH ST & S CENTRAL AVE,1980.78,0.001321,41.792727006503,-87.762324003392,561100,1,170315611001
13,,W 63RD ST & S KEDVALE AVE,8474.67,0.00565,41.778597003677,-87.726408973209,650301,3,170316503013
13,,W 64TH PL & S LATROBE AVE,1635.03,0.00109,41.77513402038,-87.752288015444,640700,3,170316407003
13,,5616 S MOODY AVE,1819.84,0.001213,41.790293260247,-87.775679990052,561100,5,170315611005
13,,5819 S NEWCASTLE AVE,8786.98,0.005858,41.786062764836,-87.792290899806,561000,4,170315610004
13,,5904 W 64TH ST,2224.78,0.001483,41.77629927256,-87.769308727127,640600,2,170316406002
13,,5908 W 64TH ST,2224.78,0.001483,41.77629579407,-87.769420625535,640600,2,170316406002
13,,5910 W 64TH ST,2224.78,0.001483,41.77630094894,-87.769530847561,640600,2,170316406002
13,,6059 S KEATING AVE,2595.35,0.00173,41.782261907022,-87.740903966008,640100,1,170316401001
13,,S NARRAGANSETT AVE & W 61ST ST,4371.92,0.002915,41.78133579054,-87.781419403749,640400,1,170316404001
13,,6104 S KEELER AVE,3373.73,0.002249,41.782038361664,-87.728020897008,650200,2,170316502002
13,,6144 S TRIPP AVE,734.04,0.000489,41.780876252698,-87.72921196545,650200,3,170316502003
13,,6158 S TRIPP AVE,734.04,0.000489,41.780541563304,-87.729210875802,650200,3,170316502003
13,,6215-6217 S MASSASOIT AVE,5990.03,0.003993,41.779260598952,-87.765154236818,640300,2,170316403002
13,,6539 W 63RD PL,3359.8,0.00224,41.776479986392,-87.785217327897,640500,1,170316405001
13,,6835 W 63RD PL,2529.88,0.001687,41.776382714406,-87.792396427967,640500,2,170316405002
13,,6101 S MAYFIELD AVE,4879.4,0.003253,41.781456448036,-87.768929781285,640300,2,170316403002
13,,5530 S NEVA AVE,937.5,0.000625,41.791018690817,-87.800522515457,561000,6,170315610006
13,,5534 S NEVA AVE,937.5,0.000625,41.790897572316,-87.800506254565,561000,6,170315610006
13,,5518 S NEVA AVE,937.5,0.000625,41.791342525646,-87.800630390551,561000,6,170315610006
13,,5859 W 59TH ST,500.0,0.000333,41.785051027213,-87.769156176489,640300,4,170316403004
14,Alley Apron Menu (2024),2914 W 54TH ST,17136.28,0.012416,41.795526191206,-87.697590488929,630400,2,170316304002
14,Alley Apron Menu (2024),3401 W 65TH PL,28760.79,0.020838,41.774099274433,-87.708107255263,660500,3,170316605003
14,Alley Apron Menu (2024),5114 S HOMAN AVE,16287.81,0.011801,41.800246244203,-87.708898423104,630300,1,170316303001
14,Alley Resurfacing Menu (2024),W 52ND ST & S TALMAN AVE & S WASHTENAW AVE & W 53RD ST,35036.52,0.025385,41.779632189674,-87.690659611342,835000,4,170318350004
14,Alley Resurfacing Menu (2024),W 56TH ST & S SPAULDING AVE & S SAWYER AVE & W 57TH ST,40320.5,0.029213,41.791701019645,-87.705933995408,630900,1,170316309001
14,Alley Resurfacing Menu (2024),W 57TH ST & S TRUMBULL AVE & S ST LOUIS AVE & W 58TH ST,50638.94,0.036689,41.789791580192,-87.709539973973,630900,3,170316309003
14,Alley Speed Hump Replacement (2024),W 52ND ST & S TALMAN AVE & S WASHTENAW AVE & W 53RD ST,0.0,0.0,41.779632189674,-87.690659611342,835000,4,170318350004
14,Alley Speed Hump Replacement (2024),W 56TH ST & S SPAULDING AVE & S SAWYER AVE & W 57TH ST,0.0,0.0,41.791701019645,-87.705933995408,630900,1,170316309001
14,Alley Speed Hump Replacement (2024),W 57TH ST & S TRUMBULL AVE & S ST LOUIS AVE & W 58TH ST,0.0,0.0,41.789791580192,-87.709539973973,630900,3,170316309003
14,Curb & Gutter Menu (2024),5733 S SAWYER AVE,8286.57,0.006004,41.788849328546,-87.704383678597,630900,1,170316309001
14,LED Traffic Signal Upgrades & Pedestrian Countdown,W 55TH ST & S ST LOUIS AVE,95078.12,0.068886,41.793436995611,-87.710871020197,630300,2,170316303002
14,Sidewalk Menu (2024),3321-3333 W 65TH PL,19475.99,0.014111,41.774139130383,-87.706779813257,660500,2,170316605002
14,Sidewalk Menu (2024),3355 W 65TH PL,15455.43,0.011198,41.774132341041,-87.707645663855,660500,2,170316605002
14,Sidewalk Menu (2024),3357 W 66TH ST,2813.19,0.002038,41.773228143236,-87.707666618613,660500,2,170316605002
14,Sidewalk Menu (2024),3418 W 66TH PL,4138.77,0.002999,41.77274475888,-87.708614276586,660500,3,170316605003
14,Sidewalk Menu (2024),3934 W 47TH ST,3613.3,0.002618,41.808117144652,-87.722535528113,570100,1,170315701001
14,Sidewalk Menu (2024),4213 W 47TH ST,4236.55,0.003069,41.807595664546,-87.729074586057,570300,3,170315703003
14,Sidewalk Menu (2024),4301 S KARLOV AVE,2813.19,0.002038,41.815053253348,-87.726026087872,570200,1,170315702001
14,Sidewalk Menu (2024),5005 S KEATING AVE,2308.16,0.001672,41.801962564607,-87.7415002546,560400,1,170315604001
14,Sidewalk Menu (2024),5727 S SAWYER AVE,6518.88,0.004723,41.789014829224,-87.704400777679,630900,1,170316309001
14,Signal (2024) Pavement Markings Menu (2024),4815 S KARLOV AVE,1000.0,0.000725,41.80546054235,-87.725568184501,570300,1,170315703001
14,Street Bump Outs Menu (2024),4800-5000 S Kilbourn Ave,26433.14,0.019151,41.805439839049,-87.736960867297,570300,4,170315703004
14,Street Resurfacing Menu (2024),6500-6600 S Homan Ave,52999.21,0.038399,41.773652793111,-87.70792686559,660500,3,170316605003
14,Street Resurfacing Menu (2024),4700-4900 S Karlov Ave,123844.56,0.089728,41.804054436183,-87.726202191657,570300,2,170315703002
14,Street Resurfacing Menu (2024),4500-4700 S Kildare Ave,152583.64,0.11055,41.807735450772,-87.73099914456,570300,4,170315703004
14,Street Resurfacing Menu (2024),5499-5600 S Spaulding Ave,58607.89,0.042463,41.791541428208,-87.706256866318,630900,1,170316309001
14,Street Resurfacing Menu (2024),6100-6300 S Spaulding Ave,165651.75,0.120018,41.778884013166,-87.705638501737,660500,1,170316605001
14,Street Resurfacing Menu (2024),5700-5900 S St Louis Ave,105018.34,0.076088,41.789599760338,-87.711046369612,630900,2,170316309002
14,Street Resurfacing Menu (2024),3813-4000 W 45th St,148535.36,0.107617,41.811408215115,-87.719430032987,570100,1,170315701001
14,Street Resurfacing Menu (2024),4000-4100 W 49th St,69579.68,0.050412,41.80423641433,-87.725667157822,570300,1,170315703001
14,Street Resurfacing Menu (2024),3430-3500 W 57th St,28865.87,0.020914,41.789835664563,-87.711053003424,630900,3,170316309003
14,Street Resurfacing Menu (2024),3400-3500 W 59th Pl,60827.27,0.044071,41.785435547021,-87.710802037134,660400,4,170316604004
14,Street Speed Hump Menu (2024),6500-6600 S Homan Ave,4880.0,0.003536,41.773652793111,-87.70792686559,660500,3,170316605003
14,Street Speed Hump Menu (2024),4600-4700 S Kedvale Ave,4880.0,0.003536,41.809522999362,-87.727615715809,570200,1,170315702001
14,Street Speed Hump Menu (2024),5000-5099 S Kenneth Ave,4880.0,0.003536,41.80212073112,-87.734701357658,570300,4,170315703004
14,Street Speed Hump Menu (2024),4800-5000 S Kilbourn Ave,9760.0,0.007071,41.805439839049,-87.736960867297,570300,4,170315703004
14,Street Speed Hump Menu (2024),3430-3500 W 57th St,2440.0,0.001768,41.789835664563,-87.711053003424,630900,3,170316309003
14,Street Speed Hump Replacement (2024),4700-4900 S Karlov Ave,0.0,0.0,41.804054436183,-87.726202191657,570300,2,170315703002
14,Street Speed Hump Replacement (2024),5499-5600 S Spaulding Ave,0.0,0.0,41.791541428208,-87.706256866318,630900,1,170316309001
14,Street Speed Hump Replacement (2024),4000-4100 W 49th St,0.0,0.0,41.80423641433,-87.725667157822,570300,1,170315703001
14,Street Speed Hump Replacement (2024),3400-3500 W 59th Pl,0.0,0.0,41.785435547021,-87.710802037134,660400,4,170316604004
14,,5755 S SAWYER AVE,6518.88,0.004723,41.788276048279,-87.704365825143,630900,1,170316309001
15,Alley Apron Menu (2024),2500 W 51ST ST,21087.38,0.014443,41.80131824771,-87.686845049116,630600,1,170316306001
15,Alley Resurfacing Menu (2024),S ROCKWELL ST & W 45TH ST & W 45TH PL & S WESTERN AVE,47690.27,0.032663,41.812000187026,-87.689445534576,580600,4,170315806004
15,Alley Resurfacing Menu (2024),W 58TH ST & S FAIRFIELD AVE & S CALIFORNIA AVE & W 59TH ST,41653.87,0.028528,41.779605786679,-87.693104025765,835000,3,170318350003
15,Alley Resurfacing Menu (2024),W 61ST ST & S ALBANY AVE & S TROY ST & W 62ND ST,46840.5,0.032081,41.782625304434,-87.700817765529,660302,2,170316603022
15,Alley Speed Hump Menu (2024),S WHIPPLE ST & W 60TH ST & W 61ST ST & S ALBANY AVE,2175.0,0.00149,41.784474980917,-87.699643041799,660302,3,170316603023
15,Alley Speed Hump Replacement (2024),S ROCKWELL ST & W 45TH ST & W 45TH PL & S WESTERN AVE,0.0,0.0,41.812000187026,-87.689445534576,580600,4,170315806004
15,Alley Speed Hump Replacement (2024),W 61ST ST & S ALBANY AVE & S TROY ST & W 62ND ST,0.0,0.0,41.782625304434,-87.700817765529,660302,2,170316603022
15,Bollard Menu (2024),4501 S WALLACE ST,5970.52,0.004089,41.812472884456,-87.640505697411,610800,1,170316108001
15,Pavement Markings Menu (2024),500-700 W 47th St,17000.0,0.011643,41.809102144003,-87.643271557821,842600,4,170318426004
15,Sidewalk Menu (2024),1850 W 45TH ST,5601.73,0.003837,41.812400255265,-87.671926183473,610300,2,170316103002
15,Sidewalk Menu (2024),2155 W 49TH PL,8220.8,0.00563,41.80371182589,-87.679168902188,611500,2,170316115002
15,Sidewalk Menu (2024),2532 W 46TH ST,5330.1,0.003651,41.810384407551,-87.688302578259,580800,1,170315808001
15,Sidewalk Menu (2024),2700-2759 W 57TH ST,141813.68,0.097127,41.789998375303,-87.693352969671,835100,4,170318351004
15,Sidewalk Menu (2024),3001 W 59TH ST,19519.64,0.013369,41.786129526694,-87.698677949467,660302,3,170316603023
15,Sidewalk Menu (2024),4511 S MARSHFIELD AVE,3840.02,0.00263,41.811776264483,-87.666033118808,610400,1,170316104001
15,Sidewalk Menu (2024),4527 S UNION AVE,6080.29,0.004164,41.811752501788,-87.642929324714,842600,3,170318426003
15,Sidewalk Menu (2024),4532 S EMERALD AVE,3745.66,0.002565,41.811585534276,-87.644683824687,842600,4,170318426004
15,Sidewalk Menu (2024),4735 S DAMEN AVE,2973.39,0.002036,41.807469391174,-87.674450645072,611400,3,170316114003
15,Sidewalk Menu (2024),4845 S WOLCOTT AVE,5928.6,0.00406,41.805424709714,-87.671941606175,611400,1,170316114001
15,Sidewalk Menu (2024),4857 S HOYNE AVE,3919.31,0.002684,41.805044338948,-87.676780646516,611500,1,170316115001
15,Sidewalk Menu (2024),4859 S HOYNE AVE,8789.81,0.00602,41.80497665508,-87.676779808326,611500,1,170316115001
15,Sidewalk Menu (2024),4934 S HOYNE AVE,20431.05,0.013993,41.8038105228,-87.677286410554,611500,2,170316115002
15,Sidewalk Menu (2024),4943 S HOYNE AVE,7892.67,0.005406,41.803623271083,-87.676754075883,611500,2,170316115002
15,Sidewalk Menu (2024),5000 S WESTERN AVE,13432.08,0.0092,41.802855111567,-87.684636417629,630600,1,170316306001
15,Sidewalk Menu (2024),525 W 46TH PL,4875.16,0.003339,41.809724374586,-87.639299625363,610800,1,170316108001
15,Sidewalk Menu (2024),5550 S FAIRFIELD AVE,4843.23,0.003317,41.792207286596,-87.692833583659,835100,4,170318351004
15,Sidewalk Menu (2024),5614 S WASHTENAW AVE,5219.02,0.003574,41.791434014119,-87.691544866046,835100,4,170318351004
15,Sidewalk Menu (2024),5616 S FAIRFIELD AVE,4844.42,0.003318,41.791330413796,-87.692788824296,835100,4,170318351004
15,Sidewalk Menu (2024),5649 S ARTESIAN AVE,3865.96,0.002648,41.791010518461,-87.684966077881,835100,1,170318351001
15,Sidewalk Menu (2024),5736 S SEELEY AVE,6050.47,0.004144,41.789154136455,-87.675631739048,670500,1,170316705001
15,Sidewalk Menu (2024),5747 S HOYNE AVE,619.11,0.000424,41.788885203092,-87.676353253273,670500,1,170316705001
15,Sidewalk Menu (2024),5751 S HAMILTON AVE,3934.17,0.002694,41.788772927499,-87.677537280916,670500,1,170316705001
15,Sidewalk Menu (2024),5755 S TALMAN AVE,16821.5,0.011521,41.788533414616,-87.689703781013,835100,2,170318351002
15,Sidewalk Menu (2024),5933 S WHIPPLE ST,6578.94,0.004506,41.785304370236,-87.699396530026,660302,3,170316603023
15,Sidewalk Menu (2024),6017 S FRANCISCO AVE,3917.81,0.002683,41.78401678418,-87.695678317778,660302,1,170316603021
15,Sidewalk Menu (2024),6101 S WOOD ST,15275.52,0.010462,41.782937530327,-87.668882379154,670700,2,170316707002
15,Sidewalk Menu (2024),6153 S RICHMOND ST,1356.43,0.000929,41.781196022304,-87.69684851528,660302,4,170316603024
15,Sidewalk Menu (2024),6158 S HONORE ST,5840.93,0.004,41.781319781105,-87.670568818073,670600,2,170316706002
15,Sidewalk Menu (2024),6522 S SACRAMENTO AVE,5824.56,0.003989,41.774698496691,-87.698426743829,660800,5,170316608005
15,Sidewalk Menu (2024),6100-6300 S Sacramento Ave,574302.8,0.393336,41.78256499664,-87.698744753235,660302,4,170316603024
15,Sidewalk Menu (2024),5000-5100 S Winchester Ave,181259.95,0.124144,41.802950329987,-87.673607341793,611400,2,170316114002
15,Speed Indicator Signs (2024),500-700 W 47th St,4555.35,0.00312,41.809102144003,-87.643271557821,842600,4,170318426004
15,Street Light Upgrade Menu (2024),6336 S CALIFORNIA AVE,500.0,0.000342,41.778008845531,-87.693637575812,660600,3,170316606003
15,Street Resurfacing Menu (2024),4700-4800 S Paulina St,38992.58,0.026706,41.806498305782,-87.667832545781,611300,3,170316113003
15,Street Resurfacing Menu (2024),4600-4700 S Wood St,78096.21,0.053488,41.810249584639,-87.670216023768,610300,3,170316103003
15,Street Speed Hump Menu (2024),5700-5800 S Fairfield Ave,4880.0,0.003342,41.788115325285,-87.692704250893,835100,4,170318351004
15,Street Speed Hump Replacement (2024),4700-4800 S Paulina St,0.0,0.0,41.806498305782,-87.667832545781,611300,3,170316113003
15,Street Speed Hump Replacement (2024),4600-4700 S Wood St,0.0,0.0,41.810249584639,-87.670216023768,610300,3,170316103003
15,,2417-2555 W 45TH ST,47690.27,0.032663,41.811837913381,-87.689183516283,580800,1,170315808001
15,,2417-2555 W 45TH ST,0.0,0.0,41.811837913381,-87.689183516283,580800,1,170315808001
16,Alley Apron Menu (2024),5701 S JUSTINE ST,29622.92,0.019785,41.790301828548,-87.663012783817,670200,1,170316702001
16,Alley Resurfacing Menu (2024),W 57TH ST & S JUSTINE ST & S LAFLIN ST & W 58TH ST,30807.8,0.020576,41.790431999504,-87.663239011384,670200,1,170316702001
16,Alley Resurfacing Menu (2024),W 61ST ST & S CALIFORNIA AVE & S MOZART ST & W 62ND ST,6693.86,0.004471,41.782745291378,-87.693484606079,835000,3,170318350003
16,Alley Resurfacing Menu (2024),W 63RD ST & S TALMAN AVE & S ROCKWELL ST & W 64TH ST,55161.75,0.036842,41.77917501972,-87.689728004713,835000,4,170318350004
16,Alley Resurfacing Menu (2024),W 65TH ST & S TALMAN AVE & S WASHTENAW AVE & W 66TH ST,35797.06,0.023908,41.779632189674,-87.690659611342,835000,4,170318350004
16,Alley Resurfacing Menu (2024),W GARFIELD BLVD & S ASHLAND AVE & S JUSTINE ST & W 56TH ST,41435.24,0.027674,41.794059016646,-87.664687990986,611800,1,170316118001
16,Alley Speed Hump Replacement (2024),W 63RD ST & S TALMAN AVE & S ROCKWELL ST & W 64TH ST,0.0,0.0,41.77917501972,-87.689728004713,835000,4,170318350004
16,Miscellaneous CDOT Projects (2024),5701 S ASHLAND AVE,862.0,0.000576,41.790281292885,-87.66419245287,670200,1,170316702001
16,Sidewalk Menu (2024),6400 S HOYNE AVE,16137.44,0.010778,41.777380160884,-87.676563136129,671400,1,170316714001
16,Sidewalk Menu (2024),6458 S ARTESIAN AVE,6240.65,0.004168,41.775728423044,-87.68506490052,660600,1,170316606001
16,Sidewalk Menu (2024),1730-1800 W 54th St,10750.15,0.00718,41.795875397438,-87.669762907203,611700,1,170316117001
16,Street Light Residential Staggered Piggy Back Menu (2024),6100-6300 S Justine St,336000.0,0.224408,41.779375860159,-87.663082656234,671100,1,170316711001
16,Street Resurfacing Menu (2024),5300-5700 S Aberdeen St,202940.84,0.135541,41.797710299398,-87.652890797543,612000,2,170316120002
16,Street Resurfacing Menu (2024),5900-6000 S Aberdeen St,54747.51,0.036565,41.784967250091,-87.652560969653,680600,1,170316806001
16,Street Resurfacing Menu (2024),6700-6800 S Carpenter St,61367.68,0.040986,41.770459852074,-87.6509052085,681100,4,170316811004
16,Street Resurfacing Menu (2024),6800-6900 S Peoria St,57227.99,0.038222,41.768952366788,-87.647289926022,681100,1,170316811001
16,Street Resurfacing Menu (2024),6200-6300 S Talman Ave,51441.69,0.034357,41.780873612399,-87.690055401851,835000,4,170318350004
16,Street Resurfacing Menu (2024),5100-5200 S Wolcott Ave,58374.37,0.038987,41.799308518786,-87.672373860922,611700,3,170316117003
16,Street Resurfacing Menu (2024),5300-5500 S Wolcott Ave,115708.06,0.077279,41.797510181459,-87.67223379932,611700,2,170316117002
16,Street Resurfacing Menu (2024),6000-6100 S Wolcott Ave,58607.89,0.039143,41.784709380839,-87.67197404414,670600,1,170316706001
16,Street Resurfacing Menu (2024),5100-5300 S Wood St,140702.39,0.093973,41.797527825366,-87.669826432909,611700,1,170316117001
16,Street Resurfacing Menu (2024),2148-2000 W 51st Pl,84819.6,0.05665,41.801427463908,-87.674705790204,611500,2,170316115002
16,Street Speed Hump Menu (2024),6300-6400 S Campbell Ave,4880.0,0.003259,41.777287708492,-87.686389660317,660600,1,170316606001
16,Street Speed Hump Menu (2024),5500-5600 S Justine St,2440.0,0.00163,41.79220524647,-87.663334289214,670200,1,170316702001
16,Street Speed Hump Menu (2024),5900-6000 S Morgan St,4880.0,0.003259,41.784980912593,-87.650041704834,680600,1,170316806001
16,Street Speed Hump Replacement (2024),5300-5700 S Aberdeen St,0.0,0.0,41.797710299398,-87.652890797543,612000,2,170316120002
16,Street Speed Hump Replacement (2024),6700-6800 S Carpenter St,0.0,0.0,41.770459852074,-87.6509052085,681100,4,170316811004
16,Street Speed Hump Replacement (2024),6800-6900 S Peoria St,0.0,0.0,41.768952366788,-87.647289926022,681100,1,170316811001
16,Street Speed Hump Replacement (2024),5300-5500 S Wolcott Ave,0.0,0.0,41.797510181459,-87.67223379932,611700,2,170316117002
16,Street Speed Hump Replacement (2024),6000-6100 S Wolcott Ave,0.0,0.0,41.784709380839,-87.67197404414,670600,1,170316706001
16,,5759 S JUSTINE ST,29622.92,0.019785,41.788764294139,-87.663021417178,670200,1,170316702001
17,Alley Apron Menu (2024),1400 W 73RD ST,6997.61,0.004828,41.761600515694,-87.659053927129,671900,1,170316719001
17,Alley Resurfacing Menu (2024),S RACINE AVE & W 79TH ST & W 80TH ST & S ELIZABETH ST,40772.04,0.028133,41.748644985142,-87.654919972483,710700,2,170317107002
17,Concrete Alley Menu (2024),S BISHOP ST & W 76TH ST & W 77TH ST & S LAFLIN ST,10522.05,0.00726,41.755869012212,-87.660351026645,710300,1,170317103001
17,Curb & Gutter Menu (2024),7758 S WOLCOTT AVE,7283.31,0.005026,41.752227368649,-87.671062847446,710400,5,170317104005
17,Diagonal Parking Menu (2024),7914-7900 S Green St,3467.1,0.002392,41.750148698571,-87.645494187086,710800,1,170317108001
17,Miscellaneous CDOT Projects (2024),2433 W 71ST ST,660.0,0.000455,41.764420648927,-87.684634573611,661000,4,170316610004
17,Miscellaneous CDOT Projects (2024),7900 S RACINE AVE,660.0,0.000455,41.750439376115,-87.65383696837,710700,2,170317107002
17,Miscellaneous CDOT Projects (2024),7958 S CARPENTER ST,660.0,0.000455,41.749354891711,-87.6501517671,710800,5,170317108005
17,Sidewalk Menu (2024),1444 W 71ST PL,30640.92,0.021143,41.764256489353,-87.66075310654,671900,1,170316719001
17,Sidewalk Menu (2024),1754 W 79TH ST,25973.42,0.017922,41.750528356876,-87.668064053947,710400,3,170317104003
17,Sidewalk Menu (2024),3459 W 73RD ST,27697.96,0.019112,41.76042964764,-87.709860749408,661100,5,170316611005
17,Sidewalk Menu (2024),518 W WINNECONNA PKWY,17633.33,0.012167,41.751868329827,-87.637526266108,691200,3,170316912003
17,Sidewalk Menu (2024),7201 S CHRISTIANA AVE,25166.88,0.017366,41.762385606655,-87.70613985495,661100,4,170316611004
17,Sidewalk Menu (2024),8200-8300 S Elizabeth St,56764.21,0.039168,41.743067080035,-87.655092639688,711100,1,170317111001
17,Sidewalk Menu (2024),2150-2100 W 73rd St,40201.52,0.02774,41.76136192482,-87.67600724831,672000,4,170316720004
17,Street Resurfacing Menu (2024),7100-7200 S Artesian Ave,57532.68,0.039699,41.762728300766,-87.684776395413,661000,3,170316610003
17,Street Resurfacing Menu (2024),7740-7900 S Eggleston Ave,95634.22,0.065989,41.753915292356,-87.635677914036,691200,3,170316912003
17,Street Resurfacing Menu (2024),6900-7100 S Elizabeth St,112182.51,0.077408,41.768621890133,-87.655512278652,834900,1,170318349001
17,Street Resurfacing Menu (2024),7445-7300 S Homan Ave,90846.04,0.062685,41.75661821182,-87.707419785266,700100,1,170317001001
17,Street Resurfacing Menu (2024),8200-8300 S Honore St,53543.77,0.036946,41.744677830369,-87.669669691319,711200,4,170317112004
17,Street Resurfacing Menu (2024),7400-7600 S Lowe Ave,51727.46,0.035693,41.755963811537,-87.640864107591,710100,1,170317101001
17,Street Resurfacing Menu (2024),8500-8700 S May St,108429.32,0.074818,41.739452929115,-87.652505732911,711000,3,170317110003
17,Street Resurfacing Menu (2024),7500-7700 S Peoria St,117231.78,0.080892,41.754128510018,-87.646915338769,710200,2,170317102002
17,Street Resurfacing Menu (2024),7900-8000 S Perry Ave,61778.57,0.042628,41.748960312339,-87.627359771928,842400,2,170318424002
17,Street Resurfacing Menu (2024),7100-7400 S Seeley Ave,197918.38,0.136567,41.764729289533,-87.674845892249,672000,4,170316720004
17,Street Resurfacing Menu (2024),7100-7200 S Talman Ave,52927.22,0.036521,41.762638195307,-87.689655165975,661000,5,170316610005
17,Street Resurfacing Menu (2024),7400-7600 S Union Ave,119352.69,0.082355,41.759676659368,-87.642224741933,681300,3,170316813003
17,Street Resurfacing Menu (2024),2000-2030 W 72nd St,27715.23,0.019124,41.763031446722,-87.674379908224,672000,3,170316720003
17,Street Speed Hump Menu (2024),1200-1300 W 73rd Pl,7320.0,0.005051,41.760670711175,-87.657412582849,671800,1,170316718001
17,Street Speed Hump Replacement (2024),7740-7900 S Eggleston Ave,0.0,0.0,41.753915292356,-87.635677914036,691200,3,170316912003
17,Street Speed Hump Replacement (2024),8500-8700 S May St,0.0,0.0,41.739452929115,-87.652505732911,711000,3,170317110003
17,Street Speed Hump Replacement (2024),7500-7700 S Peoria St,0.0,0.0,41.754128510018,-87.646915338769,710200,2,170317102002
17,Street Speed Hump Replacement (2024),7900-8000 S Perry Ave,0.0,0.0,41.748960312339,-87.627359771928,842400,2,170318424002
17,Street Speed Hump Replacement (2024),7100-7400 S Seeley Ave,0.0,0.0,41.764729289533,-87.674845892249,672000,4,170316720004
17,Street Speed Hump Replacement (2024),7400-7600 S Union Ave,0.0,0.0,41.759676659368,-87.642224741933,681300,3,170316813003
18,Alley Resurfacing Menu (2024),S PULASKI RD & W 84TH ST & W 85TH ST & S KOMENSKY AVE,11062.38,0.007375,41.738496009139,-87.722776004915,700302,4,170317003024
18,Curb & Gutter Menu (2024),8500-8600 S Knox Ave,3466.0,0.002311,41.736242115375,-87.737569728744,700302,1,170317003021
18,Miscellaneous CDOT Projects (2024),4532 W 77TH PL,660.0,0.00044,41.752734892886,-87.735432930168,700200,2,170317002002
18,Miscellaneous CDOT Projects (2024),7901 S OAKLEY AVE,660.0,0.00044,41.750031104896,-87.680407413766,700501,2,170317005012
18,Pavement Markings Menu (2024),7520-7600 S Pulaski Rd,8500.0,0.005667,41.7540478342,-87.723139695694,650500,3,170316505003
18,Pavement Markings Menu (2024),W 83RD ST & S CALIFORNIA AVE,4000.0,0.002667,41.742661982655,-87.692443992799,700501,6,170317005016
18,Sidewalk Menu (2024),3601 W 85TH ST,13980.31,0.00932,41.738486453769,-87.712252357841,700402,2,170317004022
18,Sidewalk Menu (2024),7715-7735 S WHIPPLE ST,5827.77,0.003885,41.752496343922,-87.698580467933,700100,2,170317001002
18,Sidewalk Menu (2024),8112 S CHRISTIANA AVE,7134.69,0.004756,41.745664841377,-87.706197606263,700401,4,170317004014
18,Sidewalk Menu (2024),7600-7810 S Hamilton Ave,2594.4,0.00173,41.755495598426,-87.677178367822,710400,6,170317104006
18,Street Cul-de-Sac Menu (2024),S KILBOURN AVE & W 87TH ST,25000.0,0.016667,41.7347249909,-87.733579020823,700302,1,170317003021
18,Street Resurfacing Menu (2024),7200-7400 S Albany Ave,99969.1,0.066646,41.762475544476,-87.700565889338,661100,3,170316611003
18,Street Resurfacing Menu (2024),7900-8000 S Albany Ave,50703.86,0.033803,41.7478833216,-87.700186105305,700501,5,170317005015
18,Street Resurfacing Menu (2024),8200-8300 S Francisco Ave,54604.69,0.036403,41.744246162355,-87.695117233179,700501,4,170317005014
18,Street Resurfacing Menu (2024),8400-8500 S Karlov Ave,53992.12,0.035995,41.738325437409,-87.724345013371,700302,4,170317003024
18,Street Resurfacing Menu (2024),8400-8500 S Lawndale Ave,68697.61,0.045798,41.738586679502,-87.71433035167,700402,2,170317004022
18,Street Resurfacing Menu (2024),8600-8700 S Lawndale Ave,66954.97,0.044637,41.7367594012,-87.71427900382,700402,2,170317004022
18,Street Resurfacing Menu (2024),8141-8100 S Oakley Ave,75912.75,0.050609,41.746381536008,-87.680694743842,700501,2,170317005012
18,Street Resurfacing Menu (2024),7900-8000 S Sacramento Ave,53829.41,0.035886,41.747914376551,-87.697718137734,700501,4,170317005014
18,Street Resurfacing Menu (2024),8000-8100 S Washtenaw Ave,55841.77,0.037228,41.746225171604,-87.690418841173,700501,3,170317005013
18,Street Resurfacing Menu (2024),3800-3900 W 77th Pl,40222.52,0.026815,41.75232426345,-87.718477681148,700200,3,170317002003
18,Street Resurfacing Menu (2024),2214-2300 W 80th St,38372.87,0.025582,41.748563513043,-87.680617797971,700501,2,170317005012
18,Street Resurfacing Menu (2024),4300-4400 W 81st St,73437.87,0.048959,41.745309197225,-87.729649416976,700301,1,170317003011
18,Street Resurfacing Menu (2024),2530-2630 W 81st St,66593.99,0.044396,41.746437443069,-87.688950601222,700501,3,170317005013
18,Street Resurfacing Menu (2024),4250-2630 W 82nd Pl,89726.47,0.059818,41.742987996779,-87.728559015192,700301,2,170317003012
18,Street Resurfacing Menu (2024),3400-3500 W 82nd St,48707.34,0.032472,41.744289141132,-87.707817316903,700401,1,170317004011
18,Street Resurfacing Menu (2024),2530-2630 W 82nd St,58380.13,0.03892,41.744615687755,-87.688082307018,700501,1,170317005011
18,Street Resurfacing Menu (2024),2843-2900 W 83rd Pl,33817.96,0.022545,41.741619399628,-87.694154320142,700502,1,170317005021
18,Street Resurfacing Menu (2024),2700-2800 W 84th Pl,60682.04,0.040455,41.740431055306,-87.692592939219,700502,1,170317005021
18,Street Resurfacing Menu (2024),1530-1630 W 84th St,53944.96,0.035963,41.74127909522,-87.664514419268,711200,1,170317112001
18,Street Resurfacing Menu (2024),2800-2890 W 85th Pl,70991.27,0.047328,41.738757901703,-87.692538373029,700502,1,170317005021
18,Street Resurfacing Menu (2024),1700-1900 W 85th St,134038.38,0.089359,41.739373941282,-87.670510310401,711200,4,170317112004
18,Street Resurfacing Menu (2024),2620-2700 W 86th St,53874.68,0.035916,41.737229126383,-87.689917268087,700502,2,170317005022
18,Street Speed Hump Menu (2024),7520-7600 S Hoyne Ave,4880.0,0.003253,41.755537927037,-87.676006661577,710400,5,170317104005
18,Street Speed Hump Menu (2024),2220-2400 W 74th St,75.0,5e-05,41.759291136409,-87.68255793207,661000,2,170316610002
18,Street Speed Hump Menu (2024),1600-2000 W 86th St,8862.68,0.005908,41.737685290785,-87.672932063683,711200,4,170317112004
18,Street Speed Hump Replacement (2024),4300-4400 W 81st St,0.0,0.0,41.745309197225,-87.729649416976,700301,1,170317003011
19,Bollard Menu (2024),S MALTA ST & W 100TH PL,15613.96,0.010409,41.711425688915,-87.659024674287,720200,2,170317202002
19,Curb & Gutter Menu (2024),10544 S MAPLEWOOD AVE,3083.43,0.002056,41.701412374015,-87.685418700653,720500,2,170317205002
19,Curb & Gutter Menu (2024),9951 S CALIFORNIA AVE,4825.28,0.003217,41.712072143197,-87.691350322073,720400,2,170317204002
19,Miscellaneous CDOT Projects (2024),10501 S CHRISTIANA AVE,660.0,0.00044,41.702330150503,-87.704610660535,740200,3,170317402003
19,Street Bump Outs Menu (2024),10100-10300 S Walden Pkwy,3800.0,0.002533,41.706083773495,-87.669268030354,720700,1,170317207001
19,Street Resurfacing Menu (2024),10715-10735 S LAWNDALE AVE,25630.84,0.017087,41.698177294665,-87.713071102143,740300,4,170317403004
19,Street Resurfacing Menu (2024),9731 S LONGWOOD DR,5490.23,0.00366,41.71655352773,-87.668674005041,720200,3,170317202003
19,Street Resurfacing Menu (2024),10700-10840 S Avers Ave,135814.1,0.090543,41.696453173324,-87.716930853255,740300,5,170317403005
19,Street Resurfacing Menu (2024),9600-9700 S Bell Ave,54197.57,0.036132,41.717154635916,-87.678712172284,720300,4,170317203004
19,Street Resurfacing Menu (2024),10930-11000 S Church St,44174.25,0.02945,41.693359710091,-87.664265954926,750200,2,170317502002
19,Street Resurfacing Menu (2024),11200-11300 S Church St,52226.57,0.034818,41.688767560613,-87.667246902207,750500,3,170317505003
19,Street Resurfacing Menu (2024),9800-9900 S Claremont Ave,64117.03,0.042745,41.713606604119,-87.680717276085,720300,3,170317203003
19,Street Resurfacing Menu (2024),10700-10800 S Fairfield Ave,50380.9,0.033587,41.697022477955,-87.690242988845,750300,3,170317503003
19,Street Resurfacing Menu (2024),10400-10500 S Hale Ave,53324.02,0.035549,41.702851510591,-87.66915461902,720700,1,170317207001
19,Street Resurfacing Menu (2024),11500-11700 S Hale Ave,114863.78,0.076576,41.680827216097,-87.673084227216,750500,4,170317505004
19,Street Resurfacing Menu (2024),11400-11440 S Hamlin Ave,39530.02,0.026353,41.685612318891,-87.714945211874,740400,3,170317404003
19,Street Resurfacing Menu (2024),11240-11330 S Hermosa Ave,50064.27,0.033376,41.687421908394,-87.66928216127,750500,3,170317505003
19,Street Resurfacing Menu (2024),9200-9300 S Hoyne Ave,45976.98,0.030651,41.724527944682,-87.674937717465,720100,1,170317201001
19,Street Resurfacing Menu (2024),9000-9100 S Leavitt St,51540.3,0.03436,41.729984940835,-87.677814554273,720100,2,170317201002
19,Street Resurfacing Menu (2024),11000-11050 S Oakley Ave,28537.43,0.019025,41.693589905317,-87.678224823032,750200,4,170317502004
19,Street Resurfacing Menu (2024),10600-10700 S Prospect Ave,53933.4,0.035956,41.699219626234,-87.662642303697,750200,1,170317502001
19,Street Resurfacing Menu (2024),10160-10300 S Seeley Ave,57459.49,0.038306,41.706370235054,-87.673154356979,720600,1,170317206001
19,Street Resurfacing Menu (2024),10000-10100 S Talman Ave,60891.53,0.040594,41.709834510325,-87.68823761851,720400,2,170317204002
19,Street Resurfacing Menu (2024),10700-1600 S Wood St,94608.68,0.063072,41.695664424141,-87.666807353372,750200,2,170317502002
19,Street Resurfacing Menu (2024),2200-2230 W 104th St,24838.07,0.016559,41.704664565952,-87.678269733874,720600,1,170317206001
19,Street Resurfacing Menu (2024),2699-2650 W 105th St,16374.64,0.010916,41.702741420443,-87.687861857264,720500,1,170317205001
19,Street Resurfacing Menu (2024),2602-2650 W 106th Pl,42334.31,0.028223,41.70016099778,-87.686582024995,720500,2,170317205002
19,Street Resurfacing Menu (2024),3330-3300 W 110th St,83153.14,0.055435,41.693590214333,-87.703578512978,740300,2,170317403002
19,Street Resurfacing Menu (2024),2220-2300 W 113th Pl,51789.95,0.034527,41.687187133395,-87.678824399373,750500,1,170317505001
19,Street Resurfacing Menu (2024),1800-1830 W 91st Pl,35136.53,0.023424,41.728329328282,-87.66908831916,720100,2,170317201002
19,Street Resurfacing Menu (2024),1835-1899 W 91st St,46305.35,0.03087,41.727754394416,-87.670086686656,720100,3,170317201003
19,Street Resurfacing Menu (2024),1900-1940 W 93rd St,32990.29,0.021994,41.724779821659,-87.671411089046,720100,3,170317201003
19,Street Resurfacing Menu (2024),2000-2100 W 97th St,39253.65,0.026169,41.71745397452,-87.675175319378,720300,2,170317203002
19,Street Speed Hump Menu (2024),10100-10300 S Walden Pkwy,12200.0,0.008133,41.706083773495,-87.669268030354,720700,1,170317207001
19,Street Speed Hump Menu (2024),3200-3400 W 110th St,4880.0,0.003253,41.693371419283,-87.706907187979,740300,2,170317403002
19,Street Speed Hump Replacement (2024),11500-11700 S Hale Ave,0.0,0.0,41.680827216097,-87.673084227216,750500,4,170317505004
19,Street Speed Hump Replacement (2024),11240-11330 S Hermosa Ave,0.0,0.0,41.687421908394,-87.66928216127,750500,3,170317505003
20,ADA - Street Resurfacing Menu (2024),900-1000 W 49th Pl,3622.5,0.002532,41.804659693411,-87.648030886263,612200,3,170316122003
20,Alley Resurfacing Menu (2024),E 65TH ST & S RHODES AVE & S ST LAWRENCE AVE & E MARQUETTE RD,30419.28,0.021259,41.774855992652,-87.61067701858,420700,3,170314207003
20,Alley Speed Hump Menu (2024),S INGLESIDE AVE & E 63RD ST & E 65TH ST & S DREXEL AVE,0.0,0.0,41.780433017658,-87.602670959943,420800,1,170314208001
20,Miscellaneous CDOT Projects (2024),6101 S WABASH AVE,660.0,0.000461,41.783558377895,-87.623506108124,400800,2,170314008002
20,Street Resurfacing Menu (2024),4700-4800 S Ada St,69470.9,0.048551,41.806703285224,-87.659070774754,612200,1,170316122001
20,Street Resurfacing Menu (2024),6600-6700 S Drexel Ave,46734.29,0.032661,41.774903286505,-87.603456900897,420800,2,170314208002
20,Street Resurfacing Menu (2024),6500-6600 S Eberhart Ave,64537.98,0.045104,41.776484805987,-87.613426701917,420700,5,170314207005
20,Street Resurfacing Menu (2024),6600-6700 S Evans Ave,56732.02,0.039648,41.772982176288,-87.607251837667,421200,1,170314212001
20,Street Resurfacing Menu (2024),4700-4800 S Justine St,42398.28,0.029631,41.806496419854,-87.664046272479,611200,2,170316112002
20,Street Resurfacing Menu (2024),6000-6200 S Langley Ave,93416.32,0.065286,41.781969294782,-87.608777260226,420500,2,170314205002
20,Street Resurfacing Menu (2024),6600-6700 S Langley Ave,58769.55,0.041072,41.772832140221,-87.60853192192,421200,1,170314212001
20,Street Resurfacing Menu (2024),4700-4900 S Marshfield Ave,131726.31,0.092059,41.804917343702,-87.666170999,611300,3,170316113003
20,Street Resurfacing Menu (2024),4700-4800 S Paulina St,40804.29,0.028517,41.806498305782,-87.667832545781,611300,3,170316113003
20,Street Resurfacing Menu (2024),6500-6600 S Rhodes Ave,56910.73,0.039773,41.776549262822,-87.612188694818,420700,3,170314207003
20,Street Resurfacing Menu (2024),6100-6300 S University Ave,120696.9,0.084351,41.780316760661,-87.597917415014,834400,1,170318344001
20,Street Resurfacing Menu (2024),6599-6700 S University Ave,54743.53,0.038259,41.77508361489,-87.598425002372,834400,3,170318344003
20,Street Resurfacing Menu (2024),900-1000 W 49th Pl,55833.81,0.039021,41.804659693411,-87.648030886263,612200,3,170316122003
20,Street Resurfacing Menu (2024),1200-1300 W 49th Pl,62199.21,0.043469,41.804403626269,-87.657751211737,612200,1,170316122001
20,Street Resurfacing Menu (2024),347-240 W 59th Pl,79060.19,0.055253,41.786100944405,-87.634621685201,834600,1,170318346001
20,Street Resurfacing Menu (2024),250-600 W 60th Pl,189066.19,0.132132,41.784590660094,-87.632426472407,834600,1,170318346001
20,Street Resurfacing Menu (2024),500-600 W 61st Pl,63240.36,0.044197,41.782824919458,-87.640170588922,834800,2,170318348002
20,Street Resurfacing Menu (2024),300-400 W 61st Pl,64386.89,0.044998,41.782660944788,-87.635108972629,834600,1,170318346001
20,Street Speed Hump Menu (2024),1200-1600 W 48th St,17080.0,0.011937,41.80686477812,-87.665725610518,611300,1,170316113001
20,Street Speed Hump Replacement (2024),4700-4800 S Ada St,0.0,0.0,41.806703285224,-87.659070774754,612200,1,170316122001
20,Street Speed Hump Replacement (2024),4700-4800 S Justine St,0.0,0.0,41.806496419854,-87.664046272479,611200,2,170316112002
20,Street Speed Hump Replacement (2024),6000-6200 S Langley Ave,0.0,0.0,41.781969294782,-87.608777260226,420500,2,170314205002
20,Street Speed Hump Replacement (2024),4700-4900 S Marshfield Ave,0.0,0.0,41.804917343702,-87.666170999,611300,3,170316113003
20,Street Speed Hump Replacement (2024),4700-4800 S Paulina St,0.0,0.0,41.806498305782,-87.667832545781,611300,3,170316113003
20,Street Speed Hump Replacement (2024),6500-6600 S Rhodes Ave,0.0,0.0,41.776549262822,-87.612188694818,420700,3,170314207003
20,Street Speed Hump Replacement (2024),1200-1300 W 49th Pl,0.0,0.0,41.804403626269,-87.657751211737,612200,1,170316122001
20,Street Traffic Circle Menu (2024),S THROOP ST & W 50TH ST,28374.04,0.01983,41.803271985521,-87.657528001656,612200,2,170316122002
21,ADA - Alley Resurfacing Menu (2024),1130-1200 W 113th Pl,12600.0,0.008409,41.687644421753,-87.652054901032,750600,3,170317506003
21,ADA - Street Resurfacing Menu (2024),1100-1200 W 106th St,14490.0,0.00967,41.702354248475,-87.654066359463,730700,2,170317307002
21,ADA - Street Resurfacing Menu (2024),1100-1130 W 112th Pl,10867.5,0.007253,41.689653192502,-87.65085927567,750600,3,170317506003
21,Sidewalk Menu (2024),12234 S GREEN ST,666.05,0.000445,41.671316689659,-87.64318329638,530400,1,170315304001
21,Sidewalk Menu (2024),1657 W MONTEREY AVE,13382.3,0.008931,41.689549843636,-87.663908054896,750500,3,170317505003
21,Sidewalk Menu (2024),9142-9152 S ASHLAND AVE,13971.86,0.009324,41.726812474302,-87.663077995024,730300,1,170317303001
21,Street Resurfacing Menu (2024),9300-9500 S Ada St,22815.08,0.015226,41.724802954926,-87.656980411921,730201,5,170317302015
21,Street Resurfacing Menu (2024),10100-10300 S Carpenter St,112190.48,0.074873,41.710356828622,-87.649300325499,730600,2,170317306002
21,Street Resurfacing Menu (2024),8860-8999 S Elizabeth St,53136.72,0.035462,41.733062693351,-87.654559094095,711400,3,170317114003
21,Street Resurfacing Menu (2024),11200-11300 S Emerald Ave,60944.71,0.040673,41.690398217966,-87.641430472788,491200,3,170314912003
21,Street Resurfacing Menu (2024),10100-10200 S Green St,55510.86,0.037047,41.708581876805,-87.644384590743,730600,3,170317306003
21,Street Resurfacing Menu (2024),10400-10500 S Green St,58314.29,0.038918,41.703110547598,-87.644222233279,730700,1,170317307001
21,Street Resurfacing Menu (2024),10700-10800 S Green St,57308.18,0.038246,41.697663609729,-87.644082674591,750100,1,170317501001
21,Street Resurfacing Menu (2024),9200-9300 S Justine St,53103.38,0.03544,41.724761254957,-87.661847280181,730201,2,170317302012
21,Street Resurfacing Menu (2024),9200-9300 S Justine St,23347.19,0.015581,41.724761254957,-87.661847280181,730201,2,170317302012
21,Street Resurfacing Menu (2024),11500-11600 S Loomis St,51790.16,0.034564,41.682948089057,-87.657059537087,530300,4,170315303004
21,Street Resurfacing Menu (2024),10000-10100 S Lowe Ave,59958.42,0.040015,41.710494417562,-87.639574803244,730500,3,170317305003
21,Street Resurfacing Menu (2024),9200-9300 S Lowe Ave,54571.35,0.03642,41.725030188321,-87.640005213972,730100,2,170317301002
21,Street Resurfacing Menu (2024),10300-10330 S Normal Ave,24309.67,0.016224,41.706019943617,-87.635627863782,491100,1,170314911001
21,Street Resurfacing Menu (2024),11100-11200 S Normal Ave,55583.86,0.037095,41.690495992867,-87.635329704562,491200,1,170314912001
21,Street Resurfacing Menu (2024),11100-11200 S Normal Ave,20219.76,0.013494,41.690495992867,-87.635329704562,491200,1,170314912001
21,Street Resurfacing Menu (2024),8700-8800 S Parnell Ave,31886.84,0.021281,41.736805002083,-87.635357029566,710900,2,170317109002
21,Street Resurfacing Menu (2024),10740-10900 S Sangamon St,149600.84,0.09984,41.695874869682,-87.64640965855,750100,1,170317501001
21,Street Resurfacing Menu (2024),10500-10600 S Sangamon St,62947.02,0.042009,41.701253830316,-87.646648375153,730700,2,170317307002
21,Street Resurfacing Menu (2024),1100-1200 W 106th St,76809.73,0.051261,41.702354248475,-87.654066359463,730700,2,170317307002
21,Street Resurfacing Menu (2024),1100-1130 W 112th Pl,31557.48,0.021061,41.689653192502,-87.65085927567,750600,3,170317506003
21,Street Resurfacing Menu (2024),1100-1130 W 112th Pl,11546.89,0.007706,41.689653192502,-87.65085927567,750600,3,170317506003
21,Street Resurfacing Menu (2024),1450-1500 W 112th Pl,37844.4,0.025256,41.689539827262,-87.660336861229,750600,4,170317506004
21,Street Resurfacing Menu (2024),1450-1500 W 113th Pl,51729.42,0.034523,41.6877047772,-87.660262346109,750600,4,170317506004
21,Street Resurfacing Menu (2024),1450-1500 W 113th Pl,9254.62,0.006176,41.6877047772,-87.660262346109,750600,4,170317506004
21,Street Resurfacing Menu (2024),1130-1200 W 113th Pl,43536.01,0.029055,41.687644421753,-87.652054901032,750600,3,170317506003
21,Street Resurfacing Menu (2024),1130-1200 W 113th Pl,13569.19,0.009056,41.687644421753,-87.652054901032,750600,3,170317506003
21,Street Resurfacing Menu (2024),1300-1330 W 113th Pl,50790.46,0.033896,41.687586086368,-87.655131814899,750600,3,170317506003
21,Street Resurfacing Menu (2024),1300-1330 W 113th Pl,10155.5,0.006778,41.687586086368,-87.655131814899,750600,3,170317506003
21,Street Speed Hump Replacement (2024),10100-10300 S Carpenter St,0.0,0.0,41.710356828622,-87.649300325499,730600,2,170317306002
21,Street Speed Hump Replacement (2024),11200-11300 S Emerald Ave,0.0,0.0,41.690398217966,-87.641430472788,491200,3,170314912003
21,Street Speed Hump Replacement (2024),10400-10500 S Green St,0.0,0.0,41.703110547598,-87.644222233279,730700,1,170317307001
21,Street Speed Hump Replacement (2024),10700-10800 S Green St,0.0,0.0,41.697663609729,-87.644082674591,750100,1,170317501001
21,Street Speed Hump Replacement (2024),10000-10100 S Lowe Ave,0.0,0.0,41.710494417562,-87.639574803244,730500,3,170317305003
21,Street Speed Hump Replacement (2024),11100-11200 S Normal Ave,0.0,0.0,41.690495992867,-87.635329704562,491200,1,170314912001
21,Street Speed Hump Replacement (2024),10740-10900 S Sangamon St,0.0,0.0,41.695874869682,-87.64640965855,750100,1,170317501001
21,Street Speed Hump Replacement (2024),10500-10600 S Sangamon St,0.0,0.0,41.701253830316,-87.646648375153,730700,2,170317307002
21,Street Speed Hump Replacement (2024),1130-1200 W 112th Pl,0.0,0.0,41.689628382069,-87.652226950811,750600,3,170317506003
21,Street Speed Hump Replacement (2024),1300-1330 W 113th Pl,0.0,0.0,41.687586086368,-87.655131814899,750600,3,170317506003
21,,9300-9400 S Justine St,23347.19,0.015581,41.722932826599,-87.661800509161,730201,2,170317302012
21,,11200-11300 S Normal Ave,20219.76,0.013494,41.690495992867,-87.635329704562,491200,1,170314912001
21,,1130-1200 W 112th Pl,11546.89,0.007706,41.689628382069,-87.652226950811,750600,3,170317506003
21,,1500-1550 W 113th Pl,9254.62,0.006176,41.6877047772,-87.660262346109,750600,4,170317506004
21,,1100-1130 W 113th Pl,13569.19,0.009056,41.687658428139,-87.650834903865,750600,3,170317506003
21,,1330-1400 W 113th Pl,10155.5,0.006778,41.687756242085,-87.657011173506,750600,4,170317506004
22,Alley Apron Menu (2024),4015 W 25TH PL,12039.71,0.008135,41.844955986293,-87.725242966658,301802,1,170313018021
22,Alley Apron Menu (2024),W 30TH ST & S KEDVALE AVE & S KEELER AVE & W 31ST ST,4411.49,0.002981,41.838684981614,-87.728040007748,301803,2,170313018032
22,Alley Resurfacing Menu (2024),S DRAKE AVE & W CERMAK RD & W 23RD ST & S CENTRAL PARK AVE,13717.49,0.009269,41.849866985273,-87.714932974295,300700,1,170313007001
22,Alley Speed Hump Menu (2024),W 47TH ST & S LEAMINGTON AVE & S LARAMIE AVE & W 48TH ST,1450.0,0.00098,41.807518006213,-87.751676974702,560200,2,170315602002
22,Alley Speed Hump Replacement (2024),2233 S CENTRAL PARK AVE,0.0,0.0,41.850697087054,-87.714683025943,300700,1,170313007001
22,Bollard Menu (2024),4900 S CICERO AVE,7000.0,0.00473,41.803749628274,-87.743593132004,560300,2,170315603002
22,Curb & Gutter Menu (2024),2237 S CHRISTIANA AVE,6832.75,0.004617,41.850602539187,-87.70863389024,300800,1,170313008001
22,Diagonal Parking Menu (2024),5001-5013 W 44TH ST,74107.2,0.050076,41.812876517875,-87.752894454678,560200,1,170315602001
22,Floodlight Menu (2024),3850 W 31ST ST,250.0,0.000169,41.837005213369,-87.721005495,301702,1,170313017021
22,Floodlight Menu (2024),4220 W OGDEN AVE,950.0,0.000642,41.849333104334,-87.729893647038,843400,1,170318434001
22,Miscellaneous CDOT Projects (2024),4901 S LAMON AVE,660.0,0.000446,41.803813582195,-87.745263310031,560300,2,170315603002
22,Pavement Markings Menu (2024),4000-4500 W Cermak Rd,14500.0,0.009798,41.851750859922,-87.73712079401,292500,3,170312925003
22,Pedestrian Refuge Island Menu (2024),3350 S KEDZIE AVE,80000.0,0.054058,41.832438116815,-87.705104103175,830500,3,170318305003
22,Sidewalk Menu (2024),2505 S AVERS AVE,1115.9,0.000754,41.845932058918,-87.72062437037,300500,2,170313005002
22,Sidewalk Menu (2024),2518 S LAWNDALE AVE,2722.93,0.00184,41.845616019259,-87.717562964055,300600,2,170313006002
22,Sidewalk Menu (2024),2700 S KARLOV AVE,10823.23,0.007313,41.842235262432,-87.727192262061,301803,1,170313018031
22,Sidewalk Menu (2024),2840 S KEDVALE AVE,5321.86,0.003596,41.839263961576,-87.72833588893,301803,2,170313018032
22,Sidewalk Menu (2024),2847 S MILLARD AVE,4137.84,0.002796,41.839338686242,-87.715560024472,301702,3,170313017023
22,Sidewalk Menu (2024),3503-3507 W 25TH ST,36227.51,0.02448,41.846190547973,-87.713124760711,300700,2,170313007002
22,Sidewalk Menu (2024),4259-4263 W CERMAK RD,7816.95,0.005282,41.851166515542,-87.73201504151,843400,1,170318434001
22,Sidewalk Menu (2024),4329 W 26TH ST,8816.4,0.005957,41.843886832634,-87.732244538019,301801,2,170313018012
22,Sidewalk Menu (2024),4447-4459 W 30TH ST,22267.27,0.015046,41.838555151844,-87.734555370753,301801,2,170313018012
22,Sidewalk Menu (2024),4627-4631 S KILPATRICK AVE,9032.31,0.006103,41.808535820715,-87.740453354893,560100,1,170315601001
22,Sidewalk Menu (2024),4645 S LECLAIRE AVE,564.9,0.000382,41.808053442188,-87.750248698401,560200,2,170315602002
22,Sidewalk Menu (2024),4836-4840 S LAWLER AVE,1554.36,0.00105,41.804520763366,-87.749455602723,560300,1,170315603001
22,Sidewalk Menu (2024),4900-4904 S LA CROSSE AVE,7124.73,0.004814,41.803747448979,-87.744539029777,560300,2,170315603002
22,Sidewalk Menu (2024),4907 S LA CROSSE AVE,5007.4,0.003384,41.803675825616,-87.744011053696,560300,2,170315603002
22,Sidewalk Menu (2024),2400-2440 S Keeler Ave,18262.42,0.01234,41.846702802991,-87.729573181513,301802,2,170313018022
22,Sidewalk Menu (2024),3100-3300 S Keeler Ave,130186.77,0.08797,41.834985502919,-87.730743590617,830500,1,170318305001
22,Sidewalk Menu (2024),4033-4100 W 26th St,3672.34,0.002481,41.844268180818,-87.727530507921,301802,1,170313018021
22,Street Bump Outs Menu (2024),S KARLOV AVE & W 25TH PL,24520.13,0.016569,41.845150991271,-87.726195989049,301802,1,170313018021
22,Street Light Upgrade Menu (2024),3901 W 24TH ST,750.0,0.000507,41.847891571414,-87.722282402318,300500,2,170313005002
22,Street Light Upgrade Menu (2024),4712 S LAVERGNE AVE,500.0,0.000338,41.807095263022,-87.7481049821,560300,1,170315603001
22,Street Resurfacing Menu (2024),2200-2700 S Hamlin Ave,327461.67,0.221272,41.842357135304,-87.720028333236,301701,2,170313017012
22,Street Resurfacing Menu (2024),2400-2600 S Harding Ave,113568.03,0.07674,41.847816352662,-87.723702624312,300500,2,170313005002
22,Street Resurfacing Menu (2024),2300-2400 S Homan Ave,61062.15,0.041261,41.847961694863,-87.710293087973,300700,3,170313007003
22,Street Resurfacing Menu (2024),2800-3000 S Karlov Ave,64405.15,0.04352,41.838579998276,-87.727117160208,301803,2,170313018032
22,Street Resurfacing Menu (2024),4500-4600 S Kilpatrick Ave,53749.29,0.036319,41.809343500905,-87.741034053145,560100,1,170315601001
22,Street Resurfacing Menu (2024),4900-5000 S La Crosse Ave,54373.73,0.036741,41.801997978148,-87.744489828006,560300,2,170315603002
22,Street Resurfacing Menu (2024),3240-3100 S Millard Ave,99753.99,0.067406,41.836979439665,-87.715879216984,830500,2,170318305002
22,Street Resurfacing Menu (2024),3700-3732 W 23rd St,35318.24,0.023865,41.849838868264,-87.718098308365,300600,1,170313006001
22,Street Resurfacing Menu (2024),3700-3730 W 24th St,31574.91,0.021336,41.848062380315,-87.718640399625,300600,1,170313006001
22,Street Resurfacing Menu (2024),3500-3600 W 24th St,49685.6,0.033574,41.848118069295,-87.714959513764,300600,1,170313006001
22,Street Speed Hump Menu (2024),3000-3100 S Karlov Ave,4880.0,0.003298,41.838579998276,-87.727117160208,301803,2,170313018032
22,Street Speed Hump Menu (2024),2700-2800 S Komensky Ave,4880.0,0.003298,41.842255672366,-87.725962050131,301803,1,170313018031
22,Street Speed Hump Replacement (2024),2300-2400 S Homan Ave,0.0,0.0,41.847961694863,-87.710293087973,300700,3,170313007003
22,Street Speed Hump Replacement (2024),2800-3000 S Karlov Ave,0.0,0.0,41.838579998276,-87.727117160208,301803,2,170313018032
22,Street Speed Hump Replacement (2024),3240-3100 S Millard Ave,0.0,0.0,41.836979439665,-87.715879216984,830500,2,170318305002
22,,3045 S KEELER AVE,4411.49,0.002981,41.837322251795,-87.728982217484,301803,2,170313018032
22,,2233 S CENTRAL PARK AVE,13717.49,0.009269,41.850697087054,-87.714683025943,300700,1,170313007001
22,,2222 S DRAKE AVE,13717.49,0.009269,41.850960697909,-87.713994033501,300700,1,170313007001
22,,S DRAKE AVE & W CERMAK RD & W 23RD ST & S CENTRAL PARK AVE,0.0,0.0,41.849866985273,-87.714932974295,300700,1,170313007001
22,,2222 S DRAKE AVE,0.0,0.0,41.850960697909,-87.713994033501,300700,1,170313007001
22,,3058 S AVERS AVE,250.0,0.000169,41.837072093895,-87.720952438061,301702,1,170313017021
22,,4335 W 26TH ST,8816.4,0.005957,41.843906111011,-87.732527427251,301801,2,170313018012
22,,2412-2417 S KEELER AVE,18262.42,0.01234,41.847122414898,-87.729315565773,301802,2,170313018022
22,,4051 W 26TH ST,3672.34,0.002481,41.844170730189,-87.726603596427,301802,3,170313018023
23,Alley Apron Menu (2024),3616 W 59TH PL,20198.2,0.013485,41.786362711241,-87.714112637431,620400,2,170316204002
23,Alley Apron Menu (2024),3700 W 66TH ST,30393.75,0.020292,41.773527712456,-87.715457094701,650302,2,170316503022
23,Alley Apron Menu (2024),5001 S LA CROSSE AVE,24759.61,0.01653,41.802004348394,-87.743980878845,560300,2,170315603002
23,Alley Apron Menu (2024),5116 S MASSASOIT AVE,19870.02,0.013266,41.799431690853,-87.766467429589,560800,1,170315608001
23,Alley Apron Menu (2024),5200 S LARAMIE AVE,19271.03,0.012866,41.798239071759,-87.752977007885,560700,2,170315607002
23,Alley Apron Menu (2024),6758 W ARCHER AVE,12787.67,0.008538,41.792376894407,-87.791409961782,560900,3,170315609003
23,Alley Apron Menu (2024),6730-6799 W 52nd St,26502.63,0.017694,41.797652885094,-87.791640611398,560900,3,170315609003
23,Alley Speed Hump Menu (2024),W 65TH PL & S PULASKI RD & S SPRINGFIELD AVE & W 66TH ST,1450.0,0.000968,41.773205009183,-87.720179961864,650302,2,170316503022
23,Bollard Menu (2024),5001 S LA CROSSE AVE,1549.16,0.001034,41.802004348394,-87.743980878845,560300,2,170315603002
23,Curb & Gutter Menu (2024),3937 W 63RD PL,4140.29,0.002764,41.77756833461,-87.721822982524,650302,1,170316503021
23,Curb & Gutter Menu (2024),5221 S NATOMA AVE,6537.37,0.004365,41.797093558962,-87.787815634062,560900,2,170315609002
23,Curb & Gutter Menu (2024),5252 S AUSTIN AVE,14900.21,0.009948,41.796543496566,-87.772997435077,560800,3,170315608003
23,Curb & Gutter Menu (2024),5300 S TRIPP AVE,14765.23,0.009858,41.796675218175,-87.729689231017,620200,1,170316202001
23,Curb & Gutter Menu (2024),5302 S HARDING AVE,4872.86,0.003253,41.796704261469,-87.722318101545,620100,2,170316201002
23,Curb & Gutter Menu (2024),5314 S HAMLIN AVE,8536.33,0.005699,41.796482099125,-87.718633919823,620100,2,170316201002
23,Curb & Gutter Menu (2024),5343 S NEWCASTLE AVE,7145.01,0.00477,41.79467676291,-87.792579404913,560900,4,170315609004
23,Curb & Gutter Menu (2024),5422-5424 S LARAMIE AVE,10612.37,0.007085,41.793901688323,-87.752830576037,560700,1,170315607001
23,Curb & Gutter Menu (2024),6805 S KILBOURN AVE,7246.13,0.004838,41.769202524689,-87.73443808208,650500,3,170316505003
23,Curb & Gutter Menu (2024),7258 S RIDGEWAY AVE,13479.72,0.009,41.760679093078,-87.71645789394,650400,3,170316504003
23,Pavement Markings Menu (2024),6180-6400 S Archer Ave,15000.0,0.010015,41.794187008307,-87.773611996217,560800,3,170315608003
23,Pavement Markings Menu (2024),W 55TH ST & S CENTRAL AVE,2436.62,0.001627,41.792727006503,-87.762324003392,561100,1,170315611001
23,Pavement Markings Menu (2024),W 59TH ST & S PULASKI RD,17000.0,0.01135,41.785927983833,-87.723039029037,650200,1,170316502001
23,Pavement Markings Menu (2024),W ARCHER AVE & S SAYRE AVE,9304.0,0.006212,41.792113996014,-87.796432984898,560900,6,170315609006
23,Sidewalk Menu (2024),3648 W 70TH PL,6757.12,0.004511,41.765317344929,-87.714668944345,650400,2,170316504002
23,Sidewalk Menu (2024),3737 W 69TH PL,4664.44,0.003114,41.766697718653,-87.716614048796,650400,2,170316504002
23,Sidewalk Menu (2024),3824 W 66TH PL,9027.16,0.006027,41.772558303444,-87.718723187092,650302,2,170316503022
23,Sidewalk Menu (2024),5106 S NORMANDY AVE,4138.12,0.002763,41.79927092595,-87.78961212737,560900,3,170315609003
23,Sidewalk Menu (2024),5143 S AUSTIN AVE,6926.34,0.004624,41.798606408666,-87.771996300561,560800,2,170315608002
23,Sidewalk Menu (2024),5208 S NEENAH AVE,4463.41,0.00298,41.797448281104,-87.785914283146,560900,2,170315609002
23,Sidewalk Menu (2024),5257 S SAYRE AVE,4586.93,0.003062,41.795990332866,-87.796275153661,560900,5,170315609005
23,Sidewalk Menu (2024),5259 S OAK PARK AVE,19759.84,0.013192,41.79611635478,-87.791395880185,560900,3,170315609003
23,Sidewalk Menu (2024),5300 S SAYRE AVE,8822.55,0.00589,41.795691979023,-87.796841183583,560900,6,170315609006
23,Sidewalk Menu (2024),5348 S NORMANDY AVE,6583.98,0.004396,41.794488211998,-87.789448093525,560900,3,170315609003
23,Sidewalk Menu (2024),5401 S NORMANDY AVE,5602.05,0.00374,41.794005372466,-87.788931852108,560900,3,170315609003
23,Sidewalk Menu (2024),6900 S KEDVALE AVE,3477.74,0.002322,41.76752643742,-87.72708841028,650500,3,170316505003
23,Sidewalk Menu (2024),7144 S MILLARD AVE,3423.3,0.002286,41.762881396228,-87.714073996858,650400,3,170316504003
23,Sidewalk Menu (2024),7150 S AVERS AVE,450.96,0.000301,41.762629100942,-87.718964585904,650400,4,170316504004
23,Sidewalk Menu (2024),7250 S MILLARD AVE,2554.88,0.001706,41.760869823285,-87.71399671571,650400,3,170316504003
23,Sidewalk Menu (2024),7254 S RIDGEWAY AVE,5167.3,0.00345,41.760774688684,-87.716460659968,650400,3,170316504003
23,Street Bump Outs Menu (2024),5100-5101 S NATOMA AVE,6034.39,0.004029,41.799451094959,-87.787838851934,560900,2,170315609002
23,Street Light Upgrade Menu (2024),5402 S LONG AVE,500.0,0.000334,41.794396807344,-87.757760979122,560700,1,170315607001
23,Street Resurfacing Menu (2024),5100-5200 S Avers Ave,43951.17,0.029343,41.79863725407,-87.719898246098,620100,2,170316201002
23,Street Resurfacing Menu (2024),6800-6900 S Karlov Ave,56487.68,0.037713,41.76755418152,-87.725198039657,650500,1,170316505001
23,Street Resurfacing Menu (2024),6800-6900 S Kedvale Ave,53782.63,0.035907,41.76752643742,-87.72708841028,650500,3,170316505003
23,Street Resurfacing Menu (2024),6700-6800 S Kenneth Ave,54823.25,0.036602,41.769271423933,-87.733798039953,650500,3,170316505003
23,Street Resurfacing Menu (2024),6827-6800 S Kilbourn Ave,23751.84,0.015858,41.769274860513,-87.735023055102,650500,3,170316505003
23,Street Resurfacing Menu (2024),6800-6900 S Kildare Ave,58784.04,0.039246,41.76933831152,-87.730121821039,650500,2,170316505002
23,Street Resurfacing Menu (2024),5400-6300 S Merrimac Ave,30198.99,0.020162,41.794174267815,-87.778487162561,560800,5,170315608005
23,Street Resurfacing Menu (2024),7100-7200 S Millard Ave,56424.91,0.037671,41.762269810663,-87.714064776764,650400,3,170316504003
23,Street Resurfacing Menu (2024),5300-5400 S Nashville Ave,52436.07,0.035008,41.794040911735,-87.787026477878,560900,2,170315609002
23,Street Resurfacing Menu (2024),5130-5200 S Nordica Ave,38816.42,0.025915,41.797471498976,-87.798184383567,560900,5,170315609005
23,Street Resurfacing Menu (2024),7100-7200 S Ridgeway Ave,43777.36,0.029227,41.76221813623,-87.716503826769,650400,3,170316504003
23,Street Resurfacing Menu (2024),7200-7300 S Ridgeway Ave,59650.55,0.039825,41.76221813623,-87.716503826769,650400,3,170316504003
23,Street Resurfacing Menu (2024),4430-4500 W 53rd St,18620.3,0.012432,41.796809155993,-87.735770957505,570500,2,170315705002
23,Street Resurfacing Menu (2024),3600-3700 W 55th Pl,50351.54,0.033617,41.792592812233,-87.715952046083,620400,1,170316204001
23,Street Resurfacing Menu (2024),3900-4000 W 57th St,56957.43,0.038027,41.789830891318,-87.720780860503,620400,4,170316204004
23,Street Resurfacing Menu (2024),3600-3700 W 61st Pl,48548.75,0.032413,41.781707779403,-87.715662199871,650100,2,170316501002
23,Street Resurfacing Menu (2024),3600-3600 W 61st St,10639.73,0.007103,41.78252227934,-87.713383730509,650100,1,170316501001
23,Street Resurfacing Menu (2024),3600-3600 W 62nd St,10481.34,0.006998,41.781040621819,-87.713243769348,650100,2,170316501002
23,Street Resurfacing Menu (2024),3700-3800 W 63rd Pl,55984.59,0.037377,41.778070242972,-87.718002846333,650302,1,170316503021
23,Street Resurfacing Menu (2024),3800-3900 W 65th Pl,58278.61,0.038909,41.774399514205,-87.717928331214,650302,2,170316503022
23,Street Resurfacing Menu (2024),3700-3800 W 65th Pl,61353.26,0.040962,41.774399514205,-87.717928331214,650302,2,170316503022
23,Street Resurfacing Menu (2024),3500-3600 W 66th Pl,54877.1,0.036638,41.772650630107,-87.713129021094,650302,2,170316503022
23,Street Resurfacing Menu (2024),3560-3560 W 66th St,12653.94,0.008448,41.773405706821,-87.711676240446,660500,3,170316605003
23,Street Speed Hump Menu (2024),6100-6300 S Central Park Ave,7320.0,0.004887,41.784891100662,-87.713412771389,650100,1,170316501001
23,Street Speed Hump Menu (2024),5100-5200 S Hamlin Ave,4880.0,0.003258,41.798657077271,-87.718650851268,620100,2,170316201002
23,Street Speed Hump Menu (2024),5300-5990 S Massasoit Ave,2440.0,0.001629,41.783621880668,-87.765663840061,640300,4,170316403004
23,Street Speed Hump Menu (2024),5300-5920 S Parkside Ave,2440.0,0.001629,41.796273725012,-87.763921761775,560800,1,170315608001
23,Street Speed Hump Menu (2024),6030-6130 S Springfield Ave,4880.0,0.003258,41.781365599043,-87.720461165386,650100,3,170316501003
23,Street Speed Hump Menu (2024),6900-6930 S Springfield Ave,2440.0,0.001629,41.767540477108,-87.72022874454,650400,5,170316504005
23,Street Speed Hump Menu (2024),7100-7200 S Springfield Ave,4880.0,0.003258,41.762183812336,-87.72016043203,650400,3,170316504003
23,Street Speed Hump Menu (2024),6500-6600 W 54th St,4880.0,0.003258,41.794652287753,-87.787050031026,560900,2,170315609002
23,Street Speed Hump Menu (2024),3600-3700 W 58th St,4880.0,0.003258,41.788093574246,-87.715825646983,620400,2,170316204002
23,Street Speed Hump Menu (2024),3800-3900 W 59th Pl,4880.0,0.003258,41.785282283921,-87.720664771144,650100,4,170316501004
23,Street Speed Hump Replacement (2024),6800-6900 S Kildare Ave,0.0,0.0,41.76933831152,-87.730121821039,650500,2,170316505002
23,Street Speed Hump Replacement (2024),5130-5200 S Nordica Ave,0.0,0.0,41.797471498976,-87.798184383567,560900,5,170315609005
23,Street Speed Hump Replacement (2024),7100-7200 S Ridgeway Ave,0.0,0.0,41.76221813623,-87.716503826769,650400,3,170316504003
23,Street Speed Hump Replacement (2024),3500-3600 W 66th Pl,0.0,0.0,41.772650630107,-87.713129021094,650302,2,170316503022
23,,5316 S HAMLIN AVE,8536.33,0.005699,41.796396310346,-87.718631824347,620100,2,170316201002
23,,5340 S HAMLIN AVE,8536.33,0.005699,41.79575190963,-87.718604666981,620100,2,170316201002
23,,W ARCHER AVE & S OAK PARK AVE,2436.62,0.001627,41.792205987401,-87.791530996464,560900,3,170315609003
23,,W ARCHER AVE & S NASHVILLE AVE,2436.62,0.001627,41.792302505016,-87.786684077134,560900,2,170315609002
23,,W 65TH ST & S PULASKI RD,2436.62,0.001627,41.774997018173,-87.722750021016,650301,3,170316503013
23,,W 63RD ST & S OAK PARK AVE,2436.62,0.001627,41.777565987677,-87.791008971534,640400,2,170316404002
23,,5352 S NORMANDY AVE,6583.98,0.004396,41.794376565048,-87.789448847896,560900,3,170315609003
23,,5304 S NORMANDY AVE,6583.98,0.004396,41.795705515796,-87.789515064931,560900,3,170315609003
23,,5300 S NORMANDY AVE,6583.98,0.004396,41.795800566578,-87.789526799596,560900,3,170315609003
24,Alley Apron Menu (2024),4144 W ARTHINGTON ST,12922.59,0.008903,41.870022622173,-87.729341062464,261000,2,170312610002
24,Alley Resurfacing Menu (2024),S LAWNDALE AVE & W 15TH ST & W DOUGLAS BLVD & S MILLARD AVE,76514.61,0.052718,41.860789108025,-87.717689530792,838700,4,170318387004
24,Alley Resurfacing Menu (2024),S SPRINGFIELD AVE & W FLOURNOY ST & S INDEPENDENCE BLVD & W LEXINGTON ST,40282.93,0.027754,41.871709009573,-87.719743013251,270500,1,170312705001
24,Alley Resurfacing Menu (2024),S TRUMBULL AVE & W 16TH ST & W 18TH ST & S ST LOUIS AVE,23619.95,0.016274,41.859025010773,-87.711561940476,291200,1,170312912001
24,Alley Resurfacing Menu (2024),W CERMAK RD & S TROY ST & S ALBANY AVE & W 23RD ST,57422.76,0.039564,41.84271759905,-87.703754784401,843500,1,170318435001
24,Alley Resurfacing Menu (2024),W HARRISON ST & S CICERO AVE & S KILPATRICK AVE & W FLOURNOY ST,16988.16,0.011705,41.872318918757,-87.742509771019,831400,1,170318314001
24,Alley Resurfacing Menu (2024),W HARRISON ST & S KILPATRICK AVE & S KILPATRICK AVE & W FLOURNOY ST,36909.48,0.02543,41.873213980288,-87.742533994719,252202,3,170312522023
24,Alley Resurfacing Menu (2024),W OGDEN AVE & S HOMAN AVE & S KEDZIE AVE & W 19TH ST,81866.22,0.056405,41.856286014363,-87.710260985284,292200,1,170312922001
24,Alley Resurfacing Menu (2024),W OGDEN AVE & S LAWNDALE AVE & S RIDGEWAY AVE & W 19TH ST,26324.9,0.018137,41.853701580248,-87.717522982376,844700,2,170318447002
24,Alley Speed Hump Menu (2024),W 16TH ST & S LAWNDALE AVE & S MILLARD AVE & W OGDEN AVE,1200.44,0.000827,41.858967008003,-87.717660026493,838700,4,170318387004
24,Alley Speed Hump Replacement (2024),S LAWNDALE AVE & W 15TH ST & W DOUGLAS BLVD & S MILLARD AVE,0.0,0.0,41.860789108025,-87.717689530792,838700,4,170318387004
24,Alley Speed Hump Replacement (2024),S TRUMBULL AVE & W 16TH ST & W 18TH ST & S ST LOUIS AVE,0.0,0.0,41.859025010773,-87.711561940476,291200,1,170312912001
24,Alley Speed Hump Replacement (2024),W CERMAK RD & S TROY ST & S ALBANY AVE & W 23RD ST,0.0,0.0,41.84271759905,-87.703754784401,843500,1,170318435001
24,Alley Speed Hump Replacement (2024),W OGDEN AVE & S HOMAN AVE & S KEDZIE AVE & W 19TH ST,0.0,0.0,41.856286014363,-87.710260985284,292200,1,170312922001
24,Alley Speed Hump Replacement (2024),W OGDEN AVE & S LAWNDALE AVE & S RIDGEWAY AVE & W 19TH ST,0.0,0.0,41.853701580248,-87.717522982376,844700,2,170318447002
24,Curb & Gutter Menu (2024),1538-1554 S TRUMBULL AVE,1522.2,0.001049,41.859168760413,-87.71189922826,291200,1,170312912001
24,Floodlight Menu (2024),S KEDVALE AVE & W 13TH ST,950.0,0.000655,41.864298694704,-87.728787086778,290900,1,170312909001
24,Miscellaneous CDOT Projects (2024),1101 S CENTRAL PARK AVE,660.0,0.000455,41.867820183685,-87.715097678693,843000,1,170318430001
24,Pavement Markings Menu (2024),W OGDEN AVE & S ALBANY AVE,1600.0,0.001102,41.858883985253,-87.702919024836,843100,1,170318431001
24,Sidewalk Menu (2024),2149 S DRAKE AVE,2740.45,0.001888,41.852097577347,-87.713457591698,844700,1,170318447001
24,Sidewalk Menu (2024),3210 W 21ST ST,44884.33,0.030925,41.853650848335,-87.706045461167,844700,3,170318447003
24,Street Light Upgrade Menu (2024),1800-1900 S CENTRAL PARK AVE,1000.0,0.000689,41.85703078837,-87.715423567088,292200,2,170312922002
24,Street Light Upgrade Menu (2024),3736 W CERMAK RD,500.0,0.000344,41.851851484669,-87.718921419102,844700,2,170318447002
24,Street Resurfacing Menu (2024),2200-2300 S Albany Ave,79093.79,0.054495,41.84986124367,-87.702973842483,300900,2,170313009002
24,Street Resurfacing Menu (2024),1800-1900 S Avers Ave,61390.71,0.042297,41.854860043086,-87.721394667272,292400,1,170312924001
24,Street Resurfacing Menu (2024),1200-1300 S Christiana Ave,57895.3,0.039889,41.866099378963,-87.709524132176,841500,1,170318415001
24,Street Resurfacing Menu (2024),1400-1500 S Kenneth Ave,59063.36,0.040694,41.860412006201,-87.736238011968,290900,3,170312909003
24,Street Resurfacing Menu (2024),600-700 S Kilpatrick Ave,25924.3,0.017861,41.871168300025,-87.742573570937,831400,1,170318314001
24,Street Resurfacing Menu (2024),1600-1800 S Komensky Ave,58431.73,0.040259,41.856910256602,-87.726352563,292500,1,170312925001
24,Street Resurfacing Menu (2024),1800-1900 S Lawndale Ave,64344.09,0.044332,41.854948933169,-87.718063112217,292200,2,170312922002
24,Street Resurfacing Menu (2024),1300-1400 S Millard Ave,62620.12,0.043144,41.864210014168,-87.716785039621,838700,1,170318387001
24,Street Resurfacing Menu (2024),1500-1600 S Millard Ave,55084.75,0.037953,41.858919077107,-87.716502667243,292200,2,170312922002
24,Street Resurfacing Menu (2024),1410-1500 S Ridgeway Ave,62749.75,0.043234,41.860596030886,-87.719257784877,838700,1,170318387001
24,Street Resurfacing Menu (2024),1600-1660 S Sawyer Ave,39272.93,0.027059,41.858913866737,-87.70704359175,841500,2,170318415002
24,Street Resurfacing Menu (2024),2100-2200 S Spaulding Ave,56098.05,0.038651,41.853441825068,-87.708085294677,841700,1,170318417001
24,Street Resurfacing Menu (2024),1360-1500 S Spaulding Ave,53463.24,0.036835,41.860772302309,-87.708248574151,841500,2,170318415002
24,Street Resurfacing Menu (2024),1900-2160 S Springfield Ave,90360.12,0.062257,41.854883470505,-87.72269595774,292400,2,170312924002
24,Street Resurfacing Menu (2024),1130-1200 S St Louis Ave,30139.99,0.020766,41.867153990021,-87.713232034684,843000,1,170318430001
24,Street Resurfacing Menu (2024),3738-3900 W Polk St,75939.95,0.052322,41.870886627847,-87.718620445841,270500,1,170312705001
24,Street Speed Hump Menu (2024),1400-1500 S Kolin Ave,4880.0,0.003362,41.860431871312,-87.733914967502,290900,3,170312909003
24,Street Speed Hump Menu (2024),3800-3940 W Harrison St,4880.0,0.003362,41.873524283734,-87.724449593725,260800,2,170312608002
24,Street Speed Hump Replacement (2024),1200-1300 S Christiana Ave,0.0,0.0,41.866099378963,-87.709524132176,841500,1,170318415001
24,Street Speed Hump Replacement (2024),1600-1800 S Komensky Ave,0.0,0.0,41.856910256602,-87.726352563,292500,1,170312925001
24,Street Speed Hump Replacement (2024),1300-1400 S Millard Ave,0.0,0.0,41.864210014168,-87.716785039621,838700,1,170318387001
24,Street Speed Hump Replacement (2024),1500-1600 S Millard Ave,0.0,0.0,41.858919077107,-87.716502667243,292200,2,170312922002
24,Street Speed Hump Replacement (2024),1410-1500 S Ridgeway Ave,0.0,0.0,41.860596030886,-87.719257784877,838700,1,170318387001
24,Street Speed Hump Replacement (2024),1900-2160 S Springfield Ave,0.0,0.0,41.854883470505,-87.72269595774,292400,2,170312924002
24,Street Speed Hump Replacement (2024),3738-3900 W Polk St,0.0,0.0,41.870886627847,-87.718620445841,270500,1,170312705001
24,,3315 W OGDEN AVE,81866.22,0.056405,41.856456083179,-87.708419229699,844700,3,170318447003
24,,3315 W OGDEN AVE,0.0,0.0,41.856456083179,-87.708419229699,844700,3,170318447003
25,(2024) Miscellaneous CDOT Projects (2024),1800 S THROOP ST,660.0,0.000465,41.857793164373,-87.659190384512,310600,2,170313106002
25,2024 Sidewalk Menu (2024),1114 W 17TH ST,6630.69,0.004669,41.859068051846,-87.654090247887,310600,1,170313106001
25,Alley Resurfacing Menu (2024),S DAMEN AVE & W 23RD ST & W COULTER ST & S DAMEN AVE,32861.51,0.023138,41.849471988086,-87.675803987158,843200,1,170318432001
25,Alley Resurfacing Menu (2024),W 21ST ST & S WASHTENAW AVE & S FAIRFIELD AVE & W CERMAK RD,45530.72,0.032058,41.851938991738,-87.694220872454,840700,3,170318407003
25,Alley Resurfacing Menu (2024),W 24TH PL & S WESTERN AVE & S WESTERN AVE & W 25TH ST,24689.5,0.017384,41.847519004646,-87.685588015097,841300,2,170318413002
25,Alley Resurfacing Menu (2024),W CULLERTON ST & S ASHLAND AVE & S PAULINA ST & W 21ST ST,37400.02,0.026334,41.85506569308,-87.66612900778,310800,3,170313108003
25,Alley Resurfacing Menu (2024),W CULLERTON ST & S ROCKWELL ST & S WASHTENAW AVE & W 21ST ST,18176.63,0.012798,41.854741983979,-87.690605003243,840700,3,170318407003
25,Alley Speed Hump Menu (2024),W CULLERTON ST & S WOOD ST & S WOLCOTT AVE & W 21ST ST,725.0,0.00051,41.854993985898,-87.671010879647,310800,3,170313108003
25,Alley Speed Hump Replacement (2024),W CULLERTON ST & S ASHLAND AVE & S PAULINA ST & W 21ST ST,0.0,0.0,41.85506569308,-87.66612900778,310800,3,170313108003
25,Curb & Gutter Menu (2024),1617 W 16TH ST,248169.07,0.174737,41.859409865858,-87.666972897792,310800,1,170313108001
25,Curb & Gutter Menu (2024),1900-2000 W 17th St,57796.92,0.040695,41.858874052697,-87.673757629317,310900,1,170313109001
25,"In-Road ""State Law Stop For Pedestrians"" Sign Menu",S SANGAMON ST & W COLLEGE PKWY,350.0,0.000246,41.86143619095,-87.649847077043,841900,2,170318419002
25,Pavement Markings Menu (2024),1400-1600 S Union Ave,9000.0,0.006337,41.859807126159,-87.645133932887,310200,2,170313102002
25,Pavement Markings Menu (2024),1800-2000 W 18th St,4000.0,0.002816,41.857830589571,-87.676175137831,310900,3,170313109003
25,Pavement Markings Menu (2024),W CERMAK RD & S PAULINA ST,35000.0,0.024644,41.852310016683,-87.668492033923,310800,3,170313108003
25,Pickard Elementary Public Art Installment 25th Ward Menu,2301 W 21ST PL,45000.0,0.031685,41.852791473201,-87.683522043602,841200,2,170318412002
25,Sidewalk Menu (2024),1412 W CERMAK RD,5018.17,0.003533,41.852532394377,-87.661495037417,310600,3,170313106003
25,Sidewalk Menu (2024),1659 W CULLERTON ST,34715.61,0.024443,41.854839297875,-87.6684126573,310800,3,170313108003
25,Sidewalk Menu (2024),1815 S RACINE AVE,14082.05,0.009915,41.857475993157,-87.656200978745,310500,1,170313105001
25,Sidewalk Menu (2024),1819 S ALLPORT ST,3635.7,0.00256,41.85734158934,-87.657372349714,310600,2,170313106002
25,Sidewalk Menu (2024),1837 W CERMAK RD,9893.49,0.006966,41.85204795648,-87.672458266687,843200,2,170318432002
25,Sidewalk Menu (2024),1918 S MORGAN ST,18249.25,0.012849,41.856081328288,-87.65181590228,310400,1,170313104001
25,Sidewalk Menu (2024),2111 W 18TH PL,17650.32,0.012428,41.856528921917,-87.678953738734,841200,3,170318412003
25,Sidewalk Menu (2024),2130 W 23RD PL,11169.6,0.007865,41.849581749108,-87.67946998015,841300,1,170318413001
25,Sidewalk Menu (2024),2144-2150 S HOYNE AVE,26064.45,0.018352,41.852343837662,-87.67850907877,841200,1,170318412001
25,Sidewalk Menu (2024),2300 S OAKLEY AVE,7875.64,0.005545,41.850134954718,-87.683403020577,841300,2,170318413002
25,Sidewalk Menu (2024),2314-2330 W 23RD PL,3441.01,0.002423,41.849508784641,-87.68436459251,841300,2,170318413002
25,Sidewalk Menu (2024),2359 S WESTERN AVE,5675.3,0.003996,41.848718622629,-87.685152072313,841300,2,170318413002
25,Sidewalk Menu (2024),3141 W 26TH ST,60326.72,0.042476,41.844329439031,-87.704159630325,843500,1,170318435001
25,Speed Indicator Signs (2024),W 18TH ST & S DAMEN AVE,28300.7,0.019927,41.857662490503,-87.675994004903,310900,1,170313109001
25,Street Resurfacing Menu (2024),1432-1499 S Aberdeen St,16989.27,0.011962,41.861690802095,-87.654067387078,283800,2,170312838002
25,Street Resurfacing Menu (2024),1920-2100 S Desplaines St,61308.96,0.043168,41.856211485175,-87.64287577734,310200,1,170313102001
25,Street Resurfacing Menu (2024),1400-2100 S Ruble St,45861.83,0.032292,41.866647311367,-87.644133879928,841900,2,170318419002
25,Street Resurfacing Menu (2024),1756-1700 W 18th Pl,78894.19,0.05555,41.857080409237,-87.670837793346,310800,2,170313108002
25,Street Resurfacing Menu (2024),1600-1700 W 18th Pl,86127.52,0.060643,41.857001996533,-87.666319025525,310800,2,170313108002
25,Street Resurfacing Menu (2024),2000-2100 W 18th Pl,69881.93,0.049204,41.856967756458,-87.678604381009,841200,2,170318412002
25,Street Resurfacing Menu (2024),2600-2800 W 21st St,160383.83,0.112927,41.854025917991,-87.690818825593,840700,3,170318407003
25,Street Speed Hump Menu (2024),1923 S MORGAN ST,2440.0,0.001718,41.855948852308,-87.651259343909,310300,1,170313103001
25,Street Speed Hump Menu (2024),2108 S MAY ST,1220.0,0.000859,41.853515376269,-87.654938915584,310500,1,170313105001
25,Street Speed Hump Menu (2024),2632 S SPAULDING AVE,2440.0,0.001718,41.843500049712,-87.707693356885,840800,1,170318408001
25,Street Speed Hump Menu (2024),1432-1527 S Morgan St,4880.0,0.003436,41.861497001658,-87.650719968439,841900,2,170318419002
25,Street Speed Hump Menu (2024),2300-2330 S Oakley Ave,2440.0,0.001718,41.850134954718,-87.683403020577,841300,2,170318413002
25,Street Speed Hump Menu (2024),2300-2400 S Whipple St,4880.0,0.003436,41.848055194993,-87.70193607905,300900,1,170313009001
25,Street Speed Hump Menu (2024),2700-2800 S Whipple St,2440.0,0.001718,41.842671900059,-87.7013688278,843500,1,170318435001
25,Street Speed Hump Menu (2024),700-800 W 17th St,2440.0,0.001718,41.859268002147,-87.645690994172,310200,2,170313102002
25,Street Speed Hump Menu (2024),2300-2400 W 21st St,2350.0,0.001655,41.854145192473,-87.685980371985,841200,2,170318412002
25,Street Speed Hump Menu (2024),2498-2400 W 24th St,4880.0,0.003436,41.848526006494,-87.68576001175,841300,2,170318413002
25,Street Speed Hump Menu (2024),3000-3030 W 28th St,2440.0,0.001718,41.841086019688,-87.700117960433,843500,1,170318435001
25,Street Speed Hump Menu (2024),2100-2200 W Cullerton St,2440.0,0.001718,41.855161623962,-87.678545875325,841200,3,170318412003
25,Street Speed Hump Replacement (2024),1920-2100 S Desplaines St,0.0,0.0,41.856211485175,-87.64287577734,310200,1,170313102001
25,Street Speed Hump Replacement (2024),1600-1700 W 18th Pl,0.0,0.0,41.857001996533,-87.666319025525,310800,2,170313108002
25,Street Speed Hump Replacement (2024),2000-2100 W 18th Pl,0.0,0.0,41.856967756458,-87.678604381009,841200,2,170318412002
25,Street Speed Hump Replacement (2024),2600-2800 W 21st St,0.0,0.0,41.854025917991,-87.690818825593,840700,3,170318407003
25,Traffic,S MORGAN ST & W CERMAK RD,0.0,0.0,41.852559001116,-87.65140896088,843200,2,170318432002
25,,2641 W CULLERTON ST,18176.63,0.012798,41.854543123327,-87.692185578724,840700,3,170318407003
25,,1817 W CULLERTON ST,725.0,0.00051,41.854794957607,-87.671741949241,310900,1,170313109001
25,,2214-2230 S HOYNE AVE,26064.45,0.018352,41.851638710057,-87.678449148162,841300,1,170318413001
25,,2100-2200 S May St,1220.0,0.000859,41.853711345165,-87.654985351327,310500,1,170313105001
25,,2600-2700 S Spaulding Ave,2440.0,0.001718,41.84254015416,-87.707724286107,840800,1,170318408001
25,,2322 S OAKLEY AVE,2440.0,0.001718,41.849555723299,-87.683371253164,841300,2,170318413002
25,,2321 W 21ST ST,2350.0,0.001655,41.853704765371,-87.684121768775,841200,2,170318412002
26,Alley Apron Menu (2024),1842 N KARLOV AVE,23761.38,0.016143,41.914887168405,-87.729174414523,831200,3,170318312003
26,Alley Apron Menu (2024),3122 W HOMER ST,13532.5,0.009194,41.916705035566,-87.706219650668,222600,1,170312226001
26,Alley Apron Menu (2024),3544 W MCLEAN AVE,17685.76,0.012015,41.918435437567,-87.715360283719,221000,2,170312210002
26,Alley Apron Menu (2024),4257 W ARMITAGE AVE,18775.0,0.012755,41.91691931892,-87.733709527056,831200,2,170318312002
26,Alley Apron Menu (2024),4742 W DICKENS AVE,18360.43,0.012474,41.91899786327,-87.745445364968,191000,2,170311910002
26,Alley Resurfacing Menu (2024),1448 N KEDZIE AVE,29391.19,0.019968,41.907941839615,-87.707269986955,230900,1,170312309001
26,Alley Resurfacing Menu (2024),1636 N MONTICELLO AVE,10187.69,0.006921,41.911163549829,-87.718076523262,230400,1,170312304001
26,Alley Resurfacing Menu (2024),LAWNDALE AVE 1715 N PULASKI RD,25337.25,0.017213,41.91223085947,-87.726133795328,230400,2,170312304002
26,Alley Resurfacing Menu (2024),AVE 1800 N KARLOV AVE,25080.58,0.017039,41.913710684475,-87.729242727034,831200,3,170318312003
26,Alley Resurfacing Menu (2024),AVE 1828 N CENTRAL PARK AVE,17906.84,0.012165,41.91457682844,-87.716963490339,222900,1,170312229001
26,Alley Resurfacing Menu (2024),CENTRAL PARK AVE 2019 N KARLOV AVE,27392.12,0.018609,41.917730393781,-87.728787589692,200402,1,170312004021
26,Alley Resurfacing Menu (2024),AVE 2049 N KILPATRICK AVE,32255.38,0.021913,41.918454674035,-87.743441587195,191000,2,170311910002
26,Alley Resurfacing Menu (2024),2218 N LAMON AVE,21519.87,0.01462,41.921189353765,-87.74896584812,191100,4,170311911004
26,Alley Resurfacing Menu (2024),2559 W DIVISION ST,7930.43,0.005388,41.902620420746,-87.691740080571,242500,1,170312425001
26,Alley Resurfacing Menu (2024),AVE 2704 W NORTH AVE,15819.9,0.010748,41.910534026991,-87.694925119958,240700,1,170312407001
26,Alley Resurfacing Menu (2024),WABANSIA AVE 3560 W MCLEAN AVE,13989.62,0.009504,41.918424163907,-87.715912902595,221000,2,170312210002
26,Alley Resurfacing Menu (2024),DICKENS AVE N FAIRFIELD AVE & W NORTH AVE & W LE MOYNE ST & N CALIFORNIA AVE,14013.38,0.00952,41.908405987503,-87.696987990149,241000,2,170312410002
26,Alley Resurfacing Menu (2024),N LAPORTE AVE & W DICKENS AVE & W ARMITAGE AVE & N LAMON AVE,24586.17,0.016703,41.918715979866,-87.749831028166,191100,4,170311911004
26,Alley Resurfacing Menu (2024),AVE N LECLAIRE AVE & W PALMER ST & W DICKENS AVE & N LEAMINGTON AVE,24926.07,0.016934,41.918697413951,-87.754764113461,191100,6,170311911006
26,Alley Resurfacing Menu (2024),LECLAIRE AVE N MOZART ST & W BLOOMINGDALE AVE & W WABANSIA AVE & N CALIFORNIA AVE,10506.17,0.007138,41.912373016548,-87.697019003191,240700,1,170312407001
26,Alley Resurfacing Menu (2024),MOZART ST N MOZART ST & W CORTLAND ST & W BLOOMINGDALE AVE & N CALIFORNIA AVE,13548.71,0.009205,41.913934816566,-87.697066612401,832400,1,170318324001
26,Alley Resurfacing Menu (2024),N MOZART ST & W WABANSIA AVE & W NORTH AVE & N FRANCISCO AVE,26780.1,0.018194,41.910145316231,-87.699079777905,240900,1,170312409001
26,Alley Speed Hump Menu (2024),N AVERS AVE & W NORTH AVE & W LE MOYNE ST & N SPRINGFIELD AVE,2175.0,0.001478,41.908108304212,-87.724051060027,230700,4,170312307004
26,Alley Speed Hump Menu (2024),N HUMBOLDT BLVD & W WABANSIA AVE & W NORTH AVE & N WHIPPLE ST,2175.0,0.001478,41.911989586387,-87.702263560007,230100,1,170312301001
26,Alley Speed Hump Menu (2024),W MCLEAN AVE & N KILPATRICK AVE & N KILPATRICK AVE & W DICKENS AVE,1087.5,0.000739,41.918824483603,-87.743744341537,191000,2,170311910002
26,Alley Speed Hump Replacement (2024),1448 N KEDZIE AVE,0.0,0.0,41.907941839615,-87.707269986955,230900,1,170312309001
26,Alley Speed Hump Replacement (2024),1636 N MONTICELLO AVE,0.0,0.0,41.911163549829,-87.718076523262,230400,1,170312304001
26,Alley Speed Hump Replacement (2024),LAWNDALE AVE 1715 N PULASKI RD,0.0,0.0,41.91223085947,-87.726133795328,230400,2,170312304002
26,Alley Speed Hump Replacement (2024),AVE 1800 N KARLOV AVE,0.0,0.0,41.913710684475,-87.729242727034,831200,3,170318312003
26,Alley Speed Hump Replacement (2024),AVE 2021 N LAPORTE AVE,0.0,0.0,41.917578010781,-87.74955450918,191100,3,170311911003
26,Alley Speed Hump Replacement (2024),AVE 2049 N KILPATRICK AVE,0.0,0.0,41.918454674035,-87.743441587195,191000,2,170311910002
26,Alley Speed Hump Replacement (2024),KILPATRICK AVE 2559 W DIVISION ST,0.0,0.0,41.902620420746,-87.691740080571,242500,1,170312425001
26,Alley Speed Hump Replacement (2024),AVE 2704 W NORTH AVE,0.0,0.0,41.910534026991,-87.694925119958,240700,1,170312407001
26,Alley Speed Hump Replacement (2024),N LAMON AVE & W BELDEN AVE & W PALMER ST & N LAPORTE AVE,0.0,0.0,41.920537618883,-87.74986966874,191100,4,170311911004
26,Alley Speed Hump Replacement (2024),N LECLAIRE AVE & W PALMER ST & W DICKENS AVE & N LEAMINGTON AVE,0.0,0.0,41.918697413951,-87.754764113461,191100,6,170311911006
26,Alley Speed Hump Replacement (2024),LECLAIRE AVE N MOZART ST & W CORTLAND ST & W BLOOMINGDALE AVE & N CALIFORNIA AVE,0.0,0.0,41.913934816566,-87.697066612401,832400,1,170318324001
26,Alley Speed Hump Replacement (2024),N MOZART ST & W WABANSIA AVE & W NORTH AVE & N FRANCISCO AVE,0.0,0.0,41.910145316231,-87.699079777905,240900,1,170312409001
26,Alley Speed Hump Replacement (2024),W ARMITAGE AVE & N ST LOUIS AVE & N DRAKE AVE & W CORTLAND ST,0.0,0.0,41.917351196482,-87.713529005513,221000,2,170312210002
26,Concrete Alley Menu (2024),2113 N CICERO AVE,47446.83,0.032234,41.919198148846,-87.745688607798,191000,2,170311910002
26,Curb & Gutter Menu (2024),2750 W NORTH AVE,5554.97,0.003774,41.910449202131,-87.696552717917,240700,1,170312407001
26,Karlov Avenue. Pedestrian Refuge Island Menu (2024),N HUMBOLDT BLVD & W WABANSIA AVE,75000.0,0.050953,41.911989586387,-87.702263560007,230100,1,170312301001
26,Mural project at the viaduct on the 1800 block of north,1800 N KARLOV AVE,9431.65,0.006408,41.913710684475,-87.729242727034,831200,3,170318312003
26,Sidewalk Menu (2024),1100 N FRANCISCO AVE,28904.62,0.019637,41.901202621824,-87.69965678812,240900,1,170312409001
26,Sidewalk Menu (2024),1654 N SPRINGFIELD AVE,1039.86,0.000706,41.911546812352,-87.724208975082,230400,2,170312304002
26,Sidewalk Menu (2024),1731 N ALBANY AVE,3687.29,0.002505,41.912909793627,-87.704375799608,230100,1,170312301001
26,Sidewalk Menu (2024),1803 N KEDVALE AVE,5551.92,0.003772,41.913768477698,-87.729873213791,831200,3,170318312003
26,Sidewalk Menu (2024),1847 N MOZART ST,3915.13,0.00266,41.915273616051,-87.697900947043,222500,1,170312225001
26,Sidewalk Menu (2024),1922 N LOWELL AVE,6006.29,0.00408,41.915948652623,-87.73532966512,831200,2,170318312002
26,Sidewalk Menu (2024),2034-2040 N LAMON AVE,12632.1,0.008582,41.918127234987,-87.749089313554,191100,3,170311911003
26,Sidewalk Menu (2024),2049-2053 N KILPATRICK AVE,11859.51,0.008057,41.918579061478,-87.743446867794,191000,2,170311910002
26,Sidewalk Menu (2024),2054 N KOSTNER AVE,16847.19,0.011445,41.918689073957,-87.736723743257,200401,1,170312004011
26,Sidewalk Menu (2024),2057 N KENNETH AVE,14719.1,0.01,41.918735174424,-87.737317601096,200401,1,170312004011
26,Sidewalk Menu (2024),2118-2122 N LAMON AVE,6640.23,0.004511,41.919443738609,-87.748941456782,191100,4,170311911004
26,Sidewalk Menu (2024),2140 N KOSTNER AVE,3535.74,0.002402,41.920097946152,-87.736731789884,200401,1,170312004011
26,Sidewalk Menu (2024),2255 N LARAMIE AVE,5955.78,0.004046,41.921999255159,-87.755803134179,191100,5,170311911005
26,Sidewalk Menu (2024),3841 W LE MOYNE ST,23507.89,0.015971,41.908001686404,-87.723215887194,230700,4,170312307004
26,Street Bump Outs Menu (2024),N CENTRAL PARK AVE & W PIERCE AVE,13021.63,0.008847,41.909092004369,-87.716771963852,230800,1,170312308001
26,Street Bump Outs Menu (2024),W BLOOMINGDALE AVE & N ALBANY AVE,16478.28,0.011195,41.91375100143,-87.705138971892,230100,1,170312301001
26,Street Resurfacing Menu (2024),1900-2000 N Kenneth Ave,59860.56,0.040668,41.915351022927,-87.737763434526,831200,2,170318312002
26,Street Resurfacing Menu (2024),2200-2300 N La Crosse Ave,50987.61,0.034639,41.920697000772,-87.747721386956,191100,1,170311911001
26,Street Resurfacing Menu (2024),2100-2200 N Lamon Ave,58931.93,0.040037,41.920694192835,-87.748942378791,191100,4,170311911004
26,Street Resurfacing Menu (2024),1600-1700 N Mozart St,63759.05,0.043316,41.912471755367,-87.698378044971,240800,1,170312408001
26,Street Resurfacing Menu (2024),1759-1900 N St Louis Ave,64765.42,0.044,41.91288960319,-87.713315015915,230200,1,170312302001
26,Street Speed Hump Menu (2024),1600-1700 N Keeler Ave,4880.0,0.003315,41.911768346052,-87.731775151441,230500,2,170312305002
26,Street Speed Hump Menu (2024),1900-2000 N Sawyer Ave,4880.0,0.003315,41.917608479,-87.709098331495,221100,2,170312211002
26,Street Speed Hump Menu (2024),3000-3200 W Bloomingdale Ave,7320.0,0.004973,41.913869018626,-87.702618030693,230100,1,170312301001
26,Street Speed Hump Menu (2024),3200-3300 W Hirsch St,4880.0,0.003315,41.906677010426,-87.707321032745,230900,1,170312309001
26,Street Speed Hump Menu (2024),5100-5200 W Palmer St,4880.0,0.003315,41.920531055174,-87.756097180278,191200,1,170311912001
26,Street Speed Hump Replacement (2024),1900-2000 N Kenneth Ave,0.0,0.0,41.915351022927,-87.737763434526,831200,2,170318312002
26,Street Speed Hump Replacement (2024),2100-2200 N Lamon Ave,0.0,0.0,41.920694192835,-87.748942378791,191100,4,170311911004
26,Street Speed Hump Replacement (2024),1759-1900 N St Louis Ave,0.0,0.0,41.91288960319,-87.713315015915,230200,1,170312302001
26,,N KEDZIE AVE & W LE MOYNE ST & W BEACH AVE & N SPAULDING AVE,29391.19,0.019968,41.907352591822,-87.709369318424,230900,1,170312309001
26,,N MONTICELLO AVE & W WABANSIA AVE & W NORTH AVE & N,10187.69,0.006921,41.911807699088,-87.717824563253,230400,1,170312304001
26,,N PULASKI RD & W WABANSIA AVE & W WABANSIA AVE & N HARDING,25337.25,0.017213,41.911725179251,-87.726416768379,230500,1,170312305001
26,,N KARLOV AVE & W CORTLAND ST & W CORTLAND ST & N KEDVALE,25080.58,0.017039,41.915326002946,-87.728918012105,831200,3,170318312003
26,,N MONTICELLO AVE & W CORTLAND ST & W CORTLAND ST & N,17906.84,0.012165,41.915469207762,-87.717935958746,222900,1,170312229001
26,,N KARLOV AVE & W DICKENS AVE & W ARMITAGE AVE & N KEYSTONE,27392.12,0.018609,41.918991995938,-87.72903703513,200402,2,170312004022
26,,N KILPATRICK AVE & W MCLEAN AVE & W DICKENS AVE & N KILPATRICK AVE,32255.38,0.021913,41.918824483603,-87.743744341537,191000,2,170311910002
26,,N LAMON AVE & W BELDEN AVE & W PALMER ST & N LAPORTE AVE,21519.87,0.01462,41.920537618883,-87.74986966874,191100,4,170311911004
26,,W DIVISION ST & N ROCKWELL ST & N CAMPBELL AVE & W HADDON,7930.43,0.005388,41.90298800911,-87.69194099479,241100,2,170312411002
26,,W NORTH AVE & N FAIRFIELD AVE & N WASHTENAW AVE & W,15819.9,0.010748,41.910199002321,-87.695744031899,241000,2,170312410002
26,,W MCLEAN AVE & N CENTRAL PARK AVE & N DRAKE AVE & W,13989.62,0.009504,41.918212981857,-87.716801971065,220901,2,170312209012
26,,1534 N FAIRFIELD AVE,14013.38,0.00952,41.909468519459,-87.696026250578,241000,2,170312410002
26,,2021 N LAPORTE,24586.17,0.016703,41.917578010781,-87.74955450918,191100,3,170311911003
26,,2152 N,24926.07,0.016934,42.3194045,-87.8560966,,,
26,,1701 N,10506.17,0.007138,42.3194045,-87.8560966,,,
26,,1855 N MOZART ST,13548.71,0.009205,41.915475452279,-87.697986190998,222500,1,170312225001
26,,1658 N MOZART ST,26780.1,0.018194,41.911992687691,-87.698349965596,240800,1,170312408001
26,,4610 W MCLEAN AVE,1087.5,0.000739,41.918095425664,-87.741990595936,191000,2,170311910002
26,,N KEDZIE AVE & W LE MOYNE ST & W BEACH AVE & N SPAULDING AVE,0.0,0.0,41.907352591822,-87.709369318424,230900,1,170312309001
26,,N MONTICELLO AVE & W WABANSIA AVE & W NORTH AVE & N,0.0,0.0,41.911807699088,-87.717824563253,230400,1,170312304001
26,,N PULASKI RD & W WABANSIA AVE & W WABANSIA AVE & N HARDING,0.0,0.0,41.911725179251,-87.726416768379,230500,1,170312305001
26,,N KARLOV AVE & W CORTLAND ST & W CORTLAND ST & N KEDVALE,0.0,0.0,41.915326002946,-87.728918012105,831200,3,170318312003
26,,N LAPORTE AVE & W DICKENS AVE & W ARMITAGE AVE & N LAMON,0.0,0.0,41.918715979866,-87.749831028166,191100,4,170311911004
26,,N KILPATRICK AVE & W MCLEAN AVE & W DICKENS AVE & N,0.0,0.0,41.917865007146,-87.743716010705,191000,2,170311910002
26,,W DIVISION ST & N ROCKWELL ST & N CAMPBELL AVE & W HADDON,0.0,0.0,41.90298800911,-87.69194099479,241100,2,170312411002
26,,W NORTH AVE & N FAIRFIELD AVE & N WASHTENAW AVE & W WABANSIA AVE,0.0,0.0,41.984487998758,-87.697352519118,020801,3,170310208013
26,,2218 N LAMON AVE,0.0,0.0,41.921189353765,-87.74896584812,191100,4,170311911004
26,,2152 N,0.0,0.0,42.3194045,-87.8560966,,,
26,,1855 N MOZART ST,0.0,0.0,41.915475452279,-87.697986190998,222500,1,170312225001
26,,1658 N MOZART ST,0.0,0.0,41.911992687691,-87.698349965596,240800,1,170312408001
26,,N CICERO AVE & W SHAKESPEARE AVE & W DICKENS AVE & N KILPATRICK AVE,47446.83,0.032234,41.919500903189,-87.789460834018,831500,2,170318315002
26,,2116 N LAMON AVE,6640.23,0.004511,41.919275932908,-87.748953442904,191100,4,170311911004
27,ADA - Alley Resurfacing Menu (2024),W IMLAY ST & N MILWAUKEE AVE & N NASHVILLE AVE & W DEVON AVE,7245.0,0.00483,42.000113571618,-87.790694780643,100200,1,170311002001
27,Alley Resurfacing Menu (2024),214 S WOOD ST,9184.59,0.006123,41.878326019216,-87.672017546218,838100,2,170318381002
27,Alley Resurfacing Menu (2024),W CARROLL AVE & N DAMEN AVE & N WOLCOTT AVE & W FULTON ST,18099.38,0.012066,41.887699082441,-87.676819622366,837800,2,170318378002
27,Alley Resurfacing Menu (2024),W CHICAGO AVE & N MAY ST & N OGDEN AVE & W CHICAGO AVE,19072.75,0.012715,41.896288018625,-87.655924040664,842300,2,170318423002
27,Alley Resurfacing Menu (2024),W IMLAY ST & N MILWAUKEE AVE & N NASHVILLE AVE & W DEVON AVE,32383.72,0.021589,42.000113571618,-87.790694780643,100200,1,170311002001
27,Bollard Menu (2024),850 N MILWAUKEE AVE,2801.9,0.001868,41.897198628586,-87.657258774926,842300,2,170318423002
27,Miscellaneous CDOT Projects (2024),1500 N CLYBOURN AVE,47936.94,0.031958,41.908115009734,-87.646747030153,842200,1,170318422001
27,Pavement Markings Menu (2024),W DIVISION ST & N CROSBY ST,1000.0,0.000667,41.903687981844,-87.646576039329,842200,1,170318422001
27,Sidewalk Menu (2024),2900-3000 W Fulton St,64416.4,0.042944,41.886816300399,-87.701559144865,837100,1,170318371001
27,Street Bump Outs Menu (2024),W JACKSON BLVD & S THROOP ST,10468.94,0.006979,41.877780189681,-87.65944167397,833100,1,170318331001
27,Street Light Pole for High Definition Camera Menu (2024),W MAYPOLE AVE & N PAULINA ST,3000.0,0.002,41.884217994234,-87.669359979997,280400,1,170312804001
27,Street Resurfacing Menu (2024),700-800 N Albany Ave,53904.04,0.035936,41.895087740474,-87.7041738593,836700,2,170318367002
27,Street Resurfacing Menu (2024),900-1100 N Lawndale Ave,120709.55,0.080473,41.901035360946,-87.719221323598,231200,1,170312312001
27,Street Resurfacing Menu (2024),1300-1500 N Mohawk St,139708.0,0.093139,41.909317393745,-87.642464212907,080400,3,170310804003
27,Street Resurfacing Menu (2024),500-600 N Peoria St,26720.31,0.017814,41.891306024925,-87.65021613224,243500,2,170312435002
27,Street Resurfacing Menu (2024),900-1200 N Ridgeway Ave,190549.57,0.127033,41.902450790186,-87.720288850355,231200,4,170312312004
27,Street Resurfacing Menu (2024),660-800 N Sangamon St,88623.43,0.059082,41.896519987796,-87.651958981367,842300,2,170318423002
27,Street Resurfacing Menu (2024),0-300 S Campbell Ave,145096.56,0.096731,41.877435986827,-87.688915965934,280800,1,170312808001
27,Street Resurfacing Menu (2024),1000-1200 S Hamilton Ave,101702.54,0.067802,41.868966995677,-87.680473964513,838200,2,170318382002
27,Street Resurfacing Menu (2024),800-1000 S Marshfield Ave,85844.89,0.05723,41.869557575937,-87.667796410499,838200,2,170318382002
27,Street Resurfacing Menu (2024),830-940 W Ancona St,68233.65,0.045489,41.893927290866,-87.651090391167,243500,2,170312435002
27,Street Resurfacing Menu (2024),830-928 W Huron St,72883.65,0.048589,41.895094027816,-87.65119502566,243500,2,170312435002
27,Street Resurfacing Menu (2024),2630-2800 W Maypole Ave,99525.57,0.06635,41.883753877857,-87.692174324865,837800,1,170318378001
27,Street Resurfacing Menu (2024),900-1100 W Monticello Ave,25472.76,0.016982,41.90086957045,-87.717802226445,231200,1,170312312001
27,Street Speed Hump Menu (2024),0-100 N Francisco Ave,4880.0,0.003253,41.882694461826,-87.698847137228,837000,2,170318370002
27,Street Speed Hump Menu (2024),1300-1500 N Mohawk St,9299.12,0.006199,41.909317393745,-87.642464212907,080400,3,170310804003
27,Street Speed Hump Menu (2024),1000-1200 S Hamilton Ave,4880.0,0.003253,41.868966995677,-87.680473964513,838200,2,170318382002
27,Street Speed Hump Replacement (2024),900-1100 N Lawndale Ave,0.0,0.0,41.901035360946,-87.719221323598,231200,1,170312312001
27,Street Speed Hump Replacement (2024),500-600 N Peoria St,0.0,0.0,41.891306024925,-87.65021613224,243500,2,170312435002
27,Street Speed Hump Replacement (2024),900-1200 N Ridgeway Ave,0.0,0.0,41.902450790186,-87.720288850355,231200,4,170312312004
27,Street Speed Hump Replacement (2024),0-300 S Campbell Ave,0.0,0.0,41.877435986827,-87.688915965934,280800,1,170312808001
27,Street Speed Hump Replacement (2024),2630-2800 W Maypole Ave,0.0,0.0,41.883753877857,-87.692174324865,837800,1,170318378001
27,Street Speed Hump Replacement (2024),900-1100 W Monticello Ave,0.0,0.0,41.90086957045,-87.717802226445,231200,1,170312312001
27,,S WOOD ST & W JACKSON BLVD & W ADAMS ST & S HONORE ST,9184.59,0.006123,41.877553710657,-87.6716572082,838100,2,170318381002
27,,1901 W CARROLL AVE,18099.38,0.012066,41.887506005302,-87.675754031015,280400,1,170312804001
27,,1129 W CHICAGO AVE,19072.75,0.012715,41.895998256233,-87.656225118626,243500,2,170312435002
28,Alley Resurfacing Menu (2024),1545 W TAYLOR ST,8759.13,0.005839,41.869235241927,-87.66504109411,283100,1,170312831001
28,Alley Resurfacing Menu (2024),616 S WESTERN AVE,4225.06,0.002817,41.873443015792,-87.686551011953,282700,2,170312827002
28,Alley Resurfacing Menu (2024),W CARROLL AVE & N KILBOURN AVE & N KOSTNER AVE & W LAKE ST,21058.69,0.014039,41.886851001478,-87.738096028444,260400,1,170312604001
28,Alley Resurfacing Menu (2024),W FILLMORE ST & S LOOMIS ST & S LAFLIN ST & W ROOSEVELT RD,18290.77,0.012194,41.866855007534,-87.663985000767,842900,1,170318429001
28,Alley Resurfacing Menu (2024),W FULTON BLVD & N HOMAN AVE & N ST LOUIS AVE & W CARROLL AVE,33339.32,0.022226,41.887421515718,-87.7136253974,836800,1,170318368001
28,Alley Resurfacing Menu (2024),W FULTON BLVD & N KEDZIE AVE & N HOMAN AVE & W CARROLL AVE,92958.35,0.061972,41.886435007624,-87.706304978443,836800,2,170318368002
28,Alley Resurfacing Menu (2024),W GLADYS AVE & S PULASKI RD & S SPRINGFIELD AVE & W VAN BUREN ST,41511.33,0.027674,41.875306019501,-87.723020002117,260800,2,170312608002
28,Alley Resurfacing Menu (2024),W JACKSON BLVD & S KILDARE AVE & S KOSTNER AVE & W ADAMS ST,31440.1,0.02096,41.877010018507,-87.732874018947,260600,2,170312606002
28,Alley Resurfacing Menu (2024),W LEXINGTON ST & S WESTERN AVE & S CAMPBELL AVE & W POLK ST,44521.04,0.029681,41.872113981225,-87.68626300976,282700,2,170312827002
28,Alley Resurfacing Menu (2024),W POLK ST & S WESTERN AVE & S CAMPBELL AVE & W ARTHINGTON ST,14304.61,0.009536,41.870271010264,-87.688598040346,282700,1,170312827001
28,Alley Resurfacing Menu (2024),W WASHINGTON BLVD & N CICERO AVE & N LAMON AVE & W WEST END AVE,45404.79,0.03027,41.881829990019,-87.745303962261,251800,3,170312518003
28,Alley Resurfacing Menu (2024),W WEST END AVE & N KOSTNER AVE & N KENNETH AVE & W MAYPOLE AVE,70227.52,0.046818,41.88325998461,-87.735523035627,260300,1,170312603001
28,Alley Speed Hump Menu (2024),W CARROLL AVE & N KOSTNER AVE & N KILBOURN AVE & W LAKE ST,1450.0,0.000967,41.886877194926,-87.735668880742,260300,1,170312603001
28,Alley Speed Hump Replacement (2024),1425 W FILLMORE ST,0.0,0.0,41.868342837257,-87.66268446467,283100,1,170312831001
28,Alley Speed Hump Replacement (2024),1545 W TAYLOR ST,0.0,0.0,41.869235241927,-87.66504109411,283100,1,170312831001
28,Alley Speed Hump Replacement (2024),616 S WESTERN AVE,0.0,0.0,41.873443015792,-87.686551011953,282700,2,170312827002
28,Alley Speed Hump Replacement (2024),W FULTON BLVD & N HOMAN AVE & N ST LOUIS AVE & W CARROLL AVE,0.0,0.0,41.887421515718,-87.7136253974,836800,1,170318368001
28,Alley Speed Hump Replacement (2024),W FULTON BLVD & N KEDZIE AVE & N HOMAN AVE & W CARROLL AVE,0.0,0.0,41.886435007624,-87.706304978443,836800,2,170318368002
28,Alley Speed Hump Replacement (2024),W GLADYS AVE & S PULASKI RD & S SPRINGFIELD AVE & W VAN BUREN ST,0.0,0.0,41.875306019501,-87.723020002117,260800,2,170312608002
28,Alley Speed Hump Replacement (2024),W JACKSON BLVD & S KILDARE AVE & S KOSTNER AVE & W ADAMS ST,0.0,0.0,41.877010018507,-87.732874018947,260600,2,170312606002
28,Alley Speed Hump Replacement (2024),W LEXINGTON ST & S WESTERN AVE & S CAMPBELL AVE & W POLK ST,0.0,0.0,41.872113981225,-87.68626300976,282700,2,170312827002
28,Alley Speed Hump Replacement (2024),W POLK ST & S WESTERN AVE & S CAMPBELL AVE & W ARTHINGTON ST,0.0,0.0,41.870271010264,-87.688598040346,282700,1,170312827001
28,Alley Speed Hump Replacement (2024),W WASHINGTON BLVD & N CICERO AVE & N LAMON AVE & W WEST END AVE,0.0,0.0,41.881829990019,-87.745303962261,251800,3,170312518003
28,Alley Speed Hump Replacement (2024),W WEST END AVE & N KOSTNER AVE & N KENNETH AVE & W MAYPOLE AVE,0.0,0.0,41.88325998461,-87.735523035627,260300,1,170312603001
28,Bollard Menu (2024),3322 W GLADYS AVE,1786.94,0.001191,41.876523071843,-87.709424722804,271300,1,170312713001
28,Bollard Menu (2024),W OGDEN AVE & W POLK ST,1786.94,0.001191,41.871444602437,-87.678056120723,838200,1,170318382001
28,Curb & Gutter Menu (2024),4844 W WASHINGTON BLVD,100000.0,0.066667,41.882078513448,-87.747159631805,251800,4,170312518004
28,Floodlight Menu (2024),4700-4800 W Carroll Ave,950.0,0.000633,41.887115924294,-87.745411191129,251800,3,170312518003
28,Install Helix and Pole for Pod,5000 W GLADYS AVE,23597.06,0.015731,41.876057499031,-87.749446047353,252201,3,170312522013
28,Pavement Markings Menu (2024),1481-1400 S Union Ave,3600.0,0.0024,41.862793867208,-87.645005766049,841900,2,170318419002
28,Pavement Markings Menu (2024),1400-1600 W Congress Pkwy,2000.0,0.001333,41.874237381575,-87.740817106559,252202,3,170312522023
28,Pavement Markings Menu (2024),W WASHINGTON BLVD & N KOSTNER AVE,1350.0,0.0009,41.881942014155,-87.735478024807,260300,1,170312603001
28,Sidewalk Menu (2024),5140-5130 W Maypole Ave,23096.69,0.015398,41.884403659078,-87.754043782719,251800,2,170312518002
28,Street Bump Outs Menu (2024),2121 W HARRISON ST,18769.55,0.012513,41.873601727129,-87.68027422376,838200,1,170318382001
28,Street Bump Outs Menu (2024),W WASHINGTON BLVD & N KOSTNER AVE,48000.0,0.032,41.881942014155,-87.735478024807,260300,1,170312603001
28,Street Cul-de-Sac Menu (2024),2440 W WASHBURNE AVE,15778.76,0.010519,41.86550398238,-87.687236787738,842900,1,170318429001
28,Street Cul-de-Sac Menu (2024),2900 W TAYLOR ST,53365.08,0.035577,41.869503269843,-87.698627574229,271800,1,170312718001
28,Street Resurfacing Menu (2024),N KILPATRICK AVE & W LAKE ST & W FULTON ST & N KILPATRICK AVE,17922.29,0.011948,41.885395986906,-87.742963986352,251800,3,170312518003
28,Street Resurfacing Menu (2024),100-150 N Lavergne Ave,37751.15,0.025167,41.883280894313,-87.750328572572,251800,2,170312518002
28,Street Resurfacing Menu (2024),600-720 S Laflin St,62943.02,0.041962,41.872244487457,-87.66449721887,832900,1,170318329001
28,Street Resurfacing Menu (2024),100-130 S Springfield Ave,35463.12,0.023642,41.878851552702,-87.723225978442,260800,1,170312608001
28,Street Resurfacing Menu (2024),1300-1500 W Fillmore St,131559.93,0.087707,41.868819055086,-87.659335056161,283200,1,170312832001
28,Street Resurfacing Menu (2024),2400-2500 W Flournoy St,53551.73,0.035701,41.873098980576,-87.686383038613,282700,2,170312827002
28,Street Resurfacing Menu (2024),2300-2400 W Grenshaw St,72600.41,0.0484,41.867781878387,-87.686369124654,282700,1,170312827001
28,Street Resurfacing Menu (2024),3800-4000 W Monroe St,125667.26,0.083778,41.880013338234,-87.725857360161,260700,1,170312607001
28,Street Resurfacing Menu (2024),5000-5200 W Monroe St,150068.71,0.100046,41.879716660771,-87.755397701522,252102,4,170312521024
28,Street Resurfacing Menu (2024),S OAKLEY BLVD & W FILLMORE ST,17696.98,0.011798,41.868078807307,-87.683630086334,282800,1,170312828001
28,Street Speed Hump Menu (2024),1200-1600 S Morgan St,19520.0,0.013013,41.859801007369,-87.651082988666,310400,1,170313104001
28,Street Speed Hump Replacement (2024),100-150 N Lavergne Ave,0.0,0.0,41.883280894313,-87.750328572572,251800,2,170312518002
28,Street Speed Hump Replacement (2024),100-130 S Springfield Ave,0.0,0.0,41.878851552702,-87.723225978442,260800,1,170312608001
28,Street Speed Hump Replacement (2024),1300-1500 W Fillmore St,0.0,0.0,41.868819055086,-87.659335056161,283200,1,170312832001
28,Street Speed Hump Replacement (2024),3800-4000 W Monroe St,0.0,0.0,41.880013338234,-87.725857360161,260700,1,170312607001
28,Street Speed Hump Replacement (2024),5000-5200 W Monroe St,0.0,0.0,41.879716660771,-87.755397701522,252102,4,170312521024
28,,W TAYLOR ST & S ASHLAND AVE & S LAFLIN ST & W FILLMORE ST,8759.13,0.005839,41.869285005084,-87.666523963058,283100,2,170312831002
28,,S WESTERN AVE & W HARRISON ST & W FLOURNOY ST & S CAMPBELL AVE,4225.06,0.002817,41.872950788528,-87.688649840508,282700,2,170312827002
28,,4441 W CARROLL AVE,21058.69,0.014039,41.886735163576,-87.737287929159,260400,1,170312604001
28,,1425 W FILLMORE ST,18290.77,0.012194,41.868342837257,-87.66268446467,283100,1,170312831001
28,,W FILLMORE ST & S LOOMIS ST & S LAFLIN ST & W ROOSEVELT RD,0.0,0.0,41.866855007534,-87.663985000767,842900,1,170318429001
28,,W TAYLOR ST & S ASHLAND AVE & S LAFLIN ST & W FILLMORE ST,0.0,0.0,41.869285005084,-87.666523963058,283100,2,170312831002
28,,S WESTERN AVE & W HARRISON ST & W FLOURNOY ST & S CAMPBELL AVE,0.0,0.0,41.872950788528,-87.688649840508,282700,2,170312827002
28,,W WASHINGTON BLVD & N KILDARE AVE,1350.0,0.0009,41.881985893418,-87.733064288149,260300,1,170312603001
29,Alley Resurfacing Menu (2024),1734 N NEW ENGLAND AVE,19057.3,0.013048,41.91183867022,-87.797617850731,250500,3,170312505003
29,Alley Resurfacing Menu (2024),N MASSASOIT AVE & W CHICAGO AVE & W IOWA ST & N WALLER AVE,35084.03,0.024021,41.894814982961,-87.769038997483,251300,2,170312513002
29,Alley Resurfacing Menu (2024),N NASHVILLE AVE & W BLOOMINGDALE AVE & W WABANSIA AVE & N NATCHEZ AVE,39857.0,0.027289,41.912722080905,-87.790001802049,250500,1,170312505001
29,Alley Resurfacing Menu (2024),N OAK PARK AVE & W BLOOMINGDALE AVE & W CORTLAND ST & N NEWCASTLE AVE,18114.83,0.012403,41.912689014297,-87.794861964786,250500,1,170312505001
29,Alley Resurfacing Menu (2024),N PARKSIDE AVE & W WABANSIA AVE,15865.08,0.010863,41.911185300868,-87.7668110038,250400,2,170312504002
29,Alley Resurfacing Menu (2024),N WALLER AVE & W DIVISION ST & W POTOMAC AVE & N PARKSIDE AVE,14986.75,0.010261,41.903953017622,-87.766943018775,250600,2,170312506002
29,Alley Resurfacing Menu (2024),AVE S LAVERGNE AVE & W JACKSON BLVD & W GLADYS AVE & S CICERO AVE,23934.49,0.016388,41.876736097912,-87.749263489502,252202,2,170312522022
29,Alley Resurfacing Menu (2024),S MAYFIELD AVE & W MADISON ST & W ADAMS BLVD & S MASON AVE,36019.36,0.024662,41.880203984622,-87.771419374166,252000,3,170312520003
29,Alley Resurfacing Menu (2024),W BLOOMINGDALE AVE & N MENARD AVE & N CENTRAL AVE & W WABANSIA AVE,49710.16,0.034036,41.912546605762,-87.770405163882,250400,2,170312504002
29,Alley Resurfacing Menu (2024),W BLOOMINGDALE AVE & N NATCHEZ AVE & N NAGLE AVE & W WABANSIA AVE,18245.58,0.012492,41.912741820287,-87.788373784995,250500,1,170312505001
29,Alley Resurfacing Menu (2024),NATCHEZ AVE W CONGRESS PKWY & S LOTUS AVE & S CENTRAL AVE & W HARRISON ST,24394.78,0.016703,41.873944882245,-87.761573236325,252102,3,170312521023
29,Alley Resurfacing Menu (2024),W IOWA ST & N AUSTIN BLVD & N MAYFIELD AVE & W WALTON ST,28861.07,0.019761,41.89750217921,-87.772426124556,251300,5,170312513005
29,Alley Resurfacing Menu (2024),W IOWA ST & N MAYFIELD AVE & N AUSTIN BLVD & W RICE ST,28675.66,0.019634,41.896576607552,-87.772395195333,251300,5,170312513005
29,Alley Resurfacing Menu (2024),W NORTH AVE & N NEWCASTLE AVE & N NEW ENGLAND AVE & W WABANSIA AVE,24473.2,0.016756,41.968346108668,-87.7989380843,810600,3,170318106003
29,Alley Resurfacing Menu (2024),W NORTH AVE & N WALLER AVE & N PARKSIDE AVE & W LE MOYNE ST,60448.68,0.041388,41.907543992581,-87.767039997395,250600,1,170312506001
29,Alley Resurfacing Menu (2024),W WALTON ST & N AUSTIN BLVD & N MAYFIELD AVE & W AUGUSTA BLVD,28799.27,0.019718,41.898405999829,-87.772790988801,251300,4,170312513004
29,Alley Speed Hump Replacement (2024),1713 N NATCHEZ AVE,0.0,0.0,41.911390196491,-87.78797950027,250500,2,170312505002
29,Alley Speed Hump Replacement (2024),N MAJOR AVE & W BLOOMINGDALE AVE,0.0,0.0,41.91263168208,-87.768013806906,250400,2,170312504002
29,Alley Speed Hump Replacement (2024),N MASSASOIT AVE & W CHICAGO AVE & W IOWA ST & N WALLER AVE,0.0,0.0,41.894814982961,-87.769038997483,251300,2,170312513002
29,Alley Speed Hump Replacement (2024),N NASHVILLE AVE & W BLOOMINGDALE AVE & W WABANSIA AVE & N NATCHEZ AVE,0.0,0.0,41.912722080905,-87.790001802049,250500,1,170312505001
29,Alley Speed Hump Replacement (2024),S LAVERGNE AVE & W JACKSON BLVD & W GLADYS AVE & S CICERO AVE,0.0,0.0,41.876736097912,-87.749263489502,252202,2,170312522022
29,Alley Speed Hump Replacement (2024),S MAYFIELD AVE & W MADISON ST & W ADAMS BLVD & S MASON AVE,0.0,0.0,41.880203984622,-87.771419374166,252000,3,170312520003
29,Alley Speed Hump Replacement (2024),W BLOOMINGDALE AVE & N MENARD AVE & N CENTRAL AVE & W WABANSIA AVE,0.0,0.0,41.912546605762,-87.770405163882,250400,2,170312504002
29,Alley Speed Hump Replacement (2024),W CONGRESS PKWY & S LOTUS AVE & S CENTRAL AVE & W HARRISON ST,0.0,0.0,41.873944882245,-87.761573236325,252102,3,170312521023
29,Alley Speed Hump Replacement (2024),W NORTH AVE & N PARKSIDE AVE & N WALLER AVE & W LE MOYNE ST,0.0,0.0,41.909319992135,-87.767119960751,250600,1,170312506001
29,Bollard Menu (2024),10 S MENARD AVE,672.47,0.00046,41.879480096234,-87.769775054029,252101,1,170312521011
29,Bollard Menu (2024),7101 W BELMONT AVE,5702.79,0.003905,41.937796418526,-87.804152382447,180100,5,170311801005
29,Bollard Menu (2024),S MENARD AVE & W MADISON ST,1786.94,0.001223,41.880238015149,-87.769746765387,252000,2,170312520002
29,Curb & Gutter Menu (2024),2522 N NEVA AVE,10811.62,0.007403,41.926072734374,-87.805402878581,831600,6,170318316006
29,Curb & Gutter Menu (2024),5245 W QUINCY ST,9874.73,0.006761,41.877335487808,-87.756763784102,252102,1,170312521021
29,Miscellaneous CDOT Projects (2024),1201 N MENARD AVE,660.0,0.000452,41.902149456042,-87.77041859503,250600,2,170312506002
29,Miscellaneous CDOT Projects (2024),5000 W GLADYS AVE,660.0,0.000452,41.876057499031,-87.749446047353,252201,3,170312522013
29,Miscellaneous CDOT Projects (2024),5936 W LAKE ST,3700.0,0.002533,41.888149986923,-87.773732025071,251400,4,170312514004
29,Miscellaneous CDOT Projects (2024),N AUSTIN BLVD & W WASHINGTON BLVD,14444.44,0.00989,41.882107011919,-87.774695021927,252000,3,170312520003
29,Miscellaneous CDOT Projects (2024),5600-6000 W Division St,25900.0,0.017733,41.902327305592,-87.765821603949,250600,2,170312506002
29,Miscellaneous CDOT Projects (2024),W DIVISION ST & N MENARD AVE,3700.0,0.002533,41.902091019741,-87.770494012055,250600,2,170312506002
29,Pavement Markings Menu (2024),5500-5600 W Flournoy St,600.0,0.000411,41.872059079759,-87.761722434201,831400,2,170318314002
29,Sidewalk Menu (2024),1600 N NEW ENGLAND AVE,24412.51,0.016715,41.909189988817,-87.797495726402,250500,3,170312505003
29,Sidewalk Menu (2024),1645 N NORMANDY AVE,5926.38,0.004058,41.910447274293,-87.792094847091,250500,2,170312505002
29,Sidewalk Menu (2024),1700 N NARRAGANSETT AVE,11691.43,0.008005,41.911086017225,-87.785410027851,250500,2,170312505002
29,Sidewalk Menu (2024),1755 N NEW ENGLAND AVE,12601.72,0.008628,41.912435042631,-87.797002619038,250500,3,170312505003
29,Sidewalk Menu (2024),1958 N NATOMA AVE,6421.72,0.004397,41.916224542966,-87.791643230147,250500,1,170312505001
29,Sidewalk Menu (2024),5070 W HARRISON ST,11072.63,0.007581,41.87323807826,-87.75218617532,252201,3,170312522013
29,Sidewalk Menu (2024),5074 W FLOURNOY ST,14299.65,0.009791,41.872082781245,-87.750680683632,831400,1,170318314001
29,Sidewalk Menu (2024),5444 W JACKSON BLVD,1327.93,0.000909,41.876791167016,-87.761260591336,252102,1,170312521021
29,Sidewalk Menu (2024),5801 W MADISON ST,861.92,0.00059,41.879955586921,-87.769946254683,252101,1,170312521011
29,Sidewalk Menu (2024),5825 W ARTHINGTON ST,28791.88,0.019713,41.869056975408,-87.770330900219,831400,2,170318314002
29,Sidewalk Menu (2024),7035 W SCHOOL ST,6285.12,0.004303,41.939675892675,-87.802691500542,171000,5,170311710005
29,Sidewalk Menu (2024),1000-1100 S Mason Ave,16794.04,0.011499,41.867171885384,-87.77323606786,831400,2,170318314002
29,Street Resurfacing Menu (2024),3200-3300 N Oconto Ave,59938.53,0.041039,41.939923577914,-87.80833243756,170800,1,170311708001
29,Street Resurfacing Menu (2024),3100-3200 N Octavia Ave,57345.43,0.039263,41.936433604889,-87.809381935657,170900,1,170311709001
29,Street Resurfacing Menu (2024),3200-3300 N Osceola Ave,56487.68,0.038676,41.939824126633,-87.813173070463,170800,2,170311708002
29,Street Resurfacing Menu (2024),900-1000 N Parkside Ave,52471.75,0.035927,41.898411090465,-87.766803922845,251300,2,170312513002
29,Street Resurfacing Menu (2024),1600-1700 N Parkside Ave,48531.25,0.033229,41.911314885091,-87.767093725394,250400,2,170312504002
29,Street Resurfacing Menu (2024),400-500 S Lotus Ave,34234.55,0.02344,41.874586055928,-87.761934831628,252102,3,170312521023
29,Street Resurfacing Menu (2024),5000-5100 W Van Buren St,99377.86,0.068042,41.875154013687,-87.75356348965,252201,3,170312522013
29,Street Speed Hump Menu (2024),1400-1600 N Mason Ave,9760.0,0.006683,41.905782284171,-87.774601815163,250600,4,170312506004
29,Street Speed Hump Menu (2024),1800-1900 N Normandy Ave,4880.0,0.003341,41.914656959434,-87.792819881715,250500,1,170312505001
29,Street Speed Hump Menu (2024),1726-1600 N Parkside Ave,7320.0,0.005012,41.912063179497,-87.767137981843,250400,2,170312504002
29,Street Speed Hump Menu (2024),1000-1100 N Parkside Ave,4880.0,0.003341,41.900426792866,-87.767092635747,251300,1,170312513001
29,Street Speed Hump Menu (2024),300-330 S Lotus Ave,2440.0,0.001671,41.875619313334,-87.761726966248,252102,2,170312521022
29,Street Speed Hump Menu (2024),7100-7160 W Altgeld St,4880.0,0.003341,41.925402169246,-87.804661314152,831600,6,170318316006
29,Street Speed Hump Menu (2024),5600-5700 W Wabansia Ave,4880.0,0.003341,41.911225581413,-87.768221239936,250400,2,170312504002
29,Street Speed Hump Replacement (2024),3200-3300 N Oconto Ave,0.0,0.0,41.939923577914,-87.80833243756,170800,1,170311708001
29,Street Speed Hump Replacement (2024),3100-3200 N Octavia Ave,0.0,0.0,41.936433604889,-87.809381935657,170900,1,170311709001
29,Street Speed Hump Replacement (2024),1000-900 N Parkside Ave,0.0,0.0,41.898411090465,-87.766803922845,251300,2,170312513002
29,Street Speed Hump Replacement (2024),1500-1600 N Waller Ave,0.0,0.0,41.907671690876,-87.768601797413,250600,1,170312506001
29,,N NEW ENGLAND AVE & W WABANSIA AVE & W BLOOMINGDALE AVE & N NEWLAND AVE,19057.3,0.013048,41.912623090629,-87.798564502876,250500,4,170312505004
29,,1858 N OAK PARK AVE,18114.83,0.012403,41.914349972231,-87.795277707183,250500,4,170312505004
29,,N MAJOR AVE & W BLOOMINGDALE AVE,15865.08,0.010863,41.91263168208,-87.768013806906,250400,2,170312504002
29,,1255 N WALLER,14986.75,0.010261,41.90371513921,-87.767890928205,250600,2,170312506002
29,,4847 W JACKSON BLVD,23934.49,0.016388,41.87653543515,-87.746965842204,252202,5,170312522025
29,,315 S LAVERGNE AVE,23934.49,0.016388,41.876200578118,-87.749098701286,252202,5,170312522025
29,,106 S MAYFIELD AVE,36019.36,0.024662,41.878779983092,-87.771662030263,252101,1,170312521011
29,,1713 N,18245.58,0.012492,42.3194045,-87.8560966,,,
29,,5525 W CONGRESS PKWY,24394.78,0.016703,41.873650342167,-87.762645784655,252102,3,170312521023
29,,W BLOOMINGDALE AVE & N NATCHEZ AVE & N NAGLE AVE & W WABANSIA AVE,0.0,0.0,41.912741820287,-87.788373784995,250500,1,170312505001
29,,N PARKSIDE AVE & W WABANSIA AVE,0.0,0.0,41.911185300868,-87.7668110038,250400,2,170312504002
29,,4847 W JACKSON BLVD,0.0,0.0,41.87653543515,-87.746965842204,252202,5,170312522025
29,,315 S LAVERGNE AVE,0.0,0.0,41.876200578118,-87.749098701286,252202,5,170312522025
29,,106 S MAYFIELD AVE,0.0,0.0,41.878779983092,-87.771662030263,252101,1,170312521011
29,,5525 W CONGRESS PKWY,0.0,0.0,41.873650342167,-87.762645784655,252102,3,170312521023
29,,10-0 S Menard Ave,672.47,0.00046,41.879480096234,-87.769775054029,252101,1,170312521011
29,,S AUSTIN BLVD & W ADAMS BLVD,14444.44,0.00989,41.877620011511,-87.774529982253,252101,1,170312521011
29,,W MADISON ST & N MENARD AVE,14444.44,0.00989,41.880238015149,-87.769746765387,252000,2,170312520002
29,,N PARKSIDE AVE & W LAKE ST,14444.44,0.00989,41.88719801227,-87.766731962453,251400,4,170312514004
29,,N MENARD AVE & W RACE AVE,14444.44,0.00989,41.890076902644,-87.769964611051,251400,2,170312514002
29,,W MADISON ST & N LARAMIE AVE,14444.44,0.00989,41.880433984045,-87.755038034057,251800,1,170312518001
29,,W ROOSEVELT RD & S MASON AVE,14444.44,0.00989,41.865492990178,-87.7728499974,831400,2,170318314002
29,,N CENTRAL PARK AVE & W DICKENS AVE,14444.44,0.00989,41.919132979549,-87.716839019077,220901,2,170312209012
29,,N AUSTIN AVE & W DICKENS AVE,14444.44,0.00989,41.917925985492,-87.775489961624,191301,2,170311913012
29,,1002 S MASON AVE,16794.04,0.011499,41.868959912969,-87.77326288995,831400,2,170318314002
30,(2024) Miscellaneous CDOT Projects (2024),3425 N MAJOR AVE,3700.0,0.002544,41.942635542686,-87.768525270637,151200,1,170311512001
30,ADA - Alley Resurfacing Menu (2024),3401 N AVERS AVE,3622.5,0.00249,41.942909337554,-87.723394924646,831100,3,170318311003
30,Alley Apron Menu (2024),2616 N MASON AVE,14614.74,0.010047,41.928021191586,-87.774921081855,190602,1,170311906021
30,Alley Apron Menu (2024),5159 W GRACE ST,47528.16,0.032674,41.949439678318,-87.75684181962,150800,4,170311508004
30,Alley Apron Menu (2024),6200 W MELROSE ST,28106.51,0.019322,41.939521204652,-87.781294010478,171100,2,170311711002
30,Alley Resurfacing Menu (2024),3300 N KENNETH AVE,21588.81,0.014842,41.940898812348,-87.738712517423,161200,2,170311612002
30,Alley Resurfacing Menu (2024),3401 N AVERS AVE,17603.81,0.012102,41.942909337554,-87.723394924646,831100,3,170318311003
30,Alley Resurfacing Menu (2024),3600 N TRIPP AVE,15702.27,0.010795,41.946435310853,-87.734066847588,161100,2,170311611002
30,Alley Resurfacing Menu (2024),5701 W CORNELIA AVE,20755.67,0.014269,41.943632360522,-87.769269918915,151200,1,170311512001
30,Alley Resurfacing Menu (2024),AVE N NARRAGANSETT AVE & W WELLINGTON AVE & W BARRY AVE & N MELVINA AVE,10204.31,0.007015,41.934663011662,-87.7857779934,190401,1,170311904011
30,Alley Resurfacing Menu (2024),NARRAGANSETT AVE W PATTERSON AVE & N LOCKWOOD AVE & N LONG AVE & W WAVELAND AVE,16655.37,0.01145,41.946903984969,-87.759397964813,150700,2,170311507002
30,Alley Resurfacing Menu (2024),W ROSCOE ST & N LINDER AVE & N CENTRAL AVE & W HENDERSON ST,17039.3,0.011714,41.941325996044,-87.766587793718,151100,3,170311511003
30,Alley Speed Hump Menu (2024),3302 N KOSTNER AVE,725.0,0.000498,41.941012680503,-87.737543912482,161200,2,170311612002
30,Alley Speed Hump Menu (2024),3600 N TRIPP AVE,0.0,0.0,41.946435310853,-87.734066847588,161100,2,170311611002
30,Alley Speed Hump Menu (2024),N MILWAUKEE AVE & N KEELER AVE,2175.0,0.001495,41.944168006044,-87.732142027343,161300,4,170311613004
30,Alley Speed Hump Menu (2024),W ADDISON ST & N LAVERGNE AVE & N LAMON AVE & W PATTERSON AVE,1450.0,0.000997,41.946082181272,-87.752023231123,150800,3,170311508003
30,Alley Speed Hump Menu (2024),W ROSCOE ST & N LINDER AVE & N CENTRAL AVE & W HENDERSON ST,0.0,0.0,41.941325996044,-87.766587793718,151100,3,170311511003
30,Alley Speed Hump Replacement (2024),3300 N KENNETH AVE,0.0,0.0,41.940898812348,-87.738712517423,161200,2,170311612002
30,Alley Speed Hump Replacement (2024),3401 N AVERS AVE,0.0,0.0,41.942909337554,-87.723394924646,831100,3,170318311003
30,Alley Speed Hump Replacement (2024),5701 W CORNELIA AVE,0.0,0.0,41.943632360522,-87.769269918915,151200,1,170311512001
30,Alley Speed Hump Replacement (2024),AVE N NARRAGANSETT AVE & W WELLINGTON AVE & W BARRY AVE & N MELVINA AVE,0.0,0.0,41.934663011662,-87.7857779934,190401,1,170311904011
30,Curb & Gutter Menu (2024),2718 N MANGO AVE,5687.76,0.00391,41.930030375686,-87.770108528328,190602,2,170311906022
30,Curb & Gutter Menu (2024),6156 W BELMONT AVE,48251.14,0.033171,41.938585029886,-87.780923195081,171100,2,170311711002
30,"In-Road ""State Law Stop For Pedestrians"" Sign Menu",W ADDISON ST & N CENTRAL AVE,175.0,0.00012,41.945890990061,-87.766719976331,150700,3,170311507003
30,Miscellaneous CDOT Projects (2024),3638 N PULASKI RD,3700.0,0.002544,41.947581494203,-87.727756447963,161000,2,170311610002
30,Miscellaneous CDOT Projects (2024),N PULASKI RD & W ADDISON ST,3700.0,0.002544,41.946394993899,-87.72740097145,160900,2,170311609002
30,Miscellaneous CDOT Projects (2024),W ROSCOE ST & N KENTON AVE,7400.0,0.005087,41.942555788878,-87.742020435511,161200,1,170311612001
30,Pavement Markings Menu (2024),3800-4000 N Long Ave,175000.0,0.120306,41.952788315588,-87.762129915907,150700,4,170311507004
30,Playground Improvements at William Gray Elementary 30th,3730 N LARAMIE AVE,150000.0,0.10312,41.949214708036,-87.757417656368,150700,2,170311507002
30,Sidewalk Menu (2024),2559 N MCVICKER AVE,13781.19,0.009474,41.92734732848,-87.77676543583,190601,3,170311906013
30,Sidewalk Menu (2024),2625 N PARKSIDE AVE,3835.38,0.002637,41.928414470483,-87.767080901082,190602,2,170311906022
30,Sidewalk Menu (2024),2643 N PARKSIDE AVE,7411.16,0.005095,41.928911433522,-87.767131611596,190602,2,170311906022
30,Sidewalk Menu (2024),3036 N MARMORA AVE,2460.24,0.001691,41.935947538324,-87.773985410004,190402,1,170311904021
30,Sidewalk Menu (2024),3104 N MENARD AVE,1214.92,0.000835,41.9369035782,-87.7715895268,190402,1,170311904021
30,Sidewalk Menu (2024),3359 N AUSTIN AVE,31263.66,0.021493,41.941968929927,-87.7760685644,151200,3,170311512003
30,Sidewalk Menu (2024),3412 N HAMLIN AVE,13174.07,0.009057,41.94324209911,-87.722689168399,831100,3,170318311003
30,Sidewalk Menu (2024),3438 N KILBOURN AVE,3896.16,0.002678,41.943743588377,-87.739879362164,161200,1,170311612001
30,Sidewalk Menu (2024),3456 N KILDARE AVE,16281.76,0.011193,41.944307061818,-87.734988102566,161200,1,170311612001
30,Sidewalk Menu (2024),3634 N HAMLIN AVE,8064.99,0.005544,41.947515319077,-87.722838701551,160900,2,170311609002
30,Sidewalk Menu (2024),3708 W CORNELIA AVE,3335.6,0.002293,41.94485825577,-87.720443740357,831100,2,170318311002
30,Sidewalk Menu (2024),4926 W WARWICK AVE,3705.58,0.002547,41.94902565421,-87.750896619517,150800,2,170311508002
30,Sidewalk Menu (2024),5100 W GRACE ST,19042.25,0.013091,41.949876543111,-87.754781380182,150800,4,170311508004
30,Sidewalk Menu (2024),5215 W MELROSE ST,3705.58,0.002547,41.939390279324,-87.757341129592,151100,2,170311511002
30,Sidewalk Menu (2024),5340-5350 W HENDERSON ST,8007.56,0.005505,41.941450745275,-87.760871761872,151100,2,170311511002
30,Sidewalk Menu (2024),5412-5414 W SCHOOL ST,12216.0,0.008398,41.940698778229,-87.762356692814,151100,3,170311511003
30,Sidewalk Menu (2024),5442 W DAKIN ST,10955.39,0.007531,41.952550831229,-87.763787483686,150700,4,170311507004
30,Sidewalk Menu (2024),5700 W SCHOOL ST,11520.4,0.00792,41.940581389675,-87.769180316371,151200,2,170311512002
30,Sidewalk Menu (2024),5722 W HENDERSON ST,3214.71,0.00221,41.941487180042,-87.76997332823,151200,1,170311512001
30,Sidewalk Menu (2024),5908 W HENDERSON ST,3721.8,0.002559,41.941428716267,-87.774310544028,151200,3,170311512003
30,Sidewalk Menu (2024),6032 W EDDY ST,11308.58,0.007774,41.945074173596,-87.777738323332,171100,1,170311711001
30,Sidewalk Menu (2024),6115 W ADDISON ST,4607.9,0.003168,41.945505506334,-87.779605895178,171100,1,170311711001
30,Sidewalk Menu (2024),6236 W NEWPORT AVE,2961.86,0.002036,41.943155053045,-87.78276889016,171100,1,170311711001
30,Sidewalk Menu (2024),6314 W FLETCHER ST,8254.94,0.005675,41.937613944494,-87.784199429575,190401,1,170311904011
30,Sidewalk Menu (2024),3700-3800 N Harding Ave,22867.22,0.01572,41.948385821631,-87.726546855516,160900,2,170311609002
30,Sidewalk Menu (2024),2400-2500 N Parkside Ave,28386.61,0.019515,41.925927853177,-87.767570488047,190602,2,170311906022
30,Sidewalk Menu (2024),6300-6400 W Henderson St,5898.06,0.004055,41.941328468705,-87.783818388257,171100,3,170311711003
30,Site Improvements at Reinberg Elementary 2024 Menu 30th,3425 N MAJOR AVE,4031.76,0.002772,41.942635542686,-87.768525270637,151200,1,170311512001
30,Street Bump Outs Menu (2024),W GRACE ST & N LECLAIRE AVE,15430.6,0.010608,41.949700984149,-87.75457200024,150800,4,170311508004
30,Street Light Pole for High Definition Camera Menu (2024),3600 N AVERS AVE,3000.0,0.002062,41.946590669428,-87.72409833396,160900,2,170311609002
30,Street Light Upgrade Menu (2024),2414 N MCVICKER AVE,500.0,0.000344,41.924328208866,-87.777248149634,190601,3,170311906013
30,Street Light Upgrade Menu (2024),5100 W WAVELAND AVE,500.0,0.000344,41.94793836101,-87.75459426258,150800,4,170311508004
30,Street Light Upgrade Menu (2024),5125 W WARWICK AVE,500.0,0.000344,41.94855643527,-87.755568105614,150800,4,170311508004
30,Street Light Upgrade Menu (2024),5904 W SCHOOL ST,500.0,0.000344,41.94051693284,-87.774158831581,151200,2,170311512002
30,Street Resurfacing Menu (2024),3800-3742 N Kenneth Ave,30521.94,0.020983,41.950021675765,-87.739757237835,161100,1,170311611001
30,Street Resurfacing Menu (2024),3100-3200 N Mason Ave,60959.81,0.041908,41.937675927148,-87.775022771407,190402,1,170311904021
30,Street Resurfacing Menu (2024),3330-3400 N Meade Ave,27155.44,0.018668,41.938170238803,-87.778687912476,190401,1,170311904011
30,Street Resurfacing Menu (2024),3800-3900 N Monticello Ave,50400.71,0.034649,41.952111619502,-87.719340095166,160900,1,170311609001
30,Street Resurfacing Menu (2024),5000-5100 W Patterson Ave,26654.31,0.018324,41.947153304679,-87.754702925568,150800,3,170311508003
30,Street Resurfacing Menu (2024),3600-3700 W Roscoe St,19109.31,0.013137,41.942892470892,-87.720027158027,831100,2,170318311002
30,Street Resurfacing Menu (2024),4000-4100 W Warwick Ave,70615.29,0.048545,41.949341987236,-87.727801961698,161000,2,170311610002
30,Street Speed Hump Menu (2024),3600-3700 N Hamlin Ave,4880.0,0.003355,41.92645398524,-87.722077960019,220701,3,170312207013
30,Street Speed Hump Menu (2024),3800-4000 N Long Ave,7320.0,0.005032,41.952788315588,-87.762129915907,150700,4,170311507004
30,Street Speed Hump Menu (2024),5100-5200 W Grace St,4880.0,0.003355,41.949940622761,-87.75721749652,150700,1,170311507001
30,Street Speed Hump Menu (2024),6000-6200 W Schubert Ave,9760.0,0.00671,41.92923227034,-87.785224262434,190601,1,170311906011
30,Street Speed Hump Menu (2024),5000-5100 W Warwick Ave,4880.0,0.003355,41.948993719159,-87.754756821205,150800,4,170311508004
30,Street Speed Hump Replacement (2024),3100-3200 N Mason Ave,0.0,0.0,41.937675927148,-87.775022771407,190402,1,170311904021
30,Street Speed Hump Replacement (2024),3600-3700 W Roscoe St,0.0,0.0,41.942892470892,-87.720027158027,831100,2,170318311002
30,Ward 2024 Menu Sidewalk Menu (2024),2437 N MANGO AVE,7668.56,0.005272,41.925076126086,-87.769393132892,190602,2,170311906022
30,Ward Speed Indicator Signs (2024),3800-3930 W Addison St,38620.7,0.02655,41.946666651381,-87.722710961347,160900,2,170311609002
30,,N AVERS AVE & W ROSCOE ST & W CORNELIA AVE & N HAMLIN AVE,3622.5,0.00249,41.944601015162,-87.722453972195,831100,3,170318311003
30,,N KENNETH AVE & W SCHOOL ST & W ROSCOE ST & N KILBOURN AVE,21588.81,0.014842,41.942591286238,-87.739598987503,161200,1,170311612001
30,,N AVERS AVE & W ROSCOE ST & W CORNELIA AVE & N HAMLIN AVE,17603.81,0.012102,41.944601015162,-87.722453972195,831100,3,170318311003
30,,N TRIPP AVE & W ADDISON ST & W WAVELAND AVE & N MILWAUKEE AVE,15702.27,0.010795,41.947398014342,-87.737436959398,161100,2,170311611002
30,,W CORNELIA AVE & N MAJOR AVE & N MENARD AVE & W NEWPORT,20755.67,0.014269,41.94402899218,-87.769106974718,151200,1,170311512001
30,,3001 N,10204.31,0.007015,42.3194045,-87.8560966,,,
30,,5300 W PATTERSON AVE,16655.37,0.01145,41.946960038775,-87.759476633796,150700,2,170311507002
30,,5501 W ROSCOE ST,17039.3,0.011714,41.942040637109,-87.764358458931,151100,3,170311511003
30,,N TRIPP AVE & W ADDISON ST & W WAVELAND AVE & N MILWAUKEE AVE,0.0,0.0,41.947398014342,-87.737436959398,161100,2,170311611002
30,,W ADDISON ST & N MILWAUKEE AVE,2175.0,0.001495,41.946285316696,-87.7356378677,161100,2,170311611002
30,,5501 W ROSCOE ST,0.0,0.0,41.942040637109,-87.764358458931,151100,3,170311511003
30,,N KENNETH AVE & W SCHOOL ST & W ROSCOE ST & N KILBOURN AVE,0.0,0.0,41.942591286238,-87.739598987503,161200,1,170311612001
30,,N AVERS AVE & W ROSCOE ST & W CORNELIA AVE & N HAMLIN AVE,0.0,0.0,41.944601015162,-87.722453972195,831100,3,170318311003
30,,W CORNELIA AVE & N MAJOR AVE & N MENARD AVE & W NEWPORT,0.0,0.0,41.94402899218,-87.769106974718,151200,1,170311512001
30,,3001 N NARRAGANSETT AVE,0.0,0.0,41.93480169025,-87.785502144967,190401,1,170311904011
30,,5645 W ADDISON ST,175.0,0.00012,41.945364271265,-87.767772659551,151200,1,170311512001
30,,N MARMORA AVE & W ADDISON ST,3700.0,0.002544,41.945807003391,-87.77404198785,150600,3,170311506003
30,,3000-3100 N Marmora Ave,2460.24,0.001691,41.936708467962,-87.773804715537,190402,1,170311904021
30,,3614 N HAMLIN AVE,8064.99,0.005544,41.946957712968,-87.722825039049,160900,2,170311609002
30,,5458 W DAKIN ST,10955.39,0.007531,41.952544921987,-87.764362482244,150700,4,170311507004
30,,6300 W HENDERSON ST,5898.06,0.004055,41.941328468705,-87.783818388257,171100,3,170311711003
30,,3807 W ADDISON ST,3000.0,0.002062,41.946228487392,-87.72293576399,831100,3,170318311003
30,,5000 W PATTERSON AVE,26654.31,0.018324,41.947178115112,-87.752257002402,150800,3,170311508003
31,Alley Apron Menu (2024),2455 N LOWELL AVE,15919.19,0.01066,41.926103663596,-87.735024312388,200200,2,170312002002
31,Alley Apron Menu (2024),5400 W SCHUBERT AVE,10338.37,0.006923,41.929702182268,-87.761446250492,190701,1,170311907011
31,Alley Apron Menu (2024),2700-2740 N Kenton Ave,1740.5,0.001166,41.930797990379,-87.742344982802,190900,1,170311909001
31,Alley Resurfacing Menu (2024),2300-2358 N KOSTNER AVE,26771.79,0.017928,41.922679698059,-87.73681695002,200300,2,170312003002
31,Alley Resurfacing Menu (2024),KENNETH AVE 2800-2858 N KILPATRICK AVE,18716.24,0.012533,41.933263150013,-87.744507262364,190100,1,170311901001
31,Alley Resurfacing Menu (2024),2800 N HAMLIN AVE,17093.96,0.011447,41.932186321562,-87.722178576543,210502,1,170312105021
31,Alley Resurfacing Menu (2024),2918 N AVERS AVE,21226.31,0.014214,41.934290310337,-87.723646968474,210502,1,170312105021
31,Alley Resurfacing Menu (2024),N LINDER AVE & W BARRY AVE & W BELMONT AVE & N LUNA AVE,31632.71,0.021183,41.938595004351,-87.765251969809,151100,3,170311511003
31,Alley Resurfacing Menu (2024),N SPRINGFIELD AVE & W GEORGE ST & W WELLINGTON AVE & N HARDING AVE,20261.26,0.013568,41.935439511172,-87.725897677115,210501,2,170312105012
31,Alley Resurfacing Menu (2024),N TRIPP AVE & W BELDEN AVE & W FULLERTON AVE & N KEELER AVE,17054.75,0.011421,41.923718754766,-87.766567119811,191302,2,170311913022
31,Alley Resurfacing Menu (2024),W FULLERTON AVE & N LAVERGNE AVE & N LECLAIRE AVE & W BELDEN AVE,17085.65,0.011442,41.924157008493,-87.751231979463,191100,5,170311911005
31,Alley Resurfacing Menu (2024),FULLERTON AVE W FULLERTON AVE & N LAVERGNE AVE & N LECLAIRE AVE & W MONTANA ST,17411.27,0.01166,41.924157008493,-87.751231979463,191100,5,170311911005
31,Alley Resurfacing Menu (2024),FULLERTON AVE W MONTANA ST & N LAVERGNE AVE & N LECLAIRE AVE & W ALTGELD ST,21519.87,0.014411,41.9251277167,-87.751275062445,190800,3,170311908003
31,Alley Resurfacing Menu (2024),W SCHOOL ST & N LARAMIE AVE & N LOCKWOOD AVE & W HENDERSON ST,33248.94,0.022265,41.941432991038,-87.759204007573,151100,2,170311511002
31,Alley Resurfacing Menu (2024),W SCHUBERT AVE & N LECLAIRE AVE & N LARAMIE AVE & W PARKER AVE,43610.24,0.029204,41.929621715997,-87.753884935637,190800,5,170311908005
31,Alley Resurfacing Menu (2024),W WELLINGTON AVE & N LOCKWOOD AVE & N LONG AVE & W NELSON ST,43039.74,0.028822,41.935062786534,-87.759021198265,190300,2,170311903002
31,Alley Resurfacing Menu (2024),W WELLINGTON AVE & N PULASKI RD & N KARLOV AVE & W NELSON ST,56417.33,0.03778,41.9354449175,-87.727083381138,210400,1,170312104001
31,Alley Speed Hump Replacement (2024),2305 N TRIPP AVE,0.0,0.0,41.922828141564,-87.732577215756,200300,1,170312003001
31,Alley Speed Hump Replacement (2024),2800-2858 N KILPATRICK AVE,0.0,0.0,41.933263150013,-87.744507262364,190100,1,170311901001
31,Alley Speed Hump Replacement (2024),KEATING AVE N AVERS AVE & W GEORGE ST & W WELLINGTON AVE & N SPRINGFIELD AVE,0.0,0.0,41.935457113169,-87.724633686116,210501,2,170312105012
31,Alley Speed Hump Replacement (2024),N HAMLIN AVE & W DIVERSEY AVE & W GEORGE ST & N AVERS AVE,0.0,0.0,41.931874017199,-87.722093969454,210502,1,170312105021
31,Alley Speed Hump Replacement (2024),N KOSTNER AVE & W BELDEN AVE & W FULLERTON AVE & N KENNETH AVE,0.0,0.0,41.924318988772,-87.737810959917,200300,2,170312003002
31,Alley Speed Hump Replacement (2024),N LINDER AVE & W BARRY AVE & W BELMONT AVE & N LUNA AVE,0.0,0.0,41.938595004351,-87.765251969809,151100,3,170311511003
31,Alley Speed Hump Replacement (2024),N SPRINGFIELD AVE & W GEORGE ST & W WELLINGTON AVE & N HARDING AVE,0.0,0.0,41.935439511172,-87.725897677115,210501,2,170312105012
31,Alley Speed Hump Replacement (2024),SPRINGFIELD AVE W FULLERTON AVE & N LAVERGNE AVE & N LECLAIRE AVE & W BELDEN AVE,0.0,0.0,41.924157008493,-87.751231979463,191100,5,170311911005
31,Alley Speed Hump Replacement (2024),FULLERTON AVE W FULLERTON AVE & N LAVERGNE AVE & N LECLAIRE AVE & W MONTANA ST,0.0,0.0,41.924157008493,-87.751231979463,191100,5,170311911005
31,Alley Speed Hump Replacement (2024),FULLERTON AVE W MONTANA ST & N LAVERGNE AVE & N LECLAIRE AVE & W ALTGELD ST,0.0,0.0,41.9251277167,-87.751275062445,190800,3,170311908003
31,Alley Speed Hump Replacement (2024),W SCHUBERT AVE & N LECLAIRE AVE & N LARAMIE AVE & W PARKER AVE,0.0,0.0,41.929621715997,-87.753884935637,190800,5,170311908005
31,Alley Speed Hump Replacement (2024),W WELLINGTON AVE & N LOCKWOOD AVE & N LONG AVE & W NELSON ST,0.0,0.0,41.935062786534,-87.759021198265,190300,2,170311903002
31,Alley Speed Hump Replacement (2024),W WELLINGTON AVE & N PULASKI RD & N KARLOV AVE & W NELSON ST,0.0,0.0,41.9354449175,-87.727083381138,210400,1,170312104001
31,Miscellaneous CDOT Projects (2024),3000 N KENNETH AVE,660.0,0.000442,41.93535923056,-87.738202740512,200100,3,170312001003
31,Sidewalk Menu (2024),2827 N PULASKI RD,52113.67,0.034898,41.932586688517,-87.726662190504,210502,3,170312105023
31,Sidewalk Menu (2024),5301 W WRIGHTWOOD AVE,3472.31,0.002325,41.927541746724,-87.758915753923,190702,2,170311907022
31,Speed Indicator Signs (2024),2800-3200 N Kostner Ave,11625.0,0.007785,41.931740197835,-87.736878482195,200100,2,170312001002
31,Street Light Upgrade Menu (2024),4959 W ALTGELD ST,500.0,0.000335,41.925839927013,-87.751116057742,190800,3,170311908003
31,Street Light Upgrade Menu (2024),5019 W WRIGHTWOOD AVE,500.0,0.000335,41.927619027871,-87.752203777317,190800,4,170311908004
31,Street Light Upgrade Menu (2024),5052 W FULLERTON AVE,500.0,0.000335,41.924276189012,-87.752538602863,190800,3,170311908003
31,Street Light Upgrade Menu (2024),5136 W BELDEN AVE,500.0,0.000335,41.922514406928,-87.755107184758,191100,5,170311911005
31,Street Light Upgrade Menu (2024),5141 W FULLERTON AVE,500.0,0.000335,41.923839795368,-87.755320923289,191100,5,170311911005
31,Street Light Upgrade Menu (2024),3000-3200 N Luna Ave,13250.0,0.008873,41.935012970295,-87.765224502649,190300,2,170311903002
31,Street Resurfacing Menu (2024),4560 W WELLINGTON AVE,34768.65,0.023283,41.935451078199,-87.741720782473,200100,3,170312001003
31,Street Resurfacing Menu (2024),2300-2400 N Keating Ave,58694.31,0.039305,41.922495002822,-87.74531100306,191000,1,170311910001
31,Street Resurfacing Menu (2024),2400-2500 N Kenton Ave,21345.53,0.014294,41.926628245007,-87.742064440503,190900,1,170311909001
31,Street Resurfacing Menu (2024),3100-3200 N Kilpatrick Ave,51665.29,0.034598,41.939123357618,-87.744312131658,151002,4,170311510024
31,Street Resurfacing Menu (2024),2400-2430 N Kilpatrick Ave,27362.24,0.018323,41.925373731738,-87.743971316606,190900,1,170311909001
31,Street Resurfacing Menu (2024),3000-3100 N Knox Ave,58589.76,0.039235,41.935355105407,-87.74344628106,190100,1,170311901001
31,Street Resurfacing Menu (2024),5000-5100 W George St,56370.24,0.037749,41.933502788625,-87.754210321118,190200,3,170311902003
31,Street Resurfacing Menu (2024),5100-5200 W George St,60835.16,0.040739,41.933502788625,-87.754210321118,190200,3,170311902003
31,Street Resurfacing Menu (2024),5100-5200 W Medill Ave,55348.81,0.037065,41.923456658574,-87.753895664473,191100,5,170311911005
31,Street Resurfacing Menu (2024),4800-5000 W Oakdale Ave,94273.96,0.063131,41.934451913431,-87.751797925565,190200,3,170311902003
31,Street Resurfacing Menu (2024),4400-4600 W Parker Ave,77313.05,0.051773,41.930946601523,-87.737013254192,200200,4,170312002004
31,Street Resurfacing Menu (2024),5000-5100 W Parker Ave,63681.01,0.042644,41.930787177724,-87.751660629991,190800,5,170311908005
31,Street Resurfacing Menu (2024),5300-5400 W Wellington Ave,54542.45,0.036525,41.935234783187,-87.759181292615,190300,2,170311903002
31,Street Speed Hump Replacement (2024),4560 W WELLINGTON AVE,0.0,0.0,41.935451078199,-87.741720782473,200100,3,170312001003
31,Street Speed Hump Replacement (2024),2400-2500 N Kenton Ave,0.0,0.0,41.926628245007,-87.742064440503,190900,1,170311909001
31,Street Speed Hump Replacement (2024),3100-3200 N Kilpatrick Ave,0.0,0.0,41.939123357618,-87.744312131658,151002,4,170311510024
31,Street Speed Hump Replacement (2024),2400-2430 N Kilpatrick Ave,0.0,0.0,41.925373731738,-87.743971316606,190900,1,170311909001
31,Street Speed Hump Replacement (2024),5100-5200 W George St,0.0,0.0,41.933502788625,-87.754210321118,190200,3,170311902003
31,Street Speed Hump Replacement (2024),5100-5200 W Medill Ave,0.0,0.0,41.923456658574,-87.753895664473,191100,5,170311911005
31,Street Speed Hump Replacement (2024),4800-5000 W Oakdale Ave,0.0,0.0,41.934451913431,-87.751797925565,190200,3,170311902003
31,Street Speed Hump Replacement (2024),4400-4600 W Parker Ave,0.0,0.0,41.930946601523,-87.737013254192,200200,4,170312002004
31,Street Speed Hump Replacement (2024),5000-5100 W Parker Ave,0.0,0.0,41.930787177724,-87.751660629991,190800,5,170311908005
31,,2700-2730 N Long Ave,10338.37,0.006923,41.93025527916,-87.761355981863,190701,1,170311907011
31,,N KOSTNER AVE & W BELDEN AVE & W FULLERTON AVE & N,26771.79,0.017928,41.923718754766,-87.766567119811,191302,2,170311913022
31,,N KILPATRICK AVE & W DIVERSEY AVE & W GEORGE ST & N KEATING AVE,18716.24,0.012533,41.93158999641,-87.744144996509,190100,1,170311901001
31,,N HAMLIN AVE & W DIVERSEY AVE & W GEORGE ST & N AVERS AVE,17093.96,0.011447,41.931874017199,-87.722093969454,210502,1,170312105021
31,,N AVERS AVE & W GEORGE ST & W WELLINGTON AVE & N SPRINGFIELD AVE,21226.31,0.014214,41.935457113169,-87.724633686116,210501,2,170312105012
31,,3134 N LINDER AVE,31632.71,0.021183,41.937843650551,-87.764308921883,190300,1,170311903001
31,,2900-2958 N SPRINGFIELD AVE,20261.26,0.013568,41.933770297064,-87.724799312523,210502,3,170312105023
31,,2305 N TRIPP AVE,17054.75,0.011421,41.922828141564,-87.732577215756,200300,1,170312003001
31,,5001-5059 W,17085.65,0.011442,41.8846568,-88.2049027,,,
31,,5000-5038 W,17411.27,0.01166,41.8846568,-88.2049027,,,
31,,5000-5058 W MONTANA ST,21519.87,0.014411,41.925333408604,-87.753539182131,190800,3,170311908003
31,,N TRIPP AVE & W BELDEN AVE & W FULLERTON AVE & N KEELER AVE,0.0,0.0,41.923718754766,-87.766567119811,191302,2,170311913022
31,,N KILPATRICK AVE & W DIVERSEY AVE & W GEORGE ST & N,0.0,0.0,41.93158999641,-87.744144996509,190100,1,170311901001
31,,2918 N AVERS AVE,0.0,0.0,41.934290310337,-87.723646968474,210502,1,170312105021
31,,2800 N HAMLIN AVE,0.0,0.0,41.932186321562,-87.722178576543,210502,1,170312105021
31,,2300-2358 N KOSTNER AVE,0.0,0.0,41.922679698059,-87.73681695002,200300,2,170312003002
31,,3134 N LINDER AVE,0.0,0.0,41.937843650551,-87.764308921883,190300,1,170311903001
31,,2900-2958 N,0.0,0.0,42.3194045,-87.8560966,,,
31,,5001-5059 W,0.0,0.0,41.8846568,-88.2049027,,,
31,,5000-5038 W,0.0,0.0,41.8846568,-88.2049027,,,
31,,5000-5058 W MONTANA ST,0.0,0.0,41.925333408604,-87.753539182131,190800,3,170311908003
31,,N LOCKWOOD AVE & W WRIGHTWOOD AVE,3472.31,0.002325,41.927756281536,-87.758726993463,190702,2,170311907022
31,,3118 N KOSTNER AVE,11625.0,0.007785,41.937766537041,-87.737294131768,200100,2,170312001002
31,,2831 N KOSTNER AVE,11625.0,0.007785,41.932604164785,-87.736557446298,200100,2,170312001002
31,,2935 N KOSTNER AVE,11625.0,0.007785,41.934608571201,-87.736627602827,200100,2,170312001002
31,,4911 W ALTGELD ST,500.0,0.000335,41.925861049409,-87.749386284384,190800,3,170311908003
31,,4919 W ALTGELD ST,500.0,0.000335,41.925862306694,-87.749673280748,190800,3,170311908003
31,,4937 W ALTGELD ST,500.0,0.000335,41.925862097147,-87.750323129702,190800,3,170311908003
31,,5041 W WRIGHTWOOD AVE,500.0,0.000335,41.927611819435,-87.752974325676,190800,4,170311908004
31,,5053 W FULLERTON AVE,500.0,0.000335,41.923854798974,-87.753307925422,191100,5,170311911005
31,,5109 W FULLERTON AVE,500.0,0.000335,41.923851320485,-87.754116359984,191100,5,170311911005
31,,2400-2458 N KENTON AVE,21345.53,0.014294,41.925658540364,-87.741967872278,190900,1,170311909001
31,,2400-2458 N KENTON AVE,0.0,0.0,41.925658540364,-87.741967872278,190900,1,170311909001
32,(2024) Alley Apron Menu (2024),1743 W TERRA COTTA PL,28470.23,0.023267,41.927643838305,-87.671919058856,070700,2,170310707002
32,"2 In-Road ""State Law Stop For Pedestrians"" Signs Menu",W FULLERTON AVE & N LAKEWOOD AVE,350.0,0.000286,41.925266982021,-87.660894006333,070500,2,170310705002
32,Alley Apron Menu (2024),1852 W NELSON ST,14094.84,0.011519,41.937078885705,-87.67566878706,051300,1,170310513001
32,Alley Apron Menu (2024),1915 N WOLCOTT AVE,22030.27,0.018004,41.91648220267,-87.674912487937,831000,2,170318310002
32,Alley Apron Menu (2024),2114 W LYNDALE ST,24907.89,0.020355,41.922945488208,-87.680961958915,832200,1,170318322001
32,Alley Apron Menu (2024),2145 W BARRY AVE,45147.75,0.036896,41.937467261188,-87.682493500264,051400,1,170310514001
32,Alley Apron Menu (2024),3106 N WOLCOTT AVE,21060.55,0.017211,41.938155583077,-87.676061311586,051300,1,170310513001
32,Alley Apron Menu (2024),3112 N HONORE ST,22519.23,0.018403,41.93810340383,-87.674310259536,051300,1,170310513001
32,Alley Resurfacing Menu (2024),N WESTERN AVE & N MILWAUKEE AVE & N WINNEBAGO AVE & W MOFFAT ST,16700.56,0.013648,41.916853018066,-87.687423987169,832400,2,170318324002
32,Alley Resurfacing Menu (2024),N WOLCOTT AVE & W ARMITAGE AVE & W DICKENS AVE & N WOLCOTT AVE,63481.58,0.051879,41.917802981063,-87.675195963902,831000,2,170318310002
32,Alley Resurfacing Menu (2024),W CHARLESTON ST & N LEAVITT ST & N OAKLEY AVE & W DICKENS AVE,44189.25,0.036113,41.919938983358,-87.682566003726,832200,2,170318322002
32,Alley Resurfacing Menu (2024),W CORNELIA AVE & N HOYNE AVE & N HAMILTON AVE & W ROSCOE ST,53020.6,0.04333,41.945004980986,-87.680905967802,050800,1,170310508001
32,Alley Resurfacing Menu (2024),W DICKENS AVE & N DAMEN AVE & N HOYNE AVE & W MCLEAN AVE,64822.26,0.052974,41.919588996991,-87.677682036384,832300,1,170318323001
32,Alley Resurfacing Menu (2024),W DIVERSEY PKWY & N LAKEWOOD AVE & N WAYNE AVE & W SCHUBERT AVE,29324.57,0.023965,41.932536019912,-87.661110007978,062800,2,170310628002
32,Alley Resurfacing Menu (2024),W OAKDALE AVE & N ASHLAND AVE & N GREENVIEW AVE & W GEORGE ST,42935.08,0.035088,41.935156999126,-87.668551964531,062600,1,170310626001
32,Alley Resurfacing Menu (2024),W SCHOOL ST & N WOLCOTT AVE & N DAMEN AVE & W MELROSE ST,62447.58,0.051034,41.941429009634,-87.675971038489,051200,1,170310512001
32,Alley Resurfacing Menu (2024),W SHAKESPEARE AVE & N DAMEN AVE & N HOYNE AVE & W CHARLESTON ST,58815.6,0.048066,41.920793979392,-87.677731992527,832200,2,170318322002
32,Alley Resurfacing Menu (2024),W WABANSIA AVE & N ASHLAND AVE & N BOSWORTH AVE & W NORTH AVE,27853.32,0.022762,41.912478293251,-87.667815027604,240200,1,170312402001
32,Alley Speed Hump Menu (2024),W DICKENS AVE & N OAKLEY AVE & N WESTERN AVE & W MCLEAN AVE,3625.0,0.002962,41.972543881255,-87.688723604966,040401,1,170310404011
32,Alley Speed Hump Replacement (2024),N WESTERN AVE & N MILWAUKEE AVE & N WINNEBAGO AVE & W MOFFAT ST,0.0,0.0,41.916853018066,-87.687423987169,832400,2,170318324002
32,Alley Speed Hump Replacement (2024),W CHARLESTON ST & N LEAVITT ST & N OAKLEY AVE & W DICKENS AVE,0.0,0.0,41.919938983358,-87.682566003726,832200,2,170318322002
32,Alley Speed Hump Replacement (2024),W CORNELIA AVE & N HOYNE AVE & N HAMILTON AVE & W ROSCOE ST,0.0,0.0,41.945004980986,-87.680905967802,050800,1,170310508001
32,Alley Speed Hump Replacement (2024),W DICKENS AVE & N DAMEN AVE & N HOYNE AVE & W MCLEAN AVE,0.0,0.0,41.919588996991,-87.677682036384,832300,1,170318323001
32,Alley Speed Hump Replacement (2024),W WABANSIA AVE & N ASHLAND AVE & N BOSWORTH AVE & W NORTH AVE,0.0,0.0,41.912478293251,-87.667815027604,240200,1,170312402001
32,Curb & Gutter Menu (2024),1621 N HERMITAGE AVE,21453.52,0.017532,41.911232113797,-87.67111355796,240200,1,170312402001
32,Curb & Gutter Menu (2024),1711 N HERMITAGE AVE,5323.36,0.00435,41.912784106989,-87.671089920993,240200,1,170312402001
32,Curb & Gutter Menu (2024),2031 W CHURCHILL ST,7978.72,0.00652,41.914524399636,-87.678814012408,831000,1,170318310001
32,Curb & Gutter Menu (2024),2058 N HOYNE AVE,33295.74,0.02721,41.919416497424,-87.680590724424,832200,2,170318322002
32,Curb & Gutter Menu (2024),2636 N BOSWORTH AVE,74527.95,0.060906,41.929895720412,-87.667357627148,070600,1,170310706001
32,Curb & Gutter Menu (2024),3222 N RAVENSWOOD AVE W,4218.43,0.003447,41.940350635881,-87.674159373936,051200,2,170310512002
32,Miscellaneous CDOT Projects (2024),3335 N DAMEN AVE,660.0,0.000539,41.942497190543,-87.678338517442,051200,1,170310512001
32,Pavement Markings Menu (2024),2214 W BARRY AVE,3000.0,0.002452,41.937917872303,-87.683852625864,843700,2,170318437002
32,Pavement Markings Menu (2024),1600-1660 W Armitage Ave,6000.0,0.004903,41.917991285908,-87.669469112947,832300,1,170318323001
32,Sidewalk Menu (2024),1918 W ROSCOE ST,4070.11,0.003326,41.943452484879,-87.676842840238,050700,1,170310507001
32,Sidewalk Menu (2024),2010 W WELLINGTON AVE,4275.02,0.003494,41.935985798821,-87.678644284429,051400,1,170310514001
32,Sidewalk Menu (2024),2014 N LEAVITT ST,5145.13,0.004205,41.918186411223,-87.682794745864,221600,1,170312216001
32,Sidewalk Menu (2024),W WABANSIA AVE & N CLAREMONT AVE,19270.29,0.015748,41.912589102011,-87.686043487716,240500,1,170312405001
32,Street Bump Outs Menu (2024),N OAKLEY AVE & W WABANSIA AVE,17117.03,0.013988,41.91261001486,-87.684827022108,240500,1,170312405001
32,Street Light Upgrade Menu (2024),1653 N DAMEN AVE,500.0,0.000409,41.912064059597,-87.67729110442,240300,1,170312403001
32,Street Resurfacing Menu (2024),2930-3000 N Greenview Ave,34493.98,0.028189,41.936159013741,-87.666256999442,062700,3,170310627003
32,Street Resurfacing Menu (2024),1799-1900 N Paulina St,65324.89,0.053385,41.916461667007,-87.670655319314,832300,1,170318323001
32,Street Resurfacing Menu (2024),1900-1932 W Bloomingdale Ave,33318.49,0.027229,41.914236368275,-87.676078300508,831000,2,170318310002
32,Street Resurfacing Menu (2024),2100-2200 W Charleston St,62094.65,0.050745,41.920045014434,-87.682644961254,221600,1,170312216001
32,Street Resurfacing Menu (2024),2100-2200 W Dickens Ave,59834.11,0.048898,41.919285991192,-87.682633980961,221600,1,170312216001
32,Street Resurfacing Menu (2024),1200-1300 W Wrightwood Ave,74474.38,0.060862,41.929085567561,-87.661195419571,070500,3,170310705003
32,Street Speed Hump Menu (2024),3300-3400 N Hamilton Ave,4880.0,0.003988,41.941476535025,-87.682393671797,051100,1,170310511001
32,Street Speed Hump Menu (2024),1910-2000 N Oakley Ave,2440.0,0.001994,41.91772699911,-87.685078982117,221600,2,170312216002
32,Street Speed Hump Menu (2024),3300-3400 N Oakley Ave,4880.0,0.003988,41.941424692954,-87.685912059474,051000,1,170310510001
32,Street Speed Hump Menu (2024),1600-1700 N Winchester Ave,4880.0,0.003988,41.911438015248,-87.676406981273,240300,1,170312403001
32,Street Speed Hump Menu (2024),3300-3400 N Wolcott Ave,4880.0,0.003988,41.943322020556,-87.676156027092,050700,1,170310507001
32,Street Speed Hump Menu (2024),1400-1500 W Melrose St,4880.0,0.003988,41.940842192592,-87.666439724931,062400,1,170310624001
32,Street Speed Hump Menu (2024),2000-2100 W Wellington Ave,4880.0,0.003988,41.936003990442,-87.680737994463,051400,1,170310514001
32,Street Speed Hump Menu (2024),1600-1700 W Wolfram St,4880.0,0.003988,41.933340185093,-87.670944315914,062600,1,170310626001
32,Street Speed Hump Menu (2024),1500-1600 W Wolfram St,4880.0,0.003988,41.933536693423,-87.666193799892,062700,2,170310627002
32,Street Speed Hump Replacement (2024),2930-3000 N Greenview Ave,0.0,0.0,41.936159013741,-87.666256999442,062700,3,170310627003
33,Alley Resurfacing Menu (2024),3746 W EASTWOOD AVE,7307.97,0.004983,41.965802620149,-87.722500827034,140602,3,170311406023
33,Alley Resurfacing Menu (2024),AVE 4011 N FRANCISCO AVE,16530.6,0.011271,41.954316521042,-87.70035022297,160602,1,170311606021
33,Alley Resurfacing Menu (2024),N BERNARD ST & W AINSLIE ST & W AINSLIE ST & N KIMBALL AVE,33527.04,0.022859,41.970214979709,-87.713433032722,140200,2,170311402002
33,Alley Resurfacing Menu (2024),N BERNARD ST & W LAWRENCE AVE & W AINSLIE ST & N ST LOUIS AVE,38131.22,0.025998,41.968394011244,-87.714584035666,140200,2,170311402002
33,Alley Resurfacing Menu (2024),N KEDZIE AVE & W MONTROSE AVE & W SUNNYSIDE AVE & N SAWYER AVE,27791.51,0.018948,41.962535899115,-87.728476872541,140500,3,170311405003
33,Alley Resurfacing Menu (2024),N KEDZIE AVE & W SUNNYSIDE AVE & W WILSON AVE & N SAWYER AVE,33372.54,0.022754,41.963032820245,-87.7083135339,140702,1,170311407021
33,Alley Resurfacing Menu (2024),N MONTICELLO AVE & W BERTEAU AVE & W CULLOM AVE & N CENTRAL PARK AVE,55348.63,0.037737,41.95923900323,-87.717996476087,160400,1,170311604001
33,Alley Resurfacing Menu (2024),W GUNNISON ST & N SACRAMENTO AVE & N ALBANY AVE & W LAWRENCE AVE,18939.68,0.012913,41.933468045636,-87.702863033723,210700,2,170312107002
33,Alley Speed Hump Replacement (2024),4011 N FRANCISCO AVE,0.0,0.0,41.954316521042,-87.70035022297,160602,1,170311606021
33,Alley Speed Hump Replacement (2024),N KEDZIE AVE & W MONTROSE AVE & W SUNNYSIDE AVE & N SAWYER AVE,0.0,0.0,41.962535899115,-87.728476872541,140500,3,170311405003
33,Alley Speed Hump Replacement (2024),N MONTICELLO AVE & W BERTEAU AVE & W CULLOM AVE & N CENTRAL PARK AVE,0.0,0.0,41.95923900323,-87.717996476087,160400,1,170311604001
33,Alley Speed Hump Replacement (2024),W GUNNISON ST & N SACRAMENTO AVE & N ALBANY AVE & W LAWRENCE AVE,0.0,0.0,41.933468045636,-87.702863033723,210700,2,170312107002
33,Carl Von Linne Elementary School - Turf Field Renovations,3221 N SACRAMENTO AVE,40000.0,0.027272,41.940098885419,-87.701931049908,210100,2,170312101002
33,Chicago Park District (2024),2741 W MONTROSE AVE,20000.0,0.013636,41.960595237073,-87.697534657874,160602,3,170311606023
33,Concrete Alley Menu (2024),N ALBANY AVE & W LAWRENCE AVE & W LELAND AVE & N WHIPPLE ST,115000.0,0.078408,41.968466011793,-87.706038014826,140800,5,170311408005
33,Curb & Gutter Menu (2024),4024 N FRANCISCO AVE,4165.39,0.00284,41.954829493517,-87.701043154905,160602,1,170311606021
33,Curb & Gutter Menu (2024),4146 N ST LOUIS AVE,52520.8,0.035809,41.957073161359,-87.715734535696,160502,1,170311605021
33,Curb & Gutter Menu (2024),4225 N FRANCISCO AVE,6852.14,0.004672,41.958390042166,-87.700553316484,160601,3,170311606013
33,Grover Cleveland Elementary School - Nature Play Space,3121 W BYRON ST,180000.0,0.122725,41.951628318965,-87.706306738642,160700,5,170311607005
33,Installation of Accessible Pedestrian Signals at N. Kimball,N KIMBALL AVE & W LAWRENCE AVE,97230.42,0.066292,41.968402979881,-87.713383998588,140200,2,170311402002
33,LED Traffic Signal Upgrades & Pedestrian Countdown,N KIMBALL AVE & W MONTROSE AVE,34973.28,0.023845,41.96114601193,-87.713145030529,140702,2,170311407022
33,Miscellaneous Other Projects (2024),4250 N ST LOUIS AVE,250000.0,0.170452,41.958722803722,-87.715838471295,160501,2,170311605012
33,Sidewalk Menu (2024),3410 N ALBANY AVE,4200.2,0.002864,41.943153418574,-87.705546751481,210100,3,170312101003
33,Sidewalk Menu (2024),3717-3723 N SAWYER AVE,11765.93,0.008022,41.948994599259,-87.708777220784,160800,1,170311608001
33,Sidewalk Menu (2024),3738 N SAWYER AVE,3968.93,0.002706,41.949562557018,-87.70945540057,160800,1,170311608001
33,Sidewalk Menu (2024),4736 N SAWYER AVE,7327.75,0.004996,41.967760297455,-87.709973486005,140701,1,170311407011
33,Sidewalk Menu (2024),4934 N MONTICELLO AVE,3645.79,0.002486,41.971247965457,-87.719885589424,140302,2,170311403022
33,Signal (2024) LED Traffic Signal Upgrades & Pedestrian Countdown,W MONTROSE AVE & N CALIFORNIA AVE,21167.06,0.014432,41.961280792934,-87.698517016926,140800,2,170311408002
33,Signal (2024) Miscellaneous CDOT Projects (2024),N ELSTON AVE & N FRANCISCO AVE,26077.01,0.017779,41.940535414936,-87.699982425058,210100,1,170312101001
33,Street Bump Outs Menu (2024),N RICHMOND ST & W BERTEAU AVE,1158.96,0.00079,41.957566017265,-87.702030040185,160602,3,170311606023
33,Street Bump Outs Menu (2024),5000-5100 N Albany Ave,16270.81,0.011094,41.972243358368,-87.706493319807,140100,1,170311401001
33,Street Bump Outs Menu (2024),W CARMEN AVE & N TROY ST,12619.3,0.008604,41.973920996289,-87.70740895891,140100,1,170311401001
33,Street Resurfacing Menu (2024),4430-4500 N Lawndale Ave,23751.84,0.016194,41.963000591827,-87.720864344258,140602,4,170311406024
33,Street Resurfacing Menu (2024),4500-4600 N Lawndale Ave,53543.77,0.036506,41.965393583274,-87.720989150797,140602,3,170311406023
33,Street Resurfacing Menu (2024),4200-4300 N Monticello Ave,49274.91,0.033596,41.959371772576,-87.719510499257,160400,1,170311604001
33,Street Resurfacing Menu (2024),4000-4100 N Richmond St,40687.0,0.027741,41.956001996042,-87.702115032683,160602,3,170311606023
33,Street Resurfacing Menu (2024),3100-3130 W School St,35845.27,0.02444,41.941167997169,-87.705290013787,210100,2,170312101002
33,Street Resurfacing Menu (2024),3630-3800 W Sunnyside Ave,80337.41,0.054775,41.962946260739,-87.722161322553,140602,4,170311406024
33,Street Speed Hump Menu (2024),5000-5100 N Albany Ave,4880.0,0.003327,41.972243358368,-87.706493319807,140100,1,170311401001
33,Street Speed Hump Menu (2024),4600-4700 N Avers Ave,4880.0,0.003327,41.966604642554,-87.724607199302,140601,1,170311406011
33,Street Speed Hump Menu (2024),4500-4600 N Lawndale Ave,0.0,0.0,41.965393583274,-87.720989150797,140602,3,170311406023
33,Street Speed Hump Menu (2024),4400-4500 N Sacramento Ave,4880.0,0.003327,41.963166679239,-87.703790323671,140800,3,170311408003
33,Street Speed Hump Menu (2024),4500-4600 N Sawyer Ave,4880.0,0.003327,41.963120578771,-87.709926379709,140702,1,170311407021
33,Street Speed Hump Replacement (2024),3630-3800 W Sunnyside Ave,0.0,0.0,41.962946260739,-87.722161322553,140602,4,170311406024
33,,W LELAND AVE & N HAMLIN AVE & N LAWNDALE AVE & W LELAND,7307.97,0.004983,41.966485409982,-87.723087979352,140602,3,170311406023
33,,N FRANCISCO AVE & W IRVING PARK RD & W BELLE PLAINE AVE & N MOZART ST,16530.6,0.011271,41.9540371103,-87.700687594572,160602,1,170311606021
33,,N FRANCISCO AVE & W IRVING PARK RD & W BELLE PLAINE AVE & N MOZART ST,0.0,0.0,41.9540371103,-87.700687594572,160602,1,170311606021
34,Alley Apron Menu (2024),813 S CARPENTER ST,4510.18,0.003009,41.871408141158,-87.653005126702,833300,1,170318333001
34,Alley Apron Menu (2024),910 W VAN BUREN ST,76264.2,0.050887,41.87687909318,-87.650017062039,833100,1,170318331001
34,Alley Apron Menu (2024),S CLINTON ST & W ARCADE PL,98846.44,0.065954,41.881205915418,-87.641148337927,281900,3,170312819003
34,Alley Resurfacing Menu (2024),725 S CARPENTER ST,1854.03,0.001237,41.872261754178,-87.653050808074,833300,1,170318333001
34,Alley Resurfacing Menu (2024),W ADAMS ST & S STATE ST & S WABASH AVE & E JACKSON BLVD,23467.76,0.015659,41.878249995354,-87.626068036829,320400,1,170313204001
34,Alley Resurfacing Menu (2024),W VAN BUREN ST & S PEORIA ST & S SANGAMON ST & W JACKSON BLVD,27732.03,0.018504,41.877917988169,-87.650764979259,833100,1,170318331001
34,Arterial Street Bump Outs Menu (2024),W ADAMS ST & S PEORIA ST,72171.11,0.048156,41.879204987492,-87.649631997407,833100,4,170318331004
34,Arterial Street Bump Outs Menu (2024),W FULTON MARKET & N UNION AVE,130000.0,0.086741,41.886827993154,-87.645657969474,280100,3,170312801003
34,Arterial Street Bump Outs Menu (2024),W VAN BUREN ST & S ABERDEEN ST,50000.0,0.033362,41.876586019935,-87.654529962528,833100,1,170318331001
34,Bollard Menu (2024),E ADAMS ST & S MICHIGAN AVE,10000.0,0.006672,41.879532007444,-87.624415963713,320400,1,170313204001
34,Miscellaneous CDOT Projects (2024),400 S HALSTED ST,660.0,0.00044,41.876463057416,-87.647574575454,841900,1,170318419001
34,Miscellaneous CDOT Projects (2024),W POLK ST & S RACINE AVE,17736.0,0.011834,41.871811981253,-87.656821993951,833300,1,170318333001
34,Mural on Fulton Street viaduct,"ON N MILWAUKEE AVE FROM Fulton Street viaduct, between N. Milwaukee Ave. and N. Canal St. N TO N CANAL ST (200 N)",100000.0,0.066724,41.88684739726,-87.640598949616,280100,2,170312801002
34,Pavement Markings Menu (2024),1200-1600 W Congress Pkwy,8000.0,0.005338,41.874237381575,-87.740817106559,252202,3,170312522023
34,Pavement Markings Menu (2024),540-640 W Madison St,3000.0,0.002002,41.882086601985,-87.64437704703,280100,1,170312801001
34,Pavement Markings Menu (2024),1500-1630 W Monroe St,3500.0,0.002335,41.880473085623,-87.664949422546,833100,2,170318331002
34,Pavement Markings Menu (2024),1000-1200 W Van Buren St,4089.24,0.002729,41.876826538647,-87.652225693526,833100,1,170318331001
34,Pavement Markings Menu (2024),S MORGAN ST & W TAYLOR ST,500.0,0.000334,41.869503018386,-87.651150965901,833300,1,170318333001
34,Sidewalk Menu (2024),1111 W MADISON ST,5682.17,0.003791,41.881401716676,-87.655065817598,833100,3,170318331003
34,Sidewalk Menu (2024),1454 W FLOURNOY ST,5919.94,0.00395,41.87348471576,-87.663880562253,832900,1,170318329001
34,Sidewalk Menu (2024),1502 W JACKSON BLVD,85.44,5.7e-05,41.877896027583,-87.66449897907,833100,2,170318331002
34,Sidewalk Menu (2024),15 S RACINE AVE,6520.3,0.004351,41.881055627894,-87.656876057227,833100,3,170318331003
34,Sidewalk Menu (2024),310 N CLINTON ST,12303.03,0.008209,41.887401985883,-87.641543041748,280100,2,170312801002
34,Sidewalk Menu (2024),47 N WELLS ST,37749.99,0.025188,41.882887995747,-87.633670003914,839100,1,170318391001
34,Sidewalk Menu (2024),713-723 S ABERDEEN ST,20432.61,0.013633,41.872273405023,-87.654029730546,833300,1,170318333001
34,Sidewalk Menu (2024),932 W MADISON ST,23677.09,0.015798,41.881928980296,-87.651153983386,833000,1,170318330001
34,Sidewalk Menu (2024),300-400 N Jefferson St,1871.6,0.001249,41.889366075345,-87.642379639504,842300,2,170318423002
34,Sidewalk Menu (2024),100-200 S Desplaines St,18247.29,0.012175,41.880416340139,-87.644399510531,281900,3,170312819003
34,Street Bump Outs Menu (2024),W FLOURNOY ST & S LAFLIN ST,26655.57,0.017786,41.873324286134,-87.664196560003,832900,1,170318329001
34,Street Bump Outs Menu (2024),W JACKSON BLVD & S THROOP ST,11231.0,0.007494,41.877780189681,-87.65944167397,833100,1,170318331001
34,Street Bump Outs Menu (2024),W MONROE ST & S LAFLIN ST,11401.86,0.007608,41.880684896317,-87.664409292706,833100,2,170318331002
34,Street Light Residential Staggered Piggy Back Menu (2024),800-1000 S Miller St,337000.0,0.22486,41.871584999315,-87.652400959121,833300,1,170318333001
34,Street Resurfacing Menu (2024),717-800 S Aberdeen St,25309.53,0.016888,41.872491083049,-87.654006093579,833300,1,170318333001
34,Street Resurfacing Menu (2024),100-200 S Sangamon St,6286.42,0.004195,41.880271626581,-87.651167142974,833100,4,170318331004
34,Street Resurfacing Menu (2024),1400-1500 W Flournoy St,65178.28,0.04349,41.873555626661,-87.662067640415,832900,1,170318329001
34,Street Resurfacing Menu (2024),1200-1400 W Flournoy St,128283.04,0.085596,41.873555626661,-87.662067640415,832900,1,170318329001
34,Street Speed Hump Menu (2024),100-200 N Desplaines St,3500.0,0.002335,41.885765219763,-87.644303663902,280100,3,170312801003
34,Street Speed Hump Menu (2024),200-300 S Green St,2440.0,0.001628,41.885859003237,-87.649147523404,833000,1,170318330001
34,Street Speed Hump Menu (2024),1500-1600 W Adams St,4880.0,0.003256,41.879318143185,-87.664633760073,833100,2,170318331002
34,Street Speed Hump Menu (2024),1200-1400 W Flournoy St,7320.0,0.004884,41.873555626661,-87.662067640415,832900,1,170318329001
34,Street Speed Hump Menu (2024),1401-1500 W Polk St,4880.0,0.003256,41.87192396348,-87.664324551664,832900,1,170318329001
34,Street Speed Hump Menu (2024),W CONGRESS PKWY & S THROOP ST,2440.0,0.001628,41.875322992855,-87.659798994502,832900,2,170318329002
34,Street Speed Hump Replacement (2024),100-200 S Sangamon St,0.0,0.0,41.880271626581,-87.651167142974,833100,4,170318331004
34,core,1059 W VERNON PARK PL,61678.63,0.041155,41.872865041659,-87.653432184669,833300,1,170318333001
34,,S CARPENTER ST & W POLK ST,1854.03,0.001237,41.871827990688,-87.653253985407,833300,1,170318333001
34,,N DESPLAINES ST & W MADISON ST,3000.0,0.002002,41.881814986412,-87.644116034566,281900,3,170312819003
34,,400-300 N Clinton St,12303.03,0.008209,41.889308240213,-87.640741145071,842300,2,170318423002
34,,100 S DESPLAINES ST,18247.29,0.012175,41.880416340139,-87.644399510531,281900,3,170312819003
35,"(2024) In-Road ""State Law Stop For Pedestrians"" Sign Menu",N CENTRAL PARK AVE & W WOLFRAM ST,600.0,0.000417,41.932828003509,-87.717201033475,210602,3,170312106023
35,"(2024) In-Road ""State Law Stop For Pedestrians"" Sign Menu",N ELSTON AVE & N DRAKE AVE,350.0,0.000243,41.951916991711,-87.716526038813,160800,4,170311608004
35,"(2024) In-Road ""State Law Stop For Pedestrians"" Sign Menu",N KEDZIE AVE & W BARRY AVE,350.0,0.000243,41.937534190685,-87.707563437385,210700,3,170312107003
35,"(2024) In-Road ""State Law Stop For Pedestrians"" Sign Menu",N KIMBALL AVE & W DRUMMOND PL,700.0,0.000486,41.929288996351,-87.712197959289,220602,2,170312206022
35,"(2024) In-Road ""State Law Stop For Pedestrians"" Sign Menu",N KIMBALL AVE & W PARKER AVE,600.0,0.000417,41.931075012279,-87.712252022565,220602,2,170312206022
35,"(2024) In-Road ""State Law Stop For Pedestrians"" Sign Menu",N MILWAUKEE AVE & N SAWYER AVE,350.0,0.000243,41.930394988475,-87.709624966471,220602,1,170312206021
35,"(2024) In-Road ""State Law Stop For Pedestrians"" Sign Menu",N MILWAUKEE AVE & N SPAULDING AVE,600.0,0.000417,41.930966005628,-87.710541024669,220602,1,170312206021
35,"(2024) In-Road ""State Law Stop For Pedestrians"" Sign Menu",N MILWAUKEE AVE & N WISNER AVE,350.0,0.000243,41.933371402292,-87.714419415088,210602,2,170312106022
35,"(2024) In-Road ""State Law Stop For Pedestrians"" Sign Menu",N SACRAMENTO AVE & W GEORGE ST,700.0,0.000486,41.933909604295,-87.702591627698,210700,3,170312107003
35,"(2024) In-Road ""State Law Stop For Pedestrians"" Sign Menu",W ARMITAGE AVE & N KEDVALE AVE,600.0,0.000417,41.917141020259,-87.730213016146,200402,1,170312004021
35,"(2024) In-Road ""State Law Stop For Pedestrians"" Sign Menu",W ARMITAGE AVE & N TRIPP AVE,700.0,0.000486,41.917112982793,-87.732662962625,200402,1,170312004021
35,"(2024) In-Road ""State Law Stop For Pedestrians"" Sign Menu",W DIVERSEY AVE & N DRAKE AVE,350.0,0.000243,41.931941994434,-87.715963026376,210602,2,170312106022
35,"(2024) In-Road ""State Law Stop For Pedestrians"" Sign Menu",W DIVERSEY AVE & N SPAULDING AVE,1200.0,0.000834,41.932011019407,-87.709861000865,210602,1,170312106021
35,"(2024) In-Road ""State Law Stop For Pedestrians"" Sign Menu",W DIVERSEY AVE & N SPRINGFIELD AVE,700.0,0.000486,41.931839986673,-87.724521033338,210502,1,170312105021
35,"(2024) In-Road ""State Law Stop For Pedestrians"" Sign Menu",W DIVERSEY AVE & N ST LOUIS AVE,700.0,0.000486,41.931946981667,-87.714708004014,210602,2,170312106022
35,(2024) Miscellaneous CDOT Projects (2024),2358 N KEYSTONE AVE,660.0,0.000459,41.924127523072,-87.728050367921,200300,1,170312003001
35,Alley Apron Menu (2024),2849 W BARRY AVE,5596.44,0.003889,41.93749861536,-87.699750830681,210800,1,170312108001
35,Alley Apron Menu (2024),3040 W BELDEN AVE,14776.19,0.010268,41.923456197569,-87.703932313111,221200,2,170312212002
35,Alley Resurfacing Menu (2024),N AVERS AVE & W WRIGHTWOOD AVE & W SCHUBERT AVE & N SPRINGFIELD AVE,57684.25,0.040085,41.93003699739,-87.724478034174,220702,2,170312207022
35,Alley Resurfacing Menu (2024),N SPRINGFIELD AVE & W BELDEN AVE & W FULLERTON AVE & N HARDING AVE,48154.94,0.033463,41.922664987819,-87.724248034751,220902,1,170312209021
35,Alley Resurfacing Menu (2024),N ST LOUIS AVE & W SCHUBERT AVE & W PARKER AVE & N KIMBALL AVE,66210.46,0.04601,41.930128988777,-87.714720995964,220602,3,170312206023
35,Alley Speed Hump Menu (2024),N SACRAMENTO AVE & W WAVELAND AVE & W ADDISON ST & N RICHMOND ST,1450.0,0.001008,41.948480495228,-87.702978117253,160700,3,170311607003
35,Alley Speed Hump Menu (2024),W ALTGELD ST & N KEDZIE BLVD E & N SAWYER AVE & W WRIGHTWOOD AVE,725.0,0.000504,41.928353995051,-87.709377029775,220602,1,170312206021
35,Alley Speed Hump Menu (2024),W WRIGHTWOOD AVE & N CENTRAL PARK AVE & N MONTICELLO AVE & W ALTGELD ST,1450.0,0.001008,41.92826321904,-87.717087039592,220602,2,170312206022
35,Alley Speed Hump Replacement (2024),N AVERS AVE & W WRIGHTWOOD AVE & W SCHUBERT AVE & N SPRINGFIELD AVE,0.0,0.0,41.93003699739,-87.724478034174,220702,2,170312207022
35,Alley Speed Hump Replacement (2024),N SPRINGFIELD AVE & W BELDEN AVE & W FULLERTON AVE & N HARDING AVE,0.0,0.0,41.922664987819,-87.724248034751,220902,1,170312209021
35,Alley Speed Hump Replacement (2024),N ST LOUIS AVE & W SCHUBERT AVE & W PARKER AVE & N KIMBALL AVE,0.0,0.0,41.930128988777,-87.714720995964,220602,3,170312206023
35,Arterial Street Bump Outs Menu (2024),N CENTRAL PARK AVE & W LYNDALE ST,48308.23,0.033569,41.921855002605,-87.71690800214,221000,1,170312210001
35,Bike Lane/Marked Shared Lane Menu (2024),1801-2800 N Hamlin Ave,90000.0,0.062541,41.91384098116,-87.721291988958,222900,1,170312229001
35,Bike Lane/Marked Shared Lane Menu (2024),3000-3200 W Wellington Ave,45000.0,0.031271,41.935755567915,-87.707911988699,210601,2,170312106012
35,Bollard Menu (2024),3400 W FULLERTON AVE,2185.83,0.001519,41.924856939318,-87.712318155781,220601,2,170312206012
35,Curb & Gutter Menu (2024),3057 W GRACE ST,3313.3,0.002302,41.950161402091,-87.7051729186,160700,4,170311607004
35,Curb & Gutter Menu (2024),N WOODARD ST & N CHRISTIANA AVE,90000.0,0.062541,41.933842004246,-87.711090039327,210602,1,170312106021
35,"In-Road ""State Law Stop For Pedestrians"" Sign Menu",N CENTRAL PARK AVE & W GEORGE ST,600.0,0.000417,41.933756005919,-87.717234980183,210602,3,170312106023
35,"In-Road ""State Law Stop For Pedestrians"" Sign Menu",N KEDVALE AVE & W ARMITAGE AVE,600.0,0.000417,41.917141020259,-87.730213016146,200402,1,170312004021
35,"In-Road ""State Law Stop For Pedestrians"" Sign Menu",W DIVERSEY AVE & N WHIPPLE ST,350.0,0.000243,41.93208000247,-87.703723016988,210700,2,170312107002
35,Miscellaneous CDOT Projects (2024),2439 N ALBANY AVE,20000.0,0.013898,41.925845165702,-87.705189850044,220500,2,170312205002
35,Miscellaneous CDOT Projects (2024),2601 W BELMONT AVE,660.0,0.000459,41.939365281886,-87.693136397178,210900,1,170312109001
35,Miscellaneous CDOT Projects (2024),W FULLERTON AVE & N KIMBALL AVE,660.0,0.000459,41.924710004555,-87.712087988719,220601,1,170312206011
35,Miscellaneous CDOT Projects (2024),W WELLINGTON AVE & N KIMBALL AVE,150000.0,0.104235,41.935670097329,-87.712422761932,210602,3,170312106023
35,Pavement Markings Menu (2024),N ELSTON AVE & N BERNARD ST,13000.0,0.009034,41.95020301824,-87.714011970774,160800,5,170311608005
35,Pavement Markings Menu (2024),N KIMBALL AVE & W NEWPORT AVE,2500.0,0.001737,41.943537016373,-87.712600039184,831100,1,170318311001
35,Pavement Markings Menu (2024),W ADDISON ST & N DRAKE AVE,2500.0,0.001737,41.94652298556,-87.716363765167,160800,3,170311608003
35,Pavement Markings Menu (2024),W DIVERSEY AVE & N SAWYER AVE,1650.0,0.001147,41.932041990539,-87.708644032343,210602,1,170312106021
35,Sidewalk Menu (2024),2100 N TRIPP AVE,9343.68,0.006493,41.919031893797,-87.733080465222,200402,2,170312004022
35,Sidewalk Menu (2024),2108-2110 N KILDARE AVE,7927.97,0.005509,41.919316627048,-87.734225852291,200401,2,170312004012
35,Sidewalk Menu (2024),2137 N LAWNDALE AVE,10790.97,0.007499,41.920140559062,-87.719231655102,220901,2,170312209012
35,Sidewalk Menu (2024),2211 N KEELER AVE,4143.65,0.002879,41.921180343219,-87.73130601632,200402,3,170312004023
35,Sidewalk Menu (2024),2304-2312 N CENTRAL PARK AVE,14770.34,0.010264,41.923239776829,-87.717187035697,220902,2,170312209022
35,Sidewalk Menu (2024),2314 N MONTICELLO AVE,5457.76,0.003793,41.923257672192,-87.718498635906,220902,2,170312209022
35,Sidewalk Menu (2024),2417-2419 N SPRINGFIELD AVE,9308.29,0.006468,41.925188275951,-87.724082575982,220701,3,170312207013
35,Sidewalk Menu (2024),2643 N TROY ST,7791.47,0.005414,41.929958500867,-87.705847410348,220500,3,170312205003
35,Sidewalk Menu (2024),2657 N CENTRAL PARK AVE,4483.89,0.003116,41.929882099819,-87.7168681881,220602,2,170312206022
35,Sidewalk Menu (2024),2738 N LAWNDALE AVE,6030.94,0.004191,41.931229406936,-87.719879302997,220702,1,170312207021
35,Sidewalk Menu (2024),2814 N LAWNDALE AVE,6306.4,0.004382,41.932396335496,-87.719933701549,210502,1,170312105021
35,Sidewalk Menu (2024),2847-2851 N FRANCISCO AVE,16699.66,0.011605,41.933632582395,-87.699822917441,210800,1,170312108001
35,Sidewalk Menu (2024),2905-2909 N DAWSON AVE,8244.66,0.005729,41.934263781614,-87.711801159993,210602,2,170312106022
35,Sidewalk Menu (2024),2911 N RIDGEWAY AVE,3944.83,0.002741,41.933980221829,-87.720678433646,210502,2,170312105022
35,Sidewalk Menu (2024),2952 N GRESHAM AVE,1060.65,0.000737,41.93578342066,-87.715140761675,210602,3,170312106023
35,Sidewalk Menu (2024),3017 N CALIFORNIA AVE,4695.3,0.003263,41.936314330407,-87.697475816914,210900,1,170312109001
35,Sidewalk Menu (2024),3048 N SAWYER AVE,1016.1,0.000706,41.937187431351,-87.709067653729,210601,2,170312106012
35,Sidewalk Menu (2024),3052-3054 N MONTICELLO AVE,9358.24,0.006503,41.937190616474,-87.718807173762,210501,1,170312105011
35,Sidewalk Menu (2024),3081 N ELBRIDGE AVE,7051.28,0.0049,41.936859028384,-87.714864075051,210602,3,170312106023
35,Sidewalk Menu (2024),3106 N MONTICELLO AVE,6345.32,0.004409,41.937667337217,-87.718850005287,210501,1,170312105011
35,Sidewalk Menu (2024),3108-3110 N ST LOUIS AVE,5263.18,0.003657,41.937839543418,-87.715142689513,210601,3,170312106013
35,Sidewalk Menu (2024),3123-3129 N RICHMOND ST,6062.32,0.004213,41.938017407403,-87.701205847646,210700,1,170312107001
35,Sidewalk Menu (2024),3407 N KIMBALL AVE,7934.43,0.005514,41.942877099562,-87.712508361171,831100,1,170318311001
35,Sidewalk Menu (2024),3650 N FRANCISCO AVE,5441.53,0.003781,41.948184991231,-87.70077694566,160700,3,170311607003
35,Sidewalk Menu (2024),3819 W DIVERSEY AVE,4660.37,0.003238,41.931621973371,-87.722933500876,220702,3,170312207023
35,Sidewalk Menu (2024),3908 N KIMBALL AVE,1914.81,0.001331,41.952362489864,-87.713152155147,160800,5,170311608005
35,Sidewalk Menu (2024),2200-2300 N Keeler Ave,38630.5,0.026844,41.922682384952,-87.731691752715,200300,1,170312003001
35,Sidewalk Menu (2024),3000-3000 N Kimball Ave,1016.1,0.000706,41.935725566334,-87.712502162755,210602,3,170312106023
35,Sidewalk Menu (2024),3560-3600 W Wolfram St,19687.73,0.013681,41.933123381777,-87.717371353748,210502,1,170312105021
35,Street Bump Outs Menu (2024),N KARLOV AVE & W BELDEN AVE,35816.56,0.024889,41.922690091619,-87.729159410917,200300,1,170312003001
35,Street Bump Outs Menu (2024),N SACRAMENTO AVE & W GEORGE ST,34132.02,0.023718,41.933909604295,-87.702591627698,210700,3,170312107003
35,Street Bump Outs Menu (2024),W PALMER ST & N KEDZIE AVE,24000.0,0.016678,41.920948233889,-87.708257460712,221100,2,170312211002
35,Street Bump Outs Menu (2024),W SHAKESPEARE AVE & N DRAKE AVE,29192.43,0.020286,41.920062993616,-87.715249977873,221000,2,170312210002
35,Street Bump Outs Menu (2024),W WAVELAND AVE & N CENTRAL PARK AVE,33833.07,0.023511,41.948326100571,-87.717680813613,160900,1,170311609001
35,Street Bump Outs Menu (2024),W WAVELAND AVE & N DRAKE AVE,12432.4,0.008639,41.948355898237,-87.716419337185,160800,3,170311608003
35,Street Light Upgrade Menu (2024),3116 N ROCKWELL ST,500.0,0.000347,41.938378916411,-87.69294796083,210900,1,170312109001
35,Street Light Upgrade Menu (2024),3320 W FULLERTON AVE,500.0,0.000347,41.924979231285,-87.711488347366,220601,1,170312206011
35,Street Light Upgrade Menu (2024),3656 N RICHMOND ST,500.0,0.000347,41.948371572396,-87.702041942487,160700,3,170311607003
35,Street Light Upgrade Menu (2024),3916 N ELSTON AVE,500.0,0.000347,41.952013886511,-87.71720153639,160800,4,170311608004
35,Street Resurfacing Menu (2024),2400-2500 N Albany Ave,45252.48,0.031446,41.924856017309,-87.7047659772,220500,2,170312205002
35,Street Resurfacing Menu (2024),3200-3330 W George St,65407.79,0.045452,41.933904433843,-87.710783373457,210602,1,170312106021
35,Street Speed Hump Menu (2024),2100-2200 N Tripp Ave,4880.0,0.003391,41.920885216408,-87.733039058621,200402,3,170312004023
35,Street Speed Hump Menu (2024),4100-4130 W Belden Ave,2440.0,0.001696,41.922586534401,-87.739063519868,200300,2,170312003002
35,Street Speed Hump Menu (2024),3700-3800 W Shakespeare Ave,4880.0,0.003391,41.919878568691,-87.73598940277,200401,2,170312004012
35,Street Traffic Circle Menu (2024),N ST LOUIS AVE & W BELDEN AVE,14090.82,0.009792,41.922820514032,-87.71363143237,221100,3,170312211003
35,Street Traffic Circle Menu (2024),W WAVELAND AVE & N BERNARD ST,18978.26,0.013188,41.948377984552,-87.713998978824,160800,3,170311608003
35,Street Traffic Circle Menu (2024),W WAVELAND AVE & N ST LOUIS AVE,15616.7,0.010852,41.948375008976,-87.715218964832,160800,3,170311608003
35,,2000-2800 N Avers Ave,90000.0,0.062541,41.932187165646,-87.723388635036,210502,1,170312105021
35,,2415 N ALBANY AVE,20000.0,0.013898,41.925388561527,-87.704460289192,220500,2,170312205002
35,,W GRACE ST & N ELSTON AVE,13000.0,0.009034,41.95020301824,-87.714011970774,160800,5,170311608005
35,,3400-3600 N Kimball Ave,2500.0,0.001737,41.942864578191,-87.711026672139,831100,1,170318311001
35,,2828-2832 N LAWNDALE AVE,6306.4,0.004382,41.932881689599,-87.719920709599,210502,1,170312105021
35,,3076-3080 N ELBRIDGE AVE,7051.28,0.0049,41.937044813268,-87.715299179645,210601,3,170312106013
35,,3125 N MONTICELLO AVE,6345.32,0.004409,41.938156002172,-87.718297554049,210501,1,170312105011
35,,2256 N KEELER AVE,38630.5,0.026844,41.922480879315,-87.731869699309,200402,3,170312004023
36,Alley Apron Menu (2024),1301 N PULASKI RD,83754.16,0.05585,41.904548551843,-87.725882422051,230700,3,170312307003
36,Alley Apron Menu (2024),1328 N HARDING AVE,37307.91,0.024878,41.905306108252,-87.725464919454,230700,3,170312307003
36,Alley Apron Menu (2024),2559 N RUTHERFORD AVE,62501.5,0.041678,41.926513822341,-87.794039464362,831600,5,170318316005
36,Alley Resurfacing Menu (2024),1921 W ERIE ST,18353.74,0.012239,41.892980771089,-87.675398973597,243100,2,170312431002
36,Alley Resurfacing Menu (2024),2134 N MARMORA AVE,28124.28,0.018754,41.918988685086,-87.773365568264,191302,1,170311913021
36,Alley Resurfacing Menu (2024),2300 W WALTON ST,39395.81,0.026271,41.898592634776,-87.684556150103,242400,2,170312424002
36,Alley Resurfacing Menu (2024),2648 W SUPERIOR ST,19418.64,0.012949,41.894965102847,-87.693672276891,242800,1,170312428001
36,Alley Resurfacing Menu (2024),N HARDING AVE & W POTOMAC AVE & W GRAND AVE & N PULASKI RD,15394.43,0.010266,41.904477012299,-87.72513802523,230700,3,170312307003
36,Alley Resurfacing Menu (2024),N KEDZIE AVE & W GRAND AVE & W WALTON ST & N SACRAMENTO BLVD E,11392.82,0.007597,41.898325994563,-87.706677973134,836600,1,170318366001
36,Alley Resurfacing Menu (2024),N KEELER AVE & W HIRSCH ST & W GRAND AVE & N KEDVALE AVE,21251.24,0.014171,41.90766699701,-87.730124000334,230600,3,170312306003
36,Alley Resurfacing Menu (2024),N RUTHERFORD AVE & W GRAND AVE & W ALTGELD ST & N NORMANDY AVE,23012.56,0.015346,41.923635402659,-87.794032407829,831600,5,170318316005
36,Alley Resurfacing Menu (2024),RUTHERFORD AVE N WOLCOTT AVE & W CHICAGO AVE & W IOWA ST & N WINCHESTER AVE,20061.56,0.013378,41.895965482991,-87.674605375004,242200,2,170312422002
36,Alley Resurfacing Menu (2024),W CORTEZ ST & N CAMPBELL AVE & N ROCKWELL ST & W THOMAS ST,16391.56,0.01093,41.900270512281,-87.68950320207,242500,1,170312425001
36,Alley Resurfacing Menu (2024),W HADDON AVE & N WESTERN AVE & N CAMPBELL AVE & W DIVISION ST,13440.56,0.008963,41.903016004666,-87.689481995855,241100,1,170312411001
36,Alley Speed Hump Menu (2024),2359 N SAYRE AVE,1087.5,0.000725,41.922857268677,-87.800311459135,831600,4,170318316004
36,Alley Speed Hump Menu (2024),W ERIE ST & N WOOD ST & N WOLCOTT AVE & W HURON ST,362.5,0.000242,41.894135210614,-87.674550976453,243100,1,170312431001
36,Alley Speed Hump Replacement (2024),1306 N HARDING AVE,0.0,0.0,41.904709316746,-87.725385291374,230700,3,170312307003
36,Alley Speed Hump Replacement (2024),1921 W ERIE ST,0.0,0.0,41.892980771089,-87.675398973597,243100,2,170312431002
36,Alley Speed Hump Replacement (2024),2134 N MARMORA AVE,0.0,0.0,41.918988685086,-87.773365568264,191302,1,170311913021
36,Alley Speed Hump Replacement (2024),2648 W SUPERIOR ST,0.0,0.0,41.894965102847,-87.693672276891,242800,1,170312428001
36,Alley Speed Hump Replacement (2024),WASHTENAW AVE N KEDZIE AVE & W GRAND AVE & W WALTON ST & N SACRAMENTO BLVD E,0.0,0.0,41.898325994563,-87.706677973134,836600,1,170318366001
36,Alley Speed Hump Replacement (2024),W CORTEZ ST & N CAMPBELL AVE & N ROCKWELL ST & W THOMAS ST,0.0,0.0,41.900270512281,-87.68950320207,242500,1,170312425001
36,Alley Speed Hump Replacement (2024),W HADDON AVE & N WESTERN AVE & N CAMPBELL AVE & W DIVISION ST,0.0,0.0,41.903016004666,-87.689481995855,241100,1,170312411001
36,Curb & Gutter Menu (2024),1545 N KOLIN AVE,4571.58,0.003048,41.908973492125,-87.735012261605,230600,6,170312306006
36,Curb & Gutter Menu (2024),2329 W CORTEZ ST,9190.11,0.006128,41.900100317737,-87.685744924324,242400,1,170312424001
36,Curb & Gutter Menu (2024),3044 N NORMANDY AVE,6025.03,0.004018,41.935845279105,-87.793462941327,180100,1,170311801001
36,Curb & Gutter Menu (2024),N KOLIN AVE & W GRAND AVE,7193.67,0.004797,41.909582010428,-87.735010985162,230600,6,170312306006
36,Left-Turn Arrow Menu (2024),N OAK PARK AVE & W DIVERSEY AVE,31124.94,0.020755,41.930922000637,-87.795518938357,180100,2,170311801002
36,Miscellaneous CDOT Projects (2024),2358 N MEADE AVE,660.0,0.00044,41.923397515924,-87.778182550154,191301,1,170311913011
36,Miscellaneous CDOT Projects (2024),3058 N OAK PARK AVE,660.0,0.00044,41.936067828874,-87.795688986467,180100,1,170311801001
36,Sidewalk Menu (2024),1101 N LAWNDALE AVE,22368.56,0.014916,41.901045461139,-87.718665771055,231200,1,170312312001
36,Sidewalk Menu (2024),1248 N LAWNDALE AVE,19357.46,0.012908,41.904240223535,-87.719471020493,230700,2,170312307002
36,Sidewalk Menu (2024),1831 W RACE AVE,14094.81,0.009399,41.89146234742,-87.673258654621,243100,2,170312431002
36,Sidewalk Menu (2024),2112 N MASON AVE,2142.38,0.001429,41.918400107845,-87.774583542615,191302,1,170311913021
36,Sidewalk Menu (2024),2120 N MONITOR AVE,6534.13,0.004357,41.91864724826,-87.772148683561,191302,1,170311913021
36,Sidewalk Menu (2024),2136 N MERRIMAC AVE,17077.91,0.011388,41.919381419159,-87.782166901874,191301,3,170311913013
36,Sidewalk Menu (2024),2201 N MERRIMAC AVE,10011.3,0.006676,41.920967222043,-87.781635468927,191301,3,170311913013
36,Sidewalk Menu (2024),2334 N PARKSIDE AVE,6538.09,0.00436,41.923228670807,-87.767449788641,191302,2,170311913022
36,Sidewalk Menu (2024),2417 N RUTHERFORD AVE,8802.55,0.00587,41.924234080093,-87.793766785317,831600,5,170318316005
36,Sidewalk Menu (2024),2501 N NEW ENGLAND AVE,8934.76,0.005958,41.925529838505,-87.797483069728,831600,5,170318316005
36,Sidewalk Menu (2024),2529 N NEWCASTLE AVE,6389.45,0.004261,41.926326370764,-87.796239362935,831600,5,170318316005
36,Sidewalk Menu (2024),2705 W IOWA ST,7034.69,0.004691,41.897319956635,-87.694572158016,242600,4,170312426004
36,Sidewalk Menu (2024),2826 N NAGLE AVE,5480.38,0.003655,41.931826198442,-87.787203000759,831500,1,170318315001
36,Sidewalk Menu (2024),2911 N NEWLAND AVE,3652.41,0.002436,41.933033485866,-87.798955770116,180100,3,170311801003
36,Sidewalk Menu (2024),2935 N NATCHEZ AVE,559.34,0.000373,41.933847494393,-87.787923592975,831500,1,170318315001
36,Sidewalk Menu (2024),3045 N OAK PARK AVE,15264.15,0.010179,41.935902569413,-87.795132448801,180100,1,170311801001
36,Sidewalk Menu (2024),3113 N NEW ENGLAND AVE,716.94,0.000478,41.936788997583,-87.797836283128,180100,4,170311801004
36,Sidewalk Menu (2024),6343 W GRAND AVE,16846.78,0.011234,41.922050007583,-87.78458340456,191301,3,170311913013
36,Sidewalk Menu (2024),958 N LEAVITT ST,33000.99,0.022006,41.899345485447,-87.682293508054,242400,2,170312424002
36,Street Light Residential Staggered Piggy Back Menu (2024),3200-3300 N New England Ave,40297.4,0.026872,41.940102741094,-87.798481186758,171000,5,170311710005
36,Street Light Upgrade Menu (2024),2241 N MENARD AVE,500.0,0.000333,41.921490515546,-87.77052301344,191302,2,170311913022
36,Street Light Upgrade Menu (2024),3121 N NEWLAND AVE,500.0,0.000333,41.936971639254,-87.799103040155,180100,4,170311801004
36,Street Resurfacing Menu (2024),1100-1200 N Drake Ave,20404.78,0.013607,41.901034014361,-87.715365893644,231100,1,170312311001
36,Street Resurfacing Menu (2024),2800-2900 N Nagle Ave,58067.02,0.038721,41.93294828382,-87.787263182824,831500,1,170318315001
36,Street Resurfacing Menu (2024),2800-2900 N Natoma Ave,58689.57,0.039136,41.932887137836,-87.792142875396,180100,2,170311801002
36,Street Resurfacing Menu (2024),2900-3000 N Natoma Ave,61089.02,0.040736,41.934709489315,-87.792219318353,180100,1,170311801001
36,Street Resurfacing Menu (2024),3100-3200 N New England Ave,57016.08,0.03802,41.938187934056,-87.798196841459,171000,5,170311710005
36,Street Resurfacing Menu (2024),6432-6500 W Belden Ave,40060.31,0.026714,41.921910004449,-87.786307887997,831500,2,170318315002
36,Street Resurfacing Menu (2024),2300-2400 W Iowa St,59818.37,0.039889,41.897680001286,-87.68707496472,242500,2,170312425002
36,Street Resurfacing Menu (2024),2700-2740 W Iowa St,29977.12,0.01999,41.897608000737,-87.694421032301,242600,4,170312426004
36,Street Resurfacing Menu (2024),6930-7000 W Oakdale Ave,42716.05,0.028485,41.933622943153,-87.799827518005,180100,3,170311801003
36,Street Resurfacing Menu (2024),3900-3940 W Potomac Ave,25042.7,0.016699,41.904547839381,-87.725545972458,230700,3,170312307003
36,Street Resurfacing Menu (2024),2300-2400 W Rice St,56624.29,0.037759,41.896893653039,-87.687259198952,242500,2,170312425002
36,Street Speed Hump Menu (2024),1837 W OHIO ST,801.73,0.000535,41.892142832229,-87.673550428671,243100,2,170312431002
36,Street Speed Hump Menu (2024),930-1000 N Oakley Blvd,1220.0,0.000814,41.899542208714,-87.684733815344,242400,1,170312424001
36,Street Speed Hump Menu (2024),2300-2400 N Parkside Ave,4880.0,0.003254,41.922281473839,-87.767430929359,191302,2,170311913022
36,Street Speed Hump Menu (2024),6600-6630 W Barry Ave,2440.0,0.001627,41.936664735869,-87.791014838866,180100,1,170311801001
36,Street Speed Hump Replacement (2024),2700-2740 W Iowa St,0.0,0.0,41.897608000737,-87.694421032301,242600,4,170312426004
36,Street Speed Hump Replacement (2024),3900-3940 W Potomac Ave,0.0,0.0,41.904547839381,-87.725545972458,230700,3,170312307003
36,,W ERIE ST & N WOLCOTT AVE & N DAMEN AVE & W OHIO ST,18353.74,0.012239,41.893222882363,-87.67452180743,243100,1,170312431001
36,,N MARMORA AVE & W DICKENS AVE & W GRAND AVE & N MASON AVE,28124.28,0.018754,41.917958004362,-87.773059964074,191302,1,170311913021
36,,W WALTON ST & N OAKLEY BLVD & N WESTERN AVE & W IOWA ST,39395.81,0.026271,41.898537008976,-87.684476993831,242400,2,170312424002
36,,W SUPERIOR ST & N WASHTENAW AVE & N ROCKWELL ST & W CHICAGO AVE,19418.64,0.012949,41.894704886663,-87.694230092547,242800,1,170312428001
36,,1306 N HARDING AVE,15394.43,0.010266,41.904709316746,-87.725385291374,230700,3,170312307003
36,,876 N SACRAMENTO BLVD,11392.82,0.007597,41.897825259668,-87.703334348138,836600,1,170318366001
36,,1405 N KEELER AVE,21251.24,0.014171,41.90648875288,-87.730981888124,230600,3,170312306003
36,,2417 N,23012.56,0.015346,42.3194045,-87.8560966,,,
36,,852 N WOLCOTT AVE,20061.56,0.013378,41.89752036794,-87.674923216773,242200,2,170312422002
36,,2548 W CORTEZ ST,16391.56,0.01093,41.900607883884,-87.691411929061,242500,1,170312425001
36,,2450 W HADDON AVE,13440.56,0.008963,41.902272823221,-87.689001545165,242500,1,170312425001
36,,N SAYRE AVE & W GRAND AVE & W MEDILL AVE & N NEWLAND AVE,1087.5,0.000725,41.922392995061,-87.798817971628,831600,4,170318316004
36,,1844 W ERIE ST,362.5,0.000242,41.89346205997,-87.673840023425,243100,1,170312431001
36,,N HARDING AVE & W POTOMAC AVE & W GRAND AVE & N PULASKI RD,0.0,0.0,41.904477012299,-87.72513802523,230700,3,170312307003
36,,W ERIE ST & N WOLCOTT AVE & N DAMEN AVE & W OHIO ST,0.0,0.0,41.893222882363,-87.67452180743,243100,1,170312431001
36,,N MARMORA AVE & W DICKENS AVE & W GRAND AVE & N MASON AVE,0.0,0.0,41.917958004362,-87.773059964074,191302,1,170311913021
36,,N ROCKWELL ST & W CHICAGO AVE & W SUPERIOR ST & N,0.0,0.0,41.89571281052,-87.691766315928,242500,2,170312425002
36,,876 N SACRAMENTO BLVD,0.0,0.0,41.897825259668,-87.703334348138,836600,1,170318366001
36,,2548 W CORTEZ ST,0.0,0.0,41.900607883884,-87.691411929061,242500,1,170312425001
36,,2450 W HADDON AVE,0.0,0.0,41.902272823221,-87.689001545165,242500,1,170312425001
36,,4329 W GRAND AVE,7193.67,0.004797,41.909320117864,-87.734933871652,230600,6,170312306006
36,,2144 N MERRIMAC AVE,17077.91,0.011388,41.919559911787,-87.781970094788,191301,3,170311913013
36,,6224 W PALMER ST,10011.3,0.006676,41.921082316861,-87.781527027386,191301,3,170311913013
36,,1800-1900 W Ohio St,801.73,0.000535,41.89250803175,-87.674678549019,243100,2,170312431002
36,,949 N OAKLEY BLVD,1220.0,0.000814,41.899036779953,-87.684203827607,242400,2,170312424002
37,Alley Apron Menu (2024),1101 N LEAMINGTON AVE,21452.45,0.014572,41.900580936065,-87.754214428251,251100,4,170312511004
37,Alley Apron Menu (2024),1206-1208 N PINE AVE,27105.07,0.018412,41.902535595886,-87.764048663789,250700,3,170312507003
37,Alley Apron Menu (2024),5401 W KAMERLING AVE,8698.75,0.005909,41.904680692546,-87.761219939106,250700,5,170312507005
37,Alley Resurfacing Menu (2024),POTOMAC AVE 1800 N LOTUS AVE,11114.71,0.00755,41.913211332594,-87.762225432211,250300,4,170312503004
37,Alley Resurfacing Menu (2024),900 N LAWLER AVE,17039.3,0.011575,41.896916661364,-87.752283489216,251100,3,170312511003
37,Alley Resurfacing Menu (2024),N LECLAIRE AVE & W CHICAGO AVE & W SUPERIOR ST & N LAVERGNE AVE,41727.63,0.028345,41.89402301884,-87.750663015875,251600,1,170312516001
37,Alley Resurfacing Menu (2024),W KAMERLING AVE & N KARLOV AVE & N KEELER AVE & W POTOMAC AVE,33850.33,0.022994,41.905334480994,-87.728882808112,230600,2,170312306002
37,Alley Resurfacing Menu (2024),W POTOMAC AVE & N LATROBE AVE & N LOCKWOOD AVE & W KAMERLING AVE,40351.4,0.02741,41.904954403595,-87.75831871096,250700,2,170312507002
37,Alley Speed Hump Menu (2024),N KEYSTONE AVE & W IOWA ST & W CHICAGO AVE & N PULASKI RD,2175.0,0.001477,41.897218996611,-87.727371970065,842100,5,170318421005
37,Alley Speed Hump Menu (2024),W HURON ST & N LECLAIRE AVE & N LEAMINGTON AVE & W OHIO ST,1450.0,0.000985,41.923666792886,-87.753671197106,191100,5,170311911005
37,Alley Speed Hump Replacement (2024),900 N LAWLER AVE,0.0,0.0,41.896916661364,-87.752283489216,251100,3,170312511003
37,Alley Speed Hump Replacement (2024),N LECLAIRE AVE & W CHICAGO AVE & W SUPERIOR ST & N LAVERGNE AVE,0.0,0.0,41.89402301884,-87.750663015875,251600,1,170312516001
37,Alley Speed Hump Replacement (2024),N LOTUS AVE & W BLOOMINGDALE AVE & W CORTLAND ST & N LINDER AVE,0.0,0.0,41.91309130374,-87.761908093356,250300,4,170312503004
37,Alley Speed Hump Replacement (2024),W POTOMAC AVE & N LATROBE AVE & N LOCKWOOD AVE & W KAMERLING AVE,0.0,0.0,41.904954403595,-87.75831871096,250700,2,170312507002
37,Curb & Gutter Menu (2024),1400 N LAVERGNE AVE,53188.55,0.03613,41.906062449285,-87.751289479319,250800,1,170312508001
37,Curb & Gutter Menu (2024),1800 N LOTUS AVE,4961.45,0.00337,41.913211332594,-87.762225432211,250300,4,170312503004
37,Curb & Gutter Menu (2024),325 N LOTUS AVE,1358.23,0.000923,41.886583451129,-87.761485561617,251900,3,170312519003
37,Curb & Gutter Menu (2024),N KOLIN AVE & W IOWA ST,66000.0,0.044833,41.897072019939,-87.734750978525,842100,2,170318421002
37,Diagonal Parking Menu (2024),1540 N LOTUS AVE,112000.0,0.07608,41.908860202836,-87.76244797174,250700,5,170312507005
37,Miscellaneous CDOT Projects (2024),100-130 N LOTUS AVE,300.0,0.000204,41.883258769234,-87.762088220456,251900,4,170312519004
37,Miscellaneous CDOT Projects (2024),101-143 N PINE AVE,450.0,0.000306,41.883616131676,-87.762826917583,251900,4,170312519004
37,Sidewalk Menu (2024),1400 N LAVERGNE AVE,21053.1,0.014301,41.906062449285,-87.751289479319,250800,1,170312508001
37,Sidewalk Menu (2024),1401 N LARAMIE AVE,7625.69,0.00518,41.906027873934,-87.755595849713,250800,1,170312508001
37,Sidewalk Menu (2024),1444 N LARAMIE AVE,2096.56,0.001424,41.907234071711,-87.756177218517,250700,1,170312507001
37,Sidewalk Menu (2024),323 N PINE AVE,7567.32,0.00514,41.886319504998,-87.763093713561,251900,3,170312519003
37,Sidewalk Menu (2024),4111 W KAMERLING AVE,5815.45,0.00395,41.905153641433,-87.729381112256,230600,2,170312306002
37,Sidewalk Menu (2024),5101 W POTOMAC AVE,13705.45,0.00931,41.903894889124,-87.753544378911,250800,2,170312508002
37,Sidewalk Menu (2024),5400 W OHIO ST,4666.3,0.00317,41.891195588295,-87.760659056643,251500,4,170312515004
37,Sidewalk Menu (2024),634 N LONG AVE,5415.33,0.003679,41.892210641826,-87.760863959678,251500,4,170312515004
37,Sidewalk Menu (2024),1200-1230 N Lavergne Ave,15569.67,0.010576,41.903420198288,-87.750969568523,250800,2,170312508002
37,Sidewalk Menu (2024),1300-1400 N Lavergne Ave,158517.57,0.107678,41.906062449285,-87.751289479319,250800,1,170312508001
37,Sidewalk Menu (2024),W IOWA ST & N KEDVALE AVE,14685.11,0.009975,41.897165017155,-87.729833986484,842100,5,170318421005
37,Street Light Residential Staggered Piggy Back Menu (2024),4900-5200 W Bloomingdale Ave,422000.0,0.286658,41.913360488561,-87.755979992336,250300,1,170312503001
37,Street Light Residential Staggered Piggy Back Menu (2024),5000-5100 W Huron St,15126.35,0.010275,41.893341109107,-87.750822104398,251600,1,170312516001
37,Street Light Residential Staggered Piggy Back Menu (2024),5000-5100 W Ohio St,98148.78,0.066671,41.891535689072,-87.750755803543,251600,1,170312516001
37,Street Light Upgrade Menu (2024),300 N LONG AVE,500.0,0.00034,41.885812607292,-87.760326125965,251900,3,170312519003
37,Street Light Upgrade Menu (2024),303 N LOCKWOOD AVE,1000.0,0.000679,41.885858835599,-87.757431989423,251900,2,170312519002
37,Street Light Upgrade Menu (2024),4821 W OHIO ST,500.0,0.00034,41.891185996072,-87.746548674883,251700,1,170312517001
37,Street Resurfacing Menu (2024),800-900 N Keeler Ave,68213.44,0.046336,41.897186882177,-87.731120051344,842100,3,170318421003
37,Street Resurfacing Menu (2024),5000-5100 W Erie St,29509.04,0.020045,41.892432007889,-87.750696040574,251600,1,170312516001
37,Street Speed Hump Menu (2024),1400-1500 N Lavergne Ave,4880.0,0.003315,41.907888824077,-87.75128419872,250800,1,170312508001
37,Street Speed Hump Menu (2024),1400-1500 N Lotus Ave,2440.0,0.001657,41.907760832416,-87.762397596502,250700,5,170312507005
37,Street Speed Hump Menu (2024),1000-1100 N Springfield Ave,4880.0,0.003315,41.899164352519,-87.724044270685,231200,5,170312312005
37,Street Speed Hump Menu (2024),5200-5600 W Hirsch St,21960.0,0.014917,41.905834844044,-87.765126851206,250700,4,170312507004
37,Street Speed Hump Menu (2024),4700-4730 W Le Moyne St,2440.0,0.001657,41.908121840986,-87.743807121992,831300,1,170318313001
37,Street Speed Hump Menu (2024),4900-5000 W Walton St,4880.0,0.003315,41.897991430898,-87.748489588382,251100,2,170312511002
37,Street Speed Hump Replacement (2024),800-900 N Keeler Ave,0.0,0.0,41.897186882177,-87.731120051344,842100,3,170318421003
37,,W KAMERLING AVE & N LONG AVE & N CENTRAL AVE & W,8698.75,0.005909,41.904896987558,-87.761044841148,250700,5,170312507005
37,,N LOTUS AVE & W BLOOMINGDALE AVE & W CORTLAND ST & N LINDER AVE,11114.71,0.00755,41.91309130374,-87.761908093356,250300,4,170312503004
37,,N LAWLER AVE & W IOWA ST & W AUGUSTA BLVD & N LECLAIRE AVE,17039.3,0.011575,41.898623007302,-87.753241037835,251100,4,170312511004
37,,N LAWLER AVE & W IOWA ST & W AUGUSTA BLVD & N LECLAIRE AVE,0.0,0.0,41.898623007302,-87.753241037835,251100,4,170312511004
37,,1800 N LOTUS AVE,0.0,0.0,41.913211332594,-87.762225432211,250300,4,170312503004
37,,320 N PINE AVE,7567.32,0.00514,41.886357475019,-87.764163663501,251900,3,170312519003
37,,601 N LOCKWOOD AVE,4666.3,0.00317,41.891331505911,-87.757658636085,251500,1,170312515001
37,,900 N KEDVALE AVE,14685.11,0.009975,41.897270210039,-87.730115115517,842100,3,170318421003
37,,5000 W ERIE ST,29509.04,0.020045,41.892432007889,-87.750696040574,251600,1,170312516001
37,,1400 N LOTUS AVE,2440.0,0.001657,41.905931901143,-87.76235191513,250700,5,170312507005
38,Alley Apron Menu (2024),3212 N ORANGE AVE,14381.31,0.010375,41.938320371294,-87.824116650887,170700,3,170311707003
38,Alley Apron Menu (2024),3215 N OSAGE AVE,30944.12,0.022324,41.938307924167,-87.82481327086,170700,3,170311707003
38,Alley Apron Menu (2024),3217 N OZANAM AVE,17298.15,0.012479,41.938466635504,-87.821157419971,170700,2,170311707002
38,Alley Apron Menu (2024),3542 N NORA AVE,15312.97,0.011047,41.944843755078,-87.802321607155,171000,5,170311710005
38,Alley Apron Menu (2024),3542 N NORDICA AVE,16679.36,0.012033,41.944820788663,-87.803583586497,171000,6,170311710006
38,Alley Apron Menu (2024),3941 N PARIS AVE,30434.43,0.021956,41.951635359764,-87.830269722189,170500,3,170311705003
38,Alley Apron Menu (2024),5300 W CUYLER AVE,24141.25,0.017416,41.954408721977,-87.759827285893,150300,4,170311503004
38,Alley Apron Menu (2024),5456 W HUTCHINSON ST,21183.26,0.015282,41.958016544561,-87.764532802517,150300,5,170311503005
38,Alley Apron Menu (2024),5500 W HUTCHINSON ST,20289.9,0.014638,41.958001750502,-87.764886937926,150300,5,170311503005
38,Alley Apron Menu (2024),6345 W GRACE ST,29205.19,0.021069,41.949104653648,-87.785710016166,170200,3,170311702003
38,Curb & Gutter Menu (2024),3300-3400 N Nordica Ave,4473.93,0.003228,41.941823629635,-87.80345953433,171000,6,170311710006
38,Miscellaneous CDOT Projects (2024),4500 N MULLIGAN AVE,660.0,0.000476,41.96216579618,-87.785981422191,150501,2,170311505012
38,Sidewalk Menu (2024),3301 N ODELL AVE,5568.77,0.004017,41.939883596236,-87.810175198973,170800,1,170311708001
38,Street Light Upgrade Menu (2024),3218 N PARIS AVE,500.0,0.000361,41.938340487861,-87.830329652797,170600,2,170311706002
38,Street Light Upgrade Menu (2024),4130-4132 N MOODY AVE,500.0,0.000361,41.955874884481,-87.780808363008,150502,3,170311505023
38,Street Resurfacing Menu (2024),4553-4600 N Forestview Ave,15173.91,0.010947,41.962399106455,-87.845577172863,760802,1,170317608021
38,Street Resurfacing Menu (2024),4553-4600 N Forestview Ave,17641.23,0.012727,41.962399106455,-87.845577172863,760802,1,170317608021
38,Street Resurfacing Menu (2024),4540-4600 N Maria Ct,36663.22,0.02645,41.962253584462,-87.839814487384,760802,1,170317608021
38,Street Resurfacing Menu (2024),3600-3700 N Mobile Ave,70227.37,0.050664,41.947794560676,-87.783944197404,170200,2,170311702002
38,Street Resurfacing Menu (2024),3300-3400 N Neva Ave,55976.63,0.040383,41.941783061224,-87.805913504123,171000,6,170311710006
38,Street Resurfacing Menu (2024),3200-3300 N Newcastle Ave,53727.89,0.03876,41.940123444395,-87.797318030054,171000,3,170311710003
38,Street Resurfacing Menu (2024),3300-3400 N Nordica Ave,60194.12,0.043425,41.941823629635,-87.80345953433,171000,6,170311710006
38,Street Resurfacing Menu (2024),3500-3600 N Oconto Ave,58607.89,0.042281,41.945375377287,-87.808500662357,170400,2,170311704002
38,Street Resurfacing Menu (2024),3700-3800 N Odell Ave,56248.97,0.040579,41.948954491852,-87.811055382626,170400,1,170311704001
38,Street Resurfacing Menu (2024),3400-3500 N Olcott Ave,69294.74,0.049991,41.943446072723,-87.814593467775,170800,3,170311708003
38,Street Resurfacing Menu (2024),3300-3400 N Orange Ave,59934.26,0.043238,41.941350177834,-87.824342040263,170700,3,170311707003
38,Street Resurfacing Menu (2024),3400-3500 N Ozanam Ave,56017.93,0.040413,41.941414928036,-87.821853369391,170700,1,170311707001
38,Street Resurfacing Menu (2024),3900-4000 N Page Ave,63835.95,0.046053,41.950593112014,-87.828326461757,170500,3,170311705003
38,Street Resurfacing Menu (2024),3400-3500 N Panama Ave,63276.05,0.045649,41.941244021031,-87.829171860511,170600,1,170311706001
38,Street Resurfacing Menu (2024),3300-3400 N Panama Ave,58092.4,0.041909,41.941244021031,-87.829171860511,170600,1,170311706001
38,Street Resurfacing Menu (2024),3610-3700 N Paris Ave,41690.49,0.030076,41.946866014948,-87.830671550627,170500,4,170311705004
38,Street Resurfacing Menu (2024),4433-4500 N Parkside Ave,26925.82,0.019425,41.961483760719,-87.768172476333,150401,2,170311504012
38,Street Resurfacing Menu (2024),6000-6030 W Belle Plaine Ave,26568.32,0.019167,41.95493829601,-87.777188468958,150502,2,170311505022
38,Street Resurfacing Menu (2024),6300-6330 W Berteau Ave,32735.67,0.023616,41.956806700657,-87.784422555838,150502,1,170311505021
38,Street Resurfacing Menu (2024),5800-5900 W Byron St,50199.17,0.036215,41.9514686018,-87.774459155171,150600,4,170311506004
38,Street Resurfacing Menu (2024),6300-6400 W Grace St,49165.72,0.035469,41.949536237842,-87.784147377957,170200,3,170311702003
38,Street Resurfacing Menu (2024),7000-7050 W Newport Ave,39165.57,0.028255,41.942844545442,-87.801573941392,171000,5,170311710005
38,Street Resurfacing Menu (2024),8000-8030 W School St,10451.98,0.00754,41.939462713371,-87.827318231776,170600,1,170311706001
38,Street Resurfacing Menu (2024),6100-6200 W Warwick Ave,50482.56,0.036419,41.948642936511,-87.781682679328,170200,3,170311702003
38,Street Speed Hump Menu (2024),4100-4200 N Leamington Ave,4880.0,0.003521,41.955296491252,-87.756280399745,150200,1,170311502001
38,Street Speed Hump Menu (2024),4400-4500 N Menard Ave,4880.0,0.003521,41.96233062403,-87.772261784582,150401,4,170311504014
38,Street Speed Hump Menu (2024),3900-4000 N Octavia Ave,4880.0,0.003521,41.950800228841,-87.809893147931,170400,1,170311704001
38,Street Speed Hump Replacement (2024),3500-3600 N Oconto Ave,0.0,0.0,41.945375377287,-87.808500662357,170400,2,170311704002
38,Street Speed Hump Replacement (2024),3700-3800 N Odell Ave,0.0,0.0,41.948954491852,-87.811055382626,170400,1,170311704001
38,Street Speed Hump Replacement (2024),3400-3500 N Olcott Ave,0.0,0.0,41.943446072723,-87.814593467775,170800,3,170311708003
38,Street Speed Hump Replacement (2024),3900-4000 N Page Ave,0.0,0.0,41.950593112014,-87.828326461757,170500,3,170311705003
38,Street Speed Hump Replacement (2024),3400-3500 N Panama Ave,0.0,0.0,41.941244021031,-87.829171860511,170600,1,170311706001
38,Street Speed Hump Replacement (2024),4433-4500 N Parkside Ave,0.0,0.0,41.961483760719,-87.768172476333,150401,2,170311504012
38,Street Speed Hump Replacement (2024),4100-4200 N Pontiac Ave,0.0,0.0,41.9540353501,-87.835744362248,170500,2,170311705002
38,Street Speed Hump Replacement (2024),5800-5900 W Byron St,0.0,0.0,41.9514686018,-87.774459155171,150600,4,170311506004
38,Street Speed Hump Replacement (2024),6300-6400 W Grace St,0.0,0.0,41.949536237842,-87.784147377957,170200,3,170311702003
38,,4459-4521 N FORESTVIEW AVE,17641.23,0.012727,41.961609489267,-87.845356225895,760802,1,170317608021
39,ADA - Street Resurfacing Menu (2024),5553-5530 N Leavenworth Ave,14490.0,0.00966,41.98229376319,-87.760835042112,110100,1,170311101001
39,ADA - Street Resurfacing Menu (2024),6000-6140 N Mcleod Ave,3622.5,0.002415,41.991828429404,-87.785767430069,100100,1,170311001001
39,ADA - Street Resurfacing Menu (2024),4000-4132 W Rosemont Ave,14490.0,0.00966,41.995539803711,-87.728739132005,120300,1,170311203001
39,Alley Apron Menu (2024),5811 N KILBOURN AVE,16772.26,0.011182,41.985664545552,-87.740522086499,120300,3,170311203003
39,Bollard Menu (2024),6042 W MIAMI AVE,4343.64,0.002896,41.99151666462,-87.779557028683,100100,2,170311001002
39,Curb & Gutter Menu (2024),5520 N VIRGINIA AVE,7668.48,0.005112,41.981897131531,-87.705021289971,040300,1,170310403001
39,Pavement Markings Menu (2024),5634-5642 N PULASKI RD,1800.0,0.0012,41.984111923717,-87.728701926641,130200,1,170311302001
39,Pavement Markings Menu (2024),W MONTROSE AVE & N KOSTNER AVE,2200.0,0.001467,41.960845981706,-87.738425018144,160200,2,170311602002
39,Street Light Upgrade Menu (2024),4923 N KEYSTONE AVE,500.0,0.000333,41.970796977156,-87.729086488359,140400,1,170311404001
39,Street Light Upgrade Menu (2024),5240 N LAPORTE AVE,500.0,0.000333,41.976621142578,-87.752192629386,120400,2,170311204002
39,Street Resurfacing Menu (2024),5683-5699 N KERBS AVE,69493.94,0.046329,41.984629757695,-87.744495946795,120300,3,170311203003
39,Street Resurfacing Menu (2024),5001-5020 N Bernard St,13270.49,0.008847,41.972709350275,-87.715042190494,831800,4,170318318004
39,Street Resurfacing Menu (2024),5600-5700 N Central Park Ave,63232.27,0.042155,41.984828309039,-87.718776943402,130100,2,170311301002
39,Street Resurfacing Menu (2024),5787-5770 N Clifford Ave,8631.69,0.005754,41.985712112852,-87.751569267247,120200,4,170311202004
39,Street Resurfacing Menu (2024),5850-5900 N Forest Glen Ave,28007.94,0.018672,41.988412007684,-87.744250189394,120300,4,170311203004
39,Street Resurfacing Menu (2024),5750-5850 N Forest Glen Ave,111635.8,0.074424,41.987142484629,-87.745427762971,120300,4,170311203004
39,Street Resurfacing Menu (2024),5111-5100 N Hamlin Ave,11765.27,0.007844,41.973907669063,-87.72359977836,140302,3,170311403023
39,Street Resurfacing Menu (2024),4700-4800 N Keating Ave,61889.83,0.04126,41.973833573788,-87.74700508878,140400,5,170311404005
39,Street Resurfacing Menu (2024),4300-4400 N Kildare Ave,52817.74,0.035212,41.958971125183,-87.735658092853,160200,3,170311602003
39,Street Resurfacing Menu (2024),6321-6350 N Kilpatrick Ave,44154.6,0.029436,41.997082080691,-87.746205855043,120300,6,170311203006
39,Street Resurfacing Menu (2024),5800-5900 N Kolmar Ave,60478.3,0.040319,41.988260379056,-87.74225169222,120300,4,170311203004
39,Street Resurfacing Menu (2024),5553-5530 N Leavenworth Ave,30079.42,0.020053,41.98229376319,-87.760835042112,110100,1,170311101001
39,Street Resurfacing Menu (2024),6120-6230 N Lenox Ave,58249.11,0.038833,41.993080015291,-87.75593196403,120200,3,170311202003
39,Street Resurfacing Menu (2024),6300-6400 N Lenox Ave,35951.19,0.023967,41.99559601501,-87.753681241652,120200,3,170311202003
39,Street Resurfacing Menu (2024),5578-5570 N Leonard Ave,26981.38,0.017988,41.982621495604,-87.760377809294,110100,1,170311101001
39,Street Resurfacing Menu (2024),5798-5800 N Linder Ave,12976.9,0.008651,41.986136929559,-87.765014384216,110100,1,170311101001
39,Street Resurfacing Menu (2024),6000-6140 N Mcleod Ave,39355.43,0.026237,41.991828429404,-87.785767430069,100100,1,170311001001
39,Street Resurfacing Menu (2024),6220-6360 N Navajo Ave,109900.22,0.073267,41.996729530434,-87.758451011258,120200,2,170311202002
39,Street Resurfacing Menu (2024),5000-5200 N Springfield Ave,123890.98,0.082594,41.971969032857,-87.725761939494,140302,3,170311403023
39,Street Resurfacing Menu (2024),5200-5400 N St Louis Ave,126701.43,0.084468,41.979819006277,-87.720690000672,831800,5,170318318005
39,Street Resurfacing Menu (2024),4400-4500 N Tripp Ave,52817.53,0.035212,41.96286446972,-87.734603205572,160200,1,170311602001
39,Street Resurfacing Menu (2024),5111-5100 W Catalpa Ave,28554.99,0.019037,41.979730702927,-87.755802631264,120400,1,170311204001
39,Street Resurfacing Menu (2024),4300-4400 W Cullom Ave,69313.32,0.046209,41.959065161807,-87.73881777696,160200,4,170311602004
39,Street Resurfacing Menu (2024),4014-4120 W Eastwood Ave,21281.52,0.014188,41.96577051746,-87.728766467296,140500,1,170311405001
39,Street Resurfacing Menu (2024),3930-4000 W Glenlake Ave,27300.15,0.0182,41.991977376958,-87.727284514329,130100,2,170311301002
39,Street Resurfacing Menu (2024),4000-4132 W Rosemont Ave,86936.1,0.057957,41.995539803711,-87.728739132005,120300,1,170311203001
39,Street Resurfacing Menu (2024),4000-4100 W Sunnyside Ave,38771.96,0.025848,41.962910943574,-87.72647758809,140601,1,170311406011
39,Street Resurfacing Menu (2024),4000-4030 W Wilson Ave,19173.61,0.012782,41.964151641394,-87.729291583155,140500,3,170311405003
39,Street Speed Hump Replacement (2024),5850-5900 N Forest Glen Ave,0.0,0.0,41.988412007684,-87.744250189394,120300,4,170311203004
39,Street Speed Hump Replacement (2024),5750-5850 N Forest Glen Ave,0.0,0.0,41.987142484629,-87.745427762971,120300,4,170311203004
40,"(2024) In-Road ""State Law Stop For Pedestrians"" Sign Menu",W FOSTER AVE & N WINCHESTER AVE,350.0,0.000233,41.976056998584,-87.677902983352,040100,2,170310401002
40,(2024) Miscellaneous CDOT Projects (2024),1500 W CATALPA AVE,660.0,0.00044,41.981741332016,-87.668523651044,030900,1,170310309001
40,Alley Resurfacing Menu (2024),W GIDDINGS ST & N MANOR AVE & N MANOR AVE & W LAWRENCE AVE,32212.61,0.021475,41.968490403131,-87.702890777822,140800,5,170311408005
40,Alley Speed Hump Menu (2024),N CALIFORNIA AVE & W AINSLIE ST & W LAWRENCE AVE & N FRANCISCO AVE,2175.0,0.00145,41.968539018169,-87.69981696629,040300,3,170310403003
40,Alley Speed Hump Menu (2024),N MOZART ST & W AINSLIE ST & W ARGYLE ST & N CALIFORNIA AVE,1450.0,0.000967,41.972187995898,-87.698813987756,040300,3,170310403003
40,Alley Speed Hump Menu (2024),W THORNDALE AVE & N RAVENSWOOD AVE & N HERMITAGE AVE & W ROSEHILL DR,2175.0,0.00145,41.988347089844,-87.674633705837,030400,1,170310304001
40,Alley Speed Hump Removal Menu (2024),6059 N MAPLEWOOD AVE,362.5,0.000242,41.992124143053,-87.693058051026,020802,1,170310208021
40,Alley Speed Hump Replacement (2024),W GIDDINGS ST & N MANOR AVE & N MANOR AVE & W LAWRENCE AVE,0.0,0.0,41.968490403131,-87.702890777822,140800,5,170311408005
40,Bollard Menu (2024),5243 N HOYNE AVE,1402.67,0.000935,41.977237631556,-87.681709792317,040100,2,170310401002
40,Concrete Alley Menu (2024),N FRANCISCO AVE & W ARGYLE ST & W AINSLIE ST & N FRANCISCO AVE,324000.0,0.216,41.9707170138,-87.701208026941,040300,3,170310403003
40,Concrete Alley Menu (2024),W LAWRENCE AVE & N ROCKWELL ST & N TALMAN AVE & W LELAND AVE,82693.03,0.055129,41.968614581026,-87.693794987953,040201,1,170310402011
40,"In-Road ""State Law Stop For Pedestrians"" Sign Menu",N DAMEN AVE & W WINONA ST,350.0,0.000233,41.974704997602,-87.679380964338,040402,2,170310404022
40,Miscellaneous CDOT Projects (2024),N RIDGE AVE & N RAVENSWOOD AVE,90000.0,0.06,41.992018992078,-87.674803020281,030300,2,170310303002
40,Pavement Markings Menu (2024),6400-6800 N Ridge Ave,25534.31,0.017023,41.998167872428,-87.677532167955,020500,1,170310205001
40,Sidewalk Menu (2024),1834-1836 W FOSTER AVE,38690.91,0.025794,41.976294415992,-87.676244037075,040100,1,170310401001
40,Sidewalk Menu (2024),1921 W HOOD AVE,13248.26,0.008832,41.992959232066,-87.677997698857,020902,1,170310209021
40,Sidewalk Menu (2024),2235 W MORSE AVE,7463.58,0.004976,42.006981778893,-87.687356931943,020400,3,170310204003
40,Sidewalk Menu (2024),2239 W FARRAGUT AVE,10404.51,0.006936,41.97647207043,-87.685895630944,040100,3,170310401003
40,Sidewalk Menu (2024),2447 W GRANVILLE AVE,45656.65,0.030438,41.993901399893,-87.691845441094,020802,1,170310208021
40,Sidewalk Menu (2024),5634 N CAMPBELL AVE,2583.36,0.001722,41.98417830839,-87.692186165458,020801,1,170310208011
40,Sidewalk Menu (2024),5720 N WESTERN AVE,6373.42,0.004249,41.985655912191,-87.68986940742,020801,1,170310208011
40,Sidewalk Menu (2024),5915-5943 N ROCKWELL ST,17355.17,0.01157,41.98992121126,-87.694236546612,020801,4,170310208014
40,Sidewalk Menu (2024),6019 N TALMAN AVE,5364.53,0.003576,41.991040656339,-87.69548762948,020802,2,170310208022
40,Sidewalk Menu (2024),5900-6000 N California Ave,64450.68,0.042967,41.990818614873,-87.699496385052,020702,3,170310207023
40,Sidewalk Menu (2024),2800-2930 W Peterson Ave,68615.3,0.045744,41.990674828175,-87.699720993498,020702,3,170310207023
40,Street Bump Outs Menu (2024),N DAMEN AVE & W ALBION AVE,32053.5,0.021369,42.001599800774,-87.680252933726,020500,3,170310205003
40,Street Bump Outs Menu (2024),W EASTWOOD AVE & N FRANCISCO AVE,30696.97,0.020465,41.965661007895,-87.701037958125,140800,5,170311408005
40,Street Bump Outs Menu (2024),W LUNT AVE & N CAMPBELL AVE,19227.19,0.012818,42.008605898362,-87.692535523182,020302,3,170310203023
40,Street Bump Outs Menu (2024),W WINNEMAC AVE & N WOLCOTT AVE,37776.48,0.025184,41.973328689101,-87.676321821137,040402,1,170310404021
40,Street Resurfacing Menu (2024),6930-7000 N Rockwell St,34656.86,0.023105,42.00869265106,-87.695232819624,020302,2,170310203022
40,Street Resurfacing Menu (2024),4800-4900 N Rockwell St,67484.86,0.04499,41.970904600793,-87.69420042061,040201,4,170310402014
40,Street Resurfacing Menu (2024),5200-5230 N Wolcott Ave,25660.2,0.017107,41.977073516517,-87.676535702329,040100,2,170310401002
40,Street Resurfacing Menu (2024),2600-2800 W Argyle St,112112.53,0.074742,41.972432118828,-87.694106710932,040201,4,170310402014
40,Street Resurfacing Menu (2024),2000-2100 W Berwyn Ave,64599.96,0.043067,41.978023770255,-87.682118577735,040100,3,170310401003
40,Street Resurfacing Menu (2024),2500-2700 W Berwyn Ave,100959.53,0.067306,41.977725374789,-87.696640320984,040202,2,170310402022
40,Street Resurfacing Menu (2024),1999-2100 W Granville Ave,60275.05,0.040183,41.99426236054,-87.682494295372,020901,1,170310209011
40,Street Speed Hump Menu (2024),6100-6200 N Campbell Ave,4880.0,0.003253,41.994210398753,-87.692508784911,020802,4,170310208024
40,Street Speed Hump Menu (2024),5330-5400 N Leavitt St,2440.0,0.001627,41.978778024099,-87.68445857087,040100,3,170310401003
40,Street Speed Hump Menu (2024),6550-6500 N Seeley Ave,4880.0,0.003253,42.001219430008,-87.681758658812,020500,3,170310205003
40,Street Speed Hump Menu (2024),1700-1800 W Winnemac Ave,2440.0,0.001627,41.973632868367,-87.671317489665,031000,2,170310310002
40,Street Speed Hump Replacement (2024),4800-4900 N Rockwell St,0.0,0.0,41.970904600793,-87.69420042061,040201,4,170310402014
40,Street Speed Hump Replacement (2024),2000-2100 W Berwyn Ave,0.0,0.0,41.978023770255,-87.682118577735,040100,3,170310401003
40,Street Speed Hump Replacement (2024),2400-2700 W Berwyn Ave,0.0,0.0,41.977725374789,-87.696640320984,040202,2,170310402022
40,Street Traffic Circle Menu (2024),W GRANVILLE AVE & N CAMPBELL AVE,18146.39,0.012098,41.994076120664,-87.692224722212,020802,4,170310208024
40,,W GLENLAKE AVE & N MAPLEWOOD AVE & N CAMPBELL AVE & W PETERSON AVE,362.5,0.000242,41.961318008584,-87.69210201115,040800,1,170310408001
40,,W WINNEMAC AVE & N WINCHESTER AVE,37776.48,0.025184,41.973288791242,-87.677829222604,040402,2,170310404022
41,ADA - Street Resurfacing Menu (2024),6700-6740 N Olmsted Ave,7245.0,0.004836,42.002626676682,-87.817933938067,090200,4,170310902004
41,ADA - Street Resurfacing Menu (2024),7640-7829 W Rosedale Ave,18112.5,0.012089,41.988127944985,-87.818433888172,100400,2,170311004002
41,ADA - Street Resurfacing Menu (2024),6700-6900 W Thorndale Ave,10867.5,0.007254,41.988959555509,-87.795048797408,100300,1,170311003001
41,ADA - Street Resurfacing Menu (2024),7730-7900 W Thorndale Ave,7245.0,0.004836,41.986805020849,-87.820622843275,100400,3,170311004003
41,Miscellaneous CDOT Projects (2024),6100 N NEVA AVE,660.0,0.000441,41.992487163279,-87.805962622075,100300,4,170311003004
41,Miscellaneous CDOT Projects (2024),7166 N OZARK AVE,660.0,0.000441,42.011213927535,-87.820351164704,090200,4,170310902004
41,Miscellaneous CDOT Projects (2024),7278 W HIGGINS AVE,20485.02,0.013673,41.981153194194,-87.807116639577,100500,1,170311005001
41,Miscellaneous CDOT Projects (2024),7300 N ORIOLE AVE,864.0,0.000577,42.013411536819,-87.816668324087,090100,3,170310901003
41,Street Resurfacing Menu (2024),5730-6000 N East Circle Ave,252293.31,0.168397,41.98597635235,-87.802455549968,100300,3,170311003003
41,Street Resurfacing Menu (2024),5200-5300 N Nashville Ave,54872.91,0.036626,41.977620998918,-87.791538537213,100600,1,170311006001
41,Street Resurfacing Menu (2024),5400-5530 N Natchez Ave,89649.99,0.059838,41.979416842563,-87.789303757152,100600,1,170311006001
41,Street Resurfacing Menu (2024),5940-6100 N Navarre Ave,166642.05,0.111228,41.989437826904,-87.791929053046,100200,4,170311002004
41,Street Resurfacing Menu (2024),4822-4900 N New England Ave,40486.75,0.027023,41.970280861468,-87.799194989632,100700,4,170311007004
41,Street Resurfacing Menu (2024),4900-5000 N Normandy Ave,53434.29,0.035665,41.972147595124,-87.794235166066,100700,2,170311007002
41,Street Resurfacing Menu (2024),4899-5000 N Oak Park Ave,52578.89,0.035095,41.972101410838,-87.796846548001,100700,3,170311007003
41,Street Resurfacing Menu (2024),6700-6740 N Olmsted Ave,46021.7,0.030718,42.002626676682,-87.817933938067,090200,4,170310902004
41,Street Resurfacing Menu (2024),6700-6740 N Oshkosh Ave,28185.12,0.018813,42.002991070972,-87.818034741943,090200,4,170310902004
41,Street Resurfacing Menu (2024),5025-5200 N Rutherford Ave,78957.44,0.052701,41.972831432695,-87.794928600916,100700,2,170311007002
41,Street Resurfacing Menu (2024),5442-5400 N Sayre Ave,34839.78,0.023254,41.978827049946,-87.801348887291,100600,4,170311006004
41,Street Resurfacing Menu (2024),7730-7899 W Ardmore Ave,62085.5,0.04144,41.986034438939,-87.820423332891,100400,3,170311004003
41,Street Resurfacing Menu (2024),6830-7000 W Balmoral Ave,98961.47,0.066053,41.979214485862,-87.802437389188,100600,4,170311006004
41,Street Resurfacing Menu (2024),7640-7829 W Rosedale Ave,115232.06,0.076913,41.988127944985,-87.818433888172,100400,2,170311004002
41,Street Resurfacing Menu (2024),6700-6900 W Thorndale Ave,125977.36,0.084085,41.988959555509,-87.795048797408,100300,1,170311003001
41,Street Resurfacing Menu (2024),7730-7900 W Thorndale Ave,64502.75,0.043053,41.986805020849,-87.820622843275,100400,3,170311004003
41,Street Resurfacing Menu (2024),7730-7900 W Victoria St,62467.17,0.041695,41.985266439229,-87.820357230532,100400,3,170311004003
41,Street Speed Hump Menu (2024),5330-5400 N Mont Clare Ave,2440.0,0.001629,41.979273889204,-87.804975652976,100600,4,170311006004
41,Street Speed Hump Menu (2024),6800-6830 W Imlay St,2440.0,0.001629,41.998853721655,-87.798383872862,100200,7,170311002007
42,Alley Apron Menu (2024),411 N DEARBORN ST,20013.84,0.015723,41.889538994008,-87.629454996264,081600,1,170310816001
42,Alley Resurfacing Menu (2024),111 W ILLINOIS ST,8806.65,0.006918,41.89057847573,-87.631706040181,081700,2,170310817002
42,Alley Resurfacing Menu (2024),150 W SUPERIOR ST,5747.49,0.004515,41.895855805788,-87.633085030892,081700,1,170310817001
42,Alley Resurfacing Menu (2024),15 W DELAWARE PL,10752.21,0.008447,41.898888168809,-87.628852924159,081100,1,170310811001
42,Alley Resurfacing Menu (2024),E WACKER DR & N STATE ST & N WABASH AVE & E HADDOCK PL,33125.34,0.026023,41.886286480299,-87.626301305195,320102,1,170313201021
42,Alley Speed Hump Menu (2024),N STATE ST & E RANDOLPH ST & E BENTON PL & N WABASH AVE,725.0,0.00057,41.88510739798,-87.626288229426,320102,1,170313201021
42,Alley Speed Hump Replacement (2024),W DELAWARE PL & N DEARBORN ST & N STATE ST & W CHESTNUT ST,0.0,0.0,41.899116282304,-87.629831259898,081100,1,170310811001
42,Curb & Gutter Menu (2024),N LAKE SHORE DR & E OAK ST,2441.68,0.001918,41.900838009036,-87.624255031172,081201,3,170310812013
42,Curb & Gutter Menu (2024),410-430 N New St,16171.14,0.012704,41.89032731375,-87.618647627423,081403,1,170310814031
42,Left-Turn Arrow Menu (2024),N MICHIGAN AVE & E WACKER DR,43292.42,0.03401,41.888369006053,-87.624607993115,320102,1,170313201021
42,Miscellaneous CDOT Projects (2024),360 W OHIO ST,563.44,0.000443,41.892566327887,-87.63848699985,081800,4,170310818004
42,Miscellaneous CDOT Projects (2024),486-700 E Grand Ave,3000.0,0.002357,41.891810615497,-87.605973765071,081402,1,170310814021
42,Native/Butterfly Garden 42nd Ward 2024 Menu,337 E RANDOLPH ST,15100.0,0.011863,41.883915994262,-87.619100244538,320101,2,170313201012
42,Sidewalk Menu (2024),126 E CHESTNUT ST,10715.33,0.008418,41.898585917381,-87.624959278677,081201,2,170310812012
42,Sidewalk Menu (2024),230 W SUPERIOR ST,42143.77,0.033108,41.895856979255,-87.635493403131,081800,1,170310818001
42,Sidewalk Menu (2024),530 E GRAND AVE,63099.91,0.049571,41.892000691195,-87.612673984323,081402,1,170310814021
42,Sidewalk Menu (2024),919 N DEARBORN ST,14627.01,0.011491,41.899376205122,-87.629421552471,081100,1,170310811001
42,Sidewalk Menu (2024),E DELAWARE PL & N WABASH AVE,15148.92,0.011901,41.899147001979,-87.626914022317,081201,2,170310812012
42,Street Bump Outs Menu (2024),N STATE ST & W HURON ST,36864.44,0.028961,41.894877009045,-87.628148006102,081500,1,170310815001
42,Street Resurfacing Menu (2024),N LAKE SHORE DR & N LSD WACKER DR XR,23536.35,0.01849,41.985480520867,-87.653613485235,030604,2,170310306042
42,Street Resurfacing Menu (2024),500-700 E Grand Ave,90036.33,0.070732,41.891810615497,-87.605973765071,081402,1,170310814021
42,Street Resurfacing Menu (2024),200-40 E Illinois St,52829.25,0.041503,41.891183858687,-87.621364783319,081403,1,170310814031
42,Street Resurfacing Menu (2024),900-1101 N Rush St,111969.34,0.087963,41.901943307184,-87.627991698234,081202,2,170310812022
42,Street Resurfacing Menu (2024),430-500 N Rush St,25626.49,0.020132,41.890938981385,-87.625476023008,081500,3,170310815003
42,Street Resurfacing Menu (2024),500-600 W Erie St,63494.2,0.049881,41.894059438209,-87.641678912398,081800,3,170310818003
42,Street Resurfacing Menu (2024),0-50 W Huron St,43414.42,0.034106,41.894952990997,-87.630195034496,081700,1,170310817001
42,Street Resurfacing Menu (2024),100-140 W Illinois St,38927.16,0.030581,41.890926995264,-87.632784958758,081700,2,170310817002
42,Street Resurfacing Menu (2024),340-400 W Illinois St,80739.59,0.063429,41.890806979321,-87.638394769986,081800,2,170310818002
42,Street Resurfacing Menu (2024),0-50 W Illinois St,56241.11,0.044183,41.891137129576,-87.629854310132,081700,2,170310817002
42,Street Resurfacing Menu (2024),417-500 W Ohio St,45068.55,0.035406,41.892083278807,-87.639675972815,081800,2,170310818002
42,Street Speed Hump Menu (2024),N COLUMBUS DR & E SOUTH WATER ST,2000.0,0.001571,41.886913488566,-87.620787521648,320102,1,170313201021
42,Street Speed Hump Replacement (2024),340-400 W Illinois St,0.0,0.0,41.890806979321,-87.638394769986,081800,2,170310818002
42,Viaduct Improvement Menu (2024),200-230 E North Water Lower St,122234.0,0.096027,41.889670646313,-87.620910001474,081403,1,170310814031
42,Viaduct Improvement Menu (2024),400-500 N Wabash Lower Ave,3382.02,0.002657,41.890954340589,-87.626771073035,081500,3,170310815003
42,,W ILLINOIS ST & N CLARK ST & N LA SALLE DR & W HUBBARD ST,8806.65,0.006918,41.890011984804,-87.632640035652,081700,2,170310817002
42,,W SUPERIOR ST & N LA SALLE DR & N WELLS ST & W CHICAGO AVE,5747.49,0.004515,41.895624004256,-87.632779007607,081700,1,170310817001
42,,W DELAWARE PL & N DEARBORN ST & N STATE ST & W CHESTNUT ST,10752.21,0.008447,41.899116282304,-87.629831259898,081100,1,170310811001
42,,15 W DELAWARE PL,0.0,0.0,41.898888168809,-87.628852924159,081100,1,170310811001
42,,323 E WACKER DR,23536.35,0.01849,41.887335433572,-87.619489583941,320101,1,170313201011
42,,100-350 E North Water St,122234.0,0.096027,41.889774526363,-87.624048675675,081403,1,170310814031
43,Alley Apron Menu (2024),1852 N SHEFFIELD AVE,511.71,0.000341,41.915361374577,-87.653445847171,832600,2,170318326002
43,Alley Resurfacing Menu (2024),W ARMITAGE AVE & N LARRABEE ST & N HOWE ST & W WILLOW ST,5547.37,0.003698,41.918239007666,-87.643643965779,071600,1,170310716001
43,Arterial Street Bump Outs Menu (2024),N SHEFFIELD AVE & W MONTANA ST,18289.55,0.012193,41.9263379797,-87.653624968442,070300,1,170310703001
43,Miscellaneous CDOT Projects (2024),2534 N SHEFFIELD AVE,660.0,0.00044,41.927995009214,-87.65377530444,070400,2,170310704002
43,Pavement Markings Menu (2024),280-300 W Dickens Ave,27504.91,0.018337,41.92028599415,-87.636619008908,071400,2,170310714002
43,Sidewalk Menu (2024),2274 N LINCOLN AVE,11376.31,0.007584,41.92336697221,-87.64608762583,071200,1,170310712001
43,Street Bump Outs Menu (2024),N CLEVELAND AVE & W WISCONSIN ST,40254.47,0.026836,41.916469001172,-87.641171974894,071600,1,170310716001
43,Street Bump Outs Menu (2024),N SEDGWICK ST & W EUGENIE ST,7146.01,0.004764,41.912892317359,-87.638639885764,071500,4,170310715004
43,Street Bump Outs Menu (2024),N WELLS ST & W MENOMONEE ST,23493.92,0.015663,41.914815209766,-87.634831568056,071500,6,170310715006
43,Street Light Arterial Menu (2024),800-930 W Armitage Ave,600000.0,0.4,41.918321988507,-87.648759022192,071100,1,170310711001
43,Street Light Arterial Menu (2024),1000-1200 W Fullerton Ave,30000.0,0.02,41.925614118541,-87.658706497242,070500,2,170310705002
43,Street Light Residential Staggered Piggy Back Menu (2024),1800-1900 N Hudson Ave,172000.0,0.114667,41.916636723055,-87.640306124296,071600,1,170310716001
43,Street Light Residential Staggered Piggy Back Menu (2024),2400-2600 N Lakeview Ave,30000.0,0.02,41.929874975202,-87.639720229264,070101,1,170310701011
43,Street Light Residential Staggered Piggy Back Menu (2024),400-600 W Wrightwood Ave,295206.91,0.196805,41.931467411076,-87.639595003631,070101,3,170310701013
43,Street Resurfacing Menu (2024),1 W BURTON PL,27257.0,0.018171,41.909369990187,-87.628921991041,080201,3,170310802013
43,Street Resurfacing Menu (2024),1230-1300 N Astor St,28525.5,0.019017,41.905957759314,-87.627634027799,080100,6,170310801006
43,Street Resurfacing Menu (2024),600-700 W Belden Ave,53753.2,0.035835,41.92393392414,-87.644040597437,071200,1,170310712001
43,Street Resurfacing Menu (2024),1000-1100 W Belden Ave,81549.46,0.054366,41.924203989061,-87.656582020063,071000,1,170310710001
43,,605 W ARMITAGE AVE,5547.37,0.003698,41.917953981048,-87.64401696047,071800,1,170310718001
43,,2300-2200 N Lincoln Ave,11376.31,0.007584,41.922037476637,-87.644348380922,071200,1,170310712001
43,,2300-2400 N Sheffield Ave,30000.0,0.02,41.925659506547,-87.654956769038,070400,2,170310704002
44,(2024) Miscellaneous CDOT Projects (2024),3200 N HALSTED ST,660.0,0.000473,41.940042014206,-87.649395963014,062100,3,170310621003
44,ADA - Alley Resurfacing Menu (2024),W BYRON ST & N LAKEWOOD AVE & N WAYNE AVE & W GRACE ST,5434.76,0.003897,41.952575013019,-87.66173999182,060500,1,170310605001
44,ADA - Alley Resurfacing Menu (2024),W WAVELAND AVE & N LAKEWOOD AVE & N WAYNE AVE & W GRACE ST,3622.5,0.002597,41.948929010867,-87.661635972402,061200,1,170310612001
44,Alley Apron Menu (2024),1242 W WAVELAND AVE,21102.14,0.015131,41.94904300475,-87.660758973873,061200,1,170310612001
44,Alley Apron Menu (2024),3014 N KENMORE AVE,16564.42,0.011877,41.936782166332,-87.655501006011,062900,1,170310629001
44,Alley Apron Menu (2024),3014 N KENMORE AVE,13688.94,0.009815,41.936782166332,-87.655501006011,062900,1,170310629001
44,Alley Resurfacing Menu (2024),3131 N KENMORE AVE,10707.02,0.007677,41.939031114773,-87.655039330784,062900,1,170310629001
44,Alley Resurfacing Menu (2024),529 W WELLINGTON AVE,8383.44,0.006011,41.936098035395,-87.643050443215,063301,2,170310633012
44,Alley Resurfacing Menu (2024),807 W WOLFRAM ST,8168.48,0.005857,41.93347198513,-87.649292027414,063000,2,170310630002
44,Alley Resurfacing Menu (2024),N LAKEWOOD AVE & W GRACE ST & W WAVELAND AVE & N MAGNOLIA AVE,37575.01,0.026942,41.948945020302,-87.66041900388,061200,1,170310612001
44,Alley Resurfacing Menu (2024),N RACINE AVE & W NEWPORT AVE & W CORNELIA AVE & N LAKEWOOD AVE,40339.44,0.028924,41.945289001775,-87.661535976297,061500,1,170310615001
44,Alley Resurfacing Menu (2024),N SEMINARY AVE & W SCHOOL ST & W BELMONT AVE & N CLIFTON AVE,25604.86,0.018359,41.939879992017,-87.657715001915,062200,2,170310622002
44,Alley Resurfacing Menu (2024),W BYRON ST & N LAKEWOOD AVE & N WAYNE AVE & W GRACE ST,13055.46,0.009361,41.952575013019,-87.66173999182,060500,1,170310605001
44,Alley Resurfacing Menu (2024),W SURF ST & N PINE GROVE AVE & N CAMBRIDGE AVE & W DIVERSEY PKWY,34268.65,0.024572,41.93286601544,-87.642719022763,063301,3,170310633013
44,Alley Resurfacing Menu (2024),W WAVELAND AVE & N LAKEWOOD AVE & N WAYNE AVE & W GRACE ST,18741.15,0.013438,41.948929010867,-87.661635972402,061200,1,170310612001
44,Alley Resurfacing Menu (2024),W WAVELAND AVE & N WAYNE AVE & N LAKEWOOD AVE & W ADDISON ST,46983.04,0.033688,41.947137001877,-87.661584004602,061200,1,170310612001
44,Alley Speed Hump Menu (2024),3501 N SHEFFIELD AVE,1087.5,0.00078,41.945560072523,-87.653993185448,832000,1,170318320001
44,Alley Speed Hump Menu (2024),N CLARK ST & W NEWPORT AVE & W CORNELIA AVE & N SEMINARY AVE,2900.0,0.002079,41.945346711178,-87.656712107201,062200,2,170310622002
44,Alley Speed Hump Menu (2024),N PINE GROVE AVE & W DIVERSEY PKWY & W SURF ST & N CAMBRIDGE AVE,1450.0,0.00104,41.932894304363,-87.641341792253,063302,3,170310633023
44,Chicago Park District (2024),500 N LAKE SHORE DR,100000.0,0.071703,41.891331883097,-87.614601090371,081402,1,170310814021
44,Concrete Alley Menu (2024),W ROSCOE ST & N RACINE AVE & N LAKEWOOD AVE & W HENDERSON ST,25179.96,0.018055,41.942561991486,-87.661446038476,062300,1,170310623001
44,"In-Road ""State Law Stop For Pedestrians"" Sign Menu",W BELMONT AVE & N ORCHARD ST,350.0,0.000251,41.940043983953,-87.64681400156,062000,1,170310620001
44,Miscellaneous CDOT Projects (2024),N ORCHARD ST & W BELMONT AVE,70000.0,0.050192,41.940043983953,-87.64681400156,062000,1,170310620001
44,Street Bump Outs Menu (2024),3232-3801 N Southport Ave,160000.0,0.114724,41.951039187205,-87.6640321627,060500,1,170310605001
44,Street Light Arterial Menu (2024),840-999 W Belmont Ave,250000.0,0.179257,41.940229894566,-87.651416504593,062100,3,170310621003
44,Street Resurfacing Menu (2024),3400-3600 N Janssen Ave,67358.24,0.048298,41.943530813765,-87.665478320637,831900,1,170318319001
44,Street Resurfacing Menu (2024),3800-3900 N Wayne Ave,49998.41,0.03585,41.95123399233,-87.663030972547,060500,1,170310605001
44,Street Resurfacing Menu (2024),1200-1300 W Eddy St,60713.81,0.043533,41.946442058285,-87.661776034004,061500,1,170310615001
44,Street Resurfacing Menu (2024),1157-1120 W Grace St,35104.18,0.025171,41.950896159723,-87.65847037903,061100,1,170310611001
44,Street Resurfacing Menu (2024),800-900 W Oakdale Ave,29095.21,0.020862,41.935713012673,-87.648967983038,063400,2,170310634002
44,Street Resurfacing Menu (2024),900-999 W Oakdale Ave,52817.74,0.037872,41.935299379902,-87.653857791719,063000,2,170310630002
44,Street Resurfacing Menu (2024),999-1100 W Oakdale Ave,48347.91,0.034667,41.935535567783,-87.656608590696,062900,3,170310629003
44,Street Resurfacing Menu (2024),800-900 W Waveland Ave,23458.24,0.01682,41.949134589241,-87.652028993149,061000,1,170310610001
44,Street Speed Hump Menu (2024),600-800 W Melrose St,12200.0,0.008748,41.941258018809,-87.644628001212,062000,1,170310620001
44,Street Speed Hump Replacement (2024),3800-3900 N Wayne Ave,0.0,0.0,41.95123399233,-87.663030972547,060500,1,170310605001
44,Street Speed Hump Replacement (2024),1200-1300 W Eddy St,0.0,0.0,41.946442058285,-87.661776034004,061500,1,170310615001
44,Street Speed Hump Replacement (2024),999-1100 W Oakdale Ave,0.0,0.0,41.935535567783,-87.656608590696,062900,3,170310629003
44,,1311 W BYRON ST,5434.76,0.003897,41.952419528715,-87.662260675646,060500,1,170310605001
44,,1314 W WAVELAND AVE,3622.5,0.002597,41.949091284512,-87.662371400587,061200,1,170310612001
44,,3015 N KENMORE AVE,13688.94,0.009815,41.936793859087,-87.654748227287,062900,1,170310629001
44,,N KENMORE AVE & W BARRY AVE & W BELMONT AVE & N SHEFFIELD AVE,10707.02,0.007677,41.939941012273,-87.65408999643,062100,3,170310621003
44,,W WOLFRAM ST & N HALSTED ST & N MILDRED AVE & W DIVERSEY PKWY,8168.48,0.005857,41.932693012959,-87.651420024993,063000,2,170310630002
44,,1311 W BYRON ST,13055.46,0.009361,41.952419528715,-87.662260675646,060500,1,170310605001
44,,1314 W WAVELAND AVE,18741.15,0.013438,41.949091284512,-87.662371400587,061200,1,170310612001
44,,W ADDISON ST & N SHEFFIELD AVE & N WILTON AVE & W CORNELIA AVE,1087.5,0.00078,41.947260006306,-87.654313038874,061000,1,170310610001
44,,1243 W ROSCOE ST,25179.96,0.018055,41.943261587035,-87.660818569204,062300,1,170310623001
45,ADA - Alley Resurfacing Menu (2024),N CALDWELL AVE & N TONTY AVE & N WILDWOOD AVE & N LEOTI AVE,3622.5,0.002427,42.004142702559,-87.781400795924,120100,3,170311201003
45,ADA - Alley Resurfacing Menu (2024),AVE N MINNETONKA AVE & N LEHIGH AVE & N CALDWELL AVE & N ALGONQUIN AVE,3622.5,0.002427,41.999921995215,-87.767135970186,120100,2,170311201002
45,ADA - Alley Resurfacing Menu (2024),W TOUHY AVE & N MOBILE AVE & N NAGLE AVE & W FITCH AVE,3622.5,0.002427,42.011978105647,-87.784360362116,120100,4,170311201004
45,ADA - Street Resurfacing Menu (2024),6471-6530 N Algonquin Ave,21735.0,0.01456,42.00033882726,-87.765713980312,120200,1,170311202001
45,ADA - Street Resurfacing Menu (2024),5240-5340 N Lieb Ave,36225.0,0.024267,41.978175608431,-87.762081095838,110501,4,170311105014
45,ADA - Street Resurfacing Menu (2024),6970-7100 N Tahoma Ave,7245.0,0.004853,42.008862756539,-87.781006946186,120100,4,170311201004
45,Alley Resurfacing Menu (2024),6301 W TOUHY AVE,6260.26,0.004194,42.011730378499,-87.784528335456,120100,4,170311201004
45,Alley Resurfacing Menu (2024),6755 N CALDWELL AVE,6697.1,0.004486,42.004147312606,-87.780653800713,120100,3,170311201003
45,Alley Resurfacing Menu (2024),AVE N MULLIGAN AVE & W BRYN MAWR AVE & W BRYN MAWR AVE & N AVONDALE AVE,20553.65,0.013769,41.982857991002,-87.786581817915,110300,1,170311103001
45,Alley Speed Hump Menu (2024),W MONTROSE AVE & N CICERO AVE & N CICERO AVE & W PENSACOLA AVE,2175.0,0.001457,41.959836004283,-87.74755400035,150200,2,170311502002
45,Alley Speed Hump Replacement (2024),N MULLIGAN AVE & W BRYN MAWR AVE & W BRYN MAWR AVE & N AVONDALE AVE,0.0,0.0,41.982857991002,-87.786581817915,110300,1,170311103001
45,Speed Indicator Signs (2024),N CENTRAL AVE & W CATALPA AVE,7879.96,0.005279,41.981079979791,-87.76838998672,110200,1,170311102001
45,Street Light Upgrade Menu (2024),4958 N MILWAUKEE AVE,500.0,0.000335,41.97098624053,-87.763843558619,110502,1,170311105021
45,Street Light Upgrade Menu (2024),5329 N MELVINA AVE,500.0,0.000335,41.978350077746,-87.783310277287,110300,2,170311103002
45,Street Resurfacing Menu (2024),6471-6530 N Algonquin Ave,35583.2,0.023837,42.00033882726,-87.765713980312,120200,1,170311202001
45,Street Resurfacing Menu (2024),4000-4200 N Kolmar Ave,141873.42,0.095041,41.953672120326,-87.742031499623,160200,4,170311602004
45,Street Resurfacing Menu (2024),4230-4300 N Lamon Ave,18633.4,0.012483,41.958950400759,-87.749966547622,150200,5,170311502005
45,Street Resurfacing Menu (2024),6833-6850 N Leoti Ave,14777.57,0.0099,42.005419646835,-87.779530320615,120100,3,170311201003
45,Street Resurfacing Menu (2024),5240-5340 N Lieb Ave,75183.09,0.050365,41.978175608431,-87.762081095838,110501,4,170311105014
45,Street Resurfacing Menu (2024),6600-6800 N Loleta Ave,124110.36,0.083142,42.00401450135,-87.771355084968,120100,2,170311201002
45,Street Resurfacing Menu (2024),6800-6900 N Loron Ave,118406.86,0.079321,42.004572814827,-87.77282542082,120100,1,170311201001
45,Street Resurfacing Menu (2024),5400-5500 N Lotus Ave,55254.58,0.037015,41.981260316438,-87.764950053657,110100,1,170311101001
45,Street Resurfacing Menu (2024),7000-7000 N Mcalpin Ave,29333.98,0.019651,42.008620692421,-87.782463202152,120100,4,170311201004
45,Street Resurfacing Menu (2024),7100-7200 N Mcalpin Ave,70286.16,0.047085,42.009961309987,-87.778726277978,120100,1,170311201001
45,Street Resurfacing Menu (2024),7030-7100 N Mcalpin Ave,50165.3,0.033606,42.009961309987,-87.778726277978,120100,1,170311201001
45,Street Resurfacing Menu (2024),5530-5600 N Menard Ave,39640.33,0.026555,41.98306070733,-87.773461792513,110100,2,170311101002
45,Street Resurfacing Menu (2024),6400-6500 N Nokomis Ave,76285.45,0.051104,41.997661250127,-87.759108912654,120200,2,170311202002
45,Street Resurfacing Menu (2024),5430-5340 N Parkside Ave,22606.82,0.015144,41.979027240169,-87.77046732885,110200,1,170311102001
45,Street Resurfacing Menu (2024),5430-5500 N Parkside Ave,54890.4,0.036771,41.981243510722,-87.769864195851,110200,1,170311102001
45,Street Resurfacing Menu (2024),7200-7130 N Sioux Ave,25865.72,0.017328,42.010095753082,-87.779030347727,120100,1,170311201001
45,Street Resurfacing Menu (2024),6970-7100 N Tahoma Ave,97531.78,0.065337,42.008862756539,-87.781006946186,120100,4,170311201004
45,Street Resurfacing Menu (2024),6900-7000 N Tonty Ave,157576.28,0.105561,42.008642778736,-87.77248379205,120100,1,170311201001
45,Street Resurfacing Menu (2024),6500-6599 N Waukesha Ave,81149.66,0.054362,42.000888232051,-87.767714725158,120100,2,170311201002
45,Street Resurfacing Menu (2024),6527-6500 W Highland Ave,28097.04,0.018822,41.99661730416,-87.79009081786,100200,2,170311002002
45,Street Speed Hump Menu (2024),4000-4100 N Hamlin Ave,4880.0,0.003269,41.95567493418,-87.72297557803,160400,2,170311604002
45,Street Speed Hump Menu (2024),5530-5600 N Menard Ave,726.62,0.000487,41.98306070733,-87.773461792513,110100,2,170311101002
45,Street Speed Hump Menu (2024),4900-5000 W Carmen Ave,4880.0,0.003269,41.973675699892,-87.750538293156,120400,2,170311204002
45,Street Speed Hump Replacement (2024),4000-4200 N Kolmar Ave,0.0,0.0,41.953672120326,-87.742031499623,160200,4,170311602004
45,,6755 N CALDWELL,3622.5,0.002427,42.004147312606,-87.780653800713,120100,3,170311201003
45,,6515 N MINNETONKA AVE,3622.5,0.002427,41.998558469116,-87.767970472466,120100,3,170311201003
45,,6301 W TOUHY AVE,3622.5,0.002427,42.011730378499,-87.784528335456,120100,4,170311201004
45,,W TOUHY AVE & N MOBILE AVE & N NAGLE AVE & W FITCH AVE,6260.26,0.004194,42.011978105647,-87.784360362116,120100,4,170311201004
45,,N CALDWELL AVE & N TONTY AVE & N WILDWOOD AVE & N LEOTI,6697.1,0.004486,42.004142702559,-87.781400795924,120100,3,170311201003
45,,5621 N MULLIGAN AVE,20553.65,0.013769,41.983606243498,-87.786203374987,100100,4,170311001004
45,,5621 N MULLIGAN AVE,0.0,0.0,41.983606243498,-87.786203374987,100100,4,170311001004
46,Alley Apron Menu (2024),1521 W BYRON ST,120451.21,0.084215,41.95233520677,-87.668470911527,060400,3,170310604003
46,Concrete Alley Menu (2024),N CLARENDON AVE & W EASTWOOD AVE,447.85,0.000313,41.966458881258,-87.650040279911,031400,5,170310314005
46,Concrete Alley Menu (2024),WILSON AVE N CLARENDON AVE & W WILSON AVE,6950.04,0.004859,41.965505188315,-87.650011613802,031400,5,170310314005
46,Concrete Alley Menu (2024),W LAWRENCE AVE & N WINTHROP AVE & N KENMORE AVE & W AINSLIE ST,17650.32,0.01234,41.969041219898,-87.65763151816,830700,2,170318307002
46,Concrete Alley Menu (2024),W LELAND AVE & N CLARENDON AVE,59333.33,0.041484,41.967333281398,-87.650068107829,031501,3,170310315013
46,Curb & Gutter Menu (2024),4231-4233 N KENMORE AVE,16373.86,0.011448,41.95946925411,-87.6559347695,032100,2,170310321002
46,LED Traffic Signal Upgrades & Pedestrian Countdown,W IRVING PARK RD & N MARINE DR,26845.91,0.01877,41.954657287316,-87.64522630146,031400,4,170310314004
46,Miscellaneous CDOT Projects (2024),1000-1200 W Lawrence Ave,20829.1,0.014563,41.969231363372,-87.660355552873,031100,2,170310311002
46,Miscellaneous CDOT Projects (2024),W SUNNYSIDE AVE & N MAGNOLIA AVE,277441.6,0.193978,41.963533010317,-87.660973969689,031700,3,170310317003
46,Park District - Gill Park - Multi-sport Court,825 W SHERIDAN RD,100000.0,0.069917,41.95236290896,-87.650603292347,832100,1,170318321001
46,Pavement Markings Menu (2024),N FREMONT ST & W BRADLEY PL,500.0,0.00035,41.950084707676,-87.651972308593,061000,1,170310610001
46,Pavement Markings Menu (2024),3699-3799 N Broadway,1800.0,0.001258,41.951155393278,-87.649555957135,060900,1,170310609001
46,Sidewalk Menu (2024),4007 N CLARENDON AVE,3554.7,0.002485,41.95490605508,-87.649619950341,031400,4,170310314004
46,Sidewalk Menu (2024),4147 N BROADWAY,17340.95,0.012124,41.958208699691,-87.652615871119,032100,4,170310321004
46,Sidewalk Menu (2024),4850 N KENMORE AVE,53378.01,0.03732,41.970479596392,-87.656696433042,031200,1,170310312001
46,Sidewalk Menu (2024),727-737 W HUTCHINSON ST,139236.72,0.09735,41.959134941902,-87.648895563394,031400,3,170310314003
46,Sidewalk Menu (2024),730 W HUTCHINSON ST,13034.08,0.009113,41.95954544561,-87.648728512064,031400,1,170310314001
46,Sidewalk Menu (2024),826 W WILSON AVE,17784.16,0.012434,41.965733678996,-87.651135207923,031501,3,170310315013
46,Sidewalk Menu (2024),915 W GRACE ST,7101.31,0.004965,41.951058014273,-87.652500033217,061000,1,170310610001
46,Sidewalk Menu (2024),800-1000 W Windsor Ave,30384.06,0.021243,41.964656981623,-87.650065006525,031502,3,170310315023
46,Signal (2024) Miscellaneous CDOT Projects (2024),N BROADWAY & N CLARENDON AVE,70000.0,0.048942,41.953157220014,-87.649637864739,060800,1,170310608001
46,Speed Indicator Signs (2024),W LAWRENCE AVE & N MALDEN ST,14150.35,0.009893,41.968981498838,-87.663091741345,031100,2,170310311002
46,Street Bump Outs Menu (2024),N HAZEL ST & W SUNNYSIDE AVE,23687.23,0.016561,41.963650817966,-87.652366928594,031502,2,170310315022
46,Street Bump Outs Menu (2024),W BYRON ST & N GREENVIEW AVE,33600.0,0.023492,41.952499994986,-87.6674344892,060400,1,170310604001
46,Street Bump Outs Menu (2024),W BYRON ST & N JANSSEN AVE,33600.0,0.023492,41.952540982493,-87.665785014474,060400,1,170310604001
46,Street Bump Outs Menu (2024),W LAWRENCE AVE & N KENMORE AVE,5268.2,0.003683,41.96907311304,-87.656236769471,031200,1,170310312001
46,Street Resurfacing Menu (2024),1311 W LAWRENCE AVE,2527.84,0.001767,41.968871989273,-87.663338001661,031700,1,170310317001
46,Street Resurfacing Menu (2024),500-643 W Cornelia Ave,108269.57,0.075698,41.946802983036,-87.642658002508,060900,5,170310609005
46,Street Resurfacing Menu (2024),800-900 W Waveland Ave,23419.09,0.016374,41.949134589241,-87.652028993149,061000,1,170310610001
46,Street Speed Hump Menu (2024),4430-4530 N Hazel St,4880.0,0.003412,41.964714188112,-87.65260103515,031502,3,170310315023
46,Street Speed Hump Removal Menu (2024),900-1000 W Sunnyside Ave,2440.0,0.001706,41.963733002527,-87.654871022168,830700,4,170318307004
46,,826 W WILSON AVE,447.85,0.000313,41.965733678996,-87.651135207923,031501,3,170310315013
46,,N CLARENDON AVE & W,447.85,0.000313,41.956551370781,-87.649745317277,031400,2,170310314002
46,,N CLARENDON AVE & W EASTWOOD AVE,6950.04,0.004859,41.966458881258,-87.650040279911,031400,5,170310314005
46,,826 W WILSON AVE,6950.04,0.004859,41.965733678996,-87.651135207923,031501,3,170310315013
46,,W EASTWOOD AVE & N CLARENDON AVE,59333.33,0.041484,41.966458881258,-87.650040279911,031400,5,170310314005
46,,851 W LELAND AVE,59333.33,0.041484,41.967149214804,-87.652044560598,031501,3,170310315013
46,,902 W WINDSOR AVE,30384.06,0.021243,41.964580999671,-87.653473004537,031502,3,170310315023
46,,W LAWRENCE AVE & N BEACON ST,14150.35,0.009893,41.968949982882,-87.664564106457,031700,1,170310317001
47,"(2024) In-Road ""State Law Stop For Pedestrians"" Sign Menu",W ADDISON ST & N HERMITAGE AVE,600.0,0.000437,41.946958215883,-87.672415770438,060300,2,170310603002
47,"(2024) In-Road ""State Law Stop For Pedestrians"" Sign Menu",W MONTROSE AVE & N CLAREMONT AVE,600.0,0.000437,41.961351997201,-87.687492970232,040900,2,170310409002
47,"(2024) In-Road ""State Law Stop For Pedestrians"" Sign Menu",W MONTROSE AVE & N HERMITAGE AVE,350.0,0.000255,41.961563011613,-87.67239397749,031900,2,170310319002
47,"(2024) In-Road ""State Law Stop For Pedestrians"" Sign Menu",W MONTROSE AVE & N MAPLEWOOD AVE,600.0,0.000437,41.961318008584,-87.692380038878,040800,2,170310408002
47,(2024) Installation of pedestrian countdown signals at N. Ashland,N ASHLAND AVE & W WILSON AVE N LINCOLN AVE & W SUNNYSIDE AVE,58545.88,0.042628,41.963205990364,-87.684978986012,040900,1,170310409001
47,Alley Apron Menu (2024),3141 N CAMPBELL AVE,2843.25,0.00207,41.938886149758,-87.689861863707,843700,2,170318437002
47,Alley Resurfacing Menu (2024),W ADDISON ST & N LINCOLN AVE & N WOLCOTT AVE & W PATTERSON AVE,28504.54,0.020754,41.94783798044,-87.676133982686,050600,2,170310506002
47,Alley Speed Hump Menu (2024),2510 W IRVING PARK RD,725.0,0.000528,41.954256506615,-87.691495831912,050300,2,170310503002
47,Alley Speed Hump Menu (2024),BELLE PLAINE AVE 2544 W IRVING PARK RD,725.0,0.000528,41.9542648047,-87.692650187617,050300,3,170310503003
47,Ave. & W. Wilson Ave. Miscellaneous CDOT Projects (2024),W LAWRENCE AVE,12000.0,0.008737,41.968493883628,-87.703569879438,140800,5,170311408005
47,Berteau for LPI Curb & Gutter Menu (2024),1457-1459 W SUNNYSIDE AVE,9281.87,0.006758,41.963242074458,-87.667369445631,031900,2,170310319002
47,Bike Lane/Marked Shared Lane Menu (2024),N LINCOLN AVE & W ADDISON ST,100000.0,0.072811,41.946944008557,-87.673744972643,050600,2,170310506002
47,Controller-only upgrade from HMC to ATC at Ashland-,N ASHLAND AVE & W BERTEAU AVE,7492.25,0.005455,41.957975012231,-87.669198041628,060200,1,170310602001
47,Curb & Gutter Menu (2024),1520 W BELLE PLAINE AVE,6560.42,0.004777,41.956295362653,-87.668571494365,060100,3,170310601003
47,Curb & Gutter Menu (2024),2113 W GIDDINGS ST,8863.91,0.006454,41.967617930829,-87.681408798174,040600,1,170310406001
47,Curb & Gutter Menu (2024),2620 W WILSON AVE,6752.81,0.004917,41.965057007952,-87.694531673423,040700,3,170310407003
47,Curb & Gutter Menu (2024),3847 N HOYNE AVE,82036.08,0.059731,41.951893061377,-87.680844612271,050500,2,170310505002
47,Curb & Gutter Menu (2024),4554 N PAULINA ST,2436.9,0.001774,41.965012416227,-87.671276250701,031900,1,170310319001
47,Curb & Gutter Menu (2024),1759-1900 W Grace St,23936.35,0.017428,41.950521575045,-87.673567848618,060300,2,170310603002
47,"In-Road ""State Law Stop For Pedestrians"" Sign Menu",N DAMEN AVE & W EASTWOOD AVE,350.0,0.000255,41.966036014243,-87.679104026258,830800,1,170318308001
47,"In-Road ""State Law Stop For Pedestrians"" Sign Menu",W WILSON AVE & N CLAREMONT AVE,600.0,0.000437,41.96490998937,-87.687542004365,040600,2,170310406002
47,Miscellaneous CDOT Projects (2024),W LAWRENCE AVE & N HERMITAGE AVE,5200.0,0.003786,41.968888208256,-87.672611320239,031000,3,170310310003
47,Miscellaneous CDOT Projects (2024),W LAWRENCE AVE & N WINCHESTER AVE,100000.0,0.072811,41.96881080138,-87.677714893444,040402,3,170310404023
47,Pavement Markings Menu (2024),N DAMEN AVE & W GRACE ST,2000.0,0.001456,41.950527020707,-87.678634974956,050600,1,170310506001
47,Pavement Markings Menu (2024),W LAWRENCE AVE & N WINCHESTER AVE,5500.0,0.004005,41.96881080138,-87.677714893444,040402,3,170310404023
47,Sidewalk Menu (2024),1765 W AINSLIE ST,8286.57,0.006034,41.971622762257,-87.673674145561,031000,3,170310310003
47,Sidewalk Menu (2024),2042 W GRACE ST,4877.9,0.003552,41.950701322384,-87.680377488807,050500,2,170310505002
47,Sidewalk Menu (2024),2316 W GRACE ST,14178.92,0.010324,41.950530415378,-87.686891401041,050500,1,170310505001
47,Sidewalk Menu (2024),2429 W IRVING PARK RD,3825.62,0.002785,41.953743115046,-87.689627673332,843700,1,170318437001
47,Sidewalk Menu (2024),2448 W ADDISON ST,12523.85,0.009119,41.947082058502,-87.690203510081,843700,1,170318437001
47,Sidewalk Menu (2024),2559 W CULLOM AVE,11960.83,0.008709,41.959238835591,-87.694023730091,050300,3,170310503003
47,Sidewalk Menu (2024),3522-3526 N DAMEN AVE,9797.08,0.007133,41.945861066666,-87.678777551129,050800,1,170310508001
47,Sidewalk Menu (2024),3534 N HERMITAGE AVE,7496.8,0.005458,41.946115708885,-87.672753393498,831900,2,170318319002
47,Sidewalk Menu (2024),3733 N OAKLEY AVE,6259.62,0.004558,41.949635270028,-87.685652807209,050500,5,170310505005
47,Sidewalk Menu (2024),3819-3821 N RAVENSWOOD AVE E,6529.48,0.004754,41.951259808592,-87.673474488628,060300,1,170310603001
47,Sidewalk Menu (2024),3834 N HAMILTON AVE,1796.62,0.001308,41.951544458024,-87.682609589623,050500,2,170310505002
47,Sidewalk Menu (2024),3934 N PAULINA ST,10661.09,0.007762,41.953502470606,-87.67177237555,060300,1,170310603001
47,Sidewalk Menu (2024),4053 N LEAVITT ST,18799.44,0.013688,41.95571131164,-87.68352313325,050200,3,170310502003
47,Sidewalk Menu (2024),4157 N BELL AVE,2994.73,0.00218,41.957540787737,-87.684706993254,050200,3,170310502003
47,Sidewalk Menu (2024),4518 N MAPLEWOOD AVE,8901.66,0.006481,41.963736439107,-87.692744148752,040800,2,170310408002
47,Sidewalk Menu (2024),4737 N LINCOLN AVE,142257.36,0.103579,41.967829448156,-87.687714839209,040600,3,170310406003
47,Sidewalk Menu (2024),W SUNNYSIDE AVE & N CLAREMONT AVE,13877.51,0.010104,41.963169403357,-87.687522725988,040900,1,170310409001
47,Street Bump Outs Menu (2024),3700-3800 N Ravenswood Ave,35106.98,0.025562,41.95124698428,-87.674272026715,050600,1,170310506001
47,Street Bump Outs Menu (2024),4500-4530 N Rockwell St,33235.56,0.024199,41.964044780797,-87.693743705744,040800,2,170310408002
47,Street Bump Outs Menu (2024),W BELLE PLAINE AVE & N MAPLEWOOD AVE,16000.0,0.01165,41.955814995782,-87.692117936766,050300,2,170310503002
47,Street Resurfacing Menu (2024),4100-4200 N Paulina St,58983.03,0.042946,41.957991547368,-87.670810062866,060200,1,170310602001
47,Street Resurfacing Menu (2024),4100-4200 N Paulina St,3969.82,0.00289,41.957991547368,-87.670810062866,060200,1,170310602001
47,Street Resurfacing Menu (2024),2400-2520 W Berteau Ave,76064.16,0.055383,41.957787006142,-87.688710022573,050300,1,170310503001
47,Street Resurfacing Menu (2024),2230-2400 W Cullom Ave,102984.56,0.074984,41.959609986264,-87.688759978716,050300,1,170310503001
47,Street Resurfacing Menu (2024),2400-2500 W Sunnyside Ave,68121.41,0.0496,41.963195377504,-87.691373745165,040800,1,170310408001
47,Street Speed Hump Menu (2024),3600-3700 N Artesian Ave,4880.0,0.003553,41.947125979675,-87.68963303775,843700,1,170318437001
47,Street Speed Hump Menu (2024),4500-4600 N Campbell Ave,4880.0,0.003553,41.964328117652,-87.691788444152,040800,1,170310408001
47,Street Speed Hump Menu (2024),4300-4400 N Oakley Ave,4880.0,0.003553,41.959581285947,-87.686302410163,050200,1,170310502001
47,Street Speed Hump Menu (2024),3700-3800 N Ravenswood Ave,4880.0,0.003553,41.95124698428,-87.674272026715,050600,1,170310506001
47,Street Speed Hump Menu (2024),2500-2530 W Belle Plaine Ave,2440.0,0.001777,41.955873175383,-87.691982876951,050300,2,170310503002
47,Street Speed Hump Menu (2024),1900-1920 W Berteau Ave,2440.0,0.001777,41.957969983089,-87.676773018984,050100,1,170310501001
47,Street Speed Hump Menu (2024),1900-1940 W Larchmont Ave,2440.0,0.001777,41.953479797558,-87.676480406745,050600,1,170310506001
47,Street Speed Hump Menu (2024),1900-2000 W Patterson Ave,4880.0,0.003553,41.947894095577,-87.676212573754,050600,2,170310506002
47,Street Speed Hump Menu (2024),1700-1800 W Roscoe St,4880.0,0.003553,41.943614884253,-87.674848282558,050700,1,170310507001
47,Street Speed Hump Menu (2024),1700-1800 W Winnemac Ave,2440.0,0.001777,41.973632868367,-87.671317489665,031000,2,170310310002
47,Street Speed Hump Replacement (2024),2400-2520 W Berteau Ave,0.0,0.0,41.957787006142,-87.688710022573,050300,1,170310503001
47,Street Speed Hump Replacement (2024),2230-2400 W Cullom Ave,0.0,0.0,41.959609986264,-87.688759978716,050300,1,170310503001
47,,N LINCOLN AVE & W GIDDINGS ST,58545.88,0.042628,41.967523592509,-87.687804106478,040600,3,170310406003
47,,N LINCOLN AVE & ,58545.88,0.042628,41.934030402391,-87.721367377901,210502,2,170312105022
47,,W IRVING PARK RD & N CAMPBELL AVE & N MAPLEWOOD AVE & W,725.0,0.000528,41.954072984845,-87.690888982122,050300,2,170310503002
47,,W IRVING PARK RD & N MAPLEWOOD AVE & N ROCKWELL ST & W BELLE PLAINE AVE,725.0,0.000528,41.954072984845,-87.692045014208,050300,2,170310503002
47,,N LINCOLN AVE & W EASTWOOD AVE,12000.0,0.008737,41.965974993988,-87.686790985841,040600,2,170310406002
47,,N LINCOLN AVE & W WILSON AVE,12000.0,0.008737,41.964932997695,-87.686106016713,040600,2,170310406002
47,,N LINCOLN AVE & W MONTROSE AVE,12000.0,0.008737,41.961408994143,-87.683818008603,040900,2,170310409002
47,,2340 W SUNNYSIDE AVE,13877.51,0.010104,41.963561802154,-87.687973169465,040900,1,170310409001
47,,W BELLE PLAINE AVE & N WESTERN AVE,16000.0,0.01165,41.955861012431,-87.688557974849,050300,2,170310503002
47,,N PAULINA ST & W BERTEAU AVE,3969.82,0.00289,41.957933815177,-87.670733606289,060200,1,170310602001
47,,4300 N WESTERN AVE,0.0,0.0,41.959621134195,-87.688895346452,050300,1,170310503001
48,"48th Ward 2024 Menu, Nature Play Space at 1501 W",1501 W ELMDALE AVE,25000.0,0.016985,41.99075578765,-87.667696807564,030500,2,170310305002
48,Alley Apron Menu (2024),6301 N WINTHROP AVE,14152.87,0.009615,41.996578370219,-87.65805220588,030104,1,170310301041
48,Alley Resurfacing Menu (2024),5807 N WINTHROP AVE,28920.54,0.019648,41.987578217866,-87.657770071019,030601,2,170310306012
48,Alley Resurfacing Menu (2024),ARDMORE AVE N BROADWAY & W ROSEMONT AVE & W SHERIDAN RD & N WINTHROP AVE,5361.23,0.003642,41.998165483586,-87.658650087034,030104,1,170310301041
48,Alley Resurfacing Menu (2024),N CLARK ST & W BRYN MAWR AVE & W OLIVE AVE & N GLENWOOD AVE,25288.57,0.017181,41.984535209827,-87.66499669648,030500,4,170310305004
48,Alley Resurfacing Menu (2024),N KENMORE AVE & W GLENLAKE AVE & W THORNDALE AVE & N WINTHROP AVE,19140.53,0.013004,41.990069403308,-87.658213473697,030101,1,170310301011
48,Alley Resurfacing Menu (2024),KENMORE AVE N KENMORE AVE & W GRANVILLE AVE & W ROSEMONT AVE & N SHERIDAN RD,8173.86,0.005553,41.993719512594,-87.723323929926,130100,2,170311301002
48,Alley Speed Hump Menu (2024),W ARDMORE AVE & N MAGNOLIA AVE & N GLENWOOD AVE & W ROSEDALE AVE,1450.0,0.000985,41.988939983765,-87.665097027861,030500,1,170310305001
48,Alley Speed Hump Menu (2024),W CATALPA AVE & N KENMORE AVE & N WINTHROP AVE & W BRYN MAWR AVE,1450.0,0.000985,41.98366148024,-87.658018091534,030603,1,170310306031
48,Alley Speed Hump Replacement (2024),5807 N WINTHROP AVE,0.0,0.0,41.987578217866,-87.657770071019,030601,2,170310306012
48,Alley Speed Hump Replacement (2024),ARDMORE AVE 6022 N KENMORE AVE,0.0,0.0,41.991625713181,-87.657168669466,030101,3,170310301013
48,Alley Speed Hump Replacement (2024),N CLARK ST & W BRYN MAWR AVE & W OLIVE AVE & N GLENWOOD AVE,0.0,0.0,41.984535209827,-87.66499669648,030500,4,170310305004
48,Alley Speed Hump Replacement (2024),N KENMORE AVE & W GRANVILLE AVE & W ROSEMONT AVE & N SHERIDAN RD,0.0,0.0,41.993719512594,-87.723323929926,130100,2,170311301002
48,Arterial Street Bump Outs Menu (2024),5531 N CLARK ST,80000.0,0.054352,41.982738465063,-87.668333615953,030800,1,170310308001
48,Bollard Menu (2024),1000-1200 W Argyle St,1442.89,0.00098,41.972813118237,-87.660108957281,031100,1,170310311001
48,Chicago Park District (2024),5887 N RIDGE AVE,250000.0,0.169849,41.988764416727,-87.668343156944,030500,2,170310305002
48,Curb & Gutter Menu (2024),5013 N WINTHROP AVE,3184.87,0.002164,41.973546171213,-87.657666514177,031200,3,170310312003
48,Curb & Gutter Menu (2024),5800 N RIDGE AVE,19013.69,0.012918,41.987305261189,-87.666363701069,030500,2,170310305002
48,Curb & Gutter Menu (2024),N GLENWOOD AVE & W ARDMORE AVE,250000.0,0.169849,41.98808599356,-87.665082275711,030500,3,170310305003
48,Curb & Gutter Menu (2024),N SHERIDAN RD & W ARDMORE AVE,27369.94,0.018595,41.987364688882,-87.65530889279,030601,3,170310306013
48,Curb & Gutter Menu (2024),N SHERIDAN RD & W GLENLAKE AVE,27369.94,0.018595,41.992370612916,-87.655444595802,030102,1,170310301021
48,Curb & Gutter Menu (2024),N SHERIDAN RD & W GRANVILLE AVE,26990.38,0.018337,41.994596008209,-87.65553218669,030102,3,170310301023
48,Curb & Gutter Menu (2024),N SHERIDAN RD & W ROSEMONT AVE,28437.86,0.019321,41.996421796268,-87.655585579414,030103,2,170310301032
48,Curb & Gutter Menu (2024),N SHERIDAN RD & W THORNDALE AVE,29787.44,0.020237,41.990111899558,-87.655379216958,030101,4,170310301014
48,"Elmdale, Chicago, IL 60660 Alley Apron Menu (2024)",5646 N GLENWOOD AVE,15451.36,0.010498,41.984931212843,-87.665277322598,030500,4,170310305004
48,Miscellaneous CDOT Projects (2024),5400 N WAYNE AVE,660.0,0.000448,41.980085299341,-87.663970500074,030800,2,170310308002
48,Sidewalk Menu (2024),6246-6252 N GREENVIEW AVE,7319.97,0.004973,41.995998007243,-87.668000519121,030200,4,170310302004
48,Sidewalk Menu (2024),W FOSTER AVE & N KENMORE AVE & N WINTHROP AVE & W WINONA ST,1092.66,0.000742,42.000801508315,-87.658151531433,010400,3,170310104003
48,Speed Indicator Signs (2024),6147 N SHERIDAN RD,16310.35,0.011081,41.993613271971,-87.654928773481,030102,1,170310301021
48,Street Bump Outs Menu (2024),N MAGNOLIA AVE & W ELMDALE AVE,16000.0,0.01087,41.990872012447,-87.661558691255,030200,2,170310302002
48,Street Bump Outs Menu (2024),W OLIVE AVE & N GLENWOOD AVE,32000.0,0.021741,41.984535209827,-87.66499669648,030500,4,170310305004
48,Street Resurfacing Menu (2024),5400-5500 N Glenwood Ave,69974.34,0.04754,41.981842188156,-87.665252763622,030800,1,170310308001
48,Street Resurfacing Menu (2024),5600-5800 N Glenwood Ave,131878.79,0.089598,41.983824550167,-87.66519492849,030500,4,170310305004
48,Street Resurfacing Menu (2024),5200-5300 N Glenwood Ave,68642.24,0.046635,41.978194844899,-87.665055788897,030800,3,170310308003
48,Street Resurfacing Menu (2024),6300-6400 N Wayne Ave,51995.61,0.035326,41.996506160124,-87.664486992948,030200,1,170310302001
48,Street Resurfacing Menu (2024),1000-1040 W Glenlake Ave,30708.01,0.020863,41.992387980103,-87.657275318049,030102,3,170310301023
48,Street Speed Hump Menu (2024),1500-1600 W Ardmore Ave,4880.0,0.003315,41.988244579168,-87.668027927944,030500,2,170310305002
48,Street Speed Hump Menu (2024),820-1000 W Argyle St,9760.0,0.006631,41.973553701292,-87.655297409583,031200,4,170310312004
48,Street Speed Hump Replacement (2024),5400-5500 N Glenwood Ave,0.0,0.0,41.981842188156,-87.665252763622,030800,1,170310308001
48,Street Speed Hump Replacement (2024),5600-5800 N Glenwood Ave,0.0,0.0,41.983824550167,-87.66519492849,030500,4,170310305004
48,Street Speed Hump Replacement (2024),5200-5300 N Glenwood Ave,0.0,0.0,41.978194844899,-87.665055788897,030800,3,170310308003
48,,W THORNDALE AVE & N KENMORE AVE & N WINTHROP AVE & W,28920.54,0.019648,41.99006839748,-87.657512327497,030601,1,170310306011
48,,1124 W ROSEMONT AVE,5361.23,0.003642,41.996723880058,-87.659517111098,030104,1,170310301041
48,,6022 N,19140.53,0.013004,42.3194045,-87.8560966,,,
48,,6225 N KENMORE AVE,8173.86,0.005553,41.995457709765,-87.656702300374,030103,2,170310301032
48,,W THORNDALE AVE & N KENMORE AVE & N WINTHROP AVE & W,0.0,0.0,41.99006839748,-87.657512327497,030601,1,170310306011
48,,N KENMORE AVE & W GLENLAKE AVE & W THORNDALE AVE & N WINTHROP AVE,0.0,0.0,41.990069403308,-87.658213473697,030101,1,170310301011
48,,6225 N KENMORE AVE,0.0,0.0,41.995457709765,-87.656702300374,030103,2,170310301032
48,,N CLARK ST & W GREGORY ST,80000.0,0.054352,41.982564414843,-87.668587671439,030900,1,170310309001
48,,1057 W FOSTER AVE,1092.66,0.000742,41.976189893659,-87.657217368324,031200,3,170310312003
49,49th Ward. Installation of an exterior water play feature at Willye B.,ASHLAND BLVD & W FARWELL AVE,66666.67,0.044444,42.006642018448,-87.670013014073,010702,3,170310107023
49,ADA - Street Resurfacing Menu (2024),2300-2400 W Birchwood Ave,4194.21,0.002796,42.017808039578,-87.690374492108,020200,4,170310202004
49,Alley Apron Menu (2024),2001 W GREENLEAF AVE,15713.96,0.010476,42.009807737549,-87.680343709737,010701,2,170310107012
49,Alley Resurfacing Menu (2024),W NORTH SHORE AVE & N SHERIDAN RD,1383.56,0.000922,42.003687984312,-87.660803984693,010400,3,170310104003
49,Alley Speed Hump Menu (2024),N LAKEWOOD AVE & W ARTHUR AVE & W DEVON AVE & N MAGNOLIA AVE,2175.0,0.00145,42.000410115347,-87.663367841236,010503,2,170310105032
49,Alley Speed Hump Removal Menu (2024),W TOUHY AVE & N WOLCOTT AVE & N WOLCOTT AVE & W CHASE AVE,1450.0,0.000967,42.012608005671,-87.678200960009,010201,2,170310102012
49,Alley Speed Hump Replacement (2024),W NORTH SHORE AVE & N SHERIDAN RD,0.0,0.0,42.003687984312,-87.660803984693,010400,3,170310104003
49,"CCTV cameras in Pottawattomie Park, located at 7340 N.",7340 N ROGERS AVE,13530.0,0.00902,42.015167335987,-87.678140023573,010201,2,170310102012
49,Curb & Gutter Menu (2024),1320-1400 W Birchwood Ave,15104.8,0.01007,42.018284021455,-87.665378796277,010300,2,170310103002
49,Eastlake Terrace. Miscellaneous CDOT Projects (2024),7500-7510 N Rogers Ave,88235.87,0.058824,42.018528143884,-87.670662443932,010300,2,170310103002
49,Funding 15 new and replacement benches throughout the, & W JARVIS AVE,3750.0,0.0025,42.015164115442,-87.813260916618,090100,2,170310901002
49,"Greenleaf. Installation of two new benches at Juneway Beach, 7751 N.",7751 N EASTLAKE TER,12000.0,0.008,42.022214685786,-87.665568239037,010100,3,170310101003
49,Paint-and-post bump out on the north side of the N. Clark St,N CLARK ST & W JARVIS AVE,10000.0,0.006667,42.015923006467,-87.675214990822,010202,2,170310102022
49,Parking access at the Leone Beach parking lot in the 49th,1222 W TOUHY AVE,100000.0,0.066667,42.013164019218,-87.66250098481,010300,3,170310103003
49,"Rogers Avenue, in the 49th Ward. Concrete Alley Menu (2024)",W ESTES AVE & N PAULINA ST & N ASHLAND BLVD & W TOUHY AVE,23466.74,0.015644,42.012745007879,-87.670223986576,010202,2,170310102022
49,Street Bump Outs Menu (2024),W MORSE AVE & N GREENVIEW AVE,9821.85,0.006548,42.007917995568,-87.667852997625,010600,4,170310106004
49,Street Resurfacing Menu (2024),7730-7750 N Hermitage Ave,38254.52,0.025503,42.022450490218,-87.674303673517,010100,2,170310101002
49,Street Resurfacing Menu (2024),7100-7200 N Paulina St,37840.21,0.025227,42.013146047856,-87.672468097207,010202,2,170310102022
49,Street Resurfacing Menu (2024),6900-7000 N Ravenswood Ave,72165.17,0.04811,42.009128174749,-87.67540819369,010701,2,170310107012
49,Street Resurfacing Menu (2024),1100-1500 W Albion Ave,234425.75,0.156284,42.001814622061,-87.668226735251,830600,1,170318306001
49,Street Resurfacing Menu (2024),2300-2400 W Birchwood Ave,49088.63,0.032726,42.017808039578,-87.690374492108,020200,4,170310202004
49,Street Resurfacing Menu (2024),1900-1940 W Birchwood Ave,27586.06,0.018391,42.018124010422,-87.679293038174,010201,4,170310102014
49,Street Resurfacing Menu (2024),2000-2100 W Chase Ave,64855.14,0.043237,42.014110443791,-87.680607769301,010201,1,170310102011
49,Street Resurfacing Menu (2024),1600-1700 W Estes Ave,61437.36,0.040958,42.011534916149,-87.67239495838,010702,4,170310107024
49,Street Resurfacing Menu (2024),1125-1200 W Farwell Ave,81759.41,0.054506,42.006415329877,-87.659075971534,010400,1,170310104001
49,Street Resurfacing Menu (2024),1500-1600 W Lunt Ave,48938.24,0.032625,42.009254238573,-87.670309649627,010702,1,170310107021
49,Street Resurfacing Menu (2024),1740-1900 W Morse Ave,114420.25,0.07628,42.007785479905,-87.678108138588,010701,1,170310107011
49,Street Speed Hump Menu (2024),2300-2400 W Birchwood Ave,3499.74,0.002333,42.017808039578,-87.690374492108,020200,4,170310202004
49,Street Speed Hump Replacement (2024),7730-7750 N Hermitage Ave,0.0,0.0,42.022450490218,-87.674303673517,010100,2,170310101002
49,Street Speed Hump Replacement (2024),1100-1500 W Albion Ave,0.0,0.0,42.001814622061,-87.668226735251,830600,1,170318306001
49,Street Speed Hump Replacement (2024),2300-2400 W Birchwood Ave,0.0,0.0,42.017808039578,-87.690374492108,020200,4,170310202004
49,Street Speed Hump Replacement (2024),1740-1900 W Morse Ave,0.0,0.0,42.007785479905,-87.678108138588,010701,1,170310107011
49,Street Traffic Circle Menu (2024),N GREENVIEW AVE & W NORTH SHORE AVE,9364.31,0.006243,42.003643015401,-87.668144939313,010600,1,170310106001
49,W. Greenleaf. Sidewalk Menu (2024),1400-1401 W CHASE AVE,18798.12,0.012532,42.013670411899,-87.666301591166,010300,3,170310103003
49,"Ward. Replacement of five benches located at Loyola Park, 1230",1230 W GREENLEAF AVE,30000.0,0.02,42.010900276718,-87.66161275453,010400,2,170310104002
49,"White Park. Installation of three bike racks at Loyola Park, 1230 W.",1230 W GREENLEAF AVE,2200.0,0.001467,42.010900276718,-87.66161275453,010400,2,170310104002
49,,W MORSE AVE & N GLENWOOD AVE,66666.67,0.044444,42.007947206501,-87.666175359705,010600,4,170310106004
49,,W LUNT AVE & N 1610 W HOWARD ST,66666.67,0.044444,42.019456451901,-87.671602899584,010100,2,170310101002
49,,W COLUMBIA AVE & N SHERIDAN RD,1383.56,0.000922,42.004628685305,-87.660834327182,010400,1,170310104001
49,,1100 W NORTH SHORE AVE,1383.56,0.000922,42.00378832074,-87.658757365502,010400,3,170310104003
49,,W COLUMBIA AVE & N SHERIDAN RD,0.0,0.0,42.004628685305,-87.660834327182,010400,1,170310104001
49,,1100 W NORTH SHORE AVE,0.0,0.0,42.00378832074,-87.658757365502,010400,3,170310104003
49,,N SHERIDAN RD & W ARTHUR AVE,15104.8,0.01007,42.00041418057,-87.66067004188,010400,3,170310104003
49,,W PRATT BLVD & N GLENWOOD AVE,15104.8,0.01007,42.005514820109,-87.665854416632,010600,1,170310106001
49,,N CLARK ST & W ALBION AVE,15104.8,0.01007,42.001710106619,-87.671917382475,830600,2,170318306002
49,,W LUNT AVE & N PAULINA ST,15104.8,0.01007,42.009050013502,-87.672256011363,010702,1,170310107021
49,,N CLARK ST,15104.8,0.01007,41.8862142,-87.6310887,839100,1,170318391001
49,,N CLARK ST & W PRATT BLVD,3750.0,0.0025,42.005375009964,-87.673134015721,010702,3,170310107023
49,,W HOWARD ST & N BOSWORTH AVE,3750.0,0.0025,42.019388001421,-87.669516973044,010100,2,170310101002
49,,N DAMEN AVE,3750.0,0.0025,41.9291570846,-87.678175135057,070700,2,170310707002
49,,W DEVON AVE & N LAKEWOOD AVE,3750.0,0.0025,41.998175583779,-87.663040360279,010503,1,170310105031
49,,W LUNT AVE & N RAVENSWOOD AVE E,3750.0,0.0025,42.008993980479,-87.6758350002,010701,2,170310107012
49,,N CLARK ST & W TOUHY AVE,3750.0,0.0025,42.012661985128,-87.674663964507,010202,2,170310102022
49,,N SHERIDAN RD & W FARGO AVE,3750.0,0.0025,42.01717798692,-87.665453007289,010300,2,170310103002
50,ADA - Street Resurfacing Menu (2024),2300-2400 W Birchwood Ave,4194.21,0.002796,42.017808039578,-87.690374492108,020200,4,170310202004
50,Alley Apron Menu (2024),2815 W JEROME ST,15669.17,0.010446,42.01820124966,-87.700307307625,020200,3,170310202003
50,Alley Apron Menu (2024),6015 N MOZART ST,10648.33,0.007099,41.991089355196,-87.700308564911,020702,3,170310207023
50,Alley Resurfacing Menu (2024),AVE (6100 N) 2039-2061 W ARTHUR AVE,8094.77,0.005397,41.999599201603,-87.681977590853,020500,1,170310205001
50,Alley Speed Hump Replacement (2024),AVE W ARTHUR AVE & N SEELEY AVE & N HOYNE AVE & W DEVON AVE,0.0,0.0,41.999667981639,-87.681407959983,020500,1,170310205001
50,Concrete Alley Menu (2024),AVE N ARTESIAN AVE & W DEVON AVE & N WESTERN AVE & W ARTHUR AVE,106000.0,0.070667,41.997704017906,-87.691127028172,020802,4,170310208024
50,Concrete Alley Menu (2024),N RIDGE BLVD & W ESTES AVE & W GREENLEAF AVE & N BELL AVE,249350.23,0.166233,42.010127381426,-87.683121723907,020400,1,170310204001
50,Curb & Gutter Menu (2024),6833 N KEDZIE AVE,18887.99,0.012592,42.005563812333,-87.708584604649,020301,2,170310203012
50,Pavement Markings Menu (2024),N LINCOLN AVE & N KIMBALL AVE,500.0,0.000333,41.994492994619,-87.714014988259,130100,3,170311301003
50,Street Bump Outs Menu (2024),W HOLLYWOOD AVE & N MOZART ST,12742.19,0.008495,41.984933014952,-87.700442004809,020701,2,170310207012
50,Street Light Residential Staggered Piggy Back Menu (2024),6400-6600 N Rockwell St,74689.53,0.049793,42.00143048633,-87.695162830732,020602,4,170310206024
50,Street Light Residential Staggered Piggy Back Menu (2024),2600-2800 W Coyle Ave,326000.0,0.217333,42.007803247314,-87.699980664859,020301,3,170310203013
50,Street Light Residential Staggered Piggy Back Menu (2024),2600-2800 W Morse Ave,326000.0,0.217333,42.006971972066,-87.69522359953,020302,3,170310203023
50,Street Light Upgrade Menu (2024),2507 W TOUHY AVE,500.0,0.000333,42.012184737617,-87.693565946395,020302,3,170310203023
50,Street Light Upgrade Menu (2024),2601 W JEROME ST,500.0,0.000333,42.018336994582,-87.695189149908,020200,4,170310202004
50,Street Light Upgrade Menu (2024),7018 N RIDGE BLVD,500.0,0.000333,42.009391534147,-87.682556448357,020400,2,170310204002
50,Street Resurfacing Menu (2024),6200-6300 N Artesian Ave,54101.6,0.036068,41.994270496999,-87.691401116406,020802,4,170310208024
50,Street Resurfacing Menu (2024),6400-6500 N Sacramento Ave,51790.16,0.034527,41.997661186381,-87.704852310803,020601,2,170310206012
50,Street Resurfacing Menu (2024),6000-5900 N Sacramento Ave,47767.91,0.031845,41.989031007758,-87.704291622788,020701,1,170310207011
50,Street Resurfacing Menu (2024),2300-2400 W Birchwood Ave,52680.8,0.035121,42.017808039578,-87.690374492108,020200,4,170310202004
50,Street Speed Hump Menu (2024),7000-7040 N Bell Ave,2440.0,0.001627,42.009027424273,-87.686313468817,020400,2,170310204002
50,Street Speed Hump Menu (2024),2800-2900 W Birchwood Ave,4880.0,0.003253,42.017658060425,-87.702146129544,020200,3,170310202003
50,Street Speed Hump Menu (2024),2200-2300 W Estes Ave,2440.0,0.001627,42.011232744908,-87.688356725354,020400,1,170310204001
50,Street Speed Hump Menu (2024),2700-2800 W Fargo Ave,4880.0,0.003253,42.016691245304,-87.69937206249,020200,4,170310202004
50,Street Speed Hump Replacement (2024),2300-2400 W Birchwood Ave,0.0,0.0,42.017808039578,-87.690374492108,020200,4,170310202004
50,,ON N MOZART ST FROM W PETERSON AVE (6000 N) TO W GLENLAKE,10648.33,0.007099,41.990269325165,-87.778626208391,100100,2,170311001002
50,,W ARTHUR AVE & N SEELEY AVE & N HOYNE AVE & W DEVON,8094.77,0.005397,41.999667981639,-87.681407959983,020500,1,170310205001
50,,2039-2061 W ARTHUR,0.0,0.0,41.999599201603,-87.681977590853,020500,1,170310205001
50,,6453 N ARTESIAN AVE,106000.0,0.070667,41.999277678318,-87.690917983507,020602,2,170310206022
