ward,menu_package,address,cost,cost_numeric
1,Alley Apron Menu (2025),1300 N BELL AVE,"$23,832.91",23832.91
1,Alley Apron Menu (2025),1300 N LEAVITT ST,"$18,964.45",18964.45
1,Alley Apron Menu (2025),1383 N WOLCOTT AVE,"$105,424.65",105424.65
1,Alley Resurfacing Menu (2025),N CALIFORNIA AVE & W FULLERTON AVE&W ALTGELD ST & N MOZART ST,"$32,875.80",32875.8
1,Alley Resurfacing Menu (2025),W ERIE ST & N ASHLAND AVE&N PAULINA ST & W HURON ST,"$44,029.02",44029.02
1,Alley Resurfacing Menu (2025),W NORTH AVE & N CAMPBELL AVE&N MAPLEWOOD AVE & W LE MOYNE ST,"$57,437.05",57437.05
1,Alley Speed Hump Menu (2025),W DIVISION ST & N HONORE ST&N WOLCOTT AVE & W THOMAS ST,$725.00,725.0
1,Alley Speed Hump Replacement (2025),N CALIFORNIA AVE & W FULLERTON AVE&W ALTGELD ST & N MOZART ST,$0.00,0.0
1,Alley Speed Hump Replacement (2025),W ERIE ST & N ASHLAND AVE&N PAULINA ST & W HURON ST,$0.00,0.0
1,Alley Speed Hump Replacement (2025),W NORTH AVE & N CAMPBELL AVE&N MAPLEWOOD AVE & W LE MOYNE ST,$0.00,0.0
1,Arterial Street Bump Outs Menu (2025),N CALIFORNIA AVE & W SHAKESPEARE AVE,"$160,000.00",160000.0
1,Curb & Gutter Menu (2025),1703 W AUGUSTA BLVD,"$73,099.04",73099.04
1,Pavement Markings Menu (2025),N WESTERN AVE & W LOGAN BLVD,"$4,100.00",4100.0
1,Pavement Markings Menu (2025),ON N WESTERN AVE FROM W SHAKESPEARE AVE (2130 N) TO W PALMER ST (2200 N),"$2,250.00",2250.0
1,Public restroom pilot with JCDecaux in the Polish Triangle,1204 N MILWAUKEE AVE,"$315,659.00",315659.0
1,Sidewalk Menu (2025),ON N WASHTENAW AVE FROM 2743 N TO W SCHUBERT AVE (2700 N),"$19,091.61",19091.61
1,Sidewalk Menu (2025),ON W POTOMAC AVE FROM N LEAVITT ST (2200 W) TO N OAKLEY BLVD (2300 W),"$76,348.62",76348.62
1,Street Bump Outs Menu (2025),W EVERGREEN AVE & W SCHILLER ST; N WICKER PARK AVE & W SCHILLER ST,"$40,000.00",40000.0
1,Street Resurfacing Menu (2025),ON N CAMPBELL AVE FROM W CHARLESTON ST (2100 N) TO W PALMER ST (2200 N),"$56,827.71",56827.71
1,Street Resurfacing Menu (2025),ON N LEAVITT ST FROM W THOMAS ST (1100 N) TO W DIVISION ST (1200 N),"$61,699.26",61699.26
1,Street Resurfacing Menu (2025),ON N MARSHFIELD AVE FROM W DIVISION ST (1200 N) TO W CHICAGO AVE (800 N),"$218,627.27",218627.27
1,Street Resurfacing Menu (2025),ON N WOLCOTT AVE FROM N WICKER PARK AVE (1370 N) TO N MILWAUKEE AVE (1400 N),"$27,310.55",27310.55
1,Street Resurfacing Menu (2025),ON W MEDILL AVE FROM N TALMAN AVE (2620 W) TO N CALIFORNIA AVE (2800 W),"$100,773.05",100773.05
1,Street Speed Hump Menu (2025),1400 N PAULINA ST,"$2,440.00",2440.0
1,Street Speed Hump Menu (2025),ON N CAMPBELL AVE FROM N MILWAUKEE AVE (2020 N) TO W CHARLESTON ST (2100 N),"$4,880.00",4880.0
1,Street Speed Hump Menu (2025),ON N MARSHFIELD AVE FROM W CHICAGO AVE (800 N) TO W AUGUSTA BLVD (1000 N),"$4,880.00",4880.0
1,Street Speed Hump Menu (2025),ON N MOZART ST FROM W ARMITAGE AVE (2000 N) TO W PALMER ST (2200 N),"$9,760.00",9760.0
1,Street Speed Hump Menu (2025),ON N RICHMOND ST FROM W ALTGELD ST (2500 N) TO W LOGAN BLVD (2563 N),"$4,880.00",4880.0
1,Street Speed Hump Menu (2025),ON N WASHTENAW AVE FROM W BLOOMINGDALE AVE (1800 N) TO W ARMITAGE AVE (2000 N),"$9,760.00",9760.0
1,Street Speed Hump Menu (2025),ON W ERIE ST FROM N RACINE AVE (1200 W) TO N ADA ST (1340 W),"$2,440.00",2440.0
1,Street Speed Hump Menu (2025),ON W LE MOYNE ST FROM N ASHLAND AVE (1600 W) TO N WOOD ST (1800 W),"$9,760.00",9760.0
1,Street Speed Hump Menu (2025),ON W SCHILLER ST FROM N HOYNE AVE (2100 W) TO N LEAVITT ST (2200 W),"$4,880.00",4880.0
1,Street Speed Hump Replacement (2025),ON N MARSHFIELD AVE FROM W DIVISION ST (1200 N) TO W CHICAGO AVE (800 N),$0.00,0.0
2,accent areas along existing walking path Sidewalk Menu (2025),148 W BURTON PL,"$12,418.85",12418.85
2,Alley Resurfacing Menu (2025),N JANSSEN AVE & W BELDEN AVE&W FULLERTON AVE & N SOUTHPORT AVE,"$47,273.12",47273.12
2,Alley Resurfacing Menu (2025),N RACINE AVE & W DICKENS AVE&W WEBSTER AVE & N CLIFTON AVE,"$51,323.40",51323.4
2,Alley Speed Hump Replacement (2025),N JANSSEN AVE & W BELDEN AVE&W FULLERTON AVE & N SOUTHPORT AVE,$0.00,0.0
2,Concrete Alley Menu (2025),E CHICAGO AVE & N MICHIGAN AVE&N FAIRBANKS CT & E SUPERIOR ST; 777 N MICHIGAN AVE,"$29,468.33",29468.33
2,Concrete Alley Menu (2025),N GREENVIEW AVE & W FULLERTON AVE&N CLYBOURN AVE & N BOSWORTH AVE,"$154,036.73",154036.73
2,Curb & Gutter Menu (2025),111 W DELAWARE PL; 107 E DELAWARE PL,"$5,596.37",5596.37
2,Curb & Gutter Menu (2025),1320 N STATE PKWY,"$22,260.15",22260.15
2,Curb & Gutter Menu (2025),1356 N CLEVELAND AVE,"$5,579.29",5579.29
2,Curb & Gutter Menu (2025),1514 N WELLS ST,"$2,667.02",2667.02
2,Curb & Gutter Menu (2025),2187 N CLYBOURN AVE,"$13,830.00",13830.0
2,Curb & Gutter Menu (2025),270 E CHESTNUT ST,"$11,901.31",11901.31
2,Floodlight Menu (2025),777 N MICHIGAN AVE,"$1,150.00",1150.0
2,Miscellaneous CDOT Projects (2025),1420 N DEARBORN ST,$660.00,660.0
2,Miscellaneous CDOT Projects (2025),6800 S LOOMIS BLVD,$660.00,660.0
2,"North Wells St from W Division St to W North Av. Including Burton Place from Wells St East to Cul de Sac. Two teardrops at North Av and Two Acorns, East side of Wells N",ON N WELLS ST FROM W DIVISION ST (1200 N) TO W NORTH AVE (1600 N),"$279,032.03",279032.03
2,"of North Av, Upgrading Street Light Controller to Smart function. Replacement of grass with turf and replacement of granite",2210 N SOUTHPORT AVE,"$50,000.00",50000.0
2,Sidewalk Menu (2025),2069 N CLYBOURN AVE,"$42,053.26",42053.26
2,Sidewalk Menu (2025),33 E DIVISION ST,"$7,342.31",7342.31
2,Street Bump Outs Menu (2025),E ERIE ST & N LAKE SHORE DR,"$22,000.00",22000.0
2,Street Bump Outs Menu (2025),W BELDEN AVE & N MAGNOLIA AVE,"$70,000.00",70000.0
2,Street Light Pole Painting Menu (2025),129-130 W NORTH AVE; 15 E DIVISION ST; 1024 N STATE ST; 317 E ONTARIO ST; 1642 N NORTH PARK AVE; N FAIRBANKS CT & E ONTARIO ST; 534 N FAIRBANKS CT,"$9,746.00",9746.0
2,Street Light Pole Painting Menu (2025),ON N CLARK ST FROM W NORTH AVE (1599 N) TO W LA SALLE DR (1700 N),"$21,336.00",21336.0
2,Street Light Pole Painting Menu (2025),ON N CLYBOURN AVE FROM N SOUTHPORT AVE (2132 N) TO N ASHLAND AVE (2330 N),"$38,467.00",38467.0
2,Street Light Pole Painting Menu (2025),ON N FAIRBANKS CT FROM E GRAND AVE (528 N) TO E ONTARIO ST (628 N),"$16,267.00",16267.0
2,Street Light Pole Painting Menu (2025),ON N LA SALLE ST FROM W NORTH AVE (1600 N) TO W EUGENIE ST (1710 N),"$16,983.00",16983.0
2,Street Light Pole Painting Menu (2025),ON N STATE PKWY FROM E GOETHE ST (1300 N) TO E BURTON PL (1500 N),"$17,965.00",17965.0
2,Street Light Pole Painting Menu (2025),ON W NORTH AVE FROM N NORTH PARK AVE (300 W) TO N HALSTED ST (800 W),"$47,454.00",47454.0
2,Street Light Upgrade Menu (2025),1742-1744 N CLYBOURN AVE,$500.00,500.0
2,Street Light Upgrade Menu (2025),1760 N CLYBOURN AVE,$500.00,500.0
2,Street Resurfacing Menu (2025),ON E CHESTNUT ST FROM N DEWITT PL (250 E) TO N LAKE SHORE DR (300 E),"$67,356.85",67356.85
2,Street Resurfacing Menu (2025),ON E HURON ST FROM N ST CLAIR ST (200 E) TO N FAIRBANKS CT (300 E),"$70,163.16",70163.16
2,Street Resurfacing Menu (2025),ON N SOUTHPORT AVE FROM W WEBSTER AVE (2200 N) TO W FULLERTON AVE (2400 N),"$72,850.23",72850.23
2,Street Resurfacing Menu (2025),ON N STATE PKWY FROM E SCOTT ST (1232 N) TO E SCHILLER ST (1400 N),"$116,763.57",116763.57
2,Street Resurfacing Menu (2025),ON W CONCORD LN FROM N CLYBOURN AVE (900 W) TO N SHEFFIELD AVE (1000 W),"$55,910.27",55910.27
2,Street Resurfacing Menu (2025),ON W DICKENS AVE FROM N RACINE AVE (1200 W) TO N LAKEWOOD AVE (1300 W),"$76,768.97",76768.97
2,Street Speed Hump Menu (2025),849 N FRANKLIN ST; ON N FRANKLIN ST FROM W INSTITUTE PL (830 N) TO W CHESTNUT ST (860 N),"$2,440.00",2440.0
2,Street Speed Hump Replacement (2025),ON N STATE PKWY FROM E SCOTT ST (1232 N) TO E SCHILLER ST (1400 N),$0.00,0.0
2,Street Speed Hump Replacement (2025),ON W DICKENS AVE FROM N RACINE AVE (1200 W) TO N LAKEWOOD AVE (1300 W),$0.00,0.0
2,Traffic Signal Pole Painting menu (2025),ON N SOUTHPORT AVE FROM W SHAKESPEARE AVE (2132 N) TO W FULLERTON AVE (2400 N),"$18,830.00",18830.0
2,Viaduct Improvement Menu (2025),E DIVISION ST & N LAKE SHORE DR,"$20,446.77",20446.77
3,Alley Resurfacing Menu (2025),S CALUMET AVE & E 40TH ST&E 41ST ST & S PRAIRIE AVE,"$37,129.36",37129.36
3,Alley Resurfacing Menu (2025),S MICHIGAN AVE & E 21ST ST&E CERMAK RD & S WABASH AVE,"$12,883.19",12883.19
3,Alley Resurfacing Menu (2025),S MICHIGAN AVE & E 40TH ST&E 41ST ST & S INDIANA AVE,"$32,105.62",32105.62
3,Alley Resurfacing Menu (2025),S PRAIRIE AVE & E PERSHING RD&E 40TH ST & S INDIANA AVE,"$52,768.75",52768.75
3,Alley Speed Hump Menu (2025),S STATE ST & W 43RD ST&E 44TH ST & S WABASH AVE,"$2,175.00",2175.0
3,Alley Speed Hump Replacement (2025),S MICHIGAN AVE & E 21ST ST&E CERMAK RD & S WABASH AVE,$0.00,0.0
3,Alley Speed Hump Replacement (2025),S PRAIRIE AVE & E PERSHING RD&E 40TH ST & S INDIANA AVE,$0.00,0.0
3,Curb & Gutter Menu (2025),10 W 35TH PL,"$5,270.63",5270.63
3,Floodlight Menu (2025),346 W SWANN ST,"$1,150.00",1150.0
3,Miscellaneous CDOT Projects (2025),1920 S PRAIRIE AVE,"$4,600.00",4600.0
3,Miscellaneous CDOT Projects (2025),306 E PERSHING RD,$150.00,150.0
3,Miscellaneous CDOT Projects (2025),3663 S INDIANA AVE,$300.00,300.0
3,Miscellaneous CDOT Projects (2025),3859 S GILES AVE,$660.00,660.0
3,Miscellaneous CDOT Projects (2025),430-432 E 48TH ST,$150.00,150.0
3,Miscellaneous CDOT Projects (2025),4510 S VINCENNES AVE,$150.00,150.0
3,Miscellaneous CDOT Projects (2025),4521-4523 S PRAIRIE AVE,$150.00,150.0
3,Miscellaneous CDOT Projects (2025),4644 S VINCENNES AVE,$150.00,150.0
3,Miscellaneous CDOT Projects (2025),4715 S WABASH AVE; 4736 S WABASH AVE; 4724 S WABASH AVE,$300.00,300.0
3,Miscellaneous CDOT Projects (2025),4757 S PRAIRIE AVE,$150.00,150.0
3,Miscellaneous CDOT Projects (2025),5031 S PRAIRIE AVE,$150.00,150.0
3,Miscellaneous CDOT Projects (2025),5037 S INDIANA AVE,$150.00,150.0
3,Miscellaneous CDOT Projects (2025),5111 S MICHIGAN AVE,$300.00,300.0
3,Miscellaneous CDOT Projects (2025),5121 S WABASH AVE; 5115 S WABASH AVE,$300.00,300.0
3,Miscellaneous CDOT Projects (2025),5217 S CALUMET AVE; 5219 S CALUMET AVE; 5213 S CALUMET AVE,$300.00,300.0
3,Miscellaneous CDOT Projects (2025),601 E 45TH ST,$150.00,150.0
3,Pavement Markings Menu (2025),E PERSHING RD & S RHODES AVE,"$2,500.00",2500.0
3,Sidewalk Menu (2025),2001-2018 S PRAIRIE AVE,"$11,456.16",11456.16
3,Sidewalk Menu (2025),4100-4112 S DR MARTIN LUTHER KING JR DR,"$25,000.00",25000.0
3,Sidewalk Menu (2025),4543 S PRINCETON AVE,"$8,430.67",8430.67
3,Sidewalk Menu (2025),4747 S DR MARTIN LUTHER KING JR DR,"$8,527.72",8527.72
3,Sidewalk Menu (2025),ON W 29TH ST FROM S DEARBORN ST (40 W) TO S FEDERAL ST (60 W),"$45,978.89",45978.89
3,Street Light Residential Staggered Piggy Back Menu (2025),ON E 40TH ST FROM S STATE ST (0 E) TO S PRAIRIE AVE (300 E),"$47,000.00",47000.0
3,Street Resurfacing Menu (2025),ON E 37TH PL FROM S STATE ST (0 E) TO S WABASH AVE (50 E),"$46,065.06",46065.06
3,Street Resurfacing Menu (2025),ON E 42ND PL FROM S DR MARTIN LUTHER KING JR DR E (400 E) TO S VINCENNES AVE (499 E),"$81,125.51",81125.51
3,Street Resurfacing Menu (2025),ON E 44TH ST FROM S INDIANA AVE (200 E) TO S DR MARTIN LUTHER KING JR DR (380 E),"$141,333.18",141333.18
3,Street Resurfacing Menu (2025),ON E 46TH ST FROM S PRAIRIE AVE (300 E) TO S CALUMET AVE (340 E),"$30,893.20",30893.2
3,Street Resurfacing Menu (2025),ON S CALUMET AVE FROM E 38TH ST (3800 S) TO E PERSHING RD (3900 S),"$65,792.97",65792.97
3,Street Resurfacing Menu (2025),ON S CALUMET AVE FROM E PERSHING RD (3900 S) TO E 41ST ST (4100 S),"$139,080.47",139080.47
3,Street Resurfacing Menu (2025),ON S EVANS AVE FROM E 44TH ST (4400 S) TO E 45TH ST (4500 S),"$33,477.48",33477.48
3,Street Resurfacing Menu (2025),ON S FORRESTVILLE AVE FROM E 47TH ST (4700 S) TO E 48TH ST (4800 S),"$79,082.95",79082.95
3,Street Resurfacing Menu (2025),ON S PRAIRIE AVE FROM E 49TH ST (4900 S) TO E 51ST ST (5100 S),"$135,422.52",135422.52
3,Street Resurfacing Menu (2025),ON S WABASH AVE FROM E 44TH ST (4400 S) TO E 46TH ST (4600 S),"$212,839.32",212839.32
3,Street Resurfacing Menu (2025),ON W 24TH ST FROM S STATE ST (0 E) TO S MICHIGAN AVE (100 E),"$87,912.76",87912.76
3,Street Resurfacing Menu (2025),ON W 29TH ST FROM S DEARBORN ST (40 W) TO S FEDERAL ST (60 W),"$27,392.41",27392.41
3,Street Resurfacing Menu (2025),ON W 30TH ST FROM S STATE ST (0 E) TO S FEDERAL ST (100 W),"$85,612.30",85612.3
3,Street Speed Hump Menu (2025),ON S PRAIRIE AVE FROM E 38TH ST (3799 S) TO E PERSHING RD (3900 S),"$4,880.00",4880.0
3,Street Speed Hump Menu (2025),ON W 35TH PL FROM S STATE ST (1 W) TO S FEDERAL ST (99 W),"$4,880.00",4880.0
3,Street Speed Hump Menu (2025),ON W 36TH ST FROM S STATE ST (1 W) TO S FEDERAL ST (99 W),"$4,880.00",4880.0
3,Street Speed Hump Menu (2025),ON W ROOT ST FROM S STATE ST (0 E) TO S DEARBORN ST (30 W),"$2,440.00",2440.0
3,Street Speed Hump Menu (2025),ON W SWANN ST FROM S WENTWORTH AVE (232 W) TO S PRINCETON AVE (300 W),"$2,440.00",2440.0
3,Street Speed Hump Replacement (2025),ON E 46TH ST FROM S PRAIRIE AVE (300 E) TO S CALUMET AVE (340 E),$0.00,0.0
3,Street Speed Hump Replacement (2025),ON S CALUMET AVE FROM E 38TH ST (3800 S) TO E PERSHING RD (3900 S),$0.00,0.0
3,Street Speed Hump Replacement (2025),ON S CALUMET AVE FROM E PERSHING RD (3900 S) TO E 41ST ST (4100 S),$0.00,0.0
3,Street Speed Hump Replacement (2025),ON S EVANS AVE FROM E 44TH ST (4400 S) TO E 45TH ST (4500 S),$0.00,0.0
3,Street Speed Hump Replacement (2025),ON S FORRESTVILLE AVE FROM E 47TH ST (4700 S) TO E 48TH ST (4800 S),$0.00,0.0
4,Alley Apron Menu (2025),4715 S LANGLEY AVE,"$14,526.92",14526.92
4,Alley Resurfacing Menu (2025),E 43RD ST & S COTTAGE GROVE AVE&S DREXEL BLVD & E 44TH ST,"$92,628.08",92628.08
4,Alley Speed Hump Replacement (2025),E 43RD ST & S COTTAGE GROVE AVE&S DREXEL BLVD & E 44TH ST,$0.00,0.0
4,Arterial Street Bump Outs Menu (2025),E PERSHING RD & S RHODES AVE,"$60,000.00",60000.0
4,Concrete Alley Menu (2025),S COTTAGE GROVE AVE & E 40TH ST&E 41ST ST & S LANGLEY AVE; 4030 S COTTAGE GROVE AVE,"$19,573.94",19573.94
4,Concrete Alley Menu (2025),S ELLIS AVE & E 45TH ST&E 46TH ST & S GREENWOOD AVE,"$10,795.00",10795.0
4,Curb & Gutter Menu (2025),4306 S ELLIS AVE,"$334,020.17",334020.17
4,Curb & Gutter Menu (2025),E 49TH ST & S BLACKSTONE AVE,"$113,791.93",113791.93
4,Curb & Gutter Menu (2025),E 50TH ST & S BLACKSTONE AVE,"$187,425.25",187425.25
4,Miscellaneous CDOT Projects (2025),4220 S BERKELEY AVE,$150.00,150.0
4,Miscellaneous CDOT Projects (2025),E OAKWOOD BLVD & S LSD OAKWOOD BL ER,$548.23,548.23
4,Miscellaneous CDOT Projects (2025),ON S DREXEL BLVD FROM E 43RD ST (4300 S) TO E HYDE PARK BLVD (5100 S),"$24,000.00",24000.0
4,Pavement Markings Menu (2025),3600 S DR MARTIN LUTHER KING JR DR,"$7,000.00",7000.0
4,Sidewalk Menu (2025),4832 S DORCHESTER AVE,"$30,000.00",30000.0
4,Street Bump Outs Menu (2025),5015 S BLACKSTONE AVE; S BLACKSTONE AVE & E 50TH ST; S BLACKSTONE AVE & E 49TH ST,"$40,794.57",40794.57
4,Street Light Pole Painting Menu (2025),ON S DR MARTIN LUTHER KING JR DR FROM E 32ND ST (3198 S) TO E 35TH ST (3500 S),"$21,167.59",21167.59
4,Street Resurfacing Menu (2025),ON E 53RD ST FROM S KIMBARK AVE (1300 E) TO S WOODLAWN AVE (1200 E),"$74,173.21",74173.21
4,Street Resurfacing Menu (2025),ON S KENWOOD AVE FROM E HYDE PARK BLVD (5100 S) TO E 52ND ST (5200 S),"$46,509.29",46509.29
4,Street Resurfacing Menu (2025),ON S ST LAWRENCE AVE FROM E 41ST ST (4100 S) TO E BOWEN AVE (4140 S),"$19,056.10",19056.1
4,Street Resurfacing Menu (2025),ON S WOODLAWN AVE FROM E 47TH ST (4700 S) TO E 53RD ST (5300 S),"$230,775.46",230775.46
4,Street Resurfacing Menu (2025),ON S WOODLAWN AVE FROM E 49TH ST (4900 S) TO E 50TH ST (5000 S),"$94,984.25",94984.25
4,Street Speed Hump Menu (2025),ON E 44TH ST FROM S EVANS AVE (720 E) TO S COTTAGE GROVE AVE (800 E),"$2,440.00",2440.0
4,Street Speed Hump Menu (2025),ON E 45TH ST FROM S COTTAGE GROVE AVE (800 E) TO S ELLIS AVE (1000 E),"$7,320.00",7320.0
4,Street Speed Hump Menu (2025),ON E 45TH ST FROM S ELLIS AVE (1000 E) TO S WOODLAWN AVE (1200 E),"$9,760.00",9760.0
4,Street Speed Hump Menu (2025),ON E 48TH ST FROM S ST LAWRENCE AVE (600 E) TO S CHAMPLAIN AVE (634 E),"$2,440.00",2440.0
4,Street Speed Hump Menu (2025),ON E 49TH ST FROM S KIMBARK AVE (1300 E) TO S DORCHESTER AVE (1400 E),"$4,880.00",4880.0
4,Street Speed Hump Menu (2025),ON S BERKELEY AVE FROM E 43RD ST (4300 S) TO E 44TH ST (4400 S),"$4,880.00",4880.0
4,Street Speed Hump Menu (2025),ON S BLACKSTONE AVE FROM E 49TH ST (4900 S) TO E 52ND ST (5200 S),"$12,200.00",12200.0
4,Street Speed Hump Menu (2025),ON S CHAMPLAIN AVE FROM E 47TH ST (4700 S) TO E 48TH ST (4799 S),"$4,880.00",4880.0
4,Street Speed Hump Menu (2025),ON S ELLIS AVE FROM E 46TH ST (4600 S) TO E 47TH ST (4700 S),"$4,880.00",4880.0
4,Street Speed Hump Menu (2025),ON S GREENWOOD AVE FROM E 47TH ST (4700 S) TO E 48TH ST (4800 S),"$4,880.00",4880.0
4,Street Speed Hump Menu (2025),ON S OAKENWALD AVE FROM E 40TH PL (4032 S) TO E 41ST ST (4100 S),"$2,440.00",2440.0
4,Street Speed Hump Menu (2025),ON S VINCENNES AVE FROM E 42ND ST (4200 S) TO E 43RD ST (4299 S),"$4,880.00",4880.0
4,Street Speed Hump Menu (2025),ON S WOODLAWN AVE FROM S LAKE PARK AVE (4440 S) TO E 46TH ST (4625 S),"$12,200.00",12200.0
5,Alley Resurfacing Menu (2025),E 52ND ST & S INGLESIDE AVE&S ELLIS AVE & E 53RD ST,"$29,013.25",29013.25
5,Alley Resurfacing Menu (2025),S BLACKSTONE AVE & E 65TH ST&E 65TH PL & S STONY ISLAND AVE,"$29,911.68",29911.68
5,Alley Speed Hump Replacement (2025),E 52ND ST & S INGLESIDE AVE&S ELLIS AVE & E 53RD ST,$0.00,0.0
5,Sidewalk Menu (2025),1701 E 56TH ST,"$12,066.27",12066.27
5,Sidewalk Menu (2025),2327 E 68TH ST,"$2,868.11",2868.11
5,Sidewalk Menu (2025),6744 S PAXTON AVE,"$9,038.59",9038.59
5,Street Bump Outs Menu (2025),S CORNELL AVE & E 50TH ST,"$16,127.80",16127.8
5,Street Bump Outs Menu (2025),S PAXTON AVE & E 73RD ST,"$29,880.43",29880.43
5,Street Resurfacing Menu (2025),ON E 54TH ST FROM S INGLESIDE AVE (930 E) TO S ELLIS AVE (1000 E),"$36,477.67",36477.67
5,Street Resurfacing Menu (2025),ON E 54TH ST FROM S UNIVERSITY AVE (1140 E) TO S WOODLAWN AVE (1200 E),"$42,228.30",42228.3
5,Street Resurfacing Menu (2025),ON E 56TH ST FROM S UNIVERSITY AVE (1150 E) TO S WOODLAWN AVE (1200 E),"$35,336.90",35336.9
5,Street Resurfacing Menu (2025),ON S CORNELL AVE FROM E 54TH ST (5400 S) TO E 55TH ST (5500 S),"$48,766.13",48766.13
5,Street Resurfacing Menu (2025),ON S CRANDON AVE FROM E 68TH ST (6800 S) TO E 69TH ST (6900 S),"$61,300.86",61300.86
5,Street Resurfacing Menu (2025),ON S CYRIL AVE FROM E 71ST PL (7130 S) TO E 72ND ST (7200 S),"$40,233.73",40233.73
5,Street Resurfacing Menu (2025),ON S DOBSON AVE FROM E 71ST ST (7100 S) TO E 73RD ST (7300 S),"$146,468.38",146468.38
5,Street Resurfacing Menu (2025),ON S DORCHESTER AVE FROM E 58TH ST (5800 S) TO E 59TH ST (5900 S),"$51,173.61",51173.61
5,Street Resurfacing Menu (2025),ON S DORCHESTER AVE FROM E 60TH ST (6000 S) TO E 61ST ST (6100 S),"$71,012.40",71012.4
5,Street Resurfacing Menu (2025),ON S ELLIS AVE FROM E 71ST ST (7100 S) TO E 73RD ST (7299 S),"$127,720.15",127720.15
5,Street Resurfacing Menu (2025),ON S EUCLID AVE FROM E 68TH ST (6800 S) TO E 69TH ST (6900 S),"$47,632.67",47632.67
5,Street Resurfacing Menu (2025),ON S EUCLID AVE FROM E 71ST ST (7100 S) TO E 73RD ST (7300 S),"$120,843.57",120843.57
5,Street Resurfacing Menu (2025),ON S GREENWOOD AVE FROM E 71ST ST (7100 S) TO E 72ND ST (7200 S),"$57,561.38",57561.38
5,Street Resurfacing Menu (2025),ON S INGLESIDE AVE FROM E 71ST ST (7100 S) TO E 72ND ST (7200 S),"$78,959.23",78959.23
5,Street Resurfacing Menu (2025),ON S LUELLA AVE FROM E 71ST ST (7100 S) TO E 73RD ST (7300 S),"$130,632.65",130632.65
5,Street Resurfacing Menu (2025),ON S UNIVERSITY AVE FROM E 60TH ST (6000 S) TO E 61ST ST (6100 S),"$55,665.54",55665.54
5,Street Resurfacing Menu (2025),ON S UNIVERSITY AVE FROM E 71ST ST (7100 S) TO E 73RD ST (7300 S),"$155,263.21",155263.21
5,Street Resurfacing Menu (2025),ON S WOODLAWN AVE FROM E 72ND ST (7200 S) TO E 72ND PL (7231 S),"$51,748.52",51748.52
5,Street Speed Hump Menu (2025),ON S DORCHESTER AVE FROM E 54TH ST (5400 S) TO E 55TH ST (5500 S),"$4,880.00",4880.0
5,Street Speed Hump Menu (2025),ON S UNIVERSITY AVE FROM E 73RD ST (7300 S) TO E 74TH ST (7400 S),"$4,880.00",4880.0
5,Street Speed Hump Replacement (2025),ON S CRANDON AVE FROM E 68TH ST (6800 S) TO E 69TH ST (6900 S),$0.00,0.0
5,Street Speed Hump Replacement (2025),ON S DOBSON AVE FROM E 71ST ST (7100 S) TO E 73RD ST (7300 S),$0.00,0.0
5,Street Speed Hump Replacement (2025),ON S ELLIS AVE FROM E 71ST ST (7100 S) TO E 73RD ST (7299 S),$0.00,0.0
5,Street Speed Hump Replacement (2025),ON S EUCLID AVE FROM E 71ST ST (7100 S) TO E 73RD ST (7300 S),$0.00,0.0
5,Street Speed Hump Replacement (2025),ON S INGLESIDE AVE FROM E 71ST ST (7100 S) TO E 72ND ST (7200 S),$0.00,0.0
5,Street Speed Hump Replacement (2025),ON S LUELLA AVE FROM E 71ST ST (7100 S) TO E 73RD ST (7300 S),$0.00,0.0
5,Street Speed Hump Replacement (2025),ON S UNIVERSITY AVE FROM E 71ST ST (7100 S) TO E 73RD ST (7300 S),$0.00,0.0
6,Academy Miscellaneous CDOT Projects (2025),401 E 75TH ST,$660.00,660.0
6,Floodlight Menu (2025),S VINCENNES AVE & W 70TH ST,"$2,300.00",2300.0
6,Floor repairs for Neil Elementary School,8555 S MICHIGAN AVE,"$12,500.00",12500.0
6,Improvements to Hamilton Park tech center,513 W 72ND ST,"$50,000.00",50000.0
6,Improvements to Tuley Park - outdoor plaza and senior,501 E 90TH PL,"$50,000.00",50000.0
6,Improvements to Tuley Park for miniature soccer field,501 E 90TH ST,"$250,000.00",250000.0
6,Miscellaneous CDOT Projects (2025),615 W MARQUETTE RD,$660.00,660.0
6,New lockers for Lenart School,8101 S LA SALLE ST,"$50,000.00",50000.0
6,Pavement Markings Menu (2025),S VINCENNES AVE & W 83RD ST; W 83RD ST & S STEWART AVE,"$3,200.00",3200.0
6,Projector screen for Manor Park School,7037 S RHODES AVE,"$30,000.00",30000.0
6,seating area Installation of a structure and locker room at Simeon Career,8147 S VINCENNES AVE,"$300,000.00",300000.0
6,Street Cul-de-Sac Menu (2025),ON S DR MARTIN LUTHER KING JR DR FROM E 81ST ST (8100 S) TO E 85TH ST (8500 S),"$250,000.00",250000.0
6,Street Light Pole Painting Menu (2025),ON S VINCENNES AVE FROM 6900 S TO W 71ST ST (7100 S),"$12,600.00",12600.0
6,Street Speed Hump Menu (2025),ON E 74TH ST FROM S DR MARTIN LUTHER KING JR DR (400 E) TO S COTTAGE GROVE AVE (800 E),"$19,520.00",19520.0
6,Street Speed Hump Menu (2025),ON E 77TH ST FROM S STATE ST (0 E) TO S COTTAGE GROVE AVE (800 E),"$34,160.00",34160.0
6,Street Speed Hump Menu (2025),ON E 80TH ST FROM S STATE ST (0 E) TO S COTTAGE GROVE AVE (800 E),"$8,418.03",8418.03
6,Street Speed Hump Menu (2025),ON E 80TH ST FROM S VINCENNES AVE (410 W) TO S HALSTED ST (800 W),"$9,760.00",9760.0
6,Street Speed Hump Menu (2025),ON E 82ND ST FROM S STATE ST (0 E) TO S COTTAGE GROVE AVE (800 E),"$34,160.00",34160.0
6,Street Speed Hump Menu (2025),ON E 84TH ST FROM S WABASH AVE (50 E) TO S MICHIGAN AVE (100 E),"$2,440.00",2440.0
6,Street Speed Hump Menu (2025),ON E 93RD ST FROM S STATE ST (0 E) TO S DR MARTIN LUTHER KING JR DR (400 E),"$17,080.00",17080.0
6,Street Speed Hump Menu (2025),ON E 94TH ST FROM S STATE ST (0 E) TO S DR MARTIN LUTHER KING JR DR (400 E),"$17,080.00",17080.0
6,Street Speed Hump Menu (2025),ON S MICHIGAN AVE FROM E 91ST ST (9100 S) TO E 95TH ST (9500 S),"$19,520.00",19520.0
6,Street Speed Hump Menu (2025),ON S VERNON AVE FROM E 83RD ST (8300 S) TO E 84TH ST (8400 S),"$4,880.00",4880.0
6,Street Speed Hump Menu (2025),ON S WABASH AVE FROM E 80TH ST (8000 S) TO E 81ST ST (8100 S),"$4,880.00",4880.0
6,Street Speed Hump Menu (2025),ON W 81ST ST FROM S VINCENNES AVE (430 W) TO S HALSTED ST (800 W),"$4,880.00",4880.0
6,Tuley Park baseball field improvement,501 E 90TH PL,"$50,000.00",50000.0
6,Walking track at Cole Park,361 E 85TH ST,"$100,000.00",100000.0
6,Walking track installation at Cole Park,361 E 85TH ST,"$100,000.00",100000.0
7,Curb & Gutter Menu (2025),ON E 80TH PL FROM S COMMERCIAL CT (3000 E) TO S HOUSTON AVE (3030 E),"$6,419.17",6419.17
7,Sidewalk Menu (2025),2114 E 100TH ST,"$7,757.85",7757.85
7,Sidewalk Menu (2025),2309 E 83RD ST,"$11,082.86",11082.86
7,Sidewalk Menu (2025),7129 S CORNELL AVE,"$7,127.94",7127.94
7,Sidewalk Menu (2025),7711 S OGLESBY AVE,"$5,037.51",5037.51
7,Sidewalk Menu (2025),9020 S PAXTON AVE,"$11,111.20",11111.2
7,Street Bump Outs Menu (2025),E 75TH ST & S EUCLID AVE,"$21,435.46",21435.46
7,Street Bump Outs Menu (2025),S PAXTON AVE & E 73RD ST,"$10,544.43",10544.43
7,Street Light Upgrade Menu (2025),3021 E 80TH PL,$500.00,500.0
7,Street Light Upgrade Menu (2025),7700 S CRANDON AVE; E 77TH ST & S LUELLA AVE&S CRANDON AVE & E 78TH ST,$500.00,500.0
7,Street Light Upgrade Menu (2025),7720 S COLES AVE,$500.00,500.0
7,Street Light Upgrade Menu (2025),8139 S SOUTH SHORE DR,$500.00,500.0
7,Street Light Upgrade Menu (2025),E 77TH ST & S OGLESBY AVE&S CRANDON AVE & E 78TH ST; 7701 S CRANDON AVE,$500.00,500.0
7,Street Resurfacing Menu (2025),ON E 72ND PL FROM S RIDGELAND AVE (1730 E) TO S CONSTANCE AVE (1820 E),"$34,291.90",34291.9
7,Street Resurfacing Menu (2025),ON E 74TH ST FROM S CHAPPEL AVE (2030 E) TO S MERRILL AVE (2130 E),"$74,014.33",74014.33
7,Street Resurfacing Menu (2025),ON E 77TH ST FROM S MERRILL AVE (2130 E) TO S LUELLA AVE (2230 E),"$45,096.02",45096.02
7,Street Resurfacing Menu (2025),ON E 80TH PL FROM S COMMERCIAL CT (3000 E) TO S HOUSTON AVE (3030 E),"$24,415.31",24415.31
7,Street Resurfacing Menu (2025),ON S BENSLEY AVE FROM E 99TH ST (9899 S) TO E 100TH ST (10000 S),"$64,311.31",64311.31
7,Street Resurfacing Menu (2025),ON S COLFAX AVE FROM E 87TH ST (8700 S) TO S SOUTH CHICAGO AVE (8890 S),"$106,437.24",106437.24
7,Street Resurfacing Menu (2025),ON S CRANDON AVE FROM E 101ST ST (10100 S) TO E 102ND ST (10200 S),"$59,311.68",59311.68
7,Street Resurfacing Menu (2025),ON S CRANDON AVE FROM E 103RD ST (10300 S) TO E 104TH ST (10400 S),"$65,184.41",65184.41
7,Street Resurfacing Menu (2025),ON S CRANDON AVE FROM E 80TH ST (8000 S) TO E 81ST ST (8100 S),"$46,940.44",46940.44
7,Street Resurfacing Menu (2025),ON S CRANDON AVE FROM E 83RD ST (8300 S) TO E 84TH ST (8400 S),"$59,157.76",59157.76
7,Street Resurfacing Menu (2025),ON S CRANDON AVE FROM E 89TH ST (8900 S) TO E 91ST ST (9100 S),"$122,875.55",122875.55
7,Street Resurfacing Menu (2025),ON S ESSEX AVE FROM E 93RD ST (9300 S) TO E 94TH ST (9400 S),"$63,402.52",63402.52
7,Street Resurfacing Menu (2025),ON S HOUSTON AVE FROM E 81ST ST (8100 S) TO E 82ND ST (8200 S),"$56,513.06",56513.06
7,Street Resurfacing Menu (2025),ON S MUSKEGON AVE FROM E 93RD ST (9300 S) TO E 94TH ST (9400 S),"$53,639.81",53639.81
7,Street Resurfacing Menu (2025),ON S OGLESBY AVE FROM E 100TH ST (10000 S) TO E 101ST ST (10100 S),"$68,129.40",68129.4
7,Street Resurfacing Menu (2025),ON S OGLESBY AVE FROM E 101ST ST (10100 S) TO E 103RD ST (10300 S),"$121,487.70",121487.7
7,Street Resurfacing Menu (2025),ON S PHILLIPS AVE FROM E 89TH ST (8900 S) TO E 90TH ST (9000 S),"$58,865.76",58865.76
7,Street Resurfacing Menu (2025),ON S SAGINAW AVE FROM E 93RD ST (9300 S) TO E 94TH ST (9400 S),"$53,639.81",53639.81
7,Street Resurfacing Menu (2025),ON S YATES AVE FROM E 89TH ST (8900 S) TO E 91ST ST (9100 S),"$156,197.89",156197.89
7,Street Speed Hump Menu (2025),ON E 102ND ST FROM S OGLESBY AVE (2400 E) TO S BENSLEY AVE (2500 E),"$4,880.00",4880.0
7,Street Speed Hump Menu (2025),ON E 94TH ST FROM S JEFFERY AVE (2000 E) TO S ANTHONY AVE (3000 E),"$41,480.00",41480.0
7,Street Speed Hump Menu (2025),ON S CRANDON AVE FROM E 80TH ST (8000 S) TO E 81ST ST (8100 S),"$4,880.00",4880.0
7,Street Speed Hump Menu (2025),ON S ESSEX AVE FROM E 86TH ST (8600 S) TO E 87TH ST (8700 S),"$4,880.00",4880.0
7,Street Speed Hump Menu (2025),ON S KINGSTON AVE FROM E 82ND ST (8200 S) TO E 83RD ST (8300 S),"$3,071.67",3071.67
7,Street Speed Hump Menu (2025),ON S OGLESBY AVE FROM E 100TH ST (10000 S) TO E 101ST ST (10100 S),"$4,880.00",4880.0
7,Street Speed Hump Replacement (2025),ON S BENSLEY AVE FROM E 99TH ST (9899 S) TO E 100TH ST (10000 S),$0.00,0.0
7,Street Speed Hump Replacement (2025),ON S CRANDON AVE FROM E 103RD ST (10300 S) TO E 104TH ST (10400 S),$0.00,0.0
7,Street Speed Hump Replacement (2025),ON S CRANDON AVE FROM E 83RD ST (8300 S) TO E 84TH ST (8400 S),$0.00,0.0
7,Street Speed Hump Replacement (2025),ON S CRANDON AVE FROM E 89TH ST (8900 S) TO E 91ST ST (9100 S),$0.00,0.0
7,Street Speed Hump Replacement (2025),ON S OGLESBY AVE FROM E 101ST ST (10100 S) TO E 103RD ST (10300 S),$0.00,0.0
8,Alley Apron Menu (2025),9132 S CREGIER AVE,"$34,046.83",34046.83
8,Alley Resurfacing Menu (2025),E 88TH ST & S DANTE AVE&S BLACKSTONE AVE & E 89TH ST,"$10,166.26",10166.26
8,Grand Crossing Park Improvements,7655 S INGLESIDE AVE,"$50,000.00",50000.0
8,Jesse Owens Park Improvements,8800 S CLYDE AVE,"$50,000.00",50000.0
8,Sidewalk Menu (2025),1235 E 97TH PL; 1239 E 97TH PL; 1247 E 97TH PL; 1251 E 97TH PL; 1254 E 97TH PL; 1257 E 97TH PL,"$29,008.65",29008.65
8,Sidewalk Menu (2025),7200 S DORCHESTER AVE,"$38,601.05",38601.05
8,Sidewalk Menu (2025),7943-7945 S JEFFERY BLVD,"$9,260.45",9260.45
8,Sidewalk Menu (2025),8135 S EUCLID AVE,"$9,050.39",9050.39
8,Sidewalk Menu (2025),8458 S MARYLAND AVE,"$46,168.46",46168.46
8,Sidewalk Menu (2025),8815 S CORNELL AVE,"$1,656.39",1656.39
8,Sidewalk Menu (2025),8918 S CHAPPEL AVE,"$15,007.46",15007.46
8,Sidewalk Menu (2025),8944 S CLYDE AVE,"$2,242.05",2242.05
8,Sidewalk Menu (2025),9156 S BENNETT AVE,"$17,989.84",17989.84
8,Sidewalk Menu (2025),9305 S DR MARTIN LUTHER KING JR DR,"$4,262.35",4262.35
8,Sidewalk Menu (2025),9314 S EAST END AVE,"$5,935.17",5935.17
8,Sidewalk Menu (2025),9600 S UNIVERSITY AVE,"$26,176.20",26176.2
8,Street Resurfacing Menu (2025),ON E 72ND PL FROM S DORCHESTER AVE (1400 E) TO S BLACKSTONE AVE (1500 E),"$66,426.55",66426.55
8,Street Resurfacing Menu (2025),ON E 74TH ST FROM S KENWOOD AVE (1330 E) TO S DORCHESTER AVE (1400 E),"$29,593.93",29593.93
8,Street Resurfacing Menu (2025),ON E 82ND ST FROM S MERRILL AVE (2130 E) TO S LUELLA AVE (2230 E),"$56,814.09",56814.09
8,Street Resurfacing Menu (2025),ON E 85TH ST FROM S EAST END AVE (1700 E) TO S CREGIER AVE (1800 E),"$47,436.99",47436.99
8,Street Resurfacing Menu (2025),ON E 86TH ST FROM 950 E TO S INGLESIDE AVE (930 E),"$19,024.96",19024.96
8,Street Resurfacing Menu (2025),ON E 92ND ST FROM S STONY ISLAND AVE (1600 E) TO S CREGIER AVE (1800 E),"$124,400.38",124400.38
8,Street Resurfacing Menu (2025),ON E 94TH ST FROM S DR MARTIN LUTHER KING JR DR (400 E) TO S VERNON AVE (430 E),"$21,461.79",21461.79
8,Street Resurfacing Menu (2025),ON S AVALON AVE FROM 9858 S TO E 98TH ST (9800 S),"$54,638.03",54638.03
8,Street Resurfacing Menu (2025),ON S BLACKSTONE AVE FROM E 86TH ST (8600 S) TO E 87TH ST (8700 S),"$61,169.21",61169.21
8,Street Resurfacing Menu (2025),ON S CHAPPEL AVE FROM E 80TH ST (8000 S) TO E 81ST ST (8100 S),"$62,835.52",62835.52
8,Street Resurfacing Menu (2025),ON S CLYDE AVE FROM E 89TH ST (8900 S) TO E 90TH ST (9000 S),"$57,867.44",57867.44
8,Street Resurfacing Menu (2025),ON S CONSTANCE AVE FROM E 90TH ST (9000 S) TO E 92ND ST (9200 S),"$109,737.85",109737.85
8,Street Resurfacing Menu (2025),ON S CORNELL AVE FROM E 78TH ST (7800 S) TO E 79TH ST (7900 S),"$48,912.93",48912.93
8,Street Resurfacing Menu (2025),ON S DOBSON AVE FROM E 95TH ST (9500 S) TO E 96TH ST (9600 S),"$55,548.17",55548.17
8,Street Resurfacing Menu (2025),ON S EAST END AVE FROM E 93RD ST (9300 S) TO E 94TH ST (9400 S),"$57,867.57",57867.57
8,Street Resurfacing Menu (2025),ON S ELLIS AVE FROM E 83RD ST (8300 S) TO E 84TH ST (8400 S),"$56,926.05",56926.05
8,Street Resurfacing Menu (2025),ON S KENWOOD AVE FROM E 85TH ST (8530 S) TO E 87TH ST (8700 S),"$49,500.47",49500.47
8,Street Resurfacing Menu (2025),ON S LUELLA AVE FROM E 84TH ST (8400 S) TO E 85TH ST (8500 S),"$54,080.20",54080.2
8,Street Resurfacing Menu (2025),ON S RIDGELAND AVE FROM E 89TH ST (8900 S) TO E 90TH ST (9000 S),"$62,506.31",62506.31
8,Street Speed Hump Menu (2025),ON E 84TH ST FROM S STONY ISLAND AVE (1600 E) TO S EAST END AVE (1700 E),"$4,880.00",4880.0
8,Street Speed Hump Menu (2025),ON E 85TH ST FROM S EAST END AVE (1700 E) TO S CREGIER AVE (1800 E),"$4,880.00",4880.0
8,Street Speed Hump Menu (2025),ON E 89TH PL FROM S DR MARTIN LUTHER KING JR DR (400 E) TO S EBERHART AVE (500 E),"$4,880.00",4880.0
8,Street Speed Hump Menu (2025),ON E 89TH ST FROM S DR MARTIN LUTHER KING JR DR (400 E) TO S EBERHART AVE (500 E),"$4,880.00",4880.0
8,Street Speed Hump Menu (2025),ON E 91ST PL FROM S DR MARTIN LUTHER KING JR DR (400 E) TO S EBERHART AVE (500 E),"$4,880.00",4880.0
8,Street Speed Hump Menu (2025),ON S DORCHESTER AVE FROM E 82ND ST (8200 S) TO E 83RD ST (8300 S),"$4,880.00",4880.0
8,Street Speed Hump Menu (2025),ON S DORCHESTER AVE FROM E 85TH ST (8500 S) TO E 87TH ST (8700 S),"$9,760.00",9760.0
8,Street Speed Hump Menu (2025),ON S MARYLAND AVE FROM E 77TH ST (7700 S) TO E 78TH ST (7800 S),"$4,880.00",4880.0
8,Street Speed Hump Menu (2025),ON S MERRILL AVE FROM E 75TH ST (7500 S) TO E 76TH ST (7600 S),"$4,880.00",4880.0
8,Street Speed Hump Menu (2025),ON S WOODLAWN AVE FROM E 90TH ST (9000 S) TO E 91ST ST (9099 S),"$4,880.00",4880.0
8,Street Speed Hump Replacement (2025),ON S CHAPPEL AVE FROM E 80TH ST (8000 S) TO E 81ST ST (8100 S),$0.00,0.0
9,Alley Resurfacing Menu (2025),S PARNELL AVE & W 123RD ST&W 124TH ST & S WALLACE ST,"$59,989.82",59989.82
9,Alley Resurfacing Menu (2025),W 128TH PL & S PARNELL AVE&S PARNELL AVE & W 128TH ST,"$12,756.52",12756.52
9,Alley Speed Hump Menu (2025),S HARVARD AVE & W 126TH ST&W 127TH ST & S PRINCETON AVE,"$1,450.00",1450.0
9,Curb & Gutter Menu (2025),ON S PRAIRIE AVE FROM E 100TH ST (10000 S) TO E 101ST ST (10100 S),"$260,350.12",260350.12
9,Sidewalk Menu (2025),10047 S EBERHART AVE,"$3,721.46",3721.46
9,Sidewalk Menu (2025),10356 S EBERHART AVE,"$12,453.51",12453.51
9,Sidewalk Menu (2025),10437 S INDIANA AVE,"$5,624.98",5624.98
9,Sidewalk Menu (2025),12835 S LOWE AVE,"$6,879.92",6879.92
9,Sidewalk Menu (2025),12835 S UNION AVE,"$20,162.04",20162.04
9,Sidewalk Menu (2025),225 W 118TH ST,"$10,829.88",10829.88
9,Sidewalk Menu (2025),551 E 106TH ST,"$1,509.04",1509.04
9,Sidewalk Menu (2025),58 W 108TH PL,"$16,262.98",16262.98
9,Sidewalk Menu (2025),711 E 105TH PL,"$7,244.91",7244.91
9,Sidewalk Menu (2025),9400 S NORMAL AVE,"$13,732.37",13732.37
9,Sidewalk Menu (2025),ON S CORLISS AVE FROM S DOTY AVE W (11110 S) TO E 112TH ST (11200 S),"$2,562.20",2562.2
9,Street Light Upgrade Menu (2025),140 E 121ST PL,$500.00,500.0
9,Street Resurfacing Menu (2025),ON E 109TH ST FROM S EBERHART AVE (500 E) TO S RHODES AVE (530 E),"$44,622.83",44622.83
9,Street Resurfacing Menu (2025),ON E 114TH ST FROM S STATE ST (0 E) TO S MICHIGAN AVE (100 E),"$45,826.13",45826.13
9,Street Resurfacing Menu (2025),ON E 120TH PL FROM S MICHIGAN AVE (100 E) TO S INDIANA AVE (200 E),"$81,752.55",81752.55
9,Street Resurfacing Menu (2025),ON E 125TH PL FROM S EDBROOKE AVE (130 E) TO S INDIANA AVE (200 E),"$18,261.61",18261.61
9,Street Resurfacing Menu (2025),ON S CALUMET AVE FROM E 102ND ST (10200 S) TO E 103RD ST (10300 S),"$54,403.15",54403.15
9,Street Resurfacing Menu (2025),ON S CORLISS AVE FROM S DOTY AVE W (11110 S) TO E 112TH ST (11200 S),"$59,699.35",59699.35
9,Street Resurfacing Menu (2025),ON S FOREST AVE FROM E 106TH ST (10600 S) TO E 107TH ST (10700 S),"$58,654.21",58654.21
9,Street Resurfacing Menu (2025),ON S HARVARD AVE FROM W 95TH ST (9500 S) TO W 96TH ST (9600 S),"$57,666.73",57666.73
9,Street Resurfacing Menu (2025),ON S INDIANA AVE FROM E 111TH ST (11100 S) TO E 112TH ST (11200 S),"$68,769.95",68769.95
9,Street Resurfacing Menu (2025),ON S LA SALLE ST FROM W 124TH ST (12400 S) TO W 125TH ST (12500 S),"$54,256.36",54256.36
9,Street Resurfacing Menu (2025),ON S NORMAL AVE FROM W 95TH ST (9500 S) TO W 96TH ST (9600 S),"$62,775.61",62775.61
9,Street Resurfacing Menu (2025),ON S PERRY AVE FROM W 92ND ST (9200 S) TO W 93RD ST (9300 S),"$59,701.31",59701.31
9,Street Resurfacing Menu (2025),ON S PRAIRIE AVE FROM E 100TH ST (10000 S) TO E 101ST ST (10100 S),"$58,681.48",58681.48
9,Street Resurfacing Menu (2025),ON S UNION AVE FROM W VERMONT ST (12720 S) TO W 128TH PL (12830 S),"$71,529.53",71529.53
9,Street Resurfacing Menu (2025),ON S VERNON AVE FROM E 108TH ST (10800 S) TO E 109TH ST (10900 S),"$65,985.99",65985.99
9,Street Resurfacing Menu (2025),ON S WALLACE ST FROM W 92ND ST (9200 S) TO W 93RD ST (9300 S),"$53,412.51",53412.51
9,Street Resurfacing Menu (2025),ON S WALLACE ST FROM W 95TH ST (9500 S) TO W 97TH ST (9700 S),"$103,433.52",103433.52
9,Street Resurfacing Menu (2025),ON W 129TH PL FROM S WALLACE ST (600 W) TO S LOWE AVE (630 W),"$33,080.20",33080.2
10,Alley Resurfacing Menu (2025),8745 S COMMERCIAL AVE; S COMMERCIAL AVE & E 87TH ST&E 88TH ST & S HOUSTON AVE,"$38,254.82",38254.82
10,Alley Resurfacing Menu (2025),9858 S MARQUETTE AVE; S MARQUETTE AVE & E 98TH ST&E 99TH ST & S MARQUETTE AVE,"$42,362.26",42362.26
10,Alley Resurfacing Menu (2025),S AVENUE M & E 95TH ST&E 96TH ST & S AVENUE N,"$50,453.54",50453.54
10,Alley Speed Hump Menu (2025),S AVENUE L & E 97TH ST&E 98TH ST & S AVENUE M,"$1,450.00",1450.0
10,Alley Speed Hump Menu (2025),S AVENUE N & E 97TH ST&E 98TH ST & S AVENUE M,"$1,450.00",1450.0
10,Alley Speed Hump Replacement (2025),9858 S MARQUETTE AVE; S MARQUETTE AVE & E 98TH ST&E 99TH ST & S MARQUETTE AVE,$0.00,0.0
10,Alley Speed Hump Replacement (2025),S AVENUE M & E 95TH ST&E 96TH ST & S AVENUE N,$0.00,0.0
10,Curb & Gutter Menu (2025),11113-11115 S EWING AVE,"$3,254.02",3254.02
10,Curb & Gutter Menu (2025),11131-11143 S AVENUE L,"$36,018.37",36018.37
10,Miscellaneous CDOT Projects (2025),13300 S BALTIMORE AVE,$660.00,660.0
10,Miscellaneous CDOT Projects (2025),3306 E 91ST ST; 8700 S HOUSTON AVE; 8812 S HOUSTON AVE; 8927 S BRANDON AVE; 8537 S,"$1,125.00",1125.0
10,Miscellaneous CDOT Projects (2025),ESCANABA AVE; 9116 S HOUSTON AVE; 9224 S BURLEY AVE 8401 S BURLEY AVE; 8319 S BUFFALO AVE; 8449 S BURLEY AVE; 8454 S BURLEY AVE; 8458 S,"$1,125.00",1125.0
10,Miscellaneous CDOT Projects (2025),BUFFALO AVE; 8415 S BAKER AVE; 8406 S BAKER AVE 8735 S BURLEY AVE; 8809 S BURLEY AVE; 8819 S BURLEY AVE; 8818 S BUFFALO AVE; 8911 S,"$1,125.00",1125.0
10,Miscellaneous CDOT Projects (2025),BUFFALO AVE; 3318 E 88TH ST; 8840 S BUFFALO AVE 9220 S BURLEY AVE; 9907 S AVENUE L; 12600 S TORRENCE AVE; 3304 E 92ND ST; 9118 S,"$1,125.00",1125.0
10,Miscellaneous CDOT Projects (2025),MACKINAW AVE,$660.00,660.0
10,Pavement Markings Menu (2025),E 133RD ST & S GREEN BAY AVE,"$1,900.00",1900.0
10,Sidewalk Menu (2025),10302 S AVENUE J,"$21,498.46",21498.46
10,Sidewalk Menu (2025),10428 S AVENUE L,"$4,962.05",4962.05
10,Sidewalk Menu (2025),10446 S AVENUE G; 10442 S AVENUE G,"$13,110.27",13110.27
10,Sidewalk Menu (2025),10616 S AVENUE H,"$5,794.71",5794.71
10,Sidewalk Menu (2025),10636-10652 S AVENUE O,"$31,012.55",31012.55
10,Sidewalk Menu (2025),10701 S AVENUE O,"$18,711.49",18711.49
10,Sidewalk Menu (2025),10754 S AVENUE O,"$5,364.23",5364.23
10,Sidewalk Menu (2025),11100 S EWING AVE,"$20,928.24",20928.24
10,Sidewalk Menu (2025),11329 S AVENUE N,"$5,576.35",5576.35
10,Sidewalk Menu (2025),11509 S AVENUE L,$478.99,478.99
10,Sidewalk Menu (2025),13104 S AVENUE O,"$5,226.68",5226.68
10,Sidewalk Menu (2025),13116 S MUSKEGON AVE,"$4,406.64",4406.64
10,Sidewalk Menu (2025),13293 S RIVERDALE AVE,"$16,961.14",16961.14
10,Sidewalk Menu (2025),13431 S BURLEY AVE,"$4,469.37",4469.37
10,Sidewalk Menu (2025),3248 E 133RD ST,"$56,717.03",56717.03
10,Sidewalk Menu (2025),9523-9527 S MUSKEGON AVE,"$29,682.00",29682.0
10,Sidewalk Menu (2025),9811-9823 S MUSKEGON AVE,"$40,776.48",40776.48
10,Street Light Upgrade Menu (2025),ON E 96TH ST FROM S MARQUETTE AVE (2700 E) TO S ESCANABA AVE (2900 E),"$14,800.00",14800.0
10,Street Resurfacing Menu (2025),ON E 136TH PL FROM 344 E TO S INDIANA AVE (200 E),"$84,114.97",84114.97
10,Street Resurfacing Menu (2025),ON E 97TH ST FROM S ESCANABA AVE (2900 E) TO S EXCHANGE AVE (2940 E),"$35,143.05",35143.05
10,Street Resurfacing Menu (2025),ON S AVENUE E FROM E 106TH ST (10599 S) TO E 107TH ST (10700 S),"$59,398.04",59398.04
10,Street Resurfacing Menu (2025),ON S AVENUE H FROM E 116TH ST (11600 S) TO E 117TH ST (11700 S),"$78,560.11",78560.11
10,Street Resurfacing Menu (2025),ON S AVENUE J FROM E 115TH ST (11500 S) TO E 116TH ST (11600 S),"$61,662.70",61662.7
10,Street Resurfacing Menu (2025),ON S AVENUE K FROM E 135TH ST (13500 S) TO E 136TH ST (13600 S),"$36,934.25",36934.25
10,Street Resurfacing Menu (2025),ON S AVENUE L FROM E 100TH ST (10000 S) TO E 101ST ST (10100 S),"$68,323.52",68323.52
10,Street Resurfacing Menu (2025),ON S AVENUE L FROM E 101ST ST (10100 S) TO E 104TH ST (10400 S),"$234,251.93",234251.93
10,Street Resurfacing Menu (2025),ON S AVENUE M FROM E 103RD ST (10300 S) TO E 104TH ST (10400 S),"$75,641.32",75641.32
10,Street Resurfacing Menu (2025),ON S ESCANABA AVE FROM E 85TH ST (8500 S) TO E 86TH ST (8600 S),"$63,592.93",63592.93
10,Street Resurfacing Menu (2025),ON S EXCHANGE AVE FROM E 130TH ST (13000 S) TO E 131ST ST (13100 S),"$60,071.81",60071.81
10,Street Speed Hump Menu (2025),ON E 108TH ST FROM S AVENUE E (3900 E) TO S AVENUE D (3930 E),"$2,440.00",2440.0
10,Street Speed Hump Menu (2025),ON E 109TH ST FROM S BENSLEY AVE (2500 E) TO S TORRENCE AVE (2630 E),"$7,320.00",7320.0
10,Street Speed Hump Menu (2025),ON E 131ST ST FROM S BURLEY AVE (3230 E) TO S BUFFALO AVE (3300 E),"$2,440.00",2440.0
10,Street Speed Hump Menu (2025),ON E 131ST ST FROM S ST LAWRENCE AVE (600 E) TO S CHAMPLAIN AVE (699 E),"$2,440.00",2440.0
10,Street Speed Hump Menu (2025),ON S AVENUE J FROM E 115TH ST (11500 S) TO E 116TH ST (11600 S),"$4,880.00",4880.0
10,Street Speed Hump Menu (2025),ON S BAKER AVE FROM E 83RD PL (8300 S) TO S BRANDON AVE (8500 S),"$12,200.00",12200.0
10,Street Speed Hump Menu (2025),ON S FORRESTVILLE AVE FROM E 131ST ST (13100 S) TO E 133RD ST (13300 S),"$4,880.00",4880.0
10,Street Speed Hump Menu (2025),ON S GREEN BAY AVE FROM E 105TH ST (10500 S) TO E 106TH ST (10600 S),"$4,880.00",4880.0
10,Street Speed Hump Menu (2025),ON S HOUSTON AVE FROM E 130TH ST (13000 S) TO E 131ST ST (13100 S),"$4,880.00",4880.0
10,Street Speed Hump Replacement (2025),ON S ESCANABA AVE FROM E 85TH ST (8500 S) TO E 86TH ST (8600 S),$0.00,0.0
10,Street Speed Hump Replacement (2025),ON S EXCHANGE AVE FROM E 130TH ST (13000 S) TO E 131ST ST (13100 S),$0.00,0.0
11,Alley Apron Menu (2025),2812 S PRINCETON AVE,"$9,296.81",9296.81
11,Alley Apron Menu (2025),842 W 34TH ST,"$9,350.14",9350.14
11,Alley Apron Menu (2025),ON W 36TH ST FROM S LOWE AVE (630 W) TO S WALLACE ST (600 W),"$33,482.96",33482.96
11,Alley Resurfacing Menu (2025),3402 S MORGAN ST; W 34TH PL & S MORGAN ST; W 32ND PL & S CARPENTER ST,"$77,926.41",77926.41
11,Alley Resurfacing Menu (2025),S BONFIELD ST & W 31ST ST&S LYMAN ST & S KEELEY ST,"$4,078.87",4078.87
11,Alley Resurfacing Menu (2025),S LOWE AVE & W 25TH PL&W 26TH ST & S WALLACE ST,"$37,137.74",37137.74
11,Alley Resurfacing Menu (2025),S MORGAN ST & W 32ND PL&W 32ND ST & S ABERDEEN ST; 3216 S MORGAN ST,"$26,667.13",26667.13
11,Alley Speed Hump Menu (2025),S ASHLAND AVE & W 32ND ST&W 32ND PL & S PAULINA ST,"$3,625.00",3625.0
11,Alley Speed Hump Replacement (2025),3402 S MORGAN ST; W 34TH PL & S MORGAN ST; W 32ND PL & S CARPENTER ST,$0.00,0.0
11,Alley Speed Hump Replacement (2025),S LOWE AVE & W 25TH PL&W 26TH ST & S WALLACE ST,$0.00,0.0
11,Concrete Alley Menu (2025),W 35TH ST & S LOWE AVE&S UNION AVE & W 36TH ST; 3549 S UNION AVE,"$67,028.53",67028.53
11,Curb & Gutter Menu (2025),3402 S MAY ST,"$15,512.81",15512.81
11,Curb & Gutter Menu (2025),ON W 32ND PL FROM 1338 W TO S BENSON ST (1320 W),"$87,035.49",87035.49
11,Floodlight Menu (2025),424 W 42ND PL,$950.00,950.0
11,Mark Sheridan Academy playground resurfacing - turf,533 W 27TH ST,"$10,000.00",10000.0
11,Pedestrian Refuge Island Menu (2025),ON S CANAL ST FROM 2210 S TO S ARCHER AVE (2300 S),"$50,000.00",50000.0
11,placement Miscellaneous CDOT Projects (2025),ON W 29TH ST FROM S HALSTED ST (800 W) TO S POPLAR AVE (920 W),"$101,517.73",101517.73
11,Sidewalk Menu (2025),1231 W 31ST PL,"$3,533.84",3533.84
11,Sidewalk Menu (2025),1738 W 34TH ST,"$4,142.11",4142.11
11,Sidewalk Menu (2025),2223 S PRINCETON AVE,"$3,898.83",3898.83
11,Sidewalk Menu (2025),232 W 25TH PL,"$3,833.87",3833.87
11,Sidewalk Menu (2025),256 W 25TH PL,"$11,499.78",11499.78
11,Sidewalk Menu (2025),3055 S BROAD ST,"$4,124.74",4124.74
11,Sidewalk Menu (2025),336 W 25TH PL,"$3,660.43",3660.43
11,Sidewalk Menu (2025),3529 S UNION AVE,"$7,254.69",7254.69
11,Sidewalk Menu (2025),3637 S HALSTED ST,"$3,801.36",3801.36
11,Sidewalk Menu (2025),3640 S MARSHFIELD AVE,"$4,178.88",4178.88
11,Sidewalk Menu (2025),3801 S EMERALD AVE,"$3,269.86",3269.86
11,Sidewalk Menu (2025),3818 S LOWE AVE,"$2,629.25",2629.25
11,Street Bump Outs Menu (2025),W 33RD ST & S WOOD ST,"$16,000.00",16000.0
11,Street Bump Outs Menu (2025),W 37TH ST & S LOWE AVE,"$38,147.85",38147.85
11,Street Cul-de-Sac Menu (2025),W 23RD ST & S CANAL ST,"$156,440.00",156440.0
11,Street Light Upgrade Menu (2025),3408-3421 S ABERDEEN ST,$500.00,500.0
11,Street Light Upgrade Menu (2025),3741 S PARNELL AVE,$500.00,500.0
11,Street Light Upgrade Menu (2025),449 W 42ND PL,"$7,400.00",7400.0
11,Street Light Upgrade Menu (2025),715 W 37TH ST; 3700 S UNION AVE,$500.00,500.0
11,Street Resurfacing Menu (2025),ON S LOWE AVE FROM W 37TH ST (3700 S) TO W 38TH ST (3800 S),"$69,761.58",69761.58
11,Street Resurfacing Menu (2025),ON S LYMAN ST FROM S THROOP ST (2900 S) TO S LOCK ST (3090 S),"$276,462.84",276462.84
11,Street Resurfacing Menu (2025),ON S MARY ST FROM S ARCHER AVE (2700 S) TO S HOEY ST (2730 S),"$22,548.10",22548.1
11,Street Resurfacing Menu (2025),ON S NORMAL AVE FROM W ROOT ST (4130 S) TO W 43RD ST (4300 S),"$127,802.98",127802.98
11,Street Resurfacing Menu (2025),ON W 32ND ST FROM S HALSTED ST (800 W) TO S LITUANICA AVE (900 W),"$90,575.21",90575.21
11,Street Speed Hump Menu (2025),ON S LOWE AVE FROM W 33RD ST (3300 S) TO W 35TH ST (3500 S),"$9,760.00",9760.0
11,Street Speed Hump Menu (2025),ON S NORMAL AVE FROM W 31ST ST (3100 S) TO W 32ND ST (3200 S),"$4,880.00",4880.0
11,Street Speed Hump Menu (2025),ON S WALLACE ST FROM W ROOT ST (4150 S) TO W 43RD ST (4300 S),"$7,320.00",7320.0
11,Street Speed Hump Menu (2025),ON W 37TH ST FROM 409 W TO S NORMAL AVE (500 W),"$4,880.00",4880.0
11,Street Speed Hump Menu (2025),ON W 38TH ST FROM 414 W TO S NORMAL AVE (500 W),"$2,440.00",2440.0
11,Viaduct Improvement Menu (2025),S CLARK ST & W CERMAK RD,"$18,778.95",18778.95
12,Alley Resurfacing Menu (2025),S CHRISTIANA AVE & S ARCHER AVE&W 46TH ST & S SPAULDING AVE,"$70,693.36",70693.36
12,Alley Resurfacing Menu (2025),S WINCHESTER AVE & W 35TH ST&W 36TH ST & S WOLCOTT AVE,"$6,627.62",6627.62
12,Alley Speed Hump Replacement (2025),S CHRISTIANA AVE & S ARCHER AVE&W 46TH ST & S SPAULDING AVE,$0.00,0.0
12,Concrete Alley Menu (2025),S SEELEY AVE & W 33RD ST&W 34TH ST & S DAMEN AVE; 3345-3349 S SEELEY AVE,"$33,803.49",33803.49
12,Curb & Gutter Menu (2025),4637 S HOMAN AVE,"$4,301.67",4301.67
12,Curb & Gutter Menu (2025),ON S MARSHFIELD AVE FROM W 42ND ST (4200 S) TO W 43RD ST (4300 S),"$160,000.00",160000.0
12,Sidewalk Menu (2025),4101 S ALBANY AVE,"$16,295.26",16295.26
12,Sidewalk Menu (2025),4226 S CALIFORNIA AVE,"$4,819.31",4819.31
12,Street Cul-de-Sac Menu (2025),ON W 36TH ST FROM S WESTERN BLVD (2350 W) TO S WESTERN AVE (2400 W),"$130,000.00",130000.0
12,Street Light Upgrade Menu (2025),3610 S SEELEY AVE,$500.00,500.0
12,Street Resurfacing Menu (2025),ON S CAMPBELL AVE FROM S ARCHER AVE (3800 S) TO W PERSHING RD (3900 S),"$47,802.51",47802.51
12,Street Resurfacing Menu (2025),ON S HAMILTON AVE FROM W 33RD ST (3300 S) TO W 35TH ST (3500 S),"$113,556.34",113556.34
12,Street Resurfacing Menu (2025),ON S MARSHFIELD AVE FROM W 42ND ST (4200 S) TO W 43RD ST (4300 S),"$101,730.41",101730.41
12,Street Resurfacing Menu (2025),ON S OAKLEY AVE FROM W 36TH ST (3600 S) TO S ARCHER AVE (3640 S); ON W 36TH ST FROM S OAKLEY AVE (2300 W) TO S WESTERN AVE (2400 W),"$82,054.70",82054.7
12,Street Resurfacing Menu (2025),ON S ROCKWELL ST FROM S ARCHER AVE (3850 S) TO W 37TH PL (3730 S),"$92,511.78",92511.78
12,Street Resurfacing Menu (2025),ON S SEELEY AVE FROM W 33RD ST (3300 S) TO W 34TH ST (3400 S),"$55,653.68",55653.68
12,Street Resurfacing Menu (2025),ON S TALMAN AVE FROM W 42ND ST (4200 S) TO W POPE JOHN PAUL II DR (4300 S),"$65,066.98",65066.98
12,Street Resurfacing Menu (2025),ON W 37TH PL FROM S ASHLAND AVE (1600 W) TO S PAULINA ST (1700 W),"$52,387.13",52387.13
12,Street Speed Hump Menu (2025),ON S ALBANY AVE FROM W 41ST ST (4100 S) TO W 41ST PL (4130 S),"$2,440.00",2440.0
12,Street Speed Hump Menu (2025),ON S HOYNE AVE FROM W 33RD ST (3300 S) TO W 34TH ST (3400 S),"$4,880.00",4880.0
12,Street Speed Hump Menu (2025),ON S LEAVITT ST FROM W 34TH ST (3400 S) TO W 35TH ST (3500 S),"$4,880.00",4880.0
12,Street Speed Hump Menu (2025),ON W 42ND PL FROM S ALBANY AVE (3100 W) TO S KEDZIE AVE (3200 W),"$4,880.00",4880.0
12,Street Speed Hump Replacement (2025),ON S TALMAN AVE FROM W 42ND ST (4200 S) TO W POPE JOHN PAUL II DR (4300 S),$0.00,0.0
13,Alley Apron Menu (2025),5556 S KOSTNER AVE,"$32,111.86",32111.86
13,Alley Speed Hump Menu (2025),S KILBOURN AVE & W 58TH ST&W 59TH ST & S KENNETH AVE; 5819 S KILBOURN AVE,"$3,625.00",3625.0
13,Concrete Alley Menu (2025),5915 S NORMANDY AVE,"$2,554.56",2554.56
13,Concrete Alley Menu (2025),6027 S RUTHERFORD AVE,"$11,670.46",11670.46
13,Concrete Alley Menu (2025),6121 S KOSTNER AVE,"$18,946.70",18946.7
13,Concrete Alley Menu (2025),6126 W 60TH ST; 6144 W 60TH ST,"$26,823.50",26823.5
13,Curb & Gutter Menu (2025),5626 S OAK PARK AVE,"$15,640.64",15640.64
13,Curb & Gutter Menu (2025),5702 S KEELER AVE,"$3,991.93",3991.93
13,Curb & Gutter Menu (2025),5736 S KENNETH AVE,"$5,624.01",5624.01
13,Curb & Gutter Menu (2025),5746 S MERRIMAC AVE,"$5,628.59",5628.59
13,Curb & Gutter Menu (2025),5805 S NOTTINGHAM AVE; 5834 S NOTTINGHAM AVE,"$10,768.38",10768.38
13,Curb & Gutter Menu (2025),6105 S MCVICKER AVE; 6148 S MCVICKER AVE,"$18,229.36",18229.36
13,Curb & Gutter Menu (2025),6147 W 64TH ST,$545.42,545.42
13,Curb & Gutter Menu (2025),6155 S MOODY AVE; 6128 S MOODY AVE,"$8,275.16",8275.16
13,Curb & Gutter Menu (2025),6159 S MONITOR AVE,"$11,482.98",11482.98
13,Curb & Gutter Menu (2025),6243 S KOLMAR AVE,"$3,213.93",3213.93
13,Curb & Gutter Menu (2025),6245 S RUTHERFORD AVE,"$5,790.43",5790.43
13,Curb & Gutter Menu (2025),6504 W 60TH ST,"$9,359.70",9359.7
13,Curb & Gutter Menu (2025),6846 W 64TH PL; 6842 W 64TH PL,"$13,741.20",13741.2
13,Curb & Gutter Menu (2025),7055 W 64TH ST,"$4,822.03",4822.03
13,Floodlight Menu (2025),5813-5817 S NASHVILLE AVE,"$1,150.00",1150.0
13,Floodlight Menu (2025),5857 S MASSASOIT AVE,"$1,150.00",1150.0
13,Floodlight Menu (2025),6158 S MOODY AVE,"$1,150.00",1150.0
13,Hale Park Improvements,6258 W 62ND ST,"$50,000.00",50000.0
13,Sidewalk Menu (2025),4249 W 59TH ST,"$4,174.28",4174.28
13,Sidewalk Menu (2025),4538 W 64TH PL,"$10,662.31",10662.31
13,Sidewalk Menu (2025),4543 W 64TH ST,"$8,987.81",8987.81
13,Sidewalk Menu (2025),5111 W 63RD PL,"$2,204.16",2204.16
13,Sidewalk Menu (2025),5524 S KARLOV AVE,"$3,993.19",3993.19
13,Sidewalk Menu (2025),5531 S NEW ENGLAND AVE; 5549 S NEW ENGLAND AVE,"$7,299.99",7299.99
13,Sidewalk Menu (2025),5540 S MERRIMAC AVE,"$15,557.44",15557.44
13,Sidewalk Menu (2025),5544 S RUTHERFORD AVE,"$8,696.24",8696.24
13,Sidewalk Menu (2025),5550 S NEWLAND AVE,"$3,202.89",3202.89
13,Sidewalk Menu (2025),5550 S TRIPP AVE,$832.22,832.22
13,Sidewalk Menu (2025),5600 S NASHVILLE AVE,"$10,657.32",10657.32
13,Sidewalk Menu (2025),5601 S MOODY AVE; 5616 S MOODY AVE,"$2,615.82",2615.82
13,Sidewalk Menu (2025),5604 S SAYRE AVE,"$6,551.67",6551.67
13,Sidewalk Menu (2025),5612 S MASON AVE,"$8,168.35",8168.35
13,Sidewalk Menu (2025),5616 S MEADE AVE; 5643 S MEADE AVE,"$19,107.63",19107.63
13,Sidewalk Menu (2025),5633 S NATOMA AVE; 5649 S NATOMA AVE,"$14,231.10",14231.1
13,Sidewalk Menu (2025),5658 S NOTTINGHAM AVE,"$15,938.51",15938.51
13,Sidewalk Menu (2025),5700 W 63RD PL,"$2,955.39",2955.39
13,Sidewalk Menu (2025),5713 S MOODY AVE; 5736 S MOODY AVE,"$14,712.74",14712.74
13,Sidewalk Menu (2025),5724 S MERRIMAC AVE,"$3,064.34",3064.34
13,Sidewalk Menu (2025),5729 S NORDICA AVE,"$1,847.12",1847.12
13,Sidewalk Menu (2025),5738 S OAK PARK AVE,"$1,543.68",1543.68
13,Sidewalk Menu (2025),5746 W 59TH ST; 5754 W 59TH ST,"$17,431.92",17431.92
13,Sidewalk Menu (2025),5751 S NASHVILLE AVE,"$2,945.93",2945.93
13,Sidewalk Menu (2025),5755 W 55TH ST,"$3,557.88",3557.88
13,Sidewalk Menu (2025),5759 W 63RD PL,"$15,376.17",15376.17
13,Sidewalk Menu (2025),5805 S NORDICA AVE,"$2,931.18",2931.18
13,Sidewalk Menu (2025),5818 S MERRIMAC AVE,"$4,029.58",4029.58
13,Sidewalk Menu (2025),5818 S NEWLAND AVE,"$13,111.42",13111.42
13,Sidewalk Menu (2025),5819 S AUSTIN AVE,"$3,767.03",3767.03
13,Sidewalk Menu (2025),5842 S NATCHEZ AVE,$672.54,672.54
13,Sidewalk Menu (2025),5915 S MOODY AVE,"$4,193.01",4193.01
13,Sidewalk Menu (2025),5920 S MOBILE AVE; 5914-5922 S MOBILE AVE,"$11,882.48",11882.48
13,Sidewalk Menu (2025),5924 S KEELER AVE,"$5,469.96",5469.96
13,Sidewalk Menu (2025),5949 S NATOMA AVE,"$4,697.04",4697.04
13,Sidewalk Menu (2025),6005 S NORMANDY AVE,"$5,978.72",5978.72
13,Sidewalk Menu (2025),6012 S MASON AVE,"$5,767.47",5767.47
13,Sidewalk Menu (2025),6027 S TRIPP AVE; 6022 S TRIPP AVE,"$20,842.12",20842.12
13,Sidewalk Menu (2025),6034 S MULLIGAN AVE; 6024 S MULLIGAN AVE,"$19,216.17",19216.17
13,Sidewalk Menu (2025),6036 S NATOMA AVE; 6042 S NATOMA AVE; 6050 S NATOMA AVE,"$38,593.29",38593.29
13,Sidewalk Menu (2025),6046 S KILPATRICK AVE,"$6,656.06",6656.06
13,Sidewalk Menu (2025),6046 S MAYFIELD AVE,"$5,335.29",5335.29
13,Sidewalk Menu (2025),6105 S KEELER AVE,"$3,277.37",3277.37
13,Sidewalk Menu (2025),6108 S RUTHERFORD AVE; 6144 S RUTHERFORD AVE,"$4,963.35",4963.35
13,Sidewalk Menu (2025),6113 S NAGLE AVE,"$4,420.84",4420.84
13,Sidewalk Menu (2025),6126 S TRIPP AVE,"$3,935.94",3935.94
13,Sidewalk Menu (2025),6134 S KEELER AVE,$620.89,620.89
13,Sidewalk Menu (2025),6138 W 60TH ST,$746.53,746.53
13,Sidewalk Menu (2025),6152 W 59TH ST; 6125 W 59TH ST,"$29,731.73",29731.73
13,Sidewalk Menu (2025),6200 S KEDVALE AVE; W 62ND ST & S KEDVALE AVE,"$9,458.61",9458.61
13,Sidewalk Menu (2025),6208 S NEENAH AVE,"$4,622.46",4622.46
13,Sidewalk Menu (2025),6210 S MCVICKER AVE; 6238 S MCVICKER AVE,"$15,047.15",15047.15
13,Sidewalk Menu (2025),6214 W 63RD PL,"$6,241.95",6241.95
13,Sidewalk Menu (2025),6217 W 55TH ST,"$8,936.53",8936.53
13,Sidewalk Menu (2025),6219 S MENARD AVE,"$5,236.07",5236.07
13,Sidewalk Menu (2025),6219 S NAGLE AVE,"$8,212.17",8212.17
13,Sidewalk Menu (2025),6221 S NATCHEZ AVE,"$13,682.93",13682.93
13,Sidewalk Menu (2025),6226 W 59TH ST; S MERRIMAC AVE & W 59TH ST,"$10,318.23",10318.23
13,Sidewalk Menu (2025),6243 S NASHVILLE AVE; 6245 S NASHVILLE AVE,"$2,266.39",2266.39
13,Sidewalk Menu (2025),6250 W 60TH ST,"$13,035.86",13035.86
13,Sidewalk Menu (2025),6258 W 64TH ST,"$5,621.78",5621.78
13,Sidewalk Menu (2025),6331 S KILDARE AVE; 6336 S KILDARE AVE,"$16,418.71",16418.71
13,Sidewalk Menu (2025),6346 S KEDVALE AVE,"$10,526.96",10526.96
13,Sidewalk Menu (2025),6354 S KARLOV AVE,"$3,900.87",3900.87
13,Sidewalk Menu (2025),6358 S TRIPP AVE,"$1,304.58",1304.58
13,Sidewalk Menu (2025),6407 S KARLOV AVE; 6441 S KARLOV AVE,"$8,503.78",8503.78
13,Sidewalk Menu (2025),6449 S TRIPP AVE,"$2,577.76",2577.76
13,Sidewalk Menu (2025),6459 W 63RD PL,"$4,266.80",4266.8
13,Sidewalk Menu (2025),6516 W 61ST ST,"$5,509.49",5509.49
13,Sidewalk Menu (2025),6532 S KNOX AVE,"$5,709.43",5709.43
13,Sidewalk Menu (2025),6536 W 61ST ST,"$12,724.16",12724.16
13,Sidewalk Menu (2025),6641 S KEDVALE AVE,"$3,924.39",3924.39
13,Sidewalk Menu (2025),6716 W 63RD PL,"$4,966.74",4966.74
13,Sidewalk Menu (2025),6732 W 64TH ST,"$6,877.37",6877.37
13,Sidewalk Menu (2025),7111 W 63RD PL,"$2,305.47",2305.47
13,Sidewalk Menu (2025),S NATCHEZ AVE & W 63RD PL; 6500 W 63RD PL,"$4,482.21",4482.21
13,Sidewalk Menu (2025),W 62ND ST & S TRIPP AVE; 6200 S TRIPP AVE,"$10,462.81",10462.81
13,Sidewalk Menu (2025),W 64TH ST & S KILDARE AVE; 6400 S KILDARE AVE,"$5,237.74",5237.74
13,Street Light Upgrade Menu (2025),4021 W 58TH PL; 4045 W 58TH PL,"$1,000.00",1000.0
13,Street Light Upgrade Menu (2025),4625 W 63RD ST; 4619 W 63RD ST,"$1,000.00",1000.0
13,Street Light Upgrade Menu (2025),5543 W 64TH PL,$500.00,500.0
13,Street Light Upgrade Menu (2025),5759 W 55TH ST,$500.00,500.0
13,Street Light Upgrade Menu (2025),6040 S KOMENSKY AVE,$500.00,500.0
13,Street Light Upgrade Menu (2025),6232 W 63RD ST; 6300 W 63RD ST; 6252 W 63RD ST; 6324 W 63RD ST,"$2,000.00",2000.0
13,Street Light Upgrade Menu (2025),6400 S LAPORTE AVE,$500.00,500.0
13,Street Resurfacing Menu (2025),ON S KILDARE AVE FROM W 56TH ST (5600 S) TO W 57TH ST (5700 S),"$56,898.57",56898.57
13,Street Resurfacing Menu (2025),ON S KILDARE AVE FROM W 66TH ST (6600 S) TO W MARQUETTE RD (6700 S),"$61,749.35",61749.35
13,Street Resurfacing Menu (2025),ON S KNOX AVE FROM W 66TH ST (6600 S) TO W MARQUETTE RD (6700 S),"$55,965.53",55965.53
13,Street Resurfacing Menu (2025),ON S NEWCASTLE AVE FROM W 57TH ST (5700 S) TO W 59TH ST (5899 S),"$105,451.37",105451.37
13,Street Resurfacing Menu (2025),ON S NEW ENGLAND AVE FROM W 56TH ST (5600 S) TO W 57TH ST (5700 S),"$54,638.03",54638.03
13,Street Resurfacing Menu (2025),ON S NORDICA AVE FROM W ARCHER AVE (5500 S) TO W 56TH ST (5600 S),"$53,400.95",53400.95
13,Street Resurfacing Menu (2025),ON S NOTTINGHAM AVE FROM W 58TH ST (5800 S) TO W 59TH ST (5899 S),"$55,045.08",55045.08
13,Street Resurfacing Menu (2025),ON S RUTHERFORD AVE FROM W ARCHER AVE (5500 S) TO W 56TH ST (5600 S),"$58,002.44",58002.44
13,Street Resurfacing Menu (2025),ON S SAYRE AVE FROM W 56TH ST (5600 S) TO W 57TH ST (5700 S),"$54,549.95",54549.95
13,Street Speed Hump Menu (2025),ON S LINDER AVE FROM W 64TH PL (6430 S) TO W 65TH ST (6500 S),"$2,440.00",2440.0
13,Street Speed Hump Replacement (2025),ON S KILDARE AVE FROM W 66TH ST (6600 S) TO W MARQUETTE RD (6700 S),$0.00,0.0
13,Street Speed Hump Replacement (2025),ON S KNOX AVE FROM W 66TH ST (6600 S) TO W MARQUETTE RD (6700 S),$0.00,0.0
13,Wentworth Park Improvements,5625 S MOBILE AVE,"$50,000.00",50000.0
14,Alley Apron Menu (2025),2957 W 53RD ST,"$29,378.11",29378.11
14,Alley Apron Menu (2025),3143 W 54TH PL,"$17,036.61",17036.61
14,Alley Apron Menu (2025),3355 W 65TH PL,"$22,859.80",22859.8
14,Alley Apron Menu (2025),5400 S FRANCISCO AVE,"$28,029.63",28029.63
14,Alley Resurfacing Menu (2025),S FRANCISCO AVE & W 53RD ST&W 54TH ST & S MOZART ST,"$42,668.94",42668.94
14,Alley Resurfacing Menu (2025),S KEDZIE AVE & W 56TH ST&S SAWYER AVE & W 55TH ST; 5543-5559 S SAWYER AVE,"$10,534.75",10534.75
14,Alley Resurfacing Menu (2025),W 51ST ST & S WASHTENAW AVE&S FAIRFIELD AVE & W 52ND ST,"$56,029.91",56029.91
14,Alley Resurfacing Menu (2025),W 52ND ST & S FAIRFIELD AVE&S CALIFORNIA AVE & W 53RD ST,"$5,790.45",5790.45
14,Alley Resurfacing Menu (2025),W 53RD ST & S FAIRFIELD AVE&S CALIFORNIA AVE & W 54TH ST,"$47,689.10",47689.1
14,Alley Speed Hump Menu (2025),W 53RD ST & S FAIRFIELD AVE&S CALIFORNIA AVE & W 54TH ST,$0.00,0.0
14,Alley Speed Hump Replacement (2025),S FRANCISCO AVE & W 53RD ST&W 54TH ST & S MOZART ST,$0.00,0.0
14,Alley Speed Hump Replacement (2025),S KEDZIE AVE & W 56TH ST&S SAWYER AVE & W 55TH ST; 5558 S KEDZIE AVE,$0.00,0.0
14,Alley Speed Hump Replacement (2025),W 51ST ST & S WASHTENAW AVE&S FAIRFIELD AVE & W 52ND ST,$0.00,0.0
14,Curb & Gutter Menu (2025),5084 S ARCHER AVE,"$1,086.40",1086.4
14,Curb & Gutter Menu (2025),5640 S SPAULDING AVE,"$3,015.97",3015.97
14,Diagonal Parking Menu (2025),ON S HOMAN AVE FROM 5443 S TO W 55TH ST (5500 S),"$44,249.62",44249.62
14,Miscellaneous CDOT Projects (2025),5426 S ST LOUIS AVE,$660.00,660.0
14,Sidewalk Menu (2025),3301 W 65TH ST,"$9,118.77",9118.77
14,Sidewalk Menu (2025),3401 W 60TH ST,"$13,416.43",13416.43
14,Sidewalk Menu (2025),3402-3410 W 60TH PL,"$17,278.37",17278.37
14,Sidewalk Menu (2025),3432-3436 W 62ND ST,"$6,815.96",6815.96
14,Sidewalk Menu (2025),3441 W 60TH PL,"$7,189.43",7189.43
14,Sidewalk Menu (2025),3456 W 65TH ST,"$14,852.72",14852.72
14,Sidewalk Menu (2025),4317-4325 S KEDVALE AVE,"$9,260.05",9260.05
14,Sidewalk Menu (2025),4518 S AVERS AVE,"$7,456.38",7456.38
14,Sidewalk Menu (2025),4536 S KOMENSKY AVE,"$6,773.77",6773.77
14,Sidewalk Menu (2025),4701 S RIDGEWAY AVE,"$10,115.53",10115.53
14,Sidewalk Menu (2025),5201 S ALBANY AVE,"$7,359.48",7359.48
14,Sidewalk Menu (2025),5257 S TRUMBULL AVE,"$14,803.09",14803.09
14,Sidewalk Menu (2025),5401 S FRANCISCO AVE,"$5,872.38",5872.38
14,Sidewalk Menu (2025),5412 S CHRISTIANA AVE,"$12,234.55",12234.55
14,Sidewalk Menu (2025),5703-5707 S SAWYER AVE,"$6,688.28",6688.28
14,Sidewalk Menu (2025),5725 S SAWYER AVE,"$6,306.23",6306.23
14,Sidewalk Menu (2025),5808 S TRUMBULL AVE,"$3,980.53",3980.53
14,Sidewalk Menu (2025),5859 S WHIPPLE ST,"$14,531.13",14531.13
14,Sidewalk Menu (2025),5915-5923 S KEDZIE AVE,"$113,427.36",113427.36
14,Sidewalk Menu (2025),5919 S SPAULDING AVE,"$4,469.37",4469.37
14,Sidewalk Menu (2025),5958 S SAWYER AVE,"$7,762.69",7762.69
14,Sidewalk Menu (2025),6542-6544 S TROY ST,"$4,123.55",4123.55
14,Sidewalk Menu (2025),S SAWYER AVE & W 60TH ST,"$3,206.78",3206.78
14,Street Resurfacing Menu (2025),ON S HOMAN AVE FROM W 57TH ST (5700 S) TO W 58TH ST (5800 S),"$60,721.77",60721.77
14,Street Resurfacing Menu (2025),ON S KEELER AVE FROM W 50TH ST (5000 S) TO S ARCHER AVE (5050 S),"$37,286.57",37286.57
14,Street Resurfacing Menu (2025),ON S MAPLEWOOD AVE FROM W 52ND ST (5200 S) TO W 53RD ST (5300 S),"$58,712.93",58712.93
14,Street Resurfacing Menu (2025),ON S WHIPPLE ST FROM W 47TH ST (4700 S) TO W 48TH PL (4832 S),"$90,251.10",90251.1
14,Street Resurfacing Menu (2025),ON W 49TH ST FROM S KEDVALE AVE (4130 W) TO S KEELER AVE (4200 W),"$46,929.78",46929.78
14,Street Resurfacing Menu (2025),ON W 57TH PL FROM S ST LOUIS AVE (3500 W) TO S CENTRAL PARK AVE (3600 W),"$62,432.90",62432.9
14,Street Resurfacing Menu (2025),ON W 58TH ST FROM S HOMAN AVE (3400 W) TO S TRUMBULL AVE (3430 W),"$25,446.73",25446.73
14,Street Resurfacing Menu (2025),ON W 58TH ST FROM S TRUMBULL AVE (3430 W) TO S CENTRAL PARK AVE (3600 W),"$105,059.95",105059.95
14,Street Resurfacing Menu (2025),ON W 60TH PL FROM S CENTRAL PARK AVE (3600 W) TO S HOMAN AVE (3400 W),"$120,501.84",120501.84
14,Street Resurfacing Menu (2025),ON W 60TH ST FROM S HOMAN AVE (3400 W) TO S ST LOUIS AVE (3500 W),"$65,616.71",65616.71
14,Street Resurfacing Menu (2025),ON W 61ST PL FROM S ST LOUIS AVE (3500 W) TO S CENTRAL PARK AVE (3600 W),"$53,958.78",53958.78
14,Street Resurfacing Menu (2025),ON W 61ST PL FROM S ST LOUIS AVE (3500 W) TO S HOMAN AVE (3400 W),"$58,566.13",58566.13
14,Street Resurfacing Menu (2025),ON W 62ND PL FROM S HOMAN AVE (3400 W) TO S ST LOUIS AVE (3500 W),"$56,534.46",56534.46
14,Street Speed Hump Menu (2025),ON S MAPLEWOOD AVE FROM W 52ND ST (5200 S) TO W 53RD ST (5300 S),"$4,880.00",4880.0
14,Street Speed Hump Menu (2025),ON S ST LOUIS AVE FROM W 57TH ST (5700 S) TO W 60TH ST (6000 S),"$12,200.00",12200.0
14,Street Speed Hump Menu (2025),ON W 58TH ST FROM S CHRISTIANA AVE (3330 W) TO S SPAULDING AVE (3300 W),"$2,440.00",2440.0
14,Street Speed Hump Menu (2025),ON W 58TH ST FROM S TRUMBULL AVE (3430 W) TO S ST LOUIS AVE (3500 W),"$2,440.00",2440.0
14,Street Speed Hump Replacement (2025),ON S HOMAN AVE FROM W 57TH ST (5700 S) TO W 58TH ST (5800 S),$0.00,0.0
14,Street Speed Hump Replacement (2025),ON W 58TH ST FROM S TRUMBULL AVE (3430 W) TO S CENTRAL PARK AVE (3600 W),$0.00,0.0
14,Street Speed Hump Replacement (2025),ON W 60TH PL FROM S CENTRAL PARK AVE (3600 W) TO S HOMAN AVE (3400 W),$0.00,0.0
14,Street Speed Hump Replacement (2025),ON W 60TH ST FROM S HOMAN AVE (3400 W) TO S ST LOUIS AVE (3500 W),$0.00,0.0
15,Alley Resurfacing Menu (2025),S SACRAMENTO AVE & W 66TH ST&W MARQUETTE RD & S WHIPPLE ST,"$28,372.23",28372.23
15,Alley Resurfacing Menu (2025),W 43RD ST & S ASHLAND AVE&S MARSHFIELD AVE & W 44TH ST,"$48,863.33",48863.33
15,Alley Resurfacing Menu (2025),W 44TH ST & S NORMAL AVE&S WALLACE ST & W 44TH PL,"$42,870.95",42870.95
15,Alley Resurfacing Menu (2025),W 45TH PL & S NORMAL AVE&S WALLACE ST & W 46TH ST,"$28,487.94",28487.94
15,Alley Resurfacing Menu (2025),W 47TH ST & S DAMEN AVE&S SEELEY AVE & W 48TH ST,"$42,885.25",42885.25
15,Alley Resurfacing Menu (2025),W 47TH ST & S HONORE ST&S WOLCOTT AVE & W 48TH ST; 1841 W 47TH ST,"$52,742.50",52742.5
15,Alley Resurfacing Menu (2025),W 50TH PL & S OAKLEY AVE&S WESTERN BLVD & W 51ST ST,"$29,726.28",29726.28
15,Alley Resurfacing Menu (2025),W 54TH ST & S MAPLEWOOD AVE&S ROCKWELL ST & W 55TH ST,"$47,888.79",47888.79
15,Alley Resurfacing Menu (2025),W 62ND ST & S WHIPPLE ST&S ALBANY AVE & W 63RD ST,"$40,769.72",40769.72
15,Alley Resurfacing Menu (2025),W 64TH ST & S ALBANY AVE&S TROY ST & W 65TH ST,"$35,041.17",35041.17
15,Alley Resurfacing Menu (2025),W 64TH ST & S CALIFORNIA AVE&S MOZART ST & W 65TH ST,"$36,227.35",36227.35
15,Alley Resurfacing Menu (2025),W 64TH ST & S MOZART ST&S FRANCISCO AVE & W 65TH ST,"$34,979.37",34979.37
15,Alley Resurfacing Menu (2025),W 66TH ST & S ALBANY AVE&S TROY ST & W MARQUETTE RD,"$27,451.61",27451.61
15,Alley Speed Hump Menu (2025),S SACRAMENTO AVE & W 66TH ST&W MARQUETTE RD & S WHIPPLE ST,$0.00,0.0
15,Alley Speed Hump Menu (2025),S WESTERN AVE & W 46TH PL&W 46TH ST & S ROCKWELL ST,"$5,800.00",5800.0
15,Alley Speed Hump Menu (2025),S WOLCOTT AVE & W 65TH ST&W 66TH ST & S HONORE ST,"$1,450.00",1450.0
15,Alley Speed Hump Menu (2025),W 55TH ST & S WASHTENAW AVE&S FAIRFIELD AVE & W 56TH ST,"$2,175.00",2175.0
15,Alley Speed Hump Menu (2025),W 56TH ST & S ARTESIAN AVE&S CAMPBELL AVE & W 57TH ST,"$2,175.00",2175.0
15,Alley Speed Hump Menu (2025),W 58TH ST & S CALIFORNIA AVE&S FAIRFIELD AVE & W 59TH ST,"$2,900.00",2900.0
15,Alley Speed Hump Replacement (2025),W 43RD ST & S ASHLAND AVE&S MARSHFIELD AVE & W 44TH ST,$0.00,0.0
15,Alley Speed Hump Replacement (2025),W 44TH ST & S NORMAL AVE&S WALLACE ST & W 44TH PL,$0.00,0.0
15,Alley Speed Hump Replacement (2025),W 45TH PL & S NORMAL AVE&S WALLACE ST & W 46TH ST,$0.00,0.0
15,Alley Speed Hump Replacement (2025),W 47TH ST & S DAMEN AVE&S SEELEY AVE & W 48TH ST,$0.00,0.0
15,Alley Speed Hump Replacement (2025),W 47TH ST & S HONORE ST&S WOLCOTT AVE & W 48TH ST; 1841 W 47TH ST,$0.00,0.0
15,Alley Speed Hump Replacement (2025),W 54TH ST & S MAPLEWOOD AVE&S ROCKWELL ST & W 55TH ST,$0.00,0.0
15,Alley Speed Hump Replacement (2025),W 62ND ST & S WHIPPLE ST&S ALBANY AVE & W 63RD ST,$0.00,0.0
15,Alley Speed Hump Replacement (2025),W 64TH ST & S CALIFORNIA AVE&S MOZART ST & W 65TH ST,$0.00,0.0
15,Alley Speed Hump Replacement (2025),W 66TH ST & S ALBANY AVE&S TROY ST & W MARQUETTE RD,$0.00,0.0
15,Bollard Menu (2025),2501 W 54TH ST,"$2,833.58",2833.58
15,Bollard Menu (2025),4501 S WALLACE ST,"$1,455.73",1455.73
15,Sidewalk Menu (2025),2834 W 57TH ST,"$33,102.09",33102.09
15,Sidewalk Menu (2025),5640 S SEELEY AVE,"$3,393.26",3393.26
15,Sidewalk Menu (2025),5654 S WASHTENAW AVE,"$11,379.86",11379.86
15,Sidewalk Menu (2025),5658 S CAMPBELL AVE,"$14,946.01",14946.01
15,Sidewalk Menu (2025),5700 S MOZART ST,"$18,393.30",18393.3
15,Sidewalk Menu (2025),5920 S HERMITAGE AVE,"$4,818.26",4818.26
15,Sidewalk Menu (2025),6345 S HERMITAGE AVE,"$4,617.29",4617.29
15,Sidewalk Menu (2025),6427 S SACRAMENTO AVE,"$8,939.13",8939.13
15,Street Bump Outs Menu (2025),W 49TH ST & S HALSTED ST,"$26,831.75",26831.75
15,Street Light Residential Staggered Piggy Back Menu (2025),ON S MOZART ST FROM W 65TH ST (6500 S) TO W MARQUETTE RD (6700 S),"$370,000.00",370000.0
15,Street Light Upgrade Menu (2025),5023 S HOYNE AVE,$500.00,500.0
15,Street Light Upgrade Menu (2025),5702 S DAMEN AVE; 5715 S DAMEN AVE; 5740 S DAMEN AVE,"$1,500.00",1500.0
15,Street Light Upgrade Menu (2025),5816 S HONORE ST,$500.00,500.0
15,Street Light Upgrade Menu (2025),W 51ST ST & S CENTRAL PARK AVE&S WESTERN AVE & W 73RD ST,"$178,555.35",178555.35
15,Street Resurfacing Menu (2025),ON S FRANCISCO AVE FROM W 57TH ST (5700 S) TO W 59TH ST (5900 S),"$118,325.11",118325.11
15,Street Resurfacing Menu (2025),ON W 56TH ST FROM S ROCKWELL ST (2600 W) TO S WASHTENAW AVE (2700 W),"$74,756.14",74756.14
15,Street Resurfacing Menu (2025),ON W 57TH ST FROM S WASHTENAW AVE (2700 W) TO S FAIRFIELD AVE (2730 W),"$26,940.08",26940.08
15,Street Resurfacing Menu (2025),ON W 64TH ST FROM S SACRAMENTO AVE (3000 W) TO S WHIPPLE ST (3030 W),"$23,957.35",23957.35
15,Street Speed Hump Menu (2025),ON S ARTESIAN AVE FROM W 54TH ST (5400 S) TO W 55TH ST (5500 S),"$2,440.00",2440.0
15,Street Speed Hump Menu (2025),ON S FAIRFIELD AVE FROM W 55TH ST (5500 S) TO W 57TH ST (5700 S),"$4,880.00",4880.0
15,Street Speed Hump Menu (2025),ON S FAIRFIELD AVE FROM W 58TH ST (5800 S) TO W 59TH ST (5900 S),"$4,880.00",4880.0
15,Street Speed Hump Menu (2025),ON S HERMITAGE AVE FROM W 64TH ST (6400 S) TO W 65TH ST (6500 S),$962.19,962.19
15,Street Speed Hump Menu (2025),ON S MAPLEWOOD AVE FROM W 50TH ST (5000 S) TO W 51ST ST (5100 S),"$4,880.00",4880.0
15,Street Speed Hump Menu (2025),ON S RICHMOND ST FROM W 61ST ST (6100 S) TO W 62ND ST (6200 S),"$4,880.00",4880.0
15,Street Speed Hump Menu (2025),ON S TALMAN AVE FROM W 55TH ST (5500 S) TO W 56TH ST (5600 S),"$4,880.00",4880.0
15,Street Speed Hump Menu (2025),ON S WHIPPLE ST FROM W 60TH ST (6000 S) TO W 61ST ST (6100 S); 6000 S WHIPPLE ST,$324.65,324.65
15,Street Speed Hump Replacement (2025),ON S FRANCISCO AVE FROM W 57TH ST (5700 S) TO W 59TH ST (5900 S),$0.00,0.0
15,Street Speed Hump Replacement (2025),ON W 56TH ST FROM S ROCKWELL ST (2600 W) TO S WASHTENAW AVE (2700 W),$0.00,0.0
16,Alley Resurfacing Menu (2025),5414 S HONORE ST; W 54TH ST & S HONORE ST&S WOLCOTT AVE & W GARFIELD BLVD,"$53,548.23",53548.23
16,Alley Resurfacing Menu (2025),S HALSTED ST & W 59TH ST&W 60TH ST & S GREEN ST,"$54,598.85",54598.85
16,Alley Resurfacing Menu (2025),S HOYNE AVE & W 66TH ST&W MARQUETTE RD & S SEELEY AVE,"$38,052.80",38052.8
16,Alley Resurfacing Menu (2025),S ROCKWELL ST & W 60TH ST&W 61ST ST & S TALMAN AVE,"$57,665.67",57665.67
16,Alley Resurfacing Menu (2025),S WOLCOTT AVE & W 52ND ST&W 53RD ST & S WINCHESTER AVE,"$32,754.53",32754.53
16,Alley Resurfacing Menu (2025),W 51ST ST & S WINCHESTER AVE&S DAMEN AVE & W 52ND ST; 1935-1953 W 51ST ST,"$40,289.61",40289.61
16,Alley Resurfacing Menu (2025),W 51ST ST & S WOLCOTT AVE&S WINCHESTER AVE & W 52ND ST,"$39,954.35",39954.35
16,Alley Resurfacing Menu (2025),W 56TH ST & S ADA ST&S LOOMIS BLVD & W 57TH ST,"$47,615.34",47615.34
16,Alley Resurfacing Menu (2025),W 61ST ST & S LOOMIS BLVD&S ADA ST & W 62ND ST,"$35,980.15",35980.15
16,Alley Resurfacing Menu (2025),W 63RD ST & S CAMPBELL AVE&S ARTESIAN AVE & W 64TH ST,"$32,305.31",32305.31
16,Alley Resurfacing Menu (2025),W 63RD ST & S CLAREMONT AVE&S WESTERN AVE & W 64TH ST,"$38,903.73",38903.73
16,Alley Resurfacing Menu (2025),W 66TH ST & S ARTESIAN AVE&S CAMPBELL AVE & W MARQUETTE RD,"$34,634.81",34634.81
16,Alley Resurfacing Menu (2025),W 66TH ST & S WASHTENAW AVE&S TALMAN AVE & W MARQUETTE RD,"$35,858.86",35858.86
16,Alley Resurfacing Menu (2025),W 68TH ST & S CAMPBELL AVE&S MAPLEWOOD AVE & W LITHUANIAN PLAZA CT,"$32,645.21",32645.21
16,Alley Speed Hump Replacement (2025),S ROCKWELL ST & W 60TH ST&W 61ST ST & S TALMAN AVE,$0.00,0.0
16,Alley Speed Hump Replacement (2025),W 51ST ST & S WINCHESTER AVE&S DAMEN AVE & W 52ND ST; 1935-1953 W 51ST ST,$0.00,0.0
16,Alley Speed Hump Replacement (2025),W 61ST ST & S LOOMIS BLVD&S ADA ST & W 62ND ST,$0.00,0.0
16,Alley Speed Hump Replacement (2025),W 66TH ST & S ARTESIAN AVE&S CAMPBELL AVE & W MARQUETTE RD,$0.00,0.0
16,Arterial Street Bump Outs Menu (2025),S RACINE AVE & W 69TH ST,"$83,591.64",83591.64
16,Miscellaneous CDOT Projects (2025),6241 S LOOMIS BLVD,$369.82,369.82
16,Sidewalk Menu (2025),5200 S LAFLIN ST,"$16,692.02",16692.02
16,Sidewalk Menu (2025),5400 S WINCHESTER AVE,"$16,776.13",16776.13
16,Sidewalk Menu (2025),6001 S TALMAN AVE,"$18,090.31",18090.31
16,Sidewalk Menu (2025),6354 S TALMAN AVE,"$5,350.26",5350.26
16,Street Light Upgrade Menu (2025),2015-2017 W 51ST ST,$500.00,500.0
16,Street Resurfacing Menu (2025),ON S ADA ST FROM W 61ST ST (6100 S) TO W 64TH ST (6400 S),"$170,207.02",170207.02
16,Street Resurfacing Menu (2025),ON S HONORE ST FROM W 54TH ST (5400 S) TO W GARFIELD BLVD (5500 S),"$59,518.03",59518.03
16,Street Resurfacing Menu (2025),ON S JUSTINE ST FROM W 51ST ST (5100 S) TO W 52ND ST (5200 S),"$55,489.46",55489.46
16,Street Resurfacing Menu (2025),ON S MAPLEWOOD AVE FROM W 63RD ST (6300 S) TO W 65TH ST (6500 S),"$103,968.60",103968.6
16,Street Resurfacing Menu (2025),ON S MARSHFIELD AVE FROM W 60TH ST (6000 S) TO W 61ST ST (6100 S),"$46,841.52",46841.52
16,Street Resurfacing Menu (2025),ON S MARSHFIELD AVE FROM W GARFIELD BLVD (5500 S) TO W 56TH ST (5600 S),"$41,621.98",41621.98
16,Street Resurfacing Menu (2025),ON W 60TH PL FROM S UNION AVE (700 W) TO S HALSTED ST (800 W),"$65,555.04",65555.04
16,Street Speed Hump Menu (2025),ON S HOYNE AVE FROM W 66TH ST (6600 S) TO W MARQUETTE RD (6700 S),"$4,880.00",4880.0
16,Street Speed Hump Menu (2025),ON S JUSTINE ST FROM W 51ST ST (5100 S) TO W 52ND ST (5200 S),"$4,880.00",4880.0
16,Street Speed Hump Menu (2025),ON S MAY ST FROM W MARQUETTE RD (6700 S) TO W 69TH ST (6900 S),"$9,760.00",9760.0
16,Street Speed Hump Menu (2025),ON S MORGAN ST FROM W 65TH ST (6500 S) TO W 66TH ST (6600 S),"$4,880.00",4880.0
16,Street Speed Hump Menu (2025),ON W 53RD PL FROM 2151 W TO S DAMEN AVE (2000 W),"$4,880.00",4880.0
16,Street Speed Hump Replacement (2025),ON S ADA ST FROM W 61ST ST (6100 S) TO W 64TH ST (6400 S),$0.00,0.0
16,Street Speed Hump Replacement (2025),ON S HONORE ST FROM W 54TH ST (5400 S) TO W GARFIELD BLVD (5500 S),$0.00,0.0
16,Street Speed Hump Replacement (2025),ON S MAPLEWOOD AVE FROM W 63RD ST (6300 S) TO W 65TH ST (6500 S),$0.00,0.0
16,Street Speed Hump Replacement (2025),ON S MARSHFIELD AVE FROM W 60TH ST (6000 S) TO W 61ST ST (6100 S),$0.00,0.0
16,Street Speed Hump Replacement (2025),ON W 60TH PL FROM S UNION AVE (700 W) TO S HALSTED ST (800 W),$0.00,0.0
17,Alley Resurfacing Menu (2025),S WESTERN AVE & W 70TH ST&W 71ST ST & S ARTESIAN AVE,"$10,062.37",10062.37
17,Alley Resurfacing Menu (2025),W 70TH ST & S HOYNE AVE&S HAMILTON AVE & W 70TH PL,"$21,860.94",21860.94
17,Curb & Gutter Menu (2025),1818 W 78TH ST,"$31,825.68",31825.68
17,Curb & Gutter Menu (2025),ON W 84TH ST FROM S ELIZABETH ST (1230 W) TO S LOOMIS BLVD (1400 W),"$8,036.59",8036.59
17,Miscellaneous CDOT Projects (2025),6944-6948 S BELL AVE,$300.00,300.0
17,Miscellaneous CDOT Projects (2025),732 W 79TH ST; 8140 S RACINE AVE; 7751 S EMERALD AVE,"$1,245.97",1245.97
17,Sidewalk Menu (2025),2139-2141 W 72ND ST,"$9,366.79",9366.79
17,Sidewalk Menu (2025),450 W WINNECONNA PKWY,"$28,138.19",28138.19
17,Sidewalk Menu (2025),6904 S TALMAN AVE,"$16,732.93",16732.93
17,Sidewalk Menu (2025),6958 S FAIRFIELD AVE,"$24,433.61",24433.61
17,Sidewalk Menu (2025),7700 S ABERDEEN ST,"$160,785.79",160785.79
17,Sidewalk Menu (2025),8100 S MORGAN ST,$583.53,583.53
17,Sidewalk Menu (2025),8156 S MAY ST,"$34,079.60",34079.6
17,Street Light Upgrade Menu (2025),2100 W 72ND ST,"$3,700.00",3700.0
17,Street Resurfacing Menu (2025),ON S ELIZABETH ST FROM W 86TH ST (8600 S) TO W 87TH ST (8700 S),"$53,952.97",53952.97
17,Street Resurfacing Menu (2025),ON S EMERALD AVE FROM W 74TH ST (7400 S) TO W 76TH ST (7600 S),"$100,254.73",100254.73
17,Street Resurfacing Menu (2025),ON S HERMITAGE AVE FROM W 68TH ST (6800 S) TO W 69TH ST (6900 S),"$56,068.48",56068.48
17,Street Resurfacing Menu (2025),ON S HERMITAGE AVE FROM W 72ND ST (7200 S) TO W 73RD ST (7300 S),"$56,417.02",56417.02
17,Street Resurfacing Menu (2025),ON S LAFLIN ST FROM W 69TH ST (6900 S) TO W 71ST ST (7100 S),"$113,068.92",113068.92
17,Street Resurfacing Menu (2025),ON S PAULINA ST FROM W 72ND ST (7200 S) TO W 73RD ST (7300 S),"$53,489.03",53489.03
17,Street Resurfacing Menu (2025),ON S PAULINA ST FROM W 81ST ST (8100 S) TO W 82ND ST (8200 S),"$53,964.41",53964.41
17,Street Resurfacing Menu (2025),ON S SPAULDING AVE FROM W 72ND ST (7200 S) TO W 73RD ST (7300 S),"$53,434.29",53434.29
17,Street Resurfacing Menu (2025),ON S THROOP ST FROM W 70TH ST (7000 S) TO W 71ST ST (7100 S),"$60,193.30",60193.3
17,Street Resurfacing Menu (2025),ON S THROOP ST FROM W MARQUETTE RD (6700 S) TO W 68TH ST (6800 S),"$67,740.58",67740.58
17,Street Resurfacing Menu (2025),ON S UNION AVE FROM W 78TH ST (7800 S) TO W 79TH ST (7900 S),"$55,683.03",55683.03
17,Street Resurfacing Menu (2025),ON S WALLACE ST FROM W 76TH ST (7600 S) TO W 79TH ST (7900 S),"$126,199.23",126199.23
17,Street Resurfacing Menu (2025),ON W 72ND ST FROM S PAULINA ST (1700 W) TO S DAMEN AVE (2000 W),"$259,429.30",259429.3
17,Street Speed Hump Menu (2025),ON S UNION AVE FROM W 78TH ST (7800 S) TO W 79TH ST (7900 S),"$4,880.00",4880.0
17,Street Speed Hump Replacement (2025),ON S THROOP ST FROM W 70TH ST (7000 S) TO W 71ST ST (7100 S),$0.00,0.0
17,Street Speed Hump Replacement (2025),ON S THROOP ST FROM W MARQUETTE RD (6700 S) TO W 68TH ST (6800 S),$0.00,0.0
17,Street Speed Hump Replacement (2025),ON W 72ND ST FROM S PAULINA ST (1700 W) TO S DAMEN AVE (2000 W),$0.00,0.0
18,Curb & Gutter Menu (2025),8055 S TALMAN AVE,"$7,220.05",7220.05
18,Miscellaneous CDOT Projects (2025),1701 W 87TH ST,$660.00,660.0
18,Sidewalk Menu (2025),3642 W 80TH ST,"$4,664.73",4664.73
18,Sidewalk Menu (2025),3757 W 82ND PL,"$29,993.96",29993.96
18,Sidewalk Menu (2025),3828 W 77TH PL,"$11,970.14",11970.14
18,Sidewalk Menu (2025),3845 W 82ND ST,"$8,239.66",8239.66
18,Sidewalk Menu (2025),3939 W 85TH PL,"$6,329.21",6329.21
18,Sidewalk Menu (2025),ON S CHRISTIANA AVE FROM W 81ST ST (8100 S) TO W 82ND ST (8200 S),"$60,180.80",60180.8
18,Sidewalk Menu (2025),ON S HAMILTON AVE FROM W 76TH ST (7600 S) TO W 78TH ST (7810 S),"$25,525.37",25525.37
18,Sidewalk Menu (2025),ON W 79TH PL FROM S CENTRAL PARK AVE (3600 W) TO S LAWNDALE AVE (3700 W),"$160,940.80",160940.8
18,Street Cul-de-Sac Menu (2025),S KILBOURN AVE & W 87TH ST; 8642 S KILBOURN AVE,"$44,952.25",44952.25
18,Street Resurfacing Menu (2025),ON S HAMILTON AVE FROM 8425 S TO W 84TH ST (8400 S),"$41,683.49",41683.49
18,Street Resurfacing Menu (2025),ON S KILDARE AVE FROM W 85TH ST (8500 S) TO W 87TH ST (8700 S),"$110,510.99",110510.99
18,Street Resurfacing Menu (2025),ON S KOLMAR AVE FROM W 85TH ST (8500 S) TO W 86TH ST (8600 S),"$53,904.04",53904.04
18,Street Resurfacing Menu (2025),ON S KOSTNER AVE FROM W 85TH ST (8500 S) TO W 86TH ST (8600 S),"$54,189.68",54189.68
18,Street Resurfacing Menu (2025),ON S PAULINA ST FROM W 88TH ST (8800 S) TO W 89TH ST (8900 S),"$71,825.64",71825.64
18,Street Resurfacing Menu (2025),ON S SPRINGFIELD AVE FROM W 86TH PL (8630 S) TO W 87TH ST (8700 S),"$24,278.21",24278.21
18,Street Resurfacing Menu (2025),ON S TALMAN AVE FROM W 79TH ST (7900 S) TO W 80TH ST (8000 S),"$59,369.98",59369.98
18,Street Resurfacing Menu (2025),ON S TROY ST FROM W 72ND ST (7200 S) TO W 73RD ST (7300 S),"$54,223.02",54223.02
18,Street Resurfacing Menu (2025),ON S TRUMBULL AVE FROM W 78TH ST (7800 S) TO W 79TH ST (7900 S),"$50,619.78",50619.78
18,Street Resurfacing Menu (2025),ON S WASHTENAW AVE FROM W 82ND ST (8200 S) TO W 83RD ST (8300 S),"$57,415.25",57415.25
18,Street Resurfacing Menu (2025),ON S WHIPPLE ST FROM W 79TH ST (7900 S) TO W 80TH ST (8000 S),"$54,344.43",54344.43
18,Street Resurfacing Menu (2025),ON W 77TH PL FROM S RIDGEWAY AVE (3750 W) TO S HAMLIN AVE (3800 W),"$45,256.40",45256.4
18,Street Resurfacing Menu (2025),ON W 79TH PL FROM S OAKLEY AVE (2300 W) TO S WESTERN AVE (2400 W),"$50,846.68",50846.68
18,Street Resurfacing Menu (2025),ON W 80TH PL FROM S OAKLEY AVE (2300 W) TO S WESTERN AVE (2400 W),"$53,870.70",53870.7
18,Street Resurfacing Menu (2025),ON W 81ST ST FROM 2216 W TO S OAKLEY AVE (2300 W),"$38,431.59",38431.59
18,Street Resurfacing Menu (2025),ON W 82ND ST FROM S FRANCISCO AVE (2900 W) TO S RICHMOND ST (2930 W),"$29,086.89",29086.89
18,Street Resurfacing Menu (2025),ON W 83RD PL FROM S ROCKWELL ST (2600 W) TO S WASHTENAW AVE (2700 W),"$66,373.40",66373.4
18,Street Resurfacing Menu (2025),ON W 83RD PL FROM S WHIPPLE ST (3030 W) TO S ALBANY AVE (3100 W),"$19,962.26",19962.26
18,Street Resurfacing Menu (2025),ON W 84TH PL FROM S HOMAN AVE (3400 W) TO S ST LOUIS AVE (3500 W),"$53,434.29",53434.29
18,Street Resurfacing Menu (2025),ON W 86TH PL FROM S FRANCISCO AVE (2900 W) TO S SACRAMENTO AVE (2960 W),"$59,893.24",59893.24
18,Street Resurfacing Menu (2025),ON W 86TH ST FROM S FRANCISCO AVE (2900 W) TO S SACRAMENTO AVE (2960 W),"$57,892.96",57892.96
18,Street Speed Hump Menu (2025),ON S KEELER AVE FROM W 79TH PL (7920 S) TO W 80TH PL (8040 S),"$4,880.00",4880.0
18,Street Speed Hump Menu (2025),ON S LAWNDALE AVE FROM W 84TH ST (8400 S) TO W 85TH ST (8500 S),"$4,880.00",4880.0
18,Street Speed Hump Menu (2025),ON S LAWNDALE AVE FROM W 85TH PL (8530 S) TO W 87TH ST (8700 S),"$9,760.00",9760.0
18,Street Speed Hump Menu (2025),ON S ROCKWELL ST FROM W 72ND ST (7200 S) TO W 73RD ST (7300 S),"$4,880.00",4880.0
18,Street Speed Hump Menu (2025),ON S TALMAN AVE FROM W 81ST ST (8100 S) TO W 82ND ST (8200 S),"$4,880.00",4880.0
18,Street Speed Hump Menu (2025),ON W 77TH ST FROM S SPRINGFIELD AVE (3900 W) TO S PULASKI RD (4000 W),"$2,440.00",2440.0
18,Street Speed Hump Replacement (2025),ON W 83RD PL FROM S ROCKWELL ST (2600 W) TO S WASHTENAW AVE (2700 W),$0.00,0.0
19,Bollard Menu (2025),S MALTA ST & W 100TH PL,"$1,923.73",1923.73
19,Miscellaneous CDOT Projects (2025),9243 S BELL AVE,$660.00,660.0
19,Street Bump Outs Menu (2025),S WALDEN PKWY & W 101ST ST,"$3,452.27",3452.27
19,Street Resurfacing Menu (2025),ON E 110TH ST FROM S CAMPBELL AVE (2500 W) TO S ROCKWELL ST (2600 W),"$57,246.91",57246.91
19,Street Resurfacing Menu (2025),ON E 114TH ST FROM S OAKLEY AVE (2300 W) TO S WESTERN AVE (2400 W),"$45,366.75",45366.75
19,Street Resurfacing Menu (2025),ON S CAMPBELL AVE FROM W 105TH ST (10500 S) TO W 106TH ST (10600 S),"$56,426.87",56426.87
19,Street Resurfacing Menu (2025),ON S CENTRAL PARK AVE FROM W 116TH PL (11630 S) TO W 117TH ST (11700 S),"$53,439.73",53439.73
19,Street Resurfacing Menu (2025),ON S CHARLES ST FROM W 100TH PL (10000 S) TO W 103RD ST (10300 S),"$165,328.03",165328.03
19,Street Resurfacing Menu (2025),ON S CHURCH ST FROM W MONTVALE AVE (11300 S) TO W EDMAIRE ST (11400 S),"$52,083.75",52083.75
19,Street Resurfacing Menu (2025),ON S CLAREMONT AVE FROM 8930 S TO W 90TH ST (9000 S),"$26,863.94",26863.94
19,Street Resurfacing Menu (2025),ON S CLAREMONT AVE FROM 9435 S TO W 94TH ST (9400 S),"$34,086.38",34086.38
19,Street Resurfacing Menu (2025),ON S DRAKE AVE FROM W 109TH ST (10900 S) TO W 110TH ST (11000 S),"$63,533.96",63533.96
19,Street Resurfacing Menu (2025),ON S HAMILTON AVE FROM W 103RD ST (10300 S) TO W 104TH ST (10400 S),"$44,567.72",44567.72
19,Street Resurfacing Menu (2025),ON S HOYNE AVE FROM W 110TH PL (11040 S) TO W 111TH ST (11100 S),"$19,230.47",19230.47
19,Street Resurfacing Menu (2025),ON S HOYNE AVE FROM W 110TH ST (10930 S) TO W 110TH PL (11040 S),"$33,205.53",33205.53
19,Street Resurfacing Menu (2025),ON S MAPLEWOOD AVE FROM W 111TH ST (11100 S) TO W 112TH ST (11200 S),"$69,229.95",69229.95
19,Street Resurfacing Menu (2025),ON S OAKLEY AVE FROM W 100TH ST (10000 S) TO W 101ST ST (10100 S),"$22,137.06",22137.06
19,Street Resurfacing Menu (2025),ON S OAKLEY AVE FROM W 97TH ST (9700 S) TO W 98TH ST (9800 S),"$56,244.84",56244.84
19,Street Resurfacing Menu (2025),ON S PROSPECT AVE FROM W 99TH ST (9900 S) TO W 100TH ST (10000 S),"$68,574.82",68574.82
19,Street Resurfacing Menu (2025),ON S SPRINGFIELD AVE FROM W 104TH ST (10400 S) TO W 105TH ST (10500 S),"$87,370.23",87370.23
19,Street Resurfacing Menu (2025),ON S SPRINGFIELD AVE FROM W 106TH ST (10600 S) TO W 107TH ST (10700 S),"$62,463.02",62463.02
19,Street Resurfacing Menu (2025),ON S ST LOUIS AVE FROM W 110TH ST (11000 S) TO W 111TH ST (11100 S),"$64,128.83",64128.83
19,Street Resurfacing Menu (2025),ON S WASHTENAW AVE FROM W 110TH ST (11000 S) TO W 112TH ST (11200 S),"$112,657.96",112657.96
19,Street Resurfacing Menu (2025),ON S WINCHESTER AVE FROM W 91ST ST (9100 S) TO W 91ST ST (9100 S),"$54,282.59",54282.59
19,Street Resurfacing Menu (2025),ON W 104TH PL FROM S PROSPECT AVE (1600 W) TO S WOOD ST (1799 W),"$117,338.05",117338.05
19,Street Resurfacing Menu (2025),ON W 106TH ST FROM S HARDING AVE (3930 W) TO S PULASKI RD (4000 W),"$49,204.52",49204.52
19,Street Resurfacing Menu (2025),ON W 115TH ST FROM S BELL AVE (2230 W) TO S OAKLEY AVE (2300 W),"$65,179.63",65179.63
19,Street Speed Hump Menu (2025),ON W 110TH ST FROM S SPAULDING AVE (3300 W) TO S HOMAN AVE (3400 W),"$4,880.00",4880.0
19,Street Speed Hump Replacement (2025),ON E 114TH ST FROM S OAKLEY AVE (2300 W) TO S WESTERN AVE (2400 W),$0.00,0.0
19,Street Speed Hump Replacement (2025),ON S CHARLES ST FROM W 100TH PL (10000 S) TO W 103RD ST (10300 S),$0.00,0.0
19,Street Speed Hump Replacement (2025),ON S MAPLEWOOD AVE FROM W 111TH ST (11100 S) TO W 112TH ST (11200 S),$0.00,0.0
19,Street Speed Hump Replacement (2025),ON W 115TH ST FROM S BELL AVE (2230 W) TO S OAKLEY AVE (2300 W),$0.00,0.0
20,Miscellaneous CDOT Projects (2025),717 E 61ST ST,$660.00,660.0
20,Pavement Markings Menu (2025),S DR MARTIN LUTHER KING JR DR & E GARFIELD BLVD,$750.00,750.0
20,Pavement Markings Menu (2025),S STATE ST & E 63RD ST,"$5,000.00",5000.0
20,Sidewalk Menu (2025),4747 S PAULINA ST,"$1,667.62",1667.62
20,Street Bump Outs Menu (2025),S ELLIS AVE & E 61ST ST,"$21,654.12",21654.12
20,Street Bump Outs Menu (2025),W 51ST PL & S MORGAN ST,"$14,371.36",14371.36
20,Street Light Upgrade Menu (2025),1001 W 47TH PL; 1007 W 47TH PL; 1011 W 47TH PL,"$1,500.00",1500.0
20,Street Resurfacing Menu (2025),ON S ABERDEEN ST FROM W 51ST ST (5100 S) TO W 53RD ST (5300 S),"$158,114.80",158114.8
20,Street Resurfacing Menu (2025),ON S CARPENTER ST FROM W 51ST ST (5100 S) TO W 53RD ST (5300 S),"$150,426.36",150426.36
20,Street Resurfacing Menu (2025),ON S CHAMPLAIN AVE FROM E 63RD ST (6300 S) TO E 65TH ST (6500 S),"$147,086.12",147086.12
20,Street Resurfacing Menu (2025),ON S DORCHESTER AVE FROM E 61ST ST (6100 S) TO E 62ND ST (6200 S),"$8,199.86",8199.86
20,Street Resurfacing Menu (2025),ON S EVANS AVE FROM E 63RD ST (6300 S) TO E 64TH ST (6400 S),"$54,714.17",54714.17
20,Street Resurfacing Menu (2025),ON S LANGLEY AVE FROM E 63RD ST (6300 S) TO E 64TH ST (6400 S),"$54,013.52",54013.52
20,Street Resurfacing Menu (2025),ON S PAULINA ST FROM W 48TH ST (4800 S) TO W 49TH ST (4900 S),"$7,585.44",7585.44
20,Street Resurfacing Menu (2025),ON S RHODES AVE FROM E 63RD ST (6300 S) TO E 64TH ST (6400 S),"$64,891.53",64891.53
20,Street Resurfacing Menu (2025),ON S ST LAWRENCE AVE FROM E 63RD ST (6300 S) TO E 64TH ST (6400 S),"$64,244.84",64244.84
20,Street Resurfacing Menu (2025),ON S VERNON AVE FROM E 63RD ST (6300 S) TO E 65TH ST (6500 S),"$187,010.16",187010.16
20,Street Resurfacing Menu (2025),ON S WABASH AVE FROM E 59TH ST (5900 S) TO E 60TH ST (6000 S),"$83,348.69",83348.69
20,Street Resurfacing Menu (2025),ON W 50TH PL FROM S UNION AVE (700 W) TO S HALSTED ST (800 W),"$54,890.33",54890.33
20,Street Resurfacing Menu (2025),ON W 51ST PL FROM S HALSTED ST (800 W) TO S MORGAN ST (1000 W),"$133,369.43",133369.43
20,Street Resurfacing Menu (2025),ON W 61ST PL FROM S STEWART AVE (400 W) TO S NORMAL BLVD (500 W),"$58,012.28",58012.28
20,Street Resurfacing Menu (2025),ON W 62ND ST FROM S STEWART AVE (400 W) TO S WALLACE ST (600 W),"$105,558.75",105558.75
20,Street Speed Hump Menu (2025),ON S ELLIS AVE FROM E 61ST ST (6130 S) TO E 62ND ST (6200 S),"$4,880.00",4880.0
20,Street Speed Hump Replacement (2025),ON S ABERDEEN ST FROM W 51ST ST (5100 S) TO W 53RD ST (5300 S),$0.00,0.0
20,Street Speed Hump Replacement (2025),ON S CARPENTER ST FROM W 51ST ST (5100 S) TO W 53RD ST (5300 S),$0.00,0.0
20,Street Speed Hump Replacement (2025),ON S DORCHESTER AVE FROM E 61ST ST (6100 S) TO E 62ND ST (6200 S),$0.00,0.0
20,Street Speed Hump Replacement (2025),ON S PAULINA ST FROM W 48TH ST (4800 S) TO W 49TH ST (4900 S),$0.00,0.0
20,Street Speed Hump Replacement (2025),ON S RHODES AVE FROM E 63RD ST (6300 S) TO E 64TH ST (6400 S),$0.00,0.0
20,Street Speed Hump Replacement (2025),ON S ST LAWRENCE AVE FROM E 63RD ST (6300 S) TO E 64TH ST (6400 S),$0.00,0.0
20,Street Speed Hump Replacement (2025),ON S VERNON AVE FROM E 63RD ST (6300 S) TO E 65TH ST (6500 S),$0.00,0.0
20,Street Speed Hump Replacement (2025),ON W 62ND ST FROM S WALLACE ST (600 W) TO S UNION AVE (699 W),$0.00,0.0
21,Pavement Markings Menu (2025),ON S ASHLAND AVE FROM W 89TH ST (8860 S) TO W 91ST ST (9100 S),"$3,750.00",3750.0
21,Pavement Markings Menu (2025),ON W 95TH ST FROM S HALSTED ST (800 W) TO S LOOMIS ST (1400 W),"$11,000.00",11000.0
21,Pavement Markings Menu (2025),W 103RD ST & S MORGAN ST,"$1,955.33",1955.33
21,Pavement Markings Menu (2025),W 85TH ST & S LAFAYETTE AVE,"$3,910.66",3910.66
21,Pavement Markings Menu (2025),W 88TH ST & S VINCENNES AVE,"$1,955.33",1955.33
21,Sidewalk Menu (2025),ON W 103RD ST FROM S GREEN ST (830 W) TO S PEORIA ST (900 W),"$15,751.53",15751.53
21,Street Light Upgrade Menu (2025),12245 S BISHOP ST,$500.00,500.0
21,Street Light Upgrade Menu (2025),9029 S BISHOP ST,$500.00,500.0
21,Street Light Upgrade Menu (2025),9637 S BISHOP ST,$500.00,500.0
21,Street Resurfacing Menu (2025),ON S ADA ST FROM 11255 S TO W 112TH PL (11240 S),"$17,916.98",17916.98
21,Street Resurfacing Menu (2025),ON S CARPENTER ST FROM W 87TH ST (8700 S) TO W 89TH ST (8900 S),"$98,442.75",98442.75
21,Street Resurfacing Menu (2025),ON S CARPENTER ST FROM W 97TH ST (9700 S) TO W 98TH PL (9832 S),"$93,192.11",93192.11
21,Street Resurfacing Menu (2025),ON S JUSTINE ST FROM W 115TH ST (11500 S) TO W 116TH ST (11600 S),"$58,335.69",58335.69
21,Street Resurfacing Menu (2025),ON S LAFLIN ST FROM W 114TH PL (11430 S) TO W 115TH ST (11500 S),"$25,526.85",25526.85
21,Street Resurfacing Menu (2025),ON S LAFLIN ST FROM W 115TH ST (11500 S) TO W 116TH ST (11600 S),"$57,873.90",57873.9
21,Street Resurfacing Menu (2025),ON S LOOMIS ST FROM W 112TH ST (11200 S) TO W 112TH PL (11240 S),"$34,676.52",34676.52
21,Street Resurfacing Menu (2025),ON S LOOMIS ST FROM W 89TH ST (8858 S) TO W 93RD ST (9300 S),"$281,917.61",281917.61
21,Street Resurfacing Menu (2025),ON S MORGAN ST FROM W 103RD ST (10300 S) TO W 103RD PL (10330 S),"$48,417.51",48417.51
21,Street Resurfacing Menu (2025),ON S MORGAN ST FROM W 105TH ST (10500 S) TO W 106TH ST (10600 S),"$59,547.32",59547.32
21,Street Resurfacing Menu (2025),ON S MORGAN ST FROM W 87TH ST (8700 S) TO W 89TH ST (8900 S),"$111,362.86",111362.86
21,Street Resurfacing Menu (2025),ON S MORGAN ST FROM W 98TH ST (9800 S) TO W 98TH PL (9832 S),"$23,575.68",23575.68
21,Street Resurfacing Menu (2025),ON S PEORIA ST FROM W 100TH ST (10000 S) TO W 101ST ST (10100 S),"$58,813.40",58813.4
21,Street Resurfacing Menu (2025),ON S PEORIA ST FROM W 87TH ST (8700 S) TO S VINCENNES AVE (8800 S),"$47,601.21",47601.21
21,Street Resurfacing Menu (2025),ON S RACINE AVE FROM W 117TH ST (11700 S) TO W 118TH ST (11800 S),"$58,747.54",58747.54
21,Street Resurfacing Menu (2025),ON S THROOP ST FROM W 90TH ST (9000 S) TO W 91ST ST (9100 S),"$69,669.76",69669.76
21,Street Resurfacing Menu (2025),ON W 108TH ST FROM S SANGAMON ST (930 W) TO S BEVERLY AVE (1100 W),"$122,031.81",122031.81
21,Street Resurfacing Menu (2025),ON W 113TH PL FROM S MORGAN ST (1000 W) TO S ABERDEEN ST (1100 W),"$49,345.22",49345.22
21,Street Resurfacing Menu (2025),ON W 114TH PL FROM 1565 W TO S LAFLIN ST (1500 W),"$35,428.99",35428.99
21,Street Resurfacing Menu (2025),ON W 98TH ST FROM S RACINE AVE (1200 W) TO S THROOP ST (1300 W),"$58,190.12",58190.12
21,Street Speed Hump Menu (2025),ON W 112TH PL FROM S LOOMIS ST (1400 W) TO S BISHOP ST (1450 W),"$2,440.00",2440.0
21,Street Speed Hump Replacement (2025),ON S JUSTINE ST FROM W 115TH ST (11500 S) TO W 116TH ST (11600 S),$0.00,0.0
21,Street Speed Hump Replacement (2025),ON S LAFLIN ST FROM W 115TH ST (11500 S) TO W 116TH ST (11600 S),$0.00,0.0
21,Street Speed Hump Replacement (2025),ON S LOOMIS ST FROM W 112TH ST (11200 S) TO W 112TH PL (11240 S),$0.00,0.0
21,Street Speed Hump Replacement (2025),ON S LOOMIS ST FROM W 89TH ST (8858 S) TO W 93RD ST (9300 S),$0.00,0.0
21,Street Speed Hump Replacement (2025),ON S MORGAN ST FROM W 105TH ST (10500 S) TO W 106TH ST (10600 S),$0.00,0.0
21,Street Speed Hump Replacement (2025),ON S MORGAN ST FROM W 87TH ST (8700 S) TO W 89TH ST (8900 S),$0.00,0.0
21,Street Speed Hump Replacement (2025),ON S PEORIA ST FROM W 100TH ST (10000 S) TO W 101ST ST (10100 S),$0.00,0.0
21,Street Speed Hump Replacement (2025),ON S RACINE AVE FROM W 117TH ST (11700 S) TO W 118TH ST (11800 S),$0.00,0.0
21,Street Speed Hump Replacement (2025),ON S THROOP ST FROM W 90TH ST (9000 S) TO W 91ST ST (9100 S),$0.00,0.0
21,Street Speed Hump Replacement (2025),ON W 108TH ST FROM S SANGAMON ST (930 W) TO S BEVERLY AVE (1100 W),$0.00,0.0
22,Alley Apron Menu (2025),2501 S SPRINGFIELD AVE,"$20,000.00",20000.0
22,Alley Resurfacing Menu (2025),4123-4157 W CERMAK RD; S KEDVALE AVE & W CERMAK RD&W OGDEN AVE & S KEELER AVE,"$48,430.73",48430.73
22,Alley Resurfacing Menu (2025),W 24TH PL & S KEELER AVE&S KEDVALE AVE & W 25TH ST,"$22,291.23",22291.23
22,Alley Resurfacing Menu (2025),W 24TH ST & S AVERS AVE&S SPRINGFIELD AVE & W 25TH ST,"$40,814.91",40814.91
22,Alley Resurfacing Menu (2025),W 24TH ST & S KARLOV AVE&S KEDVALE AVE & W 24TH PL,"$21,411.72",21411.72
22,Alley Resurfacing Menu (2025),W 27TH ST & S KOLIN AVE&S KOSTNER AVE & W 28TH ST,"$31,271.31",31271.31
22,Alley Resurfacing Menu (2025),W 27TH ST & S TRUMBULL AVE&S ST LOUIS AVE & W 28TH ST; 2700-2758 S TRUMBULL AVE,"$42,730.74",42730.74
22,Alley Resurfacing Menu (2025),W 30TH ST & S KILDARE AVE&S TRIPP AVE & W 31ST ST,"$27,142.60",27142.6
22,Alley Resurfacing Menu (2025),W 43RD ST & S KEATING AVE&S CICERO AVE & W 44TH ST,"$34,760.74",34760.74
22,Alley Speed Hump Menu (2025),S LAWNDALE AVE & W 27TH ST&W 26TH ST & S RIDGEWAY AVE,"$2,900.00",2900.0
22,Alley Speed Hump Menu (2025),W 27TH ST & S KOLIN AVE&S KOSTNER AVE & W 28TH ST,"$1,450.00",1450.0
22,Alley Speed Hump Replacement (2025),4123-4157 W CERMAK RD; S KEDVALE AVE & W CERMAK RD&W OGDEN AVE & S KEELER AVE,$0.00,0.0
22,Alley Speed Hump Replacement (2025),W 24TH PL & S KEELER AVE&S KEDVALE AVE & W 25TH ST,$0.00,0.0
22,Alley Speed Hump Replacement (2025),W 24TH ST & S AVERS AVE&S SPRINGFIELD AVE & W 25TH ST,$0.00,0.0
22,Alley Speed Hump Replacement (2025),W 24TH ST & S KARLOV AVE&S KEDVALE AVE & W 24TH PL,$0.00,0.0
22,Alley Speed Hump Replacement (2025),W 27TH ST & S TRUMBULL AVE&S ST LOUIS AVE & W 28TH ST; 2700-2758 S TRUMBULL AVE,$0.00,0.0
22,Alley Speed Hump Replacement (2025),W 30TH ST & S KILDARE AVE&S TRIPP AVE & W 31ST ST,$0.00,0.0
22,Alley Speed Hump Replacement (2025),W 43RD ST & S KEATING AVE&S CICERO AVE & W 44TH ST,$0.00,0.0
22,Arterial Street Bump Outs Menu (2025),S PULASKI RD & W 32ND ST,"$74,314.40",74314.4
22,Arterial Street Bump Outs Menu (2025),W CERMAK RD & S KENNETH AVE,"$13,829.80",13829.8
22,Curb & Gutter Menu (2025),2300-2306 S TRUMBULL AVE,"$6,467.15",6467.15
22,Curb & Gutter Menu (2025),ON S LAWNDALE AVE FROM W 31ST ST (3100 S) TO W 32ND ST (3200 S),"$17,814.65",17814.65
22,Miscellaneous CDOT Projects (2025),1958 W NEWPORT AVE,$600.00,600.0
22,Miscellaneous CDOT Projects (2025),3112 S KOSTNER AVE,$600.00,600.0
22,Miscellaneous CDOT Projects (2025),ON W CERMAK RD FROM S PULASKI RD (4000 W) TO S KOSTNER AVE (4400 W),"$22,800.00",22800.0
22,Pavement Markings Menu (2025),W 26TH ST & S KOMENSKY AVE,"$3,100.00",3100.0
22,Pavement Markings Menu (2025),W OGDEN AVE & S KOSTNER AVE,"$12,000.00",12000.0
22,Pedestrian Refuge Island Menu (2025),3350 S KEDZIE AVE,$185.29,185.29
22,Sidewalk Menu (2025),3010 S KOLIN AVE,$478.99,478.99
22,Sidewalk Menu (2025),3138-3140 S RIDGEWAY AVE,"$11,275.15",11275.15
22,Sidewalk Menu (2025),4317-4319 S KEATING AVE; 4322 S KEATING AVE,"$15,131.84",15131.84
22,Sidewalk Menu (2025),4538 S KEATING AVE,"$10,188.93",10188.93
22,Sidewalk Menu (2025),4541 S LAVERGNE AVE; 4536-4542 S LAVERGNE AVE; 4509 S LAVERGNE AVE,"$21,622.95",21622.95
22,Sidewalk Menu (2025),4614 S LECLAIRE AVE,"$6,847.81",6847.81
22,Sidewalk Menu (2025),4626-4634 S KEATING AVE; 4601-4603 S KEATING AVE; 4600-4604 S KEATING AVE,"$58,119.19",58119.19
22,Sidewalk Menu (2025),4727 S LAPORTE AVE,"$9,407.01",9407.01
22,Sidewalk Menu (2025),4824 S LA CROSSE AVE,"$6,037.66",6037.66
22,Sidewalk Menu (2025),4937 S LAMON AVE,$923.99,923.99
22,Speed Indicator Signs (2025),2521-2525 S KOSTNER AVE,"$14,150.35",14150.35
22,Speed Indicator Signs (2025),2641 S LAWNDALE AVE; 2636 S LAWNDALE AVE,"$32,620.70",32620.7
22,Speed Indicator Signs (2025),2707 S KOSTNER AVE,"$15,150.35",15150.35
22,Speed Indicator Signs (2025),3018 S LAWNDALE AVE; 3023 S LAWNDALE AVE,"$32,620.70",32620.7
22,Speed Indicator Signs (2025),3223 S PULASKI RD; 3140 S PULASKI RD,"$30,460.70",30460.7
22,Street Bump Outs Menu (2025),W 46TH ST & S KNOX AVE,"$10,901.89",10901.89
22,Street Bump Outs Menu (2025),W CERMAK RD & S KEELER AVE,"$24,000.00",24000.0
22,Street Light Pole for High Definition Camera Menu (2025),2641 S LAWNDALE AVE; 2636 S LAWNDALE AVE,"$6,000.00",6000.0
22,Street Light Pole for High Definition Camera Menu (2025),3018 S LAWNDALE AVE; 3023 S LAWNDALE AVE,"$6,000.00",6000.0
22,Street Light Pole for High Definition Camera Menu (2025),3223 S PULASKI RD,"$3,000.00",3000.0
22,Street Resurfacing Menu (2025),ON S KEATING AVE FROM W 43RD ST (4299 S) TO W 45TH ST (4500 S),"$122,221.13",122221.13
22,Street Resurfacing Menu (2025),ON S KEELER AVE FROM W 31ST ST (3100 S) TO W 32ND ST (3200 S),"$59,522.25",59522.25
22,Street Resurfacing Menu (2025),ON S LAWLER AVE FROM W 46TH ST (4600 S) TO W 47TH ST (4700 S),"$58,079.41",58079.41
22,Street Resurfacing Menu (2025),ON S RIDGEWAY AVE FROM W 25TH ST (2500 S) TO W 26TH ST (2600 S),"$62,169.85",62169.85
22,Street Resurfacing Menu (2025),ON W 28TH ST FROM S CHRISTIANA AVE (3330 W) TO S HOMAN AVE (3400 W),"$42,091.67",42091.67
22,Street Resurfacing Menu (2025),S HAMLIN AVE & W 27TH ST,"$37,329.73",37329.73
22,Street Resurfacing Menu (2025),S SPRINGFIELD AVE & W 27TH ST,"$21,397.97",21397.97
22,Street Speed Hump Menu (2025),ON W 28TH ST FROM S CHRISTIANA AVE (3330 W) TO S HOMAN AVE (3400 W),"$2,440.00",2440.0
22,Street Speed Hump Menu (2025),ON W 46TH ST FROM S KNOX AVE (4630 W) TO S KILPATRICK AVE (4700 W),"$2,440.00",2440.0
22,Street Speed Hump Replacement (2025),3121 S KEELER AVE,$0.00,0.0
22,Street Speed Hump Replacement (2025),ON S LAWLER AVE FROM W 46TH ST (4600 S) TO W 47TH ST (4700 S),$0.00,0.0
22,Street Speed Hump Replacement (2025),ON S RIDGEWAY AVE FROM W 25TH ST (2500 S) TO W 26TH ST (2600 S),$0.00,0.0
22,Street Traffic Circle Menu (2025),W 46TH ST & S KILPATRICK AVE,"$25,004.93",25004.93
23,Alley Apron Menu (2025),3653 W 58TH PL,"$19,917.26",19917.26
23,Alley Apron Menu (2025),3701 W 58TH PL,"$19,293.00",19293.0
23,Alley Apron Menu (2025),5200 S NAGLE AVE,"$35,289.40",35289.4
23,Alley Apron Menu (2025),5401 S NEVA AVE,"$25,442.67",25442.67
23,Alley Apron Menu (2025),5429 S MCVICKER AVE; 5238 S AUSTIN AVE,"$20,455.25",20455.25
23,Alley Apron Menu (2025),6400 W 52ND ST,"$32,749.22",32749.22
23,Alley Apron Menu (2025),6401 W 52ND ST,"$19,891.23",19891.23
23,Alley Speed Hump Menu (2025),W 54TH ST & S KOSTNER AVE&S KENNETH AVE & W 55TH ST,"$3,625.00",3625.0
23,Alley Speed Hump Menu (2025),W 56TH ST & S HAMLIN AVE&S SPRINGFIELD AVE & W 56TH PL,"$1,450.00",1450.0
23,Alley Speed Hump Menu (2025),W 60TH ST & S KOMENSKY AVE&S PULASKI RD & W 61ST ST,"$2,175.00",2175.0
23,Alley Speed Hump Menu (2025),W 66TH PL & S SPRINGFIELD AVE&S PULASKI RD & W MARQUETTE RD,"$1,450.00",1450.0
23,Curb & Gutter Menu (2025),3724 W 65TH PL,"$4,948.94",4948.94
23,Curb & Gutter Menu (2025),5145 S SPRINGFIELD AVE,"$7,812.87",7812.87
23,Curb & Gutter Menu (2025),6857 S PULASKI RD,"$21,150.01",21150.01
23,Diagonal Parking Menu (2025),3701 W 59TH ST,"$63,775.92",63775.92
23,Floodlight Menu (2025),5100 S KEATING AVE,"$1,150.00",1150.0
23,Floodlight Menu (2025),5100 S LA CROSSE AVE,"$2,300.00",2300.0
23,Floodlight Menu (2025),5301 S KILDARE AVE; 5300 S KILDARE AVE,"$2,300.00",2300.0
23,Floodlight Menu (2025),5444 S NARRAGANSETT AVE; 6410 W ARCHER AVE,"$3,450.00",3450.0
23,Pavement Markings Menu (2025),6700 S KEATING AVE,"$1,500.00",1500.0
23,Pavement Markings Menu (2025),S ARCHER AVE & S LARAMIE AVE,"$5,921.34",5921.34
23,Pavement Markings Menu (2025),W ARCHER AVE & S NARRAGANSETT AVE,"$15,000.00",15000.0
23,Sidewalk Menu (2025),3610 W 62ND PL,"$5,524.91",5524.91
23,Sidewalk Menu (2025),3721 W 61ST PL,"$9,389.58",9389.58
23,Sidewalk Menu (2025),3745-3747 W 60TH ST,"$10,180.78",10180.78
23,Sidewalk Menu (2025),3752 W 64TH PL,"$11,267.09",11267.09
23,Sidewalk Menu (2025),3935 W 63RD PL,"$6,615.58",6615.58
23,Sidewalk Menu (2025),3944 W 67TH PL,"$16,291.62",16291.62
23,Sidewalk Menu (2025),5107 S NASHVILLE AVE,"$2,106.24",2106.24
23,Sidewalk Menu (2025),5121 S AVERS AVE,$591.59,591.59
23,Sidewalk Menu (2025),5128 S SAYRE AVE,"$2,172.79",2172.79
23,Sidewalk Menu (2025),5130 S NORDICA AVE,"$4,260.71",4260.71
23,Sidewalk Menu (2025),5134 S MELVINA AVE,"$2,217.21",2217.21
23,Sidewalk Menu (2025),5135 S MERRIMAC AVE,"$5,860.35",5860.35
23,Sidewalk Menu (2025),5145 S MELVINA AVE,"$3,705.88",3705.88
23,Sidewalk Menu (2025),5211 S OAK PARK AVE,"$4,406.64",4406.64
23,Sidewalk Menu (2025),5214 S PARKSIDE AVE,$781.22,781.22
23,Sidewalk Menu (2025),5241 S NEW ENGLAND AVE; 5245 S NEW ENGLAND AVE,"$23,859.81",23859.81
23,Sidewalk Menu (2025),5338 S NORMANDY AVE,"$4,995.02",4995.02
23,Sidewalk Menu (2025),5340 S LARAMIE AVE,"$14,897.21",14897.21
23,Sidewalk Menu (2025),5355 S NATOMA AVE,"$12,368.50",12368.5
23,Sidewalk Menu (2025),5358 S MERRIMAC AVE,"$14,264.89",14264.89
23,Sidewalk Menu (2025),5980 S ARCHER AVE,"$35,488.63",35488.63
23,Sidewalk Menu (2025),6200 S ARCHER AVE,"$46,920.08",46920.08
23,Sidewalk Menu (2025),6738 S KOMENSKY AVE,"$4,657.97",4657.97
23,Sidewalk Menu (2025),6742 S KILBOURN AVE,"$6,335.02",6335.02
23,Street Bump Outs Menu (2025),5100-5101 S MEADE AVE; W 51ST ST & S MEADE AVE,"$22,724.11",22724.11
23,Street Bump Outs Menu (2025),5100-5101 S MERRIMAC AVE,"$4,594.70",4594.7
23,Street Light Upgrade Menu (2025),5218 S PARKSIDE AVE,$500.00,500.0
23,Street Light Upgrade Menu (2025),6759 S KEELER AVE,$500.00,500.0
23,Street Resurfacing Menu (2025),ON S HARDING AVE FROM W 53RD ST (5300 S) TO W 55TH ST (5500 S),"$101,701.31",101701.31
23,Street Resurfacing Menu (2025),ON S KARLOV AVE FROM W 59TH ST (5900 S) TO W 60TH ST (6000 S),"$63,873.02",63873.02
23,Street Resurfacing Menu (2025),ON S KARLOV AVE FROM W MARQUETTE RD (6700 S) TO W 68TH ST (6800 S),"$54,638.03",54638.03
23,Street Resurfacing Menu (2025),ON S KILDARE AVE FROM W MARQUETTE RD (6700 S) TO W 68TH ST (6800 S),"$52,347.99",52347.99
23,Street Resurfacing Menu (2025),ON S LATROBE AVE FROM W 51ST ST (5100 S) TO W 52ND ST (5200 S),"$63,769.09",63769.09
23,Street Resurfacing Menu (2025),ON S LAWNDALE AVE FROM W 72ND ST (7200 S) TO W 73RD ST (7300 S),"$56,106.00",56106.0
23,Street Resurfacing Menu (2025),ON S MELVINA AVE FROM S ARCHER AVE (6270 S) TO W 54TH ST (5400 S),"$20,518.31",20518.31
23,Street Resurfacing Menu (2025),ON S MOBILE AVE FROM W 54TH ST (5400 S) TO W 55TH ST (5500 S),"$33,931.62",33931.62
23,Street Resurfacing Menu (2025),ON W 52ND ST FROM S LAVERGNE AVE (5000 W) TO S LARAMIE AVE (5200 W),"$131,625.48",131625.48
23,Street Resurfacing Menu (2025),ON W 54TH ST FROM S HARDING AVE (3930 W) TO S PULASKI RD (4000 W),"$21,193.58",21193.58
23,Street Resurfacing Menu (2025),ON W 55TH PL FROM S HAMLIN AVE (3800 W) TO S SPRINGFIELD AVE (3900 W),"$60,539.15",60539.15
23,Street Resurfacing Menu (2025),ON W 64TH PL FROM S SPRINGFIELD AVE (3900 W) TO S PULASKI RD (4000 W),"$65,275.84",65275.84
23,Street Speed Hump Menu (2025),ON S HAMLIN AVE FROM W 53RD ST (5300 S) TO W 54TH ST (5400 S),"$4,880.00",4880.0
23,Street Speed Hump Menu (2025),ON S KARLOV AVE FROM W 59TH ST (5900 S) TO W 60TH ST (6000 S),$0.00,0.0
23,Street Speed Hump Menu (2025),ON S LATROBE AVE FROM W 51ST ST (5100 S) TO W 52ND ST (5200 S),$0.00,0.0
23,Street Speed Hump Menu (2025),ON S LAWNDALE AVE FROM W 69TH PL (6930 S) TO W 70TH ST (7000 S),"$2,440.00",2440.0
23,Street Speed Hump Menu (2025),ON S MEADE AVE FROM W 53RD ST (5300 S) TO W 54TH ST (5400 S),"$4,880.00",4880.0
23,Street Speed Hump Menu (2025),ON S MOODY AVE FROM W 53RD ST (5300 S) TO W 54TH ST (5400 S),"$4,880.00",4880.0
23,Street Speed Hump Menu (2025),ON S NORMANDY AVE FROM W 53RD ST (5300 S) TO W 54TH ST (5400 S),"$4,880.00",4880.0
23,Street Speed Hump Menu (2025),ON S TRIPP AVE FROM W 52ND ST (5200 S) TO W 53RD ST (5300 S),"$4,880.00",4880.0
23,Street Speed Hump Menu (2025),ON W 56TH PL FROM S HAMLIN AVE (3800 W) TO S SPRINGFIELD AVE (3900 W),"$4,880.00",4880.0
23,Street Speed Hump Menu (2025),ON W 65TH PL FROM S LAWNDALE AVE (3700 W) TO S HAMLIN AVE (3800 W),"$4,880.00",4880.0
24,Alley Apron Menu (2025),3547 W GRENSHAW ST; 3549 W GRENSHAW ST,"$10,920.17",10920.17
24,Alley Resurfacing Menu (2025),S KEDVALE AVE & W 14TH ST&W 15TH ST & S KEELER AVE,"$31,777.67",31777.67
24,Alley Resurfacing Menu (2025),S KOSTNER AVE & W 21ST PL&W 21ST ST & S KILDARE AVE,"$58,226.18",58226.18
24,Alley Resurfacing Menu (2025),W 22ND PL & S CALIFORNIA AVE&S CALIFORNIA AVE & W CERMAK RD,"$49,626.20",49626.2
24,Alley Resurfacing Menu (2025),W GRENSHAW ST & S CENTRAL PARK AVE&S INDEPENDENCE BLVD & W ROOSEVELT RD,"$69,393.22",69393.22
24,Alley Resurfacing Menu (2025),W OGDEN AVE & S LAWNDALE AVE&S RIDGEWAY AVE & W CERMAK RD,"$62,245.56",62245.56
24,Alley Speed Hump Replacement (2025),S KEDVALE AVE & W 14TH ST&W 15TH ST & S KEELER AVE,$0.00,0.0
24,Alley Speed Hump Replacement (2025),S KOSTNER AVE & W 21ST PL&W 21ST ST & S KILDARE AVE,$0.00,0.0
24,Alley Speed Hump Replacement (2025),W GRENSHAW ST & S CENTRAL PARK AVE&S INDEPENDENCE BLVD & W ROOSEVELT RD,$0.00,0.0
24,Curb & Gutter Menu (2025),ON S ALBANY AVE FROM W OGDEN AVE (1610 S) TO W 19TH ST (1900 S),"$380,000.00",380000.0
24,Miscellaneous CDOT Projects (2025),3500 W ARTHINGTON ST,$660.00,660.0
24,Sidewalk Menu (2025),2253 S ALBANY AVE,"$4,858.28",4858.28
24,Sidewalk Menu (2025),3532 W ARTHINGTON ST,"$9,873.14",9873.14
24,Sidewalk Menu (2025),4020 W POLK ST; 4022 W POLK ST; 4018 W POLK ST,"$20,598.19",20598.19
24,Street Resurfacing Menu (2025),ON S DRAKE AVE FROM W DOUGLAS BLVD (1400 S) TO W 15TH ST (1500 S),"$45,037.47",45037.47
24,Street Resurfacing Menu (2025),ON S KARLOV AVE FROM W ARTHINGTON ST (900 S) TO W TAYLOR ST (1000 S),"$33,251.28",33251.28
24,Street Resurfacing Menu (2025),ON S KARLOV AVE FROM W GRENSHAW ST (1130 S) TO W ROOSEVELT RD (1200 S),"$22,489.38",22489.38
24,Street Resurfacing Menu (2025),ON S KILBOURN AVE FROM W ROOSEVELT RD (1200 S) TO W 14TH ST (1400 S),"$37,209.70",37209.7
24,Street Resurfacing Menu (2025),ON S KILDARE AVE FROM W 13TH ST (1300 S) TO W 14TH ST (1400 S),"$55,741.75",55741.75
24,Street Resurfacing Menu (2025),ON S SAWYER AVE FROM W 19TH ST (1900 S) TO W 21ST ST (2100 S),"$57,174.96",57174.96
24,Street Resurfacing Menu (2025),ON S ST LOUIS AVE FROM W POLK ST (800 S) TO W ARTHINGTON ST (900 S),"$27,957.10",27957.1
24,Street Resurfacing Menu (2025),ON W 21ST ST FROM S ALBANY AVE (3100 W) TO S ST LOUIS AVE (3500 W),"$280,817.48",280817.48
24,Street Resurfacing Menu (2025),ON W ARTHINGTON ST FROM S INDEPENDENCE BLVD (3799 W) TO S SPRINGFIELD AVE (3900 W),"$16,183.52",16183.52
24,Street Resurfacing Menu (2025),ON W FLOURNOY ST FROM S ALBANY AVE (3100 W) TO S KEDZIE AVE (3200 W),"$56,141.69",56141.69
24,Street Resurfacing Menu (2025),ON W FLOURNOY ST FROM S HOMAN AVE (3400 W) TO S CENTRAL PARK AVE (3600 W),"$115,691.68",115691.68
24,Street Resurfacing Menu (2025),ON W GRENSHAW ST FROM S INDEPENDENCE BLVD (3800 W) TO S SPRINGFIELD AVE (3900 W),"$46,805.37",46805.37
24,Street Speed Hump Menu (2025),ON S KEELER AVE FROM W ARTHINGTON ST (900 S) TO W TAYLOR ST (1000 S),"$2,440.00",2440.0
24,Street Speed Hump Menu (2025),ON S KILDARE AVE FROM W 13TH ST (1300 S) TO W 14TH ST (1400 S),"$4,880.00",4880.0
24,Street Speed Hump Replacement (2025),ON S KARLOV AVE FROM W ARTHINGTON ST (900 S) TO W TAYLOR ST (1000 S),$0.00,0.0
24,Street Speed Hump Replacement (2025),ON S SAWYER AVE FROM W 19TH ST (1900 S) TO W 21ST ST (2100 S),$0.00,0.0
24,Street Speed Hump Replacement (2025),ON W ARTHINGTON ST FROM S INDEPENDENCE BLVD (3799 W) TO S SPRINGFIELD AVE (3900 W),$0.00,0.0
24,Street Speed Hump Replacement (2025),ON W FLOURNOY ST FROM S ALBANY AVE (3100 W) TO S KEDZIE AVE (3200 W),$0.00,0.0
24,Street Speed Hump Replacement (2025),ON W FLOURNOY ST FROM S HOMAN AVE (3400 W) TO S CENTRAL PARK AVE (3600 W),$0.00,0.0
24,Street Speed Hump Replacement (2025),ON W GRENSHAW ST FROM S INDEPENDENCE BLVD (3800 W) TO S SPRINGFIELD AVE (3900 W),$0.00,0.0
25,(2025) New electric slide gate system for Fink Elementary,2332 S WESTERN AVE,"$52,000.00",52000.0
25,Alley Apron Menu (2025),2147 W 23RD ST,"$32,086.40",32086.4
25,Alley Resurfacing Menu (2025),S ASHLAND AVE & W 18TH PL&W 19TH ST & S LAFLIN ST; 1837 S ASHLAND AVE,"$57,750.70",57750.7
25,Alley Resurfacing Menu (2025),S ASHLAND AVE & W 18TH ST&W 17TH ST & S PAULINA ST,"$67,679.40",67679.4
25,Alley Resurfacing Menu (2025),S ASHLAND AVE & W 21ST PL&W 21ST ST & S PAULINA ST,"$68,363.85",68363.85
25,Alley Resurfacing Menu (2025),S BISHOP ST & W 18TH ST&W 18TH ST & S BLUE ISLAND AVE; 1810 S BLUE ISLAND AVE,"$22,692.93",22692.93
25,Alley Resurfacing Menu (2025),S THROOP ST & W 18TH ST&W 16TH ST & S BLUE ISLAND AVE,"$24,425.68",24425.68
25,Alley Resurfacing Menu (2025),S UNION AVE & W 17TH PL&W 17TH ST & S HALSTED ST; 1702 S UNION AVE,"$32,688.07",32688.07
25,Alley Resurfacing Menu (2025),W 17TH ST & S LOOMIS ST&S LAFLIN ST & W 18TH ST; 1421 W 17TH ST,"$57,158.95",57158.95
25,Alley Resurfacing Menu (2025),W 18TH PL & S HOYNE AVE&S DAMEN AVE & W 19TH ST,"$29,935.46",29935.46
25,Alley Resurfacing Menu (2025),W 18TH ST & S MAY ST&S CARPENTER ST & W 18TH PL; 1137 W 18TH ST,"$25,970.70",25970.7
25,Alley Resurfacing Menu (2025),W 23RD PL & S WESTERN AVE&S OAKLEY AVE & W 24TH ST,"$64,838.87",64838.87
25,Alley Resurfacing Menu (2025),W 28TH ST & S TROY ST&S KEDZIE AVE & W 30TH ST,"$17,273.38",17273.38
25,Alley Speed Hump Replacement (2025),S ASHLAND AVE & W 18TH ST&W 17TH ST & S PAULINA ST,$0.00,0.0
25,Alley Speed Hump Replacement (2025),S BISHOP ST & W 18TH ST&W 18TH ST & S BLUE ISLAND AVE; 1810 S BLUE ISLAND AVE,$0.00,0.0
25,Alley Speed Hump Replacement (2025),S THROOP ST & W 18TH ST&W 16TH ST & S BLUE ISLAND AVE,$0.00,0.0
25,Alley Speed Hump Replacement (2025),S UNION AVE & W 17TH PL&W 17TH ST & S HALSTED ST; 1702 S UNION AVE,$0.00,0.0
25,Alley Speed Hump Replacement (2025),W 17TH ST & S LOOMIS ST&S LAFLIN ST & W 18TH ST; 1421 W 17TH ST,$0.00,0.0
25,Alley Speed Hump Replacement (2025),W 23RD PL & S WESTERN AVE&S OAKLEY AVE & W 24TH ST,$0.00,0.0
25,Bollard Menu (2025),1413-1417 S UNION AVE,"$1,655.86",1655.86
25,Bollard Menu (2025),2315 S CALIFORNIA AVE,"$1,746.62",1746.62
25,Concrete Alley Menu (2025),2150 W 22ND PL,"$23,342.02",23342.02
25,Concrete Alley Menu (2025),2152 W 18TH ST; ON S LEAVITT ST FROM 1709 S TO W 18TH ST (1800 S),"$320,000.00",320000.0
25,Curb & Gutter Menu (2025),920 W 18TH PL,"$4,047.90",4047.9
25,Diagonal Parking Menu (2025),1857 W 16TH ST,"$152,428.32",152428.32
25,"In-Road ""State Law Stop For Pedestrians"" Sign Menu",W COLLEGE PKWY & S PEORIA ST; 1500 S PEORIA ST,$350.00,350.0
25,Pedestrian Refuge Island Menu (2025),S ASHLAND AVE & W CULLERTON ST,"$75,000.00",75000.0
25,Sidewalk Menu (2025),1508-1512 W 19TH ST,"$33,294.50",33294.5
25,Sidewalk Menu (2025),1825 S CARPENTER ST,"$60,543.91",60543.91
25,Sidewalk Menu (2025),1918 W CULLERTON ST,"$10,259.03",10259.03
25,Sidewalk Menu (2025),1922-1924 S LOOMIS ST,"$27,380.84",27380.84
25,Sidewalk Menu (2025),2130-2140 W 21ST PL,"$40,113.11",40113.11
25,Sidewalk Menu (2025),2315 S OAKLEY AVE,"$8,085.61",8085.61
25,Sidewalk Menu (2025),2623 W 22ND PL,"$2,729.64",2729.64
25,Sidewalk Menu (2025),2624-2631 S CHRISTIANA AVE,"$30,964.05",30964.05
25,Sidewalk Menu (2025),2626 W 22ND PL,"$2,035.94",2035.94
25,Sidewalk Menu (2025),2636 W 24TH PL,"$12,060.79",12060.79
25,Sidewalk Menu (2025),S RACINE AVE & W 17TH ST,"$25,000.00",25000.0
25,Street Bump Outs Menu (2025),ON S WOLCOTT AVE FROM W 22ND PL (2230 S) TO W 23RD ST (2310 S),"$40,000.00",40000.0
25,Street Bump Outs Menu (2025),S HALSTED ST & W 14TH ST,"$10,000.00",10000.0
25,Street Light Piggy Back Only Menu (2025),ON W 23RD PL FROM S ROCKWELL ST (2600 W) TO S CALIFORNIA AVE (2800 W),"$12,600.00",12600.0
25,Street Light Upgrade Menu (2025),ON W CULLERTON ST FROM S ROCKWELL ST (2600 W) TO S WASHTENAW AVE (2700 W),"$5,600.00",5600.0
25,Street Resurfacing Menu (2025),ON S WOOD ST FROM 2330 S TO S BLUE ISLAND AVE (2300 S),"$36,148.17",36148.17
25,Street Speed Hump Menu (2025),ON W 17TH ST FROM S WOOD ST (1800 W) TO S WOLCOTT AVE (1900 W),"$4,880.00",4880.0
25,Street Speed Hump Menu (2025),ON W 19TH ST FROM S UNION AVE (700 W) TO S HALSTED ST (800 W),"$2,440.00",2440.0
26,Alley Apron Menu (2025),1000 N MOZART ST,"$88,357.81",88357.81
26,Alley Resurfacing Menu (2025),1501 N SPRINGFIELD AVE; N SPRINGFIELD AVE & W NORTH AVE&W LE MOYNE ST & N AVERS AVE,"$15,133.83",15133.83
26,Alley Resurfacing Menu (2025),N HARDING AVE & W WABANSIA AVE&W NORTH AVE & N SPRINGFIELD AVE,"$29,754.86",29754.86
26,Alley Resurfacing Menu (2025),N KILBOURN AVE & W PALMER ST&W DICKENS AVE & N KENNETH AVE,"$42,823.44",42823.44
26,Alley Resurfacing Menu (2025),N KOSTNER AVE & W CORTLAND ST; N LOWELL AVE & W CORTLAND ST; 1806 N LOWELL AVE,"$59,105.68",59105.68
26,Alley Resurfacing Menu (2025),N LAPORTE AVE & W PALMER ST&W DICKENS AVE & N LAVERGNE AVE,"$41,665.83",41665.83
26,Alley Resurfacing Menu (2025),N LATROBE AVE & W BELDEN AVE&W PALMER ST & N LARAMIE AVE,"$25,616.51",25616.51
26,Alley Resurfacing Menu (2025),N MOZART ST & W WABANSIA AVE&W BLOOMINGDALE AVE & N FRANCISCO AVE,"$26,864.50",26864.5
26,Alley Resurfacing Menu (2025),N SPAULDING AVE & W BEACH AVE&W HIRSCH ST & N HOMAN AVE,"$43,332.14",43332.14
26,Alley Resurfacing Menu (2025),N TALMAN AVE & W NORTH AVE&W WABANSIA AVE & N WASHTENAW AVE,"$37,667.71",37667.71
26,Alley Resurfacing Menu (2025),N WASHTENAW AVE & W BLOOMINGDALE AVE&W WABANSIA AVE & N FAIRFIELD AVE,"$33,681.55",33681.55
26,Alley Resurfacing Menu (2025),N WASHTENAW AVE & W LE MOYNE ST&W HIRSCH ST & N FAIRFIELD AVE,"$33,125.34",33125.34
26,Alley Resurfacing Menu (2025),W CORTEZ ST & N SACRAMENTO AVE&N RICHMOND ST & W AUGUSTA BLVD,"$19,590.92",19590.92
26,Alley Resurfacing Menu (2025),W CORTLAND ST & N ST LOUIS AVE&N DRAKE AVE & W BLOOMINGDALE AVE,"$47,499.11",47499.11
26,Alley Resurfacing Menu (2025),W DIVISION ST & N CALIFORNIA AVE&N WASHTENAW AVE & W HADDON AVE,"$15,340.94",15340.94
26,Alley Resurfacing Menu (2025),W DIVISION ST & N ROCKWELL ST&N WASHTENAW AVE & W HADDON AVE,"$28,566.35",28566.35
26,Alley Speed Hump Menu (2025),1617 N KEYSTONE AVE,$725.00,725.0
26,Alley Speed Hump Menu (2025),N HARDING AVE & W WABANSIA AVE&W NORTH AVE & N SPRINGFIELD AVE,$0.00,0.0
26,Alley Speed Hump Menu (2025),N KILBOURN AVE & W PALMER ST&W DICKENS AVE & N KENNETH AVE,$0.00,0.0
26,Alley Speed Hump Menu (2025),N LATROBE AVE & W BELDEN AVE&W PALMER ST & N LARAMIE AVE,"$1,450.00",1450.0
26,Alley Speed Hump Menu (2025),N LOWELL AVE & W CORTLAND ST; 1806 N LOWELL AVE; N KOSTNER AVE & W CORTLAND ST,$0.00,0.0
26,Alley Speed Hump Menu (2025),N MOZART ST & W DIVISION ST&W THOMAS ST & N CALIFORNIA AVE,"$2,175.00",2175.0
26,Alley Speed Hump Menu (2025),N SPAULDING AVE & W BEACH AVE&W HIRSCH ST & N HOMAN AVE,$0.00,0.0
26,Alley Speed Hump Menu (2025),W CORTLAND ST & N ST LOUIS AVE&N DRAKE AVE & W BLOOMINGDALE AVE,"$2,900.00",2900.0
26,Alley Speed Hump Menu (2025),W MCLEAN AVE & N KILPATRICK AVE; W DICKENS AVE & N KILPATRICK AVE; 4644 W MCLEAN AVE,$725.00,725.0
26,Alley Speed Hump Replacement (2025),N LAPORTE AVE & W PALMER ST&W DICKENS AVE & N LAVERGNE AVE,$0.00,0.0
26,Alley Speed Hump Replacement (2025),W CORTLAND ST & N ST LOUIS AVE&N DRAKE AVE & W BLOOMINGDALE AVE,$0.00,0.0
26,Alley Speed Hump Replacement (2025),W DIVISION ST & N CALIFORNIA AVE&N WASHTENAW AVE & W HADDON AVE,$0.00,0.0
26,Alley Speed Hump Replacement (2025),W DIVISION ST & N ROCKWELL ST&N WASHTENAW AVE & W HADDON AVE,$0.00,0.0
26,Concrete Alley Menu (2025),2113 N CICERO AVE; N CICERO AVE & W SHAKESPEARE AVE&W DICKENS AVE & N KILPATRICK AVE,"$12,996.49",12996.49
26,Floodlight Menu (2025),1756 N KIMBALL AVE,"$1,150.00",1150.0
26,Floodlight Menu (2025),1921 N RIDGEWAY AVE,"$1,150.00",1150.0
26,Pavement Markings Menu (2025),N CALIFORNIA AVE & W WABANSIA AVE,"$1,600.00",1600.0
26,Pavement Markings Menu (2025),W POTOMAC AVE & N CENTRAL PARK AVE,"$2,500.00",2500.0
26,Sidewalk Menu (2025),1020 N FRANCISCO AVE,"$4,251.47",4251.47
26,Sidewalk Menu (2025),1020 N MOZART ST,"$5,571.02",5571.02
26,Sidewalk Menu (2025),1113 N MOZART ST,"$4,395.16",4395.16
26,Sidewalk Menu (2025),1118 N CHRISTIANA AVE,"$1,624.46",1624.46
26,Sidewalk Menu (2025),1223 N CAMPBELL AVE,"$6,396.50",6396.5
26,Sidewalk Menu (2025),1249 N ARTESIAN AVE,"$4,448.35",4448.35
26,Sidewalk Menu (2025),1317 N ROCKWELL ST,"$3,824.30",3824.3
26,Sidewalk Menu (2025),1329 N LAWNDALE AVE,"$5,887.44",5887.44
26,Sidewalk Menu (2025),1345 N ROCKWELL ST,"$14,443.60",14443.6
26,Sidewalk Menu (2025),1411 N CALIFORNIA AVE,"$1,928.56",1928.56
26,Sidewalk Menu (2025),1412 N KEDZIE AVE,"$5,924.45",5924.45
26,Sidewalk Menu (2025),1438 N LAWNDALE AVE,"$1,831.45",1831.45
26,Sidewalk Menu (2025),1508 N KEDZIE AVE,"$6,327.30",6327.3
26,Sidewalk Menu (2025),1649 N KIMBALL AVE,"$13,851.89",13851.89
26,Sidewalk Menu (2025),1650 N RICHMOND ST,"$9,068.61",9068.61
26,Sidewalk Menu (2025),1652 N ROCKWELL ST,"$10,234.51",10234.51
26,Sidewalk Menu (2025),1808 N KEYSTONE AVE,"$5,630.31",5630.31
26,Sidewalk Menu (2025),1809-1838 N TRIPP AVE; 1807 N TRIPP AVE,"$44,180.62",44180.62
26,Sidewalk Menu (2025),1817 N LOWELL AVE; 1813 N LOWELL AVE,"$13,115.66",13115.66
26,Sidewalk Menu (2025),1828 N DRAKE AVE,"$3,320.88",3320.88
26,Sidewalk Menu (2025),1907 N KILBOURN AVE,"$2,675.99",2675.99
26,Sidewalk Menu (2025),1927 N KILBOURN AVE,"$8,013.19",8013.19
26,Sidewalk Menu (2025),1929-1939 N TRIPP AVE,"$22,728.97",22728.97
26,Sidewalk Menu (2025),1941 N KEDVALE AVE,"$6,377.59",6377.59
26,Sidewalk Menu (2025),2014 N KILBOURN AVE,"$6,478.09",6478.09
26,Sidewalk Menu (2025),2027 N KEYSTONE AVE,"$6,287.41",6287.41
26,Sidewalk Menu (2025),2039 N KEYSTONE AVE,"$6,408.50",6408.5
26,Sidewalk Menu (2025),2104-2106 N KOSTNER AVE,"$12,036.54",12036.54
26,Sidewalk Menu (2025),2124 N LEAMINGTON AVE,"$3,846.43",3846.43
26,Sidewalk Menu (2025),2209 N KEATING AVE,"$13,076.39",13076.39
26,Sidewalk Menu (2025),2230 N KILPATRICK AVE,"$6,506.15",6506.15
26,Sidewalk Menu (2025),2235 N KILPATRICK AVE,"$9,654.57",9654.57
26,Sidewalk Menu (2025),2257 N KILBOURN AVE,"$16,358.19",16358.19
26,Sidewalk Menu (2025),2714 W AUGUSTA BLVD,"$22,712.74",22712.74
26,Sidewalk Menu (2025),2835 W DIVISION ST,"$9,183.52",9183.52
26,Sidewalk Menu (2025),3205 W CORTLAND ST,"$48,661.91",48661.91
26,Sidewalk Menu (2025),3234 W LE MOYNE ST,"$5,375.36",5375.36
26,Sidewalk Menu (2025),3432 W PIERCE AVE,"$1,677.96",1677.96
26,Sidewalk Menu (2025),4034 W CORTLAND ST,"$12,798.32",12798.32
26,Sidewalk Menu (2025),4610 W MCLEAN AVE,"$1,854.03",1854.03
26,Sidewalk Menu (2025),4648 W MCLEAN AVE,"$12,229.07",12229.07
26,Street Light Upgrade Menu (2025),1100 N HUMBOLDT DR,"$1,500.00",1500.0
26,Street Light Upgrade Menu (2025),3331 W DICKENS AVE,$500.00,500.0
26,Street Resurfacing Menu (2025),ON N KILBOURN AVE FROM 1800 N TO W CORTLAND ST (1900 N),"$24,947.69",24947.69
26,Street Resurfacing Menu (2025),ON N LECLAIRE AVE FROM W PALMER ST (2200 N) TO W BELDEN AVE (2300 N),"$64,624.10",64624.1
26,Street Resurfacing Menu (2025),ON W DICKENS AVE FROM N LARAMIE AVE (5200 W) TO N LATROBE AVE (5230 W),"$17,300.53",17300.53
26,Street Speed Hump Menu (2025),ON N CHRISTIANA AVE FROM W GRAND AVE (1020 N) TO W DIVISION ST (1200 N),"$7,320.00",7320.0
26,Street Speed Hump Menu (2025),ON N HARDING AVE FROM 1800 N TO W CORTLAND ST (1900 N),"$4,880.00",4880.0
26,Street Speed Hump Menu (2025),ON N KEELER AVE FROM W CORTLAND ST (1900 N) TO W ARMITAGE AVE (2000 N),"$4,880.00",4880.0
26,Street Speed Hump Menu (2025),ON N KILDARE AVE FROM 1800 N TO W CORTLAND ST (1900 N),"$4,880.00",4880.0
26,Street Speed Hump Menu (2025),ON N LAWLER AVE FROM W DICKENS AVE (2100 N) TO W PALMER ST (2200 N),"$4,880.00",4880.0
26,Street Speed Hump Menu (2025),ON N MAPLEWOOD AVE FROM W DIVISION ST (1200 N) TO W POTOMAC AVE (1300 N),"$4,880.00",4880.0
26,Street Speed Hump Menu (2025),ON N MOZART ST FROM W NORTH AVE (1600 N) TO W WABANSIA AVE (1700 N),"$4,880.00",4880.0
26,Street Speed Hump Menu (2025),ON N RIDGEWAY AVE FROM 1800 N TO W ARMITAGE AVE (2000 N),"$7,320.00",7320.0
26,Street Speed Hump Menu (2025),ON N SAWYER AVE FROM W ARMITAGE AVE (2000 N) TO W DICKENS AVE (2100 N),"$4,880.00",4880.0
26,Street Speed Hump Menu (2025),ON N SAWYER AVE FROM W NORTH AVE (1600 N) TO W WABANSIA AVE (1700 N),"$4,880.00",4880.0
26,Street Speed Hump Menu (2025),ON N SPAULDING AVE FROM W ARMITAGE AVE (2000 N) TO W DICKENS AVE (2100 N),"$4,880.00",4880.0
26,Street Speed Hump Menu (2025),ON N SPAULDING AVE FROM W CORTEZ ST (1030 N) TO W DIVISION ST (1200 N),"$7,320.00",7320.0
26,Street Speed Hump Menu (2025),ON N TALMAN AVE FROM W WABANSIA AVE (1700 N) TO W CORTLAND ST (1900 N),"$4,880.00",4880.0
26,Street Speed Hump Menu (2025),ON N WASHTENAW AVE FROM W WABANSIA AVE (1700 N) TO W BLOOMINGDALE AVE (1800 N),"$4,880.00",4880.0
26,Street Speed Hump Menu (2025),ON W CORTLAND ST FROM N LAWNDALE AVE (3700 W) TO N RIDGEWAY AVE (3730 W),"$2,440.00",2440.0
26,Street Speed Hump Menu (2025),ON W DICKENS AVE FROM N KEDZIE AVE (3200 W) TO N SAWYER AVE (3250 W),"$2,440.00",2440.0
26,Street Speed Hump Menu (2025),ON W HIRSCH ST FROM N ST LOUIS AVE (3500 W) TO N CENTRAL PARK AVE (3600 W),"$4,880.00",4880.0
26,Street Speed Hump Menu (2025),ON W POTOMAC AVE FROM N WASHTENAW AVE (2700 W) TO N CALIFORNIA AVE (2800 W),"$4,880.00",4880.0
26,Street Speed Hump Menu (2025),ON W WABANSIA AVE FROM N KEELER AVE (4200 W) TO N KOSTNER AVE (4400 W),"$9,760.00",9760.0
26,Street Speed Hump Menu (2025),ON W WABANSIA AVE FROM N KIMBALL AVE (3400 W) TO N ST LOUIS AVE (3500 W),"$2,440.00",2440.0
26,Street Traffic Circle Menu (2025),N FRANCISCO AVE & W WABANSIA AVE,"$22,109.18",22109.18
26,Street Traffic Circle Menu (2025),N ROCKWELL ST & W WABANSIA AVE,"$5,000.00",5000.0
26,Street Traffic Circle Menu (2025),N TALMAN AVE & W WABANSIA AVE,"$4,499.94",4499.94
26,Street Traffic Circle Menu (2025),N WASHTENAW AVE & W WABANSIA AVE,"$20,000.00",20000.0
26,Street Traffic Circle Menu (2025),W HIRSCH ST & N LAWNDALE AVE,"$19,310.11",19310.11
26,Street Traffic Circle Menu (2025),W HIRSCH ST & N ST LOUIS AVE,"$21,000.00",21000.0
26,Street Traffic Circle Menu (2025),W LE MOYNE ST & N HAMLIN AVE,"$26,188.61",26188.61
26,Viaduct Improvement Menu (2025),W HIRSCH ST & N MONTICELLO AVE,"$22,197.61",22197.61
27,(2025) Miscellaneous CDOT Projects (2025),100 N HERMITAGE AVE,$660.00,660.0
27,Alley Resurfacing Menu (2025),2826 W FULTON ST; W FULTON ST & N FRANCISCO AVE; W FULTON ST & N CALIFORNIA AVE,"$36,353.27",36353.27
27,Alley Resurfacing Menu (2025),W AUGUSTA BLVD & N RIDGEWAY AVE&N LAWNDALE AVE & W IOWA ST,"$42,809.15",42809.15
27,Alley Resurfacing Menu (2025),W CARROLL AVE & N WHIPPLE ST&N SACRAMENTO BLVD & W FULTON BLVD,"$22,742.77",22742.77
27,Alley Resurfacing Menu (2025),W GLADYS AVE & S CALIFORNIA AVE&S WASHTENAW AVE & W VAN BUREN ST,"$28,613.86",28613.86
27,Alley Resurfacing Menu (2025),W WARREN BLVD & N ASHLAND AVE&N PAULINA ST & W WASHINGTON BLVD,"$11,556.79",11556.79
27,Alley Speed Hump Menu (2025),W IOWA ST & N CENTRAL PARK AVE&N DRAKE AVE & W AUGUSTA BLVD,"$1,450.00",1450.0
27,Alley Speed Hump Replacement (2025),W AUGUSTA BLVD & N RIDGEWAY AVE&N LAWNDALE AVE & W IOWA ST,$0.00,0.0
27,cm,ON W WARREN AVE FROM N OAKLEY BLVD (2299 W) TO N WESTERN AVE (2400 W),"$79,141.20",79141.2
27,Curb & Gutter Menu (2025),2841 W JACKSON BLVD,"$15,967.04",15967.04
27,"In-Road ""State Law Stop For Pedestrians"" Sign Menu",N WELLS ST & W HILL ST,$350.00,350.0
27,Miscellaneous CDOT Projects (2025),1300 W JACKSON BLVD,$660.00,660.0
27,Miscellaneous CDOT Projects (2025),1500 N CLYBOURN AVE,"$22,063.06",22063.06
27,Miscellaneous CDOT Projects (2025),2700 W MONROE ST,$660.00,660.0
27,Pavement Markings Menu (2025),N WELLS ST & W HILL ST,"$2,300.00",2300.0
27,Pavement Markings Menu (2025),ON S OAKLEY AVE FROM W MONROE ST (100 S) TO W JACKSON BLVD (300 S),"$2,500.00",2500.0
27,Pavement Markings Menu (2025),ON W MONROE ST FROM S LAFLIN ST (1500 W) TO W OGDEN AVE (1630 W),"$8,250.00",8250.0
27,Sidewalk Menu (2025),2817 W FIFTH AVE,"$21,588.55",21588.55
27,Sidewalk Menu (2025),ON N MOHAWK ST FROM N CLYBOURN AVE (1300 N) TO W BLACKHAWK ST (1500 N),"$147,007.86",147007.86
27,Sidewalk Menu (2025),ON N ORLEANS ST FROM W OAK ST (1000 N) TO W HILL ST (1100 N),"$35,530.41",35530.41
27,Sidewalk Menu (2025),ON N RACINE AVE FROM N MILWAUKEE AVE (900 N) TO W AUGUSTA BLVD (1000 N); 918 N RACINE AVE,"$121,211.93",121211.93
27,Sidewalk Menu (2025),ON W SUPERIOR ST FROM N NOBLE ST (1400 W) TO N BISHOP ST (1450 W),"$28,617.38",28617.38
27,Street Bump Outs Menu (2025),W MONROE ST & S LAFLIN ST,"$32,000.00",32000.0
27,Street Bump Outs Menu (2025),W WASHINGTON BLVD & N DAMEN AVE,"$2,361.51",2361.51
27,Street Light Upgrade Menu (2025),731 N SPAULDING AVE,$500.00,500.0
27,Street Resurfacing Menu (2025),ON N CARPENTER ST FROM W HUBBARD ST (440 N) TO W GRAND AVE (500 N),"$13,701.01",13701.01
27,Street Resurfacing Menu (2025),ON N ELIZABETH ST FROM W RANDOLPH ST (150 N) TO W CARROLL AVE (340 N),"$87,085.72",87085.72
27,Street Resurfacing Menu (2025),ON N GREEN ST FROM W HUBBARD ST (440 N) TO W GRAND AVE (500 N),"$46,420.05",46420.05
27,Street Resurfacing Menu (2025),ON N LAWNDALE AVE FROM W CHICAGO AVE (800 N) TO W IOWA ST (900 N),"$69,585.89",69585.89
27,Street Resurfacing Menu (2025),ON N LOOMIS ST FROM W MADISON ST (0 S) TO W WASHINGTON BLVD (100 N),"$27,979.60",27979.6
27,Street Resurfacing Menu (2025),ON N MAY ST FROM N OGDEN AVE (670 N) TO W CHICAGO AVE (800 N),"$40,633.55",40633.55
27,Street Resurfacing Menu (2025),ON N MAY ST FROM W HUBBARD ST (440 N) TO W GRAND AVE (500 N),"$36,891.10",36891.1
27,Street Resurfacing Menu (2025),ON N MORGAN ST FROM W HUBBARD ST (440 N) TO W GRAND AVE (500 N),"$40,702.05",40702.05
27,Street Resurfacing Menu (2025),ON N PEORIA ST FROM W ERIE ST (640 N) TO W ANCONA ST (660 N),"$12,694.93",12694.93
27,Street Resurfacing Menu (2025),ON N THROOP ST FROM W HURON ST (700 N) TO W CHICAGO AVE (800 N),"$57,784.17",57784.17
27,Street Resurfacing Menu (2025),ON S MOZART ST FROM W JACKSON BLVD (300 S) TO W VAN BUREN ST (400 S),"$42,483.20",42483.2
27,Street Resurfacing Menu (2025),ON S SEELEY AVE FROM 40 S TO W MADISON ST (0 S),"$39,870.06",39870.06
27,Street Resurfacing Menu (2025),ON S THROOP ST FROM W ADAMS ST (200 S) TO W JACKSON BLVD (300 S),"$45,229.20",45229.2
27,Street Resurfacing Menu (2025),ON W CORTEZ ST FROM 1349 W TO N MILWAUKEE AVE (1300 W),"$53,121.12",53121.12
27,Street Resurfacing Menu (2025),ON W FERDINAND ST FROM N LEAVITT ST (2200 W) TO N OAKLEY BLVD (2300 W),"$32,532.25",32532.25
27,Street Resurfacing Menu (2025),ON W GRENSHAW ST FROM S DAMEN AVE (2000 W) TO S HAMILTON AVE (2200 W),"$155,603.51",155603.51
27,Street Speed Hump Menu (2025),ON N AVERS AVE FROM W HURON ST (700 N) TO W CHICAGO AVE (800 N),"$4,880.00",4880.0
27,Street Speed Hump Menu (2025),ON S FRANCISCO AVE FROM W ADAMS ST (200 S) TO W JACKSON BLVD (300 S),"$2,440.00",2440.0
27,Street Speed Hump Menu (2025),ON S OAKLEY AVE FROM W MADISON ST (0 S) TO W VAN BUREN ST (400 S),"$9,760.00",9760.0
27,Street Speed Hump Menu (2025),ON S SEELEY AVE FROM 40 S TO W MADISON ST (0 S),"$2,440.00",2440.0
27,Street Speed Hump Replacement (2025),ON N GREEN ST FROM W HUBBARD ST (440 N) TO W GRAND AVE (500 N),$0.00,0.0
27,Street Speed Hump Replacement (2025),ON N LAWNDALE AVE FROM W CHICAGO AVE (800 N) TO W IOWA ST (900 N),$0.00,0.0
28,Alley Resurfacing Menu (2025),2420 W GRENSHAW ST; W GRENSHAW ST & S WESTERN AVE&S CAMPBELL AVE & W,"$43,286.95",43286.95
28,Alley Resurfacing Menu (2025),FILLMORE ST 2420 W TAYLOR ST; W TAYLOR ST & S WESTERN AVE&S CAMPBELL AVE & W ARTHINGTON ST,"$43,488.97",43488.97
28,Alley Resurfacing Menu (2025),S SACRAMENTO BLVD & W ROOSEVELT RD&W FILLMORE ST & S WHIPPLE ST,"$47,641.60",47641.6
28,Alley Resurfacing Menu (2025),W 12TH PL & S FAIRFIELD AVE&S CALIFORNIA BLVD & W 14TH ST,"$65,782.52",65782.52
28,Alley Resurfacing Menu (2025),W 12TH PL & S WASHTENAW AVE&S FAIRFIELD AVE & W 14TH ST,"$34,311.52",34311.52
28,Alley Resurfacing Menu (2025),W BOWLER ST & W POLK ST&S LEAVITT ST & W OGDEN AVE,"$53,419.99",53419.99
28,Alley Resurfacing Menu (2025),W CONGRESS PKWY & S SPAULDING AVE&S HOMAN AVE & W VAN BUREN ST,"$14,106.63",14106.63
28,Alley Resurfacing Menu (2025),W FIFTH AVE & S WHIPPLE ST&S SACRAMENTO BLVD & W JACKSON BLVD; 3010 W JACKSON BLVD,"$63,476.94",63476.94
28,Alley Resurfacing Menu (2025),W FILLMORE ST & S MOZART ST&S FRANCISCO AVE & W ROOSEVELT RD,"$40,988.35",40988.35
28,Alley Resurfacing Menu (2025),W FILLMORE ST & S WHIPPLE ST&S ALBANY AVE & W ROOSEVELT RD,"$46,210.53",46210.53
28,Alley Resurfacing Menu (2025),W FULTON ST & N KOSTNER AVE&N KILBOURN AVE & W LAKE ST,"$10,705.86",10705.86
28,Alley Resurfacing Menu (2025),W HARRISON ST & S CALIFORNIA AVE&S FRANCISCO AVE & W FLOURNOY ST,"$34,822.54",34822.54
28,Alley Resurfacing Menu (2025),W HARRISON ST & S WASHTENAW AVE&S CALIFORNIA AVE & W FLOURNOY ST,"$33,588.84",33588.84
28,Alley Resurfacing Menu (2025),W JACKSON BLVD & S ALBANY AVE&S TROY ST & W FIFTH AVE,"$63,802.38",63802.38
28,Alley Resurfacing Menu (2025),W TAYLOR ST & S LOOMIS ST&S ADA ST & W ARTHINGTON ST,"$5,253.09",5253.09
28,Alley Resurfacing Menu (2025),W VAN BUREN ST & S ST LOUIS AVE&S CENTRAL PARK AVE & W CONGRESS PKWY,"$51,463.62",51463.62
28,Alley Speed Hump Menu (2025),W LEXINGTON ST & S CAMPBELL AVE&S MAPLEWOOD AVE & W POLK ST,$725.00,725.0
28,Alley Speed Hump Menu (2025),W WASHINGTON BLVD & N CICERO AVE&N LAMON AVE & W MADISON ST,"$1,450.00",1450.0
28,Alley Speed Hump Menu (2025),W WILCOX ST & S SPRINGFIELD AVE&S HAMLIN BLVD & W ADAMS ST,"$2,175.00",2175.0
28,Alley Speed Hump Replacement (2025),S SACRAMENTO BLVD & W ROOSEVELT RD&W FILLMORE ST & S WHIPPLE ST,$0.00,0.0
28,Alley Speed Hump Replacement (2025),W 12TH PL & S FAIRFIELD AVE&S CALIFORNIA BLVD & W 14TH ST,$0.00,0.0
28,Alley Speed Hump Replacement (2025),W 12TH PL & S WASHTENAW AVE&S FAIRFIELD AVE & W 14TH ST,$0.00,0.0
28,Alley Speed Hump Replacement (2025),W BOWLER ST & W POLK ST&S LEAVITT ST & W OGDEN AVE,$0.00,0.0
28,Alley Speed Hump Replacement (2025),W CONGRESS PKWY & S SPAULDING AVE&S HOMAN AVE & W VAN BUREN ST,$0.00,0.0
28,Alley Speed Hump Replacement (2025),W GRENSHAW ST & S WESTERN AVE&S CAMPBELL AVE & W FILLMORE ST; 2420 W GRENSHAW ST,$0.00,0.0
28,Alley Speed Hump Replacement (2025),W HARRISON ST & S CALIFORNIA AVE&S FRANCISCO AVE & W FLOURNOY ST,$0.00,0.0
28,Alley Speed Hump Replacement (2025),W JACKSON BLVD & S ALBANY AVE&S TROY ST & W FIFTH AVE,$0.00,0.0
28,Alley Speed Hump Replacement (2025),W TAYLOR ST & S WESTERN AVE&S CAMPBELL AVE & W ARTHINGTON ST; 2420 W TAYLOR ST,$0.00,0.0
28,Miscellaneous CDOT Projects (2025),1101 S DESPLAINES ST,$660.00,660.0
28,Miscellaneous CDOT Projects (2025),3521 W MADISON ST,$300.00,300.0
28,Miscellaneous CDOT Projects (2025),3842 W WEST END AVE,$150.00,150.0
28,Miscellaneous CDOT Projects (2025),4937 W ADAMS ST,$150.00,150.0
28,"New Receptacle controller, Smart fixtures with outlets. Street Cul-de-Sac Menu (2025)",2440 W WASHBURNE AVE,"$36,660.41",36660.41
28,Sidewalk Menu (2025),440 N KILBOURN AVE,"$40,410.11",40410.11
28,Sidewalk Menu (2025),ON S SACRAMENTO AVE FROM W JACKSON BLVD (300 S) TO W VAN BUREN ST (400 S),"$155,944.77",155944.77
28,"Special Lighting Upgrade, People Plaza at Bishop & Taylor;",S BISHOP ST & W TAYLOR ST,"$145,000.00",145000.0
28,Street Cul-de-Sac Menu (2025),2900 W TAYLOR ST,"$4,369.88",4369.88
28,Street Light Pole Painting Menu (2025),S CENTRAL PARK AVE & W FIFTH AVE; S CENTRAL PARK BLVD & W JACKSON BLVD,"$8,120.00",8120.0
28,Street Resurfacing Menu (2025),ON S CHRISTIANA AVE FROM W GLADYS AVE (340 S) TO W VAN BUREN ST (400 S),"$30,184.23",30184.23
28,Street Resurfacing Menu (2025),ON S CLAREMONT AVE FROM W CONGRESS PKWY (500 S) TO W HARRISON ST (600 S),"$34,325.92",34325.92
28,Street Resurfacing Menu (2025),ON S MILLARD AVE FROM W FIFTH AVE (500 S) TO W CONGRESS PKWY (520 S),"$19,079.56",19079.56
28,Street Resurfacing Menu (2025),ON S MORGAN ST FROM W ROOSEVELT RD (1200 S) TO W 14TH ST (1400 S),"$15,293.23",15293.23
28,Street Resurfacing Menu (2025),ON S RICHMOND ST FROM W FILLMORE ST (1100 S) TO W ROOSEVELT RD (1200 S),"$45,869.33",45869.33
28,Street Resurfacing Menu (2025),ON S ST LOUIS AVE FROM W FIFTH AVE (330 S) TO W CONGRESS PKWY (500 S),"$38,183.30",38183.3
28,Street Resurfacing Menu (2025),ON W 13TH ST FROM S OAKLEY AVE (2300 W) TO S WESTERN AVE (2400 W),"$73,502.19",73502.19
28,Street Resurfacing Menu (2025),ON W 14TH ST FROM S FAIRFIELD AVE (2730 W) TO S CALIFORNIA BLVD (2800 W),"$21,758.55",21758.55
28,Street Resurfacing Menu (2025),ON W FILLMORE ST FROM S CALIFORNIA AVE (2800 W) TO S FRANCISCO AVE (2900 W),"$71,331.04",71331.04
28,Street Speed Hump Menu (2025),ON W POLK ST FROM S OAKLEY BLVD (2300 W) TO S WESTERN AVE (2400 W),"$1,632.92",1632.92
28,Street Speed Hump Replacement (2025),ON S ST LOUIS AVE FROM W FIFTH AVE (330 S) TO W CONGRESS PKWY (500 S),$0.00,0.0
28,Street Speed Hump Replacement (2025),ON W 14TH ST FROM S FAIRFIELD AVE (2730 W) TO S CALIFORNIA BLVD (2800 W),$0.00,0.0
28,Street Speed Hump Replacement (2025),ON W FILLMORE ST FROM S CALIFORNIA AVE (2800 W) TO S FRANCISCO AVE (2900 W),$0.00,0.0
28,Viaduct Improvement Menu (2025),2543 W OGDEN AVE,"$68,266.39",68266.39
29,Alley Resurfacing Menu (2025),5825 W AUGUSTA BLVD; W AUGUSTA BLVD & N MAYFIELD AVE&N MENARD AVE & W WALTON ST,"$26,479.40",26479.4
29,Alley Resurfacing Menu (2025),N MAJOR AVE & W NORTH AVE&W WABANSIA AVE & N MANGO AVE,"$42,034.32",42034.32
29,Alley Resurfacing Menu (2025),N MAYFIELD AVE & W LE MOYNE ST&W NORTH AVE & N MASON AVE,"$57,824.47",57824.47
29,Alley Resurfacing Menu (2025),N MAYFIELD AVE & W THOMAS ST&W AUGUSTA BLVD & N MONITOR AVE,"$35,347.85",35347.85
29,Alley Resurfacing Menu (2025),N MONITOR AVE & W POTOMAC AVE&W HIRSCH ST & N MAYFIELD AVE,"$42,961.33",42961.33
29,Alley Resurfacing Menu (2025),N NATCHEZ AVE & W CORTLAND ST&W BLOOMINGDALE AVE & N NAGLE AVE,"$34,639.46",34639.46
29,Alley Resurfacing Menu (2025),S MAYFIELD AVE & W FILLMORE ST&W ARTHINGTON ST & S MASON AVE,"$43,657.75",43657.75
29,Alley Resurfacing Menu (2025),W POTOMAC AVE & N MENARD AVE&N MASSASOIT AVE & W DIVISION ST,"$47,417.94",47417.94
29,Alley Speed Hump Menu (2025),852 N WALLER AVE,$725.00,725.0
29,Alley Speed Hump Menu (2025),W POTOMAC AVE & N WALLER AVE&N PARKSIDE AVE & W DIVISION ST,"$1,450.00",1450.0
29,Alley Speed Hump Replacement (2025),5825 W AUGUSTA BLVD; W AUGUSTA BLVD & N MAYFIELD AVE&N MENARD AVE & W WALTON ST,$0.00,0.0
29,Alley Speed Hump Replacement (2025),N MAJOR AVE & W NORTH AVE&W WABANSIA AVE & N MANGO AVE,$0.00,0.0
29,Alley Speed Hump Replacement (2025),N MAYFIELD AVE & W LE MOYNE ST&W NORTH AVE & N MASON AVE,$0.00,0.0
29,Alley Speed Hump Replacement (2025),N MAYFIELD AVE & W THOMAS ST&W AUGUSTA BLVD & N MONITOR AVE,$0.00,0.0
29,Alley Speed Hump Replacement (2025),N MONITOR AVE & W POTOMAC AVE&W HIRSCH ST & N MAYFIELD AVE,$0.00,0.0
29,Alley Speed Hump Replacement (2025),S MAYFIELD AVE & W FILLMORE ST&W ARTHINGTON ST & S MASON AVE,$0.00,0.0
29,Alley Speed Hump Replacement (2025),W POTOMAC AVE & N MENARD AVE&N MASSASOIT AVE & W DIVISION ST,$0.00,0.0
29,Bollard Menu (2025),7039 W GRAND AVE; 2379 N NORDICA AVE,"$1,292.35",1292.35
29,Harambee Community Garden - 445 N Waller Ave -,445 N WALLER AVE,"$10,650.00",10650.0
29,installation of pergola and lighting Miscellaneous CDOT Projects (2025),1204 N MASON AVE,$660.00,660.0
29,Miscellaneous CDOT Projects (2025),48 N PINE AVE,$150.00,150.0
29,Miscellaneous CDOT Projects (2025),5500 W NORTH AVE,$660.00,660.0
29,Rutherford Sayer Park - Nature Play Space,6871 W BELDEN AVE,"$25,000.00",25000.0
29,Sidewalk Menu (2025),5837-5839 W ARTHINGTON ST,"$26,311.10",26311.1
29,Speed Indicator Signs (2025),2052 N OAK PARK AVE,"$32,620.70",32620.7
29,Street Bump Outs Menu (2025),N WALLER AVE & W WASHINGTON BLVD,"$20,000.00",20000.0
29,Street Bump Outs Menu (2025),S AUSTIN BLVD & W ARTHINGTON ST,"$20,000.00",20000.0
29,Street Bump Outs Menu (2025),W FILLMORE ST & S MENARD AVE,"$25,135.24",25135.24
29,Street Light Pole for High Definition Camera Menu (2025),2052 N OAK PARK AVE,"$3,000.00",3000.0
29,Street Light Upgrade Menu (2025),1836 N NORMANDY AVE,$500.00,500.0
29,Street Light Upgrade Menu (2025),5026-5028 W CONGRESS PKWY,$500.00,500.0
29,Street Light Upgrade Menu (2025),5508 W JACKSON BLVD,$500.00,500.0
29,Street Resurfacing Menu (2025),ON N MASON AVE FROM W HIRSCH ST (1400 N) TO W LE MOYNE ST (1500 N),"$52,993.90",52993.9
29,Street Resurfacing Menu (2025),ON N MASON AVE FROM W MADISON ST (0 S) TO W WASHINGTON BLVD (100 N),"$9,684.86",9684.86
29,Street Resurfacing Menu (2025),ON N MASON AVE FROM W WASHINGTON BLVD (100 N) TO W FULTON ST (300 N),"$61,771.06",61771.06
29,Street Resurfacing Menu (2025),ON N MELVINA AVE FROM W NORTH AVE (1600 N) TO W WABANSIA AVE (1700 N),"$54,211.01",54211.01
29,Street Resurfacing Menu (2025),ON N MENARD AVE FROM W AUGUSTA BLVD (1000 N) TO W THOMAS ST (1100 N),"$55,706.99",55706.99
29,Street Resurfacing Menu (2025),ON N MENARD AVE FROM W LE MOYNE ST (1500 N) TO W NORTH AVE (1600 N),"$41,367.47",41367.47
29,Street Resurfacing Menu (2025),ON N MONITOR AVE FROM W AUGUSTA BLVD (1000 N) TO W DIVISION ST (1200 N),"$101,605.27",101605.27
29,Street Resurfacing Menu (2025),ON N MOODY AVE FROM W WABANSIA AVE (1700 N) TO W BLOOMINGDALE AVE (1800 N),"$55,342.66",55342.66
29,Street Resurfacing Menu (2025),ON N NATOMA AVE FROM W BLOOMINGDALE AVE (1800 N) TO W CORTLAND ST (1900 N),"$66,211.86",66211.86
29,Street Resurfacing Menu (2025),ON N OCONTO AVE FROM W WELLINGTON AVE (3000 N) TO W BELMONT AVE (3200 N),"$99,277.12",99277.12
29,Street Resurfacing Menu (2025),ON N OKETO AVE FROM W BARRY AVE (3100 N) TO W BELMONT AVE (3200 N),"$56,779.64",56779.64
29,Street Resurfacing Menu (2025),ON W CONGRESS PKWY FROM S LAVERGNE AVE (5000 W) TO S LEAMINGTON AVE (5100 W),"$105,439.45",105439.45
29,Street Resurfacing Menu (2025),ON W MIDWAY PARK FROM 5709 W TO N MAYFIELD AVE (5900 W),"$109,739.70",109739.7
29,Street Resurfacing Menu (2025),ON W OHIO ST FROM N MAYFIELD AVE (5900 W) TO N AUSTIN BLVD (6000 W),"$58,630.92",58630.92
29,Street Resurfacing Menu (2025),ON W SUPERIOR ST FROM N AUSTIN BLVD (6000 W) TO N MAYFIELD AVE (5900 W),"$22,636.17",22636.17
29,Street Speed Hump Menu (2025),ON N MEADE AVE FROM W NORTH AVE (1600 N) TO W WABANSIA AVE (1700 N),"$4,880.00",4880.0
29,Street Speed Hump Menu (2025),ON N NORDICA AVE FROM W ALTGELD ST (2500 N) TO W WRIGHTWOOD AVE (2600 N),"$4,880.00",4880.0
29,Street Speed Hump Menu (2025),ON N NORDICA AVE FROM W WABANSIA AVE (1700 N) TO W BLOOMINGDALE AVE (1800 N),"$4,880.00",4880.0
29,Street Speed Hump Menu (2025),ON N PARKSIDE AVE FROM W LAKE ST (420 N) TO W RACE AVE (500 N),"$2,440.00",2440.0
29,Street Speed Hump Menu (2025),ON S LAVERGNE AVE FROM W CONGRESS PKWY (500 S) TO W HARRISON ST (600 S),"$2,440.00",2440.0
29,Street Speed Hump Menu (2025),ON W DICKENS AVE FROM N NORDICA AVE (7100 W) TO N NEVA AVE (7150 W),"$2,440.00",2440.0
29,Street Speed Hump Menu (2025),ON W WABANSIA AVE FROM N NEWLAND AVE (6930 W) TO N SAYRE AVE (7000 W),"$2,440.00",2440.0
29,Street Speed Hump Menu (2025),ON W WABANSIA AVE FROM N NORDICA AVE (7100 W) TO N NEVA AVE (7150 W),"$2,440.00",2440.0
29,Street Speed Hump Replacement (2025),ON N MASON AVE FROM W MADISON ST (0 S) TO W WASHINGTON BLVD (100 N),$0.00,0.0
29,Street Speed Hump Replacement (2025),ON N MASON AVE FROM W WASHINGTON BLVD (100 N) TO W FULTON ST (300 N),$0.00,0.0
29,Street Speed Hump Replacement (2025),ON N MENARD AVE FROM W AUGUSTA BLVD (1000 N) TO W THOMAS ST (1100 N),$0.00,0.0
29,Street Speed Hump Replacement (2025),ON N MONITOR AVE FROM W AUGUSTA BLVD (1000 N) TO W DIVISION ST (1200 N),$0.00,0.0
29,Street Speed Hump Replacement (2025),ON N NATOMA AVE FROM W BLOOMINGDALE AVE (1800 N) TO W CORTLAND ST (1900 N),$0.00,0.0
29,Street Speed Hump Replacement (2025),ON N OKETO AVE FROM W BARRY AVE (3100 N) TO W BELMONT AVE (3200 N),$0.00,0.0
29,Street Speed Hump Replacement (2025),ON W CONGRESS PKWY FROM S LAVERGNE AVE (5000 W) TO S LEAMINGTON AVE (5100 W),$0.00,0.0
29,Veteran's Peace Community Garden Improvements -,5413 W MADISON ST,"$15,000.00",15000.0
30,(2025) Miscellaneous CDOT Projects (2025),3600 N LINDER AVE,$660.00,660.0
30,Alley Apron Menu (2025),4014 W PATTERSON AVE,"$18,400.44",18400.44
30,Alley Apron Menu (2025),4252-4256 W GRACE ST,"$19,002.61",19002.61
30,Alley Resurfacing Menu (2025),4140 W HENDERSON ST; W HENDERSON ST & N KEDVALE AVE&N KEELER AVE & W ROSCOE ST,"$42,127.01",42127.01
30,Alley Resurfacing Menu (2025),W ADDISON ST & N MEADE AVE&N MELVINA AVE & W EDDY ST; 6101 W ADDISON ST,"$29,262.77",29262.77
30,Alley Resurfacing Menu (2025),W PATTERSON AVE & N LECLAIRE AVE&N LARAMIE AVE & W ADDISON ST; 5101 W PATTERSON AVE,"$26,942.91",26942.91
30,Alley Speed Hump Menu (2025),N MAJOR AVE & W DIVERSEY AVE&W GEORGE ST & N PARKSIDE AVE,"$2,900.00",2900.0
30,Alley Speed Hump Removal Menu (2025),N MAJOR AVE & W DIVERSEY AVE&W GEORGE ST & N PARKSIDE AVE,"$2,900.00",2900.0
30,Alley Speed Hump Replacement (2025),4140 W HENDERSON ST; W HENDERSON ST & N KEDVALE AVE&N KEELER AVE & W,$0.00,0.0
30,Alley Speed Hump Replacement (2025),ROSCOE ST W PATTERSON AVE & N LECLAIRE AVE&N LARAMIE AVE & W ADDISON ST; 5101 W PATTERSON AVE,$0.00,0.0
30,Bollard Menu (2025),5943 W ROSCOE ST,"$2,182.48",2182.48
30,"In-Road ""State Law Stop For Pedestrians"" Sign Menu",W BELMONT AVE & N MEADE AVE,$600.00,600.0
30,Miscellaneous CDOT Projects (2025),3600 N MILWAUKEE AVE,$660.00,660.0
30,Miscellaneous CDOT Projects (2025),3701 N HARDING AVE,$660.00,660.0
30,Miscellaneous CDOT Projects (2025),5601 W GRAND AVE,"$33,500.00",33500.0
30,Pavement Markings Menu (2025),2941 N MCVICKER AVE; 3231 N SPRINGFIELD AVE; 3815 N KEDVALE AVE,"$60,000.00",60000.0
30,Pavement Markings Menu (2025),ON W BELMONT AVE FROM N PULASKI RD (4000 W) TO N KILBOURN AVE (4500 W),"$6,500.00",6500.0
30,Pavement Markings Menu (2025),W BELMONT AVE & N KARLOV AVE,"$4,000.00",4000.0
30,Sidewalk Menu (2025),3633 N SPRINGFIELD AVE; 3642 N SPRINGFIELD AVE; 3652 N SPRINGFIELD AVE,"$36,145.28",36145.28
30,Sidewalk Menu (2025),3663 N AVERS AVE; 3600 N AVERS AVE; 3634 N AVERS AVE; 3640 N AVERS AVE,"$43,984.52",43984.52
30,Sidewalk Menu (2025),4157-4200 W HENDERSON ST,"$18,110.75",18110.75
30,Sidewalk Menu (2025),5637 W SCHOOL ST,"$2,178.59",2178.59
30,Sidewalk Menu (2025),5835 W DIVERSEY AVE,"$56,727.46",56727.46
30,Sidewalk Menu (2025),ON N HARDING AVE FROM W ADDISON ST (3600 N) TO W WAVELAND AVE (3700 N),"$36,115.76",36115.76
30,Street Bump Outs Menu (2025),N KEELER AVE & W GRACE ST,"$21,901.80",21901.8
30,Street Bump Outs Menu (2025),N KEELER AVE & W WAVELAND AVE,"$4,255.64",4255.64
30,Street Light Upgrade Menu (2025),6046 W CORNELIA AVE,$500.00,500.0
30,Street Resurfacing Menu (2025),ON N LAWNDALE AVE FROM W GRACE ST (3800 N) TO W BYRON ST (3900 N),"$59,364.63",59364.63
30,Street Resurfacing Menu (2025),ON N LOWELL AVE FROM W WAVELAND AVE (3700 N) TO W BYRON ST (3900 N),"$118,379.01",118379.01
30,Street Resurfacing Menu (2025),ON N MEADE AVE FROM W SCHUBERT AVE (2700 N) TO W DIVERSEY AVE (2800 N),"$53,455.69",53455.69
30,Street Resurfacing Menu (2025),ON N MELVINA AVE FROM W BELMONT AVE (3200 N) TO W ROSCOE ST (3400 N),"$140,619.31",140619.31
30,Street Resurfacing Menu (2025),ON N MENARD AVE FROM W ALTGELD ST (2500 N) TO W WRIGHTWOOD AVE (2600 N),"$60,768.59",60768.59
30,Street Resurfacing Menu (2025),ON W DAKIN ST FROM N SPRINGFIELD AVE (3900 W) TO N PULASKI RD (4000 W),"$38,310.17",38310.17
30,Street Resurfacing Menu (2025),ON W EDDY ST FROM N SPRINGFIELD AVE (3900 W) TO N PULASKI RD (4000 W),"$50,299.15",50299.15
30,Street Resurfacing Menu (2025),ON W MELROSE ST FROM N LOCKWOOD AVE (5300 W) TO N LONG AVE (5400 W),"$53,904.04",53904.04
30,Street Resurfacing Menu (2025),ON W PATTERSON AVE FROM 4058 W TO N PULASKI RD (4000 W),"$55,476.62",55476.62
30,Street Resurfacing Menu (2025),ON W ROSCOE ST FROM N LAWNDALE AVE (3700 W) TO N HAMLIN AVE (3800 W),"$67,113.10",67113.1
30,Street Speed Hump Menu (2025),ON N KILDARE AVE FROM W CORNELIA AVE (3500 N) TO N MILWAUKEE AVE (3580 N),"$2,440.00",2440.0
30,Street Speed Hump Menu (2025),ON N LAWNDALE AVE FROM W GRACE ST (3800 N) TO W BYRON ST (3900 N),"$4,880.00",4880.0
30,Street Speed Hump Menu (2025),ON N MAJOR AVE FROM W EDDY ST (3530 N) TO W ADDISON ST (3600 N),"$2,440.00",2440.0
30,Street Speed Hump Menu (2025),ON N MAJOR AVE FROM W WRIGHTWOOD AVE (2600 N) TO W SCHUBERT AVE (2700 N),"$4,880.00",4880.0
30,Street Speed Hump Menu (2025),ON N MEADE AVE FROM W SCHUBERT AVE (2700 N) TO W DIVERSEY AVE (2800 N),"$4,880.00",4880.0
30,Street Speed Hump Menu (2025),ON N MELVINA AVE FROM W GEORGE ST (2900 N) TO W WELLINGTON AVE (3000 N),"$4,880.00",4880.0
30,Street Speed Hump Menu (2025),ON N RIDGEWAY AVE FROM W SCHOOL ST (3300 N) TO W ROSCOE ST (3400 N),"$4,880.00",4880.0
30,Street Speed Hump Menu (2025),ON W CORNELIA AVE FROM N MEADE AVE (6100 W) TO N MELVINA AVE (6200 W),"$4,880.00",4880.0
30,Street Speed Hump Menu (2025),ON W WARWICK AVE FROM N CICERO AVE (4800 W) TO N LAMON AVE (4900 W),"$4,880.00",4880.0
30,Street Speed Hump Replacement (2025),ON N MELVINA AVE FROM W BELMONT AVE (3200 N) TO W ROSCOE ST (3400 N),$0.00,0.0
30,Street Speed Hump Replacement (2025),ON N MENARD AVE FROM W ALTGELD ST (2500 N) TO W WRIGHTWOOD AVE (2600 N),$0.00,0.0
30,Street Speed Hump Replacement (2025),ON W EDDY ST FROM N SPRINGFIELD AVE (3900 W) TO N PULASKI RD (4000 W); 3900 W EDDY ST,$0.00,0.0
31,Alley Apron Menu (2025),2951 N LONG AVE,"$16,423.46",16423.46
31,Alley Resurfacing Menu (2025),2300-2358 N KOSTNER AVE; N KOSTNER AVE & W BELDEN AVE&W FULLERTON AVE & N KENNETH AVE,"$4,761.23",4761.23
31,Alley Resurfacing Menu (2025),2800 N LONG AVE; N LONG AVE & W DIVERSEY AVE&W GEORGE ST & N LOTUS AVE,"$40,104.20",40104.2
31,Alley Resurfacing Menu (2025),5400 W FULLERTON AVE; W FULLERTON AVE & N LONG AVE&N LOTUS AVE & W ALTGELD ST,"$46,655.10",46655.1
31,Alley Resurfacing Menu (2025),N KENNETH AVE & W GEORGE ST&W WELLINGTON AVE & N KILBOURN AVE,"$41,789.44",41789.44
31,Alley Resurfacing Menu (2025),N KENNETH AVE & W WELLINGTON AVE&W BARRY AVE & N KILBOURN AVE,"$34,544.44",34544.44
31,Alley Resurfacing Menu (2025),W ALTGELD ST & N KILPATRICK AVE&N CICERO AVE & W DEMING PL,"$39,393.49",39393.49
31,Alley Resurfacing Menu (2025),W BELDEN AVE & N LAMON AVE&N LAVERGNE AVE & W MEDILL AVE,"$31,375.97",31375.97
31,Alley Resurfacing Menu (2025),W DEMING PL & N KILBOURN AVE&N KENTON AVE & W WRIGHTWOOD AVE,"$43,163.35",43163.35
31,Alley Resurfacing Menu (2025),W DEMING PL & N KOSTNER AVE&N KILBOURN AVE & W WRIGHTWOOD AVE,"$34,591.95",34591.95
31,Alley Resurfacing Menu (2025),W NELSON ST & N LAVERGNE AVE&N LECLAIRE AVE & W BARRY AVE,"$37,339.77",37339.77
31,Alley Speed Hump Replacement (2025),5400 W FULLERTON AVE; W FULLERTON AVE & N LONG AVE&N LOTUS AVE & W ALTGELD ST,$0.00,0.0
31,Alley Speed Hump Replacement (2025),N KENNETH AVE & W GEORGE ST&W WELLINGTON AVE & N KILBOURN AVE,$0.00,0.0
31,Alley Speed Hump Replacement (2025),N KENNETH AVE & W WELLINGTON AVE&W BARRY AVE & N KILBOURN AVE,$0.00,0.0
31,Alley Speed Hump Replacement (2025),W ALTGELD ST & N KILPATRICK AVE&N CICERO AVE & W DEMING PL,$0.00,0.0
31,Alley Speed Hump Replacement (2025),W BELDEN AVE & N LAMON AVE&N LAVERGNE AVE & W MEDILL AVE,$0.00,0.0
31,Alley Speed Hump Replacement (2025),W DEMING PL & N KILBOURN AVE&N KENTON AVE & W WRIGHTWOOD AVE,$0.00,0.0
31,Alley Speed Hump Replacement (2025),W DEMING PL & N KOSTNER AVE&N KILBOURN AVE & W WRIGHTWOOD AVE,$0.00,0.0
31,Alley Speed Hump Replacement (2025),W NELSON ST & N LAVERGNE AVE&N LECLAIRE AVE & W BARRY AVE,$0.00,0.0
31,Curb & Gutter Menu (2025),5307 W SCHUBERT AVE,"$24,817.99",24817.99
31,Floodlight Menu (2025),2318 N LAVERGNE AVE,"$5,750.00",5750.0
31,Sidewalk Menu (2025),3111 N KOSTNER AVE,"$5,715.44",5715.44
31,Sidewalk Menu (2025),4175 W FLETCHER ST,"$2,305.86",2305.86
31,Sidewalk Menu (2025),5019 W WRIGHTWOOD AVE,"$4,755.95",4755.95
31,Sidewalk Menu (2025),5420 W DRUMMOND PL; 5434 W DRUMMOND PL; 5418 W DRUMMOND PL,"$5,651.82",5651.82
31,Sidewalk Menu (2025),ON N AVERS AVE FROM W WELLINGTON AVE (3000 N) TO N MILWAUKEE AVE (3110 N);,"$128,764.34",128764.34
31,Sidewalk Menu (2025),3010-3072 N AVERS AVE ON N HAUSSEN CT FROM W BARRY AVE (3030 N) TO N MILWAUKEE AVE (3134 N); 3040-3102 N HAUSSEN CT; 3037-3107 N HAUSSEN CT,"$198,511.25",198511.25
31,Street Light Upgrade Menu (2025),2318 N LAVERGNE AVE,"$1,500.00",1500.0
31,Street Resurfacing Menu (2025),ON N HAMLIN AVE FROM W WELLINGTON AVE (3000 N) TO N MILWAUKEE AVE (3070 N),"$54,849.87",54849.87
31,Street Resurfacing Menu (2025),ON N KILBOURN AVE FROM W BELDEN AVE (2300 N) TO W FULLERTON AVE (2400 N),"$66,203.83",66203.83
31,Street Resurfacing Menu (2025),ON N KILBOURN AVE FROM W WRIGHTWOOD AVE (2570 N) TO W PARKER AVE (2740 N),"$98,964.38",98964.38
31,Street Resurfacing Menu (2025),ON N KNOX AVE FROM W BARRY AVE (3100 N) TO W BELMONT AVE (3200 N),"$52,817.74",52817.74
31,Street Resurfacing Menu (2025),ON N KOSTNER AVE FROM W GEORGE ST (2900 N) TO W WELLINGTON AVE (3000 N); 2920-2930 N KOSTNER AVE,"$59,512.50",59512.5
31,Street Resurfacing Menu (2025),ON N LOREL AVE FROM W FULLERTON AVE (2400 N) TO W ALTGELD ST (2500 N),"$48,231.62",48231.62
31,Street Resurfacing Menu (2025),ON W BELDEN AVE FROM N KOSTNER AVE (4400 W) TO N KENNETH AVE (4430 W),"$39,592.99",39592.99
31,Street Resurfacing Menu (2025),ON W DEMING PL FROM N LAVERGNE AVE (5000 W) TO N LECLAIRE AVE (5100 W),"$56,131.32",56131.32
31,Street Resurfacing Menu (2025),ON W PARKER AVE FROM N LECLAIRE AVE (5100 W) TO N LARAMIE AVE (5200 W),"$55,583.86",55583.86
31,Street Resurfacing Menu (2025),ON W PARKER AVE FROM N LONG AVE (5400 W) TO N LINDER AVE (5500 W),"$56,937.54",56937.54
31,Street Speed Hump Menu (2025),2520 N KILBOURN AVE; ON N KILBOURN AVE FROM W ALTGELD ST (2500 N) TO W DEMING,"$2,440.00",2440.0
31,Street Speed Hump Menu (2025),PL (2530 N) 2700-2759 N KILPATRICK AVE; ON N KILPATRICK AVE FROM W SCHUBERT AVE (2699 N) TO W DIVERSEY AVE (2800 N),"$4,880.00",4880.0
31,Street Speed Hump Menu (2025),4500 W ALTGELD ST; ON W ALTGELD ST FROM N KILBOURN AVE (4500 W) TO N KENTON,"$4,880.00",4880.0
31,Street Speed Hump Menu (2025),AVE (4600 W) 5028 W DEMING PL; ON W DEMING PL FROM N LAVERGNE AVE (5000 W) TO N LECLAIRE AVE (5100 W),"$4,880.00",4880.0
31,Street Speed Hump Menu (2025),ON N HAMLIN AVE FROM W WELLINGTON AVE (3000 N) TO N MILWAUKEE AVE (3070 N),$0.00,0.0
31,Street Speed Hump Menu (2025),ON N KILBOURN AVE FROM W MONTANA ST (2430 N) TO W ALTGELD ST (2500 N); 2462 N,"$2,440.00",2440.0
31,Street Speed Hump Menu (2025),KILBOURN AVE ON N KILBOURN AVE FROM W WELLINGTON AVE (3000 N) TO W BARRY AVE (3100 N); 3002 N,"$4,880.00",4880.0
31,Street Speed Hump Menu (2025),KILBOURN AVE ON N KNOX AVE FROM W BARRY AVE (3100 N) TO W BELMONT AVE (3200 N); 3132 N KNOX AVE,"$4,880.00",4880.0
31,Street Speed Hump Menu (2025),ON N LAMON AVE FROM W DIVERSEY AVE (2800 N) TO W ROSCOE ST (3400 N),"$21,960.00",21960.0
31,Street Speed Hump Menu (2025),ON N TRIPP AVE FROM W FULLERTON AVE (2400 N) TO W ALTGELD ST (2500 N); 2400 N TRIPP AVE,"$4,880.00",4880.0
31,Street Speed Hump Menu (2025),ON W DRUMMOND PL FROM N LAVERGNE AVE (5000 W) TO N LARAMIE AVE (5200 W),"$4,880.00",4880.0
31,Street Speed Hump Menu (2025),ON W GEORGE ST FROM N KILDARE AVE (4310 W) TO N KOSTNER AVE (4400 W),"$4,880.00",4880.0
31,Street Speed Hump Menu (2025),ON W MEDILL AVE FROM N CICERO AVE (4800 W) TO N LAMON AVE (4900 W),"$4,880.00",4880.0
31,Street Speed Hump Menu (2025),ON W NEWPORT AVE FROM N CICERO AVE (4800 W) TO N LAVERGNE AVE (5000 W),"$12,200.00",12200.0
31,Street Speed Hump Menu (2025),ON W PARKER AVE FROM N CICERO AVE (4800 W) TO N LAMON AVE (4900 W),"$4,880.00",4880.0
31,Street Speed Hump Replacement (2025),ON N KILBOURN AVE FROM W BELDEN AVE (2300 N) TO W FULLERTON AVE (2400 N),$0.00,0.0
31,Street Speed Hump Replacement (2025),ON W PARKER AVE FROM N LECLAIRE AVE (5100 W) TO N LARAMIE AVE (5200 W),$0.00,0.0
32,Alley Apron Menu (2025),2114 W LYNDALE ST,"$2,845.41",2845.41
32,Alley Apron Menu (2025),3542 N SEELEY AVE,"$34,496.73",34496.73
32,Alley Resurfacing Menu (2025),1900-1930 W NORTH AVE; W WABANSIA AVE & N WOLCOTT AVE&N WINCHESTER AVE & W NORTH AVE,"$8,635.53",8635.53
32,Alley Resurfacing Menu (2025),N LINCOLN AVE & W BARRY AVE&N ASHLAND AVE & N LINCOLN AVE,"$53,869.21",53869.21
32,Alley Resurfacing Menu (2025),N WINCHESTER AVE & N ELSTON CT&N LISTER AVE & N DAMEN AVE,"$24,872.57",24872.57
32,Alley Resurfacing Menu (2025),ON W WELLINGTON AVE FROM N LAKEWOOD AVE (1300 W) TO N LINCOLN AVE (1399 W); 2940 N LAKEWOOD AVE,"$47,662.85",47662.85
32,Alley Resurfacing Menu (2025),W ADDISON ST & N BELL AVE&N OAKLEY AVE & W CORNELIA AVE,"$54,102.12",54102.12
32,Alley Resurfacing Menu (2025),W ALTGELD ST & N GREENVIEW AVE&N BOSWORTH AVE & W WRIGHTWOOD AVE,"$17,627.57",17627.57
32,Alley Resurfacing Menu (2025),W ALTGELD ST & N JANSSEN AVE&N GREENVIEW AVE & W FULLERTON AVE,"$46,426.83",46426.83
32,Alley Resurfacing Menu (2025),W ALTGELD ST & N RACINE AVE&N SURREY CT & W MONTANA ST,"$53,253.51",53253.51
32,Alley Resurfacing Menu (2025),W CHARLESTON ST & N OAKLEY AVE&N WESTERN AVE & W DICKENS AVE,"$81,915.96",81915.96
32,Alley Resurfacing Menu (2025),W CORNELIA AVE & N BELL AVE&N OAKLEY AVE & W ROSCOE ST,"$45,899.20",45899.2
32,Alley Resurfacing Menu (2025),W CORNELIA AVE & N LEAVITT ST&N BELL AVE & W ROSCOE ST,"$40,261.03",40261.03
32,Alley Resurfacing Menu (2025),W DIVERSEY PKWY & N RACINE AVE&N MAGNOLIA AVE & W SCHUBERT AVE,"$32,970.83",32970.83
32,Alley Resurfacing Menu (2025),W MCLEAN AVE & N OAKLEY AVE&N WESTERN AVE & W ARMITAGE AVE,"$57,719.80",57719.8
32,Alley Resurfacing Menu (2025),W MONTANA ST & N OAKLEY AVE&N WESTERN AVE & W FULLERTON AVE,"$70,232.17",70232.17
32,Alley Resurfacing Menu (2025),W WRIGHTWOOD AVE & N WAYNE AVE&N SOUTHPORT AVE & W ALTGELD ST,"$52,003.21",52003.21
32,Alley Speed Hump Replacement (2025),N LINCOLN AVE & W BARRY AVE&N ASHLAND AVE & N LINCOLN AVE,$0.00,0.0
32,Alley Speed Hump Replacement (2025),N WINCHESTER AVE & N ELSTON CT&N LISTER AVE & N DAMEN AVE,$0.00,0.0
32,Alley Speed Hump Replacement (2025),W ADDISON ST & N BELL AVE&N OAKLEY AVE & W CORNELIA AVE,$0.00,0.0
32,Alley Speed Hump Replacement (2025),W CHARLESTON ST & N OAKLEY AVE&N WESTERN AVE & W DICKENS AVE,$0.00,0.0
32,Alley Speed Hump Replacement (2025),W CORNELIA AVE & N BELL AVE&N OAKLEY AVE & W ROSCOE ST,$0.00,0.0
32,Alley Speed Hump Replacement (2025),W CORNELIA AVE & N LEAVITT ST&N BELL AVE & W ROSCOE ST,$0.00,0.0
32,Alley Speed Hump Replacement (2025),W WABANSIA AVE & N WOLCOTT AVE&N WINCHESTER AVE & W NORTH AVE; 1900-1930 W,$0.00,0.0
32,Arterial Street Bump Outs Menu (2025),NORTH AVE ON W ARMITAGE AVE FROM N KENNEDY ARMITAGE AV XR (1730 W) TO N DAMEN AVE (2000 W),"$69,961.19",69961.19
32,Curb & Gutter Menu (2025),2247 N OAKLEY AVE,"$9,639.01",9639.01
32,Curb & Gutter Menu (2025),3104 N WOLCOTT AVE,"$6,139.39",6139.39
32,Pavement Markings Menu (2025),1901 N DAMEN AVE,"$3,100.00",3100.0
32,Pavement Markings Menu (2025),ON N WESTERN AVE FROM W SHAKESPEARE AVE (2130 N) TO W PALMER ST (2200 N),"$2,250.00",2250.0
32,Pavement Markings Menu (2025),ON W ADDISON ST FROM N HOYNE AVE (2100 W) TO N CLAREMONT AVE (2330 W),"$2,700.00",2700.0
32,Pavement Markings Menu (2025),W ADDISON ST & N OAKLEY AVE,"$1,350.00",1350.0
32,Sidewalk Menu (2025),3057 N ASHLAND AVE,"$3,233.72",3233.72
32,Street Bump Outs Menu (2025),N WOLCOTT AVE & W SCHOOL ST,$256.84,256.84
32,Street Bump Outs Menu (2025),W BARRY AVE & N RAVENSWOOD AVE,"$24,000.00",24000.0
32,Street Resurfacing Menu (2025),ON N LAKEWOOD AVE FROM W FLETCHER ST (3130 N) TO W BELMONT AVE (3200 N),"$36,970.23",36970.23
32,Street Resurfacing Menu (2025),ON N LAKEWOOD AVE FROM W WELLINGTON AVE (3000 N) TO W NELSON ST (3030 N),"$55,982.54",55982.54
32,Street Resurfacing Menu (2025),ON N OAKLEY AVE FROM W LYNDALE ST (2230 N) TO W BELDEN AVE (2300 N),"$30,192.81",30192.81
32,Street Resurfacing Menu (2025),ON N PAULINA ST FROM W DIVERSEY PKWY (2800 N) TO W BARRY AVE (3100 N),"$219,292.13",219292.13
32,Street Resurfacing Menu (2025),ON W CORTLAND ST FROM N DAMEN AVE (2000 W) TO N HOYNE AVE (2100 W),"$56,790.74",56790.74
32,Street Resurfacing Menu (2025),ON W HENDERSON ST FROM N RAVENSWOOD AVE (1800 W) TO N WOLCOTT AVE (1900 W),"$53,823.51",53823.51
32,Street Resurfacing Menu (2025),ON W MEDILL AVE FROM N OAKLEY AVE (2300 W) TO N WESTERN AVE (2400 W),"$75,591.29",75591.29
32,Street Resurfacing Menu (2025),ON W SCHOOL ST FROM N WOLCOTT AVE (1900 W) TO N DAMEN AVE (2000 W),"$60,251.35",60251.35
32,Street Speed Hump Menu (2025),ON N HERMITAGE AVE FROM W WABANSIA AVE (1700 N) TO W BLOOMINGDALE AVE (1800,"$4,880.00",4880.0
32,Street Speed Hump Menu (2025),N) ON N MARSHFIELD AVE FROM W WRIGHTWOOD AVE (2600 N) TO W DIVERSEY PKWY (2800 N),"$2,440.00",2440.0
32,Street Speed Hump Menu (2025),ON W ALTGELD ST FROM N RACINE AVE (1200 W) TO N SURREY CT (1300 W),"$2,440.00",2440.0
32,Street Speed Hump Menu (2025),ON W BARRY AVE FROM N HOYNE AVE (2100 W) TO N LEAVITT ST (2200 W),"$4,880.00",4880.0
32,Street Speed Hump Menu (2025),ON W CORNELIA AVE FROM N DAMEN AVE (2000 W) TO N HOYNE AVE (2100 W),"$4,880.00",4880.0
32,Street Speed Hump Menu (2025),ON W SCHOOL ST FROM N GREENVIEW AVE (1500 W) TO N ASHLAND AVE (1600 W),"$2,440.00",2440.0
32,Street Speed Hump Menu (2025),ON W WRIGHTWOOD AVE FROM N ASHLAND AVE (1600 W) TO N MARSHFIELD AVE (1630 W),"$2,440.00",2440.0
32,Street Speed Hump Replacement (2025),ON W MEDILL AVE FROM N OAKLEY AVE (2300 W) TO N WESTERN AVE (2400 W),$0.00,0.0
33,Alley Resurfacing Menu (2025),3221 N SACRAMENTO AVE; N SACRAMENTO AVE & W BELMONT AVE&W SCHOOL ST & N RICHMOND ST,"$19,838.12",19838.12
33,Alley Resurfacing Menu (2025),3921 N TROY ST; N TROY ST & W BYRON ST&W IRVING PARK RD & N ALBANY AVE,"$34,387.60",34387.6
33,Alley Resurfacing Menu (2025),N SPAULDING AVE & W LELAND AVE&W LAWRENCE AVE & N SAWYER AVE,"$50,258.50",50258.5
33,Alley Resurfacing Menu (2025),N WHIPPLE ST & W SCHOOL ST&W ROSCOE ST & N ALBANY AVE,"$32,352.82",32352.82
33,Alley Resurfacing Menu (2025),ON W WINDSOR AVE FROM 3720-3756 W TO N HAMLIN AVE (3800 W); 3720-3756 W WINDSOR AVE,"$27,762.93",27762.93
33,Alley Resurfacing Menu (2025),W AGATITE AVE & N LAWNDALE AVE&N HAMLIN AVE & W MONTROSE AVE,"$41,309.32",41309.32
33,Alley Resurfacing Menu (2025),W WILSON AVE & N KEDZIE AVE&N TROY ST & W SUNNYSIDE AVE,"$32,443.20",32443.2
33,Alley Speed Hump Replacement (2025),3921 N TROY ST; N TROY ST & W BYRON ST&W IRVING PARK RD & N ALBANY AVE,$0.00,0.0
33,Alley Speed Hump Replacement (2025),W AGATITE AVE & N LAWNDALE AVE&N HAMLIN AVE & W MONTROSE AVE,$0.00,0.0
33,Alley Speed Hump Replacement (2025),W WILSON AVE & N KEDZIE AVE&N TROY ST & W SUNNYSIDE AVE,$0.00,0.0
33,Curb & Gutter Menu (2025),3434 W LELAND AVE,"$6,492.69",6492.69
33,Miscellaneous CDOT Projects (2025),3705 W LAWRENCE AVE; 4410 N KIMBALL AVE; W IRVING PARK RD & N SACRAMENTO AVE; N KIMBALL AVE & W MONTROSE AVE; 3054 W MONTROSE AVE; 3358 W MONTROSE AVE,"$16,755.00",16755.0
33,Sidewalk Menu (2025),3311 W LAWRENCE AVE,"$20,270.93",20270.93
33,Sidewalk Menu (2025),4702 N KIMBALL AVE,"$13,103.39",13103.39
33,Sidewalk Menu (2025),5008 N KEDZIE AVE,"$17,629.41",17629.41
33,Speed Indicator Signs (2025),N ELSTON AVE & N ALBANY AVE,"$28,300.70",28300.7
33,Street Resurfacing Menu (2025),ON N CENTRAL PARK AVE FROM W IRVING PARK RD (3999 N) TO W BELLE PLAINE AVE (4099 N),"$63,867.18",63867.18
33,Street Resurfacing Menu (2025),ON N CHRISTIANA AVE FROM W MONTROSE AVE (4400 N) TO W SUNNYSIDE AVE (4500 N),"$49,770.68",49770.68
33,Street Resurfacing Menu (2025),ON N FRANCISCO AVE FROM W MONTROSE AVE (4400 N) TO W SUNNYSIDE AVE (4500 N),"$58,871.40",58871.4
33,Street Resurfacing Menu (2025),ON N HAMILTON AVE FROM W WILSON AVE (4600 N) TO W EASTWOOD AVE (4630 N),"$22,101.67",22101.67
33,Street Resurfacing Menu (2025),ON N HAMLIN AVE FROM W EASTWOOD AVE (4630 N) TO W LELAND AVE (4700 N),"$36,184.89",36184.89
33,Street Resurfacing Menu (2025),ON N RICHMOND ST FROM W BELLE PLAINE AVE (4100 N) TO W BERTEAU AVE (4200 N),"$59,683.54",59683.54
33,Street Resurfacing Menu (2025),ON N RICHMOND ST FROM W MONTROSE AVE (4400 N) TO W SUNNYSIDE AVE (4500 N),"$57,545.16",57545.16
33,Street Resurfacing Menu (2025),ON N SPAULDING AVE FROM W BYRON ST (3900 N) TO W IRVING PARK RD (4000 N),"$38,995.74",38995.74
33,Street Resurfacing Menu (2025),ON W AINSLIE ST FROM N LAWNDALE AVE (3700 W) TO N MONTICELLO AVE (3630 W),"$25,738.27",25738.27
33,Street Resurfacing Menu (2025),ON W ROSCOE ST FROM N CALIFORNIA AVE (2800 W) TO N ELSTON AVE (3000 W); 2861 W ROSCOE ST,"$69,699.45",69699.45
33,Street Speed Hump Menu (2025),ON N MOZART ST FROM W IRVING PARK RD (4000 N) TO W BELLE PLAINE AVE (4100 N),"$4,880.00",4880.0
33,Street Speed Hump Menu (2025),ON N SPAULDING AVE FROM W SUNNYSIDE AVE (4500 N) TO W WILSON AVE (4600 N),"$4,880.00",4880.0
33,Street Speed Hump Menu (2025),ON W EASTWOOD AVE FROM N KEDZIE AVE (3200 W) TO N SPAULDING AVE (3300 W),"$4,880.00",4880.0
33,Street Speed Hump Replacement (2025),ON N CHRISTIANA AVE FROM W MONTROSE AVE (4400 N) TO W SUNNYSIDE AVE (4500 N),$0.00,0.0
33,Street Speed Hump Replacement (2025),ON N FRANCISCO AVE FROM W MONTROSE AVE (4400 N) TO W SUNNYSIDE AVE (4500 N),$0.00,0.0
33,Street Speed Hump Replacement (2025),ON N RICHMOND ST FROM W BELLE PLAINE AVE (4100 N) TO W BERTEAU AVE (4200 N),$0.00,0.0
33,Street Speed Hump Replacement (2025),ON N RICHMOND ST FROM W MONTROSE AVE (4400 N) TO W SUNNYSIDE AVE (4500 N),$0.00,0.0
33,Street Speed Hump Replacement (2025),ON N SPAULDING AVE FROM W BYRON ST (3900 N) TO W IRVING PARK RD (4000 N),$0.00,0.0
34,Alley Apron Menu (2025),166 W WASHINGTON ST,$564.65,564.65
34,Alley Apron Menu (2025),722 S ABERDEEN ST,"$15,752.34",15752.34
34,Alley Apron Menu (2025),926 S MAY ST,"$27,935.29",27935.29
34,Alley Resurfacing Menu (2025),618 S RACINE AVE; S RACINE AVE & W HARRISON ST&W FLOURNOY ST & W WESTGATE TER,"$9,177.45",9177.45
34,Alley Resurfacing Menu (2025),S ABERDEEN ST & W MONROE ST&W ADAMS ST & S RACINE AVE,"$43,859.77",43859.77
34,Alley Resurfacing Menu (2025),S MICHIGAN AVE & E ADAMS ST&E JACKSON BLVD & S WABASH AVE; 200 S MICHIGAN AVE,"$2,286.64",2286.64
34,Alley Resurfacing Menu (2025),W ARTHINGTON ST & S CARPENTER ST&S ABERDEEN ST & W TAYLOR ST,"$28,673.33",28673.33
34,Alley Speed Hump Menu (2025),1061-1143 W TILDEN ST,"$1,450.00",1450.0
34,Alley Speed Hump Menu (2025),S ABERDEEN ST & W MONROE ST&W ADAMS ST & S RACINE AVE,$0.00,0.0
34,Alley Speed Hump Replacement (2025),S ABERDEEN ST & W MONROE ST&W ADAMS ST & S RACINE AVE,$0.00,0.0
34,Arterial Street Bump Outs Menu (2025),S JEFFERSON ST & W TILDEN ST,"$79,273.40",79273.4
34,Arterial Street Bump Outs Menu (2025),W VAN BUREN ST & S ABERDEEN ST,"$9,601.67",9601.67
34,Arterial Street Bump Outs Menu (2025),W VAN BUREN ST & S PEORIA ST,"$19,493.27",19493.27
34,Curb & Gutter Menu (2025),1016-1040 W MONROE ST,"$119,993.34",119993.34
34,Curb & Gutter Menu (2025),107 S ABERDEEN ST,"$87,938.20",87938.2
34,Curb & Gutter Menu (2025),1131-1135 W VERNON PARK PL,"$56,022.21",56022.21
34,Pavement Markings Menu (2025),ON S JEFFERSON ST FROM W VAN BUREN ST (400 S) TO W POLK ST (800 S),"$5,000.00",5000.0
34,Pavement Markings Menu (2025),S FRANKLIN ST & W VAN BUREN ST,"$1,700.00",1700.0
34,Sidewalk Menu (2025),1059 W VERNON PARK PL,"$52,794.17",52794.17
34,Sidewalk Menu (2025),1456-1458 W FLOURNOY ST,"$6,596.66",6596.66
34,Sidewalk Menu (2025),1628 W ADAMS ST,"$8,103.30",8103.3
34,Sidewalk Menu (2025),837 S CARPENTER ST,"$12,021.13",12021.13
34,Sidewalk Menu (2025),ON S SANGAMON ST FROM W ADAMS ST (200 S) TO W JACKSON BLVD (300 S),"$59,810.55",59810.55
34,Speed Indicator Signs (2025),800 S LOOMIS ST,"$14,000.00",14000.0
34,Street Bump Outs Menu (2025),S FINANCIAL PL & W POLK ST; S LA SALLE ST & W POLK ST,"$34,875.38",34875.38
34,Street Bump Outs Menu (2025),W MONROE ST & S GREEN ST,"$65,559.56",65559.56
34,Street Bump Outs Menu (2025),W MONROE ST & S LAFLIN ST,"$1,975.12",1975.12
34,Street Light Pole Painting Menu (2025),ON S GREEN ST FROM W MONROE ST (100 S) TO W ADAMS ST (200 S),"$1,688.00",1688.0
34,Street Light Residential Staggered Piggy Back Menu (2025),ON W POLK ST FROM S CARPENTER ST (1050 W) TO S RACINE AVE (1200 W),"$370,000.00",370000.0
34,Street Resurfacing Menu (2025),ON N GARLAND CT FROM E WASHINGTON ST (100 N) TO E RANDOLPH ST (150 N),"$35,240.73",35240.73
34,Street Resurfacing Menu (2025),ON N GREEN ST FROM W MADISON ST (0 S) TO W WASHINGTON BLVD (100 N),"$30,225.89",30225.89
34,Street Resurfacing Menu (2025),ON N HOLDEN CT FROM 1 N TO E WASHINGTON ST (100 N),"$12,399.50",12399.5
34,Street Resurfacing Menu (2025),ON N PEORIA ST FROM W MADISON ST (0 S) TO W WASHINGTON BLVD (100 N),"$47,515.33",47515.33
34,Street Resurfacing Menu (2025),ON S ADA ST FROM W FLOURNOY ST (700 S) TO W LEXINGTON ST (730 S),"$27,446.95",27446.95
34,Street Resurfacing Menu (2025),ON W POLK ST FROM 1010 W TO S RACINE AVE (1200 W),"$157,768.45",157768.45
34,Street Resurfacing Menu (2025),ON W POLK ST FROM S FINANCIAL PL (160 W) TO S WELLS ST (200 W),"$5,202.63",5202.63
34,Street Speed Hump Menu (2025),ON S GREEN ST FROM W JACKSON BLVD (300 S) TO W VAN BUREN ST (400 S),"$2,440.00",2440.0
34,Street Speed Hump Menu (2025),ON S LOOMIS ST FROM 800 S TO W HARRISON ST (600 S),"$7,320.00",7320.0
34,Street Speed Hump Menu (2025),ON W TILDEN ST FROM 1054 W TO S MORGAN ST (1000 W),"$4,880.00",4880.0
34,Street Speed Hump Replacement (2025),ON W POLK ST FROM 1010 W TO S RACINE AVE (1200 W),$0.00,0.0
35,"(2025) In-Road ""State Law Stop For Pedestrians"" Sign Menu",N MILWAUKEE AVE & N HAMLIN AVE,$350.00,350.0
35,"(2025) In-Road ""State Law Stop For Pedestrians"" Sign Menu",N MILWAUKEE AVE & N MONTICELLO AVE,$350.00,350.0
35,"(2025) In-Road ""State Law Stop For Pedestrians"" Sign Menu",N MILWAUKEE AVE & N WISNER AVE,$350.00,350.0
35,(2025) Logan Square Skate Park,W LOGAN BLVD & N KENNEDY WESTERN AV ER,"$50,000.00",50000.0
35,Alley Apron Menu (2025),2301 N KARLOV AVE,"$89,000.00",89000.0
35,Alley Apron Menu (2025),2500 N SAWYER AVE,"$15,831.58",15831.58
35,Alley Apron Menu (2025),2837 N WOODARD ST,"$27,152.89",27152.89
35,Alley Apron Menu (2025),3950 W BELDEN AVE,"$21,589.08",21589.08
35,Alley Resurfacing Menu (2025),N CENTRAL PARK AVE & W DIVERSEY AVE&W SCHUBERT AVE & N DRAKE AVE,"$57,498.85",57498.85
35,Alley Resurfacing Menu (2025),N CENTRAL PARK AVE & W SHAKESPEARE AVE&W DICKENS AVE & N LAWNDALE AVE,"$58,411.58",58411.58
35,Alley Resurfacing Menu (2025),N KIMBALL AVE & N ALLEN AVE; N MILWAUKEE AVE & N GRESHAM AVE,"$84,890.99",84890.99
35,Alley Resurfacing Menu (2025),W ALTGELD ST & N DRAKE AVE&N ST LOUIS AVE & W WRIGHTWOOD AVE,"$55,397.62",55397.62
35,Alley Resurfacing Menu (2025),W GEORGE ST & N SACRAMENTO AVE&N WHIPPLE ST & W DIVERSEY AVE,"$28,224.13",28224.13
35,Alley Speed Hump Menu (2025),W ALTGELD ST & N DRAKE AVE&N ST LOUIS AVE & W WRIGHTWOOD AVE,$0.00,0.0
35,Alley Speed Hump Menu (2025),W DIVERSEY AVE & N SPAULDING AVE; N MILWAUKEE AVE & N SAWYER AVE,"$2,175.00",2175.0
35,Alley Speed Hump Menu (2025),W GEORGE ST & N SACRAMENTO AVE&N WHIPPLE ST & W DIVERSEY AVE,$0.00,0.0
35,Alley Speed Hump Replacement (2025),N CENTRAL PARK AVE & W DIVERSEY AVE&W SCHUBERT AVE & N DRAKE AVE,$0.00,0.0
35,Alley Speed Hump Replacement (2025),N CENTRAL PARK AVE & W SHAKESPEARE AVE&W DICKENS AVE & N LAWNDALE AVE,$0.00,0.0
35,Alley Speed Hump Replacement (2025),N KIMBALL AVE & N ALLEN AVE; N MILWAUKEE AVE & N GRESHAM AVE,$0.00,0.0
35,Arterial Street Bump Outs Menu (2025),N KIMBALL AVE & W BELDEN AVE,"$80,000.00",80000.0
35,Arterial Street Bump Outs Menu (2025),N KIMBALL AVE & W DICKENS AVE,"$80,000.00",80000.0
35,Arterial Street Bump Outs Menu (2025),ON N CENTRAL PARK AVE FROM W BARRY AVE (3100 N) TO W BELMONT AVE (3200 N),"$59,327.06",59327.06
35,Curb & Gutter Menu (2025),3110 N KEDZIE AVE,"$9,157.56",9157.56
35,"In-Road ""State Law Stop For Pedestrians"" Sign Menu",N CENTRAL PARK AVE & W SHAKESPEARE AVE,$700.00,700.0
35,"In-Road ""State Law Stop For Pedestrians"" Sign Menu",N MILWAUKEE AVE & N LAWNDALE AVE,$350.00,350.0
35,Miscellaneous CDOT Projects (2025),2559 N KIMBALL AVE,$660.00,660.0
35,Miscellaneous CDOT Projects (2025),2934 N MILWAUKEE AVE,$101.00,101.0
35,Miscellaneous CDOT Projects (2025),3251 W FULLERTON AVE,"$4,000.00",4000.0
35,Pavement Markings Menu (2025),N ELSTON AVE & N CENTRAL PARK AVE,"$5,000.00",5000.0
35,Pavement Markings Menu (2025),N ELSTON AVE & N DRAKE AVE,"$8,000.00",8000.0
35,Pavement Markings Menu (2025),N WESTERN AVE & W LOGAN BLVD,"$1,500.00",1500.0
35,Pavement Markings Menu (2025),W ADDISON ST & N ST LOUIS AVE,"$2,100.00",2100.0
35,Pavement Markings Menu (2025),W BELMONT AVE & N WASHTENAW AVE,"$1,900.00",1900.0
35,Sidewalk Menu (2025),2249 N KEELER AVE,"$12,395.53",12395.53
35,Sidewalk Menu (2025),2322 N KARLOV AVE,"$5,804.89",5804.89
35,Sidewalk Menu (2025),2628 N SPRINGFIELD AVE,"$1,058.60",1058.6
35,Sidewalk Menu (2025),2822-2828 N KEDZIE AVE; 2848-2850 N KEDZIE AVE; 2844 N KEDZIE AVE,"$62,250.34",62250.34
35,Sidewalk Menu (2025),3055 N GRESHAM AVE,"$13,792.74",13792.74
35,Sidewalk Menu (2025),3123-3129 N KIMBALL AVE; 3137 N KIMBALL AVE; 3122-3128 N KIMBALL AVE; 3112-3116 N KIMBALL AVE,"$58,477.97",58477.97
35,Sidewalk Menu (2025),3341 W WAVELAND AVE,"$35,045.28",35045.28
35,Sidewalk Menu (2025),3435 N KIMBALL AVE,"$15,239.25",15239.25
35,Sidewalk Menu (2025),3537 W BELDEN AVE,"$28,942.45",28942.45
35,Sidewalk Menu (2025),3601-3609 W ALTGELD ST,"$23,634.98",23634.98
35,Sidewalk Menu (2025),3702 W WRIGHTWOOD AVE,$350.71,350.71
35,Sidewalk Menu (2025),4306 W ARMITAGE AVE,"$24,498.14",24498.14
35,Sidewalk Menu (2025),ON N KEELER AVE FROM W PALMER ST (2200 N) TO W BELDEN AVE (2300 N); 2256 N KEELER AVE,"$2,035.80",2035.8
35,Street Bump Outs Menu (2025),N KILDARE AVE & W DICKENS AVE,"$21,732.02",21732.02
35,Street Light Upgrade Menu (2025),2437 N HAMLIN AVE,$500.00,500.0
35,Street Resurfacing Menu (2025),ON N DRAKE AVE FROM W BELMONT AVE (3200 N) TO W SCHOOL ST (3300 N),"$49,315.76",49315.76
35,Street Resurfacing Menu (2025),ON W DICKENS AVE FROM N TRIPP AVE (4230 W) TO N KILDARE AVE (4300 W),"$42,081.95",42081.95
35,Street Resurfacing Menu (2025),ON W GEORGE ST FROM N KEDZIE AVE (3200 W) TO N SAWYER AVE (3230 W),"$29,295.78",29295.78
35,Street Resurfacing Menu (2025),ON W GEORGE ST FROM N SACRAMENTO AVE (2999 W) TO N KEDZIE AVE (3200 W),"$108,927.95",108927.95
35,Street Resurfacing Menu (2025),ON W GRACE ST FROM N CALIFORNIA AVE (2800 W) TO N FRANCISCO AVE (2900 W),"$58,640.31",58640.31
35,Street Resurfacing Menu (2025),ON W SCHUBERT AVE FROM N AVERS AVE (3830 W) TO N SPRINGFIELD AVE (3900 W),"$32,722.61",32722.61
35,Street Speed Hump Menu (2025),ON N FAIRFIELD AVE FROM W GEORGE ST (2900 N) TO W WELLINGTON AVE (3000 N),"$4,880.00",4880.0
35,Street Speed Hump Replacement (2025),ON W GEORGE ST FROM N KEDZIE AVE (3200 W) TO N SAWYER AVE (3230 W),$0.00,0.0
35,Street Speed Hump Replacement (2025),ON W SCHUBERT AVE FROM N AVERS AVE (3830 W) TO N SPRINGFIELD AVE (3900 W),$0.00,0.0
35,Street Traffic Circle Menu (2025),W BARRY AVE & N SAWYER AVE,"$22,000.00",22000.0
36,ADA - Alley Resurfacing Menu (2025),N LARAMIE AVE & W PALMER ST&W BELDEN AVE & N LEAMINGTON AVE,"$28,760.31",28760.31
36,Alley Apron Menu (2025),6517 W GEORGE ST; 6520 W GEORGE ST,"$17,760.28",17760.28
36,Alley Apron Menu (2025),6520 W GEORGE ST; 6517 W GEORGE ST,"$52,193.45",52193.45
36,Alley Resurfacing Menu (2025),N DAMEN AVE & W RICE ST&W IOWA ST & N HOYNE AVE; 846 N DAMEN AVE; 2009 W IOWA ST,"$30,282.49",30282.49
36,Alley Resurfacing Menu (2025),N LOREL AVE & W PALMER ST&W BELDEN AVE & N LOCKWOOD AVE; 2255 N LOREL AVE,"$49,759.44",49759.44
36,Alley Resurfacing Menu (2025),N MERRIMAC AVE & W PALMER ST&W DICKENS AVE & N MELVINA AVE,"$45,485.54",45485.54
36,Alley Resurfacing Menu (2025),N MONTICELLO AVE & W THOMAS ST&W DIVISION ST & N LAWNDALE AVE; 1142 N,"$62,782.83",62782.83
36,Alley Resurfacing Menu (2025),MONTICELLO AVE N WASHTENAW AVE & W IOWA ST&W CHICAGO AVE & N FAIRFIELD AVE; 827 N FAIRFIELD AVE,"$56,279.44",56279.44
36,Alley Resurfacing Menu (2025),N WESTERN AVE & W IOWA ST&W WALTON ST & N CAMPBELL AVE; 900 N WESTERN AVE,"$56,773.85",56773.85
36,Alley Resurfacing Menu (2025),W CORTEZ ST & N CAMPBELL AVE&N WESTERN AVE & W AUGUSTA BLVD; 2441 W CORTEZ ST,"$31,841.80",31841.8
36,Alley Resurfacing Menu (2025),W DICKENS AVE & N MARMORA AVE&N MONITOR AVE & W GRAND AVE,"$47,981.50",47981.5
36,Alley Resurfacing Menu (2025),W THOMAS ST & N ROCKWELL ST&N WASHTENAW AVE & W HADDON AVE; 2638 W THOMAS,"$51,009.74",51009.74
36,Alley Resurfacing Menu (2025),ST W WALTON ST & N CAMPBELL AVE&N ROCKWELL ST & W AUGUSTA BLVD; 2500 W WALTON ST,"$28,014.63",28014.63
36,Alley Speed Hump Menu (2025),2839 N NEENAH AVE,"$1,450.00",1450.0
36,Alley Speed Hump Menu (2025),6135 W GRAND AVE; W GRAND AVE & N MOODY AVE&N MELVINA AVE & W PALMER ST; 6155,"$2,175.00",2175.0
36,Alley Speed Hump Replacement (2025),W GRAND AVE 1142 N MONTICELLO AVE; N MONTICELLO AVE & W THOMAS ST&W DIVISION ST & N LAWNDALE AVE,$0.00,0.0
36,Alley Speed Hump Replacement (2025),N LOREL AVE & W PALMER ST&W BELDEN AVE & N LOCKWOOD AVE; 2255 N LOREL AVE,$0.00,0.0
36,Alley Speed Hump Replacement (2025),N WASHTENAW AVE & W IOWA ST&W CHICAGO AVE & N FAIRFIELD AVE; 827 N FAIRFIELD AVE,$0.00,0.0
36,Alley Speed Hump Replacement (2025),N WESTERN AVE & W IOWA ST&W WALTON ST & N CAMPBELL AVE; 900 N WESTERN AVE,$0.00,0.0
36,Alley Speed Hump Replacement (2025),W CORTEZ ST & N CAMPBELL AVE&N WESTERN AVE & W AUGUSTA BLVD; 2441 W CORTEZ ST,$0.00,0.0
36,Alley Speed Hump Replacement (2025),W DICKENS AVE & N MARMORA AVE&N MONITOR AVE & W GRAND AVE,$0.00,0.0
36,Alley Speed Hump Replacement (2025),W THOMAS ST & N ROCKWELL ST&N WASHTENAW AVE & W HADDON AVE; 2638 W THOMAS,$0.00,0.0
36,Alley Speed Hump Replacement (2025),ST W WALTON ST & N CAMPBELL AVE&N ROCKWELL ST & W AUGUSTA BLVD; 2500 W WALTON ST,$0.00,0.0
36,and playground Concrete Alley Menu (2025),N MONITOR AVE & W BELDEN AVE&W FULLERTON AVE & N MARMORA AVE,"$320,000.00",320000.0
36,Bollard Menu (2025),2342 N AUSTIN AVE,"$2,856.41",2856.41
36,Commercial Park Improvements - improvements to ball field,1845 W RICE ST,"$50,000.00",50000.0
36,Curb & Gutter Menu (2025),2846 N NATOMA AVE,"$17,946.30",17946.3
36,Sidewalk Menu (2025),1047 N CALIFORNIA AVE; 1053 N CALIFORNIA AVE; 1045 N CALIFORNIA AVE; 1043 N CALIFORNIA AVE,"$44,320.66",44320.66
36,Sidewalk Menu (2025),1824 W GRAND AVE,"$2,442.25",2442.25
36,Sidewalk Menu (2025),2125 W WALTON ST,"$2,352.15",2352.15
36,Sidewalk Menu (2025),2155 N NATCHEZ AVE,"$4,907.20",4907.2
36,Sidewalk Menu (2025),2316 W HURON ST,"$6,713.88",6713.88
36,Sidewalk Menu (2025),2317 N AUSTIN AVE,"$4,923.04",4923.04
36,Sidewalk Menu (2025),2321 N MONITOR AVE,"$5,339.10",5339.1
36,Sidewalk Menu (2025),2324 N NORMANDY AVE,"$2,798.83",2798.83
36,Sidewalk Menu (2025),2325 N MOBILE AVE,"$4,936.80",4936.8
36,Sidewalk Menu (2025),2331 N MEADE AVE,"$6,314.72",6314.72
36,Sidewalk Menu (2025),2344 W SUPERIOR ST,"$4,813.88",4813.88
36,Sidewalk Menu (2025),2358 N RUTHERFORD AVE,"$4,277.69",4277.69
36,Sidewalk Menu (2025),2536 N RUTHERFORD AVE,"$9,609.33",9609.33
36,Sidewalk Menu (2025),2613 W SUPERIOR ST,"$3,516.47",3516.47
36,Sidewalk Menu (2025),2845 N OAK PARK AVE,"$8,350.25",8350.25
36,Sidewalk Menu (2025),2846 N NORMANDY AVE,"$5,928.79",5928.79
36,Sidewalk Menu (2025),3029 N NATOMA AVE,"$4,677.32",4677.32
36,Sidewalk Menu (2025),3120-3124 N NEW ENGLAND AVE,$483.43,483.43
36,Sidewalk Menu (2025),3142 N RUTHERFORD AVE,"$9,377.80",9377.8
36,Sidewalk Menu (2025),3144 N NEENAH AVE; 3140 N NEENAH AVE,"$9,398.83",9398.83
36,Sidewalk Menu (2025),4700 W GRAND AVE,"$11,776.68",11776.68
36,Sidewalk Menu (2025),808 N WOOD ST,"$11,129.69",11129.69
36,Sidewalk Menu (2025),931 N WINCHESTER AVE,"$4,412.43",4412.43
36,Street Resurfacing Menu (2025),870 N MOZART ST; ON N MOZART ST FROM W CHICAGO AVE (800 N) TO W WALTON ST (900 N),"$86,614.36",86614.36
36,Street Resurfacing Menu (2025),ON W GEORGE ST FROM N NAGLE AVE (6432 W) TO N NARRAGANSETT AVE (6400 W),"$26,720.92",26720.92
36,Street Resurfacing Menu (2025),ON W OHIO ST FROM N DAMEN AVE (2000 W) TO N HOYNE AVE (2100 W),"$71,695.49",71695.49
36,Street Resurfacing Menu (2025),ON W OHIO ST FROM N HOYNE AVE (2100 W) TO N LEAVITT ST (2200 W); 2124 W OHIO ST,"$74,473.68",74473.68
36,Street Resurfacing Menu (2025),ON W OHIO ST FROM N OAKLEY BLVD (2300 W) TO N WESTERN AVE (2400 W),"$59,816.96",59816.96
36,Street Resurfacing Menu (2025),ON W POTOMAC AVE FROM N PULASKI RD (4000 W) TO N HARDING AVE (3940 W); 3940 W,"$24,747.18",24747.18
36,Street Speed Hump Menu (2025),POTOMAC AVE ON N LOCKWOOD AVE FROM W DICKENS AVE (2100 N) TO W PALMER ST (2200 N); 2141 N LOCKWOOD AVE,"$4,880.00",4880.0
36,Street Speed Hump Menu (2025),ON N OAKLEY AVE FROM W WALTON ST (930 N) TO W AUGUSTA BLVD (1000 N),"$2,440.00",2440.0
36,Street Speed Hump Menu (2025),ON N SACRAMENTO AVE FROM W GRAND AVE (831 N) TO W AUGUSTA BLVD (1000 N),"$4,880.00",4880.0
36,Street Speed Hump Menu (2025),ON N SAYRE AVE FROM W GRAND AVE (2400 N) TO W MEDILL AVE (2340 N); 2359 N SAYRE AVE,"$2,440.00",2440.0
36,Street Speed Hump Menu (2025),ON W OHIO ST FROM N OAKLEY BLVD (2300 W) TO N WESTERN AVE (2400 W),"$4,880.00",4880.0
36,Street Speed Hump Menu (2025),ON W POTOMAC AVE FROM N PULASKI RD (4000 W) TO N HARDING AVE (3940 W); 3940 W,$0.00,0.0
36,Street Speed Hump Replacement (2025),POTOMAC AVE 870 N MOZART ST; ON N MOZART ST FROM W CHICAGO AVE (800 N) TO W WALTON ST (900 N),$0.00,0.0
36,Street Speed Hump Replacement (2025),ON W OHIO ST FROM N HOYNE AVE (2100 W) TO N LEAVITT ST (2200 W); 2124 W OHIO ST,$0.00,0.0
37,Alley Resurfacing Menu (2025),1754 N LECLAIRE AVE; N LECLAIRE AVE & W BLOOMINGDALE AVE&W ST PAUL AVE & N LARAMIE AVE,"$59,060.49",59060.49
37,Alley Resurfacing Menu (2025),N KEDVALE AVE & W DIVISION ST&W THOMAS ST & N KEELER AVE; 1118 N KEDVALE AVE,"$35,184.16",35184.16
37,Alley Resurfacing Menu (2025),N LONG AVE & W NORTH AVE&W WABANSIA AVE & N LOTUS AVE; 1644 N LONG AVE,"$41,310.88",41310.88
37,Alley Resurfacing Menu (2025),N SPRINGFIELD AVE & W DIVISION ST&W POTOMAC AVE & N HARDING AVE; 1216 N SPRINGFIELD AVE,"$54,289.84",54289.84
37,Alley Resurfacing Menu (2025),N SPRINGFIELD AVE & W FERDINAND ST&W FERDINAND ST & N HARDING AVE,"$44,292.38",44292.38
37,Alley Resurfacing Menu (2025),W CHICAGO AVE & N LAWLER AVE&N LECLAIRE AVE & W IOWA ST,"$40,660.41",40660.41
37,Alley Resurfacing Menu (2025),W CRYSTAL ST & N KILDARE AVE&N KEELER AVE & W POTOMAC AVE; 4201 W POTOMAC AVE,"$40,028.11",40028.11
37,Alley Resurfacing Menu (2025),W ERIE ST & N LAVERGNE AVE&N LECLAIRE AVE & W OHIO ST,"$38,454.51",38454.51
37,Alley Resurfacing Menu (2025),W WALTON ST & N CICERO AVE&N LAMON AVE & W IOWA ST,"$57,111.43",57111.43
37,Alley Speed Hump Menu (2025),N LECLAIRE AVE & W ST PAUL AVE; N LAMON AVE & W WABANSIA AVE,"$3,625.00",3625.0
37,Alley Speed Hump Replacement (2025),1118 N KEDVALE AVE; N KEDVALE AVE & W DIVISION ST&W THOMAS ST & N KEELER AVE,$0.00,0.0
37,Alley Speed Hump Replacement (2025),1754 N LECLAIRE AVE; N LECLAIRE AVE & W BLOOMINGDALE AVE&W ST PAUL AVE & N LARAMIE AVE,$0.00,0.0
37,Alley Speed Hump Replacement (2025),N SPRINGFIELD AVE & W FERDINAND ST&W FERDINAND ST & N HARDING AVE,$0.00,0.0
37,Alley Speed Hump Replacement (2025),W CHICAGO AVE & N LAWLER AVE&N LECLAIRE AVE & W IOWA ST,$0.00,0.0
37,Alley Speed Hump Replacement (2025),W CRYSTAL ST & N KILDARE AVE&N KEELER AVE & W POTOMAC AVE; 4201 W POTOMAC AVE,$0.00,0.0
37,Alley Speed Hump Replacement (2025),W WALTON ST & N CICERO AVE&N LAMON AVE & W IOWA ST,$0.00,0.0
37,Curb & Gutter Menu (2025),1805 N LUNA AVE,"$9,964.27",9964.27
37,Curb & Gutter Menu (2025),N KOLIN AVE & W IOWA ST,"$14,221.97",14221.97
37,Miscellaneous CDOT Projects (2025),1020-1024 N CICERO AVE,$150.00,150.0
37,Sidewalk Menu (2025),1101 N KEELER AVE; W THOMAS ST & N KEELER AVE,"$18,067.92",18067.92
37,Sidewalk Menu (2025),1421 N LINDER AVE,"$3,514.76",3514.76
37,Sidewalk Menu (2025),1748 N LUNA AVE,"$7,441.36",7441.36
37,Sidewalk Menu (2025),1827 N LECLAIRE AVE,"$5,867.75",5867.75
37,Sidewalk Menu (2025),4059 W POTOMAC AVE,"$33,417.74",33417.74
37,Sidewalk Menu (2025),5444 W LE MOYNE ST,"$26,134.36",26134.36
37,Sidewalk Menu (2025),838-841 N KEYSTONE AVE,"$30,385.74",30385.74
37,Sidewalk Menu (2025),ON N LOCKWOOD AVE FROM W WABANSIA AVE (1700 N) TO W NORTH AVE (1600 N),"$146,459.58",146459.58
37,Sidewalk Menu (2025),ON W KAMERLING AVE FROM N KARLOV AVE (4100 W) TO N KEELER AVE (4200 W),"$222,978.96",222978.96
37,Street Light Upgrade Menu (2025),5100 W BLOOMINGDALE AVE,"$5,000.00",5000.0
37,Street Resurfacing Menu (2025),ON N KEELER AVE FROM W THOMAS ST (1100 N) TO W POTOMAC AVE (1300 N),"$156,413.57",156413.57
37,Street Resurfacing Menu (2025),ON N LOCKWOOD AVE FROM W WABANSIA AVE (1700 N) TO W BLOOMINGDALE AVE (1800 N),"$59,572.77",59572.77
37,Street Resurfacing Menu (2025),ON N LUNA AVE FROM W BLOOMINGDALE AVE (1800 N) TO W CORTLAND ST (1850 N),"$43,393.13",43393.13
37,Street Resurfacing Menu (2025),ON W CRYSTAL ST FROM N PULASKI RD (4000 W) TO N KARLOV AVE (4100 W),"$61,341.72",61341.72
37,Street Resurfacing Menu (2025),ON W POTOMAC AVE FROM N PULASKI RD (4000 W) TO N KARLOV AVE (4100 W),"$61,204.77",61204.77
37,Street Speed Hump Menu (2025),ON N KEDVALE AVE FROM W CHICAGO AVE (800 N) TO W IOWA ST (900 N),"$4,880.00",4880.0
37,Street Speed Hump Menu (2025),ON N KEYSTONE AVE FROM W IOWA ST (900 N) TO W AUGUSTA BLVD (1000 N),"$4,880.00",4880.0
37,Street Speed Hump Menu (2025),ON N LEAMINGTON AVE FROM W HIRSCH ST (1400 N) TO W LE MOYNE ST (1500 N),"$2,440.00",2440.0
37,Street Speed Hump Menu (2025),ON N LECLAIRE AVE FROM W WABANSIA AVE (1700 N) TO W ST PAUL AVE (1730 N),"$2,440.00",2440.0
37,Street Speed Hump Menu (2025),ON N LOCKWOOD AVE FROM W WABANSIA AVE (1700 N) TO W BLOOMINGDALE AVE (1800 N),$0.00,0.0
37,Street Speed Hump Menu (2025),ON W FERDINAND ST FROM N SPRINGFIELD AVE (3900 W) TO N PULASKI RD (3999 W),"$4,880.00",4880.0
37,Street Speed Hump Menu (2025),ON W IOWA ST FROM N KARLOV AVE (4100 W) TO N KEELER AVE (4200 W),"$4,880.00",4880.0
37,Street Speed Hump Menu (2025),ON W WABANSIA AVE FROM N LOCKWOOD AVE (5300 W) TO N LONG AVE (5400 W),"$4,880.00",4880.0
37,Viaduct Improvement Menu (2025),1800 N LARAMIE AVE,"$43,158.31",43158.31
38,"block at $500,000; total of $1,000,000 Smyser Elementary Gym Renovations",4310 N MELVINA AVE,"$75,000.00",75000.0
38,Miscellaneous CDOT Projects (2025),3940 N OKETO AVE,$660.00,660.0
38,Miscellaneous CDOT Projects (2025),420 N AUSTIN BLVD,$660.00,660.0
38,N Harlem Ave from W Grace St to W Irving Park Road. Each,ON N HARLEM AVE FROM W GRACE ST (3800 N) TO W IRVING PARK RD (4000 N),"$260,000.00",260000.0
38,Street Resurfacing Menu (2025),ON N CHESTER AVE FROM W MONTROSE AVE (4400 N) TO W AGATITE AVE (4500 N),"$56,288.79",56288.79
38,Street Resurfacing Menu (2025),ON N MCVICKER AVE FROM 4038 N TO W IRVING PARK RD (4000 N),"$33,000.08",33000.08
38,Street Resurfacing Menu (2025),ON N MELVINA AVE FROM W IRVING PARK RD (4000 N) TO W DAKIN ST (3930 N),"$41,621.98",41621.98
38,Street Resurfacing Menu (2025),ON N NATOMA AVE FROM W CORNELIA AVE (3500 N) TO W ADDISON ST (3600 N),"$54,835.59",54835.59
38,Street Resurfacing Menu (2025),ON N NORMANDY AVE FROM W BELMONT AVE (3200 N) TO W SCHOOL ST (3300 N),"$58,050.05",58050.05
38,Street Resurfacing Menu (2025),ON N OCTAVIA AVE FROM W GRACE ST (3800 N) TO W BYRON ST (3900 N),"$56,131.32",56131.32
38,Street Resurfacing Menu (2025),ON N OKETO AVE FROM W ADDISON ST (3600 N) TO W CORNELIA AVE (3500 N),"$65,536.73",65536.73
38,Street Resurfacing Menu (2025),ON N OZARK AVE FROM W CORNELIA AVE (3500 N) TO W ADDISON ST (3600 N),"$47,424.01",47424.01
38,Street Resurfacing Menu (2025),ON N PARIS AVE FROM W ADDISON ST (3600 N) TO W FOREST PRESERVE AVE (3499 N),"$62,865.01",62865.01
38,Street Resurfacing Menu (2025),ON N PARIS AVE FROM W SCHOOL ST (3300 N) TO W ROSCOE ST (3400 N),"$58,677.70",58677.7
38,Street Resurfacing Menu (2025),ON N PIONEER AVE FROM W SCHOOL ST (3300 N) TO W FOREST PRESERVE AVE (3447 N),"$95,500.84",95500.84
38,Street Resurfacing Menu (2025),ON N PITTSBURGH AVE FROM 4041 N TO W BELLE PLAINE AVE (4100 N),"$58,718.86",58718.86
38,Street Resurfacing Menu (2025),ON N PITTSBURGH AVE FROM W BERTEAU AVE (4200 N) TO W BELLE PLAINE AVE (4100 N),"$64,271.79",64271.79
38,Street Resurfacing Menu (2025),ON N PITTSBURGH AVE FROM W BYRON ST (3900 N) TO W IRVING PARK RD (4000 N),"$59,329.94",59329.94
38,Street Resurfacing Menu (2025),ON N PITTSBURGH AVE FROM W SCHOOL ST (3300 N) TO W FOREST PRESERVE AVE (3400 N),"$72,635.40",72635.4
38,Street Resurfacing Menu (2025),ON N PONTIAC AVE FROM W ADDISON ST (3600 N) TO W WAVELAND AVE (3700 N),"$56,948.39",56948.39
38,Street Resurfacing Menu (2025),ON N PONTIAC AVE FROM W IRVING PARK RD (4000 N) TO W BELLE PLAINE AVE (4100 N),"$64,940.88",64940.88
38,Street Resurfacing Menu (2025),ON N PONTIAC AVE FROM W SCHOOL ST (3300 N) TO W FOREST PRESERVE AVE (3400 N),"$27,353.18",27353.18
38,Street Resurfacing Menu (2025),ON W ROSCOE ST FROM N NEENAH AVE (6530 W) TO N NATOMA AVE (6630 W),"$45,498.99",45498.99
38,Street Resurfacing Menu (2025),ON W WARNER AVE FROM N LOCKWOOD AVE (5300 W) TO N LONG AVE (5400 W),"$52,029.04",52029.04
38,Street Speed Hump Replacement (2025),ON N NORMANDY AVE FROM W BELMONT AVE (3200 N) TO W SCHOOL ST (3300 N),$0.00,0.0
38,Street Speed Hump Replacement (2025),ON N OKETO AVE FROM W ADDISON ST (3600 N) TO W CORNELIA AVE (3500 N),$0.00,0.0
38,Street Speed Hump Replacement (2025),ON N PARIS AVE FROM W ADDISON ST (3600 N) TO W FOREST PRESERVE AVE (3499 N),$0.00,0.0
38,Street Speed Hump Replacement (2025),ON N PIONEER AVE FROM W SCHOOL ST (3300 N) TO W FOREST PRESERVE AVE (3447 N),$0.00,0.0
38,Street Speed Hump Replacement (2025),ON N PITTSBURGH AVE FROM W BYRON ST (3900 N) TO W IRVING PARK RD (4000 N),$0.00,0.0
39,Alley Resurfacing Menu (2025),N TRIPP AVE & W GRANVILLE AVE&W ROSEMONT AVE & N KILDARE AVE,"$4,047.97",4047.97
39,Install Gates in the Openings in the Fence Around North,4533 W CARMEN AVE,"$20,000.00",20000.0
39,Mayfair Park Mayfair Park Field House Restroom Improvements,4550 W SUNNYSIDE AVE,"$200,000.00",200000.0
39,Miscellaneous CDOT Projects (2025),4900 N KEELER AVE,$660.00,660.0
39,Miscellaneous CDOT Projects (2025),N PULASKI RD & W BERTEAU AVE,"$4,000.00",4000.0
39,Miscellaneous CDOT Projects (2025),W BRYN MAWR AVE & N MOZART ST,"$35,000.00",35000.0
39,Palmer Elementary Outdoor Education Space,5051 N KENNETH AVE,"$30,000.00",30000.0
39,Pavement Markings Menu (2025),3730 W BRYN MAWR AVE,"$1,600.00",1600.0
39,Pavement Markings Menu (2025),6040 N KILPATRICK AVE,"$5,400.00",5400.0
39,Pavement Markings Menu (2025),W FOSTER AVE & N KOSTNER AVE,"$3,000.00",3000.0
39,Sidewalk Menu (2025),5407 N VIRGINIA AVE,"$80,151.98",80151.98
39,Street Light Upgrade Menu (2025),5638 N BERNARD ST,$500.00,500.0
39,Street Light Upgrade Menu (2025),5942 N KIMBALL AVE,$500.00,500.0
39,Street Light Upgrade Menu (2025),6030 N MARMORA AVE,$500.00,500.0
39,Street Light Upgrade Menu (2025),6131 N HARDING AVE,$500.00,500.0
39,Street Resurfacing Menu (2025),ON N BERNARD ST FROM W BALMORAL AVE (5400 N) TO W CATALPA AVE (5500 N),"$56,424.91",56424.91
39,Street Resurfacing Menu (2025),ON N KARLOV AVE FROM W GLENLAKE AVE (6100 N) TO W GRANVILLE AVE (6200 N),"$59,834.66",59834.66
39,Street Resurfacing Menu (2025),ON N KEDVALE AVE FROM W GRANVILLE AVE (6200 N) TO W ROSEMONT AVE (6300 N),"$54,626.09",54626.09
39,Street Resurfacing Menu (2025),ON N KEELER AVE FROM W LAWRENCE AVE (4800 N) TO W AINSLIE ST (4900 N),"$43,422.70",43422.7
39,Street Resurfacing Menu (2025),ON N KERCHEVAL AVE FROM N KERBS AVE (5730 N) TO N FOREST GLEN AVE (5800 N),"$120,271.51",120271.51
39,Street Resurfacing Menu (2025),ON N KOSTNER AVE FROM N SAUGANASH AVE (6145 N) TO N FOREST GLEN AVE (6252 N),"$48,149.51",48149.51
39,Street Resurfacing Menu (2025),ON N KOSTNER AVE FROM W SUNNYSIDE AVE (4500 N) TO W WILSON AVE (4600 N),"$46,891.39",46891.39
39,Street Resurfacing Menu (2025),ON N LEMONT AVE FROM N HIAWATHA AVE (6130 N) TO N IONIA AVE (6230 N),"$57,276.34",57276.34
39,Street Resurfacing Menu (2025),ON N LENOX AVE FROM N HIAWATHA AVE (6300 N) TO W DEVON AVE (6400 N),"$29,050.74",29050.74
39,Street Resurfacing Menu (2025),ON N LYNCH AVE FROM 5585 N TO N ELSTON AVE (5500 N),"$92,629.22",92629.22
39,Street Resurfacing Menu (2025),ON N MAJOR AVE FROM N LEONARD AVE (5900 N) TO N MANTON AVE (5800 N),"$41,202.57",41202.57
39,Street Resurfacing Menu (2025),ON N SAWYER AVE FROM W FOSTER AVE (5200 N) TO W BERWYN AVE (5300 N),"$49,165.36",49165.36
39,Street Resurfacing Menu (2025),ON W BRYN MAWR AVE FROM 4357 W TO N PULASKI RD (4000 W),"$211,048.00",211048.0
39,Street Speed Hump Replacement (2025),4414 W ARGYLE ST,$0.00,0.0
39,Street Speed Hump Replacement (2025),ON N KOSTNER AVE FROM W SUNNYSIDE AVE (4500 N) TO W WILSON AVE (4600 N),$0.00,0.0
40,"(2025) In-Road ""State Law Stop For Pedestrians"" Sign Menu",W DEVON AVE & N RAVENSWOOD AVE,$350.00,350.0
40,(2025) LED Traffic Signal Upgrades & Pedestrian Countdown,W BERWYN AVE & N WESTERN AVE,"$207,867.42",207867.42
40,"2024 Menu - Ward 40 - CPL garden installation, sidewalk",5630 N LINCOLN AVE,"$51,162.00",51162.0
40,Alley Resurfacing Menu (2025),N ARTESIAN AVE & W ARDMORE AVE&W THORNDALE AVE & N WESTERN AVE,"$33,634.03",33634.03
40,Alley Resurfacing Menu (2025),N ARTESIAN AVE & W HOLLYWOOD AVE&W ARDMORE AVE & N WESTERN AVE,"$41,960.55",41960.55
40,Alley Resurfacing Menu (2025),W EASTWOOD AVE & N MANOR AVE&N FRANCISCO AVE & W WILSON AVE,"$18,692.47",18692.47
40,Alley Speed Hump Menu (2025),W RASCHER AVE & N WASHTENAW AVE&N CALIFORNIA AVE & W BALMORAL AVE; 2743 W RASCHER AVE,$725.00,725.0
40,Alley Speed Hump Replacement (2025),N ARTESIAN AVE & W ARDMORE AVE&W THORNDALE AVE & N WESTERN AVE,$0.00,0.0
40,Alley Speed Hump Replacement (2025),N ARTESIAN AVE & W HOLLYWOOD AVE&W ARDMORE AVE & N WESTERN AVE,$0.00,0.0
40,Alley Speed Hump Replacement (2025),W EASTWOOD AVE & N MANOR AVE&N FRANCISCO AVE & W WILSON AVE,$0.00,0.0
40,Bollard Menu (2025),1740 W CATALPA AVE,"$1,173.06",1173.06
40,Bollard Menu (2025),2844 W EASTWOOD AVE,"$1,956.51",1956.51
40,Concrete Alley Menu (2025),W LAWRENCE AVE & N ROCKWELL ST&N TALMAN AVE & W LELAND AVE,"$147,706.97",147706.97
40,Curb & Gutter Menu (2025),2031 W BALMORAL AVE,"$10,721.93",10721.93
40,Curb & Gutter Menu (2025),2633-2635 W BRYN MAWR AVE,"$4,131.42",4131.42
40,Curb & Gutter Menu (2025),4705-4709 N WASHTENAW AVE,"$6,634.07",6634.07
40,Curb & Gutter Menu (2025),6114 N RAVENSWOOD AVE W,"$17,746.08",17746.08
40,improvements Alley Apron Menu (2025),2514 W FARRAGUT AVE; N LINCOLN AVE & W FARRAGUT AVE&W BERWYN AVE & N ROCKWELL ST,"$15,671.43",15671.43
40,"In-Road ""State Law Stop For Pedestrians"" Sign Menu",W DEVON AVE & N HERMITAGE AVE,$350.00,350.0
40,Miscellaneous CDOT Projects (2025),ON N CLARK ST FROM W CARMEN AVE (5100 N) TO W HOLLYWOOD AVE (5700 N); W LAWRENCE AVE & N CALIFORNIA AVE,"$54,400.00",54400.0
40,Miscellaneous CDOT Projects (2025),W FOSTER AVE & N PAULINA ST,"$70,000.00",70000.0
40,Pavement Markings Menu (2025),N CALIFORNIA AVE & W WINNEMAC AVE,"$1,000.00",1000.0
40,Pavement Markings Menu (2025),ON W FOSTER AVE FROM N RAVENSWOOD AVE (1800 W) TO N DAMEN AVE (2000 W),"$3,750.00",3750.0
40,Sidewalk Menu (2025),2621 W CARMEN AVE,$407.86,407.86
40,Sidewalk Menu (2025),2726 W BALMORAL AVE,"$1,846.38",1846.38
40,Sidewalk Menu (2025),4674 N VIRGINIA AVE,"$14,721.68",14721.68
40,Sidewalk Menu (2025),4861 N TALMAN AVE,"$8,818.39",8818.39
40,Sidewalk Menu (2025),4901-4903 N LEAVITT ST,"$5,376.46",5376.46
40,Sidewalk Menu (2025),5811 N ROCKWELL ST,"$3,569.28",3569.28
40,Sidewalk Menu (2025),5928 N MAPLEWOOD AVE,"$6,672.07",6672.07
40,Sidewalk Menu (2025),6043 N ARTESIAN AVE,"$6,622.12",6622.12
40,Sidewalk Menu (2025),6114 N RAVENSWOOD AVE W,"$13,300.91",13300.91
40,Sidewalk Menu (2025),6116-6146 N DAMEN AVE,"$66,058.19",66058.19
40,Sidewalk Menu (2025),6901 N BELL AVE,"$23,895.59",23895.59
40,Sidewalk Menu (2025),ON N HERMITAGE AVE FROM 5609 N TO W BRYN MAWR AVE (5600 N),"$6,701.90",6701.9
40,Sidewalk Menu (2025),ON N RAVENSWOOD AVE FROM W GRANVILLE AVE (6199 N) TO W THOME AVE (6300 N),"$18,615.20",18615.2
40,Speed Indicator Signs (2025),W DEVON AVE & N RAVENSWOOD AVE,"$28,300.70",28300.7
40,Street Bump Outs Menu (2025),N HOYNE AVE & W ARGYLE ST,"$15,066.44",15066.44
40,Street Bump Outs Menu (2025),N RAVENSWOOD AVE & W DEVON AVE,"$10,099.84",10099.84
40,Street Bump Outs Menu (2025),N WASHTENAW AVE & W LELAND AVE,"$29,523.31",29523.31
40,Street Resurfacing Menu (2025),ON N FAIRFIELD AVE FROM W LAWRENCE AVE (4800 N) TO W GUNNISON ST (4840 N),"$27,208.37",27208.37
40,Street Resurfacing Menu (2025),ON N PAULINA ST FROM 5800 N TO W THORNDALE AVE (5900 N),"$45,440.62",45440.62
40,Street Resurfacing Menu (2025),ON N ROCKWELL ST FROM W FARWELL AVE (6830 N) TO W COYLE AVE (6930 N),"$81,508.75",81508.75
40,Street Resurfacing Menu (2025),ON N VIRGINIA AVE FROM W LAWRENCE AVE (4800 N) TO W LELAND AVE (4700 N),"$76,206.53",76206.53
40,Street Resurfacing Menu (2025),ON W ARTHUR AVE FROM N OAKLEY AVE (2300 W) TO N WESTERN AVE (2400 W),"$58,099.98",58099.98
40,Street Resurfacing Menu (2025),ON W BRYN MAWR AVE FROM N ASHLAND AVE (1600 W) TO N RAVENSWOOD AVE (1799 W),"$150,000.00",150000.0
40,Street Resurfacing Menu (2025),ON W OLIVE AVE FROM N HERMITAGE AVE (1700 W) TO N RAVENSWOOD AVE (1800 W),"$44,065.41",44065.41
40,Street Resurfacing Menu (2025),ON W SCHREIBER AVE FROM N HERMITAGE AVE (1740 W) TO N RAVENSWOOD AVE (1800 W),"$40,921.07",40921.07
40,Street Speed Hump Menu (2025),ON N MANOR AVE FROM W MONTROSE AVE (4400 N) TO W SUNNYSIDE AVE (4500 N),"$4,880.00",4880.0
40,Street Speed Hump Menu (2025),ON W ARGYLE ST FROM N FRANCISCO AVE (2900 W) TO N WHIPPLE ST (3030 W); 2923 W ARGYLE ST,"$2,440.00",2440.0
40,Street Traffic Circle Menu (2025),N CAMPBELL AVE & W GLENLAKE AVE,"$20,000.00",20000.0
41,Alley Resurfacing Menu (2025),7301 W GREENLEAF AVE; W GREENLEAF AVE & N OCTAVIA AVE&N ODELL AVE & W LUNT AVE,"$30,080.47",30080.47
41,Curb & Gutter Menu (2025),ON N NATCHEZ AVE FROM 5429 N TO W BALMORAL AVE (5400 N),"$126,394.91",126394.91
41,Curb & Gutter Menu (2025),ON N NEW ENGLAND AVE FROM W HAYES AVE (6440 N) TO W IMLAY ST (6400 N),"$10,440.29",10440.29
41,Curb & Gutter Menu (2025),ON N NORDICA AVE FROM N SAYRE AVE (6210 N) TO W IMLAY ST (6360 N),"$54,601.32",54601.32
41,Curb & Gutter Menu (2025),ON N SAYRE AVE FROM W HIGHLAND AVE (6300 N) TO W DEVON AVE (6360 N),"$70,942.43",70942.43
41,Miscellaneous CDOT Projects (2025),5331 N ORIOLE AVE,$660.00,660.0
41,Sidewalk Menu (2025),5225 N OAK PARK AVE,"$18,129.07",18129.07
41,Street Resurfacing Menu (2025),ON N NATOMA AVE FROM W DEVON AVE (6400 N) TO W ALBION AVE (6600 N),"$112,126.69",112126.69
41,Street Resurfacing Menu (2025),ON N NEWARK AVE FROM W DEVON AVE (6400 N) TO W HAYES AVE (6500 N),"$88,573.63",88573.63
41,Street Resurfacing Menu (2025),ON N NEW ENGLAND AVE FROM W HAYES AVE (6440 N) TO W IMLAY ST (6400 N),"$44,215.27",44215.27
41,Street Resurfacing Menu (2025),ON N NICKERSON AVE FROM N NINA AVE (5900 N) TO N WEST CIRCLE AVE (6000 N),"$75,160.12",75160.12
41,Street Resurfacing Menu (2025),ON N NORDICA AVE FROM N SAYRE AVE (6210 N) TO W IMLAY ST (6360 N),"$95,888.06",95888.06
41,Street Resurfacing Menu (2025),ON N OAK PARK AVE FROM W RAVEN ST (6199 N) TO W DEVON AVE (6400 N),"$96,422.92",96422.92
41,Street Resurfacing Menu (2025),ON N OZARK AVE FROM W GLENLAKE AVE (6100 N) TO N OZANAM AVE (6180 N),"$183,972.54",183972.54
41,Street Resurfacing Menu (2025),ON N SAYRE AVE FROM W HIGHLAND AVE (6300 N) TO W DEVON AVE (6360 N),"$50,464.62",50464.62
41,Street Resurfacing Menu (2025),ON W MYRTLE AVE FROM N HARLEM AVE (7200 W) TO N OLCOTT AVE (7500 W),"$161,263.64",161263.64
41,Street Resurfacing Menu (2025),ON W MYRTLE AVE FROM N OLCOTT AVE (7500 W) TO N ORIOLE AVE (7600 W),"$78,311.13",78311.13
41,Street Resurfacing Menu (2025),ON W PALATINE AVE FROM N ORIOLE AVE (7600 W) TO N OVERHILL AVE (7700 W),"$56,546.26",56546.26
41,Street Resurfacing Menu (2025),ON W SCHREIBER AVE FROM N NATOMA AVE (6600 W) TO N NEWCASTLE AVE (6800 W),"$103,466.44",103466.44
41,Street Speed Hump Menu (2025),ON N ODELL AVE FROM W ARDMORE AVE (5800 N) TO W TALCOTT AVE (5900 N); 5800 N ODELL AVE,$647.57,647.57
42,Alley Resurfacing Menu (2025),N FRANKLIN ST & W CHICAGO AVE&W SUPERIOR ST & N ORLEANS ST,"$35,718.64",35718.64
42,Alley Resurfacing Menu (2025),N FRANKLIN ST & W CHICAGO AVE&W SUPERIOR ST & N WELLS ST,"$12,916.41",12916.41
42,Alley Resurfacing Menu (2025),N FRANKLIN ST & W ERIE ST&W ONTARIO ST & N WELLS ST,"$20,130.51",20130.51
42,Alley Resurfacing Menu (2025),N FRANKLIN ST & W HURON ST&W ERIE ST & N WELLS ST,"$13,225.41",13225.41
42,Alley Resurfacing Menu (2025),N FRANKLIN ST & W ILLINOIS ST&W HUBBARD ST & N WELLS ST,"$26,246.49",26246.49
42,Alley Resurfacing Menu (2025),N FRANKLIN ST & W ONTARIO ST&W OHIO ST & N WELLS ST,"$16,271.23",16271.23
42,Alley Speed Hump Replacement (2025),N FRANKLIN ST & W ILLINOIS ST&W HUBBARD ST & N WELLS ST,$0.00,0.0
42,Miscellaneous CDOT Projects (2025),101 W HUBBARD ST,$660.00,660.0
42,Miscellaneous CDOT Projects (2025),ON N STETSON AVE FROM E SOUTH WATER ST (300 N) TO E WACKER DR (349 N),"$124,519.02",124519.02
42,movement at Streeter-Grand. Speed Indicator Signs (2025),ON N ORLEANS ST FROM W WOLF POINT PLZ (320 N) TO W ILLINOIS ST (500 N),$300.70,300.7
42,Right-turn arrow installation for the northbound to eastbound,N STREETER DR & E GRAND AVE,"$33,401.16",33401.16
42,Street Light Residential Staggered Piggy Back Menu (2025),ON W SUPERIOR ST FROM N FRANKLIN ST (300 W) TO N SEDGWICK ST (400 W),"$71,957.87",71957.87
42,Street Resurfacing Menu (2025),ON E SOUTH WATER ST FROM N STETSON AVE (154 E) TO N COLUMBUS DR (241 E),"$40,656.87",40656.87
42,Street Resurfacing Menu (2025),ON N HARBOR DR FROM E RANDOLPH ST (150 N) TO E WATERSIDE DR (225 N),"$81,190.18",81190.18
42,Street Resurfacing Menu (2025),ON N MICHIGAN LOWER AVE FROM E NORTH WATER LOWER ST (420 N) TO E GRAND AVE (600 N),"$152,398.36",152398.36
42,Street Resurfacing Menu (2025),ON N PARK DR FROM E NORTH WATER ST (440 N) TO E ILLINOIS ST (480 N),"$58,815.46",58815.46
42,Street Resurfacing Menu (2025),ON N STETSON AVE FROM E RANDOLPH ST (140 N) TO E WACKER DR (349 N),"$200,935.14",200935.14
42,Street Resurfacing Menu (2025),ON W ERIE ST FROM N DEARBORN ST (50 W) TO N STATE ST (0 E),"$39,705.28",39705.28
42,Street Speed Hump Replacement (2025),ON N HARBOR DR FROM E RANDOLPH ST (150 N) TO E WATERSIDE DR (225 N),$0.00,0.0
42,Viaduct Improvement Menu (2025),360 E RANDOLPH ST,"$28,717.68",28717.68
42,Viaduct Improvement Menu (2025),ON N STETSON AVE FROM E RANDOLPH ST (140 N) TO E WACKER DR (349 N),"$70,987.00",70987.0
42,Viaduct Improvement Menu (2025),W KINZIE ST & N ORLEANS ST,"$24,271.00",24271.0
43,(2025) Lincoln Park Arch Project,2560 N LINCOLN AVE,"$86,492.95",86492.95
43,Alley Apron Menu (2025),2000 N SEMINARY AVE,"$22,589.89",22589.89
43,Alley Apron Menu (2025),2727 N LEHMANN CT,"$78,654.12",78654.12
43,Alley Resurfacing Menu (2025),N DAYTON ST & W WISCONSIN ST; N HALSTED ST & W WILLOW ST,"$41,437.57",41437.57
43,Alley Resurfacing Menu (2025),N HAMPDEN CT & W WRIGHTWOOD AVE&W DIVERSEY PKWY & N LEHMANN CT; 2754 N HAMPDEN CT,"$16,671.99",16671.99
43,Alley Resurfacing Menu (2025),W WISCONSIN ST & N FREMONT ST&N BISSELL ST & W WILLOW ST,"$7,694.22",7694.22
43,Alley Resurfacing Menu (2025),W WRIGHTWOOD AVE & N HAMPDEN CT&N LAKEVIEW AVE & W DEMING PL,"$10,506.17",10506.17
43,Arterial Street Bump Outs Menu (2025),N CLYBOURN AVE & N KENMORE AVE,"$12,038.30",12038.3
43,Arterial Street Bump Outs Menu (2025),N HALSTED ST & W DICKENS AVE,"$116,549.89",116549.89
43,Arterial Street Bump Outs Menu (2025),N SHEFFIELD AVE & W MONTANA ST,"$3,710.45",3710.45
43,Curb & Gutter Menu (2025),1875 N DAYTON ST; N DAYTON ST & W WISCONSIN ST,"$185,608.68",185608.68
43,Curb & Gutter Menu (2025),2731 N HAMPDEN CT,"$89,749.11",89749.11
43,Curb & Gutter Menu (2025),300 W WEBSTER AVE,"$45,453.08",45453.08
43,"In-Road ""State Law Stop For Pedestrians"" Sign Menu",W DIVERSEY PKWY & N SEMINARY AVE,$600.00,600.0
43,Miscellaneous CDOT Projects (2025),2400 N LINCOLN AVE,$660.00,660.0
43,Pavement Markings Menu (2025),ON N SHEFFIELD AVE FROM 2720 N TO N LINCOLN AVE (2600 N),"$3,000.00",3000.0
43,Sidewalk Menu (2025),1134-1138 W SCHUBERT AVE,"$19,130.20",19130.2
43,Sidewalk Menu (2025),1301 N STATE PKWY,"$21,430.92",21430.92
43,Sidewalk Menu (2025),2121-2127 N BISSELL ST,"$10,630.31",10630.31
43,Sidewalk Menu (2025),2717 N HALSTED ST,"$21,133.99",21133.99
43,Sidewalk Menu (2025),424 W EUGENIE ST,"$81,560.61",81560.61
43,Sidewalk Menu (2025),515 W WRIGHTWOOD AVE,"$8,681.12",8681.12
43,Sidewalk Menu (2025),659 W ARMITAGE AVE,"$21,300.96",21300.96
43,Sidewalk Menu (2025),830 W ALTGELD ST,"$4,520.95",4520.95
43,Sidewalk Menu (2025),ON W WILLOW ST FROM 849 W TO N FREMONT ST (900 W),"$15,114.43",15114.43
43,Street Bump Outs Menu (2025),N SHEFFIELD AVE & W SCHUBERT AVE,"$32,000.00",32000.0
43,Street Bump Outs Menu (2025),W BELDEN AVE & N COMMONWEALTH AVE,"$28,272.20",28272.2
43,Street Light Upgrade Menu (2025),2001 N MOHAWK ST,$500.00,500.0
43,Street Resurfacing Menu (2025),2200-2300 N LINCOLN PARK WEST,"$67,603.13",67603.13
43,Street Resurfacing Menu (2025),ON N KENMORE AVE FROM N MAUD AVE (1900 N) TO W ARMITAGE AVE (2000 N),"$84,631.42",84631.42
43,Street Resurfacing Menu (2025),ON N ST MICHAELS CT FROM W EUGENIE ST (1700 N) TO W WILLOW ST (1740 N),"$12,673.24",12673.24
43,Street Resurfacing Menu (2025),ON W ARLINGTON PL FROM N LAKEVIEW AVE (400 W) TO N CLARK ST (500 W),"$41,320.27",41320.27
43,Street Resurfacing Menu (2025),ON W BELDEN AVE FROM N CLARK ST (410 W) TO N CLEVELAND AVE (500 W),"$40,835.09",40835.09
43,Street Resurfacing Menu (2025),ON W DEMING PL FROM N CLARK ST (500 W) TO N ORCHARD ST (700 W),"$97,504.68",97504.68
43,Street Resurfacing Menu (2025),ON W EUGENIE ST FROM N HUDSON AVE (440 W) TO N ST MICHAELS CT (450 W),"$3,611.22",3611.22
43,Street Resurfacing Menu (2025),ON W SCHUBERT AVE FROM N LINCOLN AVE (1100 W) TO N RACINE AVE (1200 W),"$44,411.14",44411.14
43,Street Resurfacing Menu (2025),ON W WILLOW ST FROM N FERN CT (420 W) TO N ST MICHAELS CT (452 W),"$19,365.40",19365.4
43,Street Resurfacing Menu (2025),ON W WRIGHTWOOD AVE FROM N LAKEVIEW AVE (400 W) TO N PINE GROVE AVE (430 W),"$28,007.53",28007.53
43,Street Resurfacing Menu (2025),ON W WRIGHTWOOD AVE FROM N SEMINARY AVE (1100 W) TO N RACINE AVE (1200 W),"$69,464.76",69464.76
43,Street Speed Hump Menu (2025),ON N MOHAWK ST FROM W ARMITAGE AVE (2000 N) TO W DICKENS AVE (2100 N),"$4,880.00",4880.0
44,Abraham Lincoln Park - Lakeview Dog Park,500-5700 N LAKE SHORE DR,"$100,000.00",100000.0
44,Alley Resurfacing Menu (2025),N CAMBRIDGE AVE & W BRIAR PL&W BELMONT AVE & N PINE GROVE AVE; 3167 N CAMBRIDGE AVE,"$25,488.26",25488.26
44,Alley Resurfacing Menu (2025),N COMMONWEALTH AVE & W SURF ST&W OAKDALE AVE & N SHERIDAN RD,"$19,652.72",19652.72
44,Alley Resurfacing Menu (2025),N JANSSEN AVE & W CORNELIA AVE&W ADDISON ST & N SOUTHPORT AVE,"$21,458.56",21458.56
44,Alley Resurfacing Menu (2025),N LAKEWOOD AVE & W HENDERSON ST&W SCHOOL ST & N RACINE AVE,"$15,172.15",15172.15
44,Alley Resurfacing Menu (2025),W BUCKINGHAM PL & N HALSTED ST&N CLARK ST & W ALDINE AVE,"$24,936.70",24936.7
44,Alley Resurfacing Menu (2025),W SCHOOL ST & N LAKEWOOD AVE&N RACINE AVE & W MELROSE ST,"$41,587.43",41587.43
44,Alley Speed Hump Menu (2025),N BROADWAY & W ALDINE AVE&W MELROSE ST & N HALSTED ST,$725.00,725.0
44,Alley Speed Hump Replacement (2025),N CAMBRIDGE AVE & W BRIAR PL&W BELMONT AVE & N PINE GROVE AVE; 3167 N CAMBRIDGE AVE,$0.00,0.0
44,Alley Speed Hump Replacement (2025),W SCHOOL ST & N LAKEWOOD AVE&N RACINE AVE & W MELROSE ST,$0.00,0.0
44,Bollard Menu (2025),W ROSCOE ST & N LAKE SHORE DR,"$18,865.46",18865.46
44,Curb & Gutter Menu (2025),1225 W EDDY ST,"$16,934.30",16934.3
44,Curb & Gutter Menu (2025),829-837 W NEWPORT AVE,"$68,858.16",68858.16
44,LED Traffic Signal Upgrades & Pedestrian Countdown,N CLARK ST & W WELLINGTON AVE,"$75,129.66",75129.66
44,Pavement Markings Menu (2025),W BARRY AVE & N CLARK ST,"$4,000.00",4000.0
44,Signal (2025) LED Traffic Signal Upgrades & Pedestrian Countdown,N HALSTED ST & W WELLINGTON AVE,"$87,104.82",87104.82
44,Signal (2025) Miscellaneous Other Projects (2025),600 W WELLINGTON AVE,$660.00,660.0
44,Speed Indicator Signs (2025),W ADDISON ST & N FREMONT ST,"$38,000.00",38000.0
44,Street Bump Outs Menu (2025),N SEMINARY AVE & W CORNELIA AVE,"$20,000.00",20000.0
44,Street Bump Outs Menu (2025),W OAKDALE AVE & N LAKE SHORE DR,"$20,000.00",20000.0
44,Street Light Residential Staggered Piggy Back Menu (2025),ON N SOUTHPORT AVE FROM W HENDERSON ST (3331 N) TO W GRACE ST (3801 N),"$582,531.07",582531.07
44,Street Resurfacing Menu (2025),ON N PINE GROVE AVE FROM W DIVERSEY PKWY (2800 N) TO W SURF ST (2900 N),"$44,829.93",44829.93
44,Street Resurfacing Menu (2025),ON W BRIAR PL FROM N SHERIDAN RD (400 W) TO N BROADWAY (600 W),"$121,730.81",121730.81
44,Street Resurfacing Menu (2025),ON W CORNELIA AVE FROM N RACINE AVE (1200 W) TO N LAKEWOOD AVE (1300 W),"$53,622.00",53622.0
44,Street Resurfacing Menu (2025),ON W HAWTHORNE PL FROM N LAKE SHORE DR (500 W) TO N BROADWAY (599 W),"$93,832.96",93832.96
44,Street Speed Hump Menu (2025),ON N WAYNE AVE FROM W GRACE ST (3800 N) TO W BYRON ST (3900 N),"$4,880.00",4880.0
44,Street Speed Hump Replacement (2025),ON W BRIAR PL FROM N SHERIDAN RD (400 W) TO N BROADWAY (600 W),$0.00,0.0
45,Alley Resurfacing Menu (2025),N MULLIGAN AVE & W BRYN MAWR AVE&W BRYN MAWR AVE & N AVONDALE AVE; 5621 N MULLIGAN AVE,"$9,429.39",9429.39
45,Street Resurfacing Menu (2025),ON N ALGONQUIN AVE FROM N CALDWELL AVE (6430 N) TO N LEHIGH AVE (6458 N),"$36,247.11",36247.11
45,Street Resurfacing Menu (2025),ON N CHICORA AVE FROM N CALDWELL AVE (6530 N) TO N LEOTI AVE (6630 N),"$57,008.19",57008.19
45,Street Resurfacing Menu (2025),ON N HIAWATHA AVE FROM N CENTRAL AVE (6540 N) TO N KINZUA AVE (6700 N),"$137,476.16",137476.16
45,Street Resurfacing Menu (2025),ON N LEAMINGTON AVE FROM W LELAND AVE (4700 N) TO N AVONDALE AVE (4770 N),"$31,854.99",31854.99
45,Street Resurfacing Menu (2025),ON N LECLAIRE AVE FROM N ELSTON AVE (5300 N) TO W FOSTER AVE (5200 N),"$75,600.93",75600.93
45,Street Resurfacing Menu (2025),ON N LORON AVE FROM N CALDWELL AVE (6620 N) TO N HIAWATHA AVE (6800 N),"$117,237.97",117237.97
45,Street Resurfacing Menu (2025),ON N LOWELL AVE FROM 4125 N TO W IRVING PARK RD (4000 N),"$87,365.91",87365.91
45,Street Resurfacing Menu (2025),ON N LUDLAM AVE FROM N LORING AVE (5230 N) TO N LIND AVE (5300 N) ON N LYNCH AVE FROM W BERWYN AVE (5310 N) TO N LARNED AVE (5410 N); ON N LORING,"$58,159.08",58159.08
45,Street Resurfacing Menu (2025),AVE FROM W FARRAGUT AVE (5230 N) TO N LYNCH AVE (5300 N); ON N LYNCH AVE FROM N LORING AVE (5300 N) TO N LARNED AVE (5410 N),"$175,984.18",175984.18
45,Street Resurfacing Menu (2025),ON N MANILA AVE FROM N MAGNET AVE (5400 N) TO N MILWAUKEE AVE (5400 N),"$3,339.42",3339.42
45,Street Resurfacing Menu (2025),ON N MCALPIN AVE FROM N LEOTI AVE (7000 N) TO N TAHOMA AVE (7030 N),"$30,155.98",30155.98
45,Street Resurfacing Menu (2025),ON N MELVINA AVE FROM W FOSTER AVE (5200 N) TO W BERWYN AVE (5300 N),"$61,811.48",61811.48
45,Street Resurfacing Menu (2025),ON N MENARD AVE FROM W LAWRENCE AVE (4800 N) TO W EASTWOOD AVE (4630 N),"$103,439.69",103439.69
45,Street Resurfacing Menu (2025),ON N MONON AVE FROM N SIOUX AVE (7030 N) TO N IONIA AVE (7110 N),"$65,735.85",65735.85
45,Street Resurfacing Menu (2025),ON N NEOLA AVE FROM N NASSAU AVE (6160 N) TO W RAVEN ST (6200 N),"$32,427.67",32427.67
45,Street Resurfacing Menu (2025),ON N PARKSIDE AVE FROM W SEMINOLE ST (5700 N) TO N ELSTON AVE (5730 N),"$22,577.46",22577.46
45,Street Resurfacing Menu (2025),ON W AINSLIE ST FROM N LECLAIRE AVE (5100 W) TO N LARAMIE AVE (5199 W),"$73,986.16",73986.16
45,Street Resurfacing Menu (2025),ON W AINSLIE ST FROM N MAJOR AVE (5700 W) TO N MENARD AVE (5820 W),"$88,692.58",88692.58
45,Street Resurfacing Menu (2025),ON W CARMEN AVE FROM N LONG AVE (5400 W) TO N LOCKWOOD AVE (5300 W),"$24,651.37",24651.37
45,Street Resurfacing Menu (2025),ON W CARMEN AVE FROM N LONG AVE (5400 W) TO N LOVEJOY AVE (5440 W),"$44,566.41",44566.41
45,Street Resurfacing Menu (2025),ON W GIDDINGS ST FROM N CENTRAL AVE (5600 W) TO N MAJOR AVE (5700 W),"$58,507.41",58507.41
45,Street Resurfacing Menu (2025),ON W GUNNISON ST FROM N MASON AVE (5930 W) TO N AUSTIN AVE (5999 W),"$33,328.31",33328.31
45,Street Resurfacing Menu (2025),ON W PENSACOLA AVE FROM N LARAMIE AVE (5200 W) TO N LOCKWOOD AVE (5300 W),"$55,701.29",55701.29
45,Street Speed Hump Menu (2025),ON N LEAMINGTON AVE FROM W WILSON AVE (4600 N) TO W LELAND AVE (4700 N),"$4,880.00",4880.0
45,Street Speed Hump Menu (2025),ON N NORTHWEST HWY FROM N LONG AVE (5000 N) TO W CARMEN AVE (5099 N),$75.00,75.0
45,Street Speed Hump Menu (2025),ON W AINSLIE ST FROM N CICERO AVE (4800 W) TO N LAVERGNE AVE (5000 W),"$4,880.00",4880.0
45,Street Speed Hump Menu (2025),ON W BYRON ST FROM N KILPATRICK AVE (4700 W) TO N CICERO AVE (4800 W),"$4,880.00",4880.0
45,Street Speed Hump Replacement (2025),ON N LECLAIRE AVE FROM N ELSTON AVE (5300 N) TO W FOSTER AVE (5200 N),$0.00,0.0
45,Street Speed Hump Replacement (2025),ON N MENARD AVE FROM W LAWRENCE AVE (4800 N) TO W EASTWOOD AVE (4630 N),$0.00,0.0
45,Street Speed Hump Replacement (2025),ON W AINSLIE ST FROM N LECLAIRE AVE (5100 W) TO N LARAMIE AVE (5199 W),$0.00,0.0
45,Street Speed Hump Replacement (2025),ON W CARMEN AVE FROM N LONG AVE (5400 W) TO N LOCKWOOD AVE (5300 W),$0.00,0.0
45,Street Speed Hump Replacement (2025),ON W PENSACOLA AVE FROM N LARAMIE AVE (5200 W) TO N LOCKWOOD AVE (5300 W),$0.00,0.0
46,Alley Speed Hump Menu (2025),900 W MONTROSE AVE; W MONTROSE AVE & N HAZEL ST&N SHERIDAN RD & W AGATITE AVE; 913 W AGATITE AVE,"$1,450.00",1450.0
46,Curb & Gutter Menu (2025),3801 N PINE GROVE AVE; W GRACE ST & N PINE GROVE AVE,"$17,097.18",17097.18
46,Miscellaneous CDOT Projects (2025),739 W BROMPTON AVE,$660.00,660.0
46,Miscellaneous CDOT Projects (2025),N LAKE SHORE DR & W GRACE ST; 3750 N LAKE SHORE DR,"$4,000.00",4000.0
46,Miscellaneous CDOT Projects (2025),N MARINE DR & W WILSON AVE,"$4,000.00",4000.0
46,Sidewalk Menu (2025),1002 W BUENA AVE,"$49,024.83",49024.83
46,Sidewalk Menu (2025),1024-1026 W BUENA AVE,"$74,001.17",74001.17
46,Sidewalk Menu (2025),1060 W LAWRENCE AVE,"$37,069.82",37069.82
46,Sidewalk Menu (2025),1200 W MONTROSE AVE; W MONTROSE AVE & N MAGNOLIA AVE,"$20,518.41",20518.41
46,Sidewalk Menu (2025),1227 W LELAND AVE,"$30,411.21",30411.21
46,Sidewalk Menu (2025),1249-1255 W WILSON AVE,"$24,583.03",24583.03
46,Sidewalk Menu (2025),1321 W WILSON AVE,"$18,213.26",18213.26
46,Sidewalk Menu (2025),1403-1409 W SUNNYSIDE AVE; ON W SUNNYSIDE AVE FROM N CLARK ST (1440 W) TO N DOVER ST (1400 W),"$38,144.40",38144.4
46,Sidewalk Menu (2025),3601-3603 N BROADWAY,"$22,510.55",22510.55
46,Sidewalk Menu (2025),3753 N PINE GROVE AVE; 3727 N PINE GROVE AVE,"$26,970.68",26970.68
46,Sidewalk Menu (2025),3835-3859 N FREMONT ST,"$5,265.63",5265.63
46,Sidewalk Menu (2025),3932 N CLARENDON AVE,"$34,925.67",34925.67
46,Sidewalk Menu (2025),3934 N PINE GROVE AVE; 3927 N PINE GROVE AVE,"$16,752.49",16752.49
46,Sidewalk Menu (2025),3949 N BROADWAY,"$15,686.66",15686.66
46,Sidewalk Menu (2025),4018 N KENMORE AVE; 4036 N KENMORE AVE,"$23,404.05",23404.05
46,Sidewalk Menu (2025),4135-4149 N CLARENDON AVE,"$67,257.90",67257.9
46,Sidewalk Menu (2025),4136 N SHERIDAN RD,"$11,524.64",11524.64
46,Sidewalk Menu (2025),4142 N BROADWAY,"$5,877.72",5877.72
46,Sidewalk Menu (2025),4155 N CLARK ST,"$25,599.01",25599.01
46,Sidewalk Menu (2025),4247 N HAZEL ST,"$5,129.80",5129.8
46,Sidewalk Menu (2025),4407 N MALDEN ST,"$13,871.96",13871.96
46,Sidewalk Menu (2025),4419 N RACINE AVE,"$9,889.75",9889.75
46,Sidewalk Menu (2025),4440-4442 N HAZEL ST,"$1,975.28",1975.28
46,Sidewalk Menu (2025),4450-4454 N MALDEN ST,"$30,160.23",30160.23
46,Sidewalk Menu (2025),4520 N BEACON ST,"$14,451.34",14451.34
46,Sidewalk Menu (2025),4526-4528 N MAGNOLIA AVE,"$9,759.96",9759.96
46,Sidewalk Menu (2025),4555 N MALDEN ST,"$43,664.20",43664.2
46,Sidewalk Menu (2025),4638 N MALDEN ST,"$15,333.79",15333.79
46,Sidewalk Menu (2025),4646 N MARINE DR,"$20,588.52",20588.52
46,Sidewalk Menu (2025),4728 N KENMORE AVE; 4832 N KENMORE AVE; 4718 N KENMORE AVE,"$22,066.98",22066.98
46,Sidewalk Menu (2025),4813 N WINTHROP AVE,"$1,530.65",1530.65
46,Sidewalk Menu (2025),4820 N MARINE DR,"$8,421.41",8421.41
46,Sidewalk Menu (2025),4827 N KENMORE AVE; 4869 N KENMORE AVE; 4883 N KENMORE AVE; 4857 N KENMORE AVE,"$26,139.41",26139.41
46,Sidewalk Menu (2025),4835 N SHERIDAN RD; 4878 N SHERIDAN RD; 4855 N SHERIDAN RD; 4840 N SHERIDAN RD,"$84,261.68",84261.68
46,Sidewalk Menu (2025),4840-4850 N MARINE DR,"$13,308.19",13308.19
46,Sidewalk Menu (2025),622-632 W STRATFORD PL; 606 W STRATFORD PL; 558 W STRATFORD PL; 534 W STRATFORD PL; 520 W STRATFORD PL; 506-512 W STRATFORD PL,"$82,171.38",82171.38
46,Sidewalk Menu (2025),627-645 W PATTERSON AVE,"$35,089.67",35089.67
46,Sidewalk Menu (2025),650 W GRACE ST,"$6,591.86",6591.86
46,Sidewalk Menu (2025),653 W BITTERSWEET PL,"$10,321.60",10321.6
46,Sidewalk Menu (2025),655 W JUNIOR TER,"$12,503.85",12503.85
46,Sidewalk Menu (2025),709 W MONTROSE AVE,"$5,458.47",5458.47
46,Sidewalk Menu (2025),712 W BITTERSWEET PL,"$16,312.89",16312.89
46,Sidewalk Menu (2025),807-811 W LELAND AVE,"$11,005.04",11005.04
46,Sidewalk Menu (2025),910 W CUYLER AVE,"$15,312.39",15312.39
46,Sidewalk Menu (2025),911 W EASTWOOD AVE,"$6,165.45",6165.45
46,Sidewalk Menu (2025),915 W DAKIN ST,"$5,978.14",5978.14
46,Sidewalk Menu (2025),920 W EASTWOOD AVE; 928 W EASTWOOD AVE,"$22,870.96",22870.96
46,Sidewalk Menu (2025),924 W CUYLER AVE; W CUYLER AVE & N SHERIDAN RD; 976 W CUYLER AVE; 970 W CUYLER,"$9,739.86",9739.86
46,Sidewalk Menu (2025),AVE 924 W GORDON TER; 909-911 W GORDON TER; 906-912 W GORDON TER; 941-945 W GORDON TER; 903 W GORDON TER,"$77,406.19",77406.19
46,Sidewalk Menu (2025),929 W DAKIN ST,"$22,624.73",22624.73
46,Sidewalk Menu (2025),N RACINE AVE & W WILSON AVE; 1200 W WILSON AVE,"$8,292.57",8292.57
46,Sidewalk Menu (2025),N SHERIDAN RD & W IRVING PARK RD,"$32,740.23",32740.23
46,Street Resurfacing Menu (2025),ON W HUTCHINSON ST FROM N MARINE DR (640 W) TO N HAZEL ST (900 W),"$106,516.09",106516.09
46,Street Speed Hump Menu (2025),ON W BYRON ST FROM N SOUTHPORT AVE (1400 W) TO N ASHLAND AVE (1600 W),"$7,320.00",7320.0
46,Street Speed Hump Menu (2025),ON W SUNNYSIDE AVE FROM N CLARENDON AVE (800 W) TO N HAZEL ST (900 W),"$4,880.00",4880.0
46,Viaduct Improvement Menu (2025),N MARINE DR & W BUENA AVE; N LAKE SHORE DR & N MARINE DR,"$16,019.75",16019.75
47,Alley Apron Menu (2025),3745 N PAULINA ST,"$27,545.28",27545.28
47,Alley Resurfacing Menu (2025),1454 W WARNER AVE,"$2,811.95",2811.95
47,Alley Resurfacing Menu (2025),W ADDISON ST & N OAKLEY AVE&N CLAREMONT AVE & W WAVELAND AVE,"$48,371.24",48371.24
47,Alley Speed Hump Menu (2025),W BERTEAU AVE & N DAMEN AVE&N LINCOLN AVE & W WARNER AVE; 2031 W BERTEAU,"$1,450.00",1450.0
47,Alley Speed Hump Removal Menu (2025),AVE W BERTEAU AVE & N DAMEN AVE&N LINCOLN AVE & W WARNER AVE; 2031 W BERTEAU AVE,$725.00,725.0
47,Alley Speed Hump Replacement (2025),W ADDISON ST & N OAKLEY AVE&N CLAREMONT AVE & W WAVELAND AVE,$0.00,0.0
47,Arterial Street Bump Outs Menu (2025),W ADDISON ST & N HERMITAGE AVE,"$160,000.00",160000.0
47,Bollard Menu (2025),5025 N CLARK ST,"$8,870.43",8870.43
47,Curb & Gutter Menu (2025),1466 W HUTCHINSON ST; 4226 N GREENVIEW AVE,"$10,108.37",10108.37
47,Curb & Gutter Menu (2025),1805 W CUYLER AVE,"$6,093.78",6093.78
47,Curb & Gutter Menu (2025),2206 W CULLOM AVE,"$3,399.13",3399.13
47,Curb & Gutter Menu (2025),4046 N LEAVITT ST; N LEAVITT ST & W CUYLER AVE,"$114,443.03",114443.03
47,Curb & Gutter Menu (2025),W MONTROSE AVE & N HERMITAGE AVE,"$14,643.78",14643.78
47,Hamilton ES HVAC system,1650 W CORNELIA AVE,"$125,000.00",125000.0
47,LED Traffic Signal Upgrades & Pedestrian Countdown,W LAWRENCE AVE & N DAMEN AVE,"$146,770.57",146770.57
47,Miscellaneous CDOT Projects (2025),ON N RAVENSWOOD AVE W FROM W SUNNYSIDE AVE (4500 N) TO W WILSON AVE (4600 N),"$30,556.93",30556.93
47,Miscellaneous CDOT Projects (2025),W BERTEAU AVE & N RAVENSWOOD AVE,"$3,690.71",3690.71
47,Miscellaneous CDOT Projects (2025),W IRVING PARK RD & N HOYNE AVE,"$3,500.00",3500.0
47,Pavement Markings Menu (2025),ON N ROCKWELL ST FROM W SUNNYSIDE AVE (4500 N) TO W WILSON AVE (4600 N),"$5,000.00",5000.0
47,Pavement Markings Menu (2025),W ADDISON ST & N HERMITAGE AVE,"$2,000.00",2000.0
47,Pavement Markings Menu (2025),W ADDISON ST & N OAKLEY AVE,"$1,350.00",1350.0
47,Sidewalk Menu (2025),1600 W IRVING PARK RD,"$66,919.78",66919.78
47,Sidewalk Menu (2025),2437 W LELAND AVE,"$5,777.48",5777.48
47,Sidewalk Menu (2025),2455-2457 W LELAND AVE,"$1,558.09",1558.09
47,Sidewalk Menu (2025),3701 N HOYNE AVE,"$33,770.00",33770.0
47,Sidewalk Menu (2025),3749-3753 N HOYNE AVE,"$19,713.28",19713.28
47,Sidewalk Menu (2025),4144 N CLAREMONT AVE,"$3,088.69",3088.69
47,Sidewalk Menu (2025),4715 N HAMILTON AVE,"$23,233.78",23233.78
47,Signal (2025) Left-Turn Arrow Menu (2025),N WESTERN AVE & W WILSON AVE,"$131,116.08",131116.08
47,Speed Indicator Signs (2025),2301 W IRVING PARK RD,"$14,150.35",14150.35
47,Speed Indicator Signs (2025),2444 W ADDISON ST,"$14,150.35",14150.35
47,Speed Indicator Signs (2025),2603 W ADDISON ST,"$14,150.35",14150.35
47,Speed Indicator Signs (2025),4015 N ASHLAND AVE,"$16,310.35",16310.35
47,Speed Indicator Signs (2025),4148-4150 N ASHLAND AVE,"$16,310.35",16310.35
47,Street Light Pole for High Definition Camera Menu (2025),4015 N ASHLAND AVE,"$3,000.00",3000.0
47,Street Resurfacing Menu (2025),ON N HOYNE AVE FROM W BYRON ST (3900 N) TO W IRVING PARK RD (4000 N),"$53,334.27",53334.27
47,Street Resurfacing Menu (2025),ON N RAVENSWOOD AVE FROM W SUNNYSIDE AVE (4500 N) TO W WILSON AVE (4600 N),"$47,033.92",47033.92
47,Street Resurfacing Menu (2025),ON N WOLCOTT AVE FROM W AINSLIE ST (4900 N) TO W ARGYLE ST (5000 N),"$47,983.09",47983.09
47,Street Resurfacing Menu (2025),ON W BYRON ST FROM N OAKLEY AVE (2300 W) TO N CLAREMONT AVE (2330 W),"$23,047.04",23047.04
47,Street Resurfacing Menu (2025),ON W GRACE ST FROM N WESTERN AVE (2400 W) TO N CAMPBELL AVE (2500 W),"$67,017.70",67017.7
47,Street Resurfacing Menu (2025),ON W WARNER AVE FROM N SOUTHPORT AVE (1400 W) TO N GREENVIEW AVE (1500 W),"$17,829.82",17829.82
47,Street Resurfacing Menu (2025),ON W WAVELAND AVE FROM N BELL AVE (2230 W) TO N OAKLEY AVE (2300 W),"$28,564.32",28564.32
47,Street Resurfacing Menu (2025),ON W WINNEMAC AVE FROM N BROADWAY (1200 W) TO N GLENWOOD AVE (1400 W),"$124,405.62",124405.62
47,Street Speed Hump Menu (2025),ON W SUNNYSIDE AVE FROM N DOVER ST (1400 W) TO N CLARK ST (1440 W),"$2,440.00",2440.0
47,Street Speed Hump Replacement (2025),ON W WINNEMAC AVE FROM N BROADWAY (1200 W) TO N GLENWOOD AVE (1400 W),$0.00,0.0
47,Welles Park Nature Play Area,2333 W SUNNYSIDE AVE,"$8,750.00",8750.0
48,2025 Menu- 48th ward-Connection of the Berwyn Greenway,4830 S WESTERN AVE; 100 S JEAN BAPTISTE POINTE DUSABLE LAKE SHORE DR SB,"$30,000.00",30000.0
48,Alley Apron Menu (2025),1058 W BALMORAL AVE,"$10,693.05",10693.05
48,Alley Apron Menu (2025),1316 W BERWYN AVE,"$14,950.82",14950.82
48,Alley Apron Menu (2025),1317 W BALMORAL AVE,"$27,495.53",27495.53
48,Alley Apron Menu (2025),1410 W ROSEMONT AVE,"$21,210.46",21210.46
48,Alley Apron Menu (2025),5863 N GLENWOOD AVE,"$11,426.25",11426.25
48,Alley Apron Menu (2025),6205 N WAYNE AVE,"$18,116.86",18116.86
48,Alley Apron Menu (2025),6246 N GREENVIEW AVE,"$16,598.30",16598.3
48,Alley Resurfacing Menu (2025),N BROADWAY & W ELMDALE AVE; W THORNDALE AVE & N MAGNOLIA AVE,"$40,894.81",40894.81
48,Alley Resurfacing Menu (2025),N RIDGE AVE & W HOLLYWOOD AVE&N GLENWOOD AVE & N RIDGE AVE; 1328 W HOLLYWOOD AVE,"$12,329.30",12329.3
48,Alley Resurfacing Menu (2025),N WINTHROP AVE & W ARGYLE ST&N KENMORE AVE & W WINONA ST,"$12,175.12",12175.12
48,Alley Resurfacing Menu (2025),W CATALPA AVE & N WINTHROP AVE&N KENMORE AVE & W BRYN MAWR AVE,"$35,423.94",35423.94
48,Alley Resurfacing Menu (2025),W GRANVILLE AVE & N WINTHROP AVE&N KENMORE AVE & W GLENLAKE AVE,"$27,869.93",27869.93
48,Alley Resurfacing Menu (2025),W HIGHLAND AVE & N GREENVIEW AVE&N CLARK ST & W ROSEMONT AVE,"$40,864.74",40864.74
48,Alley Resurfacing Menu (2025),W WINONA ST & N SHERIDAN RD&N MARINE DR & W FOSTER AVE,"$58,273.69",58273.69
48,Alley Speed Hump Replacement (2025),N WINTHROP AVE & W ARGYLE ST&N KENMORE AVE & W WINONA ST,$0.00,0.0
48,Alley Speed Hump Replacement (2025),W CATALPA AVE & N WINTHROP AVE&N KENMORE AVE & W BRYN MAWR AVE,$0.00,0.0
48,Alley Speed Hump Replacement (2025),W GRANVILLE AVE & N WINTHROP AVE&N KENMORE AVE & W GLENLAKE AVE,$0.00,0.0
48,Alley Speed Hump Replacement (2025),W WINONA ST & N SHERIDAN RD&N MARINE DR & W FOSTER AVE,$0.00,0.0
48,Arterial Street Bump Outs Menu (2025),W FOSTER AVE & N WAYNE AVE,"$60,000.00",60000.0
48,Bollard Menu (2025),N BROADWAY & W ARGYLE ST,"$12,819.99",12819.99
48,Bollard Menu (2025),ON W ARGYLE ST FROM N SHERIDAN RD (1000 W) TO N BROADWAY (1200 W),"$15,000.00",15000.0
48,LED Traffic Signal Upgrades & Pedestrian Countdown,N SHERIDAN RD & W BALMORAL AVE; 5400 N SHERIDAN RD,"$180,000.00",180000.0
48,Miscellaneous CDOT Projects (2025),N BROADWAY & W THORNDALE AVE; N BROADWAY & W HOLLYWOOD AVE,"$12,000.00",12000.0
48,Miscellaneous CDOT Projects (2025),ON N CLARK ST FROM W FOSTER AVE (5200 N) TO W EDGEWATER AVE (5800 N),"$9,246.79",9246.79
48,Miscellaneous CDOT Projects (2025),ON W ARGYLE ST FROM N SHERIDAN RD (1000 W) TO N BROADWAY (1200 W),"$52,928.78",52928.78
48,Pavement Markings Menu (2025),N SHERIDAN RD & W CATALPA AVE,"$2,000.00",2000.0
48,Pavement Markings Menu (2025),ON W BRYN MAWR AVE FROM N SHERIDAN RD (998 W) TO N BROADWAY (1200 W),"$250,000.00",250000.0
48,Pavement Markings Menu (2025),ON W FOSTER AVE FROM N BROADWAY (1199 W) TO N CLARK ST (1500 W),"$3,400.00",3400.0
48,Sidewalk Menu (2025),1057 W FOSTER AVE; W FOSTER AVE & N KENMORE AVE&N WINTHROP AVE & W WINONA ST,"$2,545.91",2545.91
48,Sidewalk Menu (2025),1126 W ARGYLE ST,"$1,561.68",1561.68
48,Sidewalk Menu (2025),1436 W GRANVILLE AVE,"$9,522.10",9522.1
48,Sidewalk Menu (2025),1439 W GREGORY ST,"$5,573.16",5573.16
48,Sidewalk Menu (2025),4910 N SHERIDAN RD,"$31,098.46",31098.46
48,Sidewalk Menu (2025),5300 N SHERIDAN RD; 1018 W BERWYN AVE,"$6,671.54",6671.54
48,Sidewalk Menu (2025),5509 N KENMORE AVE,"$3,081.16",3081.16
48,Sidewalk Menu (2025),5517 N KENMORE AVE,"$26,715.01",26715.01
48,Sidewalk Menu (2025),5609 N BROADWAY,"$3,079.47",3079.47
48,Signal (2025) Miscellaneous CDOT Projects (2025),N BROADWAY & W ARGYLE ST,$660.00,660.0
48,Street Bump Outs Menu (2025),W ELMDALE AVE & N MAGNOLIA AVE,"$17,437.43",17437.43
48,Street Resurfacing Menu (2025),6107-6129 N KENMORE AVE; ON N KENMORE AVE FROM W GLENLAKE AVE (6100 N) TO W GRANVILLE AVE (6200 N),"$31,599.29",31599.29
48,Street Resurfacing Menu (2025),ON N GLENWOOD AVE FROM W ARDMORE AVE (5850 N) TO W ROSEDALE AVE (5900 N),"$35,081.49",35081.49
48,Street Resurfacing Menu (2025),ON N GLENWOOD AVE FROM W GLENLAKE AVE (6100 N) TO W HOOD AVE (6130 N),"$32,181.65",32181.65
48,Street Resurfacing Menu (2025),ON N GLENWOOD AVE FROM W HOOD AVE (6130 N) TO W GRANVILLE AVE (6200 N),"$11,755.38",11755.38
48,Street Resurfacing Menu (2025),ON N GLENWOOD AVE FROM W ROSEMONT AVE (6300 N) TO W DEVON AVE (6400 N),"$94,933.83",94933.83
48,Street Resurfacing Menu (2025),ON W ARDMORE AVE FROM N SHERIDAN RD (1000 W) TO N WINTHROP AVE (1100 W),"$75,361.03",75361.03
48,Street Speed Hump Menu (2025),1401 W NORWOOD ST,"$2,440.00",2440.0
48,Street Speed Hump Menu (2025),6054 N GLENWOOD AVE,"$2,440.00",2440.0
48,Street Speed Hump Menu (2025),ON N WAYNE AVE FROM W BALMORAL AVE (5400 N) TO W CATALPA AVE (5500 N),"$4,880.00",4880.0
48,Street Speed Hump Menu (2025),ON N WAYNE AVE FROM W BERWYN AVE (5300 N) TO W BALMORAL AVE (5400 N),"$4,880.00",4880.0
48,Street Speed Hump Menu (2025),ON W ARDMORE AVE FROM N WAYNE AVE (1300 W) TO N GLENWOOD AVE (1400 W),"$2,440.00",2440.0
48,Street Speed Hump Menu (2025),ON W HOOD AVE FROM N GREENVIEW AVE (1500 W) TO N CLARK ST (1600 W),"$4,880.00",4880.0
48,Street Speed Hump Menu (2025),ON W NORWOOD ST FROM N GREENVIEW AVE (1500 W) TO N CLARK ST (1600 W),"$4,880.00",4880.0
48,Street Speed Hump Replacement (2025),ON N GLENWOOD AVE FROM W GLENLAKE AVE (6100 N) TO W HOOD AVE (6130 N),$0.00,0.0
48,Street Speed Hump Replacement (2025),ON N GLENWOOD AVE FROM W HOOD AVE (6130 N) TO W GRANVILLE AVE (6200 N),$0.00,0.0
48,Street Speed Hump Replacement (2025),ON N KENMORE AVE FROM W GLENLAKE AVE (6100 N) TO W GRANVILLE AVE (6200 N),$0.00,0.0
48,to Lakefront Trail via Meadows 2025 Menu- 48th ward- Lakefront Bunches,400 S JEAN BAPTISTE POINTE DUSABLE LAKE SHORE DR SB,"$100,000.00",100000.0
49,Arterial Street Bump Outs Menu (2025),N ROGERS AVE & N HONORE ST,"$80,000.00",80000.0
49,Arterial Street Bump Outs Menu (2025),W TOUHY AVE & N PAULINA ST,"$184,102.89",184102.89
49,Curb & Gutter Menu (2025),N SHERIDAN RD & W NORTH SHORE AVE,"$22,934.38",22934.38
49,Left-Turn Arrow Menu (2025),N RIDGE BLVD & W PRATT BLVD,"$233,342.70",233342.7
49,Miscellaneous CDOT Projects (2025),5900 N SHERIDAN RD,$660.00,660.0
49,Miscellaneous CDOT Projects (2025),ON N ROGERS AVE FROM W BIRCHWOOD AVE (7500 N) TO N ASHLAND AVE (7510 N),"$226,764.13",226764.13
49,Pollard Family Exhibit at Paschen Park,1932 W LUNT AVE,"$12,000.00",12000.0
49,Sidewalk Menu (2025),1560 W HOWARD ST,"$1,976.94",1976.94
49,Sidewalk Menu (2025),1617 W HOWARD ST,"$1,976.94",1976.94
49,Sidewalk Menu (2025),7434-7442 N HERMITAGE AVE,"$14,242.94",14242.94
49,Street Bump Outs Menu (2025),N GLENWOOD AVE & W ARTHUR AVE,"$44,076.58",44076.58
49,Street Bump Outs Menu (2025),N GLENWOOD AVE & W NORTH SHORE AVE,"$21,877.65",21877.65
49,Street Bump Outs Menu (2025),N NEWGARD AVE & W ARTHUR AVE,"$30,000.00",30000.0
49,Street Light Upgrade Menu (2025),N CLARK ST & W WALLEN AVE,$700.00,700.0
49,Street Resurfacing Menu (2025),ON N GLENWOOD AVE FROM W DEVON AVE (6400 N) TO W PRATT BLVD (6800 N),"$255,832.54",255832.54
49,Street Resurfacing Menu (2025),ON N LAKEWOOD AVE FROM W PRATT BLVD (6800 N) TO W FARWELL AVE (6900 N),"$36,673.86",36673.86
49,Street Resurfacing Menu (2025),ON W LUNT AVE FROM N SHERIDAN RD (1200 W) TO N GLENWOOD AVE (1400 W),"$77,728.18",77728.18
49,Street Speed Hump Menu (2025),ON N GLENWOOD AVE FROM W ALBION AVE (6600 N) TO W COLUMBIA AVE (6740 N),"$7,320.00",7320.0
49,Street Speed Hump Menu (2025),ON N GLENWOOD AVE FROM W ARTHUR AVE (6500 N) TO W LOYOLA AVE (6550 N),"$2,440.00",2440.0
49,Street Speed Hump Menu (2025),ON N WOLCOTT AVE FROM W GREENLEAF AVE (7040 N) TO W ESTES AVE (7100 N),"$2,440.00",2440.0
49,Street Speed Hump Menu (2025),ON W ARTHUR AVE FROM N BOSWORTH AVE (1530 W) TO N ASHLAND AVE (1600 W),"$2,440.00",2440.0
49,Street Speed Hump Replacement (2025),ON N GLENWOOD AVE FROM W DEVON AVE (6400 N) TO W PRATT BLVD (6800 N),$0.00,0.0
49,Street Traffic Circle Menu (2025),N NEWGARD AVE & W ALBION AVE,"$20,000.00",20000.0
50,Alley Apron Menu (2025),2956 W JEROME ST,"$35,203.28",35203.28
50,Alley Resurfacing Menu (2025),2414-2418 W LUNT AVE; W LUNT AVE & N WESTERN AVE&N WESTERN AVE & W GREENLEAF,"$4,882.28",4882.28
50,Alley Resurfacing Menu (2025),AVE 6608 N ARTESIAN AVE; N ARTESIAN AVE & W ALBION AVE&W NORTH SHORE AVE & N CAMPBELL AVE,"$31,580.31",31580.31
50,Alley Resurfacing Menu (2025),N BELL AVE & W GRANVILLE AVE&W ROSEMONT AVE & N OAKLEY AVE,"$38,516.31",38516.31
50,Alley Resurfacing Menu (2025),N CAMPBELL AVE & W GRANVILLE AVE&W ROSEMONT AVE & N MAPLEWOOD AVE,"$32,754.53",32754.53
50,Alley Resurfacing Menu (2025),N VIRGINIA AVE & W BRYN MAWR AVE&W HOLLYWOOD AVE & N SACRAMENTO AVE,"$47,971.86",47971.86
50,Alley Resurfacing Menu (2025),W GREENLEAF AVE & N HAMILTON AVE&N BELL AVE & W LUNT AVE,"$45,390.50",45390.5
50,Alley Speed Hump Menu (2025),N CENTRAL PARK AVE & W DEVON AVE&W ROSEMONT AVE & N DRAKE AVE,"$1,450.00",1450.0
50,Bollard Menu (2025),W DEVON AVE & N RICHMOND ST; 2927 W DEVON AVE,"$5,537.19",5537.19
50,Concrete Alley Menu (2025),N RIDGE BLVD & W ESTES AVE&W GREENLEAF AVE & N BELL AVE,"$40,473.89",40473.89
50,Curb & Gutter Menu (2025),ON W GREENLEAF AVE FROM N BELL AVE (2200 W) TO N OAKLEY AVE (2300 W),"$215,000.00",215000.0
50,Miscellaneous CDOT Projects (2025),W BRYN MAWR AVE & N MOZART ST,"$35,000.00",35000.0
50,Pavement Markings Menu (2025),W TOUHY AVE & N ALBANY AVE,"$18,200.00",18200.0
50,Sidewalk Menu (2025),5742 N SACRAMENTO AVE,"$96,821.84",96821.84
50,Street Light Residential Staggered Piggy Back Menu (2025),ON N WASHTENAW AVE FROM W ALBION AVE (6600 N) TO W NORTH SHORE AVE (6700 N),"$185,000.00",185000.0
50,Street Light Upgrade Menu (2025),2701 W CHASE AVE,$500.00,500.0
50,Street Light Upgrade Menu (2025),5618 N CALIFORNIA AVE,$500.00,500.0
50,Street Light Upgrade Menu (2025),6336 N LINCOLN AVE,"$1,000.00",1000.0
50,Street Light Upgrade Menu (2025),6504 N ROCKWELL ST,$500.00,500.0
50,Street Light Upgrade Menu (2025),6558 N CAMPBELL AVE,$500.00,500.0
50,Street Resurfacing Menu (2025),2724 W SHERWIN AVE,"$5,108.55",5108.55
50,Street Resurfacing Menu (2025),ON N MOZART ST FROM W GRANVILLE AVE (6200 N) TO W ROSEMONT AVE (6300 N),"$53,103.38",53103.38
50,Street Resurfacing Menu (2025),ON N RIDGEWAY AVE FROM 6340 N TO W DEVON AVE (6400 N),"$10,804.30",10804.3
50,Street Resurfacing Menu (2025),ON W FARGO AVE FROM N ALBANY AVE (3100 W) TO N KEDZIE AVE (3200 W),"$52,324.75",52324.75
50,Street Resurfacing Menu (2025),ON W FARGO AVE FROM N ROCKWELL ST (2600 W) TO N WASHTENAW AVE (2700 W),"$54,013.52",54013.52
50,Street Resurfacing Menu (2025),ON W GREENLEAF AVE FROM 2458 W TO N WESTERN AVE (2400 W),"$34,732.22",34732.22
50,Street Resurfacing Menu (2025),ON W JARLATH ST FROM 2835 W TO N CALIFORNIA AVE (2800 W),"$34,350.62",34350.62
50,Street Resurfacing Menu (2025),ON W THOME AVE FROM N LEAVITT ST (2200 W) TO N BELL AVE (2230 W),"$21,365.83",21365.83
50,Street Speed Hump Menu (2025),ON N FRANCISCO AVE FROM 5750 N TO W HOLLYWOOD AVE (5700 N),"$4,880.00",4880.0
50,Street Speed Hump Menu (2025),ON N TROY ST FROM W GRANVILLE AVE (6200 N) TO W ROSEMONT AVE (6300 N),"$4,880.00",4880.0
50,Street Speed Hump Menu (2025),ON W BIRCHWOOD AVE FROM N WASHTENAW AVE (2700 W) TO N CALIFORNIA AVE (2800 W),"$4,880.00",4880.0
50,Street Speed Hump Menu (2025),ON W FARGO AVE FROM N ALBANY AVE (3100 W) TO N KEDZIE AVE (3200 W),$0.00,0.0
50,W Greenleaf Ave from N Rockwell St to N California Ave; Including N Washtenaw Av and N Rockwell St from Alley,ON W GREENLEAF AVE FROM N ROCKWELL ST (2600 W) TO N CALIFORNIA AVE (2800 W) Office of Budget & Management,"$370,000.00",370000.0
