ward,menu_package,address,cost,cost_numeric
1,Alley Resurfacing Menu (2023),W SUPERIOR ST & N PAULINA ST&N WOOD ST & W HURON ST; 1757 W SUPERIOR ST,"$38,716.00",38716.0
1,Alley Speed Hump Replacement (2023),W SUPERIOR ST & N PAULINA ST&N WOOD ST & W HURON ST; 1757 W SUPERIOR ST,$0.00,0.0
1,Arterial Street Bump Outs Menu (2023),N ASHLAND AVE & W HURON ST,"$150,000.00",150000.0
1,Arterial Street Bump Outs Menu (2023),N ASHLAND AVE & W OHIO ST,"$100,000.00",100000.0
1,Bike Lane/Marked Shared Lane Menu (2023),ON N PAULINA ST FROM W GRAND AVE (500 N) TO W AUGUSTA BLVD (1000 N),"$100,000.00",100000.0
1,Concrete Alley Menu (2023),W ARMITAGE AVE & N WHIPPLE ST&N ALBANY AVE & W CORTLAND ST,"$43,441.95",43441.95
1,Curb & Gutter Menu (2023),W BELDEN AVE & N TALMAN AVE,"$94,353.88",94353.88
1,Logan Square Skate Park Renovation (Haas Park),2402 N WASHTENAW AVE,"$100,000.00",100000.0
1,Miscellaneous CDOT Projects (2023),1900 W OHIO ST,$660.00,660.0
1,Miscellaneous CDOT Projects (2023),1958 W DIVISION ST,$660.00,660.0
1,Miscellaneous CDOT Projects (2023),827 N WOOD ST,$761.00,761.0
1,Pavement Markings Menu (2023),ON N ASHLAND AVE FROM W GRAND AVE (500 N) TO W CHICAGO AVE (800 N),"$8,000.00",8000.0
1,Pavement Markings Menu (2023),W FULLERTON AVE & N CAMPBELL AVE,"$10,000.00",10000.0
1,Pavement Markings Menu (2023),W FULLERTON AVE & N TALMAN AVE,"$50,000.00",50000.0
1,Pedestrian Refuge Island Menu (2023),N WESTERN AVE & W CHARLESTON ST,"$28,149.75",28149.75
1,Protected Bike Lane Menu (2023),ON N CALIFORNIA AVE FROM W BLOOMINGDALE AVE (1800 N) TO W LOGAN BLVD N (2600 N),"$375,000.00",375000.0
1,Sidewalk Menu (2023),1056 N PAULINA ST,"$5,062.01",5062.01
1,Sidewalk Menu (2023),2221 W SUPERIOR ST,"$7,034.99",7034.99
1,Sidewalk Menu (2023),N CALIFORNIA AVE & W NORTH AVE,"$8,165.46",8165.46
1,Street Bump Outs Menu (2023),1310-1314 N OAKLEY BLVD,"$10,535.38",10535.38
1,Street Bump Outs Menu (2023),1700 W LE MOYNE ST; W LE MOYNE ST & N PAULINA ST,"$20,933.39",20933.39
1,Street Bump Outs Menu (2023),W CRYSTAL ST & N WOOD ST,"$29,913.24",29913.24
1,Street Bump Outs Menu (2023),W LE MOYNE ST & N WOOD ST,"$14,871.92",14871.92
1,Street Bump Outs Menu (2023),W PIERCE AVE & N PAULINA ST; 1700 W PIERCE AVE,"$21,337.03",21337.03
1,Street Bump Outs Menu (2023),W POTOMAC AVE & N WOOD ST,"$30,232.73",30232.73
1,Street Resurfacing Menu (2023),ON N HERMITAGE AVE FROM W GRAND AVE (500 N) TO W OHIO ST (600 N),"$10,748.74",10748.74
1,Street Resurfacing Menu (2023),ON N WICKER PARK AVE FROM W EVERGREEN AVE (1400 N) TO N DAMEN AVE (1550 N),"$95,717.96",95717.96
1,Street Resurfacing Menu (2023),ON W SCHILLER ST FROM N WICKER PARK AVE (1900 W) TO N DAMEN AVE (2000 W),"$84,704.56",84704.56
1,Street Speed Hump Menu (2023),1370 N DEAN ST,"$2,440.00",2440.0
1,Street Speed Hump Menu (2023),ON N ARTESIAN AVE FROM W ALTGELD ST (2500 N) TO W LOGAN BLVD S (2600 N),"$2,440.00",2440.0
1,Street Speed Hump Menu (2023),ON N CAMPBELL AVE FROM W LE MOYNE ST (1500 N) TO W NORTH AVE (1600 N),"$4,880.00",4880.0
1,Street Speed Hump Menu (2023),ON N MAPLEWOOD AVE FROM W ALTGELD ST (2500 N) TO N AVONDALE AVE (2610 N),"$4,880.00",4880.0
1,Street Speed Hump Menu (2023),ON N MAPLEWOOD AVE FROM W BELDEN AVE (2300 N) TO W ALTGELD ST (2500 N),"$4,880.00",4880.0
1,Street Speed Hump Menu (2023),ON N RICHMOND ST FROM W CORTLAND ST (1900 N) TO W ARMITAGE AVE (2000 N),"$4,880.00",4880.0
1,Street Speed Hump Menu (2023),ON N SAWYER AVE FROM W CORTLAND ST (1900 N) TO W ARMITAGE AVE (2000 N),"$4,880.00",4880.0
1,Street Speed Hump Menu (2023),ON N WICKER PARK AVE FROM N WOOD ST (1320 N) TO N WOLCOTT AVE (1370 N),"$4,880.00",4880.0
1,Street Speed Hump Menu (2023),ON W HADDON AVE FROM N HOYNE AVE (2100 W) TO N LEAVITT ST (2200 W),"$4,880.00",4880.0
1,Street Speed Hump Menu (2023),ON W HURON ST FROM N NOBLE ST (1400 W) TO N ASHLAND AVE (1600 W),"$7,320.00",7320.0
1,Street Speed Hump Menu (2023),ON W PEARSON ST FROM N ASHLAND AVE (1600 W) TO N WOOD ST (1800 W),"$9,760.00",9760.0
1,Street Speed Hump Menu (2023),ON W POTOMAC AVE FROM N LEAVITT ST (2200 W) TO N OAKLEY BLVD (2300 W),"$2,440.00",2440.0
1,Street Speed Hump Menu (2023),ON W SCHUBERT AVE FROM N FRANCISCO AVE (2900 W) TO N SACRAMENTO AVE (3000 W),"$2,440.00",2440.0
1,Street Speed Hump Replacement (2023),ON N HERMITAGE AVE FROM W GRAND AVE (500 N) TO W OHIO ST (600 N),$0.00,0.0
1,Street Speed Hump Replacement (2023),ON N WICKER PARK AVE FROM W EVERGREEN AVE (1400 N) TO N DAMEN AVE (1550 N),$0.00,0.0
1,Street Speed Hump Replacement (2023),ON W SCHILLER ST FROM N WICKER PARK AVE (1900 W) TO N DAMEN AVE (2000 W),$0.00,0.0
2,Alley Apron Menu (2023),2353 N LAKEWOOD AVE,"$50,503.65",50503.65
2,Concrete Alley Menu (2023),N LARRABEE ST & W NORTH AVE&W BLACKHAWK ST & N MOHAWK ST,"$318,000.00",318000.0
2,Pavement Markings Menu (2023),E CHICAGO AVE & N MIES VAN DER ROHE WAY,$900.00,900.0
2,Sidewalk Menu (2023),1030 N CLARK ST,"$38,759.53",38759.53
2,Sidewalk Menu (2023),121 W GOETHE ST,"$12,220.67",12220.67
2,Sidewalk Menu (2023),1259 W WEBSTER AVE,"$10,960.72",10960.72
2,Sidewalk Menu (2023),1636 N WELLS ST,"$4,605.21",4605.21
2,Sidewalk Menu (2023),530 E GRAND AVE,"$94,103.81",94103.81
2,Sidewalk Menu (2023),808 N LAKE SHORE DR,"$50,194.51",50194.51
2,Street Bump Outs Menu (2023),W BELDEN AVE & N CLIFTON AVE; W BELDEN AVE & N RACINE AVE,"$56,495.25",56495.25
2,Street Light Upgrade Menu (2023),1542 N HUDSON AVE,$500.00,500.0
2,Street Resurfacing Menu (2023),ON E SUPERIOR ST FROM N MICHIGAN AVE (140 E) TO N LAKE SHORE DR (500 E),"$182,535.41",182535.41
2,Street Resurfacing Menu (2023),ON N DEWITT PL FROM E PEARSON ST (830 N) TO E DELAWARE PL (900 N),"$43,408.43",43408.43
2,Street Resurfacing Menu (2023),ON N FRANKLIN ST FROM W INSTITUTE PL (830 N) TO W CHESTNUT ST (860 N),"$27,270.72",27270.72
2,Street Resurfacing Menu (2023),ON N LAKE SHORE DR FROM E OAK ST (150 E) TO E CEDAR ST (1100 N),"$33,602.68",33602.68
2,Street Resurfacing Menu (2023),ON N MIES VAN DER ROHE WAY FROM E PEARSON ST (830 N) TO E WALTON PL (930 N),"$62,414.72",62414.72
2,Street Resurfacing Menu (2023),ON N SEDGWICK ST FROM W CHICAGO AVE (800 N) TO W LOCUST ST (900 N),"$43,393.13",43393.13
2,Street Resurfacing Menu (2023),ON N WIELAND ST FROM W SCHILLER ST (1400 N) TO W NORTH AVE (1600 N),"$99,331.29",99331.29
2,Street Resurfacing Menu (2023),ON W BURTON PL FROM N STATE PKWY (0 E) TO N DEARBORN ST (40 W),"$23,457.96",23457.96
2,Street Resurfacing Menu (2023),ON W ELM ST FROM N STATE ST (1 E) TO N LA SALLE DR (150 W),"$108,613.16",108613.16
2,Street Resurfacing Menu (2023),ON W GOETHE ST FROM N WELLS ST (200 W) TO N SEDGWICK ST (400 W),"$88,647.60",88647.6
2,Street Resurfacing Menu (2023),ON W MAPLE ST FROM N DEARBORN ST (50 W) TO N CLARK ST (100 W),"$36,902.63",36902.63
2,Street Resurfacing Menu (2023),ON W WEED ST FROM N HALSTED ST (800 W) TO N DAYTON ST (830 W),"$27,768.94",27768.94
2,Street Resurfacing Menu (2023),ON W WENDELL ST FROM 160 W TO N WELLS ST (200 W),"$25,202.11",25202.11
2,Street Speed Hump Menu (2023),ON N LAKEWOOD AVE FROM W BELDEN AVE (2300 N) TO W FULLERTON AVE (2400 N),"$2,440.00",2440.0
2,Street Speed Hump Menu (2023),ON N MAGNOLIA AVE FROM W DICKENS AVE (2100 N) TO W WEBSTER AVE (2200 N),"$4,880.00",4880.0
2,Street Speed Hump Replacement (2023),ON N WIELAND ST FROM W SCHILLER ST (1400 N) TO W NORTH AVE (1600 N),$0.00,0.0
2,Street Speed Hump Replacement (2023),ON W GOETHE ST FROM N WELLS ST (200 W) TO N SEDGWICK ST (400 W),$0.00,0.0
3,Alley Resurfacing Menu (2023),E 37TH ST & S INDIANA AVE&S GILES AVE & E 38TH ST; 3715 S INDIANA AVE,"$30,746.00",30746.0
3,Alley Resurfacing Menu (2023),E 45TH ST & S ST LAWRENCE AVE&S CHAMPLAIN AVE & E 46TH ST,"$58,492.31",58492.31
3,Alley Resurfacing Menu (2023),E 47TH ST & S ST LAWRENCE AVE&S FORRESTVILLE AVE & E 48TH ST,"$40,648.44",40648.44
3,Alley Resurfacing Menu (2023),E 48TH ST & S VINCENNES AVE&E 49TH ST & S FORRESTVILLE AVE,"$41,200.00",41200.0
3,Alley Resurfacing Menu (2023),S CALUMET AVE & E 40TH ST&E 41ST ST & S DR MARTIN LUTHER KING JR DR W,"$30,746.00",30746.0
3,Alley Resurfacing Menu (2023),S CALUMET AVE & E 41ST ST&E 42ND ST & S DR MARTIN LUTHER KING JR DR W,"$30,807.80",30807.8
3,Alley Resurfacing Menu (2023),S INDIANA AVE & E 33RD BLVD&E 35TH ST & S PRAIRIE AVE,"$59,607.06",59607.06
3,Alley Resurfacing Menu (2023),S MICHIGAN AVE & E 52ND ST&E 53RD ST & S INDIANA AVE,"$30,320.53",30320.53
3,Alley Resurfacing Menu (2023),S PRAIRIE AVE & E 40TH ST&E PERSHING RD & S CALUMET AVE,"$66,286.55",66286.55
3,Alley Resurfacing Menu (2023),S STATE ST & E 41ST ST&E 42ND ST & S WABASH AVE,"$30,715.10",30715.1
3,Alley Resurfacing Menu (2023),S VINCENNES AVE & E 43RD ST&E 44TH ST & S FORRESTVILLE AVE,"$39,426.70",39426.7
3,Alley Speed Hump Menu (2023),E 48TH PL & S VINCENNES AVE&S DR MARTIN LUTHER KING JR DR & E 48TH ST,"$3,625.00",3625.0
3,Alley Speed Hump Menu (2023),E PERSHING RD & S DR MARTIN LUTHER KING JR DR&S VINCENNES AVE & E OAKWOOD BLVD,"$1,450.00",1450.0
3,Alley Speed Hump Replacement (2023),E 48TH ST & S VINCENNES AVE&E 49TH ST & S FORRESTVILLE AVE,$0.00,0.0
3,Alley Speed Hump Replacement (2023),S PRAIRIE AVE & E 40TH ST&E PERSHING RD & S CALUMET AVE,$0.00,0.0
3,Arterial Street Bump Outs Menu (2023),S STATE ST & E 14TH PL,"$100,000.00",100000.0
3,Curb & Gutter Menu (2023),529 E 44TH ST,"$86,582.13",86582.13
3,Miscellaneous CDOT Projects (2023),3950 S MICHIGAN AVE,"$15,678.37",15678.37
3,Miscellaneous CDOT Projects (2023),417 E 43RD ST,$300.00,300.0
3,Miscellaneous CDOT Projects (2023),4236 S VINCENNES AVE,$150.00,150.0
3,Miscellaneous CDOT Projects (2023),4257 S CALUMET AVE,$300.00,300.0
3,Miscellaneous CDOT Projects (2023),4311 S VERNON AVE,$150.00,150.0
3,Miscellaneous CDOT Projects (2023),4334 S DR MARTIN LUTHER KING JR DR W,$150.00,150.0
3,Miscellaneous CDOT Projects (2023),437 E 42ND PL; 447 E 42ND PL,$300.00,300.0
3,Miscellaneous CDOT Projects (2023),4423 S WELLS ST; 5036 S PRINCETON AVE,$300.00,300.0
3,Miscellaneous CDOT Projects (2023),444 E 43RD ST,$150.00,150.0
3,Miscellaneous CDOT Projects (2023),4451 S VINCENNES AVE,$300.00,300.0
3,Miscellaneous CDOT Projects (2023),4702 S DR MARTIN LUTHER KING JR DR W,$300.00,300.0
3,Miscellaneous CDOT Projects (2023),4731 S MICHIGAN AVE,"$15,828.37",15828.37
3,Miscellaneous CDOT Projects (2023),4909 S WABASH AVE,$150.00,150.0
3,Miscellaneous CDOT Projects (2023),4933-4937 S MICHIGAN AVE,$150.00,150.0
3,Miscellaneous CDOT Projects (2023),5403-5405 S WABASH AVE,$150.00,150.0
3,Miscellaneous CDOT Projects (2023),S STATE ST & E 14TH PL,"$12,679.54",12679.54
3,Sidewalk Menu (2023),1932 S WABASH AVE,"$24,909.09",24909.09
3,Sidewalk Menu (2023),300 E 38TH ST,"$12,036.37",12036.37
3,Sidewalk Menu (2023),430 E 41ST ST,"$3,571.90",3571.9
3,Sidewalk Menu (2023),4533 S WABASH AVE,"$10,568.75",10568.75
3,Sidewalk Menu (2023),4641-4700 S VINCENNES AVE,"$20,043.86",20043.86
3,Sidewalk Menu (2023),4801 S WABASH AVE,"$31,276.62",31276.62
3,Sidewalk Menu (2023),4805 S WABASH AVE,"$3,714.25",3714.25
3,Sidewalk Menu (2023),4807 S WABASH AVE,"$5,499.33",5499.33
3,Sidewalk Menu (2023),4835 S DR MARTIN LUTHER KING JR DR E,"$12,434.95",12434.95
3,Sidewalk Menu (2023),4934 S MICHIGAN AVE,"$37,686.88",37686.88
3,Sidewalk Menu (2023),5000 S PRAIRIE AVE; 300 E 50TH ST; E 50TH ST & S PRAIRIE AVE,"$19,957.68",19957.68
3,Sidewalk Menu (2023),5018 S MICHIGAN AVE,"$7,513.04",7513.04
3,Sidewalk Menu (2023),ON S ST LAWRENCE AVE FROM E 45TH ST (4500 S) TO E 46TH ST (4600 S),"$17,793.38",17793.38
3,Speed Indicator Signs (2023),ON S CLARK ST FROM W ROOSEVELT RD (1200 S) TO W 16TH ST (1600 S); 1443 S CLARK ST; 1446 S CLARK ST,"$22,439.57",22439.57
3,Street Light Residential Staggered Piggy Back Menu (2023),ON S FEDERAL ST FROM 1208 S TO W 14TH ST (1400 S); ON S PLYMOUTH CT FROM 1211 S TO W 14TH ST (1400 S),"$59,911.56",59911.56
3,Street Light Upgrade Menu (2023),2138 S INDIANA AVE,$500.00,500.0
3,Street Light Upgrade Menu (2023),3400 S INDIANA AVE,$500.00,500.0
3,Street Light Upgrade Menu (2023),3432 S GILES AVE,$500.00,500.0
3,Street Light Upgrade Menu (2023),421 E 41ST ST,$500.00,500.0
3,Street Light Upgrade Menu (2023),515 E PERSHING RD,$500.00,500.0
3,Street Light Upgrade Menu (2023),521 E 41ST ST,$500.00,500.0
3,Street Light Upgrade Menu (2023),ON S CALUMET AVE FROM E 46TH ST (4600 S) TO E 47TH ST (4700 S); 4628 S CALUMET AVE,"$1,000.00",1000.0
3,Street Resurfacing Menu (2023),ON E 36TH PL FROM S STATE ST (0 E) TO S MICHIGAN AVE (100 E),"$109,098.99",109098.99
3,Street Resurfacing Menu (2023),ON E 54TH PL FROM S CALUMET AVE (340 E) TO S DR MARTIN LUTHER KING JR DR (400 E),"$23,033.42",23033.42
3,Street Resurfacing Menu (2023),ON S PORTLAND AVE FROM W 45TH ST (4500 S) TO W 45TH PL (4530 S),"$36,421.55",36421.55
3,Street Resurfacing Menu (2023),ON S PRAIRIE AVE FROM E 35TH ST (3500 S) TO E 37TH ST (3700 S),"$156,440.06",156440.06
3,Street Resurfacing Menu (2023),ON S WABASH AVE FROM E 36TH ST (3600 S) TO E 36TH PL (3630 S),"$47,102.31",47102.31
3,Street Resurfacing Menu (2023),ON S WABASH AVE FROM E 48TH ST (4800 S) TO E 49TH ST (4900 S),"$101,446.63",101446.63
3,Street Resurfacing Menu (2023),ON W 15TH ST FROM S STATE ST (0 E) TO S DEARBORN ST (40 W),"$35,409.90",35409.9
3,Street Speed Hump Replacement (2023),ON S PRAIRIE AVE FROM E 35TH ST (3500 S) TO E 37TH ST (3700 S),$0.00,0.0
3,Street Speed Hump Replacement (2023),ON W 15TH ST FROM S STATE ST (0 E) TO S DEARBORN ST (40 W),$0.00,0.0
4,Alley Resurfacing Menu (2023),E 37TH ST & S ELLIS AVE&S LAKE PARK AVE & E 37TH ST,"$13,857.71",13857.71
4,Alley Resurfacing Menu (2023),E 41ST PL & S BERKELEY AVE&S LAKE PARK AVE & E 42ND PL,"$46,626.52",46626.52
4,Alley Resurfacing Menu (2023),E 42ND ST & S COTTAGE GROVE AVE&S DREXEL BLVD & E BOWEN AVE,"$11,216.88",11216.88
4,Alley Resurfacing Menu (2023),S EVANS AVE & E 46TH ST&E 47TH ST & S COTTAGE GROVE AVE,"$7,725.97",7725.97
4,Alley Resurfacing Menu (2023),S LANGLEY AVE & E 42ND ST&E BOWEN AVE & S ST LAWRENCE AVE,"$34,513.54",34513.54
4,Alley Resurfacing Menu (2023),S LANGLEY AVE & E 47TH ST&E 48TH ST & S CHAMPLAIN AVE,"$59,866.22",59866.22
4,Alley Speed Hump Menu (2023),E 43RD ST & S LAKE PARK AVE&S OAKENWALD AVE & E 44TH PL,"$2,900.00",2900.0
4,Alley Speed Hump Menu (2023),S DORCHESTER AVE & E HYDE PARK BLVD&E 52ND ST & S BLACKSTONE AVE; 5125 S DORCHESTER AVE,$725.00,725.0
4,Alley Speed Hump Replacement (2023),S LANGLEY AVE & E 42ND ST&E BOWEN AVE & S ST LAWRENCE AVE,$0.00,0.0
4,Concrete Alley Menu (2023),716 E BOWEN AVE,"$2,133.42",2133.42
4,Curb & Gutter Menu (2023),1371 E 48TH ST,"$48,904.95",48904.95
4,Curb & Gutter Menu (2023),3137 S GILES AVE,"$70,837.26",70837.26
4,Curb & Gutter Menu (2023),3337 S PRAIRIE AVE,"$42,332.49",42332.49
4,Curb & Gutter Menu (2023),ON S PLYMOUTH CT FROM 1178 S TO W 9TH ST (900 S),"$83,537.87",83537.87
4,Dog Friendly Area: 4954 S. St. Lawrence Ave,4954 S ST LAWRENCE AVE,"$250,000.00",250000.0
4,Kenwood Gardens 4131-4149 S. Drexel Blvd.,4131-4149 S DREXEL BLVD,"$150,000.00",150000.0
4,Miscellaneous CDOT Projects (2023),4043 S DREXEL BLVD,$150.00,150.0
4,Miscellaneous CDOT Projects (2023),4232 S COTTAGE GROVE AVE,$150.00,150.0
4,Miscellaneous CDOT Projects (2023),4621 S LAKE PARK AVE,$150.00,150.0
4,Miscellaneous CDOT Projects (2023),4847 S LANGLEY AVE,$300.00,300.0
4,Miscellaneous CDOT Projects (2023),E 49TH ST & S KENWOOD AVE,"$28,770.36",28770.36
4,Sidewalk Menu (2023),4406 S LAKE PARK AVE,"$4,399.87",4399.87
4,Sidewalk Menu (2023),4801 S KIMBARK AVE,"$32,774.75",32774.75
4,Sidewalk Menu (2023),5131 S BLACKSTONE AVE,"$5,140.59",5140.59
4,Sidewalk Menu (2023),715 E BOWEN AVE,"$3,705.44",3705.44
4,Sidewalk Menu (2023),820-882 S PARK TER,"$118,944.55",118944.55
4,Sidewalk Menu (2023),899 S PLYMOUTH CT,"$17,057.00",17057.0
4,Sidewalk Menu (2023),E 44TH ST & S ELLIS AVE,"$24,278.43",24278.43
4,Sidewalk Menu (2023),ON E 48TH ST FROM S WOODLAWN AVE (1200 E) TO S KIMBARK AVE (1300 E),"$20,989.92",20989.92
4,Sidewalk Menu (2023),ON S CHAMPLAIN AVE FROM E 49TH ST (4900 S) TO E 50TH ST (5000 S),"$30,745.53",30745.53
4,Street Bump Outs Menu (2023),4584 S OAKENWALD AVE,"$3,051.76",3051.76
4,Street Cul-de-Sac Menu (2023),4950 S GREENWOOD AVE; S GREENWOOD AVE & E HYDE PARK BLVD,"$31,963.67",31963.67
4,Street Resurfacing Menu (2023),ON E 38TH PL FROM S COTTAGE GROVE AVE (800 E) TO S ELLIS AVE (844 E),"$37,826.63",37826.63
4,Street Resurfacing Menu (2023),ON E 9TH ST FROM S WABASH AVE (40 E) TO S MICHIGAN AVE (100 E),"$20,991.87",20991.87
4,Street Resurfacing Menu (2023),ON S BERKELEY AVE FROM E 43RD ST (4300 S) TO E 44TH ST (4400 S),"$68,150.77",68150.77
4,Street Resurfacing Menu (2023),ON S EVANS AVE FROM E 48TH ST (4800 S) TO E 49TH ST (4900 S),"$74,161.75",74161.75
4,Street Resurfacing Menu (2023),ON S LANGLEY AVE FROM E 47TH ST (4700 S) TO E 48TH ST (4800 S),"$60,703.65",60703.65
4,Street Resurfacing Menu (2023),ON S PLYMOUTH CT FROM 1178 S TO W 9TH ST (900 S),"$31,625.62",31625.62
4,Street Speed Hump Menu (2023),ON E 45TH ST FROM S ELLIS AVE (1000 E) TO S WOODLAWN AVE (1200 E),"$9,760.00",9760.0
4,Street Speed Hump Menu (2023),ON E 46TH ST FROM S WOODLAWN AVE (1200 E) TO S LAKE PARK AVE (1300 E),"$4,880.00",4880.0
4,Street Speed Hump Menu (2023),ON E 50TH ST FROM S KIMBARK AVE (1300 E) TO S DORCHESTER AVE (1400 E),"$7,050.00",7050.0
4,Street Speed Hump Menu (2023),ON S DORCHESTER AVE FROM E 52ND ST (5200 S) TO E 53RD ST (5300 S),"$2,440.00",2440.0
4,Street Speed Hump Menu (2023),ON S ELLIS AVE FROM E 44TH ST (4400 S) TO E 45TH ST (4499 S),"$4,880.00",4880.0
4,Street Speed Hump Menu (2023),ON S ELLIS AVE FROM E OAKWOOD BLVD (3946 S) TO E 43RD ST (4300 S),"$14,640.00",14640.0
4,Street Speed Hump Menu (2023),ON S GREENWOOD AVE FROM E 45TH ST (4500 S) TO E 47TH ST (4700 S),"$9,760.00",9760.0
4,Street Speed Hump Menu (2023),ON S KIMBARK AVE FROM E 49TH ST (4900 S) TO E 50TH ST (5000 S),"$4,880.00",4880.0
5,Street Light Residential Staggered Piggy Back Menu (2023),ON E 69TH ST FROM 1758 E TO S CONSTANCE AVE (1830 E),"$168,000.00",168000.0
5,Street Light Residential Staggered Piggy Back Menu (2023),ON S DORCHESTER AVE FROM E MARQUETTE RD (6600 S) TO E 67TH ST (6700 S); ON E 66TH PL FROM S DORCHESTER AVE (1400 E) TO S BLACKSTONE AVE (1500 E); ON S BLACKSTONE AVE FROM E MARQUETTE RD (6600 S) TO E 67TH ST (6700 S),"$47,913.00",47913.0
5,Street Light Residential Staggered Piggy Back Menu (2023),ON S PAXTON AVE FROM E 67TH ST (6700 S) TO E 69TH ST (6900 S),"$338,000.00",338000.0
5,Street Resurfacing Menu (2023),ON S BLACKSTONE AVE FROM E 57TH ST (5700 S) TO E 59TH ST (5900 S),"$140,573.29",140573.29
5,Street Resurfacing Menu (2023),ON S BLACKSTONE AVE FROM E 63RD ST (6300 S) TO E 64TH ST (6400 S),"$47,157.05",47157.05
5,Street Resurfacing Menu (2023),ON S CORNELL AVE FROM E 50TH PL (5040 S) TO E HYDE PARK BLVD (5100 S),"$26,202.03",26202.03
5,Street Resurfacing Menu (2023),ON S DREXEL AVE FROM E 56TH ST (5600 S) TO E 58TH ST (5800 S),"$147,641.45",147641.45
5,Street Resurfacing Menu (2023),ON S DREXEL AVE FROM E 60TH ST (6000 S) TO E 61ST ST (6100 S),"$74,462.06",74462.06
5,Street Resurfacing Menu (2023),ON S ELLIS AVE FROM E 55TH ST (5499 S) TO E 57TH ST (5700 S),"$106,175.59",106175.59
5,Street Resurfacing Menu (2023),ON S INGLESIDE AVE FROM E 52ND ST (5200 S) TO E 53RD ST (5300 S),"$43,862.96",43862.96
5,Street Resurfacing Menu (2023),ON S PAXTON AVE FROM E 72ND ST (7200 S) TO E 73RD ST (7300 S),"$54,238.38",54238.38
5,Street Resurfacing Menu (2023),ON S UNIVERSITY AVE FROM E 52ND ST (5200 S) TO E 55TH ST (5500 S),"$245,478.75",245478.75
5,Street Resurfacing Menu (2023),ON S UNIVERSITY AVE FROM E 58TH ST (5800 S) TO E 59TH ST (5900 S),"$55,415.31",55415.31
5,Street Speed Hump Menu (2023),ON S BLACKSTONE AVE FROM E 57TH ST (5700 S) TO E 58TH ST (5800 S),"$4,880.00",4880.0
6,Alley Apron Menu (2023),8501 S WABASH AVE; ON E 85TH ST FROM S WABASH AVE (50 E) TO S MICHIGAN AVE (100 E),"$21,261.72",21261.72
6,Arterial Street Bump Outs Menu (2023),S CHAMPLAIN AVE & E 75TH ST,"$75,833.04",75833.04
6,Arterial Street Bump Outs Menu (2023),S CHAMPLAIN AVE & E 76TH ST,"$148,596.42",148596.42
6,Brown Memorial Park Skate Park Project,634 E 86TH ST,"$100,000.00",100000.0
6,Miscellaneous CDOT Projects (2023),201 E 75TH ST,$660.00,660.0
6,Miscellaneous CDOT Projects (2023),501 E 78TH ST,$244.14,244.14
6,Miscellaneous CDOT Projects (2023),58 W 79TH ST,$660.00,660.0
6,Miscellaneous CDOT Projects (2023),659 E 75TH ST,$660.00,660.0
6,Nat King Cole Park Walking Track,361 E 85TH ST,"$25,000.00",25000.0
6,Sidewalk Menu (2023),344 E 80TH ST,"$20,251.22",20251.22
6,Sidewalk Menu (2023),7735 S RHODES AVE,"$4,367.73",4367.73
6,Sidewalk Menu (2023),7759 S CALUMET AVE,"$14,004.09",14004.09
6,Sidewalk Menu (2023),7955-7959 S CALUMET AVE,"$9,785.84",9785.84
6,Sidewalk Menu (2023),8501 S VERNON AVE,"$5,712.86",5712.86
6,Sidewalk Menu (2023),8546 S WABASH AVE; 8554 S WABASH AVE,"$11,228.67",11228.67
6,Street Light Residential Staggered Piggy Back Menu (2023),ON S PRAIRIE AVE FROM E 71ST ST (7100 S) TO E 74TH ST (7400 S),"$489,000.00",489000.0
6,Street Light Upgrade Menu (2023),7120 S VINCENNES AVE,$500.00,500.0
6,Street Resurfacing Menu (2023),ON E 94TH ST FROM S STATE ST (0 E) TO S WABASH AVE (40 E),"$27,832.81",27832.81
6,Street Resurfacing Menu (2023),ON S CHAMPLAIN AVE FROM E 78TH ST (7800 S) TO E 79TH ST (7900 S),"$57,456.54",57456.54
6,Street Resurfacing Menu (2023),ON S PRAIRIE AVE FROM 8755 S TO E 87TH ST (8700 S),"$66,260.21",66260.21
6,Street Resurfacing Menu (2023),ON S PRAIRIE AVE FROM E 89TH ST (8900 S) TO E 90TH ST (9000 S),"$78,704.61",78704.61
6,Street Resurfacing Menu (2023),ON S WABASH AVE FROM E 89TH PL (8930 S) TO E 90TH ST (9000 S),"$35,814.61",35814.61
6,Street Resurfacing Menu (2023),ON S WABASH AVE FROM E 91ST ST (9100 S) TO E 95TH ST (9500 S),"$246,047.61",246047.61
6,Street Resurfacing Menu (2023),ON S WILLIAMS AVE FROM 9112 S TO E 92ND ST (9200 S),"$45,477.87",45477.87
6,Street Speed Hump Menu (2023),ON E 74TH ST FROM S CALUMET AVE (340 E) TO S PRAIRIE AVE (300 E),"$4,880.00",4880.0
6,Street Speed Hump Menu (2023),ON S EVANS AVE FROM E 73RD ST (7300 S) TO E 74TH ST (7400 S),"$4,880.00",4880.0
6,Street Speed Hump Menu (2023),ON S MORGAN ST FROM W 72ND ST (7200 S) TO W 73RD ST (7300 S),"$4,880.00",4880.0
6,Street Speed Hump Replacement (2023),ON S WABASH AVE FROM E 91ST ST (9100 S) TO E 95TH ST (9500 S),$0.00,0.0
7,Alley Apron Menu (2023),2658 E 78TH ST,"$17,220.96",17220.96
7,Alley Resurfacing Menu (2023),8041 S MUSKEGON AVE; S MUSKEGON AVE & E 80TH ST&E 81ST ST & S ESCANABA AVE,"$47,368.13",47368.13
7,Alley Resurfacing Menu (2023),E 84TH ST & S MANISTEE AVE&S MARQUETTE AVE & E 85TH ST,"$34,128.44",34128.44
7,Alley Resurfacing Menu (2023),S CORNELL AVE & E 72ND ST&E 73RD ST & S STONY ISLAND AVE,"$24,594.47",24594.47
7,Alley Speed Hump Replacement (2023),S CORNELL AVE & E 72ND ST&E 73RD ST & S STONY ISLAND AVE,$0.00,0.0
7,Concrete Alley Menu (2023),E 101ST ST & S VAN VLISSINGEN RD&S PAXTON AVE & S VAN VLISSINGEN RD,"$268,207.98",268207.98
7,Concrete Alley Menu (2023),E 83RD ST & E 83RD PL&S CLYDE AVE & S SOUTH CHICAGO AVE,"$62,528.41",62528.41
7,Miscellaneous CDOT Projects (2023),7100 S BENNETT AVE,$660.00,660.0
7,Pavement Markings Menu (2023),S VAN VLISSINGEN RD & E 102ND ST,"$4,000.00",4000.0
7,Pavement Markings Menu (2023),S VAN VLISSINGEN RD & S PAXTON AVE,"$4,000.00",4000.0
7,Sidewalk Menu (2023),10119 S YATES AVE,"$8,430.67",8430.67
7,Sidewalk Menu (2023),2905 E 91ST ST,"$8,647.93",8647.93
7,Sidewalk Menu (2023),8043 S KINGSTON AVE,"$8,392.44",8392.44
7,Sidewalk Menu (2023),8059 S YATES BLVD,"$12,251.63",12251.63
7,Sidewalk Menu (2023),8313 S LUELLA AVE,"$8,332.90",8332.9
7,Sidewalk Menu (2023),8338 S LUELLA AVE,"$4,998.25",4998.25
7,Sidewalk Menu (2023),8400 S COLFAX AVE,"$17,374.81",17374.81
7,Sidewalk Menu (2023),8905-8907 S OGLESBY AVE,"$4,029.81",4029.81
7,Street Bump Outs Menu (2023),S VAN VLISSINGEN RD & E 102ND ST,"$8,557.65",8557.65
7,Street Light Upgrade Menu (2023),8316 S COLFAX AVE,$500.00,500.0
7,Street Light Upgrade Menu (2023),9553 S CALHOUN AVE,$500.00,500.0
7,Street Resurfacing Menu (2023),ON E 77TH ST FROM 2917 E TO S SOUTH SHORE DR (2900 E),"$28,881.86",28881.86
7,Street Resurfacing Menu (2023),ON S BURLEY AVE FROM 8234 S TO E 83RD ST (8300 S),"$26,533.10",26533.1
7,Street Resurfacing Menu (2023),ON S BURNHAM AVE FROM E 81ST ST (8100 S) TO E 82ND ST (8200 S),"$66,924.31",66924.31
7,Street Resurfacing Menu (2023),ON S COLES AVE FROM E 80TH ST (8000 S) TO E 81ST ST (8100 S),"$53,336.20",53336.2
7,Street Resurfacing Menu (2023),ON S COLFAX AVE FROM E 79TH ST (7900 S) TO E 81ST ST (8100 S),"$99,476.31",99476.31
7,Street Resurfacing Menu (2023),ON S CRANDON AVE FROM E 79TH ST (7900 S) TO E 80TH ST (8000 S),"$54,101.60",54101.6
7,Street Resurfacing Menu (2023),ON S EAST END AVE FROM E 71ST ST (7100 S) TO E 72ND ST (7200 S),"$20,166.00",20166.0
7,Street Resurfacing Menu (2023),ON S ESSEX AVE FROM E 79TH ST (7900 S) TO E 82ND ST (8200 S),"$194,312.20",194312.2
7,Street Resurfacing Menu (2023),ON S KINGSTON AVE FROM E 81ST ST (8100 S) TO E 83RD ST (8300 S),"$123,162.76",123162.76
7,Street Resurfacing Menu (2023),ON S KINGSTON AVE FROM E 87TH ST (8700 S) TO E 88TH ST (8800 S),"$42,395.74",42395.74
7,Street Resurfacing Menu (2023),ON S KINGSTON AVE FROM E 91ST ST (9100 S) TO E 92ND ST (9200 S),"$49,091.49",49091.49
7,Street Resurfacing Menu (2023),ON S MANISTEE AVE FROM E 92ND ST (9200 S) TO E 93RD ST (9300 S),"$58,542.50",58542.5
7,Street Resurfacing Menu (2023),ON S OGLESBY AVE FROM E 80TH ST (8000 S) TO E 81ST ST (8100 S),"$52,335.37",52335.37
7,Street Resurfacing Menu (2023),ON S RIDGELAND AVE FROM E 72ND ST (7200 S) TO E 73RD ST (7300 S),"$56,736.07",56736.07
7,Street Speed Hump Menu (2023),ON S COLFAX AVE FROM E 79TH ST (7900 S) TO E 80TH ST (8000 S),"$4,880.00",4880.0
7,Street Speed Hump Menu (2023),ON S ESSEX AVE FROM E 78TH ST (7800 S) TO E 79TH ST (7900 S),"$4,880.00",4880.0
7,Street Speed Hump Menu (2023),ON S LUELLA AVE FROM E 76TH ST (7600 S) TO E 77TH ST (7700 S),"$4,880.00",4880.0
7,Street Speed Hump Menu (2023),ON S PAXTON AVE FROM E 101ST ST (10100 S) TO S VAN VLISSINGEN RD (10160 S),"$2,440.00",2440.0
7,Street Speed Hump Menu (2023),ON S PHILLIPS AVE FROM E 78TH ST (7800 S) TO E 79TH ST (7900 S),"$4,880.00",4880.0
7,Street Speed Hump Menu (2023),ON S VAN VLISSINGEN RD FROM E 101ST ST (10100 S) TO E 102ND ST (10200 S),"$7,320.00",7320.0
7,Street Speed Hump Replacement (2023),ON S BURNHAM AVE FROM E 81ST ST (8100 S) TO E 82ND ST (8200 S),$0.00,0.0
7,Street Speed Hump Replacement (2023),ON S COLFAX AVE FROM E 79TH ST (7900 S) TO E 81ST ST (8100 S),$0.00,0.0
7,Street Speed Hump Replacement (2023),ON S ESSEX AVE FROM E 79TH ST (7900 S) TO E 82ND ST (8200 S),$0.00,0.0
7,Street Speed Hump Replacement (2023),ON S KINGSTON AVE FROM E 87TH ST (8700 S) TO E 88TH ST (8800 S),$0.00,0.0
7,Street Speed Hump Replacement (2023),ON S OGLESBY AVE FROM E 80TH ST (8000 S) TO E 81ST ST (8100 S),$0.00,0.0
8,Bollard Menu (2023),8201 S JEFFERY BLVD,"$1,629.66",1629.66
8,Bollard Menu (2023),8459 S JEFFERY BLVD,"$1,487.11",1487.11
8,Collector Street - Miscellaneous Concrete (2023),ON W 88TH ST FROM S CLYDE AVE (2100 E) TO S OGLESBY AVE (2330 E),"$7,781.64",7781.64
8,Curb & Gutter Menu (2023),8811-8819 S BLACKSTONE AVE,"$23,214.17",23214.17
8,Floodlight Menu (2023),7300 S DORCHESTER AVE; 7359 S DORCHESTER AVE,"$1,900.00",1900.0
8,Floodlight Menu (2023),8901 S CHAPPEL AVE,$950.00,950.0
8,Floodlight Menu (2023),8919 S CHAPPEL AVE,$950.00,950.0
8,Floodlight Menu (2023),8955 S CHAPPEL AVE,$950.00,950.0
8,Floodlight Menu (2023),E 92ND ST & S CONSTANCE AVE,$950.00,950.0
8,Miscellaneous CDOT Projects (2023),1014 E 79TH ST,$150.00,150.0
8,Miscellaneous CDOT Projects (2023),8101 S BLACKSTONE AVE,$660.00,660.0
8,Miscellaneous CDOT Projects (2023),S AVALON AVE & E 95TH ST,"$7,300.00",7300.0
8,Sidewalk Menu (2023),1500 E 87TH ST,"$58,040.19",58040.19
8,Sidewalk Menu (2023),1700 E 86TH PL,"$19,506.69",19506.69
8,Sidewalk Menu (2023),8401 S MARYLAND AVE,"$4,572.47",4572.47
8,Sidewalk Menu (2023),8459 S JEFFERY BLVD,"$8,383.96",8383.96
8,Sidewalk Menu (2023),8819 S CREGIER AVE,"$8,546.42",8546.42
8,Sidewalk Menu (2023),8933-8945 S CHAPPEL AVE,"$36,423.62",36423.62
8,Sidewalk Menu (2023),8952 S CORNELL AVE,"$9,038.67",9038.67
8,Sidewalk Menu (2023),9159 S DREXEL AVE,"$18,846.73",18846.73
8,Speed Indicator Signs (2023),1215 E 83RD ST,"$14,000.00",14000.0
8,Speed Indicator Signs (2023),E 83RD ST & S KENWOOD AVE; 1324 E 83RD ST X,"$14,000.00",14000.0
8,Street Bump Outs Menu (2023),E 81ST ST & S JEFFERY BLVD,"$18,307.76",18307.76
8,Street Light Pole for High Definition Camera Menu (2023),S BLACKSTONE AVE & E 92ND ST,"$3,000.00",3000.0
8,Street Light Pole for High Definition Camera Menu (2023),S DOBSON AVE & E 93RD ST,"$6,000.00",6000.0
8,Street Light Residential Staggered Piggy Back Menu (2023),ON S CONSTANCE AVE FROM 9327 S TO E 92ND ST (9200 S),"$260,000.00",260000.0
8,Street Light Upgrade Menu (2023),1222 E 87TH PL,$500.00,500.0
8,Street Light Upgrade Menu (2023),8448 S CHAPPEL AVE,$500.00,500.0
8,Street Light Upgrade Menu (2023),8826 S HARPER AVE,$500.00,500.0
8,Street Resurfacing Menu (2023),1600 E 86TH PL; ON E 86TH PL FROM S STONY ISLAND AVE (1560 E) TO S EAST END AVE (1700 E),"$64,743.81",64743.81
8,Street Resurfacing Menu (2023),ON E 86TH ST FROM S EAST END AVE (1700 E) TO S CREGIER AVE (1800 E),"$33,766.59",33766.59
8,Street Resurfacing Menu (2023),ON E 87TH PL FROM S CORNELL AVE (1630 E) TO S CREGIER AVE (1760 E),"$117,791.10",117791.1
8,Street Resurfacing Menu (2023),ON E 90TH PL FROM S LANGLEY AVE (700 E) TO S COTTAGE GROVE AVE (800 E),"$48,854.21",48854.21
8,Street Resurfacing Menu (2023),ON S AVALON AVE FROM E 79TH ST (7900 S) TO E 80TH ST (8000 S),"$52,383.67",52383.67
8,Street Resurfacing Menu (2023),ON S AVALON AVE FROM E 80TH ST (8000 S) TO E 81ST ST (8100 S),"$4,700.00",4700.0
8,Street Resurfacing Menu (2023),ON S BENNETT AVE FROM E 89TH ST (8900 S) TO E 90TH ST (9000 S),"$57,603.27",57603.27
8,Street Resurfacing Menu (2023),ON S CORNELL AVE FROM E 87TH PL (8730 S) TO E 88TH ST (8800 S),"$44,208.61",44208.61
8,Street Resurfacing Menu (2023),ON S CORNELL AVE FROM E 89TH ST (8900 S) TO E 90TH ST (9000 S),"$61,984.23",61984.23
8,Street Resurfacing Menu (2023),ON S CREGIER AVE FROM E 90TH ST (9000 S) TO E 91ST ST (9100 S),"$61,390.71",61390.71
8,Street Resurfacing Menu (2023),ON S DOBSON AVE FROM E 77TH ST (7700 S) TO E 78TH ST (7800 S),"$83,550.19",83550.19
8,Street Resurfacing Menu (2023),ON S EAST END AVE FROM E 90TH ST (9000 S) TO E 91ST ST (9100 S),"$59,368.75",59368.75
8,Street Resurfacing Menu (2023),ON S EUCLID AVE FROM E 89TH ST (8900 S) TO E 90TH ST (9000 S),"$62,187.26",62187.26
8,Street Resurfacing Menu (2023),ON S MARYLAND AVE FROM E 85TH ST (8500 S) TO E 87TH ST (8700 S),"$113,817.19",113817.19
8,Street Resurfacing Menu (2023),ON S PAXTON AVE FROM E 82ND ST (8200 S) TO E 83RD ST (8300 S),"$60,539.22",60539.22
8,Street Resurfacing Menu (2023),ON S UNIVERSITY AVE FROM E 93RD ST (9300 S) TO E 94TH ST (9400 S),"$35,334.15",35334.15
8,Street Speed Hump Menu (2023),ON E 83RD PL FROM S STONY ISLAND AVE (1560 E) TO S EAST END AVE (1700 E),"$2,367.94",2367.94
8,Street Speed Hump Menu (2023),ON E 89TH ST FROM S DORCHESTER AVE (1400 E) TO S DANTE AVE (1430 E),"$2,440.00",2440.0
8,Street Speed Hump Menu (2023),ON S WOODLAWN AVE FROM E 80TH ST (8000 S) TO E 81ST ST (8100 S),"$4,880.00",4880.0
8,Street Speed Hump Replacement (2023),1600 E 86TH PL; ON E 86TH PL FROM S STONY ISLAND AVE (1560 E) TO S EAST END AVE (1700 E),$0.00,0.0
8,Street Speed Hump Replacement (2023),ON E 86TH ST FROM S EAST END AVE (1700 E) TO S CREGIER AVE (1800 E),$0.00,0.0
8,Street Speed Hump Replacement (2023),ON E 87TH PL FROM S CORNELL AVE (1630 E) TO S CREGIER AVE (1760 E),$0.00,0.0
8,Street Speed Hump Replacement (2023),ON S AVALON AVE FROM E 79TH ST (7900 S) TO E 80TH ST (8000 S),$0.00,0.0
8,Street Speed Hump Replacement (2023),ON S CORNELL AVE FROM E 89TH ST (8900 S) TO E 90TH ST (9000 S),$0.00,0.0
8,Street Speed Hump Replacement (2023),ON S MARYLAND AVE FROM E 85TH ST (8500 S) TO E 87TH ST (8700 S),$0.00,0.0
9,Alley Resurfacing Menu (2023),E 108TH ST & S STATE ST&S WABASH AVE & E 109TH ST,"$35,283.72",35283.72
9,Alley Resurfacing Menu (2023),E 114TH PL & S MICHIGAN AVE&S INDIANA AVE & E 115TH ST,"$54,038.00",54038.0
9,Alley Resurfacing Menu (2023),E 115TH ST & S INDIANA AVE&S PRAIRIE AVE & E KENSINGTON AVE,"$28,010.14",28010.14
9,Alley Resurfacing Menu (2023),S STATE ST & E 99TH PL&E 99TH PL & E 99TH ST; 9911 S STATE ST,"$13,803.66",13803.66
9,Alley Resurfacing Menu (2023),W 122ND ST & S STATE ST&S LAFAYETTE AVE & W 123RD ST,"$46,840.50",46840.5
9,Alley Speed Hump Replacement (2023),E 108TH ST & S STATE ST&S WABASH AVE & E 109TH ST,$0.00,0.0
9,Alley Speed Hump Replacement (2023),E 114TH PL & S MICHIGAN AVE&S INDIANA AVE & E 115TH ST,$0.00,0.0
9,Alley Speed Hump Replacement (2023),W 122ND ST & S STATE ST&S LAFAYETTE AVE & W 123RD ST,$0.00,0.0
9,Bollard Menu (2023),10314 S INDIANA AVE,$465.01,465.01
9,Curb & Gutter Menu (2023),10557 S INDIANA AVE,"$10,233.14",10233.14
9,Curb & Gutter Menu (2023),10800-10900 S FOREST AVE,"$95,905.69",95905.69
9,Curb & Gutter Menu (2023),11346 S PRAIRIE AVE,"$33,913.68",33913.68
9,Left-Turn Arrow Menu (2023),E 100TH ST & S DR MARTIN LUTHER KING JR DR,"$66,503.00",66503.0
9,Miscellaneous CDOT Projects (2023),10605 S EDBROOKE AVE,$150.00,150.0
9,Miscellaneous CDOT Projects (2023),25-27 E 119TH ST,$150.00,150.0
9,Sidewalk Menu (2023),10023 S PRINCETON AVE,"$2,509.31",2509.31
9,Sidewalk Menu (2023),10053 S PRINCETON AVE,"$11,419.96",11419.96
9,Sidewalk Menu (2023),10108 S DR MARTIN LUTHER KING JR DR,"$8,214.28",8214.28
9,Sidewalk Menu (2023),12157 S YALE AVE,"$26,699.87",26699.87
9,Sidewalk Menu (2023),311 E 113TH ST,"$18,118.05",18118.05
9,Sidewalk Menu (2023),346 W 100TH ST,"$4,412.76",4412.76
9,Sidewalk Menu (2023),54 E 104TH ST,"$8,136.94",8136.94
9,Sidewalk Menu (2023),556 W 127TH ST,"$17,702.20",17702.2
9,Sidewalk Menu (2023),650 E 101ST PL,"$9,630.27",9630.27
9,Sidewalk Menu (2023),9824 S INDIANA AVE,"$4,632.09",4632.09
9,Street Light Pole Painting Menu (2023),12200 S YALE AVE,"$1,500.00",1500.0
9,Street Light Upgrade Menu (2023),9916 S LAFAYETTE AVE,$500.00,500.0
9,Street Resurfacing Menu (2023),ON E 102ND ST FROM S ST LAWRENCE AVE (600 E) TO S DAUPHIN AVE (700 E),"$40,281.23",40281.23
9,Street Resurfacing Menu (2023),ON E 105TH ST FROM S COTTAGE GROVE AVE (640 E) TO S CORLISS AVE (800 E),"$82,911.09",82911.09
9,Street Resurfacing Menu (2023),ON E 116TH ST FROM 151 E TO S INDIANA AVE (200 E),"$68,613.01",68613.01
9,Street Resurfacing Menu (2023),ON E 121ST PL FROM S STATE ST (0 E) TO S MICHIGAN AVE (100 E),"$56,943.57",56943.57
9,Street Resurfacing Menu (2023),ON E 123RD ST FROM S STATE ST (0 E) TO S MICHIGAN AVE (100 E),"$44,450.28",44450.28
9,Street Resurfacing Menu (2023),ON S CALUMET AVE FROM E 107TH ST (10700 S) TO E 108TH ST (10800 S),"$58,190.32",58190.32
9,Street Resurfacing Menu (2023),ON S LANGLEY AVE FROM E 106TH ST (10600 S) TO E 107TH ST (10729 S),"$61,772.25",61772.25
9,Street Resurfacing Menu (2023),ON S LANGLEY AVE FROM E 111TH ST (11100 S) TO E 112TH ST (11200 S),"$59,423.63",59423.63
9,Street Resurfacing Menu (2023),ON S LOWE AVE FROM W 127TH ST (12700 S) TO W 128TH PL (12830 S),"$85,512.15",85512.15
9,Street Resurfacing Menu (2023),ON S PRAIRIE AVE FROM E 120TH ST (12000 S) TO E 120TH PL (12100 S),"$25,612.73",25612.73
9,Street Resurfacing Menu (2023),ON S RHODES AVE FROM E 101ST ST (10100 S) TO E 102ND ST (10200 S),"$57,779.36",57779.36
9,Street Resurfacing Menu (2023),ON S VERNON AVE FROM E 101ST ST (10100 S) TO E 102ND ST (10200 S),"$58,161.03",58161.03
9,Street Resurfacing Menu (2023),ON S WALLACE ST FROM W 127TH ST (12700 S) TO W 128TH PL (12830 S),"$88,694.91",88694.91
9,Street Resurfacing Menu (2023),ON S YALE AVE FROM W 126TH ST (12600 S) TO W 127TH ST (12700 S),"$38,133.94",38133.94
9,Street Resurfacing Menu (2023),ON W 101ST PL FROM S PRINCETON AVE (300 W) TO S EGGLESTON AVE (400 W),"$57,221.60",57221.6
9,Street Resurfacing Menu (2023),ON W 126TH PL FROM 468 W TO S EGGLESTON AVE (430 W),"$32,635.97",32635.97
9,Street Resurfacing Menu (2023),ON W 126TH ST FROM 480 W TO S EGGLESTON AVE (430 W),"$40,486.75",40486.75
9,Street Resurfacing Menu (2023),ON W 126TH ST FROM S PARNELL AVE (500 W) TO S WALLACE ST (600 W),"$34,960.23",34960.23
9,Street Speed Hump Menu (2023),ON S UNION AVE FROM W 126TH ST (12600 S) TO W 127TH ST (12700 S),"$4,880.00",4880.0
10,Alley Resurfacing Menu (2023),S AVENUE B & E 108TH ST&E 109TH ST & S AVENUE C,"$39,904.51",39904.51
10,Alley Resurfacing Menu (2023),S BRANDON AVE & E 92ND ST&E 93RD ST & S BALTIMORE AVE,"$40,362.40",40362.4
10,Alley Resurfacing Menu (2023),S BURLEY AVE & E 130TH ST&E 131ST ST & S BRANDON AVE,"$41,729.96",41729.96
10,Alley Resurfacing Menu (2023),S TORRENCE AVE & E 105TH ST&E 106TH ST & S HOXIE AVE,"$36,457.94",36457.94
10,Alley Speed Hump Replacement (2023),S AVENUE B & E 108TH ST&E 109TH ST & S AVENUE C,$0.00,0.0
10,Alley Speed Hump Replacement (2023),S TORRENCE AVE & E 105TH ST&E 106TH ST & S HOXIE AVE,$0.00,0.0
10,Bollard Menu (2023),9601 S EWING AVE,"$2,783.64",2783.64
10,Curb & Gutter Menu (2023),11052 S EWING AVE,"$87,425.24",87425.24
10,Diagonal Parking Menu (2023),3325 E 106TH ST,"$23,017.48",23017.48
10,Miscellaneous CDOT Projects (2023),10359 S EWING AVE,$660.00,660.0
10,Sidewalk Menu (2023),10015-10035 S EXCHANGE AVE,"$33,382.22",33382.22
10,Sidewalk Menu (2023),10022-10032 S EXCHANGE AVE,"$13,731.22",13731.22
10,Sidewalk Menu (2023),10121 S EWING AVE,"$17,534.15",17534.15
10,Sidewalk Menu (2023),10204 S AVENUE M,"$5,170.37",5170.37
10,Sidewalk Menu (2023),10340-10342 S AVENUE M,"$20,595.42",20595.42
10,Sidewalk Menu (2023),10455 S AVENUE L,"$4,759.86",4759.86
10,Sidewalk Menu (2023),10501 S HOXIE AVE; ON S HOXIE AVE FROM E 105TH ST (10500 S) TO E 106TH ST (10600 S),"$6,456.06",6456.06
10,Sidewalk Menu (2023),10620-10624 S AVENUE O,"$6,448.95",6448.95
10,Sidewalk Menu (2023),10620 S AVENUE F,"$1,276.87",1276.87
10,Sidewalk Menu (2023),10646 S AVENUE G; 10642 S AVENUE G,"$1,742.41",1742.41
10,Sidewalk Menu (2023),10746 S AVENUE G,"$5,565.56",5565.56
10,Sidewalk Menu (2023),10753 S AVENUE H,"$5,171.49",5171.49
10,Sidewalk Menu (2023),10811 S AVENUE O,"$9,654.05",9654.05
10,Sidewalk Menu (2023),10842 S AVENUE O,"$1,724.55",1724.55
10,Sidewalk Menu (2023),11257 S GREEN BAY AVE,"$13,257.98",13257.98
10,Sidewalk Menu (2023),11357 S AVENUE H,"$17,949.28",17949.28
10,Sidewalk Menu (2023),11357 S EWING AVE,"$35,040.58",35040.58
10,Sidewalk Menu (2023),11535 S AVENUE L,$498.94,498.94
10,Sidewalk Menu (2023),13000 S AVENUE N,"$18,196.27",18196.27
10,Sidewalk Menu (2023),13056 S AVENUE N,"$15,657.02",15657.02
10,Sidewalk Menu (2023),13100 S AVENUE N,"$5,337.54",5337.54
10,Sidewalk Menu (2023),13300-13304 S AVENUE K,"$19,314.42",19314.42
10,Sidewalk Menu (2023),13357 S AVENUE O,"$35,808.38",35808.38
10,Sidewalk Menu (2023),3200 E 91ST ST,"$3,677.73",3677.73
10,Sidewalk Menu (2023),3254-3256 E 136TH ST,"$5,107.26",5107.26
10,Sidewalk Menu (2023),3365 E 89TH ST,"$25,686.81",25686.81
10,Sidewalk Menu (2023),8524-8528 S HOUSTON AVE,"$4,746.89",4746.89
10,Sidewalk Menu (2023),8634-8638 S MUSKEGON AVE,"$7,099.29",7099.29
10,Sidewalk Menu (2023),8840 S ESCANABA AVE,"$7,865.78",7865.78
10,Sidewalk Menu (2023),9749 S AVENUE H,"$6,217.79",6217.79
10,Sidewalk Menu (2023),9757 S EWING AVE,"$39,687.12",39687.12
10,Sidewalk Menu (2023),9821 S EXCHANGE AVE,"$13,136.90",13136.9
10,Sidewalk Menu (2023),9825 S MARQUETTE AVE,"$5,895.27",5895.27
10,Street Light Upgrade Menu (2023),13015 S BURLEY AVE,$500.00,500.0
10,Street Light Upgrade Menu (2023),E 122ND ST & S STONY ISLAND AVE; E 122ND ST & S TORRENCE AVE,"$2,850.00",2850.0
10,Street Resurfacing Menu (2023),ON E 90TH ST FROM S MACKINAW AVE (3340 E) TO S GREEN BAY AVE (3400 E),"$37,580.16",37580.16
10,Street Resurfacing Menu (2023),ON S AVENUE J FROM E 105TH ST (10500 S) TO E 106TH ST (10600 S),"$54,138.92",54138.92
10,Street Resurfacing Menu (2023),ON S AVENUE J FROM E 112TH ST (11200 S) TO E 113TH ST (11300 S),"$58,895.16",58895.16
10,Street Resurfacing Menu (2023),ON S AVENUE J FROM E 116TH ST (11600 S) TO E 118TH ST (11800 S),"$124,088.61",124088.61
10,Street Resurfacing Menu (2023),ON S AVENUE M FROM E 102ND ST (10200 S) TO E 103RD ST (10300 S),"$75,295.04",75295.04
10,Street Resurfacing Menu (2023),ON S AVENUE M FROM E 104TH ST (10400 S) TO E 106TH ST (10599 S),"$134,393.43",134393.43
10,Street Resurfacing Menu (2023),ON S ESCANABA AVE FROM E 99TH ST (9900 S) TO E 101ST ST (10100 S),"$116,897.66",116897.66
10,Street Resurfacing Menu (2023),ON S STATE LINE RD FROM E 106TH ST (10600 S) TO E 108TH ST (10800 S),"$153,663.98",153663.98
10,Street Speed Hump Menu (2023),ON E 135TH ST FROM S BALTIMORE AVE (3130 E) TO S AVENUE K (3630 E),"$21,960.00",21960.0
10,Street Speed Hump Menu (2023),ON S AVENUE E FROM E 108TH ST (10800 S) TO E 110TH ST (11000 S),"$4,880.00",4880.0
10,Street Speed Hump Menu (2023),ON S AVENUE H FROM E 97TH ST (9700 S) TO E 98TH ST (9800 S),"$2,356.43",2356.43
10,Street Speed Hump Menu (2023),ON S BUFFALO AVE FROM E 109TH ST (10900 S) TO E 110TH ST (11000 S),"$4,880.00",4880.0
10,Street Speed Hump Menu (2023),ON S CALHOUN AVE FROM E 105TH ST (10500 S) TO E 106TH ST (10600 S),"$4,880.00",4880.0
10,Street Speed Hump Menu (2023),ON S EXCHANGE AVE FROM E 128TH ST (12800 S) TO E 129TH ST (12900 S),"$4,880.00",4880.0
10,Street Speed Hump Menu (2023),ON S MUSKEGON AVE FROM E 95TH ST (9500 S) TO E 96TH ST (9600 S),"$4,880.00",4880.0
11,Alley Apron Menu (2023),2812 S PRINCETON AVE,"$40,710.41",40710.41
11,Alley Apron Menu (2023),617 W 36TH ST,"$23,609.91",23609.91
11,Alley Resurfacing Menu (2023),3017 S POPLAR AVE; S POPLAR AVE & W 31ST ST; W 30TH ST & S HALSTED ST,"$52,866.11",52866.11
11,Alley Resurfacing Menu (2023),3353 S RACINE AVE; S RACINE AVE & W 32ND PL; S MAY ST & W 32ND PL,"$82,960.87",82960.87
11,Alley Resurfacing Menu (2023),S HALSTED ST & W 33RD ST&W 33RD PL & S LITUANICA AVE,"$80,562.58",80562.58
11,Alley Resurfacing Menu (2023),S WALLACE ST & W 41ST ST&S NORMAL AVE & W ROOT ST,"$39,999.53",39999.53
11,Alley Resurfacing Menu (2023),W 29TH PL & S SHIELDS AVE&S STEWART AVE & W 30TH ST,"$12,683.49",12683.49
11,Alley Resurfacing Menu (2023),W 29TH ST & S LOWE AVE&S UNION AVE & W 30TH ST,"$45,514.10",45514.1
11,Alley Speed Hump Replacement (2023),3017 S POPLAR AVE; S POPLAR AVE & W 31ST ST; W 30TH ST & S HALSTED ST,$0.00,0.0
11,Alley Speed Hump Replacement (2023),3353 S RACINE AVE; S RACINE AVE & W 32ND PL; S MAY ST & W 32ND PL,$0.00,0.0
11,Alley Speed Hump Replacement (2023),S HALSTED ST & W 33RD ST&W 33RD PL & S LITUANICA AVE,$0.00,0.0
11,Arterial Street Bump Outs Menu (2023),W 31ST ST & S QUINN ST,"$11,974.30",11974.3
11,Concrete Alley Menu (2023),W 36TH ST & S WALLACE ST&S LOWE AVE & W 37TH ST,"$30,255.26",30255.26
11,CPD - Pedestrian Path Repaving - Armour Square Park,3309 S SHIELDS AVE,"$100,000.00",100000.0
11,Curb & Gutter Menu (2023),1559 W 33RD ST,"$50,000.00",50000.0
11,Curb & Gutter Menu (2023),3723 S EMERALD AVE,"$50,000.00",50000.0
11,High Definition Camera Menu (2023),S WELLS ST & S TAN CT,"$3,000.00",3000.0
11,Miscellaneous CDOT Projects (2023),1032 W 32ND PL,$660.00,660.0
11,Miscellaneous CDOT Projects (2023),1059 W 32ND PL,$660.00,660.0
11,Pavement Markings Menu (2023),ON E 31ST ST FROM S HALSTED ST (799 W) TO S MORGAN ST (960 W),"$8,000.00",8000.0
11,Pavement Markings Menu (2023),W FULLER ST & S LOCK ST,$500.00,500.0
11,Pedestrian Refuge Island Menu (2023),S ARCHER AVE & S ARCH ST,"$75,000.00",75000.0
11,Sidewalk Menu (2023),1101-1109 W 34TH PL,"$38,699.21",38699.21
11,Sidewalk Menu (2023),2630 S WALLACE ST,"$11,057.72",11057.72
11,Sidewalk Menu (2023),2940 S EMERALD AVE,"$3,132.65",3132.65
11,Sidewalk Menu (2023),3019 S UNION AVE,"$3,432.44",3432.44
11,Sidewalk Menu (2023),3250 S RACINE AVE,"$2,303.56",2303.56
11,Sidewalk Menu (2023),3311 S RACINE AVE,$505.45,505.45
11,Sidewalk Menu (2023),3725 S LOWE AVE,"$2,173.69",2173.69
11,Sidewalk Menu (2023),3756-3766 S SANGAMON ST,"$2,520.61",2520.61
11,Sidewalk Menu (2023),650 W 43RD PL,"$2,868.90",2868.9
11,Street Light Pole for High Definition Camera Menu (2023),W 24TH ST & S PRINCETON AVE,"$3,500.00",3500.0
11,Street Light Upgrade Menu (2023),3152 S UNION AVE,$500.00,500.0
11,Street Light Upgrade Menu (2023),3153 S LOWE AVE,$500.00,500.0
11,Street Light Upgrade Menu (2023),3422 S WOOD ST,$500.00,500.0
11,Street Light Upgrade Menu (2023),3443 S WALLACE ST,$500.00,500.0
11,Street Light Upgrade Menu (2023),935 W 35TH PL,$500.00,500.0
11,Street Resurfacing Menu (2023),ON S EMERALD AVE FROM W 36TH ST (3600 S) TO W 37TH ST (3700 S),"$72,659.04",72659.04
11,Street Resurfacing Menu (2023),ON S GROVE ST FROM 2044 S TO S CANAL ST (2100 S),"$43,129.11",43129.11
11,Street Resurfacing Menu (2023),ON S HAYNES CT FROM S ARCHER AVE (2930 S) TO W 31ST ST (3100 S),"$126,216.28",126216.28
11,Street Resurfacing Menu (2023),ON S UNION AVE FROM W 34TH ST (3400 S) TO W 35TH ST (3500 S),"$71,041.96",71041.96
11,Street Resurfacing Menu (2023),ON W 19TH ST FROM 135 W TO S CLARK ST (120 W),"$10,422.62",10422.62
11,Street Resurfacing Menu (2023),ON W 33RD ST FROM S WOOD ST (1800 W) TO S ARCHER AVE (1830 W),"$18,560.90",18560.9
11,Street Resurfacing Menu (2023),ON W FULLER ST FROM S SHORT ST (1350 W) TO S GRADY CT (1400 W),"$44,853.97",44853.97
11,Street Speed Hump Menu (2023),ON S FARRELL ST FROM S LYMAN ST (2930 S) TO W 31ST ST (3100 S),"$9,760.00",9760.0
11,Street Speed Hump Menu (2023),ON S LOWE AVE FROM W 26TH ST (2600 S) TO W 30TH ST (3000 S),"$14,640.00",14640.0
12,Alley Resurfacing Menu (2023),S WINCHESTER AVE & W 35TH ST&W 36TH ST & S WOLCOTT AVE,"$47,658.20",47658.2
12,Alley Resurfacing Menu (2023),W 35TH ST & S WOLCOTT AVE&S HONORE ST & W 36TH ST,"$48,090.81",48090.81
12,Alley Speed Hump Replacement (2023),S WINCHESTER AVE & W 35TH ST&W 36TH ST & S WOLCOTT AVE,$0.00,0.0
12,Alley Speed Hump Replacement (2023),W 35TH ST & S WOLCOTT AVE&S HONORE ST & W 36TH ST,$0.00,0.0
12,Concrete Alley Menu (2023),S ARCHER AVE & S BLAKE ST; W 37TH ST & S ARCHER AVE,"$263,000.00",263000.0
12,Concrete Alley Menu (2023),S SEELEY AVE & W 33RD ST&W 34TH ST & S DAMEN AVE; 3345-3349 S SEELEY AVE,"$282,000.00",282000.0
12,Sidewalk Menu (2023),2801-2825 W 31ST ST,"$1,637.17",1637.17
12,Sidewalk Menu (2023),3100-3130 S CALIFORNIA AVE,"$75,263.14",75263.14
12,Sidewalk Menu (2023),3100-3136 W 31ST ST,"$29,466.10",29466.1
12,Speed Indicator Signs (2023),S DAMEN AVE & W 33RD ST,"$20,755.00",20755.0
12,Street Light Upgrade Menu (2023),3840 S WASHTENAW AVE; S WASHTENAW AVE & W 38TH PL&W PERSHING RD & S CALIFORNIA AVE,$500.00,500.0
12,Street Light Upgrade Menu (2023),ON S MARSHALL BLVD FROM W 21ST ST (2100 S) TO W 23RD ST (2300 S),"$39,401.68",39401.68
12,Street Light Upgrade Menu (2023),S WOLCOTT AVE & W 38TH ST&W PERSHING RD & S WINCHESTER AVE; 3840 S WOLCOTT AVE,$500.00,500.0
12,Street Light Upgrade Menu (2023),W 40TH ST & S ROCKWELL ST&S MAPLEWOOD AVE & W 42ND ST; 4135 S ROCKWELL ST,$500.00,500.0
12,Street Resurfacing Menu (2023),ON S ARTESIAN AVE FROM 3644 S TO W 36TH ST (3600 S),$416.07,416.07
12,Street Resurfacing Menu (2023),ON S ARTESIAN AVE FROM S ARCHER AVE (3800 S) TO W PERSHING RD (3900 S),"$74,850.59",74850.59
12,Street Resurfacing Menu (2023),ON S CHRISTIANA AVE FROM W 43RD ST (4300 S) TO S ARCHER AVE (4500 S),"$109,096.63",109096.63
12,Street Resurfacing Menu (2023),ON S HOMAN AVE FROM W 46TH ST (4600 S) TO W 47TH ST (4700 S),"$59,708.45",59708.45
12,Street Resurfacing Menu (2023),ON S MAPLEWOOD AVE FROM W 42ND ST (4200 S) TO W 44TH ST (4400 S),"$107,565.25",107565.25
12,Street Resurfacing Menu (2023),ON S MOZART ST FROM 4306 S TO W 44TH ST (4400 S),"$61,216.90",61216.9
12,Street Resurfacing Menu (2023),ON S TALMAN AVE FROM W 45TH ST (4500 S) TO W 47TH ST (4700 S),"$113,061.80",113061.8
12,Street Resurfacing Menu (2023),ON S WINCHESTER AVE FROM W 38TH ST (3800 S) TO W PERSHING PL (3920 S),"$57,601.70",57601.7
12,Street Resurfacing Menu (2023),ON W 39TH PL FROM S CALIFORNIA AVE (2800 W) TO S FRANCISCO AVE (2900 W),"$56,076.58",56076.58
12,Street Speed Hump Replacement (2023),ON S ARTESIAN AVE FROM S ARCHER AVE (3800 S) TO W PERSHING RD (3900 S),$0.00,0.0
12,Street Speed Hump Replacement (2023),ON S CHRISTIANA AVE FROM W 43RD ST (4300 S) TO S ARCHER AVE (4500 S),$0.00,0.0
12,Street Speed Hump Replacement (2023),ON S HOMAN AVE FROM W 46TH ST (4600 S) TO W 47TH ST (4700 S),$0.00,0.0
12,Street Speed Hump Replacement (2023),ON S MOZART ST FROM 4306 S TO W 44TH ST (4400 S),$0.00,0.0
12,Street Speed Hump Replacement (2023),ON S TALMAN AVE FROM W 45TH ST (4500 S) TO W 47TH ST (4700 S),$0.00,0.0
12,Street Speed Hump Replacement (2023),ON S WINCHESTER AVE FROM W 38TH ST (3800 S) TO W PERSHING PL (3920 S),$0.00,0.0
13,Alley Apron Menu (2023),5554 S NOTTINGHAM AVE,"$13,923.22",13923.22
13,Alley Apron Menu (2023),5658 S MOODY AVE,$860.22,860.22
13,Alley Apron Menu (2023),5659 S MEADE AVE,"$17,367.45",17367.45
13,Alley Apron Menu (2023),5758 W 63RD PL,"$22,803.04",22803.04
13,Alley Apron Menu (2023),5801 S MELVINA AVE,"$25,844.37",25844.37
13,Alley Apron Menu (2023),5848 S MASON AVE,"$11,651.80",11651.8
13,Alley Apron Menu (2023),6058 S PARKSIDE AVE,"$19,520.96",19520.96
13,Alley Apron Menu (2023),6100 S KILBOURN AVE,"$25,278.01",25278.01
13,Alley Apron Menu (2023),6234 W 59TH ST,"$10,913.36",10913.36
13,Alley Apron Menu (2023),6244 S NASHVILLE AVE; 6245 S NASHVILLE AVE,"$28,063.92",28063.92
13,Alley Apron Menu (2023),6258 W 63RD PL,"$17,588.37",17588.37
13,Alley Apron Menu (2023),6401 S KARLOV AVE,"$16,070.84",16070.84
13,Alley Apron Menu (2023),6401 S KOLIN AVE,"$12,726.91",12726.91
13,Alley Apron Menu (2023),6706 W 63RD ST,"$34,938.46",34938.46
13,Alley Apron Menu (2023),6742 W 64TH ST,"$18,672.18",18672.18
13,Alley Apron Menu (2023),7001 W 63RD PL,"$12,622.79",12622.79
13,Alley Speed Hump Menu (2023),6314 S LA CROSSE AVE,$725.00,725.0
13,Alley Speed Hump Menu (2023),6325 S KILBOURN AVE; W 63RD ST & S KILBOURN AVE&S KENNETH AVE & W 64TH ST,"$2,175.00",2175.0
13,Alley Speed Hump Menu (2023),W 63RD ST & S KOLIN AVE&S KILDARE AVE & W 62ND ST,"$1,343.94",1343.94
13,Bollard Menu (2023),5526 S PARKSIDE AVE,"$2,850.17",2850.17
13,Bollard Menu (2023),5914 S RUTHERFORD AVE,"$2,217.22",2217.22
13,Bollard Menu (2023),5914 S TRIPP AVE,"$1,418.66",1418.66
13,Bollard Menu (2023),5915 S MOODY AVE,"$1,409.65",1409.65
13,Bollard Menu (2023),5915 S NORMANDY AVE,"$2,217.22",2217.22
13,Bollard Menu (2023),6243 S KEELER AVE,$685.63,685.63
13,Concrete Alley Menu (2023),5725 S MCVICKER AVE,"$73,943.39",73943.39
13,Concrete Alley Menu (2023),5758 S MOODY AVE,"$6,474.22",6474.22
13,Concrete Alley Menu (2023),5917-5925 W 59TH ST,"$40,369.98",40369.98
13,Concrete Alley Menu (2023),6022 S MAYFIELD AVE,"$14,663.75",14663.75
13,Concrete Alley Menu (2023),6132 W 60TH ST,"$8,507.03",8507.03
13,Concrete Alley Menu (2023),6218 S NATOMA AVE,"$1,315.39",1315.39
13,Concrete Alley Menu (2023),7136 W 64TH PL,"$50,702.76",50702.76
13,Concrete Alley Menu (2023),S KOLMAR AVE & W 55TH ST&W 56TH ST & S KOLMAR AVE,"$19,693.91",19693.91
13,Curb & Gutter Menu (2023),5527 S MULLIGAN AVE; 5547 S MULLIGAN AVE,"$5,732.12",5732.12
13,Curb & Gutter Menu (2023),5529 S KILDARE AVE,"$4,906.09",4906.09
13,Curb & Gutter Menu (2023),5554 S NEVA AVE; 5523 S NEVA AVE; 5535 S NEVA AVE,"$13,095.80",13095.8
13,Curb & Gutter Menu (2023),5615 S MASON AVE,"$5,020.75",5020.75
13,Curb & Gutter Menu (2023),5633 S NORMANDY AVE; 5658 S NORMANDY AVE,"$28,521.34",28521.34
13,Curb & Gutter Menu (2023),5649 S NAGLE AVE,$955.84,955.84
13,Curb & Gutter Menu (2023),5707 S MASON AVE; 5718 S MASON AVE; 5720 S MASON AVE,"$11,996.95",11996.95
13,Curb & Gutter Menu (2023),5716 S KOLMAR AVE,$910.03,910.03
13,Curb & Gutter Menu (2023),5724 S NAGLE AVE,"$1,449.50",1449.5
13,Curb & Gutter Menu (2023),5742 S NORMANDY AVE; 5704 S NORMANDY AVE,"$9,277.60",9277.6
13,Curb & Gutter Menu (2023),5750 S KENNETH AVE; 5710 S KENNETH AVE; 5706 S KENNETH AVE,"$6,838.81",6838.81
13,Curb & Gutter Menu (2023),5811 S AUSTIN AVE,"$3,604.56",3604.56
13,Curb & Gutter Menu (2023),5849 S NASHVILLE AVE,"$5,598.98",5598.98
13,Curb & Gutter Menu (2023),5859 S NATOMA AVE,"$7,875.34",7875.34
13,Curb & Gutter Menu (2023),5905 S NEWCASTLE AVE,"$5,521.69",5521.69
13,Curb & Gutter Menu (2023),5919 S KILBOURN AVE,"$5,173.65",5173.65
13,Curb & Gutter Menu (2023),6012 S MERRIMAC AVE; 6031 S MERRIMAC AVE,"$7,336.26",7336.26
13,Curb & Gutter Menu (2023),6047 S NATOMA AVE; 6017 S NATOMA AVE,"$12,559.28",12559.28
13,Curb & Gutter Menu (2023),6058 S MASON AVE,"$11,576.48",11576.48
13,Curb & Gutter Menu (2023),6153 S NARRAGANSETT AVE; 6115 S NARRAGANSETT AVE; 6149 S NARRAGANSETT AVE,"$7,272.06",7272.06
13,Curb & Gutter Menu (2023),6243 S KOLMAR AVE,"$6,269.41",6269.41
13,Curb & Gutter Menu (2023),6452 S LA CROSSE AVE,"$2,825.31",2825.31
13,Curb & Gutter Menu (2023),6617-6619 W 59TH ST; 6621 W 59TH ST,"$9,366.66",9366.66
13,Floodlight Menu (2023),5701 S SAYRE AVE,$950.00,950.0
13,Floodlight Menu (2023),5923 S NASHVILLE AVE,$950.00,950.0
13,Miscellaneous CDOT Projects (2023),5501 S MERRIMAC AVE,$247.78,247.78
13,Miscellaneous CDOT Projects (2023),5601 S MEADE AVE,$660.00,660.0
13,Miscellaneous CDOT Projects (2023),5958 W 63RD PL,$660.00,660.0
13,Pavement Markings Menu (2023),ON W 55TH ST FROM S AUSTIN AVE (6000 W) TO S ARCHER AVE (6360 W),"$19,000.00",19000.0
13,Pavement Markings Menu (2023),ON W 55TH ST FROM S AUSTIN AVE (6000 W) TO S MOBILE AVE (6300 W),"$8,400.00",8400.0
13,Sidewalk Menu (2023),4067 W 58TH ST,"$1,105.47",1105.47
13,Sidewalk Menu (2023),4200 W 62ND ST,"$3,044.81",3044.81
13,Sidewalk Menu (2023),4500 W 64TH PL; 4530 W 64TH PL; 4517 W 64TH PL,"$20,171.30",20171.3
13,Sidewalk Menu (2023),4509 W 66TH PL,"$7,513.18",7513.18
13,Sidewalk Menu (2023),4543 W 65TH PL,"$5,975.54",5975.54
13,Sidewalk Menu (2023),4559 W 64TH ST,"$3,484.95",3484.95
13,Sidewalk Menu (2023),5153 W 64TH ST,"$4,286.89",4286.89
13,Sidewalk Menu (2023),5253 W 64TH PL; 5240 W 64TH PL,"$7,435.71",7435.71
13,Sidewalk Menu (2023),5520 S KOLMAR AVE,"$2,302.30",2302.3
13,Sidewalk Menu (2023),5524 S KENNETH AVE,"$2,142.38",2142.38
13,Sidewalk Menu (2023),5525 S AUSTIN AVE,"$2,886.16",2886.16
13,Sidewalk Menu (2023),5526 S NEWLAND AVE,"$2,122.58",2122.58
13,Sidewalk Menu (2023),5537 S PARKSIDE AVE,"$5,693.48",5693.48
13,Sidewalk Menu (2023),5539 S MONITOR AVE,"$3,468.67",3468.67
13,Sidewalk Menu (2023),5540 S NORDICA AVE,$420.13,420.13
13,Sidewalk Menu (2023),5547 S MOODY AVE,"$2,849.31",2849.31
13,Sidewalk Menu (2023),5551 S MOBILE AVE,"$4,297.45",4297.45
13,Sidewalk Menu (2023),5554 S MAYFIELD AVE,"$4,124.86",4124.86
13,Sidewalk Menu (2023),5558 S KEDVALE AVE,"$13,203.87",13203.87
13,Sidewalk Menu (2023),5600 S MASSASOIT AVE,"$5,130.03",5130.03
13,Sidewalk Menu (2023),5600 S NATCHEZ AVE,"$6,567.90",6567.9
13,Sidewalk Menu (2023),5601 S KILDARE AVE,"$10,576.85",10576.85
13,Sidewalk Menu (2023),5601 S NATOMA AVE,"$21,519.57",21519.57
13,Sidewalk Menu (2023),5601 S NEWLAND AVE; 5623 S NEWLAND AVE,"$23,095.55",23095.55
13,Sidewalk Menu (2023),5604 S KOLIN AVE,"$1,869.57",1869.57
13,Sidewalk Menu (2023),5608 S NASHVILLE AVE,"$6,091.48",6091.48
13,Sidewalk Menu (2023),5611 S MENARD AVE,"$4,067.74",4067.74
13,Sidewalk Menu (2023),5612 S MEADE AVE,"$2,883.58",2883.58
13,Sidewalk Menu (2023),5616 S NORDICA AVE,"$4,523.40",4523.4
13,Sidewalk Menu (2023),5617 S AUSTIN AVE,"$1,139.74",1139.74
13,Sidewalk Menu (2023),5619 S NEWCASTLE AVE,"$2,506.64",2506.64
13,Sidewalk Menu (2023),5631 S NEW ENGLAND AVE,"$6,208.06",6208.06
13,Sidewalk Menu (2023),5643 S NEW ENGLAND AVE,"$7,122.93",7122.93
13,Sidewalk Menu (2023),5645 S MCVICKER AVE,"$11,033.72",11033.72
13,Sidewalk Menu (2023),5645 S MOODY AVE,"$2,917.85",2917.85
13,Sidewalk Menu (2023),5652 S RUTHERFORD AVE,"$3,497.38",3497.38
13,Sidewalk Menu (2023),5653 S OAK PARK AVE,"$5,040.57",5040.57
13,Sidewalk Menu (2023),5659 S MELVINA AVE,"$3,191.98",3191.98
13,Sidewalk Menu (2023),5708 S SAYRE AVE; 5756 S SAYRE AVE,"$18,429.23",18429.23
13,Sidewalk Menu (2023),5720 S MEADE AVE; 5753 S MEADE AVE,"$7,662.07",7662.07
13,Sidewalk Menu (2023),5723 S MASSASOIT AVE,$944.30,944.3
13,Sidewalk Menu (2023),5724 S MERRIMAC AVE; 5700 S MERRIMAC AVE,"$3,445.92",3445.92
13,Sidewalk Menu (2023),5725 S NEWCASTLE AVE,"$3,954.78",3954.78
13,Sidewalk Menu (2023),5729 S NEWCASTLE AVE,"$2,575.17",2575.17
13,Sidewalk Menu (2023),5729 S RUTHERFORD AVE,"$4,279.05",4279.05
13,Sidewalk Menu (2023),5747 S AUSTIN AVE,"$2,202.08",2202.08
13,Sidewalk Menu (2023),5748-5752 S CENTRAL AVE,"$6,305.60",6305.6
13,Sidewalk Menu (2023),5755 S MAYFIELD AVE,"$4,078.02",4078.02
13,Sidewalk Menu (2023),5808 S NORDICA AVE; 5820 S NORDICA AVE,"$1,500.68",1500.68
13,Sidewalk Menu (2023),5812 S MCVICKER AVE,"$2,940.69",2940.69
13,Sidewalk Menu (2023),5812 S OAK PARK AVE; 5825 S OAK PARK AVE; 5834 S OAK PARK AVE; 5835 S OAK PARK AVE,"$10,693.64",10693.64
13,Sidewalk Menu (2023),5812 W 64TH PL,"$3,054.97",3054.97
13,Sidewalk Menu (2023),5815-5817 S NORMANDY AVE; 5859 S NORMANDY AVE,"$7,161.23",7161.23
13,Sidewalk Menu (2023),5818 S MERRIMAC AVE,"$1,125.79",1125.79
13,Sidewalk Menu (2023),5820 W 59TH ST,"$3,161.62",3161.62
13,Sidewalk Menu (2023),5822 S MCVICKER AVE,"$3,286.01",3286.01
13,Sidewalk Menu (2023),5824 S RUTHERFORD AVE; 5859 S RUTHERFORD AVE,"$17,199.73",17199.73
13,Sidewalk Menu (2023),5849 W 64TH ST,"$5,773.74",5773.74
13,Sidewalk Menu (2023),5854 W 64TH ST; 5848 W 64TH ST,"$6,430.39",6430.39
13,Sidewalk Menu (2023),5901 W 55TH ST,"$18,553.33",18553.33
13,Sidewalk Menu (2023),5914 S NASHVILLE AVE,"$3,826.71",3826.71
13,Sidewalk Menu (2023),5914 S NATOMA AVE; 5925 S NATOMA AVE; 5955 S NATOMA AVE,"$2,849.31",2849.31
13,Sidewalk Menu (2023),5922 S NARRAGANSETT AVE,"$2,959.62",2959.62
13,Sidewalk Menu (2023),5923 S MOODY AVE,"$2,963.53",2963.53
13,Sidewalk Menu (2023),5923 W 59TH ST,"$5,721.47",5721.47
13,Sidewalk Menu (2023),5926 S NARRAGANSETT AVE,"$3,179.92",3179.92
13,Sidewalk Menu (2023),5949 S KILDARE AVE; 5959 S KILDARE AVE,"$6,686.12",6686.12
13,Sidewalk Menu (2023),5959 S OAK PARK AVE; 5901 S OAK PARK AVE,"$21,412.00",21412.0
13,Sidewalk Menu (2023),6001 S MCVICKER AVE,"$8,890.82",8890.82
13,Sidewalk Menu (2023),6005 S NAGLE AVE,$752.64,752.64
13,Sidewalk Menu (2023),6011 S MOBILE AVE,"$3,087.92",3087.92
13,Sidewalk Menu (2023),6039 S KEATING AVE; 6056 S KEATING AVE,"$7,416.45",7416.45
13,Sidewalk Menu (2023),6041 S NORMANDY AVE,$522.93,522.93
13,Sidewalk Menu (2023),6047 S KEATING AVE,"$1,811.13",1811.13
13,Sidewalk Menu (2023),6053 S MENARD AVE,"$3,510.55",3510.55
13,Sidewalk Menu (2023),6056 S RUTHERFORD AVE,"$4,678.51",4678.51
13,Sidewalk Menu (2023),6058 S TRIPP AVE,"$5,130.36",5130.36
13,Sidewalk Menu (2023),6059 S MAJOR AVE,"$5,358.47",5358.47
13,Sidewalk Menu (2023),6100 S KILPATRICK AVE; 6115 S KILPATRICK AVE,"$10,224.50",10224.5
13,Sidewalk Menu (2023),6101 S KOSTNER AVE; 6111 S KOSTNER AVE; 6136 S KOSTNER AVE,"$12,087.72",12087.72
13,Sidewalk Menu (2023),6105 S MAYFIELD AVE,"$3,009.22",3009.22
13,Sidewalk Menu (2023),6110-6112 S MONITOR AVE,"$2,402.43",2402.43
13,Sidewalk Menu (2023),6118 S MASSASOIT AVE,"$3,317.63",3317.63
13,Sidewalk Menu (2023),6123 S MONITOR AVE,"$5,944.20",5944.2
13,Sidewalk Menu (2023),6137 S NAGLE AVE,"$1,583.95",1583.95
13,Sidewalk Menu (2023),6139 S KEELER AVE,"$3,732.80",3732.8
13,Sidewalk Menu (2023),6141 S TRIPP AVE; 6144 S TRIPP AVE; 6158 S TRIPP AVE,"$23,365.73",23365.73
13,Sidewalk Menu (2023),6143 S NATCHEZ AVE,"$1,448.14",1448.14
13,Sidewalk Menu (2023),6158 S MENARD AVE,"$13,351.82",13351.82
13,Sidewalk Menu (2023),6201 S TRIPP AVE,"$7,241.99",7241.99
13,Sidewalk Menu (2023),6204 S KILPATRICK AVE,"$4,644.47",4644.47
13,Sidewalk Menu (2023),6205 S NAGLE AVE,"$2,620.86",2620.86
13,Sidewalk Menu (2023),6210 S PARKSIDE AVE; 6221 S PARKSIDE AVE,"$7,124.59",7124.59
13,Sidewalk Menu (2023),6211 S MASSASOIT AVE,"$3,156.45",3156.45
13,Sidewalk Menu (2023),6224 S KEATING AVE,"$2,540.91",2540.91
13,Sidewalk Menu (2023),6235 S KILBOURN AVE,"$2,804.94",2804.94
13,Sidewalk Menu (2023),6255 W 63RD PL,"$1,297.13",1297.13
13,Sidewalk Menu (2023),6317 W 63RD PL,"$2,095.43",2095.43
13,Sidewalk Menu (2023),6332 S KENNETH AVE,"$4,248.19",4248.19
13,Sidewalk Menu (2023),6342 S KNOX AVE,"$2,232.50",2232.5
13,Sidewalk Menu (2023),6343 S KEATING AVE,"$1,175.60",1175.6
13,Sidewalk Menu (2023),6346 S KOMENSKY AVE,"$2,643.71",2643.71
13,Sidewalk Menu (2023),6351 S KARLOV AVE,"$3,867.23",3867.23
13,Sidewalk Menu (2023),6400 S OAK PARK AVE,"$16,617.09",16617.09
13,Sidewalk Menu (2023),6411 S KARLOV AVE; 6415 S KARLOV AVE,"$2,849.37",2849.37
13,Sidewalk Menu (2023),6436-6440 S LAMON AVE,"$4,581.75",4581.75
13,Sidewalk Menu (2023),6457 S KOSTNER AVE,"$11,322.68",11322.68
13,Sidewalk Menu (2023),6507 S KOMENSKY AVE; 6516 S KOMENSKY AVE; 6518 S KOMENSKY AVE,"$9,783.91",9783.91
13,Sidewalk Menu (2023),6527 S KILPATRICK AVE; 6521 S KILPATRICK AVE,"$8,635.72",8635.72
13,Sidewalk Menu (2023),6534 W 63RD ST,"$9,830.08",9830.08
13,Sidewalk Menu (2023),6536 S KARLOV AVE; 6541 S KARLOV AVE,"$4,230.24",4230.24
13,Sidewalk Menu (2023),6539 S KEELER AVE,$547.10,547.1
13,Sidewalk Menu (2023),6554 S KNOX AVE; 6529 S KNOX AVE; 6536 S KNOX AVE,"$8,221.57",8221.57
13,Sidewalk Menu (2023),6642 S KOMENSKY AVE,"$4,159.12",4159.12
13,Sidewalk Menu (2023),6647 S KEELER AVE,"$1,105.47",1105.47
13,Sidewalk Menu (2023),6712 W 63RD PL,"$2,119.60",2119.6
13,Sidewalk Menu (2023),6725 W 64TH ST; 6742 W 64TH ST,"$5,037.38",5037.38
13,Sidewalk Menu (2023),6823 W 64TH ST; 6815 W 64TH ST,"$7,341.60",7341.6
13,Sidewalk Menu (2023),6835 W ARCHER AVE,"$6,079.96",6079.96
13,Sidewalk Menu (2023),6837 W 63RD PL,"$3,123.51",3123.51
13,Sidewalk Menu (2023),6853 W 64TH PL; 6854 W 64TH PL,"$9,385.17",9385.17
13,Sidewalk Menu (2023),6918 W 63RD PL,"$3,260.52",3260.52
13,Street Bump Outs Menu (2023),6000 S NATOMA AVE,"$7,983.68",7983.68
13,Street Light Upgrade Menu (2023),3835 W 66TH PL,$500.00,500.0
13,Street Light Upgrade Menu (2023),4035 W 58TH ST,$500.00,500.0
13,Street Light Upgrade Menu (2023),4114 W 56TH PL,$500.00,500.0
13,Street Light Upgrade Menu (2023),4123 W 57TH PL,$500.00,500.0
13,Street Light Upgrade Menu (2023),4658 W 63RD ST,$500.00,500.0
13,Street Light Upgrade Menu (2023),5737 S PARKSIDE AVE; 5759 S PARKSIDE AVE; 5701 S PARKSIDE AVE,"$1,500.00",1500.0
13,Street Light Upgrade Menu (2023),5905 W 59TH ST,$500.00,500.0
13,Street Light Upgrade Menu (2023),5917-5919 S KEDVALE AVE,$500.00,500.0
13,Street Light Upgrade Menu (2023),6015 W 64TH ST,$500.00,500.0
13,Street Light Upgrade Menu (2023),6052 S TRIPP AVE,$500.00,500.0
13,Street Light Upgrade Menu (2023),6220 S KEATING AVE,$500.00,500.0
13,Street Light Upgrade Menu (2023),6334 S LOREL AVE,$500.00,500.0
13,Street Light Upgrade Menu (2023),6356 S KOSTNER AVE,$500.00,500.0
13,Street Light Upgrade Menu (2023),6738 S KOMENSKY AVE,$500.00,500.0
13,Street Light Upgrade Menu (2023),6801 W 63RD ST,$500.00,500.0
13,Street Resurfacing Menu (2023),ON S NEWLAND AVE FROM W 58TH ST (5800 S) TO W 59TH ST (5899 S),"$56,601.14",56601.14
13,Street Speed Hump Menu (2023),5522 S OAK PARK AVE,"$2,440.00",2440.0
13,Street Speed Hump Menu (2023),ON W 64TH ST FROM S LONG AVE (5400 W) TO S LINDER AVE (5500 W),"$2,440.00",2440.0
14,Alley Resurfacing Menu (2023),3307 W 66TH PL; W MARQUETTE RD & S SPAULDING AVE&S HOMAN AVE & W 66TH PL,"$40,475.00",40475.0
14,Alley Resurfacing Menu (2023),S SACRAMENTO AVE & W 58TH ST&W 59TH ST & S WHIPPLE ST; 5800 S SACRAMENTO AVE,"$25,813.88",25813.88
14,Alley Resurfacing Menu (2023),W 52ND ST & S CAMPBELL AVE&S MAPLEWOOD AVE & W 53RD ST,"$40,382.30",40382.3
14,Alley Resurfacing Menu (2023),W 52ND ST & S FAIRFIELD AVE&S CALIFORNIA AVE & W 53RD ST,"$47,689.10",47689.1
14,Alley Resurfacing Menu (2023),W 52ND ST & S FRANCISCO AVE&S RICHMOND ST & W 53RD ST,"$40,598.60",40598.6
14,Alley Resurfacing Menu (2023),W 52ND ST & S SACRAMENTO AVE&S WHIPPLE ST & W 53RD ST,"$40,598.60",40598.6
14,Alley Resurfacing Menu (2023),W 56TH ST & S WHIPPLE ST&S ALBANY AVE & W 57TH ST,"$34,977.04",34977.04
14,Alley Resurfacing Menu (2023),W 60TH ST & S TROY ST&S KEDZIE AVE & W 61ST ST,"$5,390.50",5390.5
14,Alley Speed Hump Menu (2023),W 54TH ST & S SAWYER AVE&S KEDZIE AVE & W 55TH ST,"$1,450.00",1450.0
14,Alley Speed Hump Replacement (2023),3307 W 66TH PL; W MARQUETTE RD & S SPAULDING AVE&S HOMAN AVE & W 66TH PL,$0.00,0.0
14,Alley Speed Hump Replacement (2023),S SACRAMENTO AVE & W 58TH ST&W 59TH ST & S WHIPPLE ST; 5800 S SACRAMENTO AVE,$0.00,0.0
14,Alley Speed Hump Replacement (2023),W 52ND ST & S CAMPBELL AVE&S MAPLEWOOD AVE & W 53RD ST,$0.00,0.0
14,Alley Speed Hump Replacement (2023),W 52ND ST & S FAIRFIELD AVE&S CALIFORNIA AVE & W 53RD ST,$0.00,0.0
14,Alley Speed Hump Replacement (2023),W 52ND ST & S FRANCISCO AVE&S RICHMOND ST & W 53RD ST,$0.00,0.0
14,Alley Speed Hump Replacement (2023),W 52ND ST & S SACRAMENTO AVE&S WHIPPLE ST & W 53RD ST,$0.00,0.0
14,Alley Speed Hump Replacement (2023),W 56TH ST & S WHIPPLE ST&S ALBANY AVE & W 57TH ST,$0.00,0.0
14,Curb & Gutter Menu (2023),4557 S SPRINGFIELD AVE,"$31,370.37",31370.37
14,Miscellaneous CDOT Projects (2023),3200 W 48TH PL,$660.00,660.0
14,Sidewalk Menu (2023),2846 W 55TH ST,$907.74,907.74
14,Sidewalk Menu (2023),2958 W 53RD ST,"$16,254.07",16254.07
14,Sidewalk Menu (2023),3044 W 55TH ST; 3000 W 55TH ST; 3032 W 55TH ST,"$25,537.34",25537.34
14,Sidewalk Menu (2023),3433 W 54TH PL; 3431 W 54TH PL,"$1,922.10",1922.1
14,Sidewalk Menu (2023),3435 W 55TH ST,"$4,305.06",4305.06
14,Sidewalk Menu (2023),3802 W 45TH PL; 3812 W 45TH PL; 3818 W 45TH PL,"$12,131.32",12131.32
14,Sidewalk Menu (2023),3823 W 45TH PL; 3807-3809 W 45TH PL; 3815 W 45TH PL,"$17,446.34",17446.34
14,Sidewalk Menu (2023),3840 W 42ND ST,"$14,589.96",14589.96
14,Sidewalk Menu (2023),4201 W 47TH ST,"$7,072.65",7072.65
14,Sidewalk Menu (2023),4301 S KOMENSKY AVE,"$25,269.41",25269.41
14,Sidewalk Menu (2023),4316 S KARLOV AVE; 4309-4311 S KARLOV AVE; 4358 S KARLOV AVE,"$8,788.62",8788.62
14,Sidewalk Menu (2023),4545 S HARDING AVE,"$1,566.50",1566.5
14,Sidewalk Menu (2023),4553 S HARDING AVE,"$4,393.00",4393.0
14,Sidewalk Menu (2023),4557 S HARDING AVE,"$3,629.38",3629.38
14,Sidewalk Menu (2023),4723-4725 S KARLOV AVE; 4719 S KARLOV AVE; 4729-4731 S KARLOV AVE; 4735-4737 S KARLOV AVE; 4741-4743 S KARLOV AVE,"$35,401.26",35401.26
14,Sidewalk Menu (2023),4736 S KEELER AVE,"$11,643.01",11643.01
14,Sidewalk Menu (2023),4800-4822 S KOLIN AVE,"$37,225.06",37225.06
14,Sidewalk Menu (2023),4845 S RIDGEWAY AVE,"$16,998.81",16998.81
14,Sidewalk Menu (2023),4856 S TRIPP AVE,"$20,225.13",20225.13
14,Sidewalk Menu (2023),4859 S KEELER AVE,"$9,491.16",9491.16
14,Sidewalk Menu (2023),4901 S KILBOURN AVE,"$10,052.05",10052.05
14,Sidewalk Menu (2023),5105 S AUSTIN AVE,"$2,360.79",2360.79
14,Sidewalk Menu (2023),5119 S HOMAN AVE; 5122-5124 S HOMAN AVE,"$5,880.51",5880.51
14,Sidewalk Menu (2023),5130-5132 S SACRAMENTO AVE; 5136 S SACRAMENTO AVE,"$6,002.09",6002.09
14,Sidewalk Menu (2023),5143-5147 S RICHMOND ST; 5121-5123 S RICHMOND ST; 5129 S RICHMOND ST,"$10,422.61",10422.61
14,Sidewalk Menu (2023),5159 S WHIPPLE ST,"$9,902.71",9902.71
14,Sidewalk Menu (2023),5243 S SACRAMENTO AVE,"$12,704.27",12704.27
14,Sidewalk Menu (2023),5318 S ALBANY AVE,"$16,620.76",16620.76
14,Sidewalk Menu (2023),5326-5330 S RICHMOND ST; 5320 S RICHMOND ST,"$11,959.40",11959.4
14,Sidewalk Menu (2023),5408 S SPAULDING AVE,"$2,531.43",2531.43
14,Sidewalk Menu (2023),5416-5418 S SPAULDING AVE; 5434-5438 S SPAULDING AVE; 5440 S SPAULDING AVE,"$17,650.10",17650.1
14,Sidewalk Menu (2023),5433 S RICHMOND ST; 5437-5439 S RICHMOND ST; 5443 S RICHMOND ST,"$20,755.28",20755.28
14,Sidewalk Menu (2023),5600 S WHIPPLE ST; 3041 W 56TH ST,"$12,669.92",12669.92
14,Sidewalk Menu (2023),5700 S WHIPPLE ST,"$11,544.88",11544.88
14,Sidewalk Menu (2023),5754 S SACRAMENTO AVE,"$2,229.80",2229.8
14,Sidewalk Menu (2023),ON S HARDING AVE FROM W 47TH ST (4700 S) TO W 48TH ST (4800 S),"$23,861.64",23861.64
14,Sidewalk Menu (2023),ON S KENNETH AVE FROM W 47TH ST (4700 S) TO W 48TH ST (4800 S),"$31,023.34",31023.34
14,Sidewalk Menu (2023),ON S ST LOUIS AVE FROM W 57TH ST (5700 S) TO W 58TH ST (5800 S),"$43,718.28",43718.28
14,Street Resurfacing Menu (2023),ON S FRANCISCO AVE FROM W 55TH ST (5500 S) TO W 57TH ST (5700 S),"$118,834.01",118834.01
14,Street Resurfacing Menu (2023),ON S KOLIN AVE FROM W 47TH ST (4700 S) TO S ARCHER AVE (5150 S),"$221,131.32",221131.32
14,Street Resurfacing Menu (2023),ON S ST LOUIS AVE FROM W 61ST ST (6100 S) TO W 63RD ST (6300 S),"$182,307.18",182307.18
14,Street Resurfacing Menu (2023),ON W 51ST ST FROM S KOLIN AVE (4332 W) TO S KILBOURN AVE (4500 W),"$68,231.48",68231.48
14,Street Resurfacing Menu (2023),ON W 56TH ST FROM S SACRAMENTO AVE (3000 W) TO S WHIPPLE ST (3030 W),"$25,689.56",25689.56
14,Street Speed Hump Menu (2023),ON S CAMPBELL AVE FROM W 51ST ST (5100 S) TO W 52ND ST (5200 S),"$2,661.61",2661.61
14,Street Speed Hump Menu (2023),ON W 53RD ST FROM S WESTERN AVE (2400 W) TO S CALIFORNIA AVE (2800 W),"$19,520.00",19520.0
14,Street Speed Hump Menu (2023),ON W 56TH ST FROM S KEDZIE AVE (3200 W) TO S ST LOUIS AVE (3500 W),"$14,640.00",14640.0
14,Street Speed Hump Replacement (2023),ON S FRANCISCO AVE FROM W 55TH ST (5500 S) TO W 57TH ST (5700 S),$0.00,0.0
14,Street Speed Hump Replacement (2023),ON S ST LOUIS AVE FROM W 61ST ST (6100 S) TO W 63RD ST (6300 S),$0.00,0.0
15,Alley Speed Hump Menu (2023),S FRANCISCO AVE & W 65TH ST&W 66TH ST & S MOZART ST,"$1,450.00",1450.0
15,Alley Speed Hump Menu (2023),S WALLACE ST & W 47TH ST&W 47TH PL & S UNION AVE,"$2,175.00",2175.0
15,Alley Speed Hump Menu (2023),W 44TH PL & S WALLACE ST&S NORMAL AVE & W 45TH ST,"$1,450.00",1450.0
15,Alley Speed Hump Menu (2023),W 45TH PL & S WALLACE ST&S NORMAL AVE & W 46TH ST,"$1,450.00",1450.0
15,Alley Speed Hump Menu (2023),W 45TH ST & S EMERALD AVE&S UNION AVE & W 46TH ST,"$1,450.00",1450.0
15,Alley Speed Hump Menu (2023),W 46TH PL & S WALLACE ST&S NORMAL AVE & W 47TH ST,"$1,450.00",1450.0
15,Alley Speed Hump Menu (2023),W 46TH PL & S WALLACE ST&S UNION AVE & W 47TH ST,"$1,450.00",1450.0
15,Alley Speed Hump Menu (2023),W 46TH ST & S HALSTED ST&S EMERALD AVE & W 47TH ST,"$1,450.00",1450.0
15,Alley Speed Hump Menu (2023),W 46TH ST & S WALLACE ST&S NORMAL AVE & W 46TH PL,"$1,450.00",1450.0
15,Alley Speed Hump Menu (2023),W 46TH ST & S WALLACE ST&S UNION AVE & W 46TH PL,"$1,450.00",1450.0
15,Alley Speed Hump Menu (2023),W 47TH PL & S UNION AVE&S HALSTED ST & W 48TH ST,"$4,350.00",4350.0
15,Alley Speed Hump Menu (2023),W 47TH ST & S HALSTED ST&S UNION AVE & W 47TH PL,"$3,625.00",3625.0
15,Alley Speed Hump Menu (2023),W 48TH PL & S UNION AVE&S HALSTED ST & W 49TH ST,"$4,350.00",4350.0
15,Alley Speed Hump Menu (2023),W 48TH ST & S UNION AVE&S HALSTED ST & W 48TH PL,"$4,350.00",4350.0
15,Alley Speed Hump Menu (2023),W 49TH ST & S WALLACE ST&S UNION AVE & W 48TH PL,"$1,450.00",1450.0
15,Diagonal Parking Menu (2023),S WASHTENAW AVE & W 51ST ST,"$85,000.00",85000.0
15,Sidewalk Menu (2023),1730-1758 W 61ST ST; ON W 61ST ST FROM S HERMITAGE AVE (1730 W) TO S WOOD ST (1800 W),"$20,334.96",20334.96
15,Sidewalk Menu (2023),6515 S WOLCOTT AVE,$902.58,902.58
15,Sidewalk Menu (2023),ON S CALIFORNIA AVE FROM W 55TH ST (5500 S) TO W 59TH ST (5900 S),"$442,152.25",442152.25
15,Street Bump Outs Menu (2023),437 W 45TH ST,"$20,076.07",20076.07
15,Street Bump Outs Menu (2023),4644 S NORMAL AVE,"$29,433.14",29433.14
15,Street Bump Outs Menu (2023),S EMERALD AVE & W 47TH ST,"$41,844.99",41844.99
15,Street Bump Outs Menu (2023),S UNION AVE & W 44TH ST,"$31,826.15",31826.15
15,Street Bump Outs Menu (2023),S WALLACE ST & W 47TH ST,"$36,184.46",36184.46
15,Street Light Arterial Menu (2023),2650 W 51ST ST,"$100,000.00",100000.0
15,Street Speed Hump Menu (2023),ON S LOWE AVE FROM W 44TH ST (4400 S) TO W 46TH ST (4600 S),"$9,760.00",9760.0
15,Street Speed Hump Menu (2023),ON S NORMAL AVE FROM W 46TH ST (4600 S) TO W 46TH PL (4630 S),"$2,440.00",2440.0
15,Street Speed Hump Menu (2023),ON S SEELEY AVE FROM W 49TH ST (4900 S) TO W 50TH ST (5000 S),"$4,880.00",4880.0
15,Street Speed Hump Menu (2023),ON S UNION AVE FROM W 46TH ST (4600 S) TO W 49TH ST (4900 S),"$7,320.00",7320.0
15,Street Speed Hump Menu (2023),ON S WALLACE ST FROM W 44TH ST (4400 S) TO W 49TH ST (4900 S),"$14,640.00",14640.0
15,Street Speed Hump Menu (2023),ON W 44TH PL FROM S NORMAL AVE (500 W) TO S WALLACE ST (600 W),"$4,880.00",4880.0
15,Street Speed Hump Menu (2023),ON W 46TH PL FROM S NORMAL AVE (500 W) TO S UNION AVE (700 W),"$9,760.00",9760.0
15,Street Speed Hump Menu (2023),ON W 46TH ST FROM S NORMAL AVE (500 W) TO S HALSTED ST (800 W),"$14,640.00",14640.0
15,Street Speed Hump Menu (2023),ON W 47TH PL FROM S WALLACE ST (600 W) TO S HALSTED ST (800 W),"$7,320.00",7320.0
15,Street Speed Hump Menu (2023),ON W 48TH PL FROM S UNION AVE (700 W) TO S HALSTED ST (800 W),"$2,440.00",2440.0
15,Street Speed Hump Menu (2023),ON W 48TH ST FROM S UNION AVE (700 W) TO S HALSTED ST (800 W),"$2,440.00",2440.0
15,Street Speed Hump Menu (2023),ON W 49TH ST FROM S WALLACE ST (600 W) TO S UNION AVE (700 W),"$2,440.00",2440.0
15,Street Traffic Circle Menu (2023),4700 S HALSTED ST,"$251,732.70",251732.7
15,Street Traffic Circle Menu (2023),S NORMAL AVE & W 45TH ST,"$26,307.25",26307.25
15,Street Traffic Circle Menu (2023),S UNION AVE & W 47TH PL,"$49,529.00",49529.0
15,Street Traffic Circle Menu (2023),S UNION AVE & W 48TH PL,"$48,868.93",48868.93
15,Street Traffic Circle Menu (2023),S WALLACE ST & W 45TH ST,"$42,264.98",42264.98
15,Street Traffic Circle Menu (2023),S WALLACE ST & W 46TH ST,"$56,439.02",56439.02
16,Arterial Street Bump Outs Menu (2023),W 53RD ST & S DAMEN AVE,"$160,000.00",160000.0
16,Collector Street - Miscellaneous Concrete (2023),ON W 54TH ST FROM S LOOMIS BLVD (1400 W) TO S DAMEN AVE (2000 W),"$13,912.20",13912.2
16,Miscellaneous CDOT Projects (2023),700 W 59TH ST,$660.00,660.0
16,Pavement Markings Menu (2023),S CALIFORNIA AVE & W MARQUETTE RD,"$3,300.00",3300.0
16,Sidewalk Menu (2023),5739-5759 S HALSTED ST,"$62,005.70",62005.7
16,Sidewalk Menu (2023),6600 S SEELEY AVE,"$25,173.97",25173.97
16,Speed Indicator Signs (2023),S CALIFORNIA AVE & W MARQUETTE RD,"$28,000.00",28000.0
16,Street Resurfacing Menu (2023),ON S ABERDEEN ST FROM W 65TH ST (6500 S) TO W 66TH ST (6600 S),"$61,749.35",61749.35
16,Street Resurfacing Menu (2023),ON S CARPENTER ST FROM W 58TH ST (5800 S) TO W 59TH ST (5900 S),"$62,300.79",62300.79
16,Street Resurfacing Menu (2023),ON S CARPENTER ST FROM W 65TH ST (6500 S) TO W 66TH ST (6600 S),"$58,043.73",58043.73
16,Street Resurfacing Menu (2023),ON S FAIRFIELD AVE FROM W 59TH ST (5900 S) TO W 61ST ST (6100 S),"$121,577.69",121577.69
16,Street Resurfacing Menu (2023),ON S GREEN ST FROM W 64TH ST (6400 S) TO W 65TH ST (6500 S),"$60,956.65",60956.65
16,Street Resurfacing Menu (2023),ON S HONORE ST FROM W 51ST ST (5100 S) TO W 54TH ST (5400 S),"$183,620.50",183620.5
16,Street Resurfacing Menu (2023),ON S LAFLIN ST FROM W GARFIELD BLVD (5470 S) TO W 56TH ST (5600 S),"$12,918.18",12918.18
16,Street Resurfacing Menu (2023),ON S LAFLIN ST FROM W MARQUETTE RD (6700 S) TO W 68TH ST (6800 S),"$63,510.92",63510.92
16,Street Resurfacing Menu (2023),ON S LOWE AVE FROM W GARFIELD BLVD (5500 S) TO W 56TH ST (5600 S),"$34,239.50",34239.5
16,Street Resurfacing Menu (2023),ON S MAY ST FROM W 69TH ST (6900 S) TO W 71ST ST (7100 S),"$125,979.77",125979.77
16,Street Resurfacing Menu (2023),ON S PAULINA ST FROM W 51ST ST (5100 S) TO W 52ND ST (5200 S),"$59,687.66",59687.66
16,Street Resurfacing Menu (2023),ON S PAULINA ST FROM W MARQUETTE RD (6700 S) TO W 68TH ST (6800 S),"$34,063.34",34063.34
16,Street Resurfacing Menu (2023),ON S SANGAMON ST FROM W 69TH ST (6900 S) TO W 71ST ST (7100 S),"$115,183.64",115183.64
16,Street Resurfacing Menu (2023),ON S WOOD ST FROM W 53RD ST (5300 S) TO W 54TH ST (5400 S),"$61,455.76",61455.76
16,Street Speed Hump Replacement (2023),ON S ABERDEEN ST FROM W 65TH ST (6500 S) TO W 66TH ST (6600 S),$0.00,0.0
16,Street Speed Hump Replacement (2023),ON S GREEN ST FROM W 64TH ST (6400 S) TO W 65TH ST (6500 S),$0.00,0.0
16,Street Speed Hump Replacement (2023),ON S HONORE ST FROM W 51ST ST (5100 S) TO W 54TH ST (5400 S),$0.00,0.0
16,Street Speed Hump Replacement (2023),ON S LAFLIN ST FROM W MARQUETTE RD (6700 S) TO W 68TH ST (6800 S),$0.00,0.0
16,Street Speed Hump Replacement (2023),ON S LOWE AVE FROM W GARFIELD BLVD (5500 S) TO W 56TH ST (5600 S),$0.00,0.0
16,Street Speed Hump Replacement (2023),ON S MAY ST FROM W 69TH ST (6900 S) TO W 71ST ST (7100 S),$0.00,0.0
16,Street Speed Hump Replacement (2023),ON S PAULINA ST FROM W MARQUETTE RD (6700 S) TO W 68TH ST (6800 S),$0.00,0.0
16,Street Speed Hump Replacement (2023),ON S SANGAMON ST FROM W 69TH ST (6900 S) TO W 71ST ST (7100 S),$0.00,0.0
16,Street Speed Hump Replacement (2023),ON S WOOD ST FROM W 53RD ST (5300 S) TO W 54TH ST (5400 S),$0.00,0.0
17,Alley Apron Menu (2023),7145 S SPAULDING AVE,"$37,941.93",37941.93
17,Alley Resurfacing Menu (2023),S WESTERN AVE & W 70TH ST&W 71ST ST & S ARTESIAN AVE,"$39,906.83",39906.83
17,Alley Resurfacing Menu (2023),S WOOD ST & W 75TH PL&W 76TH ST & S HERMITAGE AVE,"$38,233.55",38233.55
17,Alley Resurfacing Menu (2023),W 72ND PL & S RACINE AVE&S ADA ST & W 73RD ST; 7258 S RACINE AVE,"$27,496.79",27496.79
17,Alley Resurfacing Menu (2023),W 73RD ST & S MAY ST&S RACINE AVE & W 74TH ST,"$38,145.50",38145.5
17,Alley Resurfacing Menu (2023),W 73RD ST & S RACINE AVE&S ADA ST & W 73RD PL,"$30,829.39",30829.39
17,Alley Resurfacing Menu (2023),W 75TH PL & S WOOD ST&S WOOD ST & W 76TH ST,"$22,077.24",22077.24
17,Alley Resurfacing Menu (2023),W 76TH ST & S HONORE ST&S WOOD ST & W 77TH ST,"$38,145.50",38145.5
17,Alley Speed Hump Replacement (2023),S WOOD ST & W 75TH PL&W 76TH ST & S HERMITAGE AVE,$0.00,0.0
17,Alley Speed Hump Replacement (2023),W 72ND PL & S RACINE AVE&S ADA ST & W 73RD ST; 7258 S RACINE AVE,$0.00,0.0
17,Alley Speed Hump Replacement (2023),W 73RD ST & S RACINE AVE&S ADA ST & W 73RD PL,$0.00,0.0
17,Curb & Gutter Menu (2023),7658 S BISHOP ST,"$17,096.46",17096.46
17,Curb & Gutter Menu (2023),ON W 71ST PL FROM S HOMAN AVE (3400 W) TO S CENTRAL PARK AVE (3600 W),"$15,426.51",15426.51
17,Diagonal Parking Menu (2023),ON S GREEN ST FROM 7914 S TO W 79TH ST (7900 S),"$30,000.00",30000.0
17,Miscellaneous CDOT Projects (2023),7807-7821 S PULASKI RD,$450.00,450.0
17,Sidewalk Menu (2023),7000 S TALMAN AVE,"$73,392.36",73392.36
17,Sidewalk Menu (2023),7659 S NORMAL AVE,"$24,184.26",24184.26
17,Sidewalk Menu (2023),7732 S ASHLAND AVE,"$14,234.56",14234.56
17,Sidewalk Menu (2023),7920-7922 S MORGAN ST,"$14,277.94",14277.94
17,Sidewalk Menu (2023),8024-8026 S HERMITAGE AVE,"$19,337.32",19337.32
17,Sidewalk Menu (2023),8154 S WOLCOTT AVE,"$3,477.37",3477.37
17,Sidewalk Menu (2023),ON W 73RD PL FROM S RACINE AVE (1200 W) TO S ADA ST (1300 W),"$138,295.71",138295.71
17,Sidewalk Menu (2023),ON W 73RD PL FROM S ST LOUIS AVE (3500 W) TO S CENTRAL PARK AVE (3600 W),"$8,475.80",8475.8
17,Street Light Upgrade Menu (2023),1259 W MARQUETTE RD,$500.00,500.0
17,Street Light Upgrade Menu (2023),7600 S LOOMIS BLVD,$500.00,500.0
17,Street Resurfacing Menu (2023),ON S BISHOP ST FROM W 82ND ST (8200 S) TO W 83RD ST (8300 S),"$54,755.33",54755.33
17,Street Resurfacing Menu (2023),ON S HERMITAGE AVE FROM W 78TH ST (7800 S) TO W 79TH ST (7900 S),"$53,000.22",53000.22
17,Street Resurfacing Menu (2023),ON S MARSHFIELD AVE FROM W 68TH ST (6800 S) TO W 69TH ST (6900 S),"$51,785.08",51785.08
17,Street Resurfacing Menu (2023),ON S PAULINA ST FROM W 79TH ST (7900 S) TO W 80TH ST (8000 S),"$55,841.77",55841.77
17,Street Resurfacing Menu (2023),ON S WINCHESTER AVE FROM W 76TH ST (7600 S) TO W 80TH ST (8000 S),"$218,133.13",218133.13
17,Street Resurfacing Menu (2023),ON S WOOD ST FROM W 72ND ST (7200 S) TO W 73RD ST (7300 S),"$57,808.86",57808.86
17,Street Resurfacing Menu (2023),ON S WOOD ST FROM W 79TH ST (7900 S) TO W 80TH ST (8000 S),"$56,781.27",56781.27
17,Street Resurfacing Menu (2023),ON S WOOD ST FROM W 81ST ST (8100 S) TO W 83RD ST (8300 S),"$118,406.86",118406.86
17,Street Resurfacing Menu (2023),ON W 73RD PL FROM S HOMAN AVE (3400 W) TO S ST LOUIS AVE (3500 W),"$58,777.65",58777.65
17,Street Resurfacing Menu (2023),ON W 75TH ST FROM S HALSTED ST (800 W) TO S MORGAN ST (1000 W),"$120,430.20",120430.2
17,Street Speed Hump Menu (2023),ON S HERMITAGE AVE FROM W 69TH ST (6900 S) TO W 70TH ST (7000 S),"$4,880.00",4880.0
17,Street Speed Hump Menu (2023),ON S WINCHESTER AVE FROM W 79TH ST (7900 S) TO W 80TH ST (8000 S),"$4,880.00",4880.0
17,Street Speed Hump Replacement (2023),ON S HERMITAGE AVE FROM W 78TH ST (7800 S) TO W 79TH ST (7900 S),$0.00,0.0
18,Alley Apron Menu (2023),7714 S TROY ST,"$17,671.96",17671.96
18,Alley Apron Menu (2023),7800 S TROY ST,"$14,303.21",14303.21
18,Alley Apron Menu (2023),ON S OAKLEY AVE FROM W 79TH PL (7930 S) TO W 80TH ST (8000 S),"$28,668.19",28668.19
18,Alley Resurfacing Menu (2023),W 77TH ST & S SPRINGFIELD AVE&S PULASKI RD & W 78TH ST,"$25,060.31",25060.31
18,Alley Speed Hump Menu (2023),S TRUMBULL AVE & W 77TH ST&W 78TH ST & S ST LOUIS AVE,"$1,450.00",1450.0
18,Bollard Menu (2023),3934 W HAYFORD ST,"$3,111.78",3111.78
18,Miscellaneous CDOT Projects (2023),7701 S KEDZIE AVE,$660.00,660.0
18,Miscellaneous CDOT Projects (2023),8359 S PULASKI RD,$660.00,660.0
18,Pavement Markings Menu (2023),ON W 83RD ST FROM S KEDZIE AVE (3200 W) TO S ST LOUIS AVE (3500 W),$600.00,600.0
18,Sidewalk Menu (2023),2155 W 82ND PL,"$8,523.86",8523.86
18,Sidewalk Menu (2023),3441 W 83RD ST,"$5,955.68",5955.68
18,Sidewalk Menu (2023),3622 W 81ST PL,"$5,712.42",5712.42
18,Sidewalk Menu (2023),3745 W 82ND PL,$468.25,468.25
18,Sidewalk Menu (2023),3812 W 84TH ST,"$3,304.21",3304.21
18,Sidewalk Menu (2023),7410 S CAMPBELL AVE,"$6,719.83",6719.83
18,Sidewalk Menu (2023),7948 S SAWYER AVE,"$24,829.95",24829.95
18,Sidewalk Menu (2023),8014 S FRANCISCO AVE,"$5,226.44",5226.44
18,Sidewalk Menu (2023),8125 S CLAREMONT AVE,"$7,458.74",7458.74
18,Sidewalk Menu (2023),8320 S HERMITAGE AVE,"$8,111.44",8111.44
18,Sidewalk Menu (2023),8456 S SEELEY AVE,"$24,281.08",24281.08
18,Street Resurfacing Menu (2023),ON S CAMPBELL AVE FROM W 79TH ST (7900 S) TO W 80TH ST (8000 S),"$52,171.83",52171.83
18,Street Resurfacing Menu (2023),ON S FRANCISCO AVE FROM W 71ST ST (7100 S) TO W 72ND ST (7200 S),"$57,808.79",57808.79
18,Street Resurfacing Menu (2023),ON S FRANCISCO AVE FROM W 79TH ST (7900 S) TO W 81ST ST (8100 S),"$7,202.39",7202.39
18,Street Resurfacing Menu (2023),ON S KARLOV AVE FROM W 80TH ST (8000 S) TO W 80TH PL (8030 S),"$33,380.93",33380.93
18,Street Resurfacing Menu (2023),ON S KIRKLAND AVE FROM W 79TH PL (7900 S) TO W 81ST ST (8100 S),"$125,169.03",125169.03
18,Street Resurfacing Menu (2023),ON S LAWNDALE AVE FROM W 83RD ST (8300 S) TO W 83RD PL (8330 S),"$35,309.32",35309.32
18,Street Resurfacing Menu (2023),ON S MOZART ST FROM W 73RD ST (7300 S) TO W 74TH ST (7400 S),"$50,968.09",50968.09
18,Street Resurfacing Menu (2023),ON S RICHMOND ST FROM W 73RD ST (7300 S) TO W 74TH ST (7400 S),"$60,627.37",60627.37
18,Street Resurfacing Menu (2023),ON S SAWYER AVE FROM 7937 S TO W 80TH ST (8000 S),"$38,177.04",38177.04
18,Street Resurfacing Menu (2023),ON S SPRINGFIELD AVE FROM W 85TH ST (8500 S) TO W 85TH PL (8532 S),"$40,582.64",40582.64
18,Street Resurfacing Menu (2023),ON S TALMAN AVE FROM W 80TH ST (8000 S) TO W 81ST ST (8100 S),"$68,124.01",68124.01
18,Street Resurfacing Menu (2023),ON S TRUMBULL AVE FROM W 75TH ST (7500 S) TO W 76TH ST (7600 S),"$55,922.98",55922.98
18,Street Resurfacing Menu (2023),ON W 77TH PL FROM S LAWNDALE AVE (3700 W) TO S RIDGEWAY AVE (3750 W),"$56,619.72",56619.72
18,Street Resurfacing Menu (2023),ON W 77TH ST FROM S HOMAN AVE (3400 W) TO S ST LOUIS AVE (3500 W),"$82,923.85",82923.85
18,Street Resurfacing Menu (2023),ON W 80TH PL FROM S MAPLEWOOD AVE (2530 W) TO S TALMAN AVE (2630 W),"$66,263.08",66263.08
18,Street Resurfacing Menu (2023),ON W 80TH ST FROM S ST LOUIS AVE (3500 W) TO S CENTRAL PARK AVE (3600 W),"$54,430.42",54430.42
18,Street Resurfacing Menu (2023),ON W 81ST PL FROM S LAWNDALE AVE (3700 W) TO S HAMLIN AVE (3800 W),$500.00,500.0
18,Street Resurfacing Menu (2023),ON W 81ST PL FROM W 81ST ST (2240 W) TO S OAKLEY AVE (2300 W),"$78,857.24",78857.24
18,Street Resurfacing Menu (2023),ON W 82ND PL FROM S LAWNDALE AVE (3700 W) TO S HAMLIN AVE (3800 W),"$65,508.80",65508.8
18,Street Resurfacing Menu (2023),ON W 83RD PL FROM S HOMAN AVE (3400 W) TO S ST LOUIS AVE (3500 W),"$57,368.46",57368.46
18,Street Resurfacing Menu (2023),ON W 84TH PL FROM S KILBOURN AVE (4500 W) TO S KOLMAR AVE (4600 W),"$98,195.73",98195.73
18,Street Resurfacing Menu (2023),ON W 84TH ST FROM S SPAULDING AVE (3300 W) TO S HOMAN AVE (3400 W),"$57,750.14",57750.14
18,Street Resurfacing Menu (2023),ON W SEIPP ST FROM S FRANCISCO AVE (2900 W) TO S SACRAMENTO AVE (2960 W),"$50,263.46",50263.46
18,Street Speed Hump Menu (2023),ON S HOMAN AVE FROM W 77TH ST (7700 S) TO W 78TH ST (7800 S),"$4,880.00",4880.0
18,Street Speed Hump Menu (2023),ON W 86TH ST FROM S ASHLAND AVE (1600 W) TO S DAMEN AVE (2000 W),"$8,217.32",8217.32
18,Street Speed Hump Replacement (2023),ON S KARLOV AVE FROM W 80TH ST (8000 S) TO W 80TH PL (8030 S),$0.00,0.0
18,Street Speed Hump Replacement (2023),ON S KIRKLAND AVE FROM W 79TH PL (7900 S) TO W 81ST ST (8100 S),$0.00,0.0
18,Street Speed Hump Replacement (2023),ON W 77TH ST FROM S HOMAN AVE (3400 W) TO S ST LOUIS AVE (3500 W),$0.00,0.0
19,Curb & Gutter Menu (2023),10424 S HOMAN AVE,$926.63,926.63
19,Miscellaneous CDOT Projects (2023),10751 S MILLARD AVE,$660.00,660.0
19,Street Light Upgrade Menu (2023),2501 W 103RD ST,$500.00,500.0
19,Street Light Upgrade Menu (2023),ON S HOYNE AVE FROM W 110TH PL (11040 S) TO W 111TH ST (11100 S); 2110 W 111TH ST,$500.00,500.0
19,Street Resurfacing Menu (2023),ON S ALBANY AVE FROM W 107TH ST (10700 S) TO W 108TH ST (10800 S),"$84,476.87",84476.87
19,Street Resurfacing Menu (2023),ON S BELL AVE FROM W 104TH ST (10400 S) TO W 105TH ST (10500 S),"$59,123.96",59123.96
19,Street Resurfacing Menu (2023),ON S CAMPBELL AVE FROM W 117TH ST (11700 S) TO W 118TH ST (11800 S),"$54,538.01",54538.01
19,Street Resurfacing Menu (2023),ON S CHRISTIANA AVE FROM W 103RD ST (10300 S) TO W 104TH ST (10400 S),"$64,956.76",64956.76
19,Street Resurfacing Menu (2023),ON S CHURCH ST FROM W 104TH ST (10400 S) TO W 105TH PL (10530 S),"$86,929.29",86929.29
19,Street Resurfacing Menu (2023),ON S CLAREMONT AVE FROM 9800 S TO W 97TH ST (9700 S),"$64,469.41",64469.41
19,Street Resurfacing Menu (2023),ON S FAIRFIELD AVE FROM 10200 S TO W 103RD ST (10300 S),"$49,306.05",49306.05
19,Street Resurfacing Menu (2023),ON S HOMEWOOD AVE FROM S PROSPECT AVE (10940 S) TO W PRYOR AVE (11030 S),"$88,570.82",88570.82
19,Street Resurfacing Menu (2023),ON S LOTHAIR AVE FROM W 112TH ST (11190 S) TO W 114TH PL (11440 S),"$206,605.51",206605.51
19,Street Resurfacing Menu (2023),ON S MALTA ST FROM W 100TH PL (10000 S) TO W 103RD ST (10300 S),"$115,038.27",115038.27
19,Street Resurfacing Menu (2023),ON S MAPLEWOOD AVE FROM W 99TH ST (9900 S) TO W 100TH ST (10000 S),"$48,971.65",48971.65
19,Street Resurfacing Menu (2023),ON S OAKLEY AVE FROM W 91ST ST (9100 S) TO W 92ND PL (9240 S),"$60,677.99",60677.99
19,Street Resurfacing Menu (2023),ON S SEELEY AVE FROM W 98TH ST (9800 S) TO W 99TH ST (9900 S),"$47,613.22",47613.22
19,Street Resurfacing Menu (2023),ON S SPAULDING AVE FROM W 103RD ST (10300 S) TO W 104TH ST (10400 S),"$62,565.09",62565.09
19,Street Resurfacing Menu (2023),ON S VANDERPOEL AVE FROM W 93RD ST (9230 S) TO W 94TH ST (9400 S),"$105,075.24",105075.24
19,Street Resurfacing Menu (2023),ON S WASHTENAW AVE FROM W 107TH ST (10700 S) TO W 108TH ST (10800 S),"$62,835.52",62835.52
19,Street Resurfacing Menu (2023),ON S WASHTENAW AVE FROM W 112TH ST (11200 S) TO W 113TH ST (11300 S),"$72,943.96",72943.96
19,Street Resurfacing Menu (2023),ON W 101ST ST FROM S WESTERN AVE (2400 W) TO S ARTESIAN AVE (2430 W),"$10,228.85",10228.85
19,Street Resurfacing Menu (2023),ON W 106TH ST FROM S TALMAN AVE (2650 W) TO S FAIRFIELD AVE (2730 W),"$36,795.14",36795.14
19,Street Resurfacing Menu (2023),ON W 109TH PL FROM S HAMLIN AVE (3800 W) TO S SPRINGFIELD AVE (3900 W),"$62,976.13",62976.13
19,Street Resurfacing Menu (2023),ON W 118TH ST FROM 2556 W TO S MAPLEWOOD AVE (2530 W),"$21,931.55",21931.55
19,Street Resurfacing Menu (2023),ON W 91ST ST FROM S PLEASANT AVE (1899 W) TO S WINCHESTER AVE (1930 W),"$25,558.37",25558.37
19,Street Speed Hump Replacement (2023),ON S LOTHAIR AVE FROM W 112TH ST (11190 S) TO W 114TH PL (11440 S),$0.00,0.0
19,Street Speed Hump Replacement (2023),ON S WASHTENAW AVE FROM W 107TH ST (10700 S) TO W 108TH ST (10800 S),$0.00,0.0
19,Street Speed Hump Replacement (2023),ON S WASHTENAW AVE FROM W 112TH ST (11200 S) TO W 113TH ST (11300 S),$0.00,0.0
20,Alley Resurfacing Menu (2023),S INGLESIDE AVE & E 65TH ST&E MARQUETTE RD & S ELLIS AVE,"$26,588.72",26588.72
20,Alley Speed Hump Replacement (2023),S INGLESIDE AVE & E 65TH ST&E MARQUETTE RD & S ELLIS AVE,$0.00,0.0
20,Sidewalk Menu (2023),6608-6612 S EVANS AVE,"$8,404.07",8404.07
20,Speed Indicator Signs (2023),ON S DR MARTIN LUTHER KING JR DR FROM E 56TH ST (5600 S) TO E 59TH ST (5900 S),$789.67,789.67
20,Street Bump Outs Menu (2023),S LANGLEY AVE & E 60TH ST,"$13,100.63",13100.63
20,Street Light Residential Staggered Piggy Back Menu (2023),ON S LOWE AVE FROM W 63RD ST (6300 S) TO W 65TH ST (6500 S),"$355,000.00",355000.0
20,Street Resurfacing Menu (2023),ON S ABERDEEN ST FROM W 48TH ST (4800 S) TO W 50TH ST (5000 S),"$142,970.82",142970.82
20,Street Resurfacing Menu (2023),ON S ELIZABETH ST FROM W 47TH ST (4700 S) TO W 48TH ST (4800 S),"$56,053.61",56053.61
20,Street Resurfacing Menu (2023),ON S ELLIS AVE FROM E 63RD ST (6300 S) TO E 65TH ST (6500 S),"$123,178.91",123178.91
20,Street Resurfacing Menu (2023),ON S GREENWOOD AVE FROM E 63RD ST (6300 S) TO E 65TH ST (6500 S),"$114,384.61",114384.61
20,Street Resurfacing Menu (2023),ON S INGLESIDE AVE FROM 6154 S TO E 61ST ST (6100 S),"$62,304.70",62304.7
20,Street Resurfacing Menu (2023),ON S JUSTINE ST FROM W 48TH ST (4800 S) TO W 51ST ST (5100 S),"$177,011.48",177011.48
20,Street Resurfacing Menu (2023),ON S KENWOOD AVE FROM E MARQUETTE RD (6600 S) TO E 67TH ST (6700 S),"$60,047.86",60047.86
20,Street Resurfacing Menu (2023),ON S PORTLAND AVE FROM W 45TH ST (4500 S) TO W 45TH PL (4530 S),"$18,836.40",18836.4
20,Street Resurfacing Menu (2023),ON S THROOP ST FROM W 47TH ST (4700 S) TO W 48TH ST (4800 S),"$71,020.92",71020.92
20,Street Resurfacing Menu (2023),ON S WABASH AVE FROM E 60TH ST (6000 S) TO E 61ST ST (6100 S),"$80,945.94",80945.94
20,Street Resurfacing Menu (2023),ON S WOOD ST FROM W 50TH ST (5000 S) TO W 51ST ST (5100 S),"$35,911.14",35911.14
20,Street Speed Hump Menu (2023),ON E 65TH ST FROM S DR MARTIN LUTHER KING JR DR (400 E) TO S ST LAWRENCE AVE (600 E),"$9,760.00",9760.0
20,Street Speed Hump Menu (2023),ON E 65TH ST FROM S MINERVA AVE (1130 E) TO S WOODLAWN AVE (1200 E),"$2,440.00",2440.0
20,Street Speed Hump Menu (2023),ON S MINERVA AVE FROM E 65TH ST (6500 S) TO E MARQUETTE RD (6600 S),"$4,880.00",4880.0
20,Street Speed Hump Menu (2023),ON S STEWART AVE FROM W 61ST ST (6100 S) TO W 62ND ST (6200 S),"$4,880.00",4880.0
20,Street Speed Hump Menu (2023),ON S UNIVERSITY AVE FROM E 65TH ST (6500 S) TO E MARQUETTE RD (6599 S),"$4,880.00",4880.0
20,Street Speed Hump Menu (2023),ON S WELLS ST FROM W 43RD ST (4300 S) TO W 44TH PL (4430 S),"$7,320.00",7320.0
20,Street Speed Hump Replacement (2023),ON S ELIZABETH ST FROM W 47TH ST (4700 S) TO W 48TH ST (4800 S),$0.00,0.0
20,Street Speed Hump Replacement (2023),ON S ELLIS AVE FROM E 63RD ST (6300 S) TO E 65TH ST (6500 S),$0.00,0.0
20,Street Speed Hump Replacement (2023),ON S JUSTINE ST FROM W 48TH ST (4800 S) TO W 51ST ST (5100 S),$0.00,0.0
20,Street Speed Hump Replacement (2023),ON S THROOP ST FROM W 47TH ST (4700 S) TO W 48TH ST (4800 S),$0.00,0.0
21,Alley Apron Menu (2023),8801 S UNION AVE,"$31,907.16",31907.16
21,Alley Resurfacing Menu (2023),1637 W 93RD PL; W 93RD ST & S ASHLAND AVE&S BEVERLY AVE & W 93RD PL,"$16,809.87",16809.87
21,Alley Resurfacing Menu (2023),S MARSHFIELD AVE & W 81ST ST&S PAULINA ST & W 82ND ST,"$40,724.53",40724.53
21,Alley Resurfacing Menu (2023),W 88TH ST & S MORGAN ST&S CARPENTER ST & W 89TH ST,"$25,923.20",25923.2
21,Alley Speed Hump Removal Menu (2023),W 88TH ST & S MORGAN ST&S CARPENTER ST & W 89TH ST,$0.00,0.0
21,Alley Speed Hump Replacement (2023),S MARSHFIELD AVE & W 81ST ST&S PAULINA ST & W 82ND ST,$0.00,0.0
21,Concrete Alley Menu (2023),W 92ND ST & S ABERDEEN ST&S VINCENNES AVE & W 92ND PL,"$7,269.57",7269.57
21,Curb & Gutter Menu (2023),1110 W 90TH ST,"$7,324.28",7324.28
21,Curb & Gutter Menu (2023),1342 W 90TH ST,"$17,336.40",17336.4
21,Curb & Gutter Menu (2023),517-521 W 87TH ST S,"$14,680.56",14680.56
21,Curb & Gutter Menu (2023),717 W 87TH ST,"$9,218.91",9218.91
21,Curb & Gutter Menu (2023),8749 S EMERALD AVE,"$7,696.51",7696.51
21,Curb & Gutter Menu (2023),8805 S UNION AVE,"$11,810.89",11810.89
21,Curb & Gutter Menu (2023),8911 S EMERALD AVE,"$5,219.55",5219.55
21,Curb & Gutter Menu (2023),9042 S EMERALD AVE,"$5,259.18",5259.18
21,Curb & Gutter Menu (2023),9132 S MARSHFIELD AVE,"$8,757.77",8757.77
21,Curb & Gutter Menu (2023),9215 S LOOMIS ST,"$10,616.83",10616.83
21,Miscellaneous CDOT Projects (2023),10900 S PARNELL AVE,$660.00,660.0
21,Sidewalk Menu (2023),1222 W 97TH ST,"$11,061.22",11061.22
21,Sidewalk Menu (2023),720 W 118TH ST,"$13,343.71",13343.71
21,Sidewalk Menu (2023),8358 S MAY ST,"$13,310.92",13310.92
21,Sidewalk Menu (2023),8440 S THROOP ST,"$6,213.94",6213.94
21,Sidewalk Menu (2023),8512 S BISHOP ST,"$5,858.08",5858.08
21,Sidewalk Menu (2023),8714 S BISHOP ST,"$8,119.38",8119.38
21,Sidewalk Menu (2023),8745 S ELIZABETH ST,"$6,424.59",6424.59
21,Sidewalk Menu (2023),8749 S ELIZABETH ST,"$6,599.22",6599.22
21,Sidewalk Menu (2023),8801 S LAFLIN ST,"$25,069.59",25069.59
21,Sidewalk Menu (2023),8805 S THROOP ST,"$33,673.36",33673.36
21,Sidewalk Menu (2023),8811 S NORMAL AVE,"$21,601.03",21601.03
21,Sidewalk Menu (2023),8850 S EMERALD AVE,"$3,355.47",3355.47
21,Sidewalk Menu (2023),8913 S HALSTED ST,"$3,196.08",3196.08
21,Sidewalk Menu (2023),8919 S NORMAL AVE,"$11,844.13",11844.13
21,Sidewalk Menu (2023),8935 S CARPENTER ST,"$5,926.38",5926.38
21,Sidewalk Menu (2023),8959 S MARSHFIELD AVE,"$16,044.36",16044.36
21,Sidewalk Menu (2023),9001 S LAFLIN ST,"$49,491.38",49491.38
21,Sidewalk Menu (2023),9056 S MARSHFIELD AVE,"$17,803.27",17803.27
21,Sidewalk Menu (2023),9114 S LOWE AVE,"$5,285.81",5285.81
21,Sidewalk Menu (2023),9123 S EMERALD AVE,"$15,788.68",15788.68
21,Sidewalk Menu (2023),9132 S ABERDEEN ST,"$5,929.25",5929.25
21,Sidewalk Menu (2023),9144 S HALSTED ST; 9142-9160 S HALSTED ST,"$44,879.72",44879.72
21,Sidewalk Menu (2023),9215 S LOOMIS ST,"$5,004.00",5004.0
21,Sidewalk Menu (2023),9257 S MAY ST,"$4,632.09",4632.09
21,Sidewalk Menu (2023),9339 S MAY ST,"$7,858.41",7858.41
21,Sidewalk Menu (2023),9435 S JUSTINE ST,"$13,319.89",13319.89
21,Sidewalk Menu (2023),9442 S THROOP ST,"$2,431.18",2431.18
21,Sidewalk Menu (2023),9530 S VINCENNES AVE,"$17,110.97",17110.97
21,Street Resurfacing Menu (2023),ON S ABERDEEN ST FROM W 87TH ST (8700 S) TO W 88TH ST (8800 S),"$49,528.61",49528.61
21,Street Resurfacing Menu (2023),ON S ADA ST FROM W 85TH ST (8500 S) TO W 86TH ST (8600 S),"$55,626.80",55626.8
21,Street Resurfacing Menu (2023),ON S LOOMIS ST FROM W 95TH ST (9500 S) TO W 97TH ST (9700 S),"$121,528.67",121528.67
21,Street Resurfacing Menu (2023),ON S MARSHFIELD AVE FROM W 91ST ST (9100 S) TO W 93RD ST (9300 S),"$134,313.94",134313.94
21,Street Resurfacing Menu (2023),ON S MORGAN ST FROM W 97TH ST (9700 S) TO W 98TH ST (9800 S),"$54,600.51",54600.51
21,Street Resurfacing Menu (2023),ON S UNION AVE FROM W 88TH ST (8800 S) TO W 89TH ST (8900 S),"$52,676.64",52676.64
21,Street Resurfacing Menu (2023),ON S UNION AVE FROM W 96TH ST (9600 S) TO W 97TH ST (9700 S),"$60,362.93",60362.93
21,Street Resurfacing Menu (2023),ON S WINSTON AVE FROM W 95TH ST (9500 S) TO W 99TH ST (9900 S),"$236,924.96",236924.96
21,Street Resurfacing Menu (2023),ON W 92ND PL FROM S MARSHFIELD AVE (1630 W) TO S BEVERLY AVE (1700 W),"$43,501.96",43501.96
21,Street Resurfacing Menu (2023),ON W 98TH PL FROM S LOOMIS ST (1399 W) TO S THROOP ST (1300 W),"$59,427.93",59427.93
21,Street Speed Hump Menu (2023),ON S NORMAL AVE FROM W 88TH ST (8800 S) TO W 89TH ST (8900 S),"$4,880.00",4880.0
21,Street Speed Hump Menu (2023),ON S SANGAMON ST FROM W 82ND ST (8200 S) TO W 83RD ST (8300 S),$388.33,388.33
21,Street Speed Hump Menu (2023),ON S SANGAMON ST FROM W 86TH ST (8600 S) TO W 87TH ST (8700 S),"$3,472.94",3472.94
21,Street Speed Hump Menu (2023),ON W 87TH ST FROM S UNION AVE (700 W) TO S HALSTED ST (800 W); 700-756 W 87TH ST,"$4,880.00",4880.0
21,Street Speed Hump Menu (2023),ON W 90TH ST FROM S LOOMIS ST (1400 W) TO S LAFLIN ST (1500 W),"$3,656.87",3656.87
21,Street Speed Hump Replacement (2023),ON S ADA ST FROM W 85TH ST (8500 S) TO W 86TH ST (8600 S),$0.00,0.0
21,Street Speed Hump Replacement (2023),ON S WINSTON AVE FROM W 95TH ST (9500 S) TO W 99TH ST (9900 S),$0.00,0.0
21,Street Speed Hump Replacement (2023),ON W 98TH PL FROM S LOOMIS ST (1399 W) TO S THROOP ST (1300 W),$0.00,0.0
22,Alley Apron Menu (2023),2414 S KEDVALE AVE,"$21,256.01",21256.01
22,Alley Apron Menu (2023),4501 S LA CROSSE AVE,"$12,815.66",12815.66
22,Alley Apron Menu (2023),W 25TH ST & S HOMAN AVE&S TRUMBULL AVE & W 26TH ST; 2500 S HOMAN AVE,"$47,466.80",47466.8
22,Alley Apron Menu (2023),W 30TH ST & S KEDVALE AVE&S KEELER AVE & W 31ST ST; 3045 S KEELER AVE,"$59,898.66",59898.66
22,Alley Resurfacing Menu (2023),S HARDING AVE & W 28TH ST&W 30TH ST & S SPRINGFIELD AVE; 2800-2859 S HARDING AVE,"$48,029.01",48029.01
22,Alley Resurfacing Menu (2023),W 25TH ST & S HOMAN AVE&S TRUMBULL AVE & W 26TH ST,"$33,044.60",33044.6
22,Alley Resurfacing Menu (2023),W 25TH ST & S RIDGEWAY AVE&S HAMLIN AVE & W 26TH ST,"$40,784.01",40784.01
22,Alley Resurfacing Menu (2023),W 28TH ST & S KOLIN AVE&S KOSTNER AVE & W 30TH ST,"$36,025.34",36025.34
22,Alley Resurfacing Menu (2023),W 30TH ST & S KEDVALE AVE&S KEELER AVE & W 31ST ST,"$43,548.45",43548.45
22,Alley Resurfacing Menu (2023),W CERMAK RD & S HAMLIN AVE; W CERMAK RD & S AVERS AVE,"$43,239.44",43239.44
22,Alley Resurfacing Menu (2023),W CERMAK RD & S KOSTNER AVE&S KENNETH AVE & W OGDEN AVE,"$93,105.87",93105.87
22,Alley Speed Hump Menu (2023),S KARLOV AVE & W 26TH ST&W 27TH ST & S KOMENSKY AVE,$725.00,725.0
22,Alley Speed Hump Menu (2023),S KILDARE AVE & W 28TH ST&W 30TH ST & S TRIPP AVE,"$2,900.00",2900.0
22,Alley Speed Hump Replacement (2023),S HARDING AVE & W 28TH ST&W 30TH ST & S SPRINGFIELD AVE; 2800-2859 S HARDING AVE,$0.00,0.0
22,Alley Speed Hump Replacement (2023),W 25TH ST & S HOMAN AVE&S TRUMBULL AVE & W 26TH ST,$0.00,0.0
22,Alley Speed Hump Replacement (2023),W 25TH ST & S RIDGEWAY AVE&S HAMLIN AVE & W 26TH ST,$0.00,0.0
22,Alley Speed Hump Replacement (2023),W 28TH ST & S KOLIN AVE&S KOSTNER AVE & W 30TH ST,$0.00,0.0
22,Alley Speed Hump Replacement (2023),W 30TH ST & S KEDVALE AVE&S KEELER AVE & W 31ST ST,$0.00,0.0
22,Alley Speed Hump Replacement (2023),W CERMAK RD & S HAMLIN AVE; W CERMAK RD & S AVERS AVE,$0.00,0.0
22,Alley Speed Hump Replacement (2023),W CERMAK RD & S KOSTNER AVE&S KENNETH AVE & W OGDEN AVE,$0.00,0.0
22,Arterial Street Bump Outs Menu (2023),2701 S KOSTNER AVE; S KOSTNER AVE & W 27TH ST; ON S KOSTNER AVE FROM W 26TH ST (2600 S) TO W 31ST ST (3100 S),"$18,903.73",18903.73
22,Arterial Street Bump Outs Menu (2023),W CERMAK RD & S KENNETH AVE,"$50,000.00",50000.0
22,Community Garden located at 3435 W 23rd Street,3435 W 23RD ST,"$39,500.00",39500.0
22,Curb & Gutter Menu (2023),2237 S CHRISTIANA AVE,"$48,851.79",48851.79
22,Curb & Gutter Menu (2023),2245 S KEELER AVE,"$79,110.10",79110.1
22,Diagonal Parking Menu (2023),ON W 25TH PL FROM S PULASKI RD (4000 W) TO S KARLOV AVE (4100 W),"$54,918.30",54918.3
22,Miscellaneous CDOT Projects (2023),2800 S MILLARD AVE,$660.00,660.0
22,Miscellaneous CDOT Projects (2023),3103 S KOMENSKY AVE,$660.00,660.0
22,Pavement Markings Menu (2023),3251-3500 S KEDZIE AVE; 3350 S KEDZIE AVE,"$19,000.00",19000.0
22,Pavement Markings Menu (2023),W CERMAK RD & S LAWNDALE AVE,"$8,750.00",8750.0
22,Sidewalk Menu (2023),2637 S AVERS AVE,"$3,943.36",3943.36
22,Sidewalk Menu (2023),2659 S ST LOUIS AVE,"$1,089.61",1089.61
22,Sidewalk Menu (2023),2711 S MILLARD AVE,"$2,955.96",2955.96
22,Sidewalk Menu (2023),2741 S MILLARD AVE,"$1,264.12",1264.12
22,Sidewalk Menu (2023),2744 S SPRINGFIELD AVE,"$1,709.73",1709.73
22,Sidewalk Menu (2023),3037 S KOMENSKY AVE,"$4,331.72",4331.72
22,Sidewalk Menu (2023),3109 S RIDGEWAY AVE,"$3,407.75",3407.75
22,Sidewalk Menu (2023),3226 S KEDVALE AVE,"$1,916.52",1916.52
22,Sidewalk Menu (2023),3350 S KEDZIE AVE,"$60,000.00",60000.0
22,Sidewalk Menu (2023),4221-4231 W 25TH PL,"$17,462.87",17462.87
22,Sidewalk Menu (2023),4316 S KILPATRICK AVE,$511.33,511.33
22,Street Bump Outs Menu (2023),4400 S KNOX AVE; S KNOX AVE & W 44TH ST,$618.83,618.83
22,Street Bump Outs Menu (2023),S KARLOV AVE & W 25TH PL,"$12,349.11",12349.11
22,Street Bump Outs Menu (2023),S KNOX AVE & W 46TH ST; 4600 S KNOX AVE,$805.86,805.86
22,Street Light Upgrade Menu (2023),4182 W OGDEN AVE,$500.00,500.0
22,Street Light Upgrade Menu (2023),4536 S LAPORTE AVE; 4518 S LAPORTE AVE,"$1,000.00",1000.0
22,Street Light Upgrade Menu (2023),4940 S LECLAIRE AVE,$500.00,500.0
22,Street Resurfacing Menu (2023),ON S AVERS AVE FROM 2300 S TO W 24TH ST (2400 S),"$47,301.32",47301.32
22,Street Resurfacing Menu (2023),ON S HOMAN AVE FROM W 25TH ST (2500 S) TO W 26TH ST (2600 S),"$51,790.16",51790.16
22,Street Resurfacing Menu (2023),ON S KOLIN AVE FROM W 31ST ST (3100 S) TO W 32ND ST (3200 S),"$80,527.14",80527.14
22,Street Resurfacing Menu (2023),ON S LECLAIRE AVE FROM W 48TH ST (4800 S) TO W 49TH ST (4900 S),"$54,080.20",54080.2
22,Street Resurfacing Menu (2023),ON S SPRINGFIELD AVE FROM 2305 S TO W CERMAK RD (2200 S),"$46,622.89",46622.89
22,Street Resurfacing Menu (2023),ON S TRUMBULL AVE FROM W 23RD ST (2300 S) TO W 25TH ST (2500 S),"$107,645.37",107645.37
22,Street Speed Hump Menu (2023),ON S CHRISTIANA AVE FROM W CERMAK RD (2200 S) TO W 23RD ST (2300 S),"$4,880.00",4880.0
22,Street Speed Hump Menu (2023),ON S HARDING AVE FROM W 30TH ST (3000 S) TO W 31ST ST (3100 S),"$4,880.00",4880.0
22,Street Speed Hump Menu (2023),ON S KARLOV AVE FROM W 28TH ST (2800 S) TO W 30TH ST (3000 S),"$4,880.00",4880.0
22,Street Speed Hump Menu (2023),ON S KEDVALE AVE FROM W 28TH ST (2800 S) TO W 30TH ST (3000 S); 2837 S KEDVALE AVE,"$2,440.00",2440.0
22,Street Speed Hump Menu (2023),ON S KEELER AVE FROM W 26TH ST (2600 S) TO W 27TH ST (2700 S),"$4,880.00",4880.0
22,Street Speed Hump Menu (2023),ON S KEELER AVE FROM W 31ST ST (3100 S) TO W 32ND ST (3200 S),"$9,760.00",9760.0
22,Street Speed Hump Menu (2023),ON S KILPATRICK AVE FROM W 47TH ST (4700 S) TO W 48TH ST (4800 S),"$4,880.00",4880.0
22,Street Speed Hump Menu (2023),ON S KNOX AVE FROM W 44TH ST (4400 S) TO W 45TH ST (4500 S),"$4,880.00",4880.0
22,Street Speed Hump Menu (2023),ON S KNOX AVE FROM W 46TH ST (4600 S) TO W 47TH ST (4700 S),"$2,440.00",2440.0
22,Street Speed Hump Menu (2023),ON S LAMON AVE FROM W 48TH ST (4800 S) TO W 49TH ST (4900 S),"$4,880.00",4880.0
22,Street Speed Hump Menu (2023),ON W 43RD ST FROM S KILPATRICK AVE (4700 W) TO S CICERO AVE (4799 W),"$4,880.00",4880.0
22,Street Speed Hump Replacement (2023),ON S AVERS AVE FROM 2300 S TO W 24TH ST (2400 S),$0.00,0.0
22,Street Traffic Circle Menu (2023),4600 S KEATING AVE; S KEATING AVE & W 46TH ST,"$4,948.64",4948.64
23,Alley Apron Menu (2023),3701 W 60TH ST; 3700 W 60TH PL,"$29,493.88",29493.88
23,Alley Apron Menu (2023),5056 S LEAMINGTON AVE,"$23,717.40",23717.4
23,Alley Apron Menu (2023),5158 S NAGLE AVE; 5157 S NATCHEZ AVE,"$18,002.34",18002.34
23,Alley Apron Menu (2023),5200 S LAWNDALE AVE; 5201 S RIDGEWAY AVE,"$20,722.07",20722.07
23,Alley Speed Hump Menu (2023),3904 W 62ND PL,$725.00,725.0
23,Alley Speed Hump Menu (2023),5254 S KNOX AVE,$725.00,725.0
23,Alley Speed Hump Menu (2023),S KENNETH AVE & W 68TH ST&W 68TH ST & S KILBOURN AVE; 6834 S KENNETH AVE,$725.00,725.0
23,Alley Speed Hump Menu (2023),S KENNETH AVE & W MARQUETTE RD&W 68TH ST & S KOSTNER AVE,"$1,450.00",1450.0
23,Alley Speed Hump Menu (2023),W 51ST ST & S AVERS AVE&S SPRINGFIELD AVE & W 52ND ST,"$3,625.00",3625.0
23,Alley Speed Hump Menu (2023),W 54TH ST & S KARLOV AVE&S KEDVALE AVE & W 55TH ST,"$1,450.00",1450.0
23,Alley Speed Hump Menu (2023),W 54TH ST & S KEELER AVE&S KEDVALE AVE & W 55TH ST,"$2,175.00",2175.0
23,Alley Speed Hump Menu (2023),W 66TH ST & S PULASKI RD&S SPRINGFIELD AVE & W 66TH PL,"$1,450.00",1450.0
23,Bollard Menu (2023),5416 S MENARD AVE,"$4,622.74",4622.74
23,Curb & Gutter Menu (2023),3718 W 60TH PL,"$4,873.05",4873.05
23,Curb & Gutter Menu (2023),5118 S RIDGEWAY AVE,"$3,645.23",3645.23
23,Curb & Gutter Menu (2023),5125 S NORDICA AVE,"$3,620.29",3620.29
23,Curb & Gutter Menu (2023),5233 S HARDING AVE,"$2,330.35",2330.35
23,Curb & Gutter Menu (2023),5316 S NEWCASTLE AVE,"$17,384.40",17384.4
23,Curb & Gutter Menu (2023),5422 S NEWCASTLE AVE,"$4,441.80",4441.8
23,Miscellaneous CDOT Projects (2023),6801 S KILDARE AVE,$660.00,660.0
23,Mural at Viaduct on West 63rd Street and South Central,W 63RD ST & S CENTRAL PARK AVE,"$100,000.00",100000.0
23,Park Pavement Markings Menu (2023),ON S PULASKI RD FROM W 75TH PL (7520 S) TO W 76TH ST (7600 S),"$3,500.00",3500.0
23,Pavement Markings Menu (2023),ON W 55TH ST FROM S AUSTIN AVE (6000 W) TO S ARCHER AVE (6360 W),"$19,000.00",19000.0
23,Sidewalk Menu (2023),3807 W 60TH ST,"$4,024.32",4024.32
23,Sidewalk Menu (2023),3810 W 69TH PL,"$3,156.45",3156.45
23,Sidewalk Menu (2023),3843 W 63RD ST,"$42,415.81",42415.81
23,Sidewalk Menu (2023),3852 W 62ND ST,"$4,751.82",4751.82
23,Sidewalk Menu (2023),3919 W 62ND PL,$591.46,591.46
23,Sidewalk Menu (2023),3925-3929 W 62ND ST,"$5,164.29",5164.29
23,Sidewalk Menu (2023),5001 S LA CROSSE AVE,"$11,940.44",11940.44
23,Sidewalk Menu (2023),5056 S LEAMINGTON AVE,"$4,209.84",4209.84
23,Sidewalk Menu (2023),5140 S MASSASOIT AVE,"$2,883.58",2883.58
23,Sidewalk Menu (2023),5150 S LINDER AVE,"$2,119.54",2119.54
23,Sidewalk Menu (2023),5200 S LARAMIE AVE,"$2,207.15",2207.15
23,Sidewalk Menu (2023),5201 S LOCKWOOD AVE,"$13,447.69",13447.69
23,Sidewalk Menu (2023),5201 S NASHVILLE AVE,"$3,077.76",3077.76
23,Sidewalk Menu (2023),5204 S MEADE AVE,"$2,495.22",2495.22
23,Sidewalk Menu (2023),5230 S NEVA AVE,"$3,014.46",3014.46
23,Sidewalk Menu (2023),5231 S NATOMA AVE,$581.36,581.36
23,Sidewalk Menu (2023),5244-5248 S RUTHERFORD AVE,"$1,448.14",1448.14
23,Sidewalk Menu (2023),5300 S MCVICKER AVE,"$5,835.69",5835.69
23,Sidewalk Menu (2023),5302 S MCVICKER AVE,"$1,700.82",1700.82
23,Sidewalk Menu (2023),5317 S KOSTNER AVE,$427.54,427.54
23,Sidewalk Menu (2023),5318 S MEADE AVE,"$1,214.88",1214.88
23,Sidewalk Menu (2023),5320 S AVERS AVE,$557.20,557.2
23,Sidewalk Menu (2023),5325 S NEVA AVE,"$1,232.44",1232.44
23,Sidewalk Menu (2023),5349 S SAYRE AVE,"$2,427.94",2427.94
23,Sidewalk Menu (2023),5400 S MOBILE AVE,$581.36,581.36
23,Sidewalk Menu (2023),5401 S AVERS AVE,"$12,262.34",12262.34
23,Sidewalk Menu (2023),6722 S KOMENSKY AVE,"$3,850.72",3850.72
23,Sidewalk Menu (2023),6730 S KOLIN AVE,"$4,158.18",4158.18
23,Sidewalk Menu (2023),6800 S KARLOV AVE,"$15,142.18",15142.18
23,Sidewalk Menu (2023),6811 S KENNETH AVE,"$1,105.47",1105.47
23,Sidewalk Menu (2023),7150 S MILLARD AVE,"$1,800.98",1800.98
23,Sidewalk Menu (2023),7230 S CENTRAL PARK AVE,"$2,325.14",2325.14
23,Sidewalk Menu (2023),7256 S HAMLIN AVE,"$2,587.92",2587.92
23,Sidewalk Menu (2023),ON W 62ND PL FROM S HAMLIN AVE (3800 W) TO S SPRINGFIELD AVE (3900 W),"$96,574.40",96574.4
23,Street Bump Outs Menu (2023),5101 S MULLIGAN AVE; 5100 S MULLIGAN AVE,"$16,000.00",16000.0
23,Street Bump Outs Menu (2023),5101 S NAGLE AVE; 5100 S NAGLE AVE,"$16,000.00",16000.0
23,Street Bump Outs Menu (2023),5319 S MASSASOIT AVE; 5320 S MASSASOIT AVE,"$16,000.00",16000.0
23,Street Light Upgrade Menu (2023),5122 S NASHVILLE AVE,$500.00,500.0
23,Street Light Upgrade Menu (2023),5421 S MELVINA AVE,$500.00,500.0
23,Street Resurfacing Menu (2023),3554-3600 W 65TH ST; W 65TH ST & S CENTRAL PARK AVE,"$12,125.47",12125.47
23,Street Resurfacing Menu (2023),ON S CENTRAL PARK AVE FROM W 65TH ST (6500 S) TO W 65TH PL (6530 S),"$12,888.75",12888.75
23,Street Resurfacing Menu (2023),ON S CENTRAL PARK AVE FROM W 72ND ST (7200 S) TO W 73RD ST (7300 S),"$52,383.67",52383.67
23,Street Resurfacing Menu (2023),ON S HAMLIN AVE FROM W 53RD ST (5300 S) TO W 55TH ST (5500 S),"$108,982.46",108982.46
23,Street Resurfacing Menu (2023),ON S HAMLIN AVE FROM W 62ND ST (6200 S) TO W 62ND PL (6230 S),"$39,071.39",39071.39
23,Street Resurfacing Menu (2023),ON S KENNETH AVE FROM 6849 S TO W 68TH ST (6800 S),"$45,123.91",45123.91
23,Street Resurfacing Menu (2023),ON S LAWNDALE AVE FROM W 61ST ST (6100 S) TO W 61ST PL (6130 S),"$28,907.17",28907.17
23,Street Resurfacing Menu (2023),ON S MERRIMAC AVE FROM W 52ND ST (5200 S) TO W 53RD ST (5300 S),"$55,254.58",55254.58
23,Street Resurfacing Menu (2023),ON S MOBILE AVE FROM W 52ND ST (5200 S) TO W 53RD ST (5300 S),"$55,460.10",55460.1
23,Street Resurfacing Menu (2023),ON S MOBILE AVE FROM W 53RD ST (5300 S) TO W 54TH ST (5400 S),"$53,661.21",53661.21
23,Street Resurfacing Menu (2023),ON S MULLIGAN AVE FROM W 52ND ST (5200 S) TO W 53RD ST (5300 S),"$60,245.69",60245.69
23,Street Resurfacing Menu (2023),ON S NASHVILLE AVE FROM W 54TH ST (5400 S) TO W ARCHER AVE (5500 S),"$55,779.07",55779.07
23,Street Resurfacing Menu (2023),ON S OAK PARK AVE FROM W 54TH ST (5399 S) TO W ARCHER AVE (5500 S),"$56,513.06",56513.06
23,Street Resurfacing Menu (2023),ON S SPRINGFIELD AVE FROM W 57TH PL (5730 S) TO W 58TH ST (5800 S),"$26,485.43",26485.43
23,Street Resurfacing Menu (2023),ON W 61ST ST FROM S SPRINGFIELD AVE (3900 W) TO S PULASKI RD (4000 W),"$57,662.06",57662.06
23,Street Resurfacing Menu (2023),ON W 62ND PL FROM S HAMLIN AVE (3800 W) TO S SPRINGFIELD AVE (3900 W),"$60,453.49",60453.49
23,Street Resurfacing Menu (2023),ON W 64TH PL FROM S CENTRAL PARK AVE (3600 W) TO S LAWNDALE AVE (3700 W),"$52,142.47",52142.47
23,Street Resurfacing Menu (2023),ON W 64TH ST FROM 3604 W TO S CENTRAL PARK AVE (3560 W),"$11,274.05",11274.05
23,Street Speed Hump Menu (2023),ON S AVERS AVE FROM W 54TH ST (5400 S) TO W 55TH ST (5500 S),"$4,880.00",4880.0
23,Street Speed Hump Menu (2023),ON S KEDVALE AVE FROM W 54TH ST (5400 S) TO W 55TH ST (5500 S),"$4,880.00",4880.0
23,Street Speed Hump Menu (2023),ON S KOSTNER AVE FROM W MARQUETTE RD (6700 S) TO W 68TH ST (6800 S),"$4,880.00",4880.0
23,Street Speed Hump Menu (2023),ON S LAWNDALE AVE FROM W 61ST ST (6100 S) TO W 63RD ST (6300 S),"$9,760.00",9760.0
23,Street Speed Hump Menu (2023),ON S SPRINGFIELD AVE FROM W 60TH ST (6000 S) TO W 60TH PL (6030 S),"$2,440.00",2440.0
23,Street Speed Hump Menu (2023),ON W 54TH ST FROM S PULASKI RD (4000 W) TO S KEELER AVE (4200 W),"$9,760.00",9760.0
23,Street Speed Hump Menu (2023),ON W 56TH ST FROM S LAWNDALE AVE (3700 W) TO S HAMLIN AVE (3800 W),"$4,880.00",4880.0
23,Street Speed Hump Menu (2023),ON W 58TH ST FROM S HAMLIN AVE (3800 W) TO S SPRINGFIELD AVE (3900 W),"$4,880.00",4880.0
23,Street Speed Hump Menu (2023),ON W 61ST ST FROM S SPRINGFIELD AVE (3900 W) TO S PULASKI RD (4000 W),"$4,880.00",4880.0
23,Street Speed Hump Menu (2023),ON W 62ND ST FROM S HOMAN AVE (3400 W) TO S ST LOUIS AVE (3500 W),"$4,880.00",4880.0
23,Street Speed Hump Menu (2023),ON W 69TH PL FROM S LAWNDALE AVE (3700 W) TO S HAMLIN AVE (3800 W),"$4,880.00",4880.0
23,Street Speed Hump Replacement (2023),ON S CENTRAL PARK AVE FROM W 72ND ST (7200 S) TO W 73RD ST (7300 S),$0.00,0.0
23,Street Speed Hump Replacement (2023),ON S HAMLIN AVE FROM W 62ND ST (6200 S) TO W 62ND PL (6230 S),$0.00,0.0
23,Street Speed Hump Replacement (2023),ON S SPRINGFIELD AVE FROM W 57TH PL (5730 S) TO W 58TH ST (5800 S),$0.00,0.0
23,Street Speed Hump Replacement (2023),ON W 62ND PL FROM S HAMLIN AVE (3800 W) TO S SPRINGFIELD AVE (3900 W),$0.00,0.0
23,Street Traffic Circle Menu (2023),W 62ND PL & S SPRINGFIELD AVE,"$2,061.42",2061.42
24,Alley Apron Menu (2023),1433-1435 S HAMLIN AVE,"$14,252.60",14252.6
24,Alley Resurfacing Menu (2023),3254 W FLOURNOY ST; W FLOURNOY ST & S SPAULDING AVE&S KEDZIE AVE & W HARRISON ST,"$38,114.60",38114.6
24,Alley Resurfacing Menu (2023),S KEDZIE AVE & W DOUGLAS BLVD&W 13TH ST & S SAWYER AVE,"$50,596.07",50596.07
24,Alley Resurfacing Menu (2023),S SPRINGFIELD AVE & W 16TH ST&W 18TH ST & S HARDING AVE,"$24,282.15",24282.15
24,Alley Resurfacing Menu (2023),S SPRINGFIELD AVE & W FLOURNOY ST&S INDEPENDENCE BLVD & W LEXINGTON ST,$950.00,950.0
24,Alley Speed Hump Menu (2023),S INDEPENDENCE BLVD & W POLK ST&W LEXINGTON ST & S SPRINGFIELD AVE; 3818 W POLK ST,"$4,350.00",4350.0
24,Alley Speed Hump Menu (2023),W 16TH ST & S LAWNDALE AVE&S MILLARD AVE & W OGDEN AVE,$249.56,249.56
24,Alley Speed Hump Replacement (2023),S SPRINGFIELD AVE & W 16TH ST&W 18TH ST & S HARDING AVE,$0.00,0.0
24,Arterial Street Bump Outs Menu (2023),W 21ST ST & S PULASKI RD,"$160,000.00",160000.0
24,Miscellaneous CDOT Projects (2023),1140 S KILDARE AVE,$660.00,660.0
24,Miscellaneous CDOT Projects (2023),1158 S KEELER AVE,"$37,000.00",37000.0
24,Miscellaneous CDOT Projects (2023),1239 S TROY ST; 1249 S TROY ST; 1257 S TROY ST; 1229 S TROY ST; 1237 S TROY ST; 1245 S TROY ST; 1247 S TROY ST; 1255 S TROY ST,$600.00,600.0
24,Miscellaneous CDOT Projects (2023),1664 S CHRISTIANA AVE,$150.00,150.0
24,Miscellaneous CDOT Projects (2023),1801 S HOMAN AVE,$150.00,150.0
24,Miscellaneous CDOT Projects (2023),1819 S TRUMBULL AVE,$150.00,150.0
24,Miscellaneous CDOT Projects (2023),3412 W OGDEN AVE; 3418 W OGDEN AVE; 3400 W OGDEN AVE; 3408 W OGDEN AVE; 3414 W OGDEN AVE,$300.00,300.0
24,Miscellaneous CDOT Projects (2023),3712 W ROOSEVELT RD,$150.00,150.0
24,Sidewalk Menu (2023),1401-1459 S KOLIN AVE,"$117,272.31",117272.31
24,Sidewalk Menu (2023),2149 S DRAKE AVE,"$60,000.00",60000.0
24,Sidewalk Menu (2023),3615 W ROOSEVELT RD,"$22,843.51",22843.51
24,Sidewalk Menu (2023),4628-4634 W VAN BUREN ST,"$9,179.76",9179.76
24,Sidewalk Menu (2023),4706-4742 W FLOURNOY ST,"$52,696.43",52696.43
24,Sidewalk Menu (2023),600 S TRIPP AVE,"$28,029.81",28029.81
24,Sidewalk Menu (2023),812 S KEELER AVE,"$4,070.58",4070.58
24,Sidewalk Menu (2023),ON W 13TH PL FROM 3543 W TO S CENTRAL PARK AVE (3600 W),"$12,098.98",12098.98
24,Sidewalk Menu (2023),ON W 14TH ST FROM S KEELER AVE (4200 W) TO S TRIPP AVE (4230 W),"$32,699.92",32699.92
24,Speed Indicator Signs (2023),W 23RD ST & S MARSHALL BLVD; W 24TH BLVD & S CALIFORNIA AVE,"$28,000.00",28000.0
24,Street Resurfacing Menu (2023),1600-1800 S WASHTENAW AVE,"$70,019.56",70019.56
24,Street Resurfacing Menu (2023),3400-3560 W ARTHINGTON ST; ON W ARTHINGTON ST FROM S HOMAN AVE (3400 W) TO S CENTRAL PARK AVE (3600 W),"$147,748.41",147748.41
24,Street Resurfacing Menu (2023),ON S HAMLIN AVE FROM W 16TH ST (1600 S) TO W 19TH ST (1900 S),"$132,029.78",132029.78
24,Street Resurfacing Menu (2023),ON S KILPATRICK AVE FROM W CONGRESS PKWY (500 S) TO W HARRISON ST (600 S),"$31,780.25",31780.25
24,Street Resurfacing Menu (2023),ON S KOMENSKY AVE FROM W 18TH ST (1800 S) TO W 19TH ST (1900 S),"$69,294.74",69294.74
24,Street Resurfacing Menu (2023),ON S TROY ST FROM W 19TH ST (1900 S) TO W 21ST ST (2000 S),"$60,134.58",60134.58
24,Street Resurfacing Menu (2023),ON W 15TH PL FROM S ALBANY AVE (3100 W) TO S KEDZIE AVE (3200 W),"$53,933.40",53933.4
24,Street Resurfacing Menu (2023),ON W 15TH ST FROM S KOLIN AVE (4330 W) TO S KOSTNER AVE (4400 W),"$20,786.53",20786.53
24,Street Resurfacing Menu (2023),ON W ARTHINGTON ST FROM S SPRINGFIELD AVE (3900 W) TO S PULASKI RD (4000 W),"$61,837.43",61837.43
24,Street Resurfacing Menu (2023),ON W FLOURNOY ST FROM S INDEPENDENCE BLVD (3800 W) TO S PULASKI RD (4000 W),"$104,985.52",104985.52
24,Street Speed Hump Menu (2023),ON S KEDVALE AVE FROM W 16TH ST (1600 S) TO W 18TH ST (1700 S),"$4,880.00",4880.0
24,Street Speed Hump Menu (2023),ON S LAWNDALE AVE FROM W 18TH ST (1800 S) TO W 19TH ST (1900 S),"$4,880.00",4880.0
24,Street Speed Hump Menu (2023),ON S SPAULDING AVE FROM W 15TH ST (1500 S) TO W 16TH ST (1600 S); 1500 S SPAULDING AVE,"$4,880.00",4880.0
24,Street Speed Hump Menu (2023),ON S ST LOUIS AVE FROM W ROOSEVELT RD (1200 S) TO W 13TH PL (1300 S),"$4,880.00",4880.0
24,Street Speed Hump Menu (2023),ON S TROY ST FROM W 19TH ST (1900 S) TO W 21ST ST (2000 S),$0.00,0.0
24,Street Speed Hump Menu (2023),ON W FIFTH AVE FROM S KOSTNER AVE (4400 W) TO S CICERO AVE (4800 W),"$7,123.51",7123.51
24,Street Speed Hump Menu (2023),ON W GRENSHAW ST FROM S PULASKI RD (4000 W) TO S KARLOV AVE (4100 W),"$4,880.00",4880.0
24,Street Speed Hump Menu (2023),ON W HARRISON ST FROM S PULASKI RD (4000 W) TO S KEDVALE AVE (4130 W); 4000-4100 W HARRISON ST,"$7,320.00",7320.0
24,Street Speed Hump Menu (2023),ON W POLK ST FROM S LAVERGNE AVE (5000 W) TO S LEAMINGTON AVE (5100 W),"$9,760.00",9760.0
24,Street Speed Hump Replacement (2023),3400-3560 W ARTHINGTON ST; ON W ARTHINGTON ST FROM S HOMAN AVE (3400 W) TO S CENTRAL PARK AVE (3600 W),$0.00,0.0
24,Street Speed Hump Replacement (2023),ON S HAMLIN AVE FROM W 16TH ST (1600 S) TO W 19TH ST (1900 S),$0.00,0.0
24,Street Speed Hump Replacement (2023),ON S KOMENSKY AVE FROM W 18TH ST (1800 S) TO W 19TH ST (1900 S),$0.00,0.0
24,Street Speed Hump Replacement (2023),ON W ARTHINGTON ST FROM S SPRINGFIELD AVE (3900 W) TO S PULASKI RD (4000 W),$0.00,0.0
25,Alley Apron Menu (2023),1819 S CARPENTER ST,"$40,259.44",40259.44
25,Alley Apron Menu (2023),1913 S SHELBY CT,"$15,797.62",15797.62
25,Alley Apron Menu (2023),1931 S SHELBY CT,"$21,349.31",21349.31
25,Alley Resurfacing Menu (2023),2345 W 23RD ST; W 23RD PL & S WESTERN AVE&S OAKLEY AVE & W 23RD ST,"$35,436.43",35436.43
25,Alley Resurfacing Menu (2023),S ALLPORT ST & W 18TH ST&W 19TH ST & S THROOP ST,"$36,025.34",36025.34
25,Alley Resurfacing Menu (2023),S ASHLAND AVE & W 18TH ST&W 18TH PL & S PAULINA ST,"$52,267.03",52267.03
25,Alley Resurfacing Menu (2023),S WOOD ST & W 19TH ST&W CULLERTON ST & S WOLCOTT AVE,"$43,027.78",43027.78
25,Alley Resurfacing Menu (2023),W 18TH PL & S OAKLEY AVE&S WESTERN AVE & W 18TH PL,"$39,101.09",39101.09
25,Alley Resurfacing Menu (2023),W 18TH ST & S MAY ST&S RACINE AVE & W 19TH ST,"$61,206.92",61206.92
25,Alley Resurfacing Menu (2023),W 19TH ST & S ASHLAND AVE&S PAULINA ST & W CULLERTON ST,"$22,766.18",22766.18
25,Alley Resurfacing Menu (2023),W 19TH ST & S WOLCOTT AVE&S DAMEN AVE & W CULLERTON ST; 1927 W 19TH ST,"$42,792.54",42792.54
25,Alley Resurfacing Menu (2023),W 21ST ST & S WOLCOTT AVE&S DAMEN AVE & W 21ST PL; 1941 W 21ST ST,"$41,589.74",41589.74
25,Alley Speed Hump Replacement (2023),S ALLPORT ST & W 18TH ST&W 19TH ST & S THROOP ST,$0.00,0.0
25,Alley Speed Hump Replacement (2023),W 18TH PL & S OAKLEY AVE&S WESTERN AVE & W 18TH PL,$0.00,0.0
25,Alley Speed Hump Replacement (2023),W 18TH ST & S MAY ST&S RACINE AVE & W 19TH ST,$0.00,0.0
25,Alley Speed Hump Replacement (2023),W 19TH ST & S WOLCOTT AVE&S DAMEN AVE & W CULLERTON ST; 1927 W 19TH ST,$0.00,0.0
25,Alley Speed Hump Replacement (2023),W 21ST ST & S WOLCOTT AVE&S DAMEN AVE & W 21ST PL; 1941 W 21ST ST,$0.00,0.0
25,Arterial Street Bump Outs Menu (2023),S CALIFORNIA AVE & W 18TH ST,"$50,000.00",50000.0
25,Arterial Street Bump Outs Menu (2023),S RACINE AVE & W CULLERTON ST,"$32,530.18",32530.18
25,Bollard Menu (2023),2429 S OAKLEY AVE,"$27,000.00",27000.0
25,Curb & Gutter Menu (2023),1037 W 19TH ST,"$66,771.00",66771.0
25,Curb & Gutter Menu (2023),2059 W 22ND PL,"$19,061.17",19061.17
25,Curb & Gutter Menu (2023),ON W 17TH ST FROM S WOLCOTT AVE (1900 W) TO S DAMEN AVE (2000 W),"$142,203.08",142203.08
25,Miscellaneous CDOT Projects (2023),1358 S MORGAN ST,$660.00,660.0
25,Miscellaneous CDOT Projects (2023),W 17TH ST & S HALSTED ST,$660.00,660.0
25,Pavement Markings Menu (2023),W CERMAK RD & S HOYNE AVE,"$30,000.00",30000.0
25,Sidewalk Menu (2023),1126 W 17TH ST,"$4,600.02",4600.02
25,Sidewalk Menu (2023),1130 W 18TH ST,"$2,561.07",2561.07
25,Sidewalk Menu (2023),1524 S PEORIA ST,"$6,047.18",6047.18
25,Sidewalk Menu (2023),1532 W CULLERTON ST,"$6,971.04",6971.04
25,Sidewalk Menu (2023),1643 W 19TH ST,"$9,921.05",9921.05
25,Sidewalk Menu (2023),1751 W 21ST ST,"$4,544.11",4544.11
25,Sidewalk Menu (2023),1803 W 21ST PL,"$6,626.17",6626.17
25,Sidewalk Menu (2023),1830 W 18TH ST,"$3,164.34",3164.34
25,Sidewalk Menu (2023),1830 W CERMAK RD,"$2,745.13",2745.13
25,Sidewalk Menu (2023),1842 S RACINE AVE,"$4,922.30",4922.3
25,Sidewalk Menu (2023),1913-1915 S SHELBY CT,"$12,048.44",12048.44
25,Sidewalk Menu (2023),1925-1927 S SHELBY CT,"$12,438.70",12438.7
25,Sidewalk Menu (2023),1950 W 19TH ST,"$19,423.27",19423.27
25,Sidewalk Menu (2023),1950 W 21ST PL,"$9,406.12",9406.12
25,Sidewalk Menu (2023),2000 W 21ST PL,"$2,636.95",2636.95
25,Sidewalk Menu (2023),2102 W 22ND PL,"$11,943.82",11943.82
25,Sidewalk Menu (2023),2104-2106 S OAKLEY AVE,"$12,668.93",12668.93
25,Sidewalk Menu (2023),2126 W CULLERTON ST,"$17,434.35",17434.35
25,Sidewalk Menu (2023),2133 W CULLERTON ST,"$7,158.82",7158.82
25,Sidewalk Menu (2023),2138 W CERMAK RD,"$3,599.32",3599.32
25,Sidewalk Menu (2023),2148 W 23RD ST,"$6,503.74",6503.74
25,Sidewalk Menu (2023),2155 W 22ND PL,"$9,381.34",9381.34
25,Sidewalk Menu (2023),2211 W 18TH PL; 2219 W 18TH PL,"$40,831.65",40831.65
25,Sidewalk Menu (2023),2218 W 23RD ST,"$7,028.15",7028.15
25,Sidewalk Menu (2023),2222 W CULLERTON ST,"$10,375.91",10375.91
25,Sidewalk Menu (2023),2241 W 23RD PL,"$9,967.67",9967.67
25,Sidewalk Menu (2023),2251 W 21ST ST,"$3,718.04",3718.04
25,Sidewalk Menu (2023),2253 W 21ST PL,"$9,897.34",9897.34
25,Sidewalk Menu (2023),2259 W 21ST PL,"$19,974.10",19974.1
25,Sidewalk Menu (2023),2314-2330 W 23RD PL,"$26,718.61",26718.61
25,Sidewalk Menu (2023),2314 S SEELEY AVE,"$5,799.87",5799.87
25,Sidewalk Menu (2023),2339 W 22ND PL,"$5,346.67",5346.67
25,Sidewalk Menu (2023),2343 W 22ND PL,"$9,009.93",9009.93
25,Sidewalk Menu (2023),950 W 19TH ST,"$4,643.67",4643.67
25,Street Light Upgrade Menu (2023),2107 S ASHLAND AVE; S ASHLAND AVE & W 21ST ST&W CERMAK RD & S BLUE ISLAND AVE; ON S ASHLAND AVE FROM W 21ST ST (2100 S) TO S BLUE ISLAND AVE (2200 S),$500.00,500.0
25,Street Resurfacing Menu (2023),ON S WHIPPLE ST FROM W 24TH ST (2400 S) TO W 25TH ST (2500 S),"$67,256.30",67256.3
25,Street Resurfacing Menu (2023),ON W 17TH ST FROM S WOLCOTT AVE (1900 W) TO S DAMEN AVE (2000 W),"$77,796.92",77796.92
25,Street Resurfacing Menu (2023),ON W 19TH ST FROM S ROCKWELL ST (2600 W) TO S WASHTENAW AVE (2700 W),"$60,245.69",60245.69
25,Street Resurfacing Menu (2023),ON W 23RD PL FROM S ROCKWELL ST (2600 W) TO S CALIFORNIA AVE (2800 W),"$116,798.41",116798.41
25,Street Speed Hump Menu (2023),ON S PAULINA ST FROM W 16TH ST (1600 S) TO W 17TH ST (1700 S),"$2,440.00",2440.0
25,Street Speed Hump Menu (2023),ON S WOOD ST FROM W 17TH ST (1700 S) TO W 18TH ST (1800 S),"$2,440.00",2440.0
25,Street Speed Hump Menu (2023),ON S WOOD ST FROM W 18TH ST (1800 S) TO W 19TH ST (1900 S),"$4,880.00",4880.0
25,Street Speed Hump Menu (2023),ON W 14TH PL FROM S PEORIA ST (900 W) TO S HALSTED ST (800 W),"$4,880.00",4880.0
25,Street Speed Hump Menu (2023),ON W 18TH PL FROM S HOYNE AVE (2100 W) TO S LEAVITT ST (2200 W),"$4,880.00",4880.0
25,Street Speed Hump Menu (2023),ON W 21ST PL FROM S DAMEN AVE (2000 W) TO S WOLCOTT AVE (1900 W),"$4,880.00",4880.0
25,Street Speed Hump Menu (2023),ON W 24TH ST FROM S LEAVITT ST (2200 W) TO S BELL AVE (2240 W),"$2,440.00",2440.0
25,Street Speed Hump Replacement (2023),ON W 17TH ST FROM S WOLCOTT AVE (1900 W) TO S DAMEN AVE (2000 W),$0.00,0.0
25,Street Speed Hump Replacement (2023),ON W 23RD PL FROM S ROCKWELL ST (2600 W) TO S CALIFORNIA AVE (2800 W),$0.00,0.0
26,Alley Resurfacing Menu (2023),1715 N SPAULDING AVE; N SPAULDING AVE & W WABANSIA AVE&W BLOOMINGDALE AVE & N SAWYER AVE,"$65,718.38",65718.38
26,Alley Resurfacing Menu (2023),2500 W AUGUSTA BLVD; W AUGUSTA BLVD & N ROCKWELL ST&N CAMPBELL AVE & W CORTEZ ST,"$42,067.54",42067.54
26,Alley Resurfacing Menu (2023),N MAPLEWOOD AVE & W HIRSCH ST&W POTOMAC AVE & N ROCKWELL ST; 1300 N MAPLEWOOD AVE,"$42,514.44",42514.44
26,Alley Resurfacing Menu (2023),W ARMITAGE AVE & N LAWNDALE AVE&N RIDGEWAY AVE & W CORTLAND ST,"$43,693.31",43693.31
26,Alley Resurfacing Menu (2023),W ARMITAGE AVE & N MONTICELLO AVE&N CENTRAL PARK AVE & W CORTLAND ST,"$58,955.82",58955.82
26,Alley Resurfacing Menu (2023),W ARMITAGE AVE & N ST LOUIS AVE&W CORTLAND ST & N KIMBALL AVE; 3401 W ARMITAGE AVE,"$70,724.27",70724.27
26,Alley Resurfacing Menu (2023),W EVERGREEN AVE & N SPAULDING AVE&N HOMAN AVE & W HIRSCH ST,"$45,711.47",45711.47
26,Alley Resurfacing Menu (2023),W LE MOYNE ST & N HOMAN AVE&N ST LOUIS AVE & W BEACH AVE; 3401 W LE MOYNE ST,"$36,303.44",36303.44
26,Alley Resurfacing Menu (2023),W NORTH AVE & N HARDING AVE&N PULASKI RD & W LE MOYNE ST,"$44,446.88",44446.88
26,Alley Resurfacing Menu (2023),W NORTH AVE & N KEELER AVE&N KEDVALE AVE & W GRAND AVE; 4141 W NORTH AVE,"$61,934.23",61934.23
26,Alley Resurfacing Menu (2023),W POTOMAC AVE & N SPAULDING AVE&N KEDZIE AVE & W EVERGREEN AVE,"$62,502.40",62502.4
26,Alley Resurfacing Menu (2023),W WABANSIA AVE & N MONTICELLO AVE&N CENTRAL PARK AVE & W BLOOMINGDALE AVE,"$36,550.64",36550.64
26,Alley Speed Hump Menu (2023),W ARMITAGE AVE & N SPAULDING AVE&N KIMBALL AVE & W DICKENS AVE,$725.00,725.0
26,Alley Speed Hump Replacement (2023),1715 N SPAULDING AVE; N SPAULDING AVE & W WABANSIA AVE&W BLOOMINGDALE AVE & N SAWYER AVE,$0.00,0.0
26,Alley Speed Hump Replacement (2023),N MAPLEWOOD AVE & W HIRSCH ST&W POTOMAC AVE & N ROCKWELL ST; 1300 N MAPLEWOOD AVE,$0.00,0.0
26,Alley Speed Hump Replacement (2023),W ARMITAGE AVE & N ST LOUIS AVE&W CORTLAND ST & N KIMBALL AVE; 3401 W ARMITAGE AVE,$0.00,0.0
26,Alley Speed Hump Replacement (2023),W AUGUSTA BLVD & N ROCKWELL ST&N CAMPBELL AVE & W CORTEZ ST,$0.00,0.0
26,Alley Speed Hump Replacement (2023),W EVERGREEN AVE & N SPAULDING AVE&N HOMAN AVE & W HIRSCH ST,$0.00,0.0
26,Alley Speed Hump Replacement (2023),W LE MOYNE ST & N HOMAN AVE&N ST LOUIS AVE & W BEACH AVE; 3401 W LE MOYNE ST,$0.00,0.0
26,Alley Speed Hump Replacement (2023),W NORTH AVE & N HARDING AVE&N PULASKI RD & W LE MOYNE ST,$0.00,0.0
26,Alley Speed Hump Replacement (2023),W NORTH AVE & N KEELER AVE&N KEDVALE AVE & W GRAND AVE; 4141 W NORTH AVE,$0.00,0.0
26,Alley Speed Hump Replacement (2023),W POTOMAC AVE & N SPAULDING AVE&N KEDZIE AVE & W EVERGREEN AVE,$0.00,0.0
26,Alley Speed Hump Replacement (2023),W WABANSIA AVE & N MONTICELLO AVE&N CENTRAL PARK AVE & W BLOOMINGDALE AVE,$0.00,0.0
26,Curb & Gutter Menu (2023),2745-2759 W EVERGREEN AVE,"$37,932.58",37932.58
26,Curb & Gutter Menu (2023),ON W BEACH AVE FROM N SPAULDING AVE (3300 W) TO N HOMAN AVE (3400 W); 3315-3325 W BEACH AVE,"$37,400.49",37400.49
26,Curb & Gutter Menu (2023),ON W SHAKESPEARE AVE FROM 3935 W TO N PULASKI RD (4000 W),"$39,558.71",39558.71
26,Sidewalk Menu (2023),3658 W LE MOYNE ST,"$42,302.47",42302.47
26,Sidewalk Menu (2023),ON N KEYSTONE AVE FROM W NORTH AVE (1600 N) TO W WABANSIA AVE (1700 N),"$93,054.53",93054.53
26,Sidewalk Menu (2023),ON N TROY ST FROM W NORTH AVE (1600 N) TO W WABANSIA AVE (1700 N),"$76,420.75",76420.75
26,Sidewalk Menu (2023),ON N TROY ST FROM W WABANSIA AVE (1700 N) TO W BLOOMINGDALE AVE (1800 N),"$114,303.48",114303.48
26,Sidewalk Menu (2023),ON W EVERGREEN AVE FROM N ST LOUIS AVE (3500 W) TO N CENTRAL PARK AVE (3599 W); 3547 W EVERGREEN AVE,"$3,814.94",3814.94
26,Street Light Residential Staggered Piggy Back Menu (2023),1500 N SPAULDING AVE; ON N SPAULDING AVE FROM W LE MOYNE ST (1500 N) TO W NORTH AVE (1600 N),"$179,000.00",179000.0
26,Street Resurfacing Menu (2023),ON N LAWNDALE AVE FROM W ARMITAGE AVE (2000 N) TO W DICKENS AVE (2100 N),"$64,757.21",64757.21
26,Street Resurfacing Menu (2023),ON W BEACH AVE FROM N HOMAN AVE (3400 W) TO N ST LOUIS AVE (3500 W),"$65,160.06",65160.06
26,Street Resurfacing Menu (2023),ON W SHAKESPEARE AVE FROM 3935 W TO N PULASKI RD (4000 W),"$25,601.42",25601.42
26,Street Resurfacing Menu (2023),W HIRSCH ST & N LAWNDALE AVE; ON W HIRSCH ST FROM N MONTICELLO AVE (3640 W) TO N LAWNDALE AVE (3700 W),"$68,386.15",68386.15
26,Street Speed Hump Menu (2023),ON N SPAULDING AVE FROM W EVERGREEN AVE (1340 N) TO W HIRSCH ST (1400 N),"$2,440.00",2440.0
26,Street Speed Hump Replacement (2023),ON W BEACH AVE FROM N HOMAN AVE (3400 W) TO N ST LOUIS AVE (3500 W),$0.00,0.0
27,1 PTZ - SE S Maplewood Ave & W Wilcox St,S MAPLEWOOD AVE & W WILCOX ST,"$3,000.00",3000.0
27,Alley Apron Menu (2023),1538 N THROOP ST,"$24,199.31",24199.31
27,Alley Resurfacing Menu (2023),N CAMPBELL AVE & W WASHINGTON BLVD&W MAYPOLE AVE & N TALMAN AVE,"$50,505.70",50505.7
27,Bollard Menu (2023),N LAWNDALE AVE & W THOMAS ST,"$3,784.01",3784.01
27,Curb & Gutter Menu (2023),ON N CLEAVER ST FROM 1135 N TO W DIVISION ST (1199 N),"$58,197.93",58197.93
27,Miscellaneous CDOT Projects (2023),204 S ASHLAND AVE,$119.91,119.91
27,Miscellaneous CDOT Projects (2023),630 W EVERGREEN AVE,$660.00,660.0
27,Pavement Markings Menu (2023),ON W WASHINGTON BLVD FROM N ASHLAND AVE (1600 W) TO N WESTERN AVE (2400 W),"$20,100.00",20100.0
27,Sidewalk Menu (2023),1134 W HUBBARD ST,"$55,637.11",55637.11
27,Sidewalk Menu (2023),2635-2637 W MONROE ST,"$4,118.11",4118.11
27,Sidewalk Menu (2023),2841 W MONROE ST,"$2,345.49",2345.49
27,Sidewalk Menu (2023),2901 W WALNUT ST; ON N FRANCISCO AVE FROM W LAKE ST (200 N) TO W WALNUT ST (250 N),"$17,019.14",17019.14
27,Sidewalk Menu (2023),2934 W JACKSON BLVD,"$4,501.63",4501.63
27,Sidewalk Menu (2023),3036 W WARREN BLVD,"$12,033.05",12033.05
27,Sidewalk Menu (2023),310-320 N LAFLIN ST,"$27,897.11",27897.11
27,Sidewalk Menu (2023),318 S THROOP ST,"$5,118.75",5118.75
27,Sidewalk Menu (2023),439 N CENTRAL PARK BLVD,$929.86,929.86
27,Sidewalk Menu (2023),524-528 N HOMAN AVE,"$10,064.03",10064.03
27,Sidewalk Menu (2023),527 N TROY ST,"$1,905.51",1905.51
27,Sidewalk Menu (2023),639 W SCOTT ST,"$70,446.71",70446.71
27,Sidewalk Menu (2023),934 N CROSBY ST,"$3,269.66",3269.66
27,Sidewalk Menu (2023),ON N ASHLAND AVE FROM W WARREN BLVD (40 N) TO W LAKE ST (200 N),"$82,956.34",82956.34
27,Sidewalk Menu (2023),ON N ELIZABETH ST FROM W CHICAGO AVE (800 N) TO W CHESTNUT ST (900 N),"$34,037.06",34037.06
27,Sidewalk Menu (2023),ON W AUGUSTA BLVD FROM N CENTRAL PARK AVE (3600 W) TO N LAWNDALE AVE (3700 W),"$36,397.62",36397.62
27,Sidewalk Menu (2023),ON W CHESTNUT ST FROM N ELIZABETH ST (1300 W) TO N NOBLE ST (1400 W),"$48,673.82",48673.82
27,Speed Indicator Signs (2023),1449-1497 W JACKSON BLVD,"$14,000.00",14000.0
27,Speed Indicator Signs (2023),W WASHINGTON BLVD & N DAMEN AVE,"$14,000.00",14000.0
27,Street Bump Outs Menu (2023),W WASHINGTON BLVD & N DAMEN AVE,"$33,000.00",33000.0
27,Street Light Pole for High Definition Camera Menu (2023),N CHRISTIANA AVE & W OHIO ST,"$6,000.00",6000.0
27,Street Light Pole for High Definition Camera Menu (2023),N SAWYER AVE & W OHIO ST,"$3,000.00",3000.0
27,Street Light Residential Staggered Piggy Back Menu (2023),ON N HOYNE AVE FROM W ADAMS ST (200 S) TO W JACKSON BLVD (300 S),"$163,000.00",163000.0
27,Street Light Residential Staggered Piggy Back Menu (2023),ON N MONTICELLO AVE FROM W AUGUSTA BLVD (1000 N) TO W THOMAS ST (1100 N),"$173,000.00",173000.0
27,Street Light Upgrade Menu (2023),2256 W MONROE ST; 2218 W MONROE ST; 2202 W MONROE ST,"$1,500.00",1500.0
27,Street Resurfacing Menu (2023),ON N LAWNDALE AVE FROM W THOMAS ST (1100 N) TO W DIVISION ST (1200 N),"$52,993.90",52993.9
27,Street Resurfacing Menu (2023),ON N NORTH PARK AVE FROM W SCHILLER ST (1400 N) TO W NORTH AVE (1600 N),"$150,664.74",150664.74
27,Street Resurfacing Menu (2023),ON N WILLARD CT FROM N MILWAUKEE AVE (900 N) TO W AUGUSTA BLVD (1000 N),"$44,890.61",44890.61
27,Street Resurfacing Menu (2023),ON S SEELEY AVE FROM 100 S TO W ADAMS ST (200 S),"$33,998.30",33998.3
27,Street Resurfacing Menu (2023),ON W MONROE ST FROM S ROCKWELL ST (2560 W) TO S CALIFORNIA AVE (2800 W),"$130,379.50",130379.5
27,Street Resurfacing Menu (2023),ON W RICE ST FROM 3340 W TO N HOMAN AVE (3400 W),"$24,544.47",24544.47
27,Street Resurfacing Menu (2023),ON W SCOTT ST FROM N CLEVELAND AVE (520 W) TO N LARRABEE ST (600 W),"$64,449.73",64449.73
27,Street Speed Hump Menu (2023),ON N LAWNDALE AVE FROM W THOMAS ST (1100 N) TO W DIVISION ST (1200 N),"$4,880.00",4880.0
27,Street Speed Hump Menu (2023),ON N MOHAWK ST FROM N CLYBOURN AVE (1300 N) TO W BLACKHAWK ST (1500 N),"$2,900.88",2900.88
27,Street Speed Hump Menu (2023),ON N WILLARD CT FROM N MILWAUKEE AVE (900 N) TO W AUGUSTA BLVD (1000 N),"$4,880.00",4880.0
27,Street Speed Hump Replacement (2023),ON N NORTH PARK AVE FROM W SCHILLER ST (1400 N) TO W NORTH AVE (1600 N),$0.00,0.0
28,Alley Resurfacing Menu (2023),W ADAMS ST & S KENTON AVE&S KILPATRICK AVE & W JACKSON BLVD,"$26,912.01",26912.01
28,Alley Resurfacing Menu (2023),W MADISON ST & S KEELER AVE&S KILDARE AVE & W MONROE ST,"$38,825.31",38825.31
28,Alley Resurfacing Menu (2023),W MADISON ST & S KENTON AVE&S KILPATRICK AVE & W MONROE ST,"$28,366.66",28366.66
28,Alley Resurfacing Menu (2023),W WASHINGTON BLVD & N LAVERGNE AVE&N LECLAIRE AVE & W WEST END AVE,"$43,888.35",43888.35
28,Alley Resurfacing Menu (2023),W WILCOX ST & S KILDARE AVE&S KEELER AVE & W MONROE ST,"$38,763.51",38763.51
28,Alley Resurfacing Menu (2023),W WILCOX ST & S KILDARE AVE&S KOSTNER AVE & W MONROE ST; 4358 W WILCOX ST,"$33,199.10",33199.1
28,Alley Speed Hump Menu (2023),3900 W GLADYS AVE; W GLADYS AVE & S SPRINGFIELD AVE&S PULASKI RD & W JACKSON BLVD,$725.00,725.0
28,Alley Speed Hump Menu (2023),W 15TH PL & S WASHTENAW AVE&S ROCKWELL ST & W 15TH ST,$725.00,725.0
28,Alley Speed Hump Menu (2023),W LAKE ST & N HAMLIN AVE&N HARDING AVE & W MAYPOLE AVE,"$4,350.00",4350.0
28,Alley Speed Hump Menu (2023),W TAYLOR ST & S ASHLAND AVE&S LAFLIN ST & W FILLMORE ST; 1531 W TAYLOR ST,"$1,450.00",1450.0
28,Alley Speed Hump Replacement (2023),W ADAMS ST & S KENTON AVE&S KILPATRICK AVE & W JACKSON BLVD,$0.00,0.0
28,Alley Speed Hump Replacement (2023),W WASHINGTON BLVD & N LAVERGNE AVE&N LECLAIRE AVE & W WEST END AVE,$0.00,0.0
28,Alley Speed Hump Replacement (2023),W WILCOX ST & S KILDARE AVE&S KOSTNER AVE & W MONROE ST; 4358 W WILCOX ST,$0.00,0.0
28,Bollard Menu (2023),1025 W MAXWELL ST,"$6,955.72",6955.72
28,Bollard Menu (2023),150-151 N LAMON AVE,"$2,069.22",2069.22
28,Curb & Gutter Menu (2023),205 N KEYSTONE AVE,"$7,165.40",7165.4
28,Floodlight Menu (2023),2630 W JACKSON BLVD,"$1,900.00",1900.0
28,Sidewalk Menu (2023),1240 S DAMEN AVE,"$45,211.80",45211.8
28,Sidewalk Menu (2023),2901 W FLOURNOY ST,"$12,322.16",12322.16
28,Sidewalk Menu (2023),3139 W MONROE ST,"$5,764.41",5764.41
28,Sidewalk Menu (2023),3819 W ADAMS ST,"$2,357.82",2357.82
28,Sidewalk Menu (2023),4917 W FULTON ST,"$1,453.41",1453.41
28,Sidewalk Menu (2023),W VAN BUREN ST & S KILBOURN AVE,"$6,988.82",6988.82
28,Street Light Arterial Menu (2023),ON W WASHINGTON BLVD FROM N CICERO AVE (4800 W) TO N LARAMIE AVE (5200 W),"$660,000.00",660000.0
28,Street Light Upgrade Menu (2023),ON S KEELER AVE FROM W ADAMS ST (200 S) TO W JACKSON BLVD (300 S),"$1,000.00",1000.0
28,Street Resurfacing Menu (2023),N KILPATRICK AVE & W LAKE ST&W FULTON ST & N KILPATRICK AVE,"$17,520.58",17520.58
28,Street Resurfacing Menu (2023),ON S ALBANY AVE FROM W MADISON ST (1 N) TO W FIFTH AVE (120 S),"$50,689.72",50689.72
28,Street Resurfacing Menu (2023),ON S KILDARE AVE FROM W MAYPOLE AVE (250 N) TO W WEST END AVE (200 N),"$11,647.86",11647.86
28,Street Resurfacing Menu (2023),ON W ERIE ST FROM N KENTON AVE (4600 W) TO N KILPATRICK AVE (4700 W),"$49,796.06",49796.06
28,Street Resurfacing Menu (2023),ON W MONROE ST FROM S KILPATRICK AVE (4700 W) TO S LAVERGNE AVE (5000 W),"$172,383.06",172383.06
28,Street Resurfacing Menu (2023),ON W RACE AVE FROM N KILPATRICK AVE (4700 W) TO N CICERO AVE (4800 W),"$13,153.06",13153.06
28,Street Resurfacing Menu (2023),ON W SUPERIOR ST FROM N KILPATRICK AVE (4700 W) TO N CICERO AVE (4800 W),"$59,782.27",59782.27
28,Street Resurfacing Menu (2023),ON W VAN BUREN ST FROM S KILPATRICK AVE (4700 W) TO S CICERO AVE (4800 W),"$54,673.54",54673.54
28,Street Speed Hump Menu (2023),ON N LAVERGNE AVE FROM W WASHINGTON BLVD (100 N) TO W WEST END AVE (150 N),"$2,440.00",2440.0
28,Street Speed Hump Replacement (2023),ON W ERIE ST FROM N KENTON AVE (4600 W) TO N KILPATRICK AVE (4700 W),$0.00,0.0
28,Street Speed Hump Replacement (2023),ON W MONROE ST FROM S KENTON AVE (4600 W) TO S LAVERGNE AVE (5000 W),$0.00,0.0
28,Street Speed Hump Replacement (2023),ON W VAN BUREN ST FROM S KILPATRICK AVE (4700 W) TO S CICERO AVE (4800 W),$0.00,0.0
29,Alley Resurfacing Menu (2023),5606 W WABANSIA AVE; N CENTRAL AVE & W BLOOMINGDALE AVE&W WABANSIA AVE & N PARKSIDE AVE; 1744 N CENTRAL AVE,"$43,149.06",43149.06
29,Alley Resurfacing Menu (2023),N HARLEM AVE & W WELLINGTON AVE&N NEVA AVE & W BARRY AVE,"$44,708.37",44708.37
29,Alley Resurfacing Menu (2023),N MAYFIELD AVE & W NORTH AVE&W LE MOYNE ST & N MONITOR AVE; 1541 N MAYFIELD AVE,"$36,814.46",36814.46
29,Alley Resurfacing Menu (2023),N MAYFIELD AVE & W RICE ST&W CHICAGO AVE & N MENARD AVE; 5800 W RICE ST,"$22,445.73",22445.73
29,Alley Resurfacing Menu (2023),N MONITOR AVE & W THOMAS ST&W DIVISION ST & N MAYFIELD AVE,"$20,686.65",20686.65
29,Alley Resurfacing Menu (2023),N NATCHEZ AVE & W NORTH AVE&N NAGLE AVE & W WABANSIA AVE,"$53,686.13",53686.13
29,Alley Resurfacing Menu (2023),N NEWLAND AVE & W PALMER ST&W MEDILL AVE & N SAYRE AVE,"$22,973.35",22973.35
29,Alley Resurfacing Menu (2023),N OCONTO AVE & W BARRY AVE&W WELLINGTON AVE & N HARLEM AVE; 3015 N HARLEM AVE,"$40,444.10",40444.1
29,Alley Resurfacing Menu (2023),N OCONTO AVE & W SCHOOL ST&W BELMONT AVE & N HARLEM AVE; 3200 N OCONTO AVE,"$57,204.13",57204.13
29,Alley Resurfacing Menu (2023),N OLCOTT AVE & W BELMONT AVE&W SCHOOL ST & N OSCEOLA AVE; 3200 N OLCOTT AVE,"$36,106.07",36106.07
29,Alley Resurfacing Menu (2023),S LARAMIE AVE & W GLADYS AVE&W VAN BUREN ST & S LOCKWOOD AVE,"$38,188.37",38188.37
29,Alley Resurfacing Menu (2023),W BLOOMINGDALE AVE & N NARRAGANSETT AVE&N MOBILE AVE & W WABANSIA AVE,"$34,670.36",34670.36
29,Alley Speed Hump Menu (2023),N MAJOR AVE & W NORTH AVE&W WABANSIA AVE & N MANGO AVE,"$3,625.00",3625.0
29,Alley Speed Hump Menu (2023),N OCONTO AVE & W BARRY AVE&W WELLINGTON AVE & N HARLEM AVE; 3015 N HARLEM AVE,$0.00,0.0
29,Alley Speed Hump Menu (2023),W ERIE ST & N MAYFIELD AVE&N MENARD AVE & W OHIO ST,"$1,450.00",1450.0
29,Alley Speed Hump Menu (2023),W GLADYS AVE & S LAVERGNE AVE&S LEAMINGTON AVE & W JACKSON BLVD,"$3,484.77",3484.77
29,Alley Speed Hump Replacement (2023),5606 W WABANSIA AVE; N CENTRAL AVE & W BLOOMINGDALE AVE&W WABANSIA AVE & N PARKSIDE AVE; 1744 N CENTRAL AVE,$0.00,0.0
29,Alley Speed Hump Replacement (2023),N HARLEM AVE & W WELLINGTON AVE&N NEVA AVE & W BARRY AVE,$0.00,0.0
29,Alley Speed Hump Replacement (2023),N MAYFIELD AVE & W NORTH AVE&W LE MOYNE ST & N MONITOR AVE; 1541 N MAYFIELD AVE,$0.00,0.0
29,Alley Speed Hump Replacement (2023),N MAYFIELD AVE & W RICE ST&W CHICAGO AVE & N MENARD AVE; 5800 W RICE ST,$0.00,0.0
29,Alley Speed Hump Replacement (2023),N MONITOR AVE & W THOMAS ST&W DIVISION ST & N MAYFIELD AVE,$0.00,0.0
29,Alley Speed Hump Replacement (2023),N NATCHEZ AVE & W NORTH AVE&N NAGLE AVE & W WABANSIA AVE,$0.00,0.0
29,Alley Speed Hump Replacement (2023),N OCONTO AVE & W SCHOOL ST&W BELMONT AVE & N HARLEM AVE; 3200 N OCONTO AVE,$0.00,0.0
29,Alley Speed Hump Replacement (2023),S LARAMIE AVE & W GLADYS AVE&W VAN BUREN ST & S LOCKWOOD AVE,$0.00,0.0
29,Curb & Gutter Menu (2023),2044-2058 N NEW ENGLAND AVE,"$14,476.96",14476.96
29,Curb & Gutter Menu (2023),6845-6847 W SHAKESPEARE AVE,"$13,708.79",13708.79
29,Miscellaneous CDOT Projects (2023),1600 N NATOMA AVE,"$47,149.52",47149.52
29,Miscellaneous CDOT Projects (2023),358 N CENTRAL AVE,$660.00,660.0
29,Rutherford-Sayre Park and Picnic Tables,6871 W BELDEN AVE,"$42,000.00",42000.0
29,Rutherford-Sayre Park Newland Tunnel Mural,2301 N NEWLAND AVE,"$50,000.00",50000.0
29,Sayre Language Academy School Playground Renovation,1829 N SAYRE AVE,"$50,000.00",50000.0
29,Sidewalk Menu (2023),1429 N MONITOR AVE,"$1,278.32",1278.32
29,Sidewalk Menu (2023),1729 N NORDICA AVE,"$10,919.08",10919.08
29,Sidewalk Menu (2023),1836 N RUTHERFORD AVE,"$3,812.02",3812.02
29,Sidewalk Menu (2023),1837 N NORMANDY AVE,"$5,207.72",5207.72
29,Sidewalk Menu (2023),2000 N SAYRE AVE,"$60,816.11",60816.11
29,Sidewalk Menu (2023),5801 W MADISON ST,"$24,308.26",24308.26
29,Sidewalk Menu (2023),6839 W SHAKESPEARE AVE,"$5,285.81",5285.81
29,Sidewalk Menu (2023),N NEWLAND AVE & W PALMER ST,"$50,000.00",50000.0
29,Street Cul-de-Sac Menu (2023),17 S MENARD AVE,"$19,048.85",19048.85
29,Street Light Upgrade Menu (2023),5926 W WALTON ST,$500.00,500.0
29,Street Light Upgrade Menu (2023),5930 W ADAMS BLVD,$500.00,500.0
29,Street Light Upgrade Menu (2023),6820 W ARMITAGE AVE,"$1,000.00",1000.0
29,Street Light Upgrade Menu (2023),901 S AUSTIN BLVD,$500.00,500.0
29,Street Resurfacing Menu (2023),ON N MONITOR AVE FROM W HIRSCH ST (1400 N) TO W LE MOYNE ST (1500 N),"$59,893.38",59893.38
29,Street Resurfacing Menu (2023),ON N MONT CLARE AVE FROM W GEORGE ST (2900 N) TO W WELLINGTON AVE (3000 N),"$57,254.19",57254.19
29,Street Resurfacing Menu (2023),ON N MOODY AVE FROM W NORTH AVE (1600 N) TO W WABANSIA AVE (1700 N),"$56,194.08",56194.08
29,Street Resurfacing Menu (2023),ON N NAGLE AVE FROM W BLOOMINGDALE AVE (1800 N) TO W CORTLAND ST (1899 N),"$27,451.36",27451.36
29,Street Resurfacing Menu (2023),ON N NATCHEZ AVE FROM W BLOOMINGDALE AVE (1800 N) TO W CORTLAND ST (1900 N),"$53,639.81",53639.81
29,Street Resurfacing Menu (2023),ON N NATOMA AVE FROM W NORTH AVE (1600 N) TO W WABANSIA AVE (1700 N),"$64,562.40",64562.4
29,Street Resurfacing Menu (2023),ON N NORDICA AVE FROM W WABANSIA AVE (1700 N) TO W BLOOMINGDALE AVE (1800 N),"$55,837.72",55837.72
29,Street Resurfacing Menu (2023),ON N PARKSIDE AVE FROM W HIRSCH ST (1400 N) TO W LE MOYNE ST (1500 N); 1400 N PARKSIDE AVE,"$68,516.07",68516.07
29,Street Resurfacing Menu (2023),ON W RACE AVE FROM N MAYFIELD AVE (5900 W) TO N AUSTIN BLVD (6000 W),"$92,871.75",92871.75
29,Street Resurfacing Menu (2023),ON W WOLFRAM ST FROM N SAYRE AVE (7000 W) TO N NORDICA AVE (7050 W),"$59,248.43",59248.43
29,Street Speed Hump Menu (2023),ON N NORDICA AVE FROM W GRAND AVE (2400 N) TO W ALTGELD ST (2500 N); 2417 N NORDICA AVE,"$2,440.00",2440.0
29,Street Speed Hump Menu (2023),ON W ADAMS ST FROM S PARKSIDE AVE (5650 W) TO S AUSTIN BLVD (6000 W),"$12,200.00",12200.0
29,Street Speed Hump Replacement (2023),ON N MONT CLARE AVE FROM W GEORGE ST (2900 N) TO W WELLINGTON AVE (3000 N),$0.00,0.0
29,Street Speed Hump Replacement (2023),ON N NATOMA AVE FROM W NORTH AVE (1600 N) TO W WABANSIA AVE (1700 N),$0.00,0.0
29,Street Speed Hump Replacement (2023),ON N PARKSIDE AVE FROM W HIRSCH ST (1400 N) TO W LE MOYNE ST (1500 N); 1400 N PARKSIDE AVE,$0.00,0.0
29,Street Traffic Circle Menu (2023),W WABANSIA AVE & N NASHVILLE AVE,"$14,195.91",14195.91
29,Street Traffic Circle Menu (2023),W WABANSIA AVE & N NATCHEZ AVE,"$14,675.79",14675.79
30,Alley Apron Menu (2023),2414 N MENARD AVE,"$17,368.68",17368.68
30,Alley Apron Menu (2023),3334 N KILDARE AVE,"$15,380.61",15380.61
30,Alley Resurfacing Menu (2023),W ADDISON ST & N KEDVALE AVE&N KEELER AVE & W EDDY ST,"$10,891.26",10891.26
30,Alley Resurfacing Menu (2023),W ADDISON ST & N KNOX AVE&N KILPATRICK AVE & W CORNELIA AVE,"$25,105.49",25105.49
30,Alley Resurfacing Menu (2023),W CORNELIA AVE & N KILDARE AVE&N LOWELL AVE & W ROSCOE ST,"$46,840.50",46840.5
30,Alley Resurfacing Menu (2023),W MELROSE ST & N LOCKWOOD AVE&N LONG AVE & W BELMONT AVE,"$29,200.97",29200.97
30,Alley Speed Hump Replacement (2023),W ADDISON ST & N KNOX AVE&N KILPATRICK AVE & W CORNELIA AVE,$0.00,0.0
30,Alley Speed Hump Replacement (2023),W CORNELIA AVE & N KILDARE AVE&N LOWELL AVE & W ROSCOE ST,$0.00,0.0
30,Concrete Alley Menu (2023),W SCHOOL ST & N CENTRAL PARK AVE&N MONTICELLO AVE & W BELMONT AVE,"$380,000.00",380000.0
30,Curb & Gutter Menu (2023),6142 W SCHOOL ST,"$7,407.40",7407.4
30,Miscellaneous CDOT Projects (2023),3559 N MILWAUKEE AVE,$101.00,101.0
30,Sidewalk Menu (2023),2510 N PARKSIDE AVE,"$2,104.48",2104.48
30,Sidewalk Menu (2023),2537 N AUSTIN AVE,"$7,341.19",7341.19
30,Sidewalk Menu (2023),2549 N MONITOR AVE,"$1,306.79",1306.79
30,Sidewalk Menu (2023),2600 N MAJOR AVE,$951.94,951.94
30,Sidewalk Menu (2023),2627 N MEADE AVE,"$3,641.06",3641.06
30,Sidewalk Menu (2023),2643 N MARMORA AVE,"$1,883.94",1883.94
30,Sidewalk Menu (2023),2643 N MCVICKER AVE,"$5,851.33",5851.33
30,Sidewalk Menu (2023),3259 N AUSTIN AVE,"$1,806.69",1806.69
30,Sidewalk Menu (2023),3343 N LONG AVE,"$27,476.17",27476.17
30,Sidewalk Menu (2023),3501 N LOWELL AVE,"$22,766.29",22766.29
30,Sidewalk Menu (2023),4628 W ADDISON ST,$828.82,828.82
30,Sidewalk Menu (2023),4915 W PATTERSON AVE,"$3,611.65",3611.65
30,Sidewalk Menu (2023),5100 W PATTERSON AVE,"$11,504.10",11504.1
30,Sidewalk Menu (2023),5329 W PATTERSON AVE,"$8,968.89",8968.89
30,Sidewalk Menu (2023),5602 W MELROSE ST,"$19,349.42",19349.42
30,Sidewalk Menu (2023),5920 W WRIGHTWOOD AVE,"$4,499.28",4499.28
30,Sidewalk Menu (2023),5926 W SCHOOL ST,"$3,011.70",3011.7
30,Sidewalk Menu (2023),6100 W BELMONT AVE,"$14,841.95",14841.95
30,Sidewalk Menu (2023),ON N MARMORA AVE FROM W GEORGE ST (2900 N) TO W WELLINGTON AVE (3000 N); 2900-2958 N MARMORA AVE,"$120,946.42",120946.42
30,Street Light Residential Staggered Piggy Back Menu (2023),ON N MAJOR AVE FROM W WRIGHTWOOD AVE (2600 N) TO W DIVERSEY AVE (2800 N),"$336,000.00",336000.0
30,Street Light Residential Staggered Piggy Back Menu (2023),ON N MCVICKER AVE FROM W DIVERSEY AVE (2800 N) TO W WELLINGTON AVE (3000 N),"$9,799.35",9799.35
30,Street Light Upgrade Menu (2023),2918 N MANGO AVE,$500.00,500.0
30,Street Light Upgrade Menu (2023),3239 N KOSTNER AVE,$500.00,500.0
30,Street Light Upgrade Menu (2023),5701 W ADDISON ST,$500.00,500.0
30,Street Resurfacing Menu (2023),ON N AVERS AVE FROM W ADDISON ST (3600 N) TO N AVONDALE AVE (3730 N),"$80,268.87",80268.87
30,Street Resurfacing Menu (2023),ON N KILPATRICK AVE FROM W BELMONT AVE (3200 N) TO W SCHOOL ST (3300 N),"$54,872.91",54872.91
30,Street Resurfacing Menu (2023),ON W CORNELIA AVE FROM N KILDARE AVE (4300 W) TO N KOSTNER AVE (4400 W),"$51,801.68",51801.68
30,Street Resurfacing Menu (2023),ON W MELROSE ST FROM 5850 W TO N CENTRAL AVE (5600 W),"$113,824.17",113824.17
30,Street Speed Hump Menu (2023),3500 N KILPATRICK AVE; ON N KILPATRICK AVE FROM W CORNELIA AVE (3500 N) TO W ADDISON ST (3600 N),"$2,440.00",2440.0
30,Street Speed Hump Menu (2023),5700 W EDDY ST; ON W EDDY ST FROM N MAJOR AVE (5700 W) TO N MENARD AVE (5800 W),"$4,880.00",4880.0
30,Street Speed Hump Menu (2023),ON N HAMLIN AVE FROM W ROSCOE ST (3400 N) TO W CORNELIA AVE (3500 N),"$4,880.00",4880.0
30,Street Speed Hump Menu (2023),ON N LONG AVE FROM W ADDISON ST (3600 N) TO W GRACE ST (3800 N),"$7,320.00",7320.0
30,Street Speed Hump Menu (2023),ON N MAJOR AVE FROM W CORNELIA AVE (3500 N) TO W EDDY ST (3530 N); 3500 N MAJOR AVE,"$2,440.00",2440.0
30,Street Speed Hump Replacement (2023),ON W MELROSE ST FROM 5850 W TO N CENTRAL AVE (5600 W),$0.00,0.0
31,Alley Resurfacing Menu (2023),2934 N LONG AVE; N LONG AVE & W WELLINGTON AVE&W GEORGE ST & N LOTUS AVE,"$30,653.30",30653.3
31,Alley Resurfacing Menu (2023),5200 W MONTANA ST; W MONTANA ST & N LARAMIE AVE&N LOCKWOOD AVE & W ALTGELD ST,"$58,563.75",58563.75
31,Alley Resurfacing Menu (2023),5237 W OAKDALE AVE; W OAKDALE AVE & N LARAMIE AVE&N LOCKWOOD AVE & W GEORGE ST,"$54,518.11",54518.11
31,Alley Resurfacing Menu (2023),N TRIPP AVE & W ALTGELD ST&W WRIGHTWOOD AVE & N KILDARE AVE; 2500 N KILDARE AVE,"$60,788.59",60788.59
31,Alley Resurfacing Menu (2023),W ALTGELD ST & N LAVERGNE AVE&N LECLAIRE AVE & W DEMING PL; 5012 W ALTGELD ST,"$47,781.80",47781.8
31,Alley Resurfacing Menu (2023),W DEMING PL & N LARAMIE AVE&N LECLAIRE AVE & W WRIGHTWOOD AVE; 5100 W DEMING PL,"$47,380.10",47380.1
31,Alley Resurfacing Menu (2023),W DEMING PL & N LAVERGNE AVE&N LECLAIRE AVE & W WRIGHTWOOD AVE; 5028 W DEMING PL,"$47,689.10",47689.1
31,Alley Speed Hump Replacement (2023),5200 W MONTANA ST; W MONTANA ST & N LARAMIE AVE&N LOCKWOOD AVE & W ALTGELD ST,$0.00,0.0
31,Alley Speed Hump Replacement (2023),5237 W OAKDALE AVE; W OAKDALE AVE & N LARAMIE AVE&N LOCKWOOD AVE & W GEORGE ST,$0.00,0.0
31,Alley Speed Hump Replacement (2023),N TRIPP AVE & W ALTGELD ST&W WRIGHTWOOD AVE & N KILDARE AVE; 2500 N KILDARE AVE,$0.00,0.0
31,Alley Speed Hump Replacement (2023),W ALTGELD ST & N LAVERGNE AVE&N LECLAIRE AVE & W DEMING PL; 5012 W ALTGELD ST,$0.00,0.0
31,Alley Speed Hump Replacement (2023),W DEMING PL & N LARAMIE AVE&N LECLAIRE AVE & W WRIGHTWOOD AVE; 5100 W DEMING PL,$0.00,0.0
31,Alley Speed Hump Replacement (2023),W DEMING PL & N LAVERGNE AVE&N LECLAIRE AVE & W WRIGHTWOOD AVE; 5028 W DEMING PL,$0.00,0.0
31,Arterial Street Bump Outs Menu (2023),N LARAMIE AVE & W CORNELIA AVE,"$1,213.64",1213.64
31,Bollard Menu (2023),4743 W PARKER AVE,"$1,425.58",1425.58
31,Diagonal Parking Menu (2023),4801 W FLETCHER ST,"$11,881.69",11881.69
31,Miscellaneous CDOT Projects (2023),5553 W BELMONT AVE,"$3,900.00",3900.0
31,Pavement Markings Menu (2023),ON N KOSTNER AVE FROM W DIVERSEY AVE (2800 N) TO W BELMONT AVE (3200 N),"$4,400.00",4400.0
31,Sidewalk Menu (2023),4814-4856 W GEORGE ST; 4815-4819 W GEORGE ST,"$8,950.36",8950.36
31,Sidewalk Menu (2023),5109-5111 W DEMING PL,"$2,167.03",2167.03
31,Sidewalk Menu (2023),5313-5317 W DEMING PL,"$8,553.47",8553.47
31,Sidewalk Menu (2023),ON N KILPATRICK AVE FROM W BELDEN AVE (2300 N) TO W FULLERTON AVE (2400 N),"$102,815.58",102815.58
31,Street Light Residential Staggered Piggy Back Menu (2023),ON W BELDEN AVE FROM N LECLAIRE AVE (5100 W) TO N LARAMIE AVE (5200 W),"$163,000.00",163000.0
31,Street Light Residential Staggered Piggy Back Menu (2023),ON W MONTANA ST FROM N LAVERGNE AVE (5000 W) TO N LARAMIE AVE (5200 W),"$326,000.00",326000.0
31,Street Light Upgrade Menu (2023),2900 N KEARSARGE AVE,$500.00,500.0
31,Street Light Upgrade Menu (2023),3048 N AVERS AVE; 3056 N AVERS AVE,"$1,000.00",1000.0
31,Street Light Upgrade Menu (2023),3054 N HAUSSEN CT; 3102 N HAUSSEN CT; 3110 N HAUSSEN CT,"$1,500.00",1500.0
31,Street Light Upgrade Menu (2023),5122 W MELROSE ST,$500.00,500.0
31,Street Light Upgrade Menu (2023),5124 W BELMONT AVE; 5100 W BELMONT AVE; 5158 W BELMONT AVE; 5142 W BELMONT AVE,"$2,000.00",2000.0
31,Street Resurfacing Menu (2023),ON N KENTON AVE FROM W WRIGHTWOOD AVE (2600 N) TO W SCHUBERT AVE (2700 N),"$29,893.73",29893.73
31,Street Resurfacing Menu (2023),ON N LONG AVE FROM W FULLERTON AVE (2400 N) TO W ALTGELD ST (2500 N),"$15,266.94",15266.94
31,Street Resurfacing Menu (2023),ON N LOWELL AVE FROM W BARRY AVE (3100 N) TO W BELMONT AVE (3200 N),"$59,808.33",59808.33
31,Street Resurfacing Menu (2023),ON W DRUMMOND PL FROM N KILDARE AVE (4300 W) TO N KOSTNER AVE (4400 W),"$49,807.29",49807.29
31,Street Resurfacing Menu (2023),ON W FLETCHER ST FROM N LAMON AVE (4900 W) TO N LAVERGNE AVE (5000 W),"$53,417.02",53417.02
31,Street Resurfacing Menu (2023),ON W MELROSE ST FROM N CICERO AVE (4800 W) TO N LAMON AVE (4900 W),"$57,368.33",57368.33
31,Street Resurfacing Menu (2023),ON W PARKER AVE FROM N KOSTNER AVE (4400 W) TO N KILDARE AVE (4300 W),"$47,797.27",47797.27
31,Street Resurfacing Menu (2023),ON W WRIGHTWOOD AVE FROM N PULASKI RD (4000 W) TO N KEELER AVE (4200 W),"$179,665.57",179665.57
31,Street Speed Hump Menu (2023),ON N KILBOURN AVE FROM W ALTGELD ST (2500 N) TO W DEMING PL (2530 N),"$2,440.00",2440.0
31,Street Speed Hump Menu (2023),ON N LOTUS AVE FROM W BARRY AVE (3100 N) TO W BELMONT AVE (3200 N),"$4,880.00",4880.0
31,Street Speed Hump Menu (2023),ON N LOWELL AVE FROM W DIVERSEY AVE (2800 N) TO W GEORGE ST (2900 N); 2845 N LOWELL AVE,"$2,440.00",2440.0
31,Street Speed Hump Menu (2023),ON W ALTGELD ST FROM N LOCKWOOD AVE (5300 W) TO N LONG AVE (5400 W),"$4,880.00",4880.0
31,Street Speed Hump Replacement (2023),ON N LOWELL AVE FROM W BARRY AVE (3100 N) TO W BELMONT AVE (3200 N),$0.00,0.0
31,Street Speed Hump Replacement (2023),ON W FLETCHER ST FROM N LAMON AVE (4900 W) TO N LAVERGNE AVE (5000 W),$0.00,0.0
32,Alley Apron Menu (2023),1612 W WABANSIA AVE,"$2,540.54",2540.54
32,Alley Apron Menu (2023),1837 N WOLCOTT AVE,"$15,071.70",15071.7
32,Alley Apron Menu (2023),1845 N PAULINA ST,"$11,198.00",11198.0
32,Alley Apron Menu (2023),1916 N OAKLEY AVE,"$12,634.00",12634.0
32,Alley Apron Menu (2023),2212 W DICKENS AVE,"$20,015.71",20015.71
32,Alley Apron Menu (2023),2310 W PALMER ST,"$12,376.37",12376.37
32,Alley Apron Menu (2023),2456 N SURREY CT,"$13,681.98",13681.98
32,Alley Apron Menu (2023),2715 N WAYNE AVE,"$76,237.39",76237.39
32,Alley Apron Menu (2023),2744 N GREENVIEW AVE,"$11,585.54",11585.54
32,Alley Apron Menu (2023),3542 N CLAREMONT AVE,"$12,024.92",12024.92
32,Alley Resurfacing Menu (2023),N SOUTHPORT AVE & W LILL AVE&W ALTGELD ST & N GREENVIEW AVE,"$58,877.40",58877.4
32,Alley Resurfacing Menu (2023),W ADDISON ST & N CLAREMONT AVE&N WESTERN AVE & S WESTERN AVE,"$34,651.43",34651.43
32,Alley Resurfacing Menu (2023),W ADDISON ST & N LEAVITT ST&N BELL AVE & W CORNELIA AVE,"$43,042.07",43042.07
32,Alley Resurfacing Menu (2023),W BARRY AVE & N LEAVITT ST&N CLYBOURN AVE & W WELLINGTON AVE,"$39,490.84",39490.84
32,Alley Resurfacing Menu (2023),W BLOOMINGDALE AVE & N HONORE ST&N WOLCOTT AVE & W CORTLAND ST,"$28,395.23",28395.23
32,Alley Resurfacing Menu (2023),W CHARLESTON ST & N LEAVITT ST&N OAKLEY AVE & W DICKENS AVE,"$17,279.15",17279.15
32,Alley Resurfacing Menu (2023),W FLETCHER ST & N DAMEN AVE&N HOYNE AVE & W BARRY AVE,"$69,635.59",69635.59
32,Alley Resurfacing Menu (2023),W HOMER ST & N DAMEN AVE&N HOYNE AVE & W CORTLAND ST,"$64,192.29",64192.29
32,Alley Resurfacing Menu (2023),W MELROSE ST & N HOYNE AVE&N LEAVITT ST & W BELMONT AVE,"$42,885.24",42885.24
32,Alley Resurfacing Menu (2023),W MELROSE ST & N OAKLEY AVE&N WESTERN AVE & W BELMONT AVE,"$29,521.94",29521.94
32,Alley Resurfacing Menu (2023),W MELROSE ST & N WOLCOTT AVE&N DAMEN AVE & W BELMONT AVE,"$37,805.59",37805.59
32,Alley Resurfacing Menu (2023),W SCHOOL ST & N HOYNE AVE&N LEAVITT ST & W MELROSE ST,"$57,750.70",57750.7
32,Alley Resurfacing Menu (2023),W WELLINGTON AVE & N SEELEY AVE&N HOYNE AVE & W GEORGE ST,"$47,584.44",47584.44
32,Alley Speed Hump Menu (2023),N OAKLEY AVE & W MELROSE ST&W SCHOOL ST & N WESTERN AVE,"$1,450.00",1450.0
32,Alley Speed Hump Replacement (2023),W ADDISON ST & N CLAREMONT AVE&N WESTERN AVE & S WESTERN AVE,$0.00,0.0
32,Alley Speed Hump Replacement (2023),W ADDISON ST & N LEAVITT ST&N BELL AVE & W CORNELIA AVE,$0.00,0.0
32,Alley Speed Hump Replacement (2023),W FLETCHER ST & N DAMEN AVE&N HOYNE AVE & W BARRY AVE,$0.00,0.0
32,Alley Speed Hump Replacement (2023),W MELROSE ST & N HOYNE AVE&N LEAVITT ST & W BELMONT AVE,$0.00,0.0
32,Alley Speed Hump Replacement (2023),W MELROSE ST & N OAKLEY AVE&N WESTERN AVE & W BELMONT AVE,$0.00,0.0
32,Arterial Street Bump Outs Menu (2023),N CLYBOURN AVE & W BARRY AVE; N CLYBOURN AVE & N OAKLEY AVE,"$11,654.62",11654.62
32,Arterial Street Bump Outs Menu (2023),N DAMEN AVE & W CHURCHILL ST,"$2,124.59",2124.59
32,Curb & Gutter Menu (2023),3047 N CLYBOURN AVE,"$3,888.26",3888.26
32,Logan Skate Park Improvements,2450 W LOGAN BLVD,"$50,000.00",50000.0
32,Pavement Markings Menu (2023),N DAMEN AVE & W GEORGE ST,"$3,505.28",3505.28
32,Pavement Markings Menu (2023),N ELSTON AVE & N ASHLAND AVE,"$7,000.00",7000.0
32,Pavement Markings Menu (2023),ON W NORTH AVE FROM N WOOD ST (1800 W) TO N DAMEN AVE (1999 W),"$6,000.00",6000.0
32,Pedestrian Refuge Island Menu (2023),N WESTERN AVE & W CHARLESTON ST,"$28,149.75",28149.75
32,Sidewalk Menu (2023),1726 N WINCHESTER AVE,"$5,728.66",5728.66
32,Street Bump Outs Menu (2023),N PAULINA ST & W FLETCHER ST; N PAULINA ST & W NELSON ST,"$29,310.90",29310.9
32,Street Bump Outs Menu (2023),N WOLCOTT AVE & W GEORGE ST,"$25,585.33",25585.33
32,Street Resurfacing Menu (2023),ON N AVONDALE AVE FROM W LYNDALE ST (2240 N) TO N HAMILTON AVE (2330 N),"$56,966.29",56966.29
32,Street Resurfacing Menu (2023),ON N HONORE ST FROM W BARRY AVE (3100 N) TO W BELMONT AVE (3200 N),"$46,481.37",46481.37
32,Street Resurfacing Menu (2023),ON N HOYNE AVE FROM N CLYBOURN AVE (2910 N) TO W WELLINGTON AVE (3000 N),"$62,189.54",62189.54
32,Street Resurfacing Menu (2023),ON N OAKLEY AVE FROM 2200 N TO W LYNDALE ST (2230 N),"$21,743.28",21743.28
32,Street Resurfacing Menu (2023),ON N WOLCOTT AVE FROM W DICKENS AVE (2100 N) TO N AVONDALE AVE (2200 N),"$17,875.85",17875.85
32,Street Resurfacing Menu (2023),ON W ALTGELD ST FROM 2400 W TO N WESTERN AVE (2400 W),"$100,108.07",100108.07
32,Street Resurfacing Menu (2023),ON W DICKENS AVE FROM N LEAVITT ST (2200 W) TO N OAKLEY AVE (2300 W),"$68,149.17",68149.17
32,Street Resurfacing Menu (2023),ON W WELLINGTON AVE FROM N RAVENSWOOD AVE (1800 W) TO N HONORE ST (1820 W),"$17,028.51",17028.51
32,Street Resurfacing Menu (2023),ON W WRIGHTWOOD AVE FROM N ASHLAND AVE (1600 W) TO N CLYBOURN AVE (1900 W),"$164,382.46",164382.46
32,Street Speed Hump Menu (2023),ON N PAULINA ST FROM W WABANSIA AVE (1700 N) TO W BLOOMINGDALE AVE (1799 N),"$4,880.00",4880.0
32,Street Speed Hump Menu (2023),ON W ALTGELD ST FROM 2400 W TO N WESTERN AVE (2400 W),$0.00,0.0
32,Street Speed Hump Menu (2023),ON W ALTGELD ST FROM N SURREY CT (1300 W) TO N WAYNE AVE (1340 W),"$2,440.00",2440.0
32,Street Speed Hump Menu (2023),ON W CHURCHILL ST FROM N HOYNE AVE (2100 W) TO N LEAVITT ST (2200 W); 2100 W CHURCHILL ST,"$4,880.00",4880.0
32,Street Speed Hump Replacement (2023),ON N HOYNE AVE FROM N CLYBOURN AVE (2910 N) TO W WELLINGTON AVE (3000 N),$0.00,0.0
32,Street Speed Hump Replacement (2023),ON W DICKENS AVE FROM N LEAVITT ST (2200 W) TO N OAKLEY AVE (2300 W),$0.00,0.0
33,33rd Ward Planters,N KIMBALL AVE & W LAWRENCE AVE,"$27,543.84",27543.84
33,Alley Resurfacing Menu (2023),N SACRAMENTO AVE & W GRACE ST&W BYRON ST & N RICHMOND ST,"$38,578.11",38578.11
33,Alley Resurfacing Menu (2023),N SAWYER AVE & W MONTROSE AVE&W SUNNYSIDE AVE & N SPAULDING AVE,"$39,305.44",39305.44
33,Alley Speed Hump Menu (2023),N ALBANY AVE & W ARGYLE ST&W CARMEN AVE & N TROY ST,"$1,450.00",1450.0
33,Alley Speed Hump Menu (2023),N CALIFORNIA AVE & W ADDISON ST&W WAVELAND AVE & N MOZART ST,"$2,175.00",2175.0
33,Arterial Street Bump Outs Menu (2023),N KEDZIE AVE & W CARMEN AVE,"$100,000.00",100000.0
33,Arterial Street Bump Outs Menu (2023),W LAWRENCE AVE & N CHRISTIANA AVE,"$41,791.71",41791.71
33,Ave. & W. Lawrence Ave. Playground renovations at Haugan Elementary School,4540 N HAMLIN AVE,"$42,000.00",42000.0
33,Bike Lane/Marked Shared Lane Menu (2023),ON W BERTEAU AVE FROM N CALIFORNIA AVE (2800 W) TO N ELSTON AVE (3850 W),"$106,763.39",106763.39
33,Chicago Public Schools (2023),3221 N SACRAMENTO AVE,"$200,000.00",200000.0
33,Concrete Alley Menu (2023),N SPAULDING AVE & W EASTWOOD AVE&W EASTWOOD AVE & N KEDZIE AVE,"$280,000.00",280000.0
33,Curb & Gutter Menu (2023),3401 W LELAND AVE; 3422 W LELAND AVE,"$7,527.70",7527.7
33,Curb & Gutter Menu (2023),3525 N WHIPPLE ST,"$3,742.90",3742.9
33,Curb & Gutter Menu (2023),3857 N WHIPPLE ST,"$3,383.19",3383.19
33,Curb & Gutter Menu (2023),4438 N ALBANY AVE,"$8,596.81",8596.81
33,Diagonal Parking Menu (2023),3023 W MONTROSE AVE,"$52,563.69",52563.69
33,Installation of Accessible Pedestrian Signals at N. Kimball,N KIMBALL AVE & W LAWRENCE AVE,"$8,208.29",8208.29
33,Sidewalk Menu (2023),3724 N SAWYER AVE,"$6,407.16",6407.16
33,Sidewalk Menu (2023),3822 N ALBANY AVE,"$5,041.30",5041.3
33,Sidewalk Menu (2023),3843 N SAWYER AVE,"$5,120.54",5120.54
33,Sidewalk Menu (2023),4031 N KEDZIE AVE,"$21,690.48",21690.48
33,Sidewalk Menu (2023),4056 N KIMBALL AVE,"$12,637.85",12637.85
33,Sidewalk Menu (2023),4140 N MOZART ST,"$7,557.05",7557.05
33,Sidewalk Menu (2023),4547 N ST LOUIS AVE,"$4,093.10",4093.1
33,Sidewalk Menu (2023),4639 N KEDZIE AVE,"$9,127.87",9127.87
33,Sidewalk Menu (2023),N KEDZIE AVE & W LELAND AVE,"$125,000.00",125000.0
33,Speed Indicator Signs (2023),ON N PULASKI RD FROM W MONTROSE AVE (4400 N) TO W LAWRENCE AVE (4800 N); N PULASKI RD & W SUNNYSIDE AVE,"$22,439.57",22439.57
33,Street Bump Outs Menu (2023),N KEDZIE AVE & W EASTWOOD AVE,"$23,668.38",23668.38
33,Street Bump Outs Menu (2023),N KEDZIE AVE & W LELAND AVE,"$28,270.24",28270.24
33,Street Bump Outs Menu (2023),N RICHMOND ST & W BERTEAU AVE,"$15,000.00",15000.0
33,Street Resurfacing Menu (2023),ON N ST LOUIS AVE FROM W MONTROSE AVE (4400 N) TO W WILSON AVE (4600 N),"$101,805.38",101805.38
33,Street Resurfacing Menu (2023),ON W BERTEAU AVE FROM N CENTRAL PARK AVE (3600 W) TO N MONTICELLO AVE (3630 W),"$20,698.45",20698.45
33,Street Resurfacing Menu (2023),ON W BERTEAU AVE FROM N KEDZIE AVE (3200 W) TO N SAWYER AVE (3230 W),"$32,279.91",32279.91
33,Street Resurfacing Menu (2023),ON W BERTEAU AVE FROM N LAWNDALE AVE (3700 W) TO N HAMLIN AVE (3800 W),"$60,062.95",60062.95
33,Street Resurfacing Menu (2023),ON W BERTEAU AVE FROM N RICHMOND ST (2930 W) TO N FRANCISCO AVE (2900 W),"$23,154.80",23154.8
33,Street Speed Hump Menu (2023),ON N TROY ST FROM W SCHOOL ST (3300 N) TO W ROSCOE ST (3400 N),"$4,253.51",4253.51
33,Street Speed Hump Replacement (2023),ON N ST LOUIS AVE FROM W MONTROSE AVE (4400 N) TO W WILSON AVE (4600 N),$0.00,0.0
33,Street Speed Hump Replacement (2023),ON W BERTEAU AVE FROM N KEDZIE AVE (3200 W) TO N SAWYER AVE (3230 W),$0.00,0.0
34,Alley Apron Menu (2023),813 S CARPENTER ST,"$56,665.85",56665.85
34,Alley Resurfacing Menu (2023),W ADAMS ST & S MORGAN ST&S ABERDEEN ST & W MONROE ST,"$39,904.51",39904.51
34,Alley Resurfacing Menu (2023),W TAYLOR ST & S CARPENTER ST&S ABERDEEN ST & W ARTHINGTON ST,"$12,543.28",12543.28
34,Alley Speed Hump Replacement (2023),W ADAMS ST & S MORGAN ST&S ABERDEEN ST & W MONROE ST,$0.00,0.0
34,Alley Speed Hump Replacement (2023),W TAYLOR ST & S CARPENTER ST&S ABERDEEN ST & W ARTHINGTON ST,$0.00,0.0
34,Arterial Street Bump Outs Menu (2023),S JEFFERSON ST & W HARRISON ST; ON S JEFFERSON ST FROM W JACKSON BLVD (300 S) TO W HARRISON ST (600 S),"$260,000.00",260000.0
34,Arterial Street Bump Outs Menu (2023),W ADAMS ST & S PEORIA ST,"$167,828.89",167828.89
34,Curb & Gutter Menu (2023),122 S MICHIGAN AVE,"$1,458.57",1458.57
34,Curb & Gutter Menu (2023),1503-1529 W ADAMS ST,"$60,000.00",60000.0
34,Curb & Gutter Menu (2023),499 S JEFFERSON ST; ON S JEFFERSON ST FROM W CONGRESS PKWY (500 S) TO W HARRISON ST (600 S),"$100,000.00",100000.0
34,Curb & Gutter Menu (2023),ON S PEORIA ST FROM W ADAMS ST (200 S) TO W JACKSON BLVD (300 S),"$21,130.90",21130.9
34,Curb & Gutter Menu (2023),W CONGRESS PKWY & S CLINTON ST,"$29,921.28",29921.28
34,Pavement Markings Menu (2023),ON W ADAMS ST FROM S HALSTED ST (800 W) TO S MORGAN ST (1000 W),"$4,000.00",4000.0
34,Pavement Markings Menu (2023),ON W VAN BUREN ST FROM S RACINE AVE (1200 W) TO S ASHLAND AVE (1600 W),"$7,000.00",7000.0
34,Sidewalk Menu (2023),1067 W POLK ST,"$5,586.97",5586.97
34,Sidewalk Menu (2023),1111 W MADISON ST,"$5,956.17",5956.17
34,Sidewalk Menu (2023),1129 W MONROE ST,"$4,017.36",4017.36
34,Sidewalk Menu (2023),1148 W MONROE ST,"$3,122.28",3122.28
34,Sidewalk Menu (2023),1502 W JACKSON BLVD,"$1,475.90",1475.9
34,Sidewalk Menu (2023),1524 W VAN BUREN ST,"$12,538.51",12538.51
34,Sidewalk Menu (2023),1628-1632 W ADAMS ST,"$37,689.24",37689.24
34,Sidewalk Menu (2023),224 S MICHIGAN AVE; 200 S MICHIGAN AVE,"$21,205.80",21205.8
34,Sidewalk Menu (2023),230-250 S ASHLAND AVE,"$4,457.27",4457.27
34,Sidewalk Menu (2023),420 S CLINTON ST,"$67,276.60",67276.6
34,Sidewalk Menu (2023),560 W FULTON ST,"$5,867.95",5867.95
34,Sidewalk Menu (2023),59-61 E VAN BUREN ST,"$8,187.16",8187.16
34,Sidewalk Menu (2023),6 N MAY ST,"$21,592.98",21592.98
34,Sidewalk Menu (2023),ON N JEFFERSON ST FROM W FULTON ST (300 N) TO W KINZIE ST (400 N),"$28,439.23",28439.23
34,Sidewalk Menu (2023),ON S LAFLIN ST FROM W ADAMS ST (200 S) TO W JACKSON BLVD (300 S),"$50,028.39",50028.39
34,Sidewalk Menu (2023),ON W MADISON ST FROM 1144 W TO N RACINE AVE (1160 W),"$31,318.26",31318.26
34,Sidewalk Menu (2023),ON W MADISON ST FROM 934-936 W TO N SANGAMON ST (930 W); 934-936 W MADISON ST,"$5,712.55",5712.55
34,Sidewalk Menu (2023),ON W WAYMAN ST FROM N JEFFERSON ST (600 W) TO N DESPLAINES ST (640 W),"$31,232.65",31232.65
34,Sidewalk Menu (2023),W JACKSON BLVD & S WELLS ST,"$10,836.05",10836.05
34,Street Resurfacing Menu (2023),ON S MILLER ST FROM W POLK ST (800 S) TO W TAYLOR ST (1000 S),"$98,788.22",98788.22
34,Street Resurfacing Menu (2023),ON S PEORIA ST FROM W ADAMS ST (200 S) TO W JACKSON BLVD (300 S),"$8,338.10",8338.1
34,Street Resurfacing Menu (2023),ON W CONGRESS PKWY FROM S CLINTON ST (540 W) TO S JEFFERSON ST (600 W),"$29,334.57",29334.57
34,Street Resurfacing Menu (2023),ON W MONROE ST FROM S HALSTED ST (800 W) TO S MORGAN ST (1000 W),"$137,697.69",137697.69
34,Street Resurfacing Menu (2023),ON W MONROE ST FROM S MORGAN ST (1000 W) TO S ABERDEEN ST (1100 W),"$79,337.35",79337.35
34,Street Resurfacing Menu (2023),ON W WAYMAN ST FROM N JEFFERSON ST (600 W) TO N DESPLAINES ST (640 W),"$29,509.46",29509.46
34,Street Speed Hump Replacement (2023),ON S MILLER ST FROM W POLK ST (800 S) TO W TAYLOR ST (1000 S),$0.00,0.0
34,Street Speed Hump Replacement (2023),ON W WAYMAN ST FROM N JEFFERSON ST (600 W) TO N DESPLAINES ST (640 W),$0.00,0.0
35,"(2023) In-Road ""State Law Stop For Pedestrians"" Sign Menu",W DIVERSEY AVE & N WHIPPLE ST,$350.00,350.0
35,"(2023) In-Road ""State Law Stop For Pedestrians"" Sign Menu",W MONTROSE AVE & N BERNARD ST,$549.99,549.99
35,"(2023) In-Road ""State Law Stop For Pedestrians"" Sign Menu",W MONTROSE AVE & N LAWNDALE AVE,$700.00,700.0
35,"(2023) In-Road ""State Law Stop For Pedestrians"" Sign Menu",W MONTROSE AVE & N RIDGEWAY AVE,$700.00,700.0
35,(2023) Miscellaneous CDOT Projects (2023),2707 N MILWAUKEE AVE,"$2,600.00",2600.0
35,35th Ward Mural 2023 2912 N California,2912 N CALIFORNIA AVE,"$45,000.00",45000.0
35,Alley Apron Menu (2023),2238 N SPAULDING AVE,"$10,929.21",10929.21
35,Alley Apron Menu (2023),2468 N ALBANY AVE,"$16,852.92",16852.92
35,Alley Apron Menu (2023),2849 W BARRY AVE,"$22,970.72",22970.72
35,Alley Resurfacing Menu (2023),N LAWNDALE AVE & W ALTGELD ST&W FULLERTON AVE & N RIDGEWAY AVE,"$43,058.68",43058.68
35,Alley Resurfacing Menu (2023),W ALTGELD ST & N HARDING AVE&N PULASKI RD & W WRIGHTWOOD AVE,"$48,808.67",48808.67
35,Alley Resurfacing Menu (2023),W BELDEN AVE & N SPRINGFIELD AVE&N PULASKI RD & W PALMER ST,"$15,048.54",15048.54
35,Alley Resurfacing Menu (2023),W BELMONT AVE & N KIMBALL AVE&N BERNARD ST & W BARRY AVE,"$47,137.55",47137.55
35,Alley Resurfacing Menu (2023),W DIVERSEY AVE & N LAWNDALE AVE&N RIDGEWAY AVE & W SCHUBERT AVE,"$61,843.85",61843.85
35,Alley Resurfacing Menu (2023),W MEDILL AVE & N DRAKE AVE&N CENTRAL PARK AVE & W FULLERTON AVE,"$20,731.91",20731.91
35,Alley Resurfacing Menu (2023),W WAVELAND AVE & N DRAKE AVE&N ST LOUIS AVE & W GRACE ST,"$36,724.08",36724.08
35,Alley Speed Hump Menu (2023),W BELMONT AVE & N BERNARD ST&N ST LOUIS AVE & W BARRY AVE,"$2,175.00",2175.0
35,Alley Speed Hump Menu (2023),W BELMONT AVE & N DRAKE AVE&N CENTRAL PARK AVE & W BARRY AVE,"$1,450.00",1450.0
35,Alley Speed Hump Menu (2023),W BELMONT AVE & N DRAKE AVE&N CENTRAL PARK AVE & W HENDERSON ST,"$3,625.00",3625.0
35,Alley Speed Hump Menu (2023),W BELMONT AVE & N KIMBALL AVE&N DRAKE AVE & W MELROSE ST,"$3,625.00",3625.0
35,Alley Speed Hump Replacement (2023),W ALTGELD ST & N HARDING AVE&N PULASKI RD & W WRIGHTWOOD AVE,$0.00,0.0
35,Alley Speed Hump Replacement (2023),W MEDILL AVE & N DRAKE AVE&N CENTRAL PARK AVE & W FULLERTON AVE,$0.00,0.0
35,Bike Lane/Marked Shared Lane Menu (2023),ON N CALIFORNIA AVE FROM W DIVERSEY AVE (2800 N) TO W BELMONT AVE (3200 N),"$250,000.00",250000.0
35,Bike Lane/Marked Shared Lane Menu (2023),ON N CENTRAL PARK AVE FROM W DIVERSEY AVE (2800 N) TO W BELMONT AVE (3200 N),"$60,000.00",60000.0
35,Bike Lane/Marked Shared Lane Menu (2023),ON W WELLINGTON AVE FROM N KEDZIE AVE (3200 W) TO N KIMBALL AVE (3400 W),"$54,500.00",54500.0
35,Curb & Gutter Menu (2023),3733-3737 N CENTRAL PARK AVE,"$44,181.87",44181.87
35,"In-Road ""State Law Stop For Pedestrians"" Sign Menu",N KEDZIE AVE & W BARRY AVE,$700.00,700.0
35,"In-Road ""State Law Stop For Pedestrians"" Sign Menu",N MILWAUKEE AVE & N SPAULDING AVE,$600.00,600.0
35,Pedestrian Refuge Island Menu (2023),W FULLERTON AVE & N ST LOUIS AVE,"$75,510.77",75510.77
35,Sidewalk Menu (2023),2606 N KIMBALL AVE,$917.04,917.04
35,Sidewalk Menu (2023),3309 W WELLINGTON AVE,"$2,083.50",2083.5
35,Sidewalk Menu (2023),3449 W SCHOOL ST; ON W SCHOOL ST FROM 3540 W TO W MELROSE ST (3410 W),"$81,022.53",81022.53
35,Sidewalk Menu (2023),3458 N KIMBALL AVE,"$5,686.83",5686.83
35,Sidewalk Menu (2023),3701 W FULLERTON AVE,"$20,878.58",20878.58
35,Sidewalk Menu (2023),3926 W BELDEN AVE,"$1,559.87",1559.87
35,Sidewalk Menu (2023),ON N DRAKE AVE FROM 2115 N TO W DICKENS AVE (2100 N),"$9,740.90",9740.9
35,Sidewalk Menu (2023),ON N DRAKE AVE FROM W PALMER ST (2200 N) TO W LYNDALE ST (2230 N),"$18,504.62",18504.62
35,Sidewalk Menu (2023),ON N KEELER AVE FROM W DICKENS AVE (2100 N) TO W PALMER ST (2200 N),"$51,218.12",51218.12
35,Sidewalk Menu (2023),ON N KIMBALL AVE FROM W BELDEN AVE (2300 N) TO W MEDILL AVE (2330 N),"$39,061.02",39061.02
35,Sidewalk Menu (2023),ON N SPRINGFIELD AVE FROM W BELDEN AVE (2300 N) TO W FULLERTON AVE (2400 N),"$70,441.42",70441.42
35,Sidewalk Menu (2023),ON N SPRINGFIELD AVE FROM W WRIGHTWOOD AVE (2600 N) TO W SCHUBERT AVE (2700 N),"$17,044.07",17044.07
35,Speed Indicator Signs (2023),3103-3106 N KEDZIE AVE; W BARRY AVE & N KEDZIE AVE,"$11,219.79",11219.79
35,Street Bump Outs Menu (2023),W SHAKESPEARE AVE & N DRAKE AVE,"$7,548.73",7548.73
35,Street Light Pole for High Definition Camera Menu (2023),N HAMLIN AVE & W BELDEN AVE,"$3,000.00",3000.0
35,Street Light Pole Painting Menu (2023),ON N DAWSON AVE FROM N KIMBALL AVE (2900 N) TO W WELLINGTON AVE (3000 N),"$1,200.00",1200.0
35,Street Light Pole Painting Menu (2023),ON N DRAKE AVE FROM N ELBRIDGE AVE (3060 N) TO W BELMONT AVE (3200 N),"$11,231.00",11231.0
35,Street Light Pole Painting Menu (2023),ON N KIMBALL AVE FROM W DIVERSEY AVE (2800 N) TO W ADDISON ST (3600 N),"$33,600.00",33600.0
35,Street Light Pole Painting Menu (2023),ON N SAWYER AVE FROM W DIVERSEY AVE (2800 N) TO N AVONDALE AVE (3200 N),"$5,600.00",5600.0
35,Street Light Pole Painting Menu (2023),ON N ST LOUIS AVE FROM W BARRY AVE (3100 N) TO W BELMONT AVE (3200 N),"$1,400.00",1400.0
35,Street Light Pole Painting Menu (2023),ON W BELMONT AVE FROM N KEDZIE AVE (3200 W) TO N CENTRAL PARK AVE (3600 W),"$24,600.00",24600.0
35,Street Light Pole Painting Menu (2023),ON W DIVERSEY AVE FROM N KEDZIE AVE (3200 W) TO N CENTRAL PARK AVE (3600 W),"$24,200.00",24200.0
35,Street Light Pole Painting Menu (2023),ON W GEORGE ST FROM N KEDZIE AVE (3200 W) TO N SAWYER AVE (3230 W),"$3,200.00",3200.0
35,Street Light Pole Painting Menu (2023),ON W WELLINGTON AVE FROM N KEDZIE AVE (3200 W) TO N SAWYER AVE (3230 W),"$3,050.00",3050.0
35,Street Light Pole Painting Menu (2023),ON W WOLFRAM ST FROM N MILWAUKEE AVE (3500 W) TO N DRAKE AVE (3560 W),"$1,200.00",1200.0
35,Street Resurfacing Menu (2023),ON N SAWYER AVE FROM W BARRY AVE (3100 N) TO W BELMONT AVE (3200 N),"$60,437.96",60437.96
35,Street Resurfacing Menu (2023),ON N SPAULDING AVE FROM W BELMONT AVE (3200 N) TO W BARRY AVE (3100 N),"$50,322.18",50322.18
35,Street Resurfacing Menu (2023),ON W ALTGELD ST FROM N HARDING AVE (3930 W) TO N PULASKI RD (4000 W),"$22,305.26",22305.26
35,Street Resurfacing Menu (2023),ON W FLETCHER ST FROM N WASHTENAW AVE (2700 W) TO N ELSTON AVE (2740 W),"$27,832.81",27832.81
35,Street Speed Hump Menu (2023),ON W BARRY AVE FROM N KIMBALL AVE (3400 W) TO N ST LOUIS AVE (3500 W),"$4,880.00",4880.0
35,Street Speed Hump Menu (2023),ON W BARRY AVE FROM N ST LOUIS AVE (3500 W) TO N CENTRAL PARK AVE (3600 W),"$4,880.00",4880.0
35,Street Speed Hump Menu (2023),ON W PALMER ST FROM N PULASKI RD (4000 W) TO N KOSTNER AVE (4400 W),"$9,760.00",9760.0
35,Street Speed Hump Replacement (2023),ON N SAWYER AVE FROM W BARRY AVE (3100 N) TO W BELMONT AVE (3200 N),$0.00,0.0
36,Alley Apron Menu (2023),2746 N NEWLAND AVE,"$26,433.77",26433.77
36,Alley Apron Menu (2023),3256 N NEWLAND AVE,"$4,682.08",4682.08
36,Alley Resurfacing Menu (2023),N LOCKWOOD AVE & W GRAND AVE&W DICKENS AVE & N LATROBE AVE,"$32,379.07",32379.07
36,Alley Resurfacing Menu (2023),N LOCKWOOD AVE & W PALMER ST&W DICKENS AVE & N LATROBE AVE; 2159 N LOCKWOOD AVE,"$47,534.60",47534.6
36,Alley Resurfacing Menu (2023),N MANGO AVE & W GRAND AVE&W BELDEN AVE & N MENARD AVE,"$66,334.07",66334.07
36,Alley Resurfacing Menu (2023),N MEADE AVE & W GRAND AVE&W FULLERTON AVE & N MOODY AVE,"$96,088.92",96088.92
36,Alley Resurfacing Menu (2023),N MENARD AVE & W GRAND AVE&W BELDEN AVE & N MONITOR AVE,"$26,912.00",26912.0
36,Alley Resurfacing Menu (2023),N NARRAGANSETT AVE & W DICKENS AVE&W PALMER ST & N MULLIGAN AVE,"$32,970.83",32970.83
36,Alley Resurfacing Menu (2023),N NORMANDY AVE & W WRIGHTWOOD AVE&W SCHUBERT AVE & N RUTHERFORD AVE,"$45,390.50",45390.5
36,Alley Resurfacing Menu (2023),N OAK PARK AVE & W SCHUBERT AVE&W WRIGHTWOOD AVE & N NEWCASTLE AVE,"$40,154.03",40154.03
36,Alley Resurfacing Menu (2023),W PALMER ST & N MOODY AVE&N MELVINA AVE & W DICKENS AVE,"$11,295.13",11295.13
36,Alley Speed Hump Replacement (2023),N LOCKWOOD AVE & W GRAND AVE&W DICKENS AVE & N LATROBE AVE,$0.00,0.0
36,Alley Speed Hump Replacement (2023),N LOCKWOOD AVE & W PALMER ST&W DICKENS AVE & N LATROBE AVE; 2159 N LOCKWOOD AVE,$0.00,0.0
36,Alley Speed Hump Replacement (2023),N MANGO AVE & W GRAND AVE&W BELDEN AVE & N MENARD AVE,$0.00,0.0
36,Alley Speed Hump Replacement (2023),N MEADE AVE & W GRAND AVE&W FULLERTON AVE & N MOODY AVE,$0.00,0.0
36,Alley Speed Hump Replacement (2023),W PALMER ST & N MOODY AVE&N MELVINA AVE & W DICKENS AVE,$0.00,0.0
36,Concrete Alley Menu (2023),N MASON AVE & W GRAND AVE&W BELDEN AVE & N MARMORA AVE,"$38,627.71",38627.71
36,Concrete Alley Menu (2023),N MCVICKER AVE & W DICKENS AVE&W GRAND AVE & N AUSTIN AVE,"$44,417.13",44417.13
36,Concrete Alley Menu (2023),N MEADE AVE & W DICKENS AVE&W GRAND AVE & N MCVICKER AVE,"$17,329.31",17329.31
36,Curb & Gutter Menu (2023),2846 N NAGLE AVE,"$6,087.03",6087.03
36,Diagonal Parking Menu (2023),2150 N CICERO AVE; 4801 W PALMER ST,"$1,020.00",1020.0
36,Floodlight Menu (2023),2100 N LATROBE AVE,$950.00,950.0
36,Miscellaneous CDOT Projects (2023),6800 W DIVERSEY AVE,$660.00,660.0
36,Sidewalk Menu (2023),1940 N LAMON AVE,"$8,179.04",8179.04
36,Sidewalk Menu (2023),2120 N MASON AVE,"$4,190.19",4190.19
36,Sidewalk Menu (2023),2124 N NAGLE AVE,"$3,442.11",3442.11
36,Sidewalk Menu (2023),2141 N MERRIMAC AVE; 2122 N MERRIMAC AVE,"$8,901.28",8901.28
36,Sidewalk Menu (2023),2172 N MAJOR AVE,"$3,083.41",3083.41
36,Sidewalk Menu (2023),2215 N NARRAGANSETT AVE,"$5,721.32",5721.32
36,Sidewalk Menu (2023),2227 W SUPERIOR ST,"$5,070.48",5070.48
36,Sidewalk Menu (2023),2242 N MARMORA AVE; 2234 N MARMORA AVE,"$14,436.31",14436.31
36,Sidewalk Menu (2023),2256 N MEADE AVE,"$3,618.66",3618.66
36,Sidewalk Menu (2023),2300 N RUTHERFORD AVE,"$6,973.59",6973.59
36,Sidewalk Menu (2023),2345 N MEADE AVE,"$4,155.00",4155.0
36,Sidewalk Menu (2023),2524 N NEWCASTLE AVE,"$7,943.22",7943.22
36,Sidewalk Menu (2023),2632 N MELVINA AVE,"$4,797.71",4797.71
36,Sidewalk Menu (2023),2642 N NEW ENGLAND AVE,"$11,179.47",11179.47
36,Sidewalk Menu (2023),2653 N OAK PARK AVE; 2659 N OAK PARK AVE,"$16,452.43",16452.43
36,Sidewalk Menu (2023),2704 N NEW ENGLAND AVE,"$3,826.81",3826.81
36,Sidewalk Menu (2023),2711 N NEWLAND AVE,"$4,263.13",4263.13
36,Sidewalk Menu (2023),2729 N RUTHERFORD AVE,"$4,961.92",4961.92
36,Sidewalk Menu (2023),2826 N NORMANDY AVE,"$8,844.14",8844.14
36,Sidewalk Menu (2023),2905 N NORMANDY AVE; 2901 N NORMANDY AVE,"$9,337.25",9337.25
36,Sidewalk Menu (2023),2906 N NAGLE AVE,"$1,946.75",1946.75
36,Sidewalk Menu (2023),2934 N NEWCASTLE AVE,"$5,550.55",5550.55
36,Sidewalk Menu (2023),2935 N NEENAH AVE,"$7,928.20",7928.2
36,Sidewalk Menu (2023),2947 N OAK PARK AVE,"$5,278.64",5278.64
36,Sidewalk Menu (2023),3047 N RUTHERFORD AVE,"$3,975.49",3975.49
36,Sidewalk Menu (2023),3140 N RUTHERFORD AVE,"$3,553.12",3553.12
36,Sidewalk Menu (2023),3343 N NAGLE AVE,$828.95,828.95
36,Sidewalk Menu (2023),4106 W HIRSCH ST,"$39,900.97",39900.97
36,Sidewalk Menu (2023),527 N WESTERN AVE,"$32,164.14",32164.14
36,Sidewalk Menu (2023),5615 W EDDY ST,"$3,273.35",3273.35
36,Sidewalk Menu (2023),6325 W PALMER ST,"$12,613.85",12613.85
36,Sidewalk Menu (2023),6502 W WELLINGTON AVE,"$30,131.89",30131.89
36,Street Resurfacing Menu (2023),ON N LATROBE AVE FROM W GRAND AVE (2000 N) TO W BELDEN AVE (2300 N),"$167,085.42",167085.42
36,Street Resurfacing Menu (2023),ON N MAJOR AVE FROM W ARMITAGE AVE (2000 N) TO W FULLERTON AVE (2400 N),"$199,917.96",199917.96
36,Street Resurfacing Menu (2023),ON N MARMORA AVE FROM W BELDEN AVE (2300 N) TO W FULLERTON AVE (2400 N),"$42,802.10",42802.1
36,Street Resurfacing Menu (2023),ON N MOBILE AVE FROM W GRAND AVE (2300 N) TO W FULLERTON AVE (2400 N),"$50,703.86",50703.86
36,Street Resurfacing Menu (2023),ON W BELDEN AVE FROM N CENTRAL AVE (5600 W) TO N AUSTIN AVE (6000 W),"$157,328.08",157328.08
36,Street Speed Hump Replacement (2023),ON N LATROBE AVE FROM W GRAND AVE (2000 N) TO W BELDEN AVE (2300 N),$0.00,0.0
37,Alley Apron Menu (2023),5101 W POTOMAC AVE,"$29,083.95",29083.95
37,Alley Apron Menu (2023),ON W LE MOYNE ST FROM N LOTUS AVE (5440 W) TO N LINDER AVE (5500 W),"$23,096.28",23096.28
37,Alley Resurfacing Menu (2023),1037 N LAWLER AVE; N LAWLER AVE & W THOMAS ST&W AUGUSTA BLVD & N LAVERGNE AVE,"$35,207.63",35207.63
37,Alley Resurfacing Menu (2023),N LOREL AVE & W POTOMAC AVE&W HIRSCH ST & N LONG AVE,"$46,593.30",46593.3
37,Alley Resurfacing Menu (2023),N LOTUS AVE & W WABANSIA AVE&W BLOOMINGDALE AVE & N LINDER AVE; 1800 N LOTUS AVE,"$38,361.80",38361.8
37,Alley Resurfacing Menu (2023),W CHICAGO AVE & N LATROBE AVE&N LOCKWOOD AVE & W IOWA ST,"$15,417.03",15417.03
37,Alley Resurfacing Menu (2023),W POTOMAC AVE & N LECLAIRE AVE&N LAVERGNE AVE & W CRYSTAL ST,"$41,665.83",41665.83
37,Alley Resurfacing Menu (2023),W WALTON ST & N LAMON AVE&N LAVERGNE AVE & W AUGUSTA BLVD; 4900 W WALTON ST,"$40,886.12",40886.12
37,Alley Speed Hump Menu (2023),N KARLOV AVE & W IOWA ST&W AUGUSTA BLVD & N KEDVALE AVE,"$1,450.00",1450.0
37,Alley Speed Hump Replacement (2023),1037 N LAWLER AVE; N LAWLER AVE & W THOMAS ST&W AUGUSTA BLVD & N LAVERGNE AVE,$0.00,0.0
37,Alley Speed Hump Replacement (2023),N LOREL AVE & W POTOMAC AVE&W HIRSCH ST & N LONG AVE,$0.00,0.0
37,Alley Speed Hump Replacement (2023),W CHICAGO AVE & N LATROBE AVE&N LOCKWOOD AVE & W IOWA ST,$0.00,0.0
37,Alley Speed Hump Replacement (2023),W POTOMAC AVE & N LECLAIRE AVE&N LAVERGNE AVE & W CRYSTAL ST,$0.00,0.0
37,Arterial Street Bump Outs Menu (2023),N KOSTNER AVE & W POTOMAC AVE,"$7,245.00",7245.0
37,Bollard Menu (2023),1542 N LEAMINGTON AVE,"$5,579.82",5579.82
37,Concrete Alley Menu (2023),1434-1436 N LOCKWOOD AVE,"$3,267.87",3267.87
37,Curb & Gutter Menu (2023),811 N LOCKWOOD AVE; ON N LOCKWOOD AVE FROM W CHICAGO AVE (800 N) TO W AUGUSTA BLVD (1000 N),"$231,588.16",231588.16
37,Curb & Gutter Menu (2023),ON W WABANSIA AVE FROM N LARAMIE AVE (5200 W) TO N LATROBE AVE (5230 W),"$19,616.93",19616.93
37,Miscellaneous CDOT Projects (2023),5329-5333 W NORTH AVE,"$2,100.00",2100.0
37,Sidewalk Menu (2023),1401 N LARAMIE AVE,"$27,612.79",27612.79
37,Sidewalk Menu (2023),1710-1723 N LECLAIRE AVE,"$5,935.31",5935.31
37,Sidewalk Menu (2023),345 N AVERS AVE,"$57,117.64",57117.64
37,Sidewalk Menu (2023),4000-4100 W IOWA ST; ON W IOWA ST FROM N PULASKI RD (4000 W) TO N KARLOV AVE (4100 W),"$40,279.39",40279.39
37,Sidewalk Menu (2023),5302-5315 W HIRSCH ST,"$5,818.73",5818.73
37,Sidewalk Menu (2023),5427 W POTOMAC AVE,"$6,743.29",6743.29
37,Sidewalk Menu (2023),900 N KEYSTONE AVE,"$19,660.59",19660.59
37,Sidewalk Menu (2023),ON W CHICAGO AVE FROM N KILBOURN AVE (4500 W) TO N KENTON AVE (4599 W); 4601 W CHICAGO AVE,"$31,270.00",31270.0
37,Street Bump Outs Menu (2023),N PINE AVE & W IOWA ST,"$35,045.07",35045.07
37,Street Light Residential Staggered Piggy Back Menu (2023),ON N KOLIN AVE FROM W CHICAGO AVE (800 N) TO W IOWA ST (900 N),"$163,000.00",163000.0
37,Street Light Residential Staggered Piggy Back Menu (2023),ON W ERIE ST FROM N CICERO AVE (4800 W) TO N LAVERGNE AVE (5000 W),"$340,000.00",340000.0
37,Street Light Residential Staggered Piggy Back Menu (2023),ON W HURON ST FROM N LAVERGNE AVE (5000 W) TO N LECLAIRE AVE (5100 W),"$147,873.65",147873.65
37,Street Resurfacing Menu (2023),ON N KEELER AVE FROM W WALTON ST (930 N) TO W IOWA ST (900 N),"$24,133.51",24133.51
37,Street Resurfacing Menu (2023),ON N LONG AVE FROM W POTOMAC AVE (1300 N) TO W HIRSCH ST (1400 N),"$27,362.78",27362.78
37,Street Resurfacing Menu (2023),ON W CRYSTAL ST FROM N KEELER AVE (4200 W) TO N KOSTNER AVE (4400 W),"$14,787.52",14787.52
37,Street Speed Hump Menu (2023),ON N LAVERGNE AVE FROM W CHICAGO AVE (800 N) TO W IOWA ST (900 N),"$4,880.00",4880.0
37,Street Speed Hump Menu (2023),ON N LOREL AVE FROM W POTOMAC AVE (1300 N) TO W HIRSCH ST (1400 N),"$4,880.00",4880.0
37,Street Speed Hump Menu (2023),ON W POTOMAC AVE FROM N LOREL AVE (5340 W) TO N LONG AVE (5400 W),"$2,440.00",2440.0
37,Street Speed Hump Replacement (2023),ON W CRYSTAL ST FROM N KEELER AVE (4200 W) TO N KOSTNER AVE (4400 W),$0.00,0.0
38,Alley Apron Menu (2023),3212 N ORIOLE AVE,"$10,552.37",10552.37
38,Alley Apron Menu (2023),3215 N OTTAWA AVE,"$21,654.40",21654.4
38,Alley Apron Menu (2023),4345 N MEADE AVE,"$20,974.81",20974.81
38,Alley Apron Menu (2023),4457 N MENARD AVE,"$24,571.70",24571.7
38,Alley Apron Menu (2023),5759 W MONTROSE AVE,"$25,791.59",25791.59
38,Curb & Gutter Menu (2023),3949 N NOTTINGHAM AVE,"$53,052.41",53052.41
38,Miscellaneous CDOT Projects (2023),5044 W BERTEAU AVE,$660.00,660.0
38,Miscellaneous CDOT Projects (2023),6100 W GRACE ST,$660.00,660.0
38,RuBeNo Triangle Acquisition,W BERENICE AVE & N NORMANDY AVE,"$50,000.00",50000.0
38,Rubeno Triangle Park,W BERENICE AVE & N NORMANDY AVE,"$50,000.00",50000.0
38,Sidewalk Menu (2023),3841-3859 N SAYRE AVE,"$17,176.20",17176.2
38,Sidewalk Menu (2023),3852 N SAYRE AVE,"$5,824.00",5824.0
38,Street Light Upgrade Menu (2023),3810 N OCTAVIA AVE,$500.00,500.0
38,Street Resurfacing Menu (2023),ON N MARMORA AVE FROM W BELLE PLAINE AVE (4100 N) TO W BERTEAU AVE (4200 N),"$54,483.27",54483.27
38,Street Resurfacing Menu (2023),ON N MCVICKER AVE FROM 4345 N TO W CULLOM AVE (4300 N),"$44,450.28",44450.28
38,Street Resurfacing Menu (2023),ON N MEADE AVE FROM W CULLOM AVE (4300 N) TO W MONTROSE AVE (4400 N),"$71,056.18",71056.18
38,Street Resurfacing Menu (2023),ON N MELVINA AVE FROM 4345 N TO W MONTROSE AVE (4400 N),"$13,505.37",13505.37
38,Street Resurfacing Menu (2023),ON N MELVINA AVE FROM W IRVING PARK RD (4000 N) TO W CUYLER AVE (4030 N),"$34,585.35",34585.35
38,Street Resurfacing Menu (2023),ON N MONITOR AVE FROM W CULLOM AVE (4300 N) TO W MONTROSE AVE (4400 N),"$57,456.54",57456.54
38,Street Resurfacing Menu (2023),ON N MOODY AVE FROM 4024 N TO W IRVING PARK RD (4000 N),"$21,784.75",21784.75
38,Street Resurfacing Menu (2023),ON N NATCHEZ AVE FROM W BITTERSWEET PL (4100 N) TO W BELLE PLAINE AVE (4149 N),"$42,294.38",42294.38
38,Street Resurfacing Menu (2023),ON N NEENAH AVE FROM W BELMONT AVE (3200 N) TO W SCHOOL ST (3300 N),"$62,038.90",62038.9
38,Street Resurfacing Menu (2023),ON N NEENAH AVE FROM W BITTERSWEET PL (4100 N) TO W BELLE PLAINE AVE (4120 N),"$54,156.94",54156.94
38,Street Resurfacing Menu (2023),ON N NEENAH AVE FROM W CORNELIA AVE (3500 N) TO W ROSCOE ST (3400 N),"$57,750.14",57750.14
38,Street Resurfacing Menu (2023),ON N OLEANDER AVE FROM W SCHOOL ST (3300 N) TO W ROSCOE ST (3400 N),"$57,397.82",57397.82
38,Street Resurfacing Menu (2023),ON N PARKSIDE AVE FROM W BERTEAU AVE (4200 N) TO W BELLE PLAINE AVE (4100 N),"$48,394.13",48394.13
38,Street Resurfacing Menu (2023),ON W BELLE PLAINE AVE FROM 6237 W TO N MELVINA AVE (6200 W),"$25,131.73",25131.73
38,Street Resurfacing Menu (2023),ON W BELLE PLAINE AVE FROM N NATCHEZ AVE (6434 W) TO N NEENAH AVE (6600 W),"$71,914.12",71914.12
38,Street Resurfacing Menu (2023),ON W BITTERSWEET PL FROM N NATCHEZ AVE (6434 W) TO N NEENAH AVE (6600 W),"$58,749.25",58749.25
38,Street Resurfacing Menu (2023),ON W BYRON ST FROM N MARMORA AVE (5900 W) TO N AUSTIN AVE (6000 W),"$51,091.85",51091.85
38,Street Resurfacing Menu (2023),ON W BYRON ST FROM N MELVINA AVE (6200 W) TO N NARRAGANSETT AVE (6400 W),"$102,389.41",102389.41
38,Street Resurfacing Menu (2023),ON W CULLOM AVE FROM N MAJOR AVE (5700 W) TO N MENARD AVE (5800 W),"$64,622.40",64622.4
38,Street Resurfacing Menu (2023),ON W EASTWOOD AVE FROM N MARMORA AVE (5900 W) TO N AUSTIN AVE (6000 W),"$29,525.87",29525.87
38,Street Resurfacing Menu (2023),ON W SCHOOL ST FROM 6602 W TO N NATOMA AVE (6630 W),"$19,641.51",19641.51
38,Street Resurfacing Menu (2023),ON W WAVELAND AVE FROM N PIONEER AVE (8200 W) TO N PITTSBURGH AVE (8230 W),"$29,255.51",29255.51
38,Street Speed Hump Menu (2023),3700-3800 N PACIFIC AVE,"$4,880.00",4880.0
38,Street Speed Hump Menu (2023),ON N OLCOTT AVE FROM W GRACE ST (3800 N) TO W FOREST PRESERVE AVE (3899 N),"$2,440.00",2440.0
38,Street Speed Hump Menu (2023),ON N OPAL AVE FROM W CORNELIA AVE (3500 N) TO W ADDISON ST (3600 N),"$4,880.00",4880.0
38,Street Speed Hump Menu (2023),ON N PARIS AVE FROM W BYRON ST (3900 N) TO W IRVING PARK RD (4000 N),"$4,880.00",4880.0
38,Street Speed Hump Replacement (2023),ON N MEADE AVE FROM W CULLOM AVE (4300 N) TO W MONTROSE AVE (4400 N),$0.00,0.0
38,Street Speed Hump Replacement (2023),ON N NATCHEZ AVE FROM W BITTERSWEET PL (4100 N) TO W BELLE PLAINE AVE (4149 N),$0.00,0.0
38,Street Speed Hump Replacement (2023),ON N NEENAH AVE FROM W BELMONT AVE (3200 N) TO W SCHOOL ST (3300 N),$0.00,0.0
38,Street Speed Hump Replacement (2023),ON W BYRON ST FROM N MARMORA AVE (5900 W) TO N AUSTIN AVE (6000 W),$0.00,0.0
38,Street Speed Hump Replacement (2023),ON W BYRON ST FROM N MELVINA AVE (6200 W) TO N NARRAGANSETT AVE (6400 W),$0.00,0.0
38,Street Speed Hump Replacement (2023),ON W CULLOM AVE FROM N MAJOR AVE (5700 W) TO N MENARD AVE (5800 W),$0.00,0.0
39,Connected Bike Lanes &,3939 W MONTROSE AVE,"$150,000.00",150000.0
39,Diamond Rehab Miscellaneous CDOT Projects (2023),6158 N MCVICKER AVE,$660.00,660.0
39,Pedestrian Safety & Traffic Calming 39th Ward 2023 Menu,4715 W DEVON AVE,"$50,000.00",50000.0
39,Pedestrian Safety on W. Montrose Ave Left Turn Arrow from,W LAWRENCE AVE & N CICERO AVE,"$150,000.00",150000.0
39,Sidewalk Menu (2023),N CICERO AVE & N FOREST GLEN AVE,"$21,434.58",21434.58
39,Street Light Upgrade Menu (2023),5324 N KIMBALL AVE,$500.00,500.0
39,Street Light Upgrade Menu (2023),5342 N CHRISTIANA AVE,$500.00,500.0
39,Street Light Upgrade Menu (2023),5605 N KEYSTONE AVE,$500.00,500.0
39,Street Light Upgrade Menu (2023),5887 N ELSTON AVE; 5946 N MANTON AVE,"$1,000.00",1000.0
39,Street Light Upgrade Menu (2023),6081 N SAUGANASH AVE,$500.00,500.0
39,Street Light Upgrade Menu (2023),6099 N SAUGANASH AVE,$500.00,500.0
39,Street Light Upgrade Menu (2023),6122-6124 N KEELER AVE,$500.00,500.0
39,Street Resurfacing Menu (2023),ON N BERNARD ST FROM W CATALPA AVE (5500 N) TO W BRYN MAWR AVE (5600 N),"$58,693.41",58693.41
39,Street Resurfacing Menu (2023),ON N HAMLIN AVE FROM W ARGYLE ST (5000 N) TO W CARMEN AVE (5100 N),"$53,058.31",53058.31
39,Street Resurfacing Menu (2023),ON N IONIA AVE FROM N LENOX AVE (6363 N) TO N LEGETT AVE (6370 N),"$22,624.38",22624.38
39,Street Resurfacing Menu (2023),ON N KENNETH AVE FROM W AINSLIE ST (4900 N) TO W FOSTER AVE (5200 N),"$161,338.28",161338.28
39,Street Resurfacing Menu (2023),ON N KILDARE AVE FROM W BERTEAU AVE (4200 N) TO W CULLOM AVE (4300 N),"$57,544.62",57544.62
39,Street Resurfacing Menu (2023),ON N KIONA AVE FROM N KELSO AVE (4700 N) TO W LELAND AVE (4750 N),"$26,629.07",26629.07
39,Street Resurfacing Menu (2023),ON N LEONA AVE FROM N LEOTI AVE (6250 N) TO N HIAWATHA AVE (6330 N),"$57,836.19",57836.19
39,Street Resurfacing Menu (2023),ON N LOWELL AVE FROM W SUNNYSIDE AVE (4500 N) TO N ELSTON AVE (4660 N),"$91,742.26",91742.26
39,Street Resurfacing Menu (2023),ON N MENARD AVE FROM W PETERSON AVE (6000 N) TO N MONITOR AVE (6100 N),"$81,627.62",81627.62
39,Street Resurfacing Menu (2023),ON N SPRINGFIELD AVE FROM N ELSTON AVE (4230 N) TO W MONTROSE AVE (4400 N),"$77,739.77",77739.77
39,Street Resurfacing Menu (2023),ON W ARDMORE AVE FROM 3202 W TO N CHRISTIANA AVE (3330 W),"$68,080.22",68080.22
39,Street Resurfacing Menu (2023),ON W BALMORAL AVE FROM N LAPORTE AVE (5000 W) TO N LAWLER AVE (5050 W),"$31,326.59",31326.59
39,Street Resurfacing Menu (2023),ON W BERWYN AVE FROM N SPAULDING AVE (3300 W) TO N CHRISTIANA AVE (3330 W),"$23,968.81",23968.81
39,Street Resurfacing Menu (2023),ON W HERMIONE ST FROM N MILWAUKEE AVE (6330 W) TO N NAGLE AVE (6400 W),"$40,516.11",40516.11
39,Street Resurfacing Menu (2023),ON W HOLBROOK ST FROM N MILWAUKEE AVE (6200 W) TO N MCLEOD AVE (6300 W),"$13,867.00",13867.0
39,Street Resurfacing Menu (2023),ON W WILSON AVE FROM N KARLOV AVE (4100 W) TO N KASSON AVE (4200 W),"$39,681.73",39681.73
39,Street Speed Hump Menu (2023),ON N KILDARE AVE FROM W ROSEMONT AVE (6300 N) TO W DEVON AVE (6399 N),"$4,880.00",4880.0
39,Street Speed Hump Replacement (2023),ON N KENNETH AVE FROM W AINSLIE ST (4900 N) TO W FOSTER AVE (5200 N),$0.00,0.0
39,Street Speed Hump Replacement (2023),ON N MENARD AVE FROM W PETERSON AVE (6000 N) TO N MONITOR AVE (6100 N),$0.00,0.0
39,Street Speed Hump Replacement (2023),ON W HOLBROOK ST FROM N MILWAUKEE AVE (6200 W) TO N MCLEOD AVE (6300 W),$0.00,0.0
39,Westbound Lawrence to Southbound Cicero. Little Gompers Baseball,4222 W FOSTER AVE,"$150,000.00",150000.0
40,Alley Apron Menu (2023),4709 N VIRGINIA AVE,"$16,312.65",16312.65
40,Alley Apron Menu (2023),5042 N WASHTENAW AVE,$317.60,317.6
40,Alley Apron Menu (2023),5414 N WASHTENAW AVE,"$14,481.89",14481.89
40,Alley Apron Menu (2023),6017 N TALMAN AVE,"$16,203.94",16203.94
40,Arterial Street Bump Outs Menu (2023),N DAMEN AVE & W BALMORAL AVE,"$320,000.00",320000.0
40,Bollard Menu (2023),2015 W BALMORAL AVE,"$4,823.86",4823.86
40,Concrete Alley Menu (2023),N CAMPBELL AVE & W ARDMORE AVE&W THORNDALE AVE & N MAPLEWOOD AVE,"$340,000.00",340000.0
40,Curb & Gutter Menu (2023),4437 N CALIFORNIA AVE,"$5,006.27",5006.27
40,Curb & Gutter Menu (2023),5801 N CALIFORNIA AVE,"$2,913.93",2913.93
40,Curb & Gutter Menu (2023),5827-5831 N FAIRFIELD AVE,"$5,327.03",5327.03
40,Left-Turn Arrow Menu (2023),N DAMEN AVE & W FOSTER AVE,"$131,758.30",131758.3
40,Pavement Markings Menu (2023),ON N LINCOLN AVE FROM W CARMEN AVE (5100 N) TO W FOSTER AVE (5200 N),"$8,000.00",8000.0
40,Pavement Markings Menu (2023),ON W FOSTER AVE FROM N DAMEN AVE (2000 W) TO N WESTERN AVE (2400 W),"$15,000.00",15000.0
40,Pavement Markings Menu (2023),ON W FOSTER AVE FROM N FRANCISCO AVE (2900 W) TO N ROCKWELL ST (2600 W),"$7,500.00",7500.0
40,Sidewalk Menu (2023),1601-1635 W WINNEMAC AVE,"$17,481.29",17481.29
40,Sidewalk Menu (2023),1604 W FARRAGUT AVE,"$11,080.66",11080.66
40,Sidewalk Menu (2023),1818 W PETERSON AVE,"$7,241.48",7241.48
40,Sidewalk Menu (2023),2139 W GRANVILLE AVE,"$9,414.67",9414.67
40,Sidewalk Menu (2023),2204-2208 W WINONA ST,"$16,616.85",16616.85
40,Sidewalk Menu (2023),2245 W BERWYN AVE,"$2,247.77",2247.77
40,Sidewalk Menu (2023),2524 W GUNNISON ST,"$4,616.90",4616.9
40,Sidewalk Menu (2023),2637 W SUMMERDALE AVE,"$3,225.64",3225.64
40,Sidewalk Menu (2023),2724 W RASCHER AVE,"$11,042.57",11042.57
40,Sidewalk Menu (2023),4704-4744 N ROCKWELL ST,"$59,585.17",59585.17
40,Sidewalk Menu (2023),4843-4855 N CALIFORNIA AVE,"$24,426.53",24426.53
40,Sidewalk Menu (2023),5030-5035 N CALIFORNIA AVE,"$19,420.68",19420.68
40,Sidewalk Menu (2023),5341 N ASHLAND AVE,"$5,459.85",5459.85
40,Sidewalk Menu (2023),5629 N MAPLEWOOD AVE,"$5,507.70",5507.7
40,Sidewalk Menu (2023),5715 N ASHLAND AVE,"$7,668.30",7668.3
40,Sidewalk Menu (2023),5943 N FAIRFIELD AVE,"$4,634.22",4634.22
40,Sidewalk Menu (2023),6172 N WINCHESTER AVE,"$27,629.91",27629.91
40,Sidewalk Menu (2023),6337 N HERMITAGE AVE,"$16,549.68",16549.68
40,Sidewalk Menu (2023),ON N ROCKWELL ST FROM W FARRAGUT AVE (5230 N) TO W BERWYN AVE (5300 N),"$39,198.23",39198.23
40,Sidewalk Menu (2023),ON W NORWOOD ST FROM N HOYNE AVE (2100 W) TO N HAMILTON AVE (2200 W),"$16,795.77",16795.77
40,Sidewalk Menu (2023),ON W WINONA ST FROM N WOLCOTT AVE (1900 W) TO N WINCHESTER AVE (1940 W),"$23,150.62",23150.62
40,Sidewalk Menu (2023),W OLIVE AVE & N HERMITAGE AVE,"$36,450.80",36450.8
40,Street Light Upgrade Menu (2023),5340 N CLARK ST,"$1,000.00",1000.0
40,Street Resurfacing Menu (2023),N BOWMANVILLE AVE & N DAMEN AVE; ON N DAMEN AVE FROM N BOWMANVILLE AVE (5499 N) TO W BRYN MAWR AVE (5600 N),"$66,801.68",66801.68
40,Street Resurfacing Menu (2023),ON N BOWMANVILLE AVE FROM W BERWYN AVE (5300 N) TO N LEAVITT ST (5400 N),"$29,015.91",29015.91
40,Street Resurfacing Menu (2023),ON N HOYNE AVE FROM W GRANVILLE AVE (6200 N) TO W DEVON AVE (6400 N),"$59,981.42",59981.42
40,Street Resurfacing Menu (2023),ON W AGATITE AVE FROM 2703 W TO N MANOR AVE (2800 W),"$36,350.22",36350.22
40,Street Speed Hump Menu (2023),ON N MAPLEWOOD AVE FROM W GLENLAKE AVE (6100 N) TO W GRANVILLE AVE (6200 N),"$4,880.00",4880.0
40,Street Speed Hump Menu (2023),ON W GUNNISON ST FROM N WASHTENAW AVE (2700 W) TO N CALIFORNIA AVE (2800 W),"$4,880.00",4880.0
40,Street Speed Hump Replacement (2023),ON N BOWMANVILLE AVE FROM W BERWYN AVE (5300 N) TO N LEAVITT ST (5400 N),$0.00,0.0
40,Street Speed Hump Replacement (2023),ON W AGATITE AVE FROM 2703 W TO N MANOR AVE (2800 W),$0.00,0.0
40,Street Traffic Circle Menu (2023),W GLENLAKE AVE & N MAPLEWOOD AVE,"$20,000.00",20000.0
40,Street Traffic Circle Menu (2023),W GRANVILLE AVE & N MAPLEWOOD AVE,"$20,000.00",20000.0
41,LED Traffic Signal Upgrades & Pedestrian Countdown,7278 W HIGGINS AVE,"$17,337.66",17337.66
41,Signal (2023) Miscellaneous CDOT Projects (2023),W HIGGINS AVE & N OCTAVIA AVE,"$11,178.06",11178.06
41,Street Light Upgrade Menu (2023),7104 N OZARK AVE,$500.00,500.0
41,Street Resurfacing Menu (2023),ON N NOTTINGHAM AVE FROM W SUMMERDALE AVE (5330 N) TO W HIGGINS AVE (5442 N),"$80,302.72",80302.72
41,Street Resurfacing Menu (2023),ON N OKETO AVE FROM N ONARGA AVE (6660 N) TO N OGALLAH AVE (6700 N),"$47,537.45",47537.45
41,Street Resurfacing Menu (2023),ON N OKETO AVE FROM W BERWYN AVE (5300 N) TO W CATALPA AVE (5500 N),"$107,359.51",107359.51
41,Street Resurfacing Menu (2023),ON N OKETO AVE FROM W CHASE AVE (7300 N) TO W JARVIS AVE (7400 N),"$55,048.99",55048.99
41,Street Resurfacing Menu (2023),ON N OLCOTT AVE FROM W BIRCHWOOD AVE (7500 N) TO W HOWARD ST (7600 N),"$54,608.67",54608.67
41,Street Resurfacing Menu (2023),ON N OLCOTT AVE FROM W FOSTER AVE (5200 N) TO W BERWYN AVE (5300 N),"$61,009.04",61009.04
41,Street Resurfacing Menu (2023),ON N OLEANDER AVE FROM 5335 N TO W BERWYN AVE (5300 N),"$33,880.86",33880.86
41,Street Resurfacing Menu (2023),ON N OLEANDER AVE FROM W BERWYN AVE (5300 N) TO W FOSTER AVE (5200 N),"$56,957.43",56957.43
41,Street Resurfacing Menu (2023),ON N OLEANDER AVE FROM W ESTES AVE (7100 N) TO W TOUHY AVE (7200 N),"$48,456.76",48456.76
41,Street Resurfacing Menu (2023),ON N OLIPHANT AVE FROM N AVONDALE AVE (6670 N) TO N NORTHWEST HWY (6700 N),"$76,805.34",76805.34
41,Street Resurfacing Menu (2023),ON N OLIPHANT AVE FROM N NORTHWEST HWY (6700 N) TO W PRATT AVE (6800 N),"$55,081.58",55081.58
41,Street Resurfacing Menu (2023),ON N ONARGA AVE FROM N OCTAVIA AVE (6600 N) TO N OKETO AVE (6660 N),"$63,204.00",63204.0
41,Street Resurfacing Menu (2023),ON N ORIOLE AVE FROM W TOUHY AVE (7200 N) TO W CHASE AVE (7299 N),"$50,051.84",50051.84
41,Street Resurfacing Menu (2023),ON N OSCEOLA AVE FROM W BIRCHWOOD AVE (7500 N) TO W HOWARD ST (7600 N),"$55,254.58",55254.58
41,Street Resurfacing Menu (2023),ON N OTTAWA AVE FROM N NORTHWEST HWY (6770 N) TO W IBSEN ST (6900 N),"$59,955.84",59955.84
41,Street Resurfacing Menu (2023),ON N OTTAWA AVE FROM W BIRCHWOOD AVE (7500 N) TO W HOWARD ST (7600 N),"$70,793.56",70793.56
41,Street Resurfacing Menu (2023),ON N SAYRE AVE FROM W GREGORY ST (5530 N) TO W HIGGINS AVE (5442 N),"$74,668.96",74668.96
41,Street Resurfacing Menu (2023),ON W BALMORAL AVE FROM N HARLEM AVE (7200 W) TO W SUMMERDALE AVE (7300 W),"$40,690.24",40690.24
41,Street Resurfacing Menu (2023),ON W BALMORAL AVE FROM N OZANAM AVE (7800 W) TO N CANFIELD AVE (7900 W),"$52,138.49",52138.49
41,Street Resurfacing Menu (2023),ON W BALMORAL AVE FROM N OZANAM AVE (7800 W) TO N OVERHILL AVE (7700 W),"$54,021.48",54021.48
41,Street Resurfacing Menu (2023),ON W FITCH AVE FROM N HARLEM AVE (7200 W) TO N OCTAVIA AVE (7300 W),"$85,610.23",85610.23
41,Street Resurfacing Menu (2023),ON W OLIVE AVE FROM 7749 W TO N OZANAM AVE (7800 W),"$11,626.36",11626.36
41,Street Resurfacing Menu (2023),ON W OLIVE AVE FROM N OZANAM AVE (7800 W) TO N CANFIELD AVE (7900 W),"$35,340.95",35340.95
41,Street Resurfacing Menu (2023),ON W PRATT AVE FROM N HARLEM AVE (7200 W) TO N OCTAVIA AVE (7300 W),"$67,445.42",67445.42
41,Street Resurfacing Menu (2023),ON W SUMMERDALE AVE FROM N HARLEM AVE (7200 W) TO W BALMORAL AVE (7300 W),"$32,941.36",32941.36
41,Street Resurfacing Menu (2023),ON W SUMMERDALE AVE FROM N OCONTO AVE (7300 W) TO W BALMORAL AVE (7300 W),"$35,312.61",35312.61
41,Street Speed Hump Menu (2023),ON W IMLAY ST FROM N NORDICA AVE (7000 W) TO N NEVA AVE (7100 W),"$4,880.00",4880.0
41,Street Speed Hump Replacement (2023),ON N OKETO AVE FROM W BERWYN AVE (5300 N) TO W CATALPA AVE (5500 N),$0.00,0.0
41,Street Speed Hump Replacement (2023),ON N OLIPHANT AVE FROM N NORTHWEST HWY (6700 N) TO W PRATT AVE (6800 N),$0.00,0.0
42,Alley Resurfacing Menu (2023),W SUPERIOR ST & N CLARK ST&N LA SALLE DR & W HURON ST,"$6,272.80",6272.8
42,Miscellaneous CDOT Projects (2023),360 W OHIO ST,"$38,304.56",38304.56
42,Miscellaneous CDOT Projects (2023),37 E ILLINOIS ST,$660.00,660.0
42,Sidewalk Menu (2023),111 E CHESTNUT ST,"$120,000.00",120000.0
42,Street Bump Outs Menu (2023),357 W ERIE ST,"$9,684.00",9684.0
42,Street Bump Outs Menu (2023),N LARRABEE ST & W ERIE ST,"$21,193.81",21193.81
42,Street Light Arterial Menu (2023),ON E PEARSON ST FROM N RUSH ST (100 E) TO N MICHIGAN AVE (150 E),"$125,000.00",125000.0
42,Street Light Arterial Menu (2023),ON W CHICAGO AVE FROM N FRANKLIN ST (300 W) TO N ORLEANS ST (340 W),"$200,000.00",200000.0
42,Street Light Pole Painting Menu (2023),ON N MICHIGAN AVE FROM E SUPERIOR ST (730 N) TO E RIVERWALK S (370 N),"$37,000.00",37000.0
42,Street Resurfacing Menu (2023),399 E RANDOLPH ST,"$15,694.57",15694.57
42,Street Resurfacing Menu (2023),N LAKE SHORE DR & N LSD WACKER DR XR; 323 E WACKER DR,"$51,246.43",51246.43
42,Street Resurfacing Menu (2023),ON E HURON ST FROM N HUDSON AVE (440 W) TO N SEDGWICK ST (400 W),"$51,151.32",51151.32
42,Street Resurfacing Menu (2023),ON E RIVER DR FROM N NEW ST (350 E) TO N MCCLURG CT (400 E),"$65,774.39",65774.39
42,Street Resurfacing Menu (2023),ON N COLUMBUS DR FROM 380 N TO E NORTH WATER ST (433 N),"$32,860.34",32860.34
42,Street Resurfacing Menu (2023),ON N HARBOR DR FROM 195 N TO E RANDOLPH ST (150 N),"$107,101.30",107101.3
42,Street Resurfacing Menu (2023),ON N MCCLURG CT FROM E RIVER DR (404 N) TO E NORTH WATER ST (430 N),"$22,816.17",22816.17
42,Street Resurfacing Menu (2023),ON N NEW ST FROM E NORTH WATER ST (430 N) TO E ILLINOIS ST (480 N),"$66,217.37",66217.37
42,Street Resurfacing Menu (2023),ON W ERIE ST FROM N SEDGWICK ST (400 W) TO N HUDSON AVE (440 W),"$72,083.09",72083.09
42,Street Speed Hump Menu (2023),ON N KINGSBURY ST FROM W ERIE ST (660 N) TO W SUPERIOR ST (730 N),"$4,880.00",4880.0
42,Street Speed Hump Menu (2023),ON N LARRABEE ST FROM W HURON ST (700 N) TO W SUPERIOR ST (726 N),"$2,440.00",2440.0
42,Street Speed Hump Menu (2023),ON N WESTSHORE DR FROM E BENTON PL (170 N) TO E SOUTH WATER ST (220 N),"$2,440.00",2440.0
42,Street Speed Hump Replacement (2023),ON E HURON ST FROM N HUDSON AVE (440 W) TO N SEDGWICK ST (400 W),$0.00,0.0
42,Street Speed Hump Replacement (2023),ON N HARBOR DR FROM 195 N TO E RANDOLPH ST (150 N),$0.00,0.0
42,Street Speed Hump Replacement (2023),ON W ERIE ST FROM N SEDGWICK ST (400 W) TO N HUDSON AVE (440 W),$0.00,0.0
42,Viaduct Improvement Menu (2023),450-455 E WATERSIDE DR,"$166,099.86",166099.86
42,Viaduct Improvement Menu (2023),ON N WABASH LOWER AVE FROM E KINZIE ST (400 N) TO E ILLINOIS ST (500 N),"$278,079.98",278079.98
43,"(2023) In-Road ""State Law Stop For Pedestrians"" Sign Menu",900 W ALTGELD ST; 2506 N LINCOLN AVE,$350.00,350.0
43,"(2023) In-Road ""State Law Stop For Pedestrians"" Sign Menu",N CLARK ST & W DEMING PL; 2530 N CLARK ST,$350.00,350.0
43,"(2023) In-Road ""State Law Stop For Pedestrians"" Sign Menu",W ARMITAGE AVE & N SEMINARY AVE,$600.00,600.0
43,(2023) Light Poles and Fixtures in the Lincoln Park Area,5700 N LAKE SHORE DR,"$48,617.00",48617.0
43,Alley Apron Menu (2023),1150 W ALTGELD ST,"$16,386.01",16386.01
43,Alley Apron Menu (2023),1335 N ASTOR ST,"$15,492.54",15492.54
43,Alley Apron Menu (2023),1852 N SHEFFIELD AVE,"$13,178.71",13178.71
43,Alley Apron Menu (2023),2417 N ORCHARD ST,"$54,110.24",54110.24
43,Alley Apron Menu (2023),2635 N RACINE AVE,"$12,521.68",12521.68
43,Alley Apron Menu (2023),N SEMINARY AVE & W LILL AVE&W WRIGHTWOOD AVE & N RACINE AVE; 1131 W WRIGHTWOOD AVE,"$73,692.74",73692.74
43,Alley Resurfacing Menu (2023),1134 W SCHUBERT AVE; W SCHUBERT AVE & N LINCOLN AVE&N RACINE AVE & W DIVERSEY PKWY,"$54,444.35",54444.35
43,Alley Resurfacing Menu (2023),2115 N DAYTON ST; N DAYTON ST & W DICKENS AVE&W WEBSTER AVE & N HALSTED ST,"$44,090.36",44090.36
43,Alley Resurfacing Menu (2023),N CAMBRIDGE AVE & W BELDEN AVE&W FULLERTON PKWY & N CLEVELAND AVE; 2314 N CAMBRIDGE AVE,"$13,101.81",13101.81
43,Alley Resurfacing Menu (2023),N LAKEVIEW AVE & W DIVERSEY PKWY&W WRIGHTWOOD AVE & N PINE GROVE AVE,"$34,237.75",34237.75
43,Alley Resurfacing Menu (2023),N MAUD AVE & N SHEFFIELD AVE; 1856 N SHEFFIELD AVE,"$16,377.27",16377.27
43,Alley Resurfacing Menu (2023),N MOHAWK ST & W EUGENIE ST&W MENOMONEE ST & N LARRABEE ST,"$21,181.13",21181.13
43,Alley Resurfacing Menu (2023),W ARMITAGE AVE & N FREMONT ST&N BISSELL ST & W DICKENS AVE,"$37,047.38",37047.38
43,Alley Resurfacing Menu (2023),W WEBSTER AVE & N FREMONT ST&N BISSELL ST & W DICKENS AVE; 2144 N FREMONT ST,"$10,674.96",10674.96
43,Alley Resurfacing Menu (2023),W WRIGHTWOOD AVE & N SEMINARY AVE&N RACINE AVE & W LILL AVE,"$40,123.13",40123.13
43,Alley Speed Hump Replacement (2023),2115 N DAYTON ST; N DAYTON ST & W DICKENS AVE&W WEBSTER AVE & N HALSTED ST,$0.00,0.0
43,Alley Speed Hump Replacement (2023),N MOHAWK ST & W EUGENIE ST&W MENOMONEE ST & N LARRABEE ST,$0.00,0.0
43,Alley Speed Hump Replacement (2023),W ARMITAGE AVE & N FREMONT ST&N BISSELL ST & W DICKENS AVE,$0.00,0.0
43,Bollard Menu (2023),200 W MENOMONEE ST,"$4,452.88",4452.88
43,Chicago Sculpture Exhibit 43 Ward,1001 W WRIGHTWOOD AVE,"$10,000.00",10000.0
43,Concrete Alley Menu (2023),W BELDEN AVE & N LINCOLN AVE&N GENEVA TER & W BELDEN AVE; 613 W BELDEN AVE,"$39,014.49",39014.49
43,Curb & Gutter Menu (2023),1044 W DICKENS AVE,"$48,891.58",48891.58
43,Curb & Gutter Menu (2023),1855 N ORCHARD ST,"$14,421.56",14421.56
43,Curb & Gutter Menu (2023),N STATE PKWY & E BANKS ST,"$20,788.20",20788.2
43,Curb & Gutter Menu (2023),W ARMITAGE AVE & N DAYTON ST; 826 W ARMITAGE AVE,"$7,863.39",7863.39
43,Diversey Harbor Garden Fencing,2600 N CANNON DR,"$10,000.00",10000.0
43,"In-Road ""State Law Stop For Pedestrians"" Sign Menu",1100 W FULLERTON AVE; W FULLERTON AVE & N SEMINARY AVE,$350.00,350.0
43,Oz Park Playground Development,655 W WEBSTER AVE,"$100,000.00",100000.0
43,Pavement Markings Menu (2023),W WRIGHTWOOD AVE & N ORCHARD ST,"$2,500.00",2500.0
43,Sidewalk Menu (2023),1 E SCHILLER ST,"$8,945.48",8945.48
43,Sidewalk Menu (2023),2401-2799 N LAKEVIEW AVE; ON N LAKEVIEW AVE FROM W FULLERTON PKWY (2400 N) TO W DIVERSEY PKWY (2800 N),"$52,500.00",52500.0
43,Sidewalk Menu (2023),2513 N BURLING ST,"$3,480.35",3480.35
43,Sidewalk Menu (2023),2523 N HALSTED ST,"$1,768.49",1768.49
43,Sidewalk Menu (2023),2611 N LAKEVIEW AVE,"$35,637.86",35637.86
43,Sidewalk Menu (2023),540 W ARMITAGE AVE,"$3,262.94",3262.94
43,Street Bump Outs Menu (2023),N CLIFTON AVE & W BELDEN AVE,"$39,107.21",39107.21
43,Street Bump Outs Menu (2023),W WILLOW ST & N NORTH PARK AVE,"$4,588.25",4588.25
43,Street Light Residential Staggered Piggy Back Menu (2023),ON N LAKEVIEW AVE FROM W FULLERTON PKWY (2400 N) TO W DEMING PL (2600 N),"$336,000.00",336000.0
43,Street Light Residential Staggered Piggy Back Menu (2023),ON W WRIGHTWOOD AVE FROM N LAKEVIEW AVE (400 W) TO N CLARK ST (600 W),"$16,793.09",16793.09
43,Street Resurfacing Menu (2023),ON N CLEVELAND AVE FROM W DICKENS AVE (2100 N) TO W WEBSTER AVE (2200 N),"$52,847.10",52847.1
43,Street Resurfacing Menu (2023),ON N POE ST FROM 1865 N TO N KENMORE AVE (1910 N),"$35,407.45",35407.45
43,Street Resurfacing Menu (2023),ON W WISCONSIN ST FROM N CLEVELAND AVE (500 W) TO N MOHAWK ST (550 W),"$31,841.06",31841.06
43,Street Speed Hump Menu (2023),ON N CLIFTON AVE FROM W WEBSTER AVE (2200 N) TO W BELDEN AVE (2300 N),"$4,880.00",4880.0
43,Trebes Park Rebuild,2250 N CLIFTON AVE,"$98,081.55",98081.55
43,Two Picnic Tables - Fire Station 1950 N Larrabee,1950 N LARRABEE ST,"$10,000.00",10000.0
44,Alley Apron Menu (2023),1148 W BARRY AVE; 1147 W BARRY AVE,"$24,551.46",24551.46
44,Alley Apron Menu (2023),1214 W MELROSE ST,"$9,943.04",9943.04
44,Alley Apron Menu (2023),1215 W WAVELAND AVE,"$13,669.36",13669.36
44,Alley Apron Menu (2023),1340 W EDDY ST; 1343 W EDDY ST,"$20,672.43",20672.43
44,Alley Apron Menu (2023),1345 W BYRON ST,"$14,228.04",14228.04
44,Alley Apron Menu (2023),1442 W WAVELAND AVE,"$11,381.97",11381.97
44,Alley Apron Menu (2023),3616 N RACINE AVE,"$11,108.20",11108.2
44,Alley Resurfacing Menu (2023),3818-3832 N WAYNE AVE,"$8,219.53",8219.53
44,Alley Resurfacing Menu (2023),740 W MELROSE ST; N BROADWAY & W ALDINE AVE&W MELROSE ST & N HALSTED ST,"$19,172.59",19172.59
44,Alley Resurfacing Menu (2023),N FREMONT ST & W WAVELAND AVE&W ADDISON ST & N WILTON AVE; 3614-3656 N FREMONT ST,"$37,204.20",37204.2
44,Alley Resurfacing Menu (2023),N HALSTED ST & W GEORGE ST&W WOLFRAM ST & N MILDRED AVE,"$24,782.20",24782.2
44,Alley Resurfacing Menu (2023),N SHEFFIELD AVE & W BELMONT AVE&W SCHOOL ST & N KENMORE AVE,"$26,945.24",26945.24
44,Alley Resurfacing Menu (2023),N SHEFFIELD AVE & W OAKDALE AVE&W GEORGE ST & N MILDRED AVE; 2901 N SHEFFIELD AVE,"$21,521.03",21521.03
44,Alley Resurfacing Menu (2023),N SHEFFIELD AVE & W SCHOOL ST&W ROSCOE ST & N KENMORE AVE,"$25,029.41",25029.41
44,Alley Resurfacing Menu (2023),W HENDERSON ST & N SOUTHPORT AVE&N LAKEWOOD AVE & W ROSCOE ST,"$60,315.44",60315.44
44,Alley Resurfacing Menu (2023),W WAVELAND AVE & N SEMINARY AVE&N KENMORE AVE & W GRACE ST,"$43,044.40",43044.4
44,Alley Resurfacing Menu (2023),W WELLINGTON AVE & N SEMINARY AVE&N RACINE AVE & W OAKDALE AVE,"$47,879.16",47879.16
44,Alley Speed Hump Menu (2023),N HALSTED ST & W ADDISON ST&W CORNELIA AVE & N RETA AVE,"$1,450.00",1450.0
44,Alley Speed Hump Menu (2023),N HALSTED ST & W BUCKINGHAM PL&W ALDINE AVE & N CLARK ST,"$1,450.00",1450.0
44,Alley Speed Hump Menu (2023),N HALSTED ST & W CORNELIA AVE&W NEWPORT AVE & N SHEFFIELD AVE,"$1,450.00",1450.0
44,Alley Speed Hump Menu (2023),N HALSTED ST & W NEWPORT AVE&W ROSCOE ST & N CLARK ST,"$1,450.00",1450.0
44,Alley Speed Hump Menu (2023),N HALSTED ST & W ROSCOE ST&W BUCKINGHAM PL & N CLARK ST,"$1,450.00",1450.0
44,Curb & Gutter Menu (2023),W ROSCOE ST & N ELAINE PL,"$120,000.00",120000.0
44,LED Traffic Signal Upgrades & Pedestrian Countdown,1000 W BELMONT AVE; W BELMONT AVE & N SHEFFIELD AVE,"$78,143.74",78143.74
44,Miscellaneous CDOT Projects (2023),ON N HALSTED ST FROM W BARRY AVE (3100 N) TO W WAVELAND AVE (3700 N),"$405,396.26",405396.26
44,One Mural Coating 3637 N Southport,3637 N SOUTHPORT AVE,$700.00,700.0
44,Sidewalk Menu (2023),3180 N LAKE SHORE DR,"$1,938.46",1938.46
44,Sidewalk Menu (2023),3240-3255 N SOUTHPORT AVE,"$21,413.00",21413.0
44,Sidewalk Menu (2023),3304-3321 N SOUTHPORT AVE,"$15,453.80",15453.8
44,Sidewalk Menu (2023),548-556 W SURF ST,"$15,402.04",15402.04
44,Sidewalk Menu (2023),600 W ALDINE AVE,"$34,060.91",34060.91
44,Signal (2023) Miscellaneous CDOT Projects (2023),959 W WAVELAND AVE,$660.00,660.0
44,Street Bump Outs Menu (2023),ON W WAVELAND AVE FROM N HALSTED ST (800 W) TO N SHEFFIELD AVE (1000 W),"$16,000.00",16000.0
44,Street Light Upgrade Menu (2023),1140 W NEWPORT AVE; 1127 W CORNELIA AVE,"$1,000.00",1000.0
44,Street Light Upgrade Menu (2023),2910 N SEMINARY AVE,$500.00,500.0
44,Street Light Upgrade Menu (2023),W WAVELAND AVE & N SHEFFIELD AVE&N KENMORE AVE & W GRACE ST,"$2,000.00",2000.0
44,Street Resurfacing Menu (2023),ON N KENMORE AVE FROM W WAVELAND AVE (3700 N) TO W GRACE ST (3800 N),"$56,978.90",56978.9
44,Street Resurfacing Menu (2023),ON N LAKEWOOD AVE FROM W ROSCOE ST (3400 N) TO W NEWPORT AVE (3430 N),"$26,294.18",26294.18
44,Street Resurfacing Menu (2023),ON N PINE GROVE AVE FROM W WELLINGTON AVE (3000 N) TO W BARRY AVE (3100 N),"$31,553.50",31553.5
44,Street Resurfacing Menu (2023),ON W STRATFORD PL FROM N LAKE SHORE DR (500 W) TO N BROADWAY (699 W),"$46,857.76",46857.76
44,Street Speed Hump Menu (2023),ON N GREENVIEW AVE FROM W WAVELAND AVE (3700 N) TO W GRACE ST (3800 N),"$4,880.00",4880.0
44,Street Speed Hump Menu (2023),ON W BARRY AVE FROM N SHERIDAN RD (400 W) TO N BROADWAY (599 W),"$9,760.00",9760.0
44,Street Speed Hump Menu (2023),ON W FLETCHER ST FROM N CLARK ST (820 W) TO N SHEFFIELD AVE (999 W),"$9,760.00",9760.0
44,Viaduct Improvement Menu (2023),ON N LAKE SHORE DR FROM W ALDINE AVE (3300 N) TO W ROSCOE ST (3400 N),$500.00,500.0
45,Alley Speed Hump Menu (2023),N MILWAUKEE AVE & W HUTCHINSON ST&W CULLOM AVE & N LAMON AVE,$725.00,725.0
45,Speed Indicator Signs (2023),N CENTRAL AVE & W CATALPA AVE,"$3,120.04",3120.04
45,Street Resurfacing Menu (2023),ON N ALGONQUIN AVE FROM N SAUGANASH AVE (6800 N) TO W LUNT AVE (7000 N),"$102,053.62",102053.62
45,Street Resurfacing Menu (2023),ON N DOWAGIAC AVE FROM N WAUKESHA AVE (6800 N) TO W LUNT AVE (7000 N),"$223,518.41",223518.41
45,Street Resurfacing Menu (2023),ON N KINZUA AVE FROM N TAHOMA AVE (6530 N) TO N WAUKESHA AVE (6700 N),"$48,816.48",48816.48
45,Street Resurfacing Menu (2023),ON N LEOTI AVE FROM 7045 N TO N MCALPIN AVE (7000 N),"$64,042.53",64042.53
45,Street Resurfacing Menu (2023),ON N LEROY AVE FROM 6420 N TO W DEVON AVE (6400 N),"$20,375.49",20375.49
45,Street Resurfacing Menu (2023),ON N MARMORA AVE FROM W EASTWOOD AVE (4630 N) TO W GIDDINGS ST (4730 N),"$80,836.97",80836.97
45,Street Resurfacing Menu (2023),ON N MASON AVE FROM N NORTHWEST HWY (5470 N) TO W BRYN MAWR AVE (5600 N),"$57,515.19",57515.19
45,Street Resurfacing Menu (2023),ON N MEDFORD AVE FROM N MONON AVE (6930 N) TO N MCALPIN AVE (7000 N),"$54,639.90",54639.9
45,Street Resurfacing Menu (2023),ON N MINNEHAHA AVE FROM W DEVON AVE (6400 N) TO N HIAWATHA AVE (6500 N),"$12,290.33",12290.33
45,Street Resurfacing Menu (2023),ON N MINNETONKA AVE FROM N SAUGANASH AVE (6800 N) TO W MORSE AVE (6900 N),"$48,707.41",48707.41
45,Street Resurfacing Menu (2023),ON N MOSELLE AVE FROM N SIOUX AVE (7000 N) TO N IONIA AVE (7100 N),"$49,998.95",49998.95
45,Street Resurfacing Menu (2023),ON N NASSAU AVE FROM N NAPER AVE (6100 N) TO W RAVEN ST (6200 N),"$91,542.78",91542.78
45,Street Resurfacing Menu (2023),ON N NEENAH AVE FROM W RAVEN ST (6200 N) TO W PALATINE AVE (6300 N),"$58,046.99",58046.99
45,Street Resurfacing Menu (2023),ON N SAUGANASH AVE FROM N CENTRAL AVE (6740 N) TO N CHICORA AVE (6900 N),"$215,209.26",215209.26
45,Street Resurfacing Menu (2023),ON N SIOUX AVE FROM N MOSELLE AVE (7000 N) TO N MCALPIN AVE (7100 N),"$68,133.92",68133.92
45,Street Resurfacing Menu (2023),ON N WAUKESHA AVE FROM N DOWAGIAC AVE (6800 N) TO N SAUGANASH AVE (6820 N),"$25,065.06",25065.06
45,Street Resurfacing Menu (2023),ON N WAUKESHA AVE FROM N KINZUA AVE (6700 N) TO N IONIA AVE (6750 N),"$101,427.96",101427.96
45,Street Resurfacing Menu (2023),ON W EASTWOOD AVE FROM N MARMORA AVE (5900 W) TO N AUSTIN AVE (6000 W),"$29,525.87",29525.87
45,Street Resurfacing Menu (2023),ON W GREENLEAF AVE FROM 5831 W TO N LEHIGH AVE (5400 W),"$37,572.20",37572.2
45,Street Resurfacing Menu (2023),ON W MORSE AVE FROM N CENTRAL AVE (5400 W) TO N MINNETONKA AVE (5460 W),"$101,955.63",101955.63
45,Street Speed Hump Menu (2023),ON N MELVINA AVE FROM W STRONG ST (4900 N) TO W ARGYLE ST (5000 N),"$4,880.00",4880.0
46,Alley Resurfacing Menu (2023),N BROADWAY & W GUNNISON ST&W LAWRENCE AVE & N MAGNOLIA AVE,"$7,168.92",7168.92
46,Alley Resurfacing Menu (2023),N SHERIDAN RD & W BUENA AVE&W MONTROSE AVE & N KENMORE AVE,"$12,897.57",12897.57
46,Alley Resurfacing Menu (2023),W BROMPTON AVE & N LAKE SHORE DR&N PINE GROVE AVE & W CORNELIA AVE,"$14,430.53",14430.53
46,Bus Pad (2023),840 W IRVING PARK RD,"$33,748.71",33748.71
46,Catch Basin Installation 1000 Block of W Sunnyside Ave,ON W SUNNYSIDE AVE FROM N BROADWAY (1040 W) TO N SHERIDAN RD (1000 W),"$11,000.00",11000.0
46,Concrete Alley Menu (2023),N CLARENDON AVE & W EASTWOOD AVE; 826 W WILSON AVE; N CLARENDON AVE & W WILSON AVE,"$350,000.00",350000.0
46,Concrete Alley Menu (2023),N CLARENDON AVE & W SUNNYSIDE AVE&W WINDSOR AVE & N HAZEL ST,"$4,237.91",4237.91
46,Concrete Alley Menu (2023),W LAWRENCE AVE & N WINTHROP AVE&N KENMORE AVE & W AINSLIE ST,"$382,304.73",382304.73
46,High Definition Camera Menu (2023),N PINE GROVE AVE & W ADDISON ST,"$3,500.00",3500.0
46,Miscellaneous CDOT Projects (2023),4301 N BROADWAY; N BROADWAY & W CULLOM AVE,"$40,882.04",40882.04
46,Sidewalk Menu (2023),3715 N HALSTED ST,"$11,500.61",11500.61
46,Sidewalk Menu (2023),4413 N SHERIDAN RD,"$4,474.06",4474.06
46,Sidewalk Menu (2023),4423-4445 N BROADWAY,"$19,851.27",19851.27
46,Sidewalk Menu (2023),4501-4515 N MALDEN ST,"$2,085.33",2085.33
46,Sidewalk Menu (2023),4548 N SHERIDAN RD,"$17,695.70",17695.7
46,Sidewalk Menu (2023),4750 N CLARENDON AVE,"$5,753.68",5753.68
46,Sidewalk Menu (2023),817 W HUTCHINSON ST,"$22,352.79",22352.79
46,Sidewalk Menu (2023),826 W HUTCHINSON ST,"$3,122.61",3122.61
46,Sidewalk Menu (2023),826 W WILSON AVE,"$33,702.66",33702.66
46,Street Light Pole Painting Menu (2023),ON N BROADWAY FROM W GUNNISON ST (4841 N) TO W AINSLIE ST (4899 N),"$4,650.00",4650.0
46,Street Light Pole Painting Menu (2023),ON W WILSON AVE FROM N SIMONDS DR (400 W) TO N CLARENDON AVE (800 W),"$11,100.00",11100.0
46,Street Resurfacing Menu (2023),ON N KENMORE AVE FROM W LAWRENCE AVE (4800 N) TO W AINSLIE ST (4900 N),"$93,266.26",93266.26
46,Street Resurfacing Menu (2023),ON N MAGNOLIA AVE FROM W SUNNYSIDE AVE (4500 N) TO W WILSON AVE (4600 N),"$75,784.56",75784.56
46,Street Resurfacing Menu (2023),ON N MALDEN ST FROM W MONTROSE AVE (4400 N) TO W WILSON AVE (4600 N),"$2,525.91",2525.91
46,Street Resurfacing Menu (2023),ON N PINE GROVE AVE FROM W CORNELIA AVE (3500 N) TO W BROMPTON AVE (3540 N),"$44,003.37",44003.37
46,Street Resurfacing Menu (2023),ON N RACINE AVE FROM W MONTROSE AVE (4400 N) TO W SUNNYSIDE AVE (4440 N),"$83,701.79",83701.79
46,Street Resurfacing Menu (2023),ON W STRATFORD PL FROM N LAKE SHORE DR (500 W) TO N BROADWAY (699 W),"$46,857.76",46857.76
46,Street Resurfacing Menu (2023),ON W SUNNYSIDE AVE FROM N SHERIDAN RD (1000 W) TO N BROADWAY (1040 W),"$27,862.10",27862.1
46,Street Speed Hump Replacement (2023),ON N KENMORE AVE FROM W LAWRENCE AVE (4800 N) TO W AINSLIE ST (4900 N),$0.00,0.0
46,Street Speed Hump Replacement (2023),ON N MAGNOLIA AVE FROM W SUNNYSIDE AVE (4500 N) TO W WILSON AVE (4600 N),$0.00,0.0
46,Street Speed Hump Replacement (2023),ON N RACINE AVE FROM W MONTROSE AVE (4400 N) TO W SUNNYSIDE AVE (4440 N),$0.00,0.0
47,"(2023) In-Road ""State Law Stop For Pedestrians"" Sign Menu",N LINCOLN AVE & W BERENICE AVE,$350.00,350.0
47,"(2023) In-Road ""State Law Stop For Pedestrians"" Sign Menu",W ADDISON ST & N HOYNE AVE,$600.00,600.0
47,"(2023) In-Road ""State Law Stop For Pedestrians"" Sign Menu",W ADDISON ST & N OAKLEY AVE,$600.00,600.0
47,"(2023) In-Road ""State Law Stop For Pedestrians"" Sign Menu",W MONTROSE AVE & N BELL AVE,$600.00,600.0
47,"(2023) In-Road ""State Law Stop For Pedestrians"" Sign Menu",W MONTROSE AVE & N CAMPBELL AVE,$600.00,600.0
47,"(2023) In-Road ""State Law Stop For Pedestrians"" Sign Menu",W WILSON AVE & N GREENVIEW AVE,$350.00,350.0
47,(2023) Pavement Markings Menu (2023),1800 W BYRON ST,"$2,000.00",2000.0
47,Alley Apron Menu (2023),3445 N WOLCOTT AVE,"$12,983.40",12983.4
47,Alley Apron Menu (2023),3511 N WOLCOTT AVE,"$13,860.59",13860.59
47,Alley Resurfacing Menu (2023),N BROADWAY & W ARGYLE ST&W WINNEMAC AVE & N GLENWOOD AVE,"$63,346.03",63346.03
47,Alley Speed Hump Menu (2023),N DAMEN AVE & W ADDISON ST&W PATTERSON AVE & N WOLCOTT AVE,"$1,450.00",1450.0
47,Alley Speed Hump Menu (2023),W CORNELIA AVE & N ASHLAND AVE&N MARSHFIELD AVE & W ROSCOE ST,"$1,450.00",1450.0
47,Bike Boulevard Menu (2023),3600 N LINCOLN AVE,"$65,000.00",65000.0
47,Bike Boulevard Menu (2023),ON N LEAVITT ST FROM W ADDISON ST (3600 N) TO W AINSLIE ST (4900 N),"$125,000.00",125000.0
47,Bike Boulevard Menu (2023),ON W BERTEAU AVE FROM N LINCOLN AVE (2100 W) TO N WESTERN AVE (2400 W),"$60,000.00",60000.0
47,Curb & Gutter Menu (2023),2127 W GIDDINGS ST,"$7,561.78",7561.78
47,Curb & Gutter Menu (2023),2208 W CULLOM AVE,"$2,372.44",2372.44
47,Curb & Gutter Menu (2023),2560 W PENSACOLA AVE,"$9,842.66",9842.66
47,Curb & Gutter Menu (2023),4029 N OAKLEY AVE,"$2,627.71",2627.71
47,Curb & Gutter Menu (2023),N LINCOLN AVE & W SUNNYSIDE AVE; 4512 N LINCOLN AVE,"$34,159.50",34159.5
47,"In-Road ""State Law Stop For Pedestrians"" Sign Menu",N CLARK ST & W WINONA ST,$350.00,350.0
47,"In-Road ""State Law Stop For Pedestrians"" Sign Menu",W MONTROSE AVE & N SEELEY AVE,$600.00,600.0
47,Pavement Markings Menu (2023),1929 W WILSON AVE,"$3,200.00",3200.0
47,Pavement Markings Menu (2023),ON N TALMAN AVE FROM W ADDISON ST (3600 N) TO W BRADLEY PL (3730 N),$500.00,500.0
47,Permanent Picnic Table Shades at Lake View High School,ON N ASHLAND AVE FROM 4015 N TO W IRVING PARK RD (3999 N),"$9,539.00",9539.0
47,Sidewalk Menu (2023),1737 W ROSCOE ST,"$3,611.06",3611.06
47,Sidewalk Menu (2023),2016-2018 W BERTEAU AVE,"$3,596.07",3596.07
47,Sidewalk Menu (2023),2254 W ADDISON ST,$688.19,688.19
47,Sidewalk Menu (2023),2415-2419 W BERENICE AVE,"$68,938.62",68938.62
47,Sidewalk Menu (2023),2439 W PENSACOLA AVE,"$4,057.60",4057.6
47,Sidewalk Menu (2023),2447 W CULLOM AVE,"$2,953.89",2953.89
47,Sidewalk Menu (2023),2659 W LELAND AVE,$924.34,924.34
47,Sidewalk Menu (2023),2711-2715 W LELAND AVE; 2707 W LELAND AVE,"$17,855.58",17855.58
47,Sidewalk Menu (2023),3732 N HERMITAGE AVE,"$7,373.83",7373.83
47,Sidewalk Menu (2023),3747 N HOYNE AVE,"$11,784.04",11784.04
47,Sidewalk Menu (2023),3939 N OAKLEY AVE,"$2,865.33",2865.33
47,Sidewalk Menu (2023),4120 N HERMITAGE AVE,"$1,339.96",1339.96
47,Sidewalk Menu (2023),4326 N LEAVITT ST,"$4,658.42",4658.42
47,Sidewalk Menu (2023),4631 N LINCOLN AVE,"$5,998.13",5998.13
47,Sidewalk Menu (2023),4737 N LINCOLN AVE,"$162,742.64",162742.64
47,Sidewalk Menu (2023),4822 N ASHLAND AVE,"$2,695.77",2695.77
47,Sidewalk Menu (2023),N HERMITAGE AVE & W LELAND AVE,"$14,572.05",14572.05
47,Speed Indicator Signs (2023),W IRVING PARK RD & N GREENVIEW AVE; 1466-1468 W IRVING PARK RD; 1511 W IRVING PARK RD,"$19,044.71",19044.71
47,Street Bump Outs Menu (2023),ON N CAMPBELL AVE FROM W ADDISON ST (3600 N) TO W WAVELAND AVE (3700 N); 3700 N CAMPBELL AVE; N CAMPBELL AVE & W WAVELAND AVE,"$6,245.46",6245.46
47,Street Bump Outs Menu (2023),W GRACE ST & N BELL AVE,"$11,511.28",11511.28
47,Street Bump Outs Menu (2023),W GRACE ST & N CLAREMONT AVE&N OAKLEY AVE & W WAVELAND AVE,"$33,743.77",33743.77
47,Street Bump Outs Menu (2023),W WARNER AVE & N DAMEN AVE,"$19,528.13",19528.13
47,Street Bump Outs Menu (2023),W WILSON AVE & N WINCHESTER AVE,"$19,119.95",19119.95
47,Street Light Upgrade Menu (2023),1409 W BERTEAU AVE,$500.00,500.0
47,Street Light Upgrade Menu (2023),1654 W MELROSE ST; 1634 W MELROSE ST,"$1,000.00",1000.0
47,Street Light Upgrade Menu (2023),2458 W BERENICE AVE,$500.00,500.0
47,Street Light Upgrade Menu (2023),3553 N MARSHFIELD AVE,$117.67,117.67
47,Street Light Upgrade Menu (2023),3738 N ASHLAND AVE,$500.00,500.0
47,Street Light Upgrade Menu (2023),5135 N GLENWOOD AVE,$500.00,500.0
47,Street Resurfacing Menu (2023),ON N BELL AVE FROM W BELLE PLAINE AVE (4100 N) TO W BERTEAU AVE (4200 N),"$58,607.89",58607.89
47,Street Resurfacing Menu (2023),ON N GREENVIEW AVE FROM W PENSACOLA AVE (4330 N) TO W MONTROSE AVE (4400 N),"$37,170.20",37170.2
47,Street Resurfacing Menu (2023),ON N HERMITAGE AVE FROM W AINSLIE ST (4900 N) TO W WINNEMAC AVE (5030 N),"$62,241.69",62241.69
47,Street Resurfacing Menu (2023),ON N HOYNE AVE FROM W GRACE ST (3800 N) TO W BYRON ST (3900 N),"$59,913.15",59913.15
47,Street Resurfacing Menu (2023),ON N HOYNE AVE FROM W LAWRENCE AVE (4800 N) TO W AINSLIE ST (4900 N),"$54,556.27",54556.27
47,Street Resurfacing Menu (2023),ON N LEAVITT ST FROM W BERTEAU AVE (4200 N) TO W CULLOM AVE (4300 N),"$67,311.60",67311.6
47,Street Resurfacing Menu (2023),ON N WOLCOTT AVE FROM W BRADLEY PL (3730 N) TO W GRACE ST (3800 N),"$17,322.11",17322.11
47,Street Resurfacing Menu (2023),ON W BERTEAU AVE FROM N CLARK ST (1400 W) TO N GREENVIEW AVE (1500 W),"$88,785.72",88785.72
47,Street Resurfacing Menu (2023),ON W CARMEN AVE FROM N BROADWAY (1200 W) TO N GLENWOOD AVE (1400 W),"$79,619.97",79619.97
47,Street Resurfacing Menu (2023),ON W HUTCHINSON ST FROM N WESTERN AVE (2400 W) TO N CAMPBELL AVE (2500 W),"$62,022.44",62022.44
47,Street Resurfacing Menu (2023),ON W LELAND AVE FROM N ASHLAND AVE (1600 W) TO N PAULINA ST (1700 W),"$39,527.95",39527.95
47,Street Speed Hump Menu (2023),1700 W ROSCOE ST; ON W ROSCOE ST FROM N PAULINA ST (1700 W) TO N RAVENSWOOD AVE W (1800 W),"$4,700.00",4700.0
47,Street Speed Hump Menu (2023),ON N CAMPBELL AVE FROM W ADDISON ST (3600 N) TO W WAVELAND AVE (3700 N),"$4,880.00",4880.0
47,Street Speed Hump Menu (2023),ON N TALMAN AVE FROM W ADDISON ST (3600 N) TO W BRADLEY PL (3730 N),"$7,320.00",7320.0
47,Street Speed Hump Menu (2023),ON W BELLE PLAINE AVE FROM N OAKLEY AVE (2300 W) TO N WESTERN AVE (2400 W),"$4,880.00",4880.0
47,Street Speed Hump Replacement (2023),ON N BELL AVE FROM W BELLE PLAINE AVE (4100 N) TO W BERTEAU AVE (4200 N),$0.00,0.0
47,Street Speed Hump Replacement (2023),ON N GREENVIEW AVE FROM W PENSACOLA AVE (4330 N) TO W MONTROSE AVE (4400 N),$0.00,0.0
47,Street Speed Hump Replacement (2023),ON N HOYNE AVE FROM W GRACE ST (3800 N) TO W BYRON ST (3900 N),$0.00,0.0
47,Street Speed Hump Replacement (2023),ON N HOYNE AVE FROM W LAWRENCE AVE (4800 N) TO W AINSLIE ST (4900 N),$0.00,0.0
47,Street Speed Hump Replacement (2023),ON N LEAVITT ST FROM W BERTEAU AVE (4200 N) TO W CULLOM AVE (4300 N),$0.00,0.0
47,Street Speed Hump Replacement (2023),ON W CARMEN AVE FROM N BROADWAY (1200 W) TO N GLENWOOD AVE (1400 W),$0.00,0.0
47,Street Speed Hump Replacement (2023),ON W HUTCHINSON ST FROM N WESTERN AVE (2400 W) TO N CAMPBELL AVE (2500 W),$0.00,0.0
47,Street Traffic Circle Menu (2023),N GREENVIEW AVE & W BELLE PLAINE AVE,"$3,231.40",3231.4
48,(2023) Miscellaneous CDOT Projects (2023),5359 N CLARK ST,$660.00,660.0
48,ADA - Street Resurfacing Menu (2023),ON N GLENWOOD AVE FROM W BERWYN AVE (5300 N) TO W BALMORAL AVE (5400 N),"$3,622.50",3622.5
48,Alley Apron Menu (2023),5959 N BROADWAY; ON N BROADWAY FROM W THORNDALE AVE (5933 N) TO W ELMDALE AVE (6000 N),"$25,344.10",25344.1
48,Alley Apron Menu (2023),ON N GLENWOOD AVE FROM W NORWOOD ST (6030 N) TO W GLENLAKE AVE (6100 N); 6034 N GLENWOOD AVE,"$46,324.86",46324.86
48,Alley Resurfacing Menu (2023),N GLENWOOD AVE & W GREGORY ST&W CATALPA AVE & N CLARK ST,"$14,832.24",14832.24
48,Alley Resurfacing Menu (2023),N MARINE DR & W MARGATE TER&W AINSLIE ST & N MCCUTCHEON TER,"$14,306.93",14306.93
48,Alley Resurfacing Menu (2023),W ARDMORE AVE & N RIDGE AVE&N CLARK ST & W VICTORIA ST,"$53,529.30",53529.3
48,Alley Resurfacing Menu (2023),W GRANVILLE AVE & N SHERIDAN RD&N KENMORE AVE & W GLENLAKE AVE,"$40,662.73",40662.73
48,Alley Speed Hump Replacement (2023),W ARDMORE AVE & N RIDGE AVE&N CLARK ST & W VICTORIA ST,$0.00,0.0
48,Alley Speed Hump Replacement (2023),W GRANVILLE AVE & N SHERIDAN RD&N KENMORE AVE & W GLENLAKE AVE,$0.00,0.0
48,Cochran Park Playlot Renovation,5550 N MAGNOLIA AVE,"$50,000.00",50000.0
48,Curb & Gutter Menu (2023),1428-1430 W HOOD AVE,"$10,325.78",10325.78
48,Curb & Gutter Menu (2023),5250-5252 N LAKEWOOD AVE,"$4,300.43",4300.43
48,Curb & Gutter Menu (2023),5455 N LAKEWOOD AVE,"$1,510.47",1510.47
48,Curb & Gutter Menu (2023),5538 N LAKEWOOD AVE,"$1,955.30",1955.3
48,Design and installation of Pedestrian Hybrid Beacon (PHB) on N. Ridge Ave. at the intersection with N. Wayne Ave. &,N RIDGE AVE & N WAYNE AVE,"$297,411.70",297411.7
48,Mosaic Installation at Stephen K. Hayt Elementary School,1518 W GRANVILLE AVE,"$19,095.75",19095.75
48,Pavement Markings Menu (2023),ON N WINTHROP AVE FROM W AINSLIE ST (4900 N) TO W SHERIDAN RD (6399 N); ON N KENMORE AVE FROM W AINSLIE ST (4900 N) TO W SHERIDAN RD (6400 N),"$100,000.00",100000.0
48,Sidewalk Menu (2023),1455 W NORWOOD ST,"$5,908.79",5908.79
48,Sidewalk Menu (2023),5100 N MARINE DR,"$2,976.73",2976.73
48,Sidewalk Menu (2023),5201-5203 N WINTHROP AVE,"$8,009.70",8009.7
48,Sidewalk Menu (2023),5353 N BROADWAY,"$42,570.06",42570.06
48,Sidewalk Menu (2023),5439 N BROADWAY,"$2,340.31",2340.31
48,Sidewalk Menu (2023),5651 N BROADWAY; 5643 N BROADWAY,"$14,229.45",14229.45
48,Sidewalk Menu (2023),5701 N BROADWAY,"$6,437.91",6437.91
48,Sidewalk Menu (2023),5821 N BROADWAY,"$14,310.58",14310.58
48,Sidewalk Menu (2023),5947 N BROADWAY,"$8,232.18",8232.18
48,Sidewalk Menu (2023),6231 N BROADWAY,"$8,321.07",8321.07
48,Sidewalk Menu (2023),6300-6310 N BROADWAY,"$59,721.10",59721.1
48,Street Resurfacing Menu (2023),ON N GLENWOOD AVE FROM W BERWYN AVE (5300 N) TO W BALMORAL AVE (5400 N),"$66,270.00",66270.0
48,Street Resurfacing Menu (2023),ON N KENMORE AVE FROM W ARDMORE AVE (5800 N) TO W THORNDALE AVE (5900 N),"$97,543.15",97543.15
48,Street Resurfacing Menu (2023),ON N WAYNE AVE FROM W FOSTER AVE (5200 N) TO W BERWYN AVE (5300 N),"$55,806.86",55806.86
48,Street Resurfacing Menu (2023),ON N WINTHROP AVE FROM W BERWYN AVE (5300 N) TO W BALMORAL AVE (5400 N),"$64,819.15",64819.15
48,Street Resurfacing Menu (2023),ON W THORNDALE AVE FROM N GREENVIEW AVE (1500 W) TO N CLARK ST (1600 W),"$48,361.42",48361.42
48,Street Speed Hump Replacement (2023),ON N GLENWOOD AVE FROM W BERWYN AVE (5300 N) TO W BALMORAL AVE (5400 N),$0.00,0.0
48,Street Speed Hump Replacement (2023),ON N WAYNE AVE FROM W FOSTER AVE (5200 N) TO W BERWYN AVE (5300 N),$0.00,0.0
48,Street Speed Hump Replacement (2023),ON N WINTHROP AVE FROM W BERWYN AVE (5300 N) TO W BALMORAL AVE (5400 N),$0.00,0.0
48,Street Speed Hump Replacement (2023),ON W THORNDALE AVE FROM N GREENVIEW AVE (1500 W) TO N CLARK ST (1600 W),$0.00,0.0
48,Volini Plaza,ON W HOLLYWOOD AVE FROM N WAYNE AVE (1332 W) TO N RIDGE AVE (1332 W),"$50,000.00",50000.0
48,"W. Hollywood Ave. In-Road ""State Law Stop For Pedestrians"" Sign Menu",W DEVON AVE & N BOSWORTH AVE,$600.00,600.0
49,49th Ward - Loene Beach Parking Lot Access - CPD,1222 W TOUHY AVE,"$100,000.00",100000.0
49,49th Ward - Picnic Tables - Lazarus Park Playground,1257 W COLUMBIA AVE,"$12,000.00",12000.0
49,49th Ward - Sidewalk Repairs - Tobey Prinz Park - CPD,1050 W PRATT BLVD,"$30,000.00",30000.0
49,49th Ward Mural Funding - DCASE,7442 N ASHLAND AVE,"$33,000.00",33000.0
49,Alley Resurfacing Menu (2023),1132 W ALBION AVE; N SHERIDAN RD & W ALBION AVE; N SHERIDAN RD & W NORTH SHORE AVE,"$58,147.80",58147.8
49,Alley Resurfacing Menu (2023),N ASHLAND AVE & W PRATT BLVD&W NORTH SHORE AVE & N BOSWORTH AVE; 6701 N ASHLAND AVE,"$47,470.48",47470.48
49,Alley Resurfacing Menu (2023),N BELL AVE & W TOUHY AVE&W CHASE AVE & N OAKLEY AVE,"$50,068.45",50068.45
49,Alley Speed Hump Replacement (2023),1132 W ALBION AVE; N SHERIDAN RD & W ALBION AVE; N SHERIDAN RD & W NORTH SHORE AVE,$0.00,0.0
49,Alley Speed Hump Replacement (2023),N BELL AVE & W TOUHY AVE&W CHASE AVE & N OAKLEY AVE,$0.00,0.0
49,Arterial Street Bump Outs Menu (2023),N CLARK ST & W WALLEN AVE,"$128,069.50",128069.5
49,Bike Lane/Marked Shared Lane Menu (2023),ON N EASTLAKE TER FROM W BIRCHWOOD AVE (7500 N) TO N SHERIDAN RD (7770 N); ON W BIRCHWOOD AVE FROM N EASTLAKE TER (1320 W) TO N GREENVIEW AVE (1500 W),"$80,000.00",80000.0
49,Concrete Alley Menu (2023),N GLENWOOD AVE & W GREENLEAF AVE&N GREENVIEW AVE & W LUNT AVE,"$139,950.18",139950.18
49,Curb & Gutter Menu (2023),1149 W FARWELL AVE,"$11,455.57",11455.57
49,Curb & Gutter Menu (2023),1201 W MORSE AVE,"$17,509.87",17509.87
49,Curb & Gutter Menu (2023),1622 W CHASE AVE,"$4,797.70",4797.7
49,Miscellaneous CDOT Projects (2023),1442 W JARVIS AVE,$660.00,660.0
49,Miscellaneous CDOT Projects (2023),1901 W HOWARD ST,"$3,900.00",3900.0
49,Miscellaneous CDOT Projects (2023),7156 N SHERIDAN RD; 6555 N SHERIDAN RD; N SHERIDAN RD & W NORTH SHORE AVE; 6760 N SHERIDAN RD; 6934 N SHERIDAN RD; 7001 N SHERIDAN RD; 7030 N SHERIDAN RD,"$18,200.00",18200.0
49,Sidewalk Menu (2023),1236 W NORTH SHORE AVE,"$2,442.65",2442.65
49,Sidewalk Menu (2023),1243-1247 W COLUMBIA AVE,"$11,644.18",11644.18
49,Sidewalk Menu (2023),1339 W LOYOLA AVE,"$3,154.99",3154.99
49,Sidewalk Menu (2023),1513 W SHERWIN AVE,"$2,777.07",2777.07
49,Sidewalk Menu (2023),1522-1524 W GREENLEAF AVE,"$1,622.77",1622.77
49,Sidewalk Menu (2023),1538 W ESTES AVE,"$3,125.11",3125.11
49,Sidewalk Menu (2023),1560 W HOWARD ST,$449.44,449.44
49,Sidewalk Menu (2023),1617 W HOWARD ST,$449.44,449.44
49,Sidewalk Menu (2023),1634 W JUNEWAY TER,"$14,224.56",14224.56
49,Sidewalk Menu (2023),1710 W JUNEWAY TER,"$19,679.78",19679.78
49,Sidewalk Menu (2023),1726 W LUNT AVE,"$18,093.64",18093.64
49,Sidewalk Menu (2023),1755 W NORTH SHORE AVE,"$6,881.36",6881.36
49,Sidewalk Menu (2023),1810 W CHASE AVE,"$4,264.30",4264.3
49,Sidewalk Menu (2023),1844 W CHASE AVE,"$12,077.65",12077.65
49,Sidewalk Menu (2023),1941-1951 W MORSE AVE,"$15,615.92",15615.92
49,Sidewalk Menu (2023),6432 N NEWGARD AVE,"$5,680.39",5680.39
49,Sidewalk Menu (2023),6915-6917 N GREENVIEW AVE,"$7,336.31",7336.31
49,Sidewalk Menu (2023),6963 N SHERIDAN RD,"$3,662.98",3662.98
49,Sidewalk Menu (2023),7340-7350 N RIDGE BLVD,"$7,990.46",7990.46
49,Sidewalk Menu (2023),7401 N SHERIDAN RD,"$19,477.14",19477.14
49,Street Resurfacing Menu (2023),7450 N MARSHFIELD AVE; ON N MARSHFIELD AVE FROM 7466 N TO N ASHLAND AVE (7500 N),"$27,466.90",27466.9
49,Street Resurfacing Menu (2023),ON N LAKEWOOD AVE FROM W ARTHUR AVE (6500 N) TO W ALBION AVE (6600 N),"$90,310.35",90310.35
49,Street Resurfacing Menu (2023),ON W BIRCHWOOD AVE FROM N EASTLAKE TER (1320 W) TO N SHERIDAN RD (1400 W),"$65,218.39",65218.39
49,Street Resurfacing Menu (2023),ON W CHASE AVE FROM N RIDGE BLVD (2100 W) TO N HAMILTON AVE (2140 W),"$25,622.14",25622.14
49,Street Resurfacing Menu (2023),ON W ESTES AVE FROM N GLENWOOD AVE (1400 W) TO N GREENVIEW AVE (1500 W),"$66,820.03",66820.03
49,Street Resurfacing Menu (2023),ON W ESTES AVE FROM N SHERIDAN RD (1300 W) TO N GLENWOOD AVE (1400 W),"$2,031.41",2031.41
49,Street Resurfacing Menu (2023),ON W GREENLEAF AVE FROM N RAVENSWOOD AVE (1780 W) TO N RIDGE BLVD (2050 W),"$94,917.14",94917.14
49,Street Resurfacing Menu (2023),ON W GREENLEAF AVE FROM N SHERIDAN RD (1300 W) TO N GLENWOOD AVE (1400 W),"$81,560.69",81560.69
49,Street Resurfacing Menu (2023),ON W JARVIS AVE FROM N DAMEN AVE (2000 W) TO N RIDGE BLVD (2130 W),"$56,412.63",56412.63
49,Street Resurfacing Menu (2023),ON W NORTH SHORE AVE FROM 1333 W TO N GLENWOOD AVE (1400 W),"$19,574.69",19574.69
49,Street Speed Hump Menu (2023),ON N GREENVIEW AVE FROM W FARWELL AVE (6900 N) TO W MORSE AVE (6940 N),"$2,440.00",2440.0
49,Street Speed Hump Menu (2023),ON N OAKLEY AVE FROM W JARVIS AVE (7400 N) TO W BIRCHWOOD AVE (7500 N),"$4,880.00",4880.0
49,Street Speed Hump Menu (2023),ON N WINCHESTER AVE FROM N ROGERS AVE (7330 N) TO W BIRCHWOOD AVE (7500 N),"$9,760.00",9760.0
49,Street Speed Hump Menu (2023),ON W ARTHUR AVE FROM N GREENVIEW AVE (1500 W) TO N BOSWORTH AVE (1530 W),"$2,440.00",2440.0
49,Street Speed Hump Menu (2023),ON W BIRCHWOOD AVE FROM N OAKLEY AVE (2300 W) TO N WESTERN AVE (2400 W),"$1,380.26",1380.26
49,Street Speed Hump Menu (2023),ON W BIRCHWOOD AVE FROM N SHERIDAN RD (1400 W) TO N GREENVIEW AVE (1500 W),"$8,354.40",8354.4
49,Street Speed Hump Replacement (2023),ON W CHASE AVE FROM N RIDGE BLVD (2100 W) TO N HAMILTON AVE (2140 W),$0.00,0.0
50,Alley Apron Menu (2023),2349 W JARVIS AVE,"$10,158.21",10158.21
50,Alley Apron Menu (2023),2954 W FITCH AVE,"$16,787.34",16787.34
50,Alley Apron Menu (2023),3000 W SHERWIN AVE,"$14,641.79",14641.79
50,Alley Apron Menu (2023),7120 N OAKLEY AVE,"$12,228.32",12228.32
50,Alley Resurfacing Menu (2023),2133 W ARTHUR AVE; W ARTHUR AVE & N HAMILTON AVE&N LEAVITT ST & W DEVON AVE,"$13,905.23",13905.23
50,Alley Resurfacing Menu (2023),6319 N LEAVITT ST; W HIGHLAND AVE & N LEAVITT ST&N LEAVITT ST & W ROSEMONT AVE,"$24,394.78",24394.78
50,Alley Resurfacing Menu (2023),N MOZART ST & W DEVON AVE&W ARTHUR AVE & N FRANCISCO AVE,"$6,727.91",6727.91
50,Alley Resurfacing Menu (2023),N VIRGINIA AVE & W THORNDALE AVE; N LINCOLN AVE & N WHIPPLE ST,"$17,133.16",17133.16
50,Alley Resurfacing Menu (2023),W ARTHUR AVE & N BELL AVE&N OAKLEY AVE & W DEVON AVE,"$29,120.23",29120.23
50,Alley Resurfacing Menu (2023),W FITCH AVE & N WESTERN AVE&N ROCKWELL ST & W ESTES AVE,"$37,788.98",37788.98
50,Alley Resurfacing Menu (2023),W MORSE AVE & N FRANCISCO AVE&N CALIFORNIA AVE & W PRATT BLVD,"$8,806.33",8806.33
50,Alley Speed Hump Menu (2023),W HOWARD ST & N FRANCISCO AVE&N SACRAMENTO AVE & W JEROME ST,"$1,450.00",1450.0
50,Alley Speed Hump Replacement (2023),N MOZART ST & W DEVON AVE&W ARTHUR AVE & N FRANCISCO AVE,$0.00,0.0
50,Alley Speed Hump Replacement (2023),W ARTHUR AVE & N BELL AVE&N OAKLEY AVE & W DEVON AVE,$0.00,0.0
50,Concrete Alley Menu (2023),W MORSE AVE & N FRANCISCO AVE&N CALIFORNIA AVE & W PRATT BLVD,"$3,232.31",3232.31
50,Curb & Gutter Menu (2023),2520 W FITCH AVE,"$22,456.05",22456.05
50,Curb & Gutter Menu (2023),6431 N HOYNE AVE,"$2,883.50",2883.5
50,Sidewalk Menu (2023),2163-2175 W TOUHY AVE,"$34,916.20",34916.2
50,Sidewalk Menu (2023),2600-2622 W JARLATH ST; ON W JARLATH ST FROM N ROCKWELL ST (2600 W) TO N WASHTENAW AVE (2700 W),"$26,654.38",26654.38
50,Street Bump Outs Menu (2023),N SACRAMENTO AVE & W JEROME ST,"$1,404.48",1404.48
50,Street Light Residential Staggered Piggy Back Menu (2023),ON N ROCKWELL ST FROM W DEVON AVE (6400 N) TO W ALBION AVE (6600 N),"$256,310.47",256310.47
50,Street Light Residential Staggered Piggy Back Menu (2023),ON W ESTES AVE FROM N CALIFORNIA AVE (2800 W) TO N SACRAMENTO AVE (3000 W),"$326,000.00",326000.0
50,Street Light Upgrade Menu (2023),3147 W BIRCHWOOD AVE,$500.00,500.0
50,Street Light Upgrade Menu (2023),6240 N RICHMOND ST,$500.00,500.0
50,Street Light Upgrade Menu (2023),6318 N DRAKE AVE,$500.00,500.0
50,Street Resurfacing Menu (2023),ON N BELL AVE FROM 6511 N TO W ARTHUR AVE (6500 N),"$17,114.56",17114.56
50,Street Resurfacing Menu (2023),ON N HOYNE AVE FROM W GRANVILLE AVE (6200 N) TO W DEVON AVE (6400 N),"$59,981.42",59981.42
50,Street Resurfacing Menu (2023),ON N LEAVITT ST FROM 6511 N TO W ARTHUR AVE (6500 N),"$16,791.61",16791.61
50,Street Resurfacing Menu (2023),ON N MOZART ST FROM W DEVON AVE (6400 N) TO W ALBION AVE (6600 N),"$99,365.24",99365.24
50,Street Resurfacing Menu (2023),ON N OAKLEY AVE FROM W ROSEMONT AVE (6300 N) TO W DEVON AVE (6400 N),"$40,398.67",40398.67
50,Street Resurfacing Menu (2023),ON N RICHMOND ST FROM W ROSEMONT AVE (6300 N) TO W DEVON AVE (6400 N),"$44,714.52",44714.52
50,Street Resurfacing Menu (2023),ON N ROCKWELL ST FROM W TOUHY AVE (7200 N) TO W JARLATH ST (7230 N),"$39,422.87",39422.87
50,Street Resurfacing Menu (2023),ON N SEELEY AVE FROM 6550 N TO W ARTHUR AVE (6500 N),"$27,023.33",27023.33
50,Street Resurfacing Menu (2023),ON N TALMAN AVE FROM W DEVON AVE (6400 N) TO W ARTHUR AVE (6500 N),"$44,820.02",44820.02
50,Street Resurfacing Menu (2023),ON N WHIPPLE ST FROM 6821 N TO W PRATT BLVD (6800 N),"$14,346.78",14346.78
50,Street Resurfacing Menu (2023),ON N WINCHESTER AVE FROM 6445 N TO W LOYOLA AVE (6600 N),"$38,695.82",38695.82
50,Street Resurfacing Menu (2023),ON W BIRCHWOOD AVE FROM N ROCKWELL ST (2600 W) TO N CALIFORNIA AVE (2800 W),"$134,804.82",134804.82
50,Street Resurfacing Menu (2023),ON W JARVIS AVE FROM N FRANCISCO AVE (2900 W) TO N SACRAMENTO AVE (3000 W),"$54,020.66",54020.66
50,Street Speed Hump Replacement (2023),ON N MOZART ST FROM W DEVON AVE (6400 N) TO W ALBION AVE (6600 N),$0.00,0.0
50,Street Speed Hump Replacement (2023),ON W JARVIS AVE FROM N FRANCISCO AVE (2900 W) TO N SACRAMENTO AVE (3000 W),$0.00,0.0
