ward,menu_package,address,cost,cost_numeric,cost_share
1,Alley Resurfacing Menu (2023),W SUPERIOR ST & N PAULINA ST & N WOOD ST & W HURON ST,"$19,358.00",19358.00,0.012905
1,,1757 W SUPERIOR ST,"$19,358.00",19358.00,0.012905
1,Alley Speed Hump Replacement (2023),W SUPERIOR ST & N PAULINA ST & N WOOD ST & W HURON ST,$0.00,0.00,0.000000
1,,1757 W SUPERIOR ST,$0.00,0.00,0.000000
1,Arterial Street Bump Outs Menu (2023),N ASHLAND AVE & W HURON ST,"$150,000.00",150000.0,0.100000
1,Arterial Street Bump Outs Menu (2023),N ASHLAND AVE & W OHIO ST,"$100,000.00",100000.0,0.066667
1,Bike Lane/Marked Shared Lane Menu (2023),500-1000 N Paulina St,"$100,000.00",100000.0,0.066667
1,Concrete Alley Menu (2023),W ARMITAGE AVE & N WHIPPLE ST & N ALBANY AVE & W CORTLAND ST,"$43,441.95",43441.95,0.028961
1,Curb & Gutter Menu (2023),W BELDEN AVE & N TALMAN AVE,"$94,353.88",94353.88,0.062903
1,Logan Square Skate Park Renovation (Haas Park),2402 N WASHTENAW AVE,"$100,000.00",100000.0,0.066667
1,Miscellaneous CDOT Projects (2023),1900 W OHIO ST,$660.00,660.0,0.000440
1,Miscellaneous CDOT Projects (2023),1958 W DIVISION ST,$660.00,660.0,0.000440
1,Miscellaneous CDOT Projects (2023),827 N WOOD ST,$761.00,761.0,0.000507
1,Pavement Markings Menu (2023),500-800 N Ashland Ave,"$8,000.00",8000.0,0.005333
1,Pavement Markings Menu (2023),W FULLERTON AVE & N CAMPBELL AVE,"$10,000.00",10000.0,0.006667
1,Pavement Markings Menu (2023),W FULLERTON AVE & N TALMAN AVE,"$50,000.00",50000.0,0.033333
1,Pedestrian Refuge Island Menu (2023),N WESTERN AVE & W CHARLESTON ST,"$28,149.75",28149.75,0.018767
1,Protected Bike Lane Menu (2023),1800-2600 N California Ave,"$375,000.00",375000.0,0.250000
1,Sidewalk Menu (2023),1056 N PAULINA ST,"$5,062.01",5062.01,0.003375
1,Sidewalk Menu (2023),2221 W SUPERIOR ST,"$7,034.99",7034.99,0.004690
1,Sidewalk Menu (2023),N CALIFORNIA AVE & W NORTH AVE,"$8,165.46",8165.46,0.005444
1,Street Bump Outs Menu (2023),1310-1314 N OAKLEY BLVD,"$10,535.38",10535.38,0.007024
1,Street Bump Outs Menu (2023),1700 W LE MOYNE ST,"$10,466.69",10466.69,0.006978
1,,W LE MOYNE ST & N PAULINA ST,"$10,466.69",10466.69,0.006978
1,Street Bump Outs Menu (2023),W CRYSTAL ST & N WOOD ST,"$29,913.24",29913.24,0.019942
1,Street Bump Outs Menu (2023),W LE MOYNE ST & N WOOD ST,"$14,871.92",14871.92,0.009915
1,Street Bump Outs Menu (2023),W PIERCE AVE & N PAULINA ST,"$10,668.51",10668.51,0.007112
1,,1700 W PIERCE AVE,"$10,668.51",10668.51,0.007112
1,Street Bump Outs Menu (2023),W POTOMAC AVE & N WOOD ST,"$30,232.73",30232.73,0.020155
1,Street Resurfacing Menu (2023),500-600 N Hermitage Ave,"$10,748.74",10748.74,0.007166
1,Street Resurfacing Menu (2023),1400-1550 N Wicker Park Ave,"$95,717.96",95717.96,0.063812
1,Street Resurfacing Menu (2023),1900-2000 W Schiller St,"$84,704.56",84704.56,0.056470
1,Street Speed Hump Menu (2023),1370 N DEAN ST,"$2,440.00",2440.0,0.001627
1,Street Speed Hump Menu (2023),2500-2600 N Artesian Ave,"$2,440.00",2440.0,0.001627
1,Street Speed Hump Menu (2023),1500-1600 N Campbell Ave,"$4,880.00",4880.0,0.003253
1,Street Speed Hump Menu (2023),2500-2610 N Maplewood Ave,"$4,880.00",4880.0,0.003253
1,Street Speed Hump Menu (2023),2300-2500 N Maplewood Ave,"$4,880.00",4880.0,0.003253
1,Street Speed Hump Menu (2023),1900-2000 N Richmond St,"$4,880.00",4880.0,0.003253
1,Street Speed Hump Menu (2023),1900-2000 N Sawyer Ave,"$4,880.00",4880.0,0.003253
1,Street Speed Hump Menu (2023),1320-1370 N Wicker Park Ave,"$4,880.00",4880.0,0.003253
1,Street Speed Hump Menu (2023),2100-2200 W Haddon Ave,"$4,880.00",4880.0,0.003253
1,Street Speed Hump Menu (2023),1400-1600 W Huron St,"$7,320.00",7320.0,0.004880
1,Street Speed Hump Menu (2023),1600-1800 W Pearson St,"$9,760.00",9760.0,0.006507
1,Street Speed Hump Menu (2023),2200-2300 W Potomac Ave,"$2,440.00",2440.0,0.001627
1,Street Speed Hump Menu (2023),2900-3000 W Schubert Ave,"$2,440.00",2440.0,0.001627
1,Street Speed Hump Replacement (2023),500-600 N Hermitage Ave,$0.00,0.0,0.000000
1,Street Speed Hump Replacement (2023),1400-1550 N Wicker Park Ave,$0.00,0.0,0.000000
1,Street Speed Hump Replacement (2023),1900-2000 W Schiller St,$0.00,0.0,0.000000
2,Alley Apron Menu (2023),2353 N LAKEWOOD AVE,"$50,503.65",50503.65,0.034900
2,Concrete Alley Menu (2023),N LARRABEE ST & W NORTH AVE & W BLACKHAWK ST & N MOHAWK ST,"$318,000.00",318000.0,0.219748
2,Pavement Markings Menu (2023),E CHICAGO AVE & N MIES VAN DER ROHE WAY,$900.00,900.0,0.000622
2,Sidewalk Menu (2023),1030 N CLARK ST,"$38,759.53",38759.53,0.026784
2,Sidewalk Menu (2023),121 W GOETHE ST,"$12,220.67",12220.67,0.008445
2,Sidewalk Menu (2023),1259 W WEBSTER AVE,"$10,960.72",10960.72,0.007574
2,Sidewalk Menu (2023),1636 N WELLS ST,"$4,605.21",4605.21,0.003182
2,Sidewalk Menu (2023),530 E GRAND AVE,"$94,103.81",94103.81,0.065029
2,Sidewalk Menu (2023),808 N LAKE SHORE DR,"$50,194.51",50194.51,0.034686
2,Street Bump Outs Menu (2023),W BELDEN AVE & N CLIFTON AVE,"$28,247.62",28247.62,0.019520
2,,W BELDEN AVE & N RACINE AVE,"$28,247.62",28247.62,0.019520
2,Street Light Upgrade Menu (2023),1542 N HUDSON AVE,$500.00,500.0,0.000346
2,Street Resurfacing Menu (2023),140-500 E Superior St,"$182,535.41",182535.41,0.126138
2,Street Resurfacing Menu (2023),830-900 N Dewitt Pl,"$43,408.43",43408.43,0.029997
2,Street Resurfacing Menu (2023),830-860 N Franklin St,"$27,270.72",27270.72,0.018845
2,Street Resurfacing Menu (2023),150-1100 N Lake Shore Dr,"$33,602.68",33602.68,0.023221
2,Street Resurfacing Menu (2023),830-930 N Mies Van Der Rohe Way,"$62,414.72",62414.72,0.043131
2,Street Resurfacing Menu (2023),800-900 N Sedgwick St,"$43,393.13",43393.13,0.029986
2,Street Resurfacing Menu (2023),1400-1600 N Wieland St,"$99,331.29",99331.29,0.068641
2,Street Resurfacing Menu (2023),0-40 W Burton Pl,"$23,457.96",23457.96,0.016210
2,Street Resurfacing Menu (2023),1-150 W Elm St,"$108,613.16",108613.16,0.075055
2,Street Resurfacing Menu (2023),200-400 W Goethe St,"$88,647.60",88647.6,0.061258
2,Street Resurfacing Menu (2023),50-100 W Maple St,"$36,902.63",36902.63,0.025501
2,Street Resurfacing Menu (2023),800-830 W Weed St,"$27,768.94",27768.94,0.019189
2,Street Resurfacing Menu (2023),160-200 W Wendell St,"$25,202.11",25202.11,0.017415
2,Street Speed Hump Menu (2023),2300-2400 N Lakewood Ave,"$2,440.00",2440.0,0.001686
2,Street Speed Hump Menu (2023),2100-2200 N Magnolia Ave,"$4,880.00",4880.0,0.003372
2,Street Speed Hump Replacement (2023),1400-1600 N Wieland St,$0.00,0.0,0.000000
2,Street Speed Hump Replacement (2023),200-400 W Goethe St,$0.00,0.0,0.000000
3,Alley Resurfacing Menu (2023),E 37TH ST & S INDIANA AVE & S GILES AVE & E 38TH ST,"$15,373.00",15373.00,0.010249
3,,3715 S INDIANA AVE,"$15,373.00",15373.00,0.010249
3,Alley Resurfacing Menu (2023),E 45TH ST & S ST LAWRENCE AVE & S CHAMPLAIN AVE & E 46TH ST,"$58,492.31",58492.31,0.038995
3,Alley Resurfacing Menu (2023),E 47TH ST & S ST LAWRENCE AVE & S FORRESTVILLE AVE & E 48TH ST,"$40,648.44",40648.44,0.027099
3,Alley Resurfacing Menu (2023),E 48TH ST & S VINCENNES AVE & E 49TH ST & S FORRESTVILLE AVE,"$41,200.00",41200.0,0.027467
3,Alley Resurfacing Menu (2023),S CALUMET AVE & E 40TH ST & E 41ST ST & S DR MARTIN LUTHER KING JR DR W,"$30,746.00",30746.0,0.020497
3,Alley Resurfacing Menu (2023),S CALUMET AVE & E 41ST ST & E 42ND ST & S DR MARTIN LUTHER KING JR DR W,"$30,807.80",30807.8,0.020539
3,Alley Resurfacing Menu (2023),S INDIANA AVE & E 33RD BLVD & E 35TH ST & S PRAIRIE AVE,"$59,607.06",59607.06,0.039738
3,Alley Resurfacing Menu (2023),S MICHIGAN AVE & E 52ND ST & E 53RD ST & S INDIANA AVE,"$30,320.53",30320.53,0.020214
3,Alley Resurfacing Menu (2023),S PRAIRIE AVE & E 40TH ST & E PERSHING RD & S CALUMET AVE,"$66,286.55",66286.55,0.044191
3,Alley Resurfacing Menu (2023),S STATE ST & E 41ST ST & E 42ND ST & S WABASH AVE,"$30,715.10",30715.1,0.020477
3,Alley Resurfacing Menu (2023),S VINCENNES AVE & E 43RD ST & E 44TH ST & S FORRESTVILLE AVE,"$39,426.70",39426.7,0.026284
3,Alley Speed Hump Menu (2023),E 48TH PL & S VINCENNES AVE & S DR MARTIN LUTHER KING JR DR & E 48TH ST,"$3,625.00",3625.0,0.002417
3,Alley Speed Hump Menu (2023),E PERSHING RD & S DR MARTIN LUTHER KING JR DR & S VINCENNES AVE & E OAKWOOD BLVD,"$1,450.00",1450.0,0.000967
3,Alley Speed Hump Replacement (2023),E 48TH ST & S VINCENNES AVE & E 49TH ST & S FORRESTVILLE AVE,$0.00,0.0,0.000000
3,Alley Speed Hump Replacement (2023),S PRAIRIE AVE & E 40TH ST & E PERSHING RD & S CALUMET AVE,$0.00,0.0,0.000000
3,Arterial Street Bump Outs Menu (2023),S STATE ST & E 14TH PL,"$100,000.00",100000.0,0.066667
3,Curb & Gutter Menu (2023),529 E 44TH ST,"$86,582.13",86582.13,0.057721
3,Miscellaneous CDOT Projects (2023),3950 S MICHIGAN AVE,"$15,678.37",15678.37,0.010452
3,Miscellaneous CDOT Projects (2023),417 E 43RD ST,$300.00,300.0,0.000200
3,Miscellaneous CDOT Projects (2023),4236 S VINCENNES AVE,$150.00,150.0,0.000100
3,Miscellaneous CDOT Projects (2023),4257 S CALUMET AVE,$300.00,300.0,0.000200
3,Miscellaneous CDOT Projects (2023),4311 S VERNON AVE,$150.00,150.0,0.000100
3,Miscellaneous CDOT Projects (2023),4334 S DR MARTIN LUTHER KING JR DR W,$150.00,150.0,0.000100
3,Miscellaneous CDOT Projects (2023),437 E 42ND PL,$150.00,150.00,0.000100
3,,447 E 42ND PL,$150.00,150.00,0.000100
3,Miscellaneous CDOT Projects (2023),4423 S WELLS ST,$150.00,150.00,0.000100
3,,5036 S PRINCETON AVE,$150.00,150.00,0.000100
3,Miscellaneous CDOT Projects (2023),444 E 43RD ST,$150.00,150.0,0.000100
3,Miscellaneous CDOT Projects (2023),4451 S VINCENNES AVE,$300.00,300.0,0.000200
3,Miscellaneous CDOT Projects (2023),4702 S DR MARTIN LUTHER KING JR DR W,$300.00,300.0,0.000200
3,Miscellaneous CDOT Projects (2023),4731 S MICHIGAN AVE,"$15,828.37",15828.37,0.010552
3,Miscellaneous CDOT Projects (2023),4909 S WABASH AVE,$150.00,150.0,0.000100
3,Miscellaneous CDOT Projects (2023),4933-4937 S MICHIGAN AVE,$150.00,150.0,0.000100
3,Miscellaneous CDOT Projects (2023),5403-5405 S WABASH AVE,$150.00,150.0,0.000100
3,Miscellaneous CDOT Projects (2023),S STATE ST & E 14TH PL,"$12,679.54",12679.54,0.008453
3,Sidewalk Menu (2023),1932 S WABASH AVE,"$24,909.09",24909.09,0.016606
3,Sidewalk Menu (2023),300 E 38TH ST,"$12,036.37",12036.37,0.008024
3,Sidewalk Menu (2023),430 E 41ST ST,"$3,571.90",3571.9,0.002381
3,Sidewalk Menu (2023),4533 S WABASH AVE,"$10,568.75",10568.75,0.007046
3,Sidewalk Menu (2023),4641-4700 S VINCENNES AVE,"$20,043.86",20043.86,0.013363
3,Sidewalk Menu (2023),4801 S WABASH AVE,"$31,276.62",31276.62,0.020851
3,Sidewalk Menu (2023),4805 S WABASH AVE,"$3,714.25",3714.25,0.002476
3,Sidewalk Menu (2023),4807 S WABASH AVE,"$5,499.33",5499.33,0.003666
3,Sidewalk Menu (2023),4835 S DR MARTIN LUTHER KING JR DR E,"$12,434.95",12434.95,0.008290
3,Sidewalk Menu (2023),4934 S MICHIGAN AVE,"$37,686.88",37686.88,0.025125
3,Sidewalk Menu (2023),5000 S PRAIRIE AVE,"$6,652.56",6652.56,0.004435
3,,300 E 50TH ST,"$6,652.56",6652.56,0.004435
3,,E 50TH ST & S PRAIRIE AVE,"$6,652.56",6652.56,0.004435
3,Sidewalk Menu (2023),5018 S MICHIGAN AVE,"$7,513.04",7513.04,0.005009
3,Sidewalk Menu (2023),4500-4600 S St Lawrence Ave,"$17,793.38",17793.38,0.011862
3,Speed Indicator Signs (2023),1200-1600 S Clark St,"$7,479.86",7479.86,0.004987
3,,1443 S CLARK ST,"$7,479.86",7479.86,0.004987
3,,1446 S CLARK ST,"$7,479.86",7479.86,0.004987
3,Street Light Residential Staggered Piggy Back Menu (2023),1208-1400 S Federal St,"$29,955.78",29955.78,0.019971
3,,1211-1400 S Plymouth Ct,"$29,955.78",29955.78,0.019971
3,Street Light Upgrade Menu (2023),2138 S INDIANA AVE,$500.00,500.0,0.000333
3,Street Light Upgrade Menu (2023),3400 S INDIANA AVE,$500.00,500.0,0.000333
3,Street Light Upgrade Menu (2023),3432 S GILES AVE,$500.00,500.0,0.000333
3,Street Light Upgrade Menu (2023),421 E 41ST ST,$500.00,500.0,0.000333
3,Street Light Upgrade Menu (2023),515 E PERSHING RD,$500.00,500.0,0.000333
3,Street Light Upgrade Menu (2023),521 E 41ST ST,$500.00,500.0,0.000333
3,Street Light Upgrade Menu (2023),4600-4700 S Calumet Ave,$500.00,500.00,0.000333
3,,4628 S CALUMET AVE,$500.00,500.00,0.000333
3,Street Resurfacing Menu (2023),0-100 E 36th Pl,"$109,098.99",109098.99,0.072733
3,Street Resurfacing Menu (2023),340-400 E 54th Pl,"$23,033.42",23033.42,0.015356
3,Street Resurfacing Menu (2023),4500-4530 S Portland Ave,"$36,421.55",36421.55,0.024281
3,Street Resurfacing Menu (2023),3500-3700 S Prairie Ave,"$156,440.06",156440.06,0.104293
3,Street Resurfacing Menu (2023),3600-3630 S Wabash Ave,"$47,102.31",47102.31,0.031402
3,Street Resurfacing Menu (2023),4800-4900 S Wabash Ave,"$101,446.63",101446.63,0.067631
3,Street Resurfacing Menu (2023),0-40 W 15th St,"$35,409.90",35409.9,0.023607
3,Street Speed Hump Replacement (2023),3500-3700 S Prairie Ave,$0.00,0.0,0.000000
3,Street Speed Hump Replacement (2023),0-40 W 15th St,$0.00,0.0,0.000000
4,Alley Resurfacing Menu (2023),E 37TH ST & S ELLIS AVE & S LAKE PARK AVE & E 37TH ST,"$13,857.71",13857.71,0.009242
4,Alley Resurfacing Menu (2023),E 41ST PL & S BERKELEY AVE & S LAKE PARK AVE & E 42ND PL,"$46,626.52",46626.52,0.031095
4,Alley Resurfacing Menu (2023),E 42ND ST & S COTTAGE GROVE AVE & S DREXEL BLVD & E BOWEN AVE,"$11,216.88",11216.88,0.007480
4,Alley Resurfacing Menu (2023),S EVANS AVE & E 46TH ST & E 47TH ST & S COTTAGE GROVE AVE,"$7,725.97",7725.97,0.005152
4,Alley Resurfacing Menu (2023),S LANGLEY AVE & E 42ND ST & E BOWEN AVE & S ST LAWRENCE AVE,"$34,513.54",34513.54,0.023017
4,Alley Resurfacing Menu (2023),S LANGLEY AVE & E 47TH ST & E 48TH ST & S CHAMPLAIN AVE,"$59,866.22",59866.22,0.039924
4,Alley Speed Hump Menu (2023),E 43RD ST & S LAKE PARK AVE & S OAKENWALD AVE & E 44TH PL,"$2,900.00",2900.0,0.001934
4,Alley Speed Hump Menu (2023),S DORCHESTER AVE & E HYDE PARK BLVD & E 52ND ST & S BLACKSTONE AVE,$362.50,362.50,0.000242
4,,5125 S DORCHESTER AVE,$362.50,362.50,0.000242
4,Alley Speed Hump Replacement (2023),S LANGLEY AVE & E 42ND ST & E BOWEN AVE & S ST LAWRENCE AVE,$0.00,0.0,0.000000
4,Concrete Alley Menu (2023),716 E BOWEN AVE,"$2,133.42",2133.42,0.001423
4,Curb & Gutter Menu (2023),1371 E 48TH ST,"$48,904.95",48904.95,0.032614
4,Curb & Gutter Menu (2023),3137 S GILES AVE,"$70,837.26",70837.26,0.047241
4,Curb & Gutter Menu (2023),3337 S PRAIRIE AVE,"$42,332.49",42332.49,0.028231
4,Curb & Gutter Menu (2023),1178-900 S Plymouth Ct,"$83,537.87",83537.87,0.055710
4,Dog Friendly Area: 4954 S. St. Lawrence Ave,4954 S ST LAWRENCE AVE,"$250,000.00",250000.0,0.166722
4,Kenwood Gardens 4131-4149 S. Drexel Blvd.,4131-4149 S DREXEL BLVD,"$150,000.00",150000.0,0.100033
4,Miscellaneous CDOT Projects (2023),4043 S DREXEL BLVD,$150.00,150.0,0.000100
4,Miscellaneous CDOT Projects (2023),4232 S COTTAGE GROVE AVE,$150.00,150.0,0.000100
4,Miscellaneous CDOT Projects (2023),4621 S LAKE PARK AVE,$150.00,150.0,0.000100
4,Miscellaneous CDOT Projects (2023),4847 S LANGLEY AVE,$300.00,300.0,0.000200
4,Miscellaneous CDOT Projects (2023),E 49TH ST & S KENWOOD AVE,"$28,770.36",28770.36,0.019187
4,Sidewalk Menu (2023),4406 S LAKE PARK AVE,"$4,399.87",4399.87,0.002934
4,Sidewalk Menu (2023),4801 S KIMBARK AVE,"$32,774.75",32774.75,0.021857
4,Sidewalk Menu (2023),5131 S BLACKSTONE AVE,"$5,140.59",5140.59,0.003428
4,Sidewalk Menu (2023),715 E BOWEN AVE,"$3,705.44",3705.44,0.002471
4,Sidewalk Menu (2023),820-882 S PARK TER,"$118,944.55",118944.55,0.079323
4,Sidewalk Menu (2023),899 S PLYMOUTH CT,"$17,057.00",17057.0,0.011375
4,Sidewalk Menu (2023),E 44TH ST & S ELLIS AVE,"$24,278.43",24278.43,0.016191
4,Sidewalk Menu (2023),1200-1300 E 48th St,"$20,989.92",20989.92,0.013998
4,Sidewalk Menu (2023),4900-5000 S Champlain Ave,"$30,745.53",30745.53,0.020504
4,Street Bump Outs Menu (2023),4584 S OAKENWALD AVE,"$3,051.76",3051.76,0.002035
4,Street Cul-de-Sac Menu (2023),4950 S GREENWOOD AVE,"$15,981.83",15981.83,0.010658
4,,S GREENWOOD AVE & E HYDE PARK BLVD,"$15,981.83",15981.83,0.010658
4,Street Resurfacing Menu (2023),800-844 E 38th Pl,"$37,826.63",37826.63,0.025226
4,Street Resurfacing Menu (2023),40-100 E 9th St,"$20,991.87",20991.87,0.013999
4,Street Resurfacing Menu (2023),4300-4400 S Berkeley Ave,"$68,150.77",68150.77,0.045449
4,Street Resurfacing Menu (2023),4800-4900 S Evans Ave,"$74,161.75",74161.75,0.049458
4,Street Resurfacing Menu (2023),4700-4800 S Langley Ave,"$60,703.65",60703.65,0.040483
4,Street Resurfacing Menu (2023),1178-900 S Plymouth Ct,"$31,625.62",31625.62,0.021091
4,Street Speed Hump Menu (2023),1000-1200 E 45th St,"$9,760.00",9760.0,0.006509
4,Street Speed Hump Menu (2023),1200-1300 E 46th St,"$4,880.00",4880.0,0.003254
4,Street Speed Hump Menu (2023),1300-1400 E 50th St,"$7,050.00",7050.0,0.004702
4,Street Speed Hump Menu (2023),5200-5300 S Dorchester Ave,"$2,440.00",2440.0,0.001627
4,Street Speed Hump Menu (2023),4400-4499 S Ellis Ave,"$4,880.00",4880.0,0.003254
4,Street Speed Hump Menu (2023),3946-4300 S Ellis Ave,"$14,640.00",14640.0,0.009763
4,Street Speed Hump Menu (2023),4500-4700 S Greenwood Ave,"$9,760.00",9760.0,0.006509
4,Street Speed Hump Menu (2023),4900-5000 S Kimbark Ave,"$4,880.00",4880.0,0.003254
5,Street Light Residential Staggered Piggy Back Menu (2023),1758-1830 E 69th St,"$168,000.00",168000.0,0.112000
5,Street Light Residential Staggered Piggy Back Menu (2023),6600-6700 S Dorchester Ave,"$15,971.00",15971.00,0.010647
5,,1400-1500 E 66th Pl,"$15,971.00",15971.00,0.010647
5,,6600-6700 S Blackstone Ave,"$15,971.00",15971.00,0.010647
5,Street Light Residential Staggered Piggy Back Menu (2023),6700-6900 S Paxton Ave,"$338,000.00",338000.0,0.225333
5,Street Resurfacing Menu (2023),5700-5900 S Blackstone Ave,"$140,573.29",140573.29,0.093716
5,Street Resurfacing Menu (2023),6300-6400 S Blackstone Ave,"$47,157.05",47157.05,0.031438
5,Street Resurfacing Menu (2023),5040-5100 S Cornell Ave,"$26,202.03",26202.03,0.017468
5,Street Resurfacing Menu (2023),5600-5800 S Drexel Ave,"$147,641.45",147641.45,0.098428
5,Street Resurfacing Menu (2023),6000-6100 S Drexel Ave,"$74,462.06",74462.06,0.049641
5,Street Resurfacing Menu (2023),5499-5700 S Ellis Ave,"$106,175.59",106175.59,0.070784
5,Street Resurfacing Menu (2023),5200-5300 S Ingleside Ave,"$43,862.96",43862.96,0.029242
5,Street Resurfacing Menu (2023),7200-7300 S Paxton Ave,"$54,238.38",54238.38,0.036159
5,Street Resurfacing Menu (2023),5200-5500 S University Ave,"$245,478.75",245478.75,0.163653
5,Street Resurfacing Menu (2023),5800-5900 S University Ave,"$55,415.31",55415.31,0.036944
5,Street Speed Hump Menu (2023),5700-5800 S Blackstone Ave,"$4,880.00",4880.0,0.003253
6,Alley Apron Menu (2023),8501 S WABASH AVE,"$10,630.86",10630.86,0.007087
6,,50-100 E 85th St,"$10,630.86",10630.86,0.007087
6,Arterial Street Bump Outs Menu (2023),S CHAMPLAIN AVE & E 75TH ST,"$75,833.04",75833.04,0.050555
6,Arterial Street Bump Outs Menu (2023),S CHAMPLAIN AVE & E 76TH ST,"$148,596.42",148596.42,0.099064
6,Brown Memorial Park Skate Park Project,634 E 86TH ST,"$100,000.00",100000.0,0.066667
6,Miscellaneous CDOT Projects (2023),201 E 75TH ST,$660.00,660.0,0.000440
6,Miscellaneous CDOT Projects (2023),501 E 78TH ST,$244.14,244.14,0.000163
6,Miscellaneous CDOT Projects (2023),58 W 79TH ST,$660.00,660.0,0.000440
6,Miscellaneous CDOT Projects (2023),659 E 75TH ST,$660.00,660.0,0.000440
6,Nat King Cole Park Walking Track,361 E 85TH ST,"$25,000.00",25000.0,0.016667
6,Sidewalk Menu (2023),344 E 80TH ST,"$20,251.22",20251.22,0.013501
6,Sidewalk Menu (2023),7735 S RHODES AVE,"$4,367.73",4367.73,0.002912
6,Sidewalk Menu (2023),7759 S CALUMET AVE,"$14,004.09",14004.09,0.009336
6,Sidewalk Menu (2023),7955-7959 S CALUMET AVE,"$9,785.84",9785.84,0.006524
6,Sidewalk Menu (2023),8501 S VERNON AVE,"$5,712.86",5712.86,0.003809
6,Sidewalk Menu (2023),8546 S WABASH AVE,"$5,614.34",5614.34,0.003743
6,,8554 S WABASH AVE,"$5,614.34",5614.34,0.003743
6,Street Light Residential Staggered Piggy Back Menu (2023),7100-7400 S Prairie Ave,"$489,000.00",489000.0,0.326000
6,Street Light Upgrade Menu (2023),7120 S VINCENNES AVE,$500.00,500.0,0.000333
6,Street Resurfacing Menu (2023),0-40 E 94th St,"$27,832.81",27832.81,0.018555
6,Street Resurfacing Menu (2023),7800-7900 S Champlain Ave,"$57,456.54",57456.54,0.038304
6,Street Resurfacing Menu (2023),8755-8700 S Prairie Ave,"$66,260.21",66260.21,0.044173
6,Street Resurfacing Menu (2023),8900-9000 S Prairie Ave,"$78,704.61",78704.61,0.052470
6,Street Resurfacing Menu (2023),8930-9000 S Wabash Ave,"$35,814.61",35814.61,0.023876
6,Street Resurfacing Menu (2023),9100-9500 S Wabash Ave,"$246,047.61",246047.61,0.164032
6,Street Resurfacing Menu (2023),9112-9200 S Williams Ave,"$45,477.87",45477.87,0.030319
6,Street Speed Hump Menu (2023),340-300 E 74th St,"$4,880.00",4880.0,0.003253
6,Street Speed Hump Menu (2023),7300-7400 S Evans Ave,"$4,880.00",4880.0,0.003253
6,Street Speed Hump Menu (2023),7200-7300 S Morgan St,"$4,880.00",4880.0,0.003253
6,Street Speed Hump Replacement (2023),9100-9500 S Wabash Ave,$0.00,0.0,0.000000
7,Alley Apron Menu (2023),2658 E 78TH ST,"$17,220.96",17220.96,0.011481
7,Alley Resurfacing Menu (2023),8041 S MUSKEGON AVE,"$23,684.06",23684.06,0.015789
7,,S MUSKEGON AVE & E 80TH ST & E 81ST ST & S ESCANABA AVE,"$23,684.06",23684.06,0.015789
7,Alley Resurfacing Menu (2023),E 84TH ST & S MANISTEE AVE & S MARQUETTE AVE & E 85TH ST,"$34,128.44",34128.44,0.022752
7,Alley Resurfacing Menu (2023),S CORNELL AVE & E 72ND ST & E 73RD ST & S STONY ISLAND AVE,"$24,594.47",24594.47,0.016396
7,Alley Speed Hump Replacement (2023),S CORNELL AVE & E 72ND ST & E 73RD ST & S STONY ISLAND AVE,$0.00,0.0,0.000000
7,Concrete Alley Menu (2023),E 101ST ST & S VAN VLISSINGEN RD & S PAXTON AVE & S VAN VLISSINGEN RD,"$268,207.98",268207.98,0.178805
7,Concrete Alley Menu (2023),E 83RD ST & E 83RD PL & S CLYDE AVE & S SOUTH CHICAGO AVE,"$62,528.41",62528.41,0.041686
7,Miscellaneous CDOT Projects (2023),7100 S BENNETT AVE,$660.00,660.0,0.000440
7,Pavement Markings Menu (2023),S VAN VLISSINGEN RD & E 102ND ST,"$4,000.00",4000.0,0.002667
7,Pavement Markings Menu (2023),S VAN VLISSINGEN RD & S PAXTON AVE,"$4,000.00",4000.0,0.002667
7,Sidewalk Menu (2023),10119 S YATES AVE,"$8,430.67",8430.67,0.005620
7,Sidewalk Menu (2023),2905 E 91ST ST,"$8,647.93",8647.93,0.005765
7,Sidewalk Menu (2023),8043 S KINGSTON AVE,"$8,392.44",8392.44,0.005595
7,Sidewalk Menu (2023),8059 S YATES BLVD,"$12,251.63",12251.63,0.008168
7,Sidewalk Menu (2023),8313 S LUELLA AVE,"$8,332.90",8332.9,0.005555
7,Sidewalk Menu (2023),8338 S LUELLA AVE,"$4,998.25",4998.25,0.003332
7,Sidewalk Menu (2023),8400 S COLFAX AVE,"$17,374.81",17374.81,0.011583
7,Sidewalk Menu (2023),8905-8907 S OGLESBY AVE,"$4,029.81",4029.81,0.002687
7,Street Bump Outs Menu (2023),S VAN VLISSINGEN RD & E 102ND ST,"$8,557.65",8557.65,0.005705
7,Street Light Upgrade Menu (2023),8316 S COLFAX AVE,$500.00,500.0,0.000333
7,Street Light Upgrade Menu (2023),9553 S CALHOUN AVE,$500.00,500.0,0.000333
7,Street Resurfacing Menu (2023),2917-2900 E 77th St,"$28,881.86",28881.86,0.019255
7,Street Resurfacing Menu (2023),8234-8300 S Burley Ave,"$26,533.10",26533.1,0.017689
7,Street Resurfacing Menu (2023),8100-8200 S Burnham Ave,"$66,924.31",66924.31,0.044616
7,Street Resurfacing Menu (2023),8000-8100 S Coles Ave,"$53,336.20",53336.2,0.035557
7,Street Resurfacing Menu (2023),7900-8100 S Colfax Ave,"$99,476.31",99476.31,0.066318
7,Street Resurfacing Menu (2023),7900-8000 S Crandon Ave,"$54,101.60",54101.6,0.036068
7,Street Resurfacing Menu (2023),7100-7200 S East End Ave,"$20,166.00",20166.0,0.013444
7,Street Resurfacing Menu (2023),7900-8200 S Essex Ave,"$194,312.20",194312.2,0.129541
7,Street Resurfacing Menu (2023),8100-8300 S Kingston Ave,"$123,162.76",123162.76,0.082109
7,Street Resurfacing Menu (2023),8700-8800 S Kingston Ave,"$42,395.74",42395.74,0.028264
7,Street Resurfacing Menu (2023),9100-9200 S Kingston Ave,"$49,091.49",49091.49,0.032728
7,Street Resurfacing Menu (2023),9200-9300 S Manistee Ave,"$58,542.50",58542.5,0.039028
7,Street Resurfacing Menu (2023),8000-8100 S Oglesby Ave,"$52,335.37",52335.37,0.034890
7,Street Resurfacing Menu (2023),7200-7300 S Ridgeland Ave,"$56,736.07",56736.07,0.037824
7,Street Speed Hump Menu (2023),7900-8000 S Colfax Ave,"$4,880.00",4880.0,0.003253
7,Street Speed Hump Menu (2023),7800-7900 S Essex Ave,"$4,880.00",4880.0,0.003253
7,Street Speed Hump Menu (2023),7600-7700 S Luella Ave,"$4,880.00",4880.0,0.003253
7,Street Speed Hump Menu (2023),10100-10160 S Paxton Ave,"$2,440.00",2440.0,0.001627
7,Street Speed Hump Menu (2023),7800-7900 S Phillips Ave,"$4,880.00",4880.0,0.003253
7,Street Speed Hump Menu (2023),10100-10200 S Van Vlissingen Rd,"$7,320.00",7320.0,0.004880
7,Street Speed Hump Replacement (2023),8100-8200 S Burnham Ave,$0.00,0.0,0.000000
7,Street Speed Hump Replacement (2023),7900-8100 S Colfax Ave,$0.00,0.0,0.000000
7,Street Speed Hump Replacement (2023),7900-8200 S Essex Ave,$0.00,0.0,0.000000
7,Street Speed Hump Replacement (2023),8700-8800 S Kingston Ave,$0.00,0.0,0.000000
7,Street Speed Hump Replacement (2023),8000-8100 S Oglesby Ave,$0.00,0.0,0.000000
8,Bollard Menu (2023),8201 S JEFFERY BLVD,"$1,629.66",1629.66,0.001086
8,Bollard Menu (2023),8459 S JEFFERY BLVD,"$1,487.11",1487.11,0.000991
8,Collector Street - Miscellaneous Concrete (2023),2100-2330 W 88th St,"$7,781.64",7781.64,0.005188
8,Curb & Gutter Menu (2023),8811-8819 S BLACKSTONE AVE,"$23,214.17",23214.17,0.015476
8,Floodlight Menu (2023),7300 S DORCHESTER AVE,$950.00,950.00,0.000633
8,,7359 S DORCHESTER AVE,$950.00,950.00,0.000633
8,Floodlight Menu (2023),8901 S CHAPPEL AVE,$950.00,950.0,0.000633
8,Floodlight Menu (2023),8919 S CHAPPEL AVE,$950.00,950.0,0.000633
8,Floodlight Menu (2023),8955 S CHAPPEL AVE,$950.00,950.0,0.000633
8,Floodlight Menu (2023),E 92ND ST & S CONSTANCE AVE,$950.00,950.0,0.000633
8,Miscellaneous CDOT Projects (2023),1014 E 79TH ST,$150.00,150.0,0.000100
8,Miscellaneous CDOT Projects (2023),8101 S BLACKSTONE AVE,$660.00,660.0,0.000440
8,Miscellaneous CDOT Projects (2023),S AVALON AVE & E 95TH ST,"$7,300.00",7300.0,0.004867
8,Sidewalk Menu (2023),1500 E 87TH ST,"$58,040.19",58040.19,0.038693
8,Sidewalk Menu (2023),1700 E 86TH PL,"$19,506.69",19506.69,0.013004
8,Sidewalk Menu (2023),8401 S MARYLAND AVE,"$4,572.47",4572.47,0.003048
8,Sidewalk Menu (2023),8459 S JEFFERY BLVD,"$8,383.96",8383.96,0.005589
8,Sidewalk Menu (2023),8819 S CREGIER AVE,"$8,546.42",8546.42,0.005698
8,Sidewalk Menu (2023),8933-8945 S CHAPPEL AVE,"$36,423.62",36423.62,0.024282
8,Sidewalk Menu (2023),8952 S CORNELL AVE,"$9,038.67",9038.67,0.006026
8,Sidewalk Menu (2023),9159 S DREXEL AVE,"$18,846.73",18846.73,0.012564
8,Speed Indicator Signs (2023),1215 E 83RD ST,"$14,000.00",14000.0,0.009333
8,Speed Indicator Signs (2023),E 83RD ST & S KENWOOD AVE,"$7,000.00",7000.00,0.004667
8,,1324 E 83RD ST X,"$7,000.00",7000.00,0.004667
8,Street Bump Outs Menu (2023),E 81ST ST & S JEFFERY BLVD,"$18,307.76",18307.76,0.012205
8,Street Light Pole for High Definition Camera Menu (2023),S BLACKSTONE AVE & E 92ND ST,"$3,000.00",3000.0,0.002000
8,Street Light Pole for High Definition Camera Menu (2023),S DOBSON AVE & E 93RD ST,"$6,000.00",6000.0,0.004000
8,Street Light Residential Staggered Piggy Back Menu (2023),9327-9200 S Constance Ave,"$260,000.00",260000.0,0.173333
8,Street Light Upgrade Menu (2023),1222 E 87TH PL,$500.00,500.0,0.000333
8,Street Light Upgrade Menu (2023),8448 S CHAPPEL AVE,$500.00,500.0,0.000333
8,Street Light Upgrade Menu (2023),8826 S HARPER AVE,$500.00,500.0,0.000333
8,Street Resurfacing Menu (2023),1600 E 86TH PL,"$32,371.90",32371.90,0.021581
8,,1560-1700 E 86th Pl,"$32,371.90",32371.90,0.021581
8,Street Resurfacing Menu (2023),1700-1800 E 86th St,"$33,766.59",33766.59,0.022511
8,Street Resurfacing Menu (2023),1630-1760 E 87th Pl,"$117,791.10",117791.1,0.078527
8,Street Resurfacing Menu (2023),700-800 E 90th Pl,"$48,854.21",48854.21,0.032569
8,Street Resurfacing Menu (2023),7900-8000 S Avalon Ave,"$52,383.67",52383.67,0.034922
8,Street Resurfacing Menu (2023),8000-8100 S Avalon Ave,"$4,700.00",4700.0,0.003133
8,Street Resurfacing Menu (2023),8900-9000 S Bennett Ave,"$57,603.27",57603.27,0.038402
8,Street Resurfacing Menu (2023),8730-8800 S Cornell Ave,"$44,208.61",44208.61,0.029472
8,Street Resurfacing Menu (2023),8900-9000 S Cornell Ave,"$61,984.23",61984.23,0.041323
8,Street Resurfacing Menu (2023),9000-9100 S Cregier Ave,"$61,390.71",61390.71,0.040927
8,Street Resurfacing Menu (2023),7700-7800 S Dobson Ave,"$83,550.19",83550.19,0.055700
8,Street Resurfacing Menu (2023),9000-9100 S East End Ave,"$59,368.75",59368.75,0.039579
8,Street Resurfacing Menu (2023),8900-9000 S Euclid Ave,"$62,187.26",62187.26,0.041458
8,Street Resurfacing Menu (2023),8500-8700 S Maryland Ave,"$113,817.19",113817.19,0.075878
8,Street Resurfacing Menu (2023),8200-8300 S Paxton Ave,"$60,539.22",60539.22,0.040359
8,Street Resurfacing Menu (2023),9300-9400 S University Ave,"$35,334.15",35334.15,0.023556
8,Street Speed Hump Menu (2023),1560-1700 E 83rd Pl,"$2,367.94",2367.94,0.001579
8,Street Speed Hump Menu (2023),1400-1430 E 89th St,"$2,440.00",2440.0,0.001627
8,Street Speed Hump Menu (2023),8000-8100 S Woodlawn Ave,"$4,880.00",4880.0,0.003253
8,Street Speed Hump Replacement (2023),1600 E 86TH PL,$0.00,0.00,0.000000
8,,1560-1700 E 86th Pl,$0.00,0.00,0.000000
8,Street Speed Hump Replacement (2023),1700-1800 E 86th St,$0.00,0.0,0.000000
8,Street Speed Hump Replacement (2023),1630-1760 E 87th Pl,$0.00,0.0,0.000000
8,Street Speed Hump Replacement (2023),7900-8000 S Avalon Ave,$0.00,0.0,0.000000
8,Street Speed Hump Replacement (2023),8900-9000 S Cornell Ave,$0.00,0.0,0.000000
8,Street Speed Hump Replacement (2023),8500-8700 S Maryland Ave,$0.00,0.0,0.000000
9,Alley Resurfacing Menu (2023),E 108TH ST & S STATE ST & S WABASH AVE & E 109TH ST,"$35,283.72",35283.72,0.023594
9,Alley Resurfacing Menu (2023),E 114TH PL & S MICHIGAN AVE & S INDIANA AVE & E 115TH ST,"$54,038.00",54038.0,0.036135
9,Alley Resurfacing Menu (2023),E 115TH ST & S INDIANA AVE & S PRAIRIE AVE & E KENSINGTON AVE,"$28,010.14",28010.14,0.018730
9,Alley Resurfacing Menu (2023),S STATE ST & E 99TH PL & E 99TH PL & E 99TH ST,"$6,901.83",6901.83,0.004615
9,,9911 S STATE ST,"$6,901.83",6901.83,0.004615
9,Alley Resurfacing Menu (2023),W 122ND ST & S STATE ST & S LAFAYETTE AVE & W 123RD ST,"$46,840.50",46840.5,0.031322
9,Alley Speed Hump Replacement (2023),E 108TH ST & S STATE ST & S WABASH AVE & E 109TH ST,$0.00,0.0,0.000000
9,Alley Speed Hump Replacement (2023),E 114TH PL & S MICHIGAN AVE & S INDIANA AVE & E 115TH ST,$0.00,0.0,0.000000
9,Alley Speed Hump Replacement (2023),W 122ND ST & S STATE ST & S LAFAYETTE AVE & W 123RD ST,$0.00,0.0,0.000000
9,Bollard Menu (2023),10314 S INDIANA AVE,$465.01,465.01,0.000311
9,Curb & Gutter Menu (2023),10557 S INDIANA AVE,"$10,233.14",10233.14,0.006843
9,Curb & Gutter Menu (2023),10800-10900 S FOREST AVE,"$95,905.69",95905.69,0.064132
9,Curb & Gutter Menu (2023),11346 S PRAIRIE AVE,"$33,913.68",33913.68,0.022678
9,Left-Turn Arrow Menu (2023),E 100TH ST & S DR MARTIN LUTHER KING JR DR,"$66,503.00",66503.0,0.044471
9,Miscellaneous CDOT Projects (2023),10605 S EDBROOKE AVE,$150.00,150.0,0.000100
9,Miscellaneous CDOT Projects (2023),25-27 E 119TH ST,$150.00,150.0,0.000100
9,Sidewalk Menu (2023),10023 S PRINCETON AVE,"$2,509.31",2509.31,0.001678
9,Sidewalk Menu (2023),10053 S PRINCETON AVE,"$11,419.96",11419.96,0.007637
9,Sidewalk Menu (2023),10108 S DR MARTIN LUTHER KING JR DR,"$8,214.28",8214.28,0.005493
9,Sidewalk Menu (2023),12157 S YALE AVE,"$26,699.87",26699.87,0.017854
9,Sidewalk Menu (2023),311 E 113TH ST,"$18,118.05",18118.05,0.012116
9,Sidewalk Menu (2023),346 W 100TH ST,"$4,412.76",4412.76,0.002951
9,Sidewalk Menu (2023),54 E 104TH ST,"$8,136.94",8136.94,0.005441
9,Sidewalk Menu (2023),556 W 127TH ST,"$17,702.20",17702.2,0.011837
9,Sidewalk Menu (2023),650 E 101ST PL,"$9,630.27",9630.27,0.006440
9,Sidewalk Menu (2023),9824 S INDIANA AVE,"$4,632.09",4632.09,0.003097
9,Street Light Pole Painting Menu (2023),12200 S YALE AVE,"$1,500.00",1500.0,0.001003
9,Street Light Upgrade Menu (2023),9916 S LAFAYETTE AVE,$500.00,500.0,0.000334
9,Street Resurfacing Menu (2023),600-700 E 102nd St,"$40,281.23",40281.23,0.026936
9,Street Resurfacing Menu (2023),640-800 E 105th St,"$82,911.09",82911.09,0.055443
9,Street Resurfacing Menu (2023),151-200 E 116th St,"$68,613.01",68613.01,0.045882
9,Street Resurfacing Menu (2023),0-100 E 121st Pl,"$56,943.57",56943.57,0.038078
9,Street Resurfacing Menu (2023),0-100 E 123rd St,"$44,450.28",44450.28,0.029724
9,Street Resurfacing Menu (2023),10700-10800 S Calumet Ave,"$58,190.32",58190.32,0.038912
9,Street Resurfacing Menu (2023),10600-10729 S Langley Ave,"$61,772.25",61772.25,0.041307
9,Street Resurfacing Menu (2023),11100-11200 S Langley Ave,"$59,423.63",59423.63,0.039737
9,Street Resurfacing Menu (2023),12700-12830 S Lowe Ave,"$85,512.15",85512.15,0.057182
9,Street Resurfacing Menu (2023),12000-12100 S Prairie Ave,"$25,612.73",25612.73,0.017127
9,Street Resurfacing Menu (2023),10100-10200 S Rhodes Ave,"$57,779.36",57779.36,0.038637
9,Street Resurfacing Menu (2023),10100-10200 S Vernon Ave,"$58,161.03",58161.03,0.038892
9,Street Resurfacing Menu (2023),12700-12830 S Wallace St,"$88,694.91",88694.91,0.059310
9,Street Resurfacing Menu (2023),12600-12700 S Yale Ave,"$38,133.94",38133.94,0.025500
9,Street Resurfacing Menu (2023),300-400 W 101st Pl,"$57,221.60",57221.6,0.038264
9,Street Resurfacing Menu (2023),468-430 W 126th Pl,"$32,635.97",32635.97,0.021824
9,Street Resurfacing Menu (2023),480-430 W 126th St,"$40,486.75",40486.75,0.027074
9,Street Resurfacing Menu (2023),500-600 W 126th St,"$34,960.23",34960.23,0.023378
9,Street Speed Hump Menu (2023),12600-12700 S Union Ave,"$4,880.00",4880.0,0.003263
10,Alley Resurfacing Menu (2023),S AVENUE B & E 108TH ST & E 109TH ST & S AVENUE C,"$39,904.51",39904.51,0.026732
10,Alley Resurfacing Menu (2023),S BRANDON AVE & E 92ND ST & E 93RD ST & S BALTIMORE AVE,"$40,362.40",40362.4,0.027039
10,Alley Resurfacing Menu (2023),S BURLEY AVE & E 130TH ST & E 131ST ST & S BRANDON AVE,"$41,729.96",41729.96,0.027955
10,Alley Resurfacing Menu (2023),S TORRENCE AVE & E 105TH ST & E 106TH ST & S HOXIE AVE,"$36,457.94",36457.94,0.024423
10,Alley Speed Hump Replacement (2023),S AVENUE B & E 108TH ST & E 109TH ST & S AVENUE C,$0.00,0.0,0.000000
10,Alley Speed Hump Replacement (2023),S TORRENCE AVE & E 105TH ST & E 106TH ST & S HOXIE AVE,$0.00,0.0,0.000000
10,Bollard Menu (2023),9601 S EWING AVE,"$2,783.64",2783.64,0.001865
10,Curb & Gutter Menu (2023),11052 S EWING AVE,"$87,425.24",87425.24,0.058566
10,Diagonal Parking Menu (2023),3325 E 106TH ST,"$23,017.48",23017.48,0.015419
10,Miscellaneous CDOT Projects (2023),10359 S EWING AVE,$660.00,660.0,0.000442
10,Sidewalk Menu (2023),10015-10035 S EXCHANGE AVE,"$33,382.22",33382.22,0.022363
10,Sidewalk Menu (2023),10022-10032 S EXCHANGE AVE,"$13,731.22",13731.22,0.009199
10,Sidewalk Menu (2023),10121 S EWING AVE,"$17,534.15",17534.15,0.011746
10,Sidewalk Menu (2023),10204 S AVENUE M,"$5,170.37",5170.37,0.003464
10,Sidewalk Menu (2023),10340-10342 S AVENUE M,"$20,595.42",20595.42,0.013797
10,Sidewalk Menu (2023),10455 S AVENUE L,"$4,759.86",4759.86,0.003189
10,Sidewalk Menu (2023),10501 S HOXIE AVE,"$3,228.03",3228.03,0.002162
10,,10500-10600 S Hoxie Ave,"$3,228.03",3228.03,0.002162
10,Sidewalk Menu (2023),10620-10624 S AVENUE O,"$6,448.95",6448.95,0.004320
10,Sidewalk Menu (2023),10620 S AVENUE F,"$1,276.87",1276.87,0.000855
10,Sidewalk Menu (2023),10646 S AVENUE G,$871.21,871.21,0.000584
10,,10642 S AVENUE G,$871.21,871.21,0.000584
10,Sidewalk Menu (2023),10746 S AVENUE G,"$5,565.56",5565.56,0.003728
10,Sidewalk Menu (2023),10753 S AVENUE H,"$5,171.49",5171.49,0.003464
10,Sidewalk Menu (2023),10811 S AVENUE O,"$9,654.05",9654.05,0.006467
10,Sidewalk Menu (2023),10842 S AVENUE O,"$1,724.55",1724.55,0.001155
10,Sidewalk Menu (2023),11257 S GREEN BAY AVE,"$13,257.98",13257.98,0.008882
10,Sidewalk Menu (2023),11357 S AVENUE H,"$17,949.28",17949.28,0.012024
10,Sidewalk Menu (2023),11357 S EWING AVE,"$35,040.58",35040.58,0.023474
10,Sidewalk Menu (2023),11535 S AVENUE L,$498.94,498.94,0.000334
10,Sidewalk Menu (2023),13000 S AVENUE N,"$18,196.27",18196.27,0.012190
10,Sidewalk Menu (2023),13056 S AVENUE N,"$15,657.02",15657.02,0.010489
10,Sidewalk Menu (2023),13100 S AVENUE N,"$5,337.54",5337.54,0.003576
10,Sidewalk Menu (2023),13300-13304 S AVENUE K,"$19,314.42",19314.42,0.012939
10,Sidewalk Menu (2023),13357 S AVENUE O,"$35,808.38",35808.38,0.023988
10,Sidewalk Menu (2023),3200 E 91ST ST,"$3,677.73",3677.73,0.002464
10,Sidewalk Menu (2023),3254-3256 E 136TH ST,"$5,107.26",5107.26,0.003421
10,Sidewalk Menu (2023),3365 E 89TH ST,"$25,686.81",25686.81,0.017208
10,Sidewalk Menu (2023),8524-8528 S HOUSTON AVE,"$4,746.89",4746.89,0.003180
10,Sidewalk Menu (2023),8634-8638 S MUSKEGON AVE,"$7,099.29",7099.29,0.004756
10,Sidewalk Menu (2023),8840 S ESCANABA AVE,"$7,865.78",7865.78,0.005269
10,Sidewalk Menu (2023),9749 S AVENUE H,"$6,217.79",6217.79,0.004165
10,Sidewalk Menu (2023),9757 S EWING AVE,"$39,687.12",39687.12,0.026586
10,Sidewalk Menu (2023),9821 S EXCHANGE AVE,"$13,136.90",13136.9,0.008800
10,Sidewalk Menu (2023),9825 S MARQUETTE AVE,"$5,895.27",5895.27,0.003949
10,Street Light Upgrade Menu (2023),13015 S BURLEY AVE,$500.00,500.0,0.000335
10,Street Light Upgrade Menu (2023),E 122ND ST & S STONY ISLAND AVE,"$1,425.00",1425.00,0.000955
10,,E 122ND ST & S TORRENCE AVE,"$1,425.00",1425.00,0.000955
10,Street Resurfacing Menu (2023),3340-3400 E 90th St,"$37,580.16",37580.16,0.025175
10,Street Resurfacing Menu (2023),10500-10600 S Avenue J,"$54,138.92",54138.92,0.036268
10,Street Resurfacing Menu (2023),11200-11300 S Avenue J,"$58,895.16",58895.16,0.039454
10,Street Resurfacing Menu (2023),11600-11800 S Avenue J,"$124,088.61",124088.61,0.083127
10,Street Resurfacing Menu (2023),10200-10300 S Avenue M,"$75,295.04",75295.04,0.050440
10,Street Resurfacing Menu (2023),10400-10599 S Avenue M,"$134,393.43",134393.43,0.090030
10,Street Resurfacing Menu (2023),9900-10100 S Escanaba Ave,"$116,897.66",116897.66,0.078310
10,Street Resurfacing Menu (2023),10600-10800 S State Line Rd,"$153,663.98",153663.98,0.102940
10,Street Speed Hump Menu (2023),3130-3630 E 135th St,"$21,960.00",21960.0,0.014711
10,Street Speed Hump Menu (2023),10800-11000 S Avenue E,"$4,880.00",4880.0,0.003269
10,Street Speed Hump Menu (2023),9700-9800 S Avenue H,"$2,356.43",2356.43,0.001579
10,Street Speed Hump Menu (2023),10900-11000 S Buffalo Ave,"$4,880.00",4880.0,0.003269
10,Street Speed Hump Menu (2023),10500-10600 S Calhoun Ave,"$4,880.00",4880.0,0.003269
10,Street Speed Hump Menu (2023),12800-12900 S Exchange Ave,"$4,880.00",4880.0,0.003269
10,Street Speed Hump Menu (2023),9500-9600 S Muskegon Ave,"$4,880.00",4880.0,0.003269
11,Alley Apron Menu (2023),2812 S PRINCETON AVE,"$40,710.41",40710.41,0.034126
11,Alley Apron Menu (2023),617 W 36TH ST,"$23,609.91",23609.91,0.019791
11,Alley Resurfacing Menu (2023),3017 S POPLAR AVE,"$17,622.04",17622.04,0.014772
11,,S POPLAR AVE & W 31ST ST,"$17,622.04",17622.04,0.014772
11,,W 30TH ST & S HALSTED ST,"$17,622.04",17622.04,0.014772
11,Alley Resurfacing Menu (2023),3353 S RACINE AVE,"$27,653.62",27653.62,0.023181
11,,S RACINE AVE & W 32ND PL,"$27,653.62",27653.62,0.023181
11,,S MAY ST & W 32ND PL,"$27,653.62",27653.62,0.023181
11,Alley Resurfacing Menu (2023),S HALSTED ST & W 33RD ST & W 33RD PL & S LITUANICA AVE,"$80,562.58",80562.58,0.067533
11,Alley Resurfacing Menu (2023),S WALLACE ST & W 41ST ST & S NORMAL AVE & W ROOT ST,"$39,999.53",39999.53,0.033530
11,Alley Resurfacing Menu (2023),W 29TH PL & S SHIELDS AVE & S STEWART AVE & W 30TH ST,"$12,683.49",12683.49,0.010632
11,Alley Resurfacing Menu (2023),W 29TH ST & S LOWE AVE & S UNION AVE & W 30TH ST,"$45,514.10",45514.1,0.038153
11,Alley Speed Hump Replacement (2023),3017 S POPLAR AVE,$0.00,0.00,0.000000
11,,S POPLAR AVE & W 31ST ST,$0.00,0.00,0.000000
11,,W 30TH ST & S HALSTED ST,$0.00,0.00,0.000000
11,Alley Speed Hump Replacement (2023),3353 S RACINE AVE,$0.00,0.00,0.000000
11,,S RACINE AVE & W 32ND PL,$0.00,0.00,0.000000
11,,S MAY ST & W 32ND PL,$0.00,0.00,0.000000
11,Alley Speed Hump Replacement (2023),S HALSTED ST & W 33RD ST & W 33RD PL & S LITUANICA AVE,$0.00,0.0,0.000000
11,Arterial Street Bump Outs Menu (2023),W 31ST ST & S QUINN ST,"$11,974.30",11974.3,0.010038
11,Concrete Alley Menu (2023),W 36TH ST & S WALLACE ST & S LOWE AVE & W 37TH ST,"$30,255.26",30255.26,0.025362
11,CPD - Pedestrian Path Repaving - Armour Square Park,3309 S SHIELDS AVE,"$100,000.00",100000.0,0.083827
11,Curb & Gutter Menu (2023),1559 W 33RD ST,"$50,000.00",50000.0,0.041913
11,Curb & Gutter Menu (2023),3723 S EMERALD AVE,"$50,000.00",50000.0,0.041913
11,High Definition Camera Menu (2023),S WELLS ST & S TAN CT,"$3,000.00",3000.0,0.002515
11,Miscellaneous CDOT Projects (2023),1032 W 32ND PL,$660.00,660.0,0.000553
11,Miscellaneous CDOT Projects (2023),1059 W 32ND PL,$660.00,660.0,0.000553
11,Pavement Markings Menu (2023),799-960 E 31st St,"$8,000.00",8000.0,0.006706
11,Pavement Markings Menu (2023),W FULLER ST & S LOCK ST,$500.00,500.0,0.000419
11,Pedestrian Refuge Island Menu (2023),S ARCHER AVE & S ARCH ST,"$75,000.00",75000.0,0.062870
11,Sidewalk Menu (2023),1101-1109 W 34TH PL,"$38,699.21",38699.21,0.032440
11,Sidewalk Menu (2023),2630 S WALLACE ST,"$11,057.72",11057.72,0.009269
11,Sidewalk Menu (2023),2940 S EMERALD AVE,"$3,132.65",3132.65,0.002626
11,Sidewalk Menu (2023),3019 S UNION AVE,"$3,432.44",3432.44,0.002877
11,Sidewalk Menu (2023),3250 S RACINE AVE,"$2,303.56",2303.56,0.001931
11,Sidewalk Menu (2023),3311 S RACINE AVE,$505.45,505.45,0.000424
11,Sidewalk Menu (2023),3725 S LOWE AVE,"$2,173.69",2173.69,0.001822
11,Sidewalk Menu (2023),3756-3766 S SANGAMON ST,"$2,520.61",2520.61,0.002113
11,Sidewalk Menu (2023),650 W 43RD PL,"$2,868.90",2868.9,0.002405
11,Street Light Pole for High Definition Camera Menu (2023),W 24TH ST & S PRINCETON AVE,"$3,500.00",3500.0,0.002934
11,Street Light Upgrade Menu (2023),3152 S UNION AVE,$500.00,500.0,0.000419
11,Street Light Upgrade Menu (2023),3153 S LOWE AVE,$500.00,500.0,0.000419
11,Street Light Upgrade Menu (2023),3422 S WOOD ST,$500.00,500.0,0.000419
11,Street Light Upgrade Menu (2023),3443 S WALLACE ST,$500.00,500.0,0.000419
11,Street Light Upgrade Menu (2023),935 W 35TH PL,$500.00,500.0,0.000419
11,Street Resurfacing Menu (2023),3600-3700 S Emerald Ave,"$72,659.04",72659.04,0.060908
11,Street Resurfacing Menu (2023),2044-2100 S Grove St,"$43,129.11",43129.11,0.036154
11,Street Resurfacing Menu (2023),2930-3100 S Haynes Ct,"$126,216.28",126216.28,0.105803
11,Street Resurfacing Menu (2023),3400-3500 S Union Ave,"$71,041.96",71041.96,0.059552
11,Street Resurfacing Menu (2023),135-120 W 19th St,"$10,422.62",10422.62,0.008737
11,Street Resurfacing Menu (2023),1800-1830 W 33rd St,"$18,560.90",18560.9,0.015559
11,Street Resurfacing Menu (2023),1350-1400 W Fuller St,"$44,853.97",44853.97,0.037600
11,Street Speed Hump Menu (2023),2930-3100 S Farrell St,"$9,760.00",9760.0,0.008182
11,Street Speed Hump Menu (2023),2600-3000 S Lowe Ave,"$14,640.00",14640.0,0.012272
12,Alley Resurfacing Menu (2023),S WINCHESTER AVE & W 35TH ST & W 36TH ST & S WOLCOTT AVE,"$47,658.20",47658.2,0.032905
12,Alley Resurfacing Menu (2023),W 35TH ST & S WOLCOTT AVE & S HONORE ST & W 36TH ST,"$48,090.81",48090.81,0.033203
12,Alley Speed Hump Replacement (2023),S WINCHESTER AVE & W 35TH ST & W 36TH ST & S WOLCOTT AVE,$0.00,0.0,0.000000
12,Alley Speed Hump Replacement (2023),W 35TH ST & S WOLCOTT AVE & S HONORE ST & W 36TH ST,$0.00,0.0,0.000000
12,Concrete Alley Menu (2023),S ARCHER AVE & S BLAKE ST,"$131,500.00",131500.00,0.090792
12,,W 37TH ST & S ARCHER AVE,"$131,500.00",131500.00,0.090792
12,Concrete Alley Menu (2023),S SEELEY AVE & W 33RD ST & W 34TH ST & S DAMEN AVE,"$141,000.00",141000.00,0.097351
12,,3345-3349 S SEELEY AVE,"$141,000.00",141000.00,0.097351
12,Sidewalk Menu (2023),2801-2825 W 31ST ST,"$1,637.17",1637.17,0.001130
12,Sidewalk Menu (2023),3100-3130 S CALIFORNIA AVE,"$75,263.14",75263.14,0.051964
12,Sidewalk Menu (2023),3100-3136 W 31ST ST,"$29,466.10",29466.1,0.020344
12,Speed Indicator Signs (2023),S DAMEN AVE & W 33RD ST,"$20,755.00",20755.0,0.014330
12,Street Light Upgrade Menu (2023),3840 S WASHTENAW AVE,$250.00,250.00,0.000173
12,,S WASHTENAW AVE & W 38TH PL & W PERSHING RD & S CALIFORNIA AVE,$250.00,250.00,0.000173
12,Street Light Upgrade Menu (2023),2100-2300 S Marshall Blvd,"$39,401.68",39401.68,0.027204
12,Street Light Upgrade Menu (2023),S WOLCOTT AVE & W 38TH ST & W PERSHING RD & S WINCHESTER AVE,$250.00,250.00,0.000173
12,,3840 S WOLCOTT AVE,$250.00,250.00,0.000173
12,Street Light Upgrade Menu (2023),W 40TH ST & S ROCKWELL ST & S MAPLEWOOD AVE & W 42ND ST,$250.00,250.00,0.000173
12,,4135 S ROCKWELL ST,$250.00,250.00,0.000173
12,Street Resurfacing Menu (2023),3644-3600 S Artesian Ave,$416.07,416.07,0.000287
12,Street Resurfacing Menu (2023),3800-3900 S Artesian Ave,"$74,850.59",74850.59,0.051679
12,Street Resurfacing Menu (2023),4300-4500 S Christiana Ave,"$109,096.63",109096.63,0.075324
12,Street Resurfacing Menu (2023),4600-4700 S Homan Ave,"$59,708.45",59708.45,0.041225
12,Street Resurfacing Menu (2023),4200-4400 S Maplewood Ave,"$107,565.25",107565.25,0.074267
12,Street Resurfacing Menu (2023),4306-4400 S Mozart St,"$61,216.90",61216.9,0.042266
12,Street Resurfacing Menu (2023),4500-4700 S Talman Ave,"$113,061.80",113061.8,0.078062
12,Street Resurfacing Menu (2023),3800-3920 S Winchester Ave,"$57,601.70",57601.7,0.039770
12,Street Resurfacing Menu (2023),2800-2900 W 39th Pl,"$56,076.58",56076.58,0.038717
12,Street Speed Hump Replacement (2023),3800-3900 S Artesian Ave,$0.00,0.0,0.000000
12,Street Speed Hump Replacement (2023),4300-4500 S Christiana Ave,$0.00,0.0,0.000000
12,Street Speed Hump Replacement (2023),4600-4700 S Homan Ave,$0.00,0.0,0.000000
12,Street Speed Hump Replacement (2023),4306-4400 S Mozart St,$0.00,0.0,0.000000
12,Street Speed Hump Replacement (2023),4500-4700 S Talman Ave,$0.00,0.0,0.000000
12,Street Speed Hump Replacement (2023),3800-3920 S Winchester Ave,$0.00,0.0,0.000000
13,Alley Apron Menu (2023),5554 S NOTTINGHAM AVE,"$13,923.22",13923.22,0.009285
13,Alley Apron Menu (2023),5658 S MOODY AVE,$860.22,860.22,0.000574
13,Alley Apron Menu (2023),5659 S MEADE AVE,"$17,367.45",17367.45,0.011582
13,Alley Apron Menu (2023),5758 W 63RD PL,"$22,803.04",22803.04,0.015207
13,Alley Apron Menu (2023),5801 S MELVINA AVE,"$25,844.37",25844.37,0.017235
13,Alley Apron Menu (2023),5848 S MASON AVE,"$11,651.80",11651.8,0.007770
13,Alley Apron Menu (2023),6058 S PARKSIDE AVE,"$19,520.96",19520.96,0.013018
13,Alley Apron Menu (2023),6100 S KILBOURN AVE,"$25,278.01",25278.01,0.016858
13,Alley Apron Menu (2023),6234 W 59TH ST,"$10,913.36",10913.36,0.007278
13,Alley Apron Menu (2023),6244 S NASHVILLE AVE,"$14,031.96",14031.96,0.009358
13,,6245 S NASHVILLE AVE,"$14,031.96",14031.96,0.009358
13,Alley Apron Menu (2023),6258 W 63RD PL,"$17,588.37",17588.37,0.011729
13,Alley Apron Menu (2023),6401 S KARLOV AVE,"$16,070.84",16070.84,0.010717
13,Alley Apron Menu (2023),6401 S KOLIN AVE,"$12,726.91",12726.91,0.008487
13,Alley Apron Menu (2023),6706 W 63RD ST,"$34,938.46",34938.46,0.023300
13,Alley Apron Menu (2023),6742 W 64TH ST,"$18,672.18",18672.18,0.012452
13,Alley Apron Menu (2023),7001 W 63RD PL,"$12,622.79",12622.79,0.008418
13,Alley Speed Hump Menu (2023),6314 S LA CROSSE AVE,$725.00,725.0,0.000483
13,Alley Speed Hump Menu (2023),6325 S KILBOURN AVE,"$1,087.50",1087.50,0.000725
13,,W 63RD ST & S KILBOURN AVE & S KENNETH AVE & W 64TH ST,"$1,087.50",1087.50,0.000725
13,Alley Speed Hump Menu (2023),W 63RD ST & S KOLIN AVE & S KILDARE AVE & W 62ND ST,"$1,343.94",1343.94,0.000896
13,Bollard Menu (2023),5526 S PARKSIDE AVE,"$2,850.17",2850.17,0.001901
13,Bollard Menu (2023),5914 S RUTHERFORD AVE,"$2,217.22",2217.22,0.001479
13,Bollard Menu (2023),5914 S TRIPP AVE,"$1,418.66",1418.66,0.000946
13,Bollard Menu (2023),5915 S MOODY AVE,"$1,409.65",1409.65,0.000940
13,Bollard Menu (2023),5915 S NORMANDY AVE,"$2,217.22",2217.22,0.001479
13,Bollard Menu (2023),6243 S KEELER AVE,$685.63,685.63,0.000457
13,Concrete Alley Menu (2023),5725 S MCVICKER AVE,"$73,943.39",73943.39,0.049312
13,Concrete Alley Menu (2023),5758 S MOODY AVE,"$6,474.22",6474.22,0.004318
13,Concrete Alley Menu (2023),5917-5925 W 59TH ST,"$40,369.98",40369.98,0.026922
13,Concrete Alley Menu (2023),6022 S MAYFIELD AVE,"$14,663.75",14663.75,0.009779
13,Concrete Alley Menu (2023),6132 W 60TH ST,"$8,507.03",8507.03,0.005673
13,Concrete Alley Menu (2023),6218 S NATOMA AVE,"$1,315.39",1315.39,0.000877
13,Concrete Alley Menu (2023),7136 W 64TH PL,"$50,702.76",50702.76,0.033813
13,Concrete Alley Menu (2023),S KOLMAR AVE & W 55TH ST & W 56TH ST & S KOLMAR AVE,"$19,693.91",19693.91,0.013134
13,Curb & Gutter Menu (2023),5527 S MULLIGAN AVE,"$2,866.06",2866.06,0.001911
13,,5547 S MULLIGAN AVE,"$2,866.06",2866.06,0.001911
13,Curb & Gutter Menu (2023),5529 S KILDARE AVE,"$4,906.09",4906.09,0.003272
13,Curb & Gutter Menu (2023),5554 S NEVA AVE,"$4,365.27",4365.27,0.002911
13,,5523 S NEVA AVE,"$4,365.27",4365.27,0.002911
13,,5535 S NEVA AVE,"$4,365.27",4365.27,0.002911
13,Curb & Gutter Menu (2023),5615 S MASON AVE,"$5,020.75",5020.75,0.003348
13,Curb & Gutter Menu (2023),5633 S NORMANDY AVE,"$14,260.67",14260.67,0.009510
13,,5658 S NORMANDY AVE,"$14,260.67",14260.67,0.009510
13,Curb & Gutter Menu (2023),5649 S NAGLE AVE,$955.84,955.84,0.000637
13,Curb & Gutter Menu (2023),5707 S MASON AVE,"$3,998.98",3998.98,0.002667
13,,5718 S MASON AVE,"$3,998.98",3998.98,0.002667
13,,5720 S MASON AVE,"$3,998.98",3998.98,0.002667
13,Curb & Gutter Menu (2023),5716 S KOLMAR AVE,$910.03,910.03,0.000607
13,Curb & Gutter Menu (2023),5724 S NAGLE AVE,"$1,449.50",1449.5,0.000967
13,Curb & Gutter Menu (2023),5742 S NORMANDY AVE,"$4,638.80",4638.80,0.003094
13,,5704 S NORMANDY AVE,"$4,638.80",4638.80,0.003094
13,Curb & Gutter Menu (2023),5750 S KENNETH AVE,"$2,279.60",2279.60,0.001520
13,,5710 S KENNETH AVE,"$2,279.60",2279.60,0.001520
13,,5706 S KENNETH AVE,"$2,279.60",2279.60,0.001520
13,Curb & Gutter Menu (2023),5811 S AUSTIN AVE,"$3,604.56",3604.56,0.002404
13,Curb & Gutter Menu (2023),5849 S NASHVILLE AVE,"$5,598.98",5598.98,0.003734
13,Curb & Gutter Menu (2023),5859 S NATOMA AVE,"$7,875.34",7875.34,0.005252
13,Curb & Gutter Menu (2023),5905 S NEWCASTLE AVE,"$5,521.69",5521.69,0.003682
13,Curb & Gutter Menu (2023),5919 S KILBOURN AVE,"$5,173.65",5173.65,0.003450
13,Curb & Gutter Menu (2023),6012 S MERRIMAC AVE,"$3,668.13",3668.13,0.002446
13,,6031 S MERRIMAC AVE,"$3,668.13",3668.13,0.002446
13,Curb & Gutter Menu (2023),6047 S NATOMA AVE,"$6,279.64",6279.64,0.004188
13,,6017 S NATOMA AVE,"$6,279.64",6279.64,0.004188
13,Curb & Gutter Menu (2023),6058 S MASON AVE,"$11,576.48",11576.48,0.007720
13,Curb & Gutter Menu (2023),6153 S NARRAGANSETT AVE,"$2,424.02",2424.02,0.001617
13,,6115 S NARRAGANSETT AVE,"$2,424.02",2424.02,0.001617
13,,6149 S NARRAGANSETT AVE,"$2,424.02",2424.02,0.001617
13,Curb & Gutter Menu (2023),6243 S KOLMAR AVE,"$6,269.41",6269.41,0.004181
13,Curb & Gutter Menu (2023),6452 S LA CROSSE AVE,"$2,825.31",2825.31,0.001884
13,Curb & Gutter Menu (2023),6617-6619 W 59TH ST,"$4,683.33",4683.33,0.003123
13,,6621 W 59TH ST,"$4,683.33",4683.33,0.003123
13,Floodlight Menu (2023),5701 S SAYRE AVE,$950.00,950.0,0.000634
13,Floodlight Menu (2023),5923 S NASHVILLE AVE,$950.00,950.0,0.000634
13,Miscellaneous CDOT Projects (2023),5501 S MERRIMAC AVE,$247.78,247.78,0.000165
13,Miscellaneous CDOT Projects (2023),5601 S MEADE AVE,$660.00,660.0,0.000440
13,Miscellaneous CDOT Projects (2023),5958 W 63RD PL,$660.00,660.0,0.000440
13,Pavement Markings Menu (2023),6000-6360 W 55th St,"$19,000.00",19000.0,0.012671
13,Pavement Markings Menu (2023),6000-6300 W 55th St,"$8,400.00",8400.0,0.005602
13,Sidewalk Menu (2023),4067 W 58TH ST,"$1,105.47",1105.47,0.000737
13,Sidewalk Menu (2023),4200 W 62ND ST,"$3,044.81",3044.81,0.002031
13,Sidewalk Menu (2023),4500 W 64TH PL,"$6,723.77",6723.77,0.004484
13,,4530 W 64TH PL,"$6,723.77",6723.77,0.004484
13,,4517 W 64TH PL,"$6,723.77",6723.77,0.004484
13,Sidewalk Menu (2023),4509 W 66TH PL,"$7,513.18",7513.18,0.005010
13,Sidewalk Menu (2023),4543 W 65TH PL,"$5,975.54",5975.54,0.003985
13,Sidewalk Menu (2023),4559 W 64TH ST,"$3,484.95",3484.95,0.002324
13,Sidewalk Menu (2023),5153 W 64TH ST,"$4,286.89",4286.89,0.002859
13,Sidewalk Menu (2023),5253 W 64TH PL,"$3,717.86",3717.86,0.002479
13,,5240 W 64TH PL,"$3,717.86",3717.86,0.002479
13,Sidewalk Menu (2023),5520 S KOLMAR AVE,"$2,302.30",2302.3,0.001535
13,Sidewalk Menu (2023),5524 S KENNETH AVE,"$2,142.38",2142.38,0.001429
13,Sidewalk Menu (2023),5525 S AUSTIN AVE,"$2,886.16",2886.16,0.001925
13,Sidewalk Menu (2023),5526 S NEWLAND AVE,"$2,122.58",2122.58,0.001416
13,Sidewalk Menu (2023),5537 S PARKSIDE AVE,"$5,693.48",5693.48,0.003797
13,Sidewalk Menu (2023),5539 S MONITOR AVE,"$3,468.67",3468.67,0.002313
13,Sidewalk Menu (2023),5540 S NORDICA AVE,$420.13,420.13,0.000280
13,Sidewalk Menu (2023),5547 S MOODY AVE,"$2,849.31",2849.31,0.001900
13,Sidewalk Menu (2023),5551 S MOBILE AVE,"$4,297.45",4297.45,0.002866
13,Sidewalk Menu (2023),5554 S MAYFIELD AVE,"$4,124.86",4124.86,0.002751
13,Sidewalk Menu (2023),5558 S KEDVALE AVE,"$13,203.87",13203.87,0.008806
13,Sidewalk Menu (2023),5600 S MASSASOIT AVE,"$5,130.03",5130.03,0.003421
13,Sidewalk Menu (2023),5600 S NATCHEZ AVE,"$6,567.90",6567.9,0.004380
13,Sidewalk Menu (2023),5601 S KILDARE AVE,"$10,576.85",10576.85,0.007054
13,Sidewalk Menu (2023),5601 S NATOMA AVE,"$21,519.57",21519.57,0.014351
13,Sidewalk Menu (2023),5601 S NEWLAND AVE,"$11,547.77",11547.77,0.007701
13,,5623 S NEWLAND AVE,"$11,547.77",11547.77,0.007701
13,Sidewalk Menu (2023),5604 S KOLIN AVE,"$1,869.57",1869.57,0.001247
13,Sidewalk Menu (2023),5608 S NASHVILLE AVE,"$6,091.48",6091.48,0.004062
13,Sidewalk Menu (2023),5611 S MENARD AVE,"$4,067.74",4067.74,0.002713
13,Sidewalk Menu (2023),5612 S MEADE AVE,"$2,883.58",2883.58,0.001923
13,Sidewalk Menu (2023),5616 S NORDICA AVE,"$4,523.40",4523.4,0.003017
13,Sidewalk Menu (2023),5617 S AUSTIN AVE,"$1,139.74",1139.74,0.000760
13,Sidewalk Menu (2023),5619 S NEWCASTLE AVE,"$2,506.64",2506.64,0.001672
13,Sidewalk Menu (2023),5631 S NEW ENGLAND AVE,"$6,208.06",6208.06,0.004140
13,Sidewalk Menu (2023),5643 S NEW ENGLAND AVE,"$7,122.93",7122.93,0.004750
13,Sidewalk Menu (2023),5645 S MCVICKER AVE,"$11,033.72",11033.72,0.007358
13,Sidewalk Menu (2023),5645 S MOODY AVE,"$2,917.85",2917.85,0.001946
13,Sidewalk Menu (2023),5652 S RUTHERFORD AVE,"$3,497.38",3497.38,0.002332
13,Sidewalk Menu (2023),5653 S OAK PARK AVE,"$5,040.57",5040.57,0.003362
13,Sidewalk Menu (2023),5659 S MELVINA AVE,"$3,191.98",3191.98,0.002129
13,Sidewalk Menu (2023),5708 S SAYRE AVE,"$9,214.61",9214.61,0.006145
13,,5756 S SAYRE AVE,"$9,214.61",9214.61,0.006145
13,Sidewalk Menu (2023),5720 S MEADE AVE,"$3,831.03",3831.03,0.002555
13,,5753 S MEADE AVE,"$3,831.03",3831.03,0.002555
13,Sidewalk Menu (2023),5723 S MASSASOIT AVE,$944.30,944.3,0.000630
13,Sidewalk Menu (2023),5724 S MERRIMAC AVE,"$1,722.96",1722.96,0.001149
13,,5700 S MERRIMAC AVE,"$1,722.96",1722.96,0.001149
13,Sidewalk Menu (2023),5725 S NEWCASTLE AVE,"$3,954.78",3954.78,0.002637
13,Sidewalk Menu (2023),5729 S NEWCASTLE AVE,"$2,575.17",2575.17,0.001717
13,Sidewalk Menu (2023),5729 S RUTHERFORD AVE,"$4,279.05",4279.05,0.002854
13,Sidewalk Menu (2023),5747 S AUSTIN AVE,"$2,202.08",2202.08,0.001469
13,Sidewalk Menu (2023),5748-5752 S CENTRAL AVE,"$6,305.60",6305.6,0.004205
13,Sidewalk Menu (2023),5755 S MAYFIELD AVE,"$4,078.02",4078.02,0.002720
13,Sidewalk Menu (2023),5808 S NORDICA AVE,$750.34,750.34,0.000500
13,,5820 S NORDICA AVE,$750.34,750.34,0.000500
13,Sidewalk Menu (2023),5812 S MCVICKER AVE,"$2,940.69",2940.69,0.001961
13,Sidewalk Menu (2023),5812 S OAK PARK AVE,"$2,673.41",2673.41,0.001783
13,,5825 S OAK PARK AVE,"$2,673.41",2673.41,0.001783
13,,5834 S OAK PARK AVE,"$2,673.41",2673.41,0.001783
13,,5835 S OAK PARK AVE,"$2,673.41",2673.41,0.001783
13,Sidewalk Menu (2023),5812 W 64TH PL,"$3,054.97",3054.97,0.002037
13,Sidewalk Menu (2023),5815-5817 S NORMANDY AVE,"$3,580.61",3580.61,0.002388
13,,5859 S NORMANDY AVE,"$3,580.61",3580.61,0.002388
13,Sidewalk Menu (2023),5818 S MERRIMAC AVE,"$1,125.79",1125.79,0.000751
13,Sidewalk Menu (2023),5820 W 59TH ST,"$3,161.62",3161.62,0.002108
13,Sidewalk Menu (2023),5822 S MCVICKER AVE,"$3,286.01",3286.01,0.002191
13,Sidewalk Menu (2023),5824 S RUTHERFORD AVE,"$8,599.86",8599.86,0.005735
13,,5859 S RUTHERFORD AVE,"$8,599.86",8599.86,0.005735
13,Sidewalk Menu (2023),5849 W 64TH ST,"$5,773.74",5773.74,0.003850
13,Sidewalk Menu (2023),5854 W 64TH ST,"$3,215.20",3215.20,0.002144
13,,5848 W 64TH ST,"$3,215.20",3215.20,0.002144
13,Sidewalk Menu (2023),5901 W 55TH ST,"$18,553.33",18553.33,0.012373
13,Sidewalk Menu (2023),5914 S NASHVILLE AVE,"$3,826.71",3826.71,0.002552
13,Sidewalk Menu (2023),5914 S NATOMA AVE,$949.77,949.77,0.000633
13,,5925 S NATOMA AVE,$949.77,949.77,0.000633
13,,5955 S NATOMA AVE,$949.77,949.77,0.000633
13,Sidewalk Menu (2023),5922 S NARRAGANSETT AVE,"$2,959.62",2959.62,0.001974
13,Sidewalk Menu (2023),5923 S MOODY AVE,"$2,963.53",2963.53,0.001976
13,Sidewalk Menu (2023),5923 W 59TH ST,"$5,721.47",5721.47,0.003816
13,Sidewalk Menu (2023),5926 S NARRAGANSETT AVE,"$3,179.92",3179.92,0.002121
13,Sidewalk Menu (2023),5949 S KILDARE AVE,"$3,343.06",3343.06,0.002229
13,,5959 S KILDARE AVE,"$3,343.06",3343.06,0.002229
13,Sidewalk Menu (2023),5959 S OAK PARK AVE,"$10,706.00",10706.00,0.007140
13,,5901 S OAK PARK AVE,"$10,706.00",10706.00,0.007140
13,Sidewalk Menu (2023),6001 S MCVICKER AVE,"$8,890.82",8890.82,0.005929
13,Sidewalk Menu (2023),6005 S NAGLE AVE,$752.64,752.64,0.000502
13,Sidewalk Menu (2023),6011 S MOBILE AVE,"$3,087.92",3087.92,0.002059
13,Sidewalk Menu (2023),6039 S KEATING AVE,"$3,708.22",3708.22,0.002473
13,,6056 S KEATING AVE,"$3,708.22",3708.22,0.002473
13,Sidewalk Menu (2023),6041 S NORMANDY AVE,$522.93,522.93,0.000349
13,Sidewalk Menu (2023),6047 S KEATING AVE,"$1,811.13",1811.13,0.001208
13,Sidewalk Menu (2023),6053 S MENARD AVE,"$3,510.55",3510.55,0.002341
13,Sidewalk Menu (2023),6056 S RUTHERFORD AVE,"$4,678.51",4678.51,0.003120
13,Sidewalk Menu (2023),6058 S TRIPP AVE,"$5,130.36",5130.36,0.003421
13,Sidewalk Menu (2023),6059 S MAJOR AVE,"$5,358.47",5358.47,0.003574
13,Sidewalk Menu (2023),6100 S KILPATRICK AVE,"$5,112.25",5112.25,0.003409
13,,6115 S KILPATRICK AVE,"$5,112.25",5112.25,0.003409
13,Sidewalk Menu (2023),6101 S KOSTNER AVE,"$4,029.24",4029.24,0.002687
13,,6111 S KOSTNER AVE,"$4,029.24",4029.24,0.002687
13,,6136 S KOSTNER AVE,"$4,029.24",4029.24,0.002687
13,Sidewalk Menu (2023),6105 S MAYFIELD AVE,"$3,009.22",3009.22,0.002007
13,Sidewalk Menu (2023),6110-6112 S MONITOR AVE,"$2,402.43",2402.43,0.001602
13,Sidewalk Menu (2023),6118 S MASSASOIT AVE,"$3,317.63",3317.63,0.002212
13,Sidewalk Menu (2023),6123 S MONITOR AVE,"$5,944.20",5944.2,0.003964
13,Sidewalk Menu (2023),6137 S NAGLE AVE,"$1,583.95",1583.95,0.001056
13,Sidewalk Menu (2023),6139 S KEELER AVE,"$3,732.80",3732.8,0.002489
13,Sidewalk Menu (2023),6141 S TRIPP AVE,"$7,788.58",7788.58,0.005194
13,,6144 S TRIPP AVE,"$7,788.58",7788.58,0.005194
13,,6158 S TRIPP AVE,"$7,788.58",7788.58,0.005194
13,Sidewalk Menu (2023),6143 S NATCHEZ AVE,"$1,448.14",1448.14,0.000966
13,Sidewalk Menu (2023),6158 S MENARD AVE,"$13,351.82",13351.82,0.008904
13,Sidewalk Menu (2023),6201 S TRIPP AVE,"$7,241.99",7241.99,0.004830
13,Sidewalk Menu (2023),6204 S KILPATRICK AVE,"$4,644.47",4644.47,0.003097
13,Sidewalk Menu (2023),6205 S NAGLE AVE,"$2,620.86",2620.86,0.001748
13,Sidewalk Menu (2023),6210 S PARKSIDE AVE,"$3,562.30",3562.30,0.002376
13,,6221 S PARKSIDE AVE,"$3,562.30",3562.30,0.002376
13,Sidewalk Menu (2023),6211 S MASSASOIT AVE,"$3,156.45",3156.45,0.002105
13,Sidewalk Menu (2023),6224 S KEATING AVE,"$2,540.91",2540.91,0.001695
13,Sidewalk Menu (2023),6235 S KILBOURN AVE,"$2,804.94",2804.94,0.001871
13,Sidewalk Menu (2023),6255 W 63RD PL,"$1,297.13",1297.13,0.000865
13,Sidewalk Menu (2023),6317 W 63RD PL,"$2,095.43",2095.43,0.001397
13,Sidewalk Menu (2023),6332 S KENNETH AVE,"$4,248.19",4248.19,0.002833
13,Sidewalk Menu (2023),6342 S KNOX AVE,"$2,232.50",2232.5,0.001489
13,Sidewalk Menu (2023),6343 S KEATING AVE,"$1,175.60",1175.6,0.000784
13,Sidewalk Menu (2023),6346 S KOMENSKY AVE,"$2,643.71",2643.71,0.001763
13,Sidewalk Menu (2023),6351 S KARLOV AVE,"$3,867.23",3867.23,0.002579
13,Sidewalk Menu (2023),6400 S OAK PARK AVE,"$16,617.09",16617.09,0.011082
13,Sidewalk Menu (2023),6411 S KARLOV AVE,"$1,424.68",1424.68,0.000950
13,,6415 S KARLOV AVE,"$1,424.68",1424.68,0.000950
13,Sidewalk Menu (2023),6436-6440 S LAMON AVE,"$4,581.75",4581.75,0.003056
13,Sidewalk Menu (2023),6457 S KOSTNER AVE,"$11,322.68",11322.68,0.007551
13,Sidewalk Menu (2023),6507 S KOMENSKY AVE,"$3,261.30",3261.30,0.002175
13,,6516 S KOMENSKY AVE,"$3,261.30",3261.30,0.002175
13,,6518 S KOMENSKY AVE,"$3,261.30",3261.30,0.002175
13,Sidewalk Menu (2023),6527 S KILPATRICK AVE,"$4,317.86",4317.86,0.002880
13,,6521 S KILPATRICK AVE,"$4,317.86",4317.86,0.002880
13,Sidewalk Menu (2023),6534 W 63RD ST,"$9,830.08",9830.08,0.006556
13,Sidewalk Menu (2023),6536 S KARLOV AVE,"$2,115.12",2115.12,0.001411
13,,6541 S KARLOV AVE,"$2,115.12",2115.12,0.001411
13,Sidewalk Menu (2023),6539 S KEELER AVE,$547.10,547.1,0.000365
13,Sidewalk Menu (2023),6554 S KNOX AVE,"$2,740.52",2740.52,0.001828
13,,6529 S KNOX AVE,"$2,740.52",2740.52,0.001828
13,,6536 S KNOX AVE,"$2,740.52",2740.52,0.001828
13,Sidewalk Menu (2023),6642 S KOMENSKY AVE,"$4,159.12",4159.12,0.002774
13,Sidewalk Menu (2023),6647 S KEELER AVE,"$1,105.47",1105.47,0.000737
13,Sidewalk Menu (2023),6712 W 63RD PL,"$2,119.60",2119.6,0.001414
13,Sidewalk Menu (2023),6725 W 64TH ST,"$2,518.69",2518.69,0.001680
13,,6742 W 64TH ST,"$2,518.69",2518.69,0.001680
13,Sidewalk Menu (2023),6823 W 64TH ST,"$3,670.80",3670.80,0.002448
13,,6815 W 64TH ST,"$3,670.80",3670.80,0.002448
13,Sidewalk Menu (2023),6835 W ARCHER AVE,"$6,079.96",6079.96,0.004055
13,Sidewalk Menu (2023),6837 W 63RD PL,"$3,123.51",3123.51,0.002083
13,Sidewalk Menu (2023),6853 W 64TH PL,"$4,692.59",4692.59,0.003129
13,,6854 W 64TH PL,"$4,692.59",4692.59,0.003129
13,Sidewalk Menu (2023),6918 W 63RD PL,"$3,260.52",3260.52,0.002174
13,Street Bump Outs Menu (2023),6000 S NATOMA AVE,"$7,983.68",7983.68,0.005324
13,Street Light Upgrade Menu (2023),3835 W 66TH PL,$500.00,500.0,0.000333
13,Street Light Upgrade Menu (2023),4035 W 58TH ST,$500.00,500.0,0.000333
13,Street Light Upgrade Menu (2023),4114 W 56TH PL,$500.00,500.0,0.000333
13,Street Light Upgrade Menu (2023),4123 W 57TH PL,$500.00,500.0,0.000333
13,Street Light Upgrade Menu (2023),4658 W 63RD ST,$500.00,500.0,0.000333
13,Street Light Upgrade Menu (2023),5737 S PARKSIDE AVE,$500.00,500.00,0.000333
13,,5759 S PARKSIDE AVE,$500.00,500.00,0.000333
13,,5701 S PARKSIDE AVE,$500.00,500.00,0.000333
13,Street Light Upgrade Menu (2023),5905 W 59TH ST,$500.00,500.0,0.000333
13,Street Light Upgrade Menu (2023),5917-5919 S KEDVALE AVE,$500.00,500.0,0.000333
13,Street Light Upgrade Menu (2023),6015 W 64TH ST,$500.00,500.0,0.000333
13,Street Light Upgrade Menu (2023),6052 S TRIPP AVE,$500.00,500.0,0.000333
13,Street Light Upgrade Menu (2023),6220 S KEATING AVE,$500.00,500.0,0.000333
13,Street Light Upgrade Menu (2023),6334 S LOREL AVE,$500.00,500.0,0.000333
13,Street Light Upgrade Menu (2023),6356 S KOSTNER AVE,$500.00,500.0,0.000333
13,Street Light Upgrade Menu (2023),6738 S KOMENSKY AVE,$500.00,500.0,0.000333
13,Street Light Upgrade Menu (2023),6801 W 63RD ST,$500.00,500.0,0.000333
13,Street Resurfacing Menu (2023),5800-5899 S Newland Ave,"$56,601.14",56601.14,0.037747
13,Street Speed Hump Menu (2023),5522 S OAK PARK AVE,"$2,440.00",2440.0,0.001627
13,Street Speed Hump Menu (2023),5400-5500 W 64th St,"$2,440.00",2440.0,0.001627
14,Alley Resurfacing Menu (2023),3307 W 66TH PL,"$20,237.50",20237.50,0.013590
14,,W MARQUETTE RD & S SPAULDING AVE & S HOMAN AVE & W 66TH PL,"$20,237.50",20237.50,0.013590
14,Alley Resurfacing Menu (2023),S SACRAMENTO AVE & W 58TH ST & W 59TH ST & S WHIPPLE ST,"$12,906.94",12906.94,0.008668
14,,5800 S SACRAMENTO AVE,"$12,906.94",12906.94,0.008668
14,Alley Resurfacing Menu (2023),W 52ND ST & S CAMPBELL AVE & S MAPLEWOOD AVE & W 53RD ST,"$40,382.30",40382.3,0.027118
14,Alley Resurfacing Menu (2023),W 52ND ST & S FAIRFIELD AVE & S CALIFORNIA AVE & W 53RD ST,"$47,689.10",47689.1,0.032025
14,Alley Resurfacing Menu (2023),W 52ND ST & S FRANCISCO AVE & S RICHMOND ST & W 53RD ST,"$40,598.60",40598.6,0.027264
14,Alley Resurfacing Menu (2023),W 52ND ST & S SACRAMENTO AVE & S WHIPPLE ST & W 53RD ST,"$40,598.60",40598.6,0.027264
14,Alley Resurfacing Menu (2023),W 56TH ST & S WHIPPLE ST & S ALBANY AVE & W 57TH ST,"$34,977.04",34977.04,0.023489
14,Alley Resurfacing Menu (2023),W 60TH ST & S TROY ST & S KEDZIE AVE & W 61ST ST,"$5,390.50",5390.5,0.003620
14,Alley Speed Hump Menu (2023),W 54TH ST & S SAWYER AVE & S KEDZIE AVE & W 55TH ST,"$1,450.00",1450.0,0.000974
14,Alley Speed Hump Replacement (2023),3307 W 66TH PL,$0.00,0.00,0.000000
14,,W MARQUETTE RD & S SPAULDING AVE & S HOMAN AVE & W 66TH PL,$0.00,0.00,0.000000
14,Alley Speed Hump Replacement (2023),S SACRAMENTO AVE & W 58TH ST & W 59TH ST & S WHIPPLE ST,$0.00,0.00,0.000000
14,,5800 S SACRAMENTO AVE,$0.00,0.00,0.000000
14,Alley Speed Hump Replacement (2023),W 52ND ST & S CAMPBELL AVE & S MAPLEWOOD AVE & W 53RD ST,$0.00,0.0,0.000000
14,Alley Speed Hump Replacement (2023),W 52ND ST & S FAIRFIELD AVE & S CALIFORNIA AVE & W 53RD ST,$0.00,0.0,0.000000
14,Alley Speed Hump Replacement (2023),W 52ND ST & S FRANCISCO AVE & S RICHMOND ST & W 53RD ST,$0.00,0.0,0.000000
14,Alley Speed Hump Replacement (2023),W 52ND ST & S SACRAMENTO AVE & S WHIPPLE ST & W 53RD ST,$0.00,0.0,0.000000
14,Alley Speed Hump Replacement (2023),W 56TH ST & S WHIPPLE ST & S ALBANY AVE & W 57TH ST,$0.00,0.0,0.000000
14,Curb & Gutter Menu (2023),4557 S SPRINGFIELD AVE,"$31,370.37",31370.37,0.021067
14,Miscellaneous CDOT Projects (2023),3200 W 48TH PL,$660.00,660.0,0.000443
14,Sidewalk Menu (2023),2846 W 55TH ST,$907.74,907.74,0.000610
14,Sidewalk Menu (2023),2958 W 53RD ST,"$16,254.07",16254.07,0.010915
14,Sidewalk Menu (2023),3044 W 55TH ST,"$8,512.45",8512.45,0.005716
14,,3000 W 55TH ST,"$8,512.45",8512.45,0.005716
14,,3032 W 55TH ST,"$8,512.45",8512.45,0.005716
14,Sidewalk Menu (2023),3433 W 54TH PL,$961.05,961.05,0.000645
14,,3431 W 54TH PL,$961.05,961.05,0.000645
14,Sidewalk Menu (2023),3435 W 55TH ST,"$4,305.06",4305.06,0.002891
14,Sidewalk Menu (2023),3802 W 45TH PL,"$4,043.77",4043.77,0.002716
14,,3812 W 45TH PL,"$4,043.77",4043.77,0.002716
14,,3818 W 45TH PL,"$4,043.77",4043.77,0.002716
14,Sidewalk Menu (2023),3823 W 45TH PL,"$5,815.45",5815.45,0.003905
14,,3807-3809 W 45TH PL,"$5,815.45",5815.45,0.003905
14,,3815 W 45TH PL,"$5,815.45",5815.45,0.003905
14,Sidewalk Menu (2023),3840 W 42ND ST,"$14,589.96",14589.96,0.009798
14,Sidewalk Menu (2023),4201 W 47TH ST,"$7,072.65",7072.65,0.004750
14,Sidewalk Menu (2023),4301 S KOMENSKY AVE,"$25,269.41",25269.41,0.016969
14,Sidewalk Menu (2023),4316 S KARLOV AVE,"$2,929.54",2929.54,0.001967
14,,4309-4311 S KARLOV AVE,"$2,929.54",2929.54,0.001967
14,,4358 S KARLOV AVE,"$2,929.54",2929.54,0.001967
14,Sidewalk Menu (2023),4545 S HARDING AVE,"$1,566.50",1566.5,0.001052
14,Sidewalk Menu (2023),4553 S HARDING AVE,"$4,393.00",4393.0,0.002950
14,Sidewalk Menu (2023),4557 S HARDING AVE,"$3,629.38",3629.38,0.002437
14,Sidewalk Menu (2023),4723-4725 S KARLOV AVE,"$7,080.25",7080.25,0.004755
14,,4719 S KARLOV AVE,"$7,080.25",7080.25,0.004755
14,,4729-4731 S KARLOV AVE,"$7,080.25",7080.25,0.004755
14,,4735-4737 S KARLOV AVE,"$7,080.25",7080.25,0.004755
14,,4741-4743 S KARLOV AVE,"$7,080.25",7080.25,0.004755
14,Sidewalk Menu (2023),4736 S KEELER AVE,"$11,643.01",11643.01,0.007819
14,Sidewalk Menu (2023),4800-4822 S KOLIN AVE,"$37,225.06",37225.06,0.024998
14,Sidewalk Menu (2023),4845 S RIDGEWAY AVE,"$16,998.81",16998.81,0.011415
14,Sidewalk Menu (2023),4856 S TRIPP AVE,"$20,225.13",20225.13,0.013582
14,Sidewalk Menu (2023),4859 S KEELER AVE,"$9,491.16",9491.16,0.006374
14,Sidewalk Menu (2023),4901 S KILBOURN AVE,"$10,052.05",10052.05,0.006750
14,Sidewalk Menu (2023),5105 S AUSTIN AVE,"$2,360.79",2360.79,0.001585
14,Sidewalk Menu (2023),5119 S HOMAN AVE,"$2,940.26",2940.26,0.001975
14,,5122-5124 S HOMAN AVE,"$2,940.26",2940.26,0.001975
14,Sidewalk Menu (2023),5130-5132 S SACRAMENTO AVE,"$3,001.05",3001.05,0.002015
14,,5136 S SACRAMENTO AVE,"$3,001.05",3001.05,0.002015
14,Sidewalk Menu (2023),5143-5147 S RICHMOND ST,"$3,474.20",3474.20,0.002333
14,,5121-5123 S RICHMOND ST,"$3,474.20",3474.20,0.002333
14,,5129 S RICHMOND ST,"$3,474.20",3474.20,0.002333
14,Sidewalk Menu (2023),5159 S WHIPPLE ST,"$9,902.71",9902.71,0.006650
14,Sidewalk Menu (2023),5243 S SACRAMENTO AVE,"$12,704.27",12704.27,0.008531
14,Sidewalk Menu (2023),5318 S ALBANY AVE,"$16,620.76",16620.76,0.011162
14,Sidewalk Menu (2023),5326-5330 S RICHMOND ST,"$5,979.70",5979.70,0.004016
14,,5320 S RICHMOND ST,"$5,979.70",5979.70,0.004016
14,Sidewalk Menu (2023),5408 S SPAULDING AVE,"$2,531.43",2531.43,0.001700
14,Sidewalk Menu (2023),5416-5418 S SPAULDING AVE,"$5,883.37",5883.37,0.003951
14,,5434-5438 S SPAULDING AVE,"$5,883.37",5883.37,0.003951
14,,5440 S SPAULDING AVE,"$5,883.37",5883.37,0.003951
14,Sidewalk Menu (2023),5433 S RICHMOND ST,"$6,918.43",6918.43,0.004646
14,,5437-5439 S RICHMOND ST,"$6,918.43",6918.43,0.004646
14,,5443 S RICHMOND ST,"$6,918.43",6918.43,0.004646
14,Sidewalk Menu (2023),5600 S WHIPPLE ST,"$6,334.96",6334.96,0.004254
14,,3041 W 56TH ST,"$6,334.96",6334.96,0.004254
14,Sidewalk Menu (2023),5700 S WHIPPLE ST,"$11,544.88",11544.88,0.007753
14,Sidewalk Menu (2023),5754 S SACRAMENTO AVE,"$2,229.80",2229.8,0.001497
14,Sidewalk Menu (2023),4700-4800 S Harding Ave,"$23,861.64",23861.64,0.016024
14,Sidewalk Menu (2023),4700-4800 S Kenneth Ave,"$31,023.34",31023.34,0.020834
14,Sidewalk Menu (2023),5700-5800 S St Louis Ave,"$43,718.28",43718.28,0.029359
14,Street Resurfacing Menu (2023),5500-5700 S Francisco Ave,"$118,834.01",118834.01,0.079802
14,Street Resurfacing Menu (2023),4700-5150 S Kolin Ave,"$221,131.32",221131.32,0.148499
14,Street Resurfacing Menu (2023),6100-6300 S St Louis Ave,"$182,307.18",182307.18,0.122427
14,Street Resurfacing Menu (2023),4332-4500 W 51st St,"$68,231.48",68231.48,0.045820
14,Street Resurfacing Menu (2023),3000-3030 W 56th St,"$25,689.56",25689.56,0.017252
14,Street Speed Hump Menu (2023),5100-5200 S Campbell Ave,"$2,661.61",2661.61,0.001787
14,Street Speed Hump Menu (2023),2400-2800 W 53rd St,"$19,520.00",19520.0,0.013109
14,Street Speed Hump Menu (2023),3200-3500 W 56th St,"$14,640.00",14640.0,0.009831
14,Street Speed Hump Replacement (2023),5500-5700 S Francisco Ave,$0.00,0.0,0.000000
14,Street Speed Hump Replacement (2023),6100-6300 S St Louis Ave,$0.00,0.0,0.000000
15,Alley Speed Hump Menu (2023),S FRANCISCO AVE & W 65TH ST & W 66TH ST & S MOZART ST,"$1,450.00",1450.0,0.001036
15,Alley Speed Hump Menu (2023),S WALLACE ST & W 47TH ST & W 47TH PL & S UNION AVE,"$2,175.00",2175.0,0.001554
15,Alley Speed Hump Menu (2023),W 44TH PL & S WALLACE ST & S NORMAL AVE & W 45TH ST,"$1,450.00",1450.0,0.001036
15,Alley Speed Hump Menu (2023),W 45TH PL & S WALLACE ST & S NORMAL AVE & W 46TH ST,"$1,450.00",1450.0,0.001036
15,Alley Speed Hump Menu (2023),W 45TH ST & S EMERALD AVE & S UNION AVE & W 46TH ST,"$1,450.00",1450.0,0.001036
15,Alley Speed Hump Menu (2023),W 46TH PL & S WALLACE ST & S NORMAL AVE & W 47TH ST,"$1,450.00",1450.0,0.001036
15,Alley Speed Hump Menu (2023),W 46TH PL & S WALLACE ST & S UNION AVE & W 47TH ST,"$1,450.00",1450.0,0.001036
15,Alley Speed Hump Menu (2023),W 46TH ST & S HALSTED ST & S EMERALD AVE & W 47TH ST,"$1,450.00",1450.0,0.001036
15,Alley Speed Hump Menu (2023),W 46TH ST & S WALLACE ST & S NORMAL AVE & W 46TH PL,"$1,450.00",1450.0,0.001036
15,Alley Speed Hump Menu (2023),W 46TH ST & S WALLACE ST & S UNION AVE & W 46TH PL,"$1,450.00",1450.0,0.001036
15,Alley Speed Hump Menu (2023),W 47TH PL & S UNION AVE & S HALSTED ST & W 48TH ST,"$4,350.00",4350.0,0.003109
15,Alley Speed Hump Menu (2023),W 47TH ST & S HALSTED ST & S UNION AVE & W 47TH PL,"$3,625.00",3625.0,0.002591
15,Alley Speed Hump Menu (2023),W 48TH PL & S UNION AVE & S HALSTED ST & W 49TH ST,"$4,350.00",4350.0,0.003109
15,Alley Speed Hump Menu (2023),W 48TH ST & S UNION AVE & S HALSTED ST & W 48TH PL,"$4,350.00",4350.0,0.003109
15,Alley Speed Hump Menu (2023),W 49TH ST & S WALLACE ST & S UNION AVE & W 48TH PL,"$1,450.00",1450.0,0.001036
15,Diagonal Parking Menu (2023),S WASHTENAW AVE & W 51ST ST,"$85,000.00",85000.0,0.060749
15,Sidewalk Menu (2023),1730-1758 W 61ST ST,"$10,167.48",10167.48,0.007267
15,,1730-1800 W 61st St,"$10,167.48",10167.48,0.007267
15,Sidewalk Menu (2023),6515 S WOLCOTT AVE,$902.58,902.58,0.000645
15,Sidewalk Menu (2023),5500-5900 S California Ave,"$442,152.25",442152.25,0.316002
15,Street Bump Outs Menu (2023),437 W 45TH ST,"$20,076.07",20076.07,0.014348
15,Street Bump Outs Menu (2023),4644 S NORMAL AVE,"$29,433.14",29433.14,0.021036
15,Street Bump Outs Menu (2023),S EMERALD AVE & W 47TH ST,"$41,844.99",41844.99,0.029906
15,Street Bump Outs Menu (2023),S UNION AVE & W 44TH ST,"$31,826.15",31826.15,0.022746
15,Street Bump Outs Menu (2023),S WALLACE ST & W 47TH ST,"$36,184.46",36184.46,0.025861
15,Street Light Arterial Menu (2023),2650 W 51ST ST,"$100,000.00",100000.0,0.071469
15,Street Speed Hump Menu (2023),4400-4600 S Lowe Ave,"$9,760.00",9760.0,0.006975
15,Street Speed Hump Menu (2023),4600-4630 S Normal Ave,"$2,440.00",2440.0,0.001744
15,Street Speed Hump Menu (2023),4900-5000 S Seeley Ave,"$4,880.00",4880.0,0.003488
15,Street Speed Hump Menu (2023),4600-4900 S Union Ave,"$7,320.00",7320.0,0.005232
15,Street Speed Hump Menu (2023),4400-4900 S Wallace St,"$14,640.00",14640.0,0.010463
15,Street Speed Hump Menu (2023),500-600 W 44th Pl,"$4,880.00",4880.0,0.003488
15,Street Speed Hump Menu (2023),500-700 W 46th Pl,"$9,760.00",9760.0,0.006975
15,Street Speed Hump Menu (2023),500-800 W 46th St,"$14,640.00",14640.0,0.010463
15,Street Speed Hump Menu (2023),600-800 W 47th Pl,"$7,320.00",7320.0,0.005232
15,Street Speed Hump Menu (2023),700-800 W 48th Pl,"$2,440.00",2440.0,0.001744
15,Street Speed Hump Menu (2023),700-800 W 48th St,"$2,440.00",2440.0,0.001744
15,Street Speed Hump Menu (2023),600-700 W 49th St,"$2,440.00",2440.0,0.001744
15,Street Traffic Circle Menu (2023),4700 S HALSTED ST,"$251,732.70",251732.7,0.179911
15,Street Traffic Circle Menu (2023),S NORMAL AVE & W 45TH ST,"$26,307.25",26307.25,0.018802
15,Street Traffic Circle Menu (2023),S UNION AVE & W 47TH PL,"$49,529.00",49529.0,0.035398
15,Street Traffic Circle Menu (2023),S UNION AVE & W 48TH PL,"$48,868.93",48868.93,0.034926
15,Street Traffic Circle Menu (2023),S WALLACE ST & W 45TH ST,"$42,264.98",42264.98,0.030206
15,Street Traffic Circle Menu (2023),S WALLACE ST & W 46TH ST,"$56,439.02",56439.02,0.040336
16,Arterial Street Bump Outs Menu (2023),W 53RD ST & S DAMEN AVE,"$160,000.00",160000.0,0.118664
16,Collector Street - Miscellaneous Concrete (2023),1400-2000 W 54th St,"$13,912.20",13912.2,0.010318
16,Miscellaneous CDOT Projects (2023),700 W 59TH ST,$660.00,660.0,0.000489
16,Pavement Markings Menu (2023),S CALIFORNIA AVE & W MARQUETTE RD,"$3,300.00",3300.0,0.002447
16,Sidewalk Menu (2023),5739-5759 S HALSTED ST,"$62,005.70",62005.7,0.045987
16,Sidewalk Menu (2023),6600 S SEELEY AVE,"$25,173.97",25173.97,0.018670
16,Speed Indicator Signs (2023),S CALIFORNIA AVE & W MARQUETTE RD,"$28,000.00",28000.0,0.020766
16,Street Resurfacing Menu (2023),6500-6600 S Aberdeen St,"$61,749.35",61749.35,0.045797
16,Street Resurfacing Menu (2023),5800-5900 S Carpenter St,"$62,300.79",62300.79,0.046206
16,Street Resurfacing Menu (2023),6500-6600 S Carpenter St,"$58,043.73",58043.73,0.043048
16,Street Resurfacing Menu (2023),5900-6100 S Fairfield Ave,"$121,577.69",121577.69,0.090168
16,Street Resurfacing Menu (2023),6400-6500 S Green St,"$60,956.65",60956.65,0.045209
16,Street Resurfacing Menu (2023),5100-5400 S Honore St,"$183,620.50",183620.5,0.136183
16,Street Resurfacing Menu (2023),5470-5600 S Laflin St,"$12,918.18",12918.18,0.009581
16,Street Resurfacing Menu (2023),6700-6800 S Laflin St,"$63,510.92",63510.92,0.047103
16,Street Resurfacing Menu (2023),5500-5600 S Lowe Ave,"$34,239.50",34239.5,0.025394
16,Street Resurfacing Menu (2023),6900-7100 S May St,"$125,979.77",125979.77,0.093433
16,Street Resurfacing Menu (2023),5100-5200 S Paulina St,"$59,687.66",59687.66,0.044268
16,Street Resurfacing Menu (2023),6700-6800 S Paulina St,"$34,063.34",34063.34,0.025263
16,Street Resurfacing Menu (2023),6900-7100 S Sangamon St,"$115,183.64",115183.64,0.085426
16,Street Resurfacing Menu (2023),5300-5400 S Wood St,"$61,455.76",61455.76,0.045579
16,Street Speed Hump Replacement (2023),6500-6600 S Aberdeen St,$0.00,0.0,0.000000
16,Street Speed Hump Replacement (2023),6400-6500 S Green St,$0.00,0.0,0.000000
16,Street Speed Hump Replacement (2023),5100-5400 S Honore St,$0.00,0.0,0.000000
16,Street Speed Hump Replacement (2023),6700-6800 S Laflin St,$0.00,0.0,0.000000
16,Street Speed Hump Replacement (2023),5500-5600 S Lowe Ave,$0.00,0.0,0.000000
16,Street Speed Hump Replacement (2023),6900-7100 S May St,$0.00,0.0,0.000000
16,Street Speed Hump Replacement (2023),6700-6800 S Paulina St,$0.00,0.0,0.000000
16,Street Speed Hump Replacement (2023),6900-7100 S Sangamon St,$0.00,0.0,0.000000
16,Street Speed Hump Replacement (2023),5300-5400 S Wood St,$0.00,0.0,0.000000
17,Alley Apron Menu (2023),7145 S SPAULDING AVE,"$37,941.93",37941.93,0.025500
17,Alley Resurfacing Menu (2023),S WESTERN AVE & W 70TH ST & W 71ST ST & S ARTESIAN AVE,"$39,906.83",39906.83,0.026821
17,Alley Resurfacing Menu (2023),S WOOD ST & W 75TH PL & W 76TH ST & S HERMITAGE AVE,"$38,233.55",38233.55,0.025696
17,Alley Resurfacing Menu (2023),W 72ND PL & S RACINE AVE & S ADA ST & W 73RD ST,"$13,748.40",13748.40,0.009240
17,,7258 S RACINE AVE,"$13,748.40",13748.40,0.009240
17,Alley Resurfacing Menu (2023),W 73RD ST & S MAY ST & S RACINE AVE & W 74TH ST,"$38,145.50",38145.5,0.025637
17,Alley Resurfacing Menu (2023),W 73RD ST & S RACINE AVE & S ADA ST & W 73RD PL,"$30,829.39",30829.39,0.020720
17,Alley Resurfacing Menu (2023),W 75TH PL & S WOOD ST & S WOOD ST & W 76TH ST,"$22,077.24",22077.24,0.014838
17,Alley Resurfacing Menu (2023),W 76TH ST & S HONORE ST & S WOOD ST & W 77TH ST,"$38,145.50",38145.5,0.025637
17,Alley Speed Hump Replacement (2023),S WOOD ST & W 75TH PL & W 76TH ST & S HERMITAGE AVE,$0.00,0.0,0.000000
17,Alley Speed Hump Replacement (2023),W 72ND PL & S RACINE AVE & S ADA ST & W 73RD ST,$0.00,0.00,0.000000
17,,7258 S RACINE AVE,$0.00,0.00,0.000000
17,Alley Speed Hump Replacement (2023),W 73RD ST & S RACINE AVE & S ADA ST & W 73RD PL,$0.00,0.0,0.000000
17,Curb & Gutter Menu (2023),7658 S BISHOP ST,"$17,096.46",17096.46,0.011490
17,Curb & Gutter Menu (2023),3400-3600 W 71st Pl,"$15,426.51",15426.51,0.010368
17,Diagonal Parking Menu (2023),7914-7900 S Green St,"$30,000.00",30000.0,0.020163
17,Miscellaneous CDOT Projects (2023),7807-7821 S PULASKI RD,$450.00,450.0,0.000302
17,Sidewalk Menu (2023),7000 S TALMAN AVE,"$73,392.36",73392.36,0.049326
17,Sidewalk Menu (2023),7659 S NORMAL AVE,"$24,184.26",24184.26,0.016254
17,Sidewalk Menu (2023),7732 S ASHLAND AVE,"$14,234.56",14234.56,0.009567
17,Sidewalk Menu (2023),7920-7922 S MORGAN ST,"$14,277.94",14277.94,0.009596
17,Sidewalk Menu (2023),8024-8026 S HERMITAGE AVE,"$19,337.32",19337.32,0.012996
17,Sidewalk Menu (2023),8154 S WOLCOTT AVE,"$3,477.37",3477.37,0.002337
17,Sidewalk Menu (2023),1200-1300 W 73rd Pl,"$138,295.71",138295.71,0.092947
17,Sidewalk Menu (2023),3500-3600 W 73rd Pl,"$8,475.80",8475.8,0.005696
17,Street Light Upgrade Menu (2023),1259 W MARQUETTE RD,$500.00,500.0,0.000336
17,Street Light Upgrade Menu (2023),7600 S LOOMIS BLVD,$500.00,500.0,0.000336
17,Street Resurfacing Menu (2023),8200-8300 S Bishop St,"$54,755.33",54755.33,0.036800
17,Street Resurfacing Menu (2023),7800-7900 S Hermitage Ave,"$53,000.22",53000.22,0.035621
17,Street Resurfacing Menu (2023),6800-6900 S Marshfield Ave,"$51,785.08",51785.08,0.034804
17,Street Resurfacing Menu (2023),7900-8000 S Paulina St,"$55,841.77",55841.77,0.037530
17,Street Resurfacing Menu (2023),7600-8000 S Winchester Ave,"$218,133.13",218133.13,0.146604
17,Street Resurfacing Menu (2023),7200-7300 S Wood St,"$57,808.86",57808.86,0.038853
17,Street Resurfacing Menu (2023),7900-8000 S Wood St,"$56,781.27",56781.27,0.038162
17,Street Resurfacing Menu (2023),8100-8300 S Wood St,"$118,406.86",118406.86,0.079580
17,Street Resurfacing Menu (2023),3400-3500 W 73rd Pl,"$58,777.65",58777.65,0.039504
17,Street Resurfacing Menu (2023),800-1000 W 75th St,"$120,430.20",120430.2,0.080939
17,Street Speed Hump Menu (2023),6900-7000 S Hermitage Ave,"$4,880.00",4880.0,0.003280
17,Street Speed Hump Menu (2023),7900-8000 S Winchester Ave,"$4,880.00",4880.0,0.003280
17,Street Speed Hump Replacement (2023),7800-7900 S Hermitage Ave,$0.00,0.0,0.000000
18,Alley Apron Menu (2023),7714 S TROY ST,"$17,671.96",17671.96,0.011781
18,Alley Apron Menu (2023),7800 S TROY ST,"$14,303.21",14303.21,0.009535
18,Alley Apron Menu (2023),7930-8000 S Oakley Ave,"$28,668.19",28668.19,0.019112
18,Alley Resurfacing Menu (2023),W 77TH ST & S SPRINGFIELD AVE & S PULASKI RD & W 78TH ST,"$25,060.31",25060.31,0.016707
18,Alley Speed Hump Menu (2023),S TRUMBULL AVE & W 77TH ST & W 78TH ST & S ST LOUIS AVE,"$1,450.00",1450.0,0.000967
18,Bollard Menu (2023),3934 W HAYFORD ST,"$3,111.78",3111.78,0.002075
18,Miscellaneous CDOT Projects (2023),7701 S KEDZIE AVE,$660.00,660.0,0.000440
18,Miscellaneous CDOT Projects (2023),8359 S PULASKI RD,$660.00,660.0,0.000440
18,Pavement Markings Menu (2023),3200-3500 W 83rd St,$600.00,600.0,0.000400
18,Sidewalk Menu (2023),2155 W 82ND PL,"$8,523.86",8523.86,0.005683
18,Sidewalk Menu (2023),3441 W 83RD ST,"$5,955.68",5955.68,0.003970
18,Sidewalk Menu (2023),3622 W 81ST PL,"$5,712.42",5712.42,0.003808
18,Sidewalk Menu (2023),3745 W 82ND PL,$468.25,468.25,0.000312
18,Sidewalk Menu (2023),3812 W 84TH ST,"$3,304.21",3304.21,0.002203
18,Sidewalk Menu (2023),7410 S CAMPBELL AVE,"$6,719.83",6719.83,0.004480
18,Sidewalk Menu (2023),7948 S SAWYER AVE,"$24,829.95",24829.95,0.016553
18,Sidewalk Menu (2023),8014 S FRANCISCO AVE,"$5,226.44",5226.44,0.003484
18,Sidewalk Menu (2023),8125 S CLAREMONT AVE,"$7,458.74",7458.74,0.004972
18,Sidewalk Menu (2023),8320 S HERMITAGE AVE,"$8,111.44",8111.44,0.005408
18,Sidewalk Menu (2023),8456 S SEELEY AVE,"$24,281.08",24281.08,0.016187
18,Street Resurfacing Menu (2023),7900-8000 S Campbell Ave,"$52,171.83",52171.83,0.034781
18,Street Resurfacing Menu (2023),7100-7200 S Francisco Ave,"$57,808.79",57808.79,0.038539
18,Street Resurfacing Menu (2023),7900-8100 S Francisco Ave,"$7,202.39",7202.39,0.004802
18,Street Resurfacing Menu (2023),8000-8030 S Karlov Ave,"$33,380.93",33380.93,0.022254
18,Street Resurfacing Menu (2023),7900-8100 S Kirkland Ave,"$125,169.03",125169.03,0.083446
18,Street Resurfacing Menu (2023),8300-8330 S Lawndale Ave,"$35,309.32",35309.32,0.023540
18,Street Resurfacing Menu (2023),7300-7400 S Mozart St,"$50,968.09",50968.09,0.033979
18,Street Resurfacing Menu (2023),7300-7400 S Richmond St,"$60,627.37",60627.37,0.040418
18,Street Resurfacing Menu (2023),7937-8000 S Sawyer Ave,"$38,177.04",38177.04,0.025451
18,Street Resurfacing Menu (2023),8500-8532 S Springfield Ave,"$40,582.64",40582.64,0.027055
18,Street Resurfacing Menu (2023),8000-8100 S Talman Ave,"$68,124.01",68124.01,0.045416
18,Street Resurfacing Menu (2023),7500-7600 S Trumbull Ave,"$55,922.98",55922.98,0.037282
18,Street Resurfacing Menu (2023),3700-3750 W 77th Pl,"$56,619.72",56619.72,0.037746
18,Street Resurfacing Menu (2023),3400-3500 W 77th St,"$82,923.85",82923.85,0.055283
18,Street Resurfacing Menu (2023),2530-2630 W 80th Pl,"$66,263.08",66263.08,0.044175
18,Street Resurfacing Menu (2023),3500-3600 W 80th St,"$54,430.42",54430.42,0.036287
18,Street Resurfacing Menu (2023),3700-3800 W 81st Pl,$500.00,500.0,0.000333
18,Street Resurfacing Menu (2023),2240-2300 W 81st Pl,"$78,857.24",78857.24,0.052571
18,Street Resurfacing Menu (2023),3700-3800 W 82nd Pl,"$65,508.80",65508.8,0.043673
18,Street Resurfacing Menu (2023),3400-3500 W 83rd Pl,"$57,368.46",57368.46,0.038246
18,Street Resurfacing Menu (2023),4500-4600 W 84th Pl,"$98,195.73",98195.73,0.065464
18,Street Resurfacing Menu (2023),3300-3400 W 84th St,"$57,750.14",57750.14,0.038500
18,Street Resurfacing Menu (2023),2900-2960 W Seipp St,"$50,263.46",50263.46,0.033509
18,Street Speed Hump Menu (2023),7700-7800 S Homan Ave,"$4,880.00",4880.0,0.003253
18,Street Speed Hump Menu (2023),1600-2000 W 86th St,"$8,217.32",8217.32,0.005478
18,Street Speed Hump Replacement (2023),8000-8030 S Karlov Ave,$0.00,0.0,0.000000
18,Street Speed Hump Replacement (2023),7900-8100 S Kirkland Ave,$0.00,0.0,0.000000
18,Street Speed Hump Replacement (2023),3400-3500 W 77th St,$0.00,0.0,0.000000
19,Curb & Gutter Menu (2023),10424 S HOMAN AVE,$926.63,926.63,0.000620
19,Miscellaneous CDOT Projects (2023),10751 S MILLARD AVE,$660.00,660.0,0.000442
19,Street Light Upgrade Menu (2023),2501 W 103RD ST,$500.00,500.0,0.000334
19,Street Light Upgrade Menu (2023),11040-11100 S Hoyne Ave,$250.00,250.00,0.000167
19,,2110 W 111TH ST,$250.00,250.00,0.000167
19,Street Resurfacing Menu (2023),10700-10800 S Albany Ave,"$84,476.87",84476.87,0.056515
19,Street Resurfacing Menu (2023),10400-10500 S Bell Ave,"$59,123.96",59123.96,0.039554
19,Street Resurfacing Menu (2023),11700-11800 S Campbell Ave,"$54,538.01",54538.01,0.036486
19,Street Resurfacing Menu (2023),10300-10400 S Christiana Ave,"$64,956.76",64956.76,0.043456
19,Street Resurfacing Menu (2023),10400-10530 S Church St,"$86,929.29",86929.29,0.058155
19,Street Resurfacing Menu (2023),9800-9700 S Claremont Ave,"$64,469.41",64469.41,0.043130
19,Street Resurfacing Menu (2023),10200-10300 S Fairfield Ave,"$49,306.05",49306.05,0.032986
19,Street Resurfacing Menu (2023),10940-11030 S Homewood Ave,"$88,570.82",88570.82,0.059254
19,Street Resurfacing Menu (2023),11190-11440 S Lothair Ave,"$206,605.51",206605.51,0.138219
19,Street Resurfacing Menu (2023),10000-10300 S Malta St,"$115,038.27",115038.27,0.076960
19,Street Resurfacing Menu (2023),9900-10000 S Maplewood Ave,"$48,971.65",48971.65,0.032762
19,Street Resurfacing Menu (2023),9100-9240 S Oakley Ave,"$60,677.99",60677.99,0.040593
19,Street Resurfacing Menu (2023),9800-9900 S Seeley Ave,"$47,613.22",47613.22,0.031853
19,Street Resurfacing Menu (2023),10300-10400 S Spaulding Ave,"$62,565.09",62565.09,0.041856
19,Street Resurfacing Menu (2023),9230-9400 S Vanderpoel Ave,"$105,075.24",105075.24,0.070295
19,Street Resurfacing Menu (2023),10700-10800 S Washtenaw Ave,"$62,835.52",62835.52,0.042037
19,Street Resurfacing Menu (2023),11200-11300 S Washtenaw Ave,"$72,943.96",72943.96,0.048799
19,Street Resurfacing Menu (2023),2400-2430 W 101st St,"$10,228.85",10228.85,0.006843
19,Street Resurfacing Menu (2023),2650-2730 W 106th St,"$36,795.14",36795.14,0.024616
19,Street Resurfacing Menu (2023),3800-3900 W 109th Pl,"$62,976.13",62976.13,0.042131
19,Street Resurfacing Menu (2023),2556-2530 W 118th St,"$21,931.55",21931.55,0.014672
19,Street Resurfacing Menu (2023),1899-1930 W 91st St,"$25,558.37",25558.37,0.017098
19,Street Speed Hump Replacement (2023),11190-11440 S Lothair Ave,$0.00,0.0,0.000000
19,Street Speed Hump Replacement (2023),10700-10800 S Washtenaw Ave,$0.00,0.0,0.000000
19,Street Speed Hump Replacement (2023),11200-11300 S Washtenaw Ave,$0.00,0.0,0.000000
20,Alley Resurfacing Menu (2023),S INGLESIDE AVE & E 65TH ST & E MARQUETTE RD & S ELLIS AVE,"$26,588.72",26588.72,0.019257
20,Alley Speed Hump Replacement (2023),S INGLESIDE AVE & E 65TH ST & E MARQUETTE RD & S ELLIS AVE,$0.00,0.0,0.000000
20,Sidewalk Menu (2023),6608-6612 S EVANS AVE,"$8,404.07",8404.07,0.006087
20,Speed Indicator Signs (2023),5600-5900 S Dr Martin Luther King Jr Dr,$789.67,789.67,0.000572
20,Street Bump Outs Menu (2023),S LANGLEY AVE & E 60TH ST,"$13,100.63",13100.63,0.009488
20,Street Light Residential Staggered Piggy Back Menu (2023),6300-6500 S Lowe Ave,"$355,000.00",355000.0,0.257114
20,Street Resurfacing Menu (2023),4800-5000 S Aberdeen St,"$142,970.82",142970.82,0.103549
20,Street Resurfacing Menu (2023),4700-4800 S Elizabeth St,"$56,053.61",56053.61,0.040598
20,Street Resurfacing Menu (2023),6300-6500 S Ellis Ave,"$123,178.91",123178.91,0.089214
20,Street Resurfacing Menu (2023),6300-6500 S Greenwood Ave,"$114,384.61",114384.61,0.082845
20,Street Resurfacing Menu (2023),6154-6100 S Ingleside Ave,"$62,304.70",62304.7,0.045125
20,Street Resurfacing Menu (2023),4800-5100 S Justine St,"$177,011.48",177011.48,0.128203
20,Street Resurfacing Menu (2023),6600-6700 S Kenwood Ave,"$60,047.86",60047.86,0.043491
20,Street Resurfacing Menu (2023),4500-4530 S Portland Ave,"$18,836.40",18836.4,0.013643
20,Street Resurfacing Menu (2023),4700-4800 S Throop St,"$71,020.92",71020.92,0.051438
20,Street Resurfacing Menu (2023),6000-6100 S Wabash Ave,"$80,945.94",80945.94,0.058626
20,Street Resurfacing Menu (2023),5000-5100 S Wood St,"$35,911.14",35911.14,0.026009
20,Street Speed Hump Menu (2023),400-600 E 65th St,"$9,760.00",9760.0,0.007069
20,Street Speed Hump Menu (2023),1130-1200 E 65th St,"$2,440.00",2440.0,0.001767
20,Street Speed Hump Menu (2023),6500-6600 S Minerva Ave,"$4,880.00",4880.0,0.003534
20,Street Speed Hump Menu (2023),6100-6200 S Stewart Ave,"$4,880.00",4880.0,0.003534
20,Street Speed Hump Menu (2023),6500-6599 S University Ave,"$4,880.00",4880.0,0.003534
20,Street Speed Hump Menu (2023),4300-4430 S Wells St,"$7,320.00",7320.0,0.005302
20,Street Speed Hump Replacement (2023),4700-4800 S Elizabeth St,$0.00,0.0,0.000000
20,Street Speed Hump Replacement (2023),6300-6500 S Ellis Ave,$0.00,0.0,0.000000
20,Street Speed Hump Replacement (2023),4800-5100 S Justine St,$0.00,0.0,0.000000
20,Street Speed Hump Replacement (2023),4700-4800 S Throop St,$0.00,0.0,0.000000
21,Alley Apron Menu (2023),8801 S UNION AVE,"$31,907.16",31907.16,0.021441
21,Alley Resurfacing Menu (2023),1637 W 93RD PL,"$8,404.93",8404.93,0.005648
21,,W 93RD ST & S ASHLAND AVE & S BEVERLY AVE & W 93RD PL,"$8,404.93",8404.93,0.005648
21,Alley Resurfacing Menu (2023),S MARSHFIELD AVE & W 81ST ST & S PAULINA ST & W 82ND ST,"$40,724.53",40724.53,0.027366
21,Alley Resurfacing Menu (2023),W 88TH ST & S MORGAN ST & S CARPENTER ST & W 89TH ST,"$25,923.20",25923.2,0.017420
21,Alley Speed Hump Removal Menu (2023),W 88TH ST & S MORGAN ST & S CARPENTER ST & W 89TH ST,$0.00,0.0,0.000000
21,Alley Speed Hump Replacement (2023),S MARSHFIELD AVE & W 81ST ST & S PAULINA ST & W 82ND ST,$0.00,0.0,0.000000
21,Concrete Alley Menu (2023),W 92ND ST & S ABERDEEN ST & S VINCENNES AVE & W 92ND PL,"$7,269.57",7269.57,0.004885
21,Curb & Gutter Menu (2023),1110 W 90TH ST,"$7,324.28",7324.28,0.004922
21,Curb & Gutter Menu (2023),1342 W 90TH ST,"$17,336.40",17336.4,0.011650
21,Curb & Gutter Menu (2023),517-521 W 87TH ST S,"$14,680.56",14680.56,0.009865
21,Curb & Gutter Menu (2023),717 W 87TH ST,"$9,218.91",9218.91,0.006195
21,Curb & Gutter Menu (2023),8749 S EMERALD AVE,"$7,696.51",7696.51,0.005172
21,Curb & Gutter Menu (2023),8805 S UNION AVE,"$11,810.89",11810.89,0.007937
21,Curb & Gutter Menu (2023),8911 S EMERALD AVE,"$5,219.55",5219.55,0.003507
21,Curb & Gutter Menu (2023),9042 S EMERALD AVE,"$5,259.18",5259.18,0.003534
21,Curb & Gutter Menu (2023),9132 S MARSHFIELD AVE,"$8,757.77",8757.77,0.005885
21,Curb & Gutter Menu (2023),9215 S LOOMIS ST,"$10,616.83",10616.83,0.007134
21,Miscellaneous CDOT Projects (2023),10900 S PARNELL AVE,$660.00,660.0,0.000443
21,Sidewalk Menu (2023),1222 W 97TH ST,"$11,061.22",11061.22,0.007433
21,Sidewalk Menu (2023),720 W 118TH ST,"$13,343.71",13343.71,0.008967
21,Sidewalk Menu (2023),8358 S MAY ST,"$13,310.92",13310.92,0.008945
21,Sidewalk Menu (2023),8440 S THROOP ST,"$6,213.94",6213.94,0.004176
21,Sidewalk Menu (2023),8512 S BISHOP ST,"$5,858.08",5858.08,0.003936
21,Sidewalk Menu (2023),8714 S BISHOP ST,"$8,119.38",8119.38,0.005456
21,Sidewalk Menu (2023),8745 S ELIZABETH ST,"$6,424.59",6424.59,0.004317
21,Sidewalk Menu (2023),8749 S ELIZABETH ST,"$6,599.22",6599.22,0.004434
21,Sidewalk Menu (2023),8801 S LAFLIN ST,"$25,069.59",25069.59,0.016846
21,Sidewalk Menu (2023),8805 S THROOP ST,"$33,673.36",33673.36,0.022627
21,Sidewalk Menu (2023),8811 S NORMAL AVE,"$21,601.03",21601.03,0.014515
21,Sidewalk Menu (2023),8850 S EMERALD AVE,"$3,355.47",3355.47,0.002255
21,Sidewalk Menu (2023),8913 S HALSTED ST,"$3,196.08",3196.08,0.002148
21,Sidewalk Menu (2023),8919 S NORMAL AVE,"$11,844.13",11844.13,0.007959
21,Sidewalk Menu (2023),8935 S CARPENTER ST,"$5,926.38",5926.38,0.003982
21,Sidewalk Menu (2023),8959 S MARSHFIELD AVE,"$16,044.36",16044.36,0.010781
21,Sidewalk Menu (2023),9001 S LAFLIN ST,"$49,491.38",49491.38,0.033257
21,Sidewalk Menu (2023),9056 S MARSHFIELD AVE,"$17,803.27",17803.27,0.011963
21,Sidewalk Menu (2023),9114 S LOWE AVE,"$5,285.81",5285.81,0.003552
21,Sidewalk Menu (2023),9123 S EMERALD AVE,"$15,788.68",15788.68,0.010610
21,Sidewalk Menu (2023),9132 S ABERDEEN ST,"$5,929.25",5929.25,0.003984
21,Sidewalk Menu (2023),9144 S HALSTED ST,"$22,439.86",22439.86,0.015079
21,,9142-9160 S HALSTED ST,"$22,439.86",22439.86,0.015079
21,Sidewalk Menu (2023),9215 S LOOMIS ST,"$5,004.00",5004.0,0.003363
21,Sidewalk Menu (2023),9257 S MAY ST,"$4,632.09",4632.09,0.003113
21,Sidewalk Menu (2023),9339 S MAY ST,"$7,858.41",7858.41,0.005281
21,Sidewalk Menu (2023),9435 S JUSTINE ST,"$13,319.89",13319.89,0.008951
21,Sidewalk Menu (2023),9442 S THROOP ST,"$2,431.18",2431.18,0.001634
21,Sidewalk Menu (2023),9530 S VINCENNES AVE,"$17,110.97",17110.97,0.011498
21,Street Resurfacing Menu (2023),8700-8800 S Aberdeen St,"$49,528.61",49528.61,0.033282
21,Street Resurfacing Menu (2023),8500-8600 S Ada St,"$55,626.80",55626.8,0.037380
21,Street Resurfacing Menu (2023),9500-9700 S Loomis St,"$121,528.67",121528.67,0.081664
21,Street Resurfacing Menu (2023),9100-9300 S Marshfield Ave,"$134,313.94",134313.94,0.090255
21,Street Resurfacing Menu (2023),9700-9800 S Morgan St,"$54,600.51",54600.51,0.036690
21,Street Resurfacing Menu (2023),8800-8900 S Union Ave,"$52,676.64",52676.64,0.035397
21,Street Resurfacing Menu (2023),9600-9700 S Union Ave,"$60,362.93",60362.93,0.040562
21,Street Resurfacing Menu (2023),9500-9900 S Winston Ave,"$236,924.96",236924.96,0.159206
21,Street Resurfacing Menu (2023),1630-1700 W 92nd Pl,"$43,501.96",43501.96,0.029232
21,Street Resurfacing Menu (2023),1399-1300 W 98th Pl,"$59,427.93",59427.93,0.039934
21,Street Speed Hump Menu (2023),8800-8900 S Normal Ave,"$4,880.00",4880.0,0.003279
21,Street Speed Hump Menu (2023),8200-8300 S Sangamon St,$388.33,388.33,0.000261
21,Street Speed Hump Menu (2023),8600-8700 S Sangamon St,"$3,472.94",3472.94,0.002334
21,Street Speed Hump Menu (2023),700-800 W 87th St,"$2,440.00",2440.00,0.001640
21,,700-756 W 87TH ST,"$2,440.00",2440.00,0.001640
21,Street Speed Hump Menu (2023),1400-1500 W 90th St,"$3,656.87",3656.87,0.002457
21,Street Speed Hump Replacement (2023),8500-8600 S Ada St,$0.00,0.0,0.000000
21,Street Speed Hump Replacement (2023),9500-9900 S Winston Ave,$0.00,0.0,0.000000
21,Street Speed Hump Replacement (2023),1399-1300 W 98th Pl,$0.00,0.0,0.000000
22,Alley Apron Menu (2023),2414 S KEDVALE AVE,"$21,256.01",21256.01,0.015582
22,Alley Apron Menu (2023),4501 S LA CROSSE AVE,"$12,815.66",12815.66,0.009395
22,Alley Apron Menu (2023),W 25TH ST & S HOMAN AVE & S TRUMBULL AVE & W 26TH ST,"$23,733.40",23733.40,0.017398
22,,2500 S HOMAN AVE,"$23,733.40",23733.40,0.017398
22,Alley Apron Menu (2023),W 30TH ST & S KEDVALE AVE & S KEELER AVE & W 31ST ST,"$29,949.33",29949.33,0.021954
22,,3045 S KEELER AVE,"$29,949.33",29949.33,0.021954
22,Alley Resurfacing Menu (2023),S HARDING AVE & W 28TH ST & W 30TH ST & S SPRINGFIELD AVE,"$24,014.51",24014.51,0.017604
22,,2800-2859 S HARDING AVE,"$24,014.51",24014.51,0.017604
22,Alley Resurfacing Menu (2023),W 25TH ST & S HOMAN AVE & S TRUMBULL AVE & W 26TH ST,"$33,044.60",33044.6,0.024223
22,Alley Resurfacing Menu (2023),W 25TH ST & S RIDGEWAY AVE & S HAMLIN AVE & W 26TH ST,"$40,784.01",40784.01,0.029897
22,Alley Resurfacing Menu (2023),W 28TH ST & S KOLIN AVE & S KOSTNER AVE & W 30TH ST,"$36,025.34",36025.34,0.026409
22,Alley Resurfacing Menu (2023),W 30TH ST & S KEDVALE AVE & S KEELER AVE & W 31ST ST,"$43,548.45",43548.45,0.031923
22,Alley Resurfacing Menu (2023),W CERMAK RD & S HAMLIN AVE,"$21,619.72",21619.72,0.015848
22,,W CERMAK RD & S AVERS AVE,"$21,619.72",21619.72,0.015848
22,Alley Resurfacing Menu (2023),W CERMAK RD & S KOSTNER AVE & S KENNETH AVE & W OGDEN AVE,"$93,105.87",93105.87,0.068252
22,Alley Speed Hump Menu (2023),S KARLOV AVE & W 26TH ST & W 27TH ST & S KOMENSKY AVE,$725.00,725.0,0.000531
22,Alley Speed Hump Menu (2023),S KILDARE AVE & W 28TH ST & W 30TH ST & S TRIPP AVE,"$2,900.00",2900.0,0.002126
22,Alley Speed Hump Replacement (2023),S HARDING AVE & W 28TH ST & W 30TH ST & S SPRINGFIELD AVE,$0.00,0.00,0.000000
22,,2800-2859 S HARDING AVE,$0.00,0.00,0.000000
22,Alley Speed Hump Replacement (2023),W 25TH ST & S HOMAN AVE & S TRUMBULL AVE & W 26TH ST,$0.00,0.0,0.000000
22,Alley Speed Hump Replacement (2023),W 25TH ST & S RIDGEWAY AVE & S HAMLIN AVE & W 26TH ST,$0.00,0.0,0.000000
22,Alley Speed Hump Replacement (2023),W 28TH ST & S KOLIN AVE & S KOSTNER AVE & W 30TH ST,$0.00,0.0,0.000000
22,Alley Speed Hump Replacement (2023),W 30TH ST & S KEDVALE AVE & S KEELER AVE & W 31ST ST,$0.00,0.0,0.000000
22,Alley Speed Hump Replacement (2023),W CERMAK RD & S HAMLIN AVE,$0.00,0.00,0.000000
22,,W CERMAK RD & S AVERS AVE,$0.00,0.00,0.000000
22,Alley Speed Hump Replacement (2023),W CERMAK RD & S KOSTNER AVE & S KENNETH AVE & W OGDEN AVE,$0.00,0.0,0.000000
22,Arterial Street Bump Outs Menu (2023),2701 S KOSTNER AVE,"$6,301.24",6301.24,0.004619
22,,S KOSTNER AVE & W 27TH ST,"$6,301.24",6301.24,0.004619
22,,2600-3100 S Kostner Ave,"$6,301.24",6301.24,0.004619
22,Arterial Street Bump Outs Menu (2023),W CERMAK RD & S KENNETH AVE,"$50,000.00",50000.0,0.036653
22,Community Garden located at 3435 W 23rd Street,3435 W 23RD ST,"$39,500.00",39500.0,0.028956
22,Curb & Gutter Menu (2023),2237 S CHRISTIANA AVE,"$48,851.79",48851.79,0.035811
22,Curb & Gutter Menu (2023),2245 S KEELER AVE,"$79,110.10",79110.1,0.057992
22,Diagonal Parking Menu (2023),4000-4100 W 25th Pl,"$54,918.30",54918.3,0.040258
22,Miscellaneous CDOT Projects (2023),2800 S MILLARD AVE,$660.00,660.0,0.000484
22,Miscellaneous CDOT Projects (2023),3103 S KOMENSKY AVE,$660.00,660.0,0.000484
22,Pavement Markings Menu (2023),3251-3500 S KEDZIE AVE,"$9,500.00",9500.00,0.006964
22,,3350 S KEDZIE AVE,"$9,500.00",9500.00,0.006964
22,Pavement Markings Menu (2023),W CERMAK RD & S LAWNDALE AVE,"$8,750.00",8750.0,0.006414
22,Sidewalk Menu (2023),2637 S AVERS AVE,"$3,943.36",3943.36,0.002891
22,Sidewalk Menu (2023),2659 S ST LOUIS AVE,"$1,089.61",1089.61,0.000799
22,Sidewalk Menu (2023),2711 S MILLARD AVE,"$2,955.96",2955.96,0.002167
22,Sidewalk Menu (2023),2741 S MILLARD AVE,"$1,264.12",1264.12,0.000927
22,Sidewalk Menu (2023),2744 S SPRINGFIELD AVE,"$1,709.73",1709.73,0.001253
22,Sidewalk Menu (2023),3037 S KOMENSKY AVE,"$4,331.72",4331.72,0.003175
22,Sidewalk Menu (2023),3109 S RIDGEWAY AVE,"$3,407.75",3407.75,0.002498
22,Sidewalk Menu (2023),3226 S KEDVALE AVE,"$1,916.52",1916.52,0.001405
22,Sidewalk Menu (2023),3350 S KEDZIE AVE,"$60,000.00",60000.0,0.043983
22,Sidewalk Menu (2023),4221-4231 W 25TH PL,"$17,462.87",17462.87,0.012801
22,Sidewalk Menu (2023),4316 S KILPATRICK AVE,$511.33,511.33,0.000375
22,Street Bump Outs Menu (2023),4400 S KNOX AVE,$309.42,309.42,0.000227
22,,S KNOX AVE & W 44TH ST,$309.42,309.42,0.000227
22,Street Bump Outs Menu (2023),S KARLOV AVE & W 25TH PL,"$12,349.11",12349.11,0.009053
22,Street Bump Outs Menu (2023),S KNOX AVE & W 46TH ST,$402.93,402.93,0.000295
22,,4600 S KNOX AVE,$402.93,402.93,0.000295
22,Street Light Upgrade Menu (2023),4182 W OGDEN AVE,$500.00,500.0,0.000367
22,Street Light Upgrade Menu (2023),4536 S LAPORTE AVE,$500.00,500.00,0.000367
22,,4518 S LAPORTE AVE,$500.00,500.00,0.000367
22,Street Light Upgrade Menu (2023),4940 S LECLAIRE AVE,$500.00,500.0,0.000367
22,Street Resurfacing Menu (2023),2300-2400 S Avers Ave,"$47,301.32",47301.32,0.034674
22,Street Resurfacing Menu (2023),2500-2600 S Homan Ave,"$51,790.16",51790.16,0.037965
22,Street Resurfacing Menu (2023),3100-3200 S Kolin Ave,"$80,527.14",80527.14,0.059031
22,Street Resurfacing Menu (2023),4800-4900 S Leclaire Ave,"$54,080.20",54080.2,0.039644
22,Street Resurfacing Menu (2023),2305-2200 S Springfield Ave,"$46,622.89",46622.89,0.034177
22,Street Resurfacing Menu (2023),2300-2500 S Trumbull Ave,"$107,645.37",107645.37,0.078910
22,Street Speed Hump Menu (2023),2200-2300 S Christiana Ave,"$4,880.00",4880.0,0.003577
22,Street Speed Hump Menu (2023),3000-3100 S Harding Ave,"$4,880.00",4880.0,0.003577
22,Street Speed Hump Menu (2023),2800-3000 S Karlov Ave,"$4,880.00",4880.0,0.003577
22,Street Speed Hump Menu (2023),2800-3000 S Kedvale Ave,"$1,220.00",1220.00,0.000894
22,,2837 S KEDVALE AVE,"$1,220.00",1220.00,0.000894
22,Street Speed Hump Menu (2023),2600-2700 S Keeler Ave,"$4,880.00",4880.0,0.003577
22,Street Speed Hump Menu (2023),3100-3200 S Keeler Ave,"$9,760.00",9760.0,0.007155
22,Street Speed Hump Menu (2023),4700-4800 S Kilpatrick Ave,"$4,880.00",4880.0,0.003577
22,Street Speed Hump Menu (2023),4400-4500 S Knox Ave,"$4,880.00",4880.0,0.003577
22,Street Speed Hump Menu (2023),4600-4700 S Knox Ave,"$2,440.00",2440.0,0.001789
22,Street Speed Hump Menu (2023),4800-4900 S Lamon Ave,"$4,880.00",4880.0,0.003577
22,Street Speed Hump Menu (2023),4700-4799 W 43rd St,"$4,880.00",4880.0,0.003577
22,Street Speed Hump Replacement (2023),2300-2400 S Avers Ave,$0.00,0.0,0.000000
22,Street Traffic Circle Menu (2023),4600 S KEATING AVE,"$2,474.32",2474.32,0.001814
22,,S KEATING AVE & W 46TH ST,"$2,474.32",2474.32,0.001814
23,Alley Apron Menu (2023),3701 W 60TH ST,"$14,746.94",14746.94,0.009923
23,,3700 W 60TH PL,"$14,746.94",14746.94,0.009923
23,Alley Apron Menu (2023),5056 S LEAMINGTON AVE,"$23,717.40",23717.4,0.015959
23,Alley Apron Menu (2023),5158 S NAGLE AVE,"$9,001.17",9001.17,0.006057
23,,5157 S NATCHEZ AVE,"$9,001.17",9001.17,0.006057
23,Alley Apron Menu (2023),5200 S LAWNDALE AVE,"$10,361.03",10361.03,0.006972
23,,5201 S RIDGEWAY AVE,"$10,361.03",10361.03,0.006972
23,Alley Speed Hump Menu (2023),3904 W 62ND PL,$725.00,725.0,0.000488
23,Alley Speed Hump Menu (2023),5254 S KNOX AVE,$725.00,725.0,0.000488
23,Alley Speed Hump Menu (2023),S KENNETH AVE & W 68TH ST & W 68TH ST & S KILBOURN AVE,$362.50,362.50,0.000244
23,,6834 S KENNETH AVE,$362.50,362.50,0.000244
23,Alley Speed Hump Menu (2023),S KENNETH AVE & W MARQUETTE RD & W 68TH ST & S KOSTNER AVE,"$1,450.00",1450.0,0.000976
23,Alley Speed Hump Menu (2023),W 51ST ST & S AVERS AVE & S SPRINGFIELD AVE & W 52ND ST,"$3,625.00",3625.0,0.002439
23,Alley Speed Hump Menu (2023),W 54TH ST & S KARLOV AVE & S KEDVALE AVE & W 55TH ST,"$1,450.00",1450.0,0.000976
23,Alley Speed Hump Menu (2023),W 54TH ST & S KEELER AVE & S KEDVALE AVE & W 55TH ST,"$2,175.00",2175.0,0.001464
23,Alley Speed Hump Menu (2023),W 66TH ST & S PULASKI RD & S SPRINGFIELD AVE & W 66TH PL,"$1,450.00",1450.0,0.000976
23,Bollard Menu (2023),5416 S MENARD AVE,"$4,622.74",4622.74,0.003111
23,Curb & Gutter Menu (2023),3718 W 60TH PL,"$4,873.05",4873.05,0.003279
23,Curb & Gutter Menu (2023),5118 S RIDGEWAY AVE,"$3,645.23",3645.23,0.002453
23,Curb & Gutter Menu (2023),5125 S NORDICA AVE,"$3,620.29",3620.29,0.002436
23,Curb & Gutter Menu (2023),5233 S HARDING AVE,"$2,330.35",2330.35,0.001568
23,Curb & Gutter Menu (2023),5316 S NEWCASTLE AVE,"$17,384.40",17384.4,0.011698
23,Curb & Gutter Menu (2023),5422 S NEWCASTLE AVE,"$4,441.80",4441.8,0.002989
23,Miscellaneous CDOT Projects (2023),6801 S KILDARE AVE,$660.00,660.0,0.000444
23,Mural at Viaduct on West 63rd Street and South Central,W 63RD ST & S CENTRAL PARK AVE,"$100,000.00",100000.0,0.067289
23,Park Pavement Markings Menu (2023),7520-7600 S Pulaski Rd,"$3,500.00",3500.0,0.002355
23,Pavement Markings Menu (2023),6000-6360 W 55th St,"$19,000.00",19000.0,0.012785
23,Sidewalk Menu (2023),3807 W 60TH ST,"$4,024.32",4024.32,0.002708
23,Sidewalk Menu (2023),3810 W 69TH PL,"$3,156.45",3156.45,0.002124
23,Sidewalk Menu (2023),3843 W 63RD ST,"$42,415.81",42415.81,0.028541
23,Sidewalk Menu (2023),3852 W 62ND ST,"$4,751.82",4751.82,0.003197
23,Sidewalk Menu (2023),3919 W 62ND PL,$591.46,591.46,0.000398
23,Sidewalk Menu (2023),3925-3929 W 62ND ST,"$5,164.29",5164.29,0.003475
23,Sidewalk Menu (2023),5001 S LA CROSSE AVE,"$11,940.44",11940.44,0.008035
23,Sidewalk Menu (2023),5056 S LEAMINGTON AVE,"$4,209.84",4209.84,0.002833
23,Sidewalk Menu (2023),5140 S MASSASOIT AVE,"$2,883.58",2883.58,0.001940
23,Sidewalk Menu (2023),5150 S LINDER AVE,"$2,119.54",2119.54,0.001426
23,Sidewalk Menu (2023),5200 S LARAMIE AVE,"$2,207.15",2207.15,0.001485
23,Sidewalk Menu (2023),5201 S LOCKWOOD AVE,"$13,447.69",13447.69,0.009049
23,Sidewalk Menu (2023),5201 S NASHVILLE AVE,"$3,077.76",3077.76,0.002071
23,Sidewalk Menu (2023),5204 S MEADE AVE,"$2,495.22",2495.22,0.001679
23,Sidewalk Menu (2023),5230 S NEVA AVE,"$3,014.46",3014.46,0.002028
23,Sidewalk Menu (2023),5231 S NATOMA AVE,$581.36,581.36,0.000391
23,Sidewalk Menu (2023),5244-5248 S RUTHERFORD AVE,"$1,448.14",1448.14,0.000974
23,Sidewalk Menu (2023),5300 S MCVICKER AVE,"$5,835.69",5835.69,0.003927
23,Sidewalk Menu (2023),5302 S MCVICKER AVE,"$1,700.82",1700.82,0.001144
23,Sidewalk Menu (2023),5317 S KOSTNER AVE,$427.54,427.54,0.000288
23,Sidewalk Menu (2023),5318 S MEADE AVE,"$1,214.88",1214.88,0.000817
23,Sidewalk Menu (2023),5320 S AVERS AVE,$557.20,557.2,0.000375
23,Sidewalk Menu (2023),5325 S NEVA AVE,"$1,232.44",1232.44,0.000829
23,Sidewalk Menu (2023),5349 S SAYRE AVE,"$2,427.94",2427.94,0.001634
23,Sidewalk Menu (2023),5400 S MOBILE AVE,$581.36,581.36,0.000391
23,Sidewalk Menu (2023),5401 S AVERS AVE,"$12,262.34",12262.34,0.008251
23,Sidewalk Menu (2023),6722 S KOMENSKY AVE,"$3,850.72",3850.72,0.002591
23,Sidewalk Menu (2023),6730 S KOLIN AVE,"$4,158.18",4158.18,0.002798
23,Sidewalk Menu (2023),6800 S KARLOV AVE,"$15,142.18",15142.18,0.010189
23,Sidewalk Menu (2023),6811 S KENNETH AVE,"$1,105.47",1105.47,0.000744
23,Sidewalk Menu (2023),7150 S MILLARD AVE,"$1,800.98",1800.98,0.001212
23,Sidewalk Menu (2023),7230 S CENTRAL PARK AVE,"$2,325.14",2325.14,0.001565
23,Sidewalk Menu (2023),7256 S HAMLIN AVE,"$2,587.92",2587.92,0.001741
23,Sidewalk Menu (2023),3800-3900 W 62nd Pl,"$96,574.40",96574.4,0.064984
23,Street Bump Outs Menu (2023),5101 S MULLIGAN AVE,"$8,000.00",8000.00,0.005383
23,,5100 S MULLIGAN AVE,"$8,000.00",8000.00,0.005383
23,Street Bump Outs Menu (2023),5101 S NAGLE AVE,"$8,000.00",8000.00,0.005383
23,,5100 S NAGLE AVE,"$8,000.00",8000.00,0.005383
23,Street Bump Outs Menu (2023),5319 S MASSASOIT AVE,"$8,000.00",8000.00,0.005383
23,,5320 S MASSASOIT AVE,"$8,000.00",8000.00,0.005383
23,Street Light Upgrade Menu (2023),5122 S NASHVILLE AVE,$500.00,500.0,0.000336
23,Street Light Upgrade Menu (2023),5421 S MELVINA AVE,$500.00,500.0,0.000336
23,Street Resurfacing Menu (2023),3554-3600 W 65TH ST,"$6,062.73",6062.73,0.004080
23,,W 65TH ST & S CENTRAL PARK AVE,"$6,062.73",6062.73,0.004080
23,Street Resurfacing Menu (2023),6500-6530 S Central Park Ave,"$12,888.75",12888.75,0.008673
23,Street Resurfacing Menu (2023),7200-7300 S Central Park Ave,"$52,383.67",52383.67,0.035248
23,Street Resurfacing Menu (2023),5300-5500 S Hamlin Ave,"$108,982.46",108982.46,0.073333
23,Street Resurfacing Menu (2023),6200-6230 S Hamlin Ave,"$39,071.39",39071.39,0.026291
23,Street Resurfacing Menu (2023),6849-6800 S Kenneth Ave,"$45,123.91",45123.91,0.030363
23,Street Resurfacing Menu (2023),6100-6130 S Lawndale Ave,"$28,907.17",28907.17,0.019451
23,Street Resurfacing Menu (2023),5200-5300 S Merrimac Ave,"$55,254.58",55254.58,0.037180
23,Street Resurfacing Menu (2023),5200-5300 S Mobile Ave,"$55,460.10",55460.1,0.037319
23,Street Resurfacing Menu (2023),5300-5400 S Mobile Ave,"$53,661.21",53661.21,0.036108
23,Street Resurfacing Menu (2023),5200-5300 S Mulligan Ave,"$60,245.69",60245.69,0.040539
23,Street Resurfacing Menu (2023),5400-5500 S Nashville Ave,"$55,779.07",55779.07,0.037533
23,Street Resurfacing Menu (2023),5399-5500 S Oak Park Ave,"$56,513.06",56513.06,0.038027
23,Street Resurfacing Menu (2023),5730-5800 S Springfield Ave,"$26,485.43",26485.43,0.017822
23,Street Resurfacing Menu (2023),3900-4000 W 61st St,"$57,662.06",57662.06,0.038800
23,Street Resurfacing Menu (2023),3800-3900 W 62nd Pl,"$60,453.49",60453.49,0.040679
23,Street Resurfacing Menu (2023),3600-3700 W 64th Pl,"$52,142.47",52142.47,0.035086
23,Street Resurfacing Menu (2023),3604-3560 W 64th St,"$11,274.05",11274.05,0.007586
23,Street Speed Hump Menu (2023),5400-5500 S Avers Ave,"$4,880.00",4880.0,0.003284
23,Street Speed Hump Menu (2023),5400-5500 S Kedvale Ave,"$4,880.00",4880.0,0.003284
23,Street Speed Hump Menu (2023),6700-6800 S Kostner Ave,"$4,880.00",4880.0,0.003284
23,Street Speed Hump Menu (2023),6100-6300 S Lawndale Ave,"$9,760.00",9760.0,0.006567
23,Street Speed Hump Menu (2023),6000-6030 S Springfield Ave,"$2,440.00",2440.0,0.001642
23,Street Speed Hump Menu (2023),4000-4200 W 54th St,"$9,760.00",9760.0,0.006567
23,Street Speed Hump Menu (2023),3700-3800 W 56th St,"$4,880.00",4880.0,0.003284
23,Street Speed Hump Menu (2023),3800-3900 W 58th St,"$4,880.00",4880.0,0.003284
23,Street Speed Hump Menu (2023),3900-4000 W 61st St,"$4,880.00",4880.0,0.003284
23,Street Speed Hump Menu (2023),3400-3500 W 62nd St,"$4,880.00",4880.0,0.003284
23,Street Speed Hump Menu (2023),3700-3800 W 69th Pl,"$4,880.00",4880.0,0.003284
23,Street Speed Hump Replacement (2023),7200-7300 S Central Park Ave,$0.00,0.0,0.000000
23,Street Speed Hump Replacement (2023),6200-6230 S Hamlin Ave,$0.00,0.0,0.000000
23,Street Speed Hump Replacement (2023),5730-5800 S Springfield Ave,$0.00,0.0,0.000000
23,Street Speed Hump Replacement (2023),3800-3900 W 62nd Pl,$0.00,0.0,0.000000
23,Street Traffic Circle Menu (2023),W 62ND PL & S SPRINGFIELD AVE,"$2,061.42",2061.42,0.001387
24,Alley Apron Menu (2023),1433-1435 S HAMLIN AVE,"$14,252.60",14252.6,0.009502
24,Alley Resurfacing Menu (2023),3254 W FLOURNOY ST,"$19,057.30",19057.30,0.012705
24,,W FLOURNOY ST & S SPAULDING AVE & S KEDZIE AVE & W HARRISON ST,"$19,057.30",19057.30,0.012705
24,Alley Resurfacing Menu (2023),S KEDZIE AVE & W DOUGLAS BLVD & W 13TH ST & S SAWYER AVE,"$50,596.07",50596.07,0.033731
24,Alley Resurfacing Menu (2023),S SPRINGFIELD AVE & W 16TH ST & W 18TH ST & S HARDING AVE,"$24,282.15",24282.15,0.016188
24,Alley Resurfacing Menu (2023),S SPRINGFIELD AVE & W FLOURNOY ST & S INDEPENDENCE BLVD & W LEXINGTON ST,$950.00,950.0,0.000633
24,Alley Speed Hump Menu (2023),S INDEPENDENCE BLVD & W POLK ST & W LEXINGTON ST & S SPRINGFIELD AVE,"$2,175.00",2175.00,0.001450
24,,3818 W POLK ST,"$2,175.00",2175.00,0.001450
24,Alley Speed Hump Menu (2023),W 16TH ST & S LAWNDALE AVE & S MILLARD AVE & W OGDEN AVE,$249.56,249.56,0.000166
24,Alley Speed Hump Replacement (2023),S SPRINGFIELD AVE & W 16TH ST & W 18TH ST & S HARDING AVE,$0.00,0.0,0.000000
24,Arterial Street Bump Outs Menu (2023),W 21ST ST & S PULASKI RD,"$160,000.00",160000.0,0.106667
24,Miscellaneous CDOT Projects (2023),1140 S KILDARE AVE,$660.00,660.0,0.000440
24,Miscellaneous CDOT Projects (2023),1158 S KEELER AVE,"$37,000.00",37000.0,0.024667
24,Miscellaneous CDOT Projects (2023),1239 S TROY ST,$75.00,75.00,0.000050
24,,1249 S TROY ST,$75.00,75.00,0.000050
24,,1257 S TROY ST,$75.00,75.00,0.000050
24,,1229 S TROY ST,$75.00,75.00,0.000050
24,,1237 S TROY ST,$75.00,75.00,0.000050
24,,1245 S TROY ST,$75.00,75.00,0.000050
24,,1247 S TROY ST,$75.00,75.00,0.000050
24,,1255 S TROY ST,$75.00,75.00,0.000050
24,Miscellaneous CDOT Projects (2023),1664 S CHRISTIANA AVE,$150.00,150.0,0.000100
24,Miscellaneous CDOT Projects (2023),1801 S HOMAN AVE,$150.00,150.0,0.000100
24,Miscellaneous CDOT Projects (2023),1819 S TRUMBULL AVE,$150.00,150.0,0.000100
24,Miscellaneous CDOT Projects (2023),3412 W OGDEN AVE,$60.00,60.00,0.000040
24,,3418 W OGDEN AVE,$60.00,60.00,0.000040
24,,3400 W OGDEN AVE,$60.00,60.00,0.000040
24,,3408 W OGDEN AVE,$60.00,60.00,0.000040
24,,3414 W OGDEN AVE,$60.00,60.00,0.000040
24,Miscellaneous CDOT Projects (2023),3712 W ROOSEVELT RD,$150.00,150.0,0.000100
24,Sidewalk Menu (2023),1401-1459 S KOLIN AVE,"$117,272.31",117272.31,0.078182
24,Sidewalk Menu (2023),2149 S DRAKE AVE,"$60,000.00",60000.0,0.040000
24,Sidewalk Menu (2023),3615 W ROOSEVELT RD,"$22,843.51",22843.51,0.015229
24,Sidewalk Menu (2023),4628-4634 W VAN BUREN ST,"$9,179.76",9179.76,0.006120
24,Sidewalk Menu (2023),4706-4742 W FLOURNOY ST,"$52,696.43",52696.43,0.035131
24,Sidewalk Menu (2023),600 S TRIPP AVE,"$28,029.81",28029.81,0.018687
24,Sidewalk Menu (2023),812 S KEELER AVE,"$4,070.58",4070.58,0.002714
24,Sidewalk Menu (2023),3543-3600 W 13th Pl,"$12,098.98",12098.98,0.008066
24,Sidewalk Menu (2023),4200-4230 W 14th St,"$32,699.92",32699.92,0.021800
24,Speed Indicator Signs (2023),W 23RD ST & S MARSHALL BLVD,"$14,000.00",14000.00,0.009333
24,,W 24TH BLVD & S CALIFORNIA AVE,"$14,000.00",14000.00,0.009333
24,Street Resurfacing Menu (2023),1600-1800 S WASHTENAW AVE,"$70,019.56",70019.56,0.046680
24,Street Resurfacing Menu (2023),3400-3560 W ARTHINGTON ST,"$73,874.21",73874.21,0.049249
24,,3400-3600 W Arthington St,"$73,874.21",73874.21,0.049249
24,Street Resurfacing Menu (2023),1600-1900 S Hamlin Ave,"$132,029.78",132029.78,0.088020
24,Street Resurfacing Menu (2023),500-600 S Kilpatrick Ave,"$31,780.25",31780.25,0.021187
24,Street Resurfacing Menu (2023),1800-1900 S Komensky Ave,"$69,294.74",69294.74,0.046196
24,Street Resurfacing Menu (2023),1900-2000 S Troy St,"$60,134.58",60134.58,0.040090
24,Street Resurfacing Menu (2023),3100-3200 W 15th Pl,"$53,933.40",53933.4,0.035956
24,Street Resurfacing Menu (2023),4330-4400 W 15th St,"$20,786.53",20786.53,0.013858
24,Street Resurfacing Menu (2023),3900-4000 W Arthington St,"$61,837.43",61837.43,0.041225
24,Street Resurfacing Menu (2023),3800-4000 W Flournoy St,"$104,985.52",104985.52,0.069990
24,Street Speed Hump Menu (2023),1600-1700 S Kedvale Ave,"$4,880.00",4880.0,0.003253
24,Street Speed Hump Menu (2023),1800-1900 S Lawndale Ave,"$4,880.00",4880.0,0.003253
24,Street Speed Hump Menu (2023),1500-1600 S Spaulding Ave,"$2,440.00",2440.00,0.001627
24,,1500 S SPAULDING AVE,"$2,440.00",2440.00,0.001627
24,Street Speed Hump Menu (2023),1200-1300 S St Louis Ave,"$4,880.00",4880.0,0.003253
24,Street Speed Hump Menu (2023),1900-2000 S Troy St,$0.00,0.0,0.000000
24,Street Speed Hump Menu (2023),4400-4800 W Fifth Ave,"$7,123.51",7123.51,0.004749
24,Street Speed Hump Menu (2023),4000-4100 W Grenshaw St,"$4,880.00",4880.0,0.003253
24,Street Speed Hump Menu (2023),4000-4130 W Harrison St,"$3,660.00",3660.00,0.002440
24,,4000-4100 W HARRISON ST,"$3,660.00",3660.00,0.002440
24,Street Speed Hump Menu (2023),5000-5100 W Polk St,"$9,760.00",9760.0,0.006507
24,Street Speed Hump Replacement (2023),3400-3560 W ARTHINGTON ST,$0.00,0.00,0.000000
24,,3400-3600 W Arthington St,$0.00,0.00,0.000000
24,Street Speed Hump Replacement (2023),1600-1900 S Hamlin Ave,$0.00,0.0,0.000000
24,Street Speed Hump Replacement (2023),1800-1900 S Komensky Ave,$0.00,0.0,0.000000
24,Street Speed Hump Replacement (2023),3900-4000 W Arthington St,$0.00,0.0,0.000000
25,Alley Apron Menu (2023),1819 S CARPENTER ST,"$40,259.44",40259.44,0.026840
25,Alley Apron Menu (2023),1913 S SHELBY CT,"$15,797.62",15797.62,0.010532
25,Alley Apron Menu (2023),1931 S SHELBY CT,"$21,349.31",21349.31,0.014233
25,Alley Resurfacing Menu (2023),2345 W 23RD ST,"$17,718.22",17718.22,0.011812
25,,W 23RD PL & S WESTERN AVE & S OAKLEY AVE & W 23RD ST,"$17,718.22",17718.22,0.011812
25,Alley Resurfacing Menu (2023),S ALLPORT ST & W 18TH ST & W 19TH ST & S THROOP ST,"$36,025.34",36025.34,0.024017
25,Alley Resurfacing Menu (2023),S ASHLAND AVE & W 18TH ST & W 18TH PL & S PAULINA ST,"$52,267.03",52267.03,0.034845
25,Alley Resurfacing Menu (2023),S WOOD ST & W 19TH ST & W CULLERTON ST & S WOLCOTT AVE,"$43,027.78",43027.78,0.028685
25,Alley Resurfacing Menu (2023),W 18TH PL & S OAKLEY AVE & S WESTERN AVE & W 18TH PL,"$39,101.09",39101.09,0.026067
25,Alley Resurfacing Menu (2023),W 18TH ST & S MAY ST & S RACINE AVE & W 19TH ST,"$61,206.92",61206.92,0.040805
25,Alley Resurfacing Menu (2023),W 19TH ST & S ASHLAND AVE & S PAULINA ST & W CULLERTON ST,"$22,766.18",22766.18,0.015177
25,Alley Resurfacing Menu (2023),W 19TH ST & S WOLCOTT AVE & S DAMEN AVE & W CULLERTON ST,"$21,396.27",21396.27,0.014264
25,,1927 W 19TH ST,"$21,396.27",21396.27,0.014264
25,Alley Resurfacing Menu (2023),W 21ST ST & S WOLCOTT AVE & S DAMEN AVE & W 21ST PL,"$20,794.87",20794.87,0.013863
25,,1941 W 21ST ST,"$20,794.87",20794.87,0.013863
25,Alley Speed Hump Replacement (2023),S ALLPORT ST & W 18TH ST & W 19TH ST & S THROOP ST,$0.00,0.0,0.000000
25,Alley Speed Hump Replacement (2023),W 18TH PL & S OAKLEY AVE & S WESTERN AVE & W 18TH PL,$0.00,0.0,0.000000
25,Alley Speed Hump Replacement (2023),W 18TH ST & S MAY ST & S RACINE AVE & W 19TH ST,$0.00,0.0,0.000000
25,Alley Speed Hump Replacement (2023),W 19TH ST & S WOLCOTT AVE & S DAMEN AVE & W CULLERTON ST,$0.00,0.00,0.000000
25,,1927 W 19TH ST,$0.00,0.00,0.000000
25,Alley Speed Hump Replacement (2023),W 21ST ST & S WOLCOTT AVE & S DAMEN AVE & W 21ST PL,$0.00,0.00,0.000000
25,,1941 W 21ST ST,$0.00,0.00,0.000000
25,Arterial Street Bump Outs Menu (2023),S CALIFORNIA AVE & W 18TH ST,"$50,000.00",50000.0,0.033333
25,Arterial Street Bump Outs Menu (2023),S RACINE AVE & W CULLERTON ST,"$32,530.18",32530.18,0.021687
25,Bollard Menu (2023),2429 S OAKLEY AVE,"$27,000.00",27000.0,0.018000
25,Curb & Gutter Menu (2023),1037 W 19TH ST,"$66,771.00",66771.0,0.044514
25,Curb & Gutter Menu (2023),2059 W 22ND PL,"$19,061.17",19061.17,0.012707
25,Curb & Gutter Menu (2023),1900-2000 W 17th St,"$142,203.08",142203.08,0.094802
25,Miscellaneous CDOT Projects (2023),1358 S MORGAN ST,$660.00,660.0,0.000440
25,Miscellaneous CDOT Projects (2023),W 17TH ST & S HALSTED ST,$660.00,660.0,0.000440
25,Pavement Markings Menu (2023),W CERMAK RD & S HOYNE AVE,"$30,000.00",30000.0,0.020000
25,Sidewalk Menu (2023),1126 W 17TH ST,"$4,600.02",4600.02,0.003067
25,Sidewalk Menu (2023),1130 W 18TH ST,"$2,561.07",2561.07,0.001707
25,Sidewalk Menu (2023),1524 S PEORIA ST,"$6,047.18",6047.18,0.004031
25,Sidewalk Menu (2023),1532 W CULLERTON ST,"$6,971.04",6971.04,0.004647
25,Sidewalk Menu (2023),1643 W 19TH ST,"$9,921.05",9921.05,0.006614
25,Sidewalk Menu (2023),1751 W 21ST ST,"$4,544.11",4544.11,0.003029
25,Sidewalk Menu (2023),1803 W 21ST PL,"$6,626.17",6626.17,0.004417
25,Sidewalk Menu (2023),1830 W 18TH ST,"$3,164.34",3164.34,0.002110
25,Sidewalk Menu (2023),1830 W CERMAK RD,"$2,745.13",2745.13,0.001830
25,Sidewalk Menu (2023),1842 S RACINE AVE,"$4,922.30",4922.3,0.003282
25,Sidewalk Menu (2023),1913-1915 S SHELBY CT,"$12,048.44",12048.44,0.008032
25,Sidewalk Menu (2023),1925-1927 S SHELBY CT,"$12,438.70",12438.7,0.008292
25,Sidewalk Menu (2023),1950 W 19TH ST,"$19,423.27",19423.27,0.012949
25,Sidewalk Menu (2023),1950 W 21ST PL,"$9,406.12",9406.12,0.006271
25,Sidewalk Menu (2023),2000 W 21ST PL,"$2,636.95",2636.95,0.001758
25,Sidewalk Menu (2023),2102 W 22ND PL,"$11,943.82",11943.82,0.007963
25,Sidewalk Menu (2023),2104-2106 S OAKLEY AVE,"$12,668.93",12668.93,0.008446
25,Sidewalk Menu (2023),2126 W CULLERTON ST,"$17,434.35",17434.35,0.011623
25,Sidewalk Menu (2023),2133 W CULLERTON ST,"$7,158.82",7158.82,0.004773
25,Sidewalk Menu (2023),2138 W CERMAK RD,"$3,599.32",3599.32,0.002400
25,Sidewalk Menu (2023),2148 W 23RD ST,"$6,503.74",6503.74,0.004336
25,Sidewalk Menu (2023),2155 W 22ND PL,"$9,381.34",9381.34,0.006254
25,Sidewalk Menu (2023),2211 W 18TH PL,"$20,415.83",20415.83,0.013611
25,,2219 W 18TH PL,"$20,415.83",20415.83,0.013611
25,Sidewalk Menu (2023),2218 W 23RD ST,"$7,028.15",7028.15,0.004685
25,Sidewalk Menu (2023),2222 W CULLERTON ST,"$10,375.91",10375.91,0.006917
25,Sidewalk Menu (2023),2241 W 23RD PL,"$9,967.67",9967.67,0.006645
25,Sidewalk Menu (2023),2251 W 21ST ST,"$3,718.04",3718.04,0.002479
25,Sidewalk Menu (2023),2253 W 21ST PL,"$9,897.34",9897.34,0.006598
25,Sidewalk Menu (2023),2259 W 21ST PL,"$19,974.10",19974.1,0.013316
25,Sidewalk Menu (2023),2314-2330 W 23RD PL,"$26,718.61",26718.61,0.017812
25,Sidewalk Menu (2023),2314 S SEELEY AVE,"$5,799.87",5799.87,0.003867
25,Sidewalk Menu (2023),2339 W 22ND PL,"$5,346.67",5346.67,0.003564
25,Sidewalk Menu (2023),2343 W 22ND PL,"$9,009.93",9009.93,0.006007
25,Sidewalk Menu (2023),950 W 19TH ST,"$4,643.67",4643.67,0.003096
25,Street Light Upgrade Menu (2023),2107 S ASHLAND AVE,$166.67,166.67,0.000111
25,,S ASHLAND AVE & W 21ST ST & W CERMAK RD & S BLUE ISLAND AVE,$166.67,166.67,0.000111
25,,2100-2200 S Ashland Ave,$166.67,166.67,0.000111
25,Street Resurfacing Menu (2023),2400-2500 S Whipple St,"$67,256.30",67256.3,0.044838
25,Street Resurfacing Menu (2023),1900-2000 W 17th St,"$77,796.92",77796.92,0.051865
25,Street Resurfacing Menu (2023),2600-2700 W 19th St,"$60,245.69",60245.69,0.040164
25,Street Resurfacing Menu (2023),2600-2800 W 23rd Pl,"$116,798.41",116798.41,0.077866
25,Street Speed Hump Menu (2023),1600-1700 S Paulina St,"$2,440.00",2440.0,0.001627
25,Street Speed Hump Menu (2023),1700-1800 S Wood St,"$2,440.00",2440.0,0.001627
25,Street Speed Hump Menu (2023),1800-1900 S Wood St,"$4,880.00",4880.0,0.003253
25,Street Speed Hump Menu (2023),900-800 W 14th Pl,"$4,880.00",4880.0,0.003253
25,Street Speed Hump Menu (2023),2100-2200 W 18th Pl,"$4,880.00",4880.0,0.003253
25,Street Speed Hump Menu (2023),2000-1900 W 21st Pl,"$4,880.00",4880.0,0.003253
25,Street Speed Hump Menu (2023),2200-2240 W 24th St,"$2,440.00",2440.0,0.001627
25,Street Speed Hump Replacement (2023),1900-2000 W 17th St,$0.00,0.0,0.000000
25,Street Speed Hump Replacement (2023),2600-2800 W 23rd Pl,$0.00,0.0,0.000000
26,Alley Resurfacing Menu (2023),1715 N SPAULDING AVE,"$32,859.19",32859.19,0.022476
26,,N SPAULDING AVE & W WABANSIA AVE & W BLOOMINGDALE AVE & N SAWYER AVE,"$32,859.19",32859.19,0.022476
26,Alley Resurfacing Menu (2023),2500 W AUGUSTA BLVD,"$21,033.77",21033.77,0.014387
26,,W AUGUSTA BLVD & N ROCKWELL ST & N CAMPBELL AVE & W CORTEZ ST,"$21,033.77",21033.77,0.014387
26,Alley Resurfacing Menu (2023),N MAPLEWOOD AVE & W HIRSCH ST & W POTOMAC AVE & N ROCKWELL ST,"$21,257.22",21257.22,0.014540
26,,1300 N MAPLEWOOD AVE,"$21,257.22",21257.22,0.014540
26,Alley Resurfacing Menu (2023),W ARMITAGE AVE & N LAWNDALE AVE & N RIDGEWAY AVE & W CORTLAND ST,"$43,693.31",43693.31,0.029886
26,Alley Resurfacing Menu (2023),W ARMITAGE AVE & N MONTICELLO AVE & N CENTRAL PARK AVE & W CORTLAND ST,"$58,955.82",58955.82,0.040326
26,Alley Resurfacing Menu (2023),W ARMITAGE AVE & N ST LOUIS AVE & W CORTLAND ST & N KIMBALL AVE,"$35,362.14",35362.14,0.024188
26,,3401 W ARMITAGE AVE,"$35,362.14",35362.14,0.024188
26,Alley Resurfacing Menu (2023),W EVERGREEN AVE & N SPAULDING AVE & N HOMAN AVE & W HIRSCH ST,"$45,711.47",45711.47,0.031267
26,Alley Resurfacing Menu (2023),W LE MOYNE ST & N HOMAN AVE & N ST LOUIS AVE & W BEACH AVE,"$18,151.72",18151.72,0.012416
26,,3401 W LE MOYNE ST,"$18,151.72",18151.72,0.012416
26,Alley Resurfacing Menu (2023),W NORTH AVE & N HARDING AVE & N PULASKI RD & W LE MOYNE ST,"$44,446.88",44446.88,0.030402
26,Alley Resurfacing Menu (2023),W NORTH AVE & N KEELER AVE & N KEDVALE AVE & W GRAND AVE,"$30,967.12",30967.12,0.021182
26,,4141 W NORTH AVE,"$30,967.12",30967.12,0.021182
26,Alley Resurfacing Menu (2023),W POTOMAC AVE & N SPAULDING AVE & N KEDZIE AVE & W EVERGREEN AVE,"$62,502.40",62502.4,0.042752
26,Alley Resurfacing Menu (2023),W WABANSIA AVE & N MONTICELLO AVE & N CENTRAL PARK AVE & W BLOOMINGDALE AVE,"$36,550.64",36550.64,0.025001
26,Alley Speed Hump Menu (2023),W ARMITAGE AVE & N SPAULDING AVE & N KIMBALL AVE & W DICKENS AVE,$725.00,725.0,0.000496
26,Alley Speed Hump Replacement (2023),1715 N SPAULDING AVE,$0.00,0.00,0.000000
26,,N SPAULDING AVE & W WABANSIA AVE & W BLOOMINGDALE AVE & N SAWYER AVE,$0.00,0.00,0.000000
26,Alley Speed Hump Replacement (2023),N MAPLEWOOD AVE & W HIRSCH ST & W POTOMAC AVE & N ROCKWELL ST,$0.00,0.00,0.000000
26,,1300 N MAPLEWOOD AVE,$0.00,0.00,0.000000
26,Alley Speed Hump Replacement (2023),W ARMITAGE AVE & N ST LOUIS AVE & W CORTLAND ST & N KIMBALL AVE,$0.00,0.00,0.000000
26,,3401 W ARMITAGE AVE,$0.00,0.00,0.000000
26,Alley Speed Hump Replacement (2023),W AUGUSTA BLVD & N ROCKWELL ST & N CAMPBELL AVE & W CORTEZ ST,$0.00,0.0,0.000000
26,Alley Speed Hump Replacement (2023),W EVERGREEN AVE & N SPAULDING AVE & N HOMAN AVE & W HIRSCH ST,$0.00,0.0,0.000000
26,Alley Speed Hump Replacement (2023),W LE MOYNE ST & N HOMAN AVE & N ST LOUIS AVE & W BEACH AVE,$0.00,0.00,0.000000
26,,3401 W LE MOYNE ST,$0.00,0.00,0.000000
26,Alley Speed Hump Replacement (2023),W NORTH AVE & N HARDING AVE & N PULASKI RD & W LE MOYNE ST,$0.00,0.0,0.000000
26,Alley Speed Hump Replacement (2023),W NORTH AVE & N KEELER AVE & N KEDVALE AVE & W GRAND AVE,$0.00,0.00,0.000000
26,,4141 W NORTH AVE,$0.00,0.00,0.000000
26,Alley Speed Hump Replacement (2023),W POTOMAC AVE & N SPAULDING AVE & N KEDZIE AVE & W EVERGREEN AVE,$0.00,0.0,0.000000
26,Alley Speed Hump Replacement (2023),W WABANSIA AVE & N MONTICELLO AVE & N CENTRAL PARK AVE & W BLOOMINGDALE AVE,$0.00,0.0,0.000000
26,Curb & Gutter Menu (2023),2745-2759 W EVERGREEN AVE,"$37,932.58",37932.58,0.025946
26,Curb & Gutter Menu (2023),3300-3400 W Beach Ave,"$18,700.24",18700.24,0.012791
26,,3315-3325 W BEACH AVE,"$18,700.24",18700.24,0.012791
26,Curb & Gutter Menu (2023),3935-4000 W Shakespeare Ave,"$39,558.71",39558.71,0.027058
26,Sidewalk Menu (2023),3658 W LE MOYNE ST,"$42,302.47",42302.47,0.028935
26,Sidewalk Menu (2023),1600-1700 N Keystone Ave,"$93,054.53",93054.53,0.063650
26,Sidewalk Menu (2023),1600-1700 N Troy St,"$76,420.75",76420.75,0.052272
26,Sidewalk Menu (2023),1700-1800 N Troy St,"$114,303.48",114303.48,0.078184
26,Sidewalk Menu (2023),3500-3599 W Evergreen Ave,"$1,907.47",1907.47,0.001305
26,,3547 W EVERGREEN AVE,"$1,907.47",1907.47,0.001305
26,Street Light Residential Staggered Piggy Back Menu (2023),1500 N SPAULDING AVE,"$89,500.00",89500.00,0.061218
26,,1500-1600 N Spaulding Ave,"$89,500.00",89500.00,0.061218
26,Street Resurfacing Menu (2023),2000-2100 N Lawndale Ave,"$64,757.21",64757.21,0.044294
26,Street Resurfacing Menu (2023),3400-3500 W Beach Ave,"$65,160.06",65160.06,0.044570
26,Street Resurfacing Menu (2023),3935-4000 W Shakespeare Ave,"$25,601.42",25601.42,0.017511
26,Street Resurfacing Menu (2023),W HIRSCH ST & N LAWNDALE AVE,"$34,193.07",34193.07,0.023388
26,,3640-3700 W Hirsch St,"$34,193.07",34193.07,0.023388
26,Street Speed Hump Menu (2023),1340-1400 N Spaulding Ave,"$2,440.00",2440.0,0.001669
26,Street Speed Hump Replacement (2023),3400-3500 W Beach Ave,$0.00,0.0,0.000000
27,1 PTZ - SE S Maplewood Ave & W Wilcox St,S MAPLEWOOD AVE & W WILCOX ST,"$3,000.00",3000.0,0.002000
27,Alley Apron Menu (2023),1538 N THROOP ST,"$24,199.31",24199.31,0.016133
27,Alley Resurfacing Menu (2023),N CAMPBELL AVE & W WASHINGTON BLVD & W MAYPOLE AVE & N TALMAN AVE,"$50,505.70",50505.7,0.033670
27,Bollard Menu (2023),N LAWNDALE AVE & W THOMAS ST,"$3,784.01",3784.01,0.002523
27,Curb & Gutter Menu (2023),1135-1199 N Cleaver St,"$58,197.93",58197.93,0.038799
27,Miscellaneous CDOT Projects (2023),204 S ASHLAND AVE,$119.91,119.91,0.000080
27,Miscellaneous CDOT Projects (2023),630 W EVERGREEN AVE,$660.00,660.0,0.000440
27,Pavement Markings Menu (2023),1600-2400 W Washington Blvd,"$20,100.00",20100.0,0.013400
27,Sidewalk Menu (2023),1134 W HUBBARD ST,"$55,637.11",55637.11,0.037091
27,Sidewalk Menu (2023),2635-2637 W MONROE ST,"$4,118.11",4118.11,0.002745
27,Sidewalk Menu (2023),2841 W MONROE ST,"$2,345.49",2345.49,0.001564
27,Sidewalk Menu (2023),2901 W WALNUT ST,"$8,509.57",8509.57,0.005673
27,,200-250 N Francisco Ave,"$8,509.57",8509.57,0.005673
27,Sidewalk Menu (2023),2934 W JACKSON BLVD,"$4,501.63",4501.63,0.003001
27,Sidewalk Menu (2023),3036 W WARREN BLVD,"$12,033.05",12033.05,0.008022
27,Sidewalk Menu (2023),310-320 N LAFLIN ST,"$27,897.11",27897.11,0.018598
27,Sidewalk Menu (2023),318 S THROOP ST,"$5,118.75",5118.75,0.003413
27,Sidewalk Menu (2023),439 N CENTRAL PARK BLVD,$929.86,929.86,0.000620
27,Sidewalk Menu (2023),524-528 N HOMAN AVE,"$10,064.03",10064.03,0.006709
27,Sidewalk Menu (2023),527 N TROY ST,"$1,905.51",1905.51,0.001270
27,Sidewalk Menu (2023),639 W SCOTT ST,"$70,446.71",70446.71,0.046964
27,Sidewalk Menu (2023),934 N CROSBY ST,"$3,269.66",3269.66,0.002180
27,Sidewalk Menu (2023),40-200 N Ashland Ave,"$82,956.34",82956.34,0.055304
27,Sidewalk Menu (2023),800-900 N Elizabeth St,"$34,037.06",34037.06,0.022691
27,Sidewalk Menu (2023),3600-3700 W Augusta Blvd,"$36,397.62",36397.62,0.024265
27,Sidewalk Menu (2023),1300-1400 W Chestnut St,"$48,673.82",48673.82,0.032449
27,Speed Indicator Signs (2023),1449-1497 W JACKSON BLVD,"$14,000.00",14000.0,0.009333
27,Speed Indicator Signs (2023),W WASHINGTON BLVD & N DAMEN AVE,"$14,000.00",14000.0,0.009333
27,Street Bump Outs Menu (2023),W WASHINGTON BLVD & N DAMEN AVE,"$33,000.00",33000.0,0.022000
27,Street Light Pole for High Definition Camera Menu (2023),N CHRISTIANA AVE & W OHIO ST,"$6,000.00",6000.0,0.004000
27,Street Light Pole for High Definition Camera Menu (2023),N SAWYER AVE & W OHIO ST,"$3,000.00",3000.0,0.002000
27,Street Light Residential Staggered Piggy Back Menu (2023),200-300 N Hoyne Ave,"$163,000.00",163000.0,0.108667
27,Street Light Residential Staggered Piggy Back Menu (2023),1000-1100 N Monticello Ave,"$173,000.00",173000.0,0.115333
27,Street Light Upgrade Menu (2023),2256 W MONROE ST,$500.00,500.00,0.000333
27,,2218 W MONROE ST,$500.00,500.00,0.000333
27,,2202 W MONROE ST,$500.00,500.00,0.000333
27,Street Resurfacing Menu (2023),1100-1200 N Lawndale Ave,"$52,993.90",52993.9,0.035329
27,Street Resurfacing Menu (2023),1400-1600 N North Park Ave,"$150,664.74",150664.74,0.100443
27,Street Resurfacing Menu (2023),900-1000 N Willard Ct,"$44,890.61",44890.61,0.029927
27,Street Resurfacing Menu (2023),100-200 S Seeley Ave,"$33,998.30",33998.3,0.022666
27,Street Resurfacing Menu (2023),2560-2800 W Monroe St,"$130,379.50",130379.5,0.086920
27,Street Resurfacing Menu (2023),3340-3400 W Rice St,"$24,544.47",24544.47,0.016363
27,Street Resurfacing Menu (2023),520-600 W Scott St,"$64,449.73",64449.73,0.042966
27,Street Speed Hump Menu (2023),1100-1200 N Lawndale Ave,"$4,880.00",4880.0,0.003253
27,Street Speed Hump Menu (2023),1300-1500 N Mohawk St,"$2,900.88",2900.88,0.001934
27,Street Speed Hump Menu (2023),900-1000 N Willard Ct,"$4,880.00",4880.0,0.003253
27,Street Speed Hump Replacement (2023),1400-1600 N North Park Ave,$0.00,0.0,0.000000
28,Alley Resurfacing Menu (2023),W ADAMS ST & S KENTON AVE & S KILPATRICK AVE & W JACKSON BLVD,"$26,912.01",26912.01,0.019189
28,Alley Resurfacing Menu (2023),W MADISON ST & S KEELER AVE & S KILDARE AVE & W MONROE ST,"$38,825.31",38825.31,0.027683
28,Alley Resurfacing Menu (2023),W MADISON ST & S KENTON AVE & S KILPATRICK AVE & W MONROE ST,"$28,366.66",28366.66,0.020226
28,Alley Resurfacing Menu (2023),W WASHINGTON BLVD & N LAVERGNE AVE & N LECLAIRE AVE & W WEST END AVE,"$43,888.35",43888.35,0.031293
28,Alley Resurfacing Menu (2023),W WILCOX ST & S KILDARE AVE & S KEELER AVE & W MONROE ST,"$38,763.51",38763.51,0.027639
28,Alley Resurfacing Menu (2023),W WILCOX ST & S KILDARE AVE & S KOSTNER AVE & W MONROE ST,"$16,599.55",16599.55,0.011836
28,,4358 W WILCOX ST,"$16,599.55",16599.55,0.011836
28,Alley Speed Hump Menu (2023),3900 W GLADYS AVE,$362.50,362.50,0.000258
28,,W GLADYS AVE & S SPRINGFIELD AVE & S PULASKI RD & W JACKSON BLVD,$362.50,362.50,0.000258
28,Alley Speed Hump Menu (2023),W 15TH PL & S WASHTENAW AVE & S ROCKWELL ST & W 15TH ST,$725.00,725.0,0.000517
28,Alley Speed Hump Menu (2023),W LAKE ST & N HAMLIN AVE & N HARDING AVE & W MAYPOLE AVE,"$4,350.00",4350.0,0.003102
28,Alley Speed Hump Menu (2023),W TAYLOR ST & S ASHLAND AVE & S LAFLIN ST & W FILLMORE ST,$725.00,725.00,0.000517
28,,1531 W TAYLOR ST,$725.00,725.00,0.000517
28,Alley Speed Hump Replacement (2023),W ADAMS ST & S KENTON AVE & S KILPATRICK AVE & W JACKSON BLVD,$0.00,0.0,0.000000
28,Alley Speed Hump Replacement (2023),W WASHINGTON BLVD & N LAVERGNE AVE & N LECLAIRE AVE & W WEST END AVE,$0.00,0.0,0.000000
28,Alley Speed Hump Replacement (2023),W WILCOX ST & S KILDARE AVE & S KOSTNER AVE & W MONROE ST,$0.00,0.00,0.000000
28,,4358 W WILCOX ST,$0.00,0.00,0.000000
28,Bollard Menu (2023),1025 W MAXWELL ST,"$6,955.72",6955.72,0.004960
28,Bollard Menu (2023),150-151 N LAMON AVE,"$2,069.22",2069.22,0.001475
28,Curb & Gutter Menu (2023),205 N KEYSTONE AVE,"$7,165.40",7165.4,0.005109
28,Floodlight Menu (2023),2630 W JACKSON BLVD,"$1,900.00",1900.0,0.001355
28,Sidewalk Menu (2023),1240 S DAMEN AVE,"$45,211.80",45211.8,0.032237
28,Sidewalk Menu (2023),2901 W FLOURNOY ST,"$12,322.16",12322.16,0.008786
28,Sidewalk Menu (2023),3139 W MONROE ST,"$5,764.41",5764.41,0.004110
28,Sidewalk Menu (2023),3819 W ADAMS ST,"$2,357.82",2357.82,0.001681
28,Sidewalk Menu (2023),4917 W FULTON ST,"$1,453.41",1453.41,0.001036
28,Sidewalk Menu (2023),W VAN BUREN ST & S KILBOURN AVE,"$6,988.82",6988.82,0.004983
28,Street Light Arterial Menu (2023),4800-5200 W Washington Blvd,"$660,000.00",660000.0,0.470595
28,Street Light Upgrade Menu (2023),200-300 S Keeler Ave,"$1,000.00",1000.0,0.000713
28,Street Resurfacing Menu (2023),N KILPATRICK AVE & W LAKE ST & W FULTON ST & N KILPATRICK AVE,"$17,520.58",17520.58,0.012493
28,Street Resurfacing Menu (2023),1-120 S Albany Ave,"$50,689.72",50689.72,0.036143
28,Street Resurfacing Menu (2023),250-200 S Kildare Ave,"$11,647.86",11647.86,0.008305
28,Street Resurfacing Menu (2023),4600-4700 W Erie St,"$49,796.06",49796.06,0.035506
28,Street Resurfacing Menu (2023),4700-5000 W Monroe St,"$172,383.06",172383.06,0.122913
28,Street Resurfacing Menu (2023),4700-4800 W Race Ave,"$13,153.06",13153.06,0.009378
28,Street Resurfacing Menu (2023),4700-4800 W Superior St,"$59,782.27",59782.27,0.042626
28,Street Resurfacing Menu (2023),4700-4800 W Van Buren St,"$54,673.54",54673.54,0.038983
28,Street Speed Hump Menu (2023),100-150 N Lavergne Ave,"$2,440.00",2440.0,0.001740
28,Street Speed Hump Replacement (2023),4600-4700 W Erie St,$0.00,0.0,0.000000
28,Street Speed Hump Replacement (2023),4600-5000 W Monroe St,$0.00,0.0,0.000000
28,Street Speed Hump Replacement (2023),4700-4800 W Van Buren St,$0.00,0.0,0.000000
29,Alley Resurfacing Menu (2023),5606 W WABANSIA AVE,"$14,383.02",14383.02,0.009590
29,,N CENTRAL AVE & W BLOOMINGDALE AVE & W WABANSIA AVE & N PARKSIDE AVE,"$14,383.02",14383.02,0.009590
29,,1744 N CENTRAL AVE,"$14,383.02",14383.02,0.009590
29,Alley Resurfacing Menu (2023),N HARLEM AVE & W WELLINGTON AVE & N NEVA AVE & W BARRY AVE,"$44,708.37",44708.37,0.029810
29,Alley Resurfacing Menu (2023),N MAYFIELD AVE & W NORTH AVE & W LE MOYNE ST & N MONITOR AVE,"$18,407.23",18407.23,0.012273
29,,1541 N MAYFIELD AVE,"$18,407.23",18407.23,0.012273
29,Alley Resurfacing Menu (2023),N MAYFIELD AVE & W RICE ST & W CHICAGO AVE & N MENARD AVE,"$11,222.86",11222.86,0.007483
29,,5800 W RICE ST,"$11,222.86",11222.86,0.007483
29,Alley Resurfacing Menu (2023),N MONITOR AVE & W THOMAS ST & W DIVISION ST & N MAYFIELD AVE,"$20,686.65",20686.65,0.013793
29,Alley Resurfacing Menu (2023),N NATCHEZ AVE & W NORTH AVE & N NAGLE AVE & W WABANSIA AVE,"$53,686.13",53686.13,0.035796
29,Alley Resurfacing Menu (2023),N NEWLAND AVE & W PALMER ST & W MEDILL AVE & N SAYRE AVE,"$22,973.35",22973.35,0.015318
29,Alley Resurfacing Menu (2023),N OCONTO AVE & W BARRY AVE & W WELLINGTON AVE & N HARLEM AVE,"$20,222.05",20222.05,0.013483
29,,3015 N HARLEM AVE,"$20,222.05",20222.05,0.013483
29,Alley Resurfacing Menu (2023),N OCONTO AVE & W SCHOOL ST & W BELMONT AVE & N HARLEM AVE,"$28,602.06",28602.06,0.019071
29,,3200 N OCONTO AVE,"$28,602.06",28602.06,0.019071
29,Alley Resurfacing Menu (2023),N OLCOTT AVE & W BELMONT AVE & W SCHOOL ST & N OSCEOLA AVE,"$18,053.03",18053.03,0.012037
29,,3200 N OLCOTT AVE,"$18,053.03",18053.03,0.012037
29,Alley Resurfacing Menu (2023),S LARAMIE AVE & W GLADYS AVE & W VAN BUREN ST & S LOCKWOOD AVE,"$38,188.37",38188.37,0.025462
29,Alley Resurfacing Menu (2023),W BLOOMINGDALE AVE & N NARRAGANSETT AVE & N MOBILE AVE & W WABANSIA AVE,"$34,670.36",34670.36,0.023117
29,Alley Speed Hump Menu (2023),N MAJOR AVE & W NORTH AVE & W WABANSIA AVE & N MANGO AVE,"$3,625.00",3625.0,0.002417
29,Alley Speed Hump Menu (2023),N OCONTO AVE & W BARRY AVE & W WELLINGTON AVE & N HARLEM AVE,$0.00,0.00,0.000000
29,,3015 N HARLEM AVE,$0.00,0.00,0.000000
29,Alley Speed Hump Menu (2023),W ERIE ST & N MAYFIELD AVE & N MENARD AVE & W OHIO ST,"$1,450.00",1450.0,0.000967
29,Alley Speed Hump Menu (2023),W GLADYS AVE & S LAVERGNE AVE & S LEAMINGTON AVE & W JACKSON BLVD,"$3,484.77",3484.77,0.002324
29,Alley Speed Hump Replacement (2023),5606 W WABANSIA AVE,$0.00,0.00,0.000000
29,,N CENTRAL AVE & W BLOOMINGDALE AVE & W WABANSIA AVE & N PARKSIDE AVE,$0.00,0.00,0.000000
29,,1744 N CENTRAL AVE,$0.00,0.00,0.000000
29,Alley Speed Hump Replacement (2023),N HARLEM AVE & W WELLINGTON AVE & N NEVA AVE & W BARRY AVE,$0.00,0.0,0.000000
29,Alley Speed Hump Replacement (2023),N MAYFIELD AVE & W NORTH AVE & W LE MOYNE ST & N MONITOR AVE,$0.00,0.00,0.000000
29,,1541 N MAYFIELD AVE,$0.00,0.00,0.000000
29,Alley Speed Hump Replacement (2023),N MAYFIELD AVE & W RICE ST & W CHICAGO AVE & N MENARD AVE,$0.00,0.00,0.000000
29,,5800 W RICE ST,$0.00,0.00,0.000000
29,Alley Speed Hump Replacement (2023),N MONITOR AVE & W THOMAS ST & W DIVISION ST & N MAYFIELD AVE,$0.00,0.0,0.000000
29,Alley Speed Hump Replacement (2023),N NATCHEZ AVE & W NORTH AVE & N NAGLE AVE & W WABANSIA AVE,$0.00,0.0,0.000000
29,Alley Speed Hump Replacement (2023),N OCONTO AVE & W SCHOOL ST & W BELMONT AVE & N HARLEM AVE,$0.00,0.00,0.000000
29,,3200 N OCONTO AVE,$0.00,0.00,0.000000
29,Alley Speed Hump Replacement (2023),S LARAMIE AVE & W GLADYS AVE & W VAN BUREN ST & S LOCKWOOD AVE,$0.00,0.0,0.000000
29,Curb & Gutter Menu (2023),2044-2058 N NEW ENGLAND AVE,"$14,476.96",14476.96,0.009653
29,Curb & Gutter Menu (2023),6845-6847 W SHAKESPEARE AVE,"$13,708.79",13708.79,0.009140
29,Miscellaneous CDOT Projects (2023),1600 N NATOMA AVE,"$47,149.52",47149.52,0.031437
29,Miscellaneous CDOT Projects (2023),358 N CENTRAL AVE,$660.00,660.0,0.000440
29,Rutherford-Sayre Park and Picnic Tables,6871 W BELDEN AVE,"$42,000.00",42000.0,0.028004
29,Rutherford-Sayre Park Newland Tunnel Mural,2301 N NEWLAND AVE,"$50,000.00",50000.0,0.033338
29,Sayre Language Academy School Playground Renovation,1829 N SAYRE AVE,"$50,000.00",50000.0,0.033338
29,Sidewalk Menu (2023),1429 N MONITOR AVE,"$1,278.32",1278.32,0.000852
29,Sidewalk Menu (2023),1729 N NORDICA AVE,"$10,919.08",10919.08,0.007280
29,Sidewalk Menu (2023),1836 N RUTHERFORD AVE,"$3,812.02",3812.02,0.002542
29,Sidewalk Menu (2023),1837 N NORMANDY AVE,"$5,207.72",5207.72,0.003472
29,Sidewalk Menu (2023),2000 N SAYRE AVE,"$60,816.11",60816.11,0.040550
29,Sidewalk Menu (2023),5801 W MADISON ST,"$24,308.26",24308.26,0.016208
29,Sidewalk Menu (2023),6839 W SHAKESPEARE AVE,"$5,285.81",5285.81,0.003524
29,Sidewalk Menu (2023),N NEWLAND AVE & W PALMER ST,"$50,000.00",50000.0,0.033338
29,Street Cul-de-Sac Menu (2023),17 S MENARD AVE,"$19,048.85",19048.85,0.012701
29,Street Light Upgrade Menu (2023),5926 W WALTON ST,$500.00,500.0,0.000333
29,Street Light Upgrade Menu (2023),5930 W ADAMS BLVD,$500.00,500.0,0.000333
29,Street Light Upgrade Menu (2023),6820 W ARMITAGE AVE,"$1,000.00",1000.0,0.000667
29,Street Light Upgrade Menu (2023),901 S AUSTIN BLVD,$500.00,500.0,0.000333
29,Street Resurfacing Menu (2023),1400-1500 N Monitor Ave,"$59,893.38",59893.38,0.039935
29,Street Resurfacing Menu (2023),2900-3000 N Mont Clare Ave,"$57,254.19",57254.19,0.038175
29,Street Resurfacing Menu (2023),1600-1700 N Moody Ave,"$56,194.08",56194.08,0.037468
29,Street Resurfacing Menu (2023),1800-1899 N Nagle Ave,"$27,451.36",27451.36,0.018303
29,Street Resurfacing Menu (2023),1800-1900 N Natchez Ave,"$53,639.81",53639.81,0.035765
29,Street Resurfacing Menu (2023),1600-1700 N Natoma Ave,"$64,562.40",64562.4,0.043048
29,Street Resurfacing Menu (2023),1700-1800 N Nordica Ave,"$55,837.72",55837.72,0.037230
29,Street Resurfacing Menu (2023),1400-1500 N Parkside Ave,"$34,258.04",34258.04,0.022842
29,,1400 N PARKSIDE AVE,"$34,258.04",34258.04,0.022842
29,Street Resurfacing Menu (2023),5900-6000 W Race Ave,"$92,871.75",92871.75,0.061923
29,Street Resurfacing Menu (2023),7000-7050 W Wolfram St,"$59,248.43",59248.43,0.039505
29,Street Speed Hump Menu (2023),2400-2500 N Nordica Ave,"$1,220.00",1220.00,0.000813
29,,2417 N NORDICA AVE,"$1,220.00",1220.00,0.000813
29,Street Speed Hump Menu (2023),5650-6000 W Adams St,"$12,200.00",12200.0,0.008134
29,Street Speed Hump Replacement (2023),2900-3000 N Mont Clare Ave,$0.00,0.0,0.000000
29,Street Speed Hump Replacement (2023),1600-1700 N Natoma Ave,$0.00,0.0,0.000000
29,Street Speed Hump Replacement (2023),1400-1500 N Parkside Ave,$0.00,0.00,0.000000
29,,1400 N PARKSIDE AVE,$0.00,0.00,0.000000
29,Street Traffic Circle Menu (2023),W WABANSIA AVE & N NASHVILLE AVE,"$14,195.91",14195.91,0.009465
29,Street Traffic Circle Menu (2023),W WABANSIA AVE & N NATCHEZ AVE,"$14,675.79",14675.79,0.009785
30,Alley Apron Menu (2023),2414 N MENARD AVE,"$17,368.68",17368.68,0.011856
30,Alley Apron Menu (2023),3334 N KILDARE AVE,"$15,380.61",15380.61,0.010499
30,Alley Resurfacing Menu (2023),W ADDISON ST & N KEDVALE AVE & N KEELER AVE & W EDDY ST,"$10,891.26",10891.26,0.007434
30,Alley Resurfacing Menu (2023),W ADDISON ST & N KNOX AVE & N KILPATRICK AVE & W CORNELIA AVE,"$25,105.49",25105.49,0.017137
30,Alley Resurfacing Menu (2023),W CORNELIA AVE & N KILDARE AVE & N LOWELL AVE & W ROSCOE ST,"$46,840.50",46840.5,0.031973
30,Alley Resurfacing Menu (2023),W MELROSE ST & N LOCKWOOD AVE & N LONG AVE & W BELMONT AVE,"$29,200.97",29200.97,0.019932
30,Alley Speed Hump Replacement (2023),W ADDISON ST & N KNOX AVE & N KILPATRICK AVE & W CORNELIA AVE,$0.00,0.0,0.000000
30,Alley Speed Hump Replacement (2023),W CORNELIA AVE & N KILDARE AVE & N LOWELL AVE & W ROSCOE ST,$0.00,0.0,0.000000
30,Concrete Alley Menu (2023),W SCHOOL ST & N CENTRAL PARK AVE & N MONTICELLO AVE & W BELMONT AVE,"$380,000.00",380000.0,0.259383
30,Curb & Gutter Menu (2023),6142 W SCHOOL ST,"$7,407.40",7407.4,0.005056
30,Miscellaneous CDOT Projects (2023),3559 N MILWAUKEE AVE,$101.00,101.0,0.000069
30,Sidewalk Menu (2023),2510 N PARKSIDE AVE,"$2,104.48",2104.48,0.001436
30,Sidewalk Menu (2023),2537 N AUSTIN AVE,"$7,341.19",7341.19,0.005011
30,Sidewalk Menu (2023),2549 N MONITOR AVE,"$1,306.79",1306.79,0.000892
30,Sidewalk Menu (2023),2600 N MAJOR AVE,$951.94,951.94,0.000650
30,Sidewalk Menu (2023),2627 N MEADE AVE,"$3,641.06",3641.06,0.002485
30,Sidewalk Menu (2023),2643 N MARMORA AVE,"$1,883.94",1883.94,0.001286
30,Sidewalk Menu (2023),2643 N MCVICKER AVE,"$5,851.33",5851.33,0.003994
30,Sidewalk Menu (2023),3259 N AUSTIN AVE,"$1,806.69",1806.69,0.001233
30,Sidewalk Menu (2023),3343 N LONG AVE,"$27,476.17",27476.17,0.018755
30,Sidewalk Menu (2023),3501 N LOWELL AVE,"$22,766.29",22766.29,0.015540
30,Sidewalk Menu (2023),4628 W ADDISON ST,$828.82,828.82,0.000566
30,Sidewalk Menu (2023),4915 W PATTERSON AVE,"$3,611.65",3611.65,0.002465
30,Sidewalk Menu (2023),5100 W PATTERSON AVE,"$11,504.10",11504.1,0.007853
30,Sidewalk Menu (2023),5329 W PATTERSON AVE,"$8,968.89",8968.89,0.006122
30,Sidewalk Menu (2023),5602 W MELROSE ST,"$19,349.42",19349.42,0.013208
30,Sidewalk Menu (2023),5920 W WRIGHTWOOD AVE,"$4,499.28",4499.28,0.003071
30,Sidewalk Menu (2023),5926 W SCHOOL ST,"$3,011.70",3011.7,0.002056
30,Sidewalk Menu (2023),6100 W BELMONT AVE,"$14,841.95",14841.95,0.010131
30,Sidewalk Menu (2023),2900-3000 N Marmora Ave,"$60,473.21",60473.21,0.041278
30,,2900-2958 N MARMORA AVE,"$60,473.21",60473.21,0.041278
30,Street Light Residential Staggered Piggy Back Menu (2023),2600-2800 N Major Ave,"$336,000.00",336000.0,0.229349
30,Street Light Residential Staggered Piggy Back Menu (2023),2800-3000 N Mcvicker Ave,"$9,799.35",9799.35,0.006689
30,Street Light Upgrade Menu (2023),2918 N MANGO AVE,$500.00,500.0,0.000341
30,Street Light Upgrade Menu (2023),3239 N KOSTNER AVE,$500.00,500.0,0.000341
30,Street Light Upgrade Menu (2023),5701 W ADDISON ST,$500.00,500.0,0.000341
30,Street Resurfacing Menu (2023),3600-3730 N Avers Ave,"$80,268.87",80268.87,0.054790
30,Street Resurfacing Menu (2023),3200-3300 N Kilpatrick Ave,"$54,872.91",54872.91,0.037456
30,Street Resurfacing Menu (2023),4300-4400 W Cornelia Ave,"$51,801.68",51801.68,0.035359
30,Street Resurfacing Menu (2023),5850-5600 W Melrose St,"$113,824.17",113824.17,0.077695
30,Street Speed Hump Menu (2023),3500 N KILPATRICK AVE,"$1,220.00",1220.00,0.000833
30,,3500-3600 N Kilpatrick Ave,"$1,220.00",1220.00,0.000833
30,Street Speed Hump Menu (2023),5700 W EDDY ST,"$2,440.00",2440.00,0.001666
30,,5700-5800 W Eddy St,"$2,440.00",2440.00,0.001666
30,Street Speed Hump Menu (2023),3400-3500 N Hamlin Ave,"$4,880.00",4880.0,0.003331
30,Street Speed Hump Menu (2023),3600-3800 N Long Ave,"$7,320.00",7320.0,0.004997
30,Street Speed Hump Menu (2023),3500-3530 N Major Ave,"$1,220.00",1220.00,0.000833
30,,3500 N MAJOR AVE,"$1,220.00",1220.00,0.000833
30,Street Speed Hump Replacement (2023),5850-5600 W Melrose St,$0.00,0.0,0.000000
31,Alley Resurfacing Menu (2023),2934 N LONG AVE,"$15,326.65",15326.65,0.010253
31,,N LONG AVE & W WELLINGTON AVE & W GEORGE ST & N LOTUS AVE,"$15,326.65",15326.65,0.010253
31,Alley Resurfacing Menu (2023),5200 W MONTANA ST,"$29,281.88",29281.88,0.019589
31,,W MONTANA ST & N LARAMIE AVE & N LOCKWOOD AVE & W ALTGELD ST,"$29,281.88",29281.88,0.019589
31,Alley Resurfacing Menu (2023),5237 W OAKDALE AVE,"$27,259.06",27259.06,0.018235
31,,W OAKDALE AVE & N LARAMIE AVE & N LOCKWOOD AVE & W GEORGE ST,"$27,259.06",27259.06,0.018235
31,Alley Resurfacing Menu (2023),N TRIPP AVE & W ALTGELD ST & W WRIGHTWOOD AVE & N KILDARE AVE,"$30,394.29",30394.29,0.020333
31,,2500 N KILDARE AVE,"$30,394.29",30394.29,0.020333
31,Alley Resurfacing Menu (2023),W ALTGELD ST & N LAVERGNE AVE & N LECLAIRE AVE & W DEMING PL,"$23,890.90",23890.90,0.015982
31,,5012 W ALTGELD ST,"$23,890.90",23890.90,0.015982
31,Alley Resurfacing Menu (2023),W DEMING PL & N LARAMIE AVE & N LECLAIRE AVE & W WRIGHTWOOD AVE,"$23,690.05",23690.05,0.015848
31,,5100 W DEMING PL,"$23,690.05",23690.05,0.015848
31,Alley Resurfacing Menu (2023),W DEMING PL & N LAVERGNE AVE & N LECLAIRE AVE & W WRIGHTWOOD AVE,"$23,844.55",23844.55,0.015951
31,,5028 W DEMING PL,"$23,844.55",23844.55,0.015951
31,Alley Speed Hump Replacement (2023),5200 W MONTANA ST,$0.00,0.00,0.000000
31,,W MONTANA ST & N LARAMIE AVE & N LOCKWOOD AVE & W ALTGELD ST,$0.00,0.00,0.000000
31,Alley Speed Hump Replacement (2023),5237 W OAKDALE AVE,$0.00,0.00,0.000000
31,,W OAKDALE AVE & N LARAMIE AVE & N LOCKWOOD AVE & W GEORGE ST,$0.00,0.00,0.000000
31,Alley Speed Hump Replacement (2023),N TRIPP AVE & W ALTGELD ST & W WRIGHTWOOD AVE & N KILDARE AVE,$0.00,0.00,0.000000
31,,2500 N KILDARE AVE,$0.00,0.00,0.000000
31,Alley Speed Hump Replacement (2023),W ALTGELD ST & N LAVERGNE AVE & N LECLAIRE AVE & W DEMING PL,$0.00,0.00,0.000000
31,,5012 W ALTGELD ST,$0.00,0.00,0.000000
31,Alley Speed Hump Replacement (2023),W DEMING PL & N LARAMIE AVE & N LECLAIRE AVE & W WRIGHTWOOD AVE,$0.00,0.00,0.000000
31,,5100 W DEMING PL,$0.00,0.00,0.000000
31,Alley Speed Hump Replacement (2023),W DEMING PL & N LAVERGNE AVE & N LECLAIRE AVE & W WRIGHTWOOD AVE,$0.00,0.00,0.000000
31,,5028 W DEMING PL,$0.00,0.00,0.000000
31,Arterial Street Bump Outs Menu (2023),N LARAMIE AVE & W CORNELIA AVE,"$1,213.64",1213.64,0.000812
31,Bollard Menu (2023),4743 W PARKER AVE,"$1,425.58",1425.58,0.000954
31,Diagonal Parking Menu (2023),4801 W FLETCHER ST,"$11,881.69",11881.69,0.007948
31,Miscellaneous CDOT Projects (2023),5553 W BELMONT AVE,"$3,900.00",3900.0,0.002609
31,Pavement Markings Menu (2023),2800-3200 N Kostner Ave,"$4,400.00",4400.0,0.002943
31,Sidewalk Menu (2023),4814-4856 W GEORGE ST,"$4,475.18",4475.18,0.002994
31,,4815-4819 W GEORGE ST,"$4,475.18",4475.18,0.002994
31,Sidewalk Menu (2023),5109-5111 W DEMING PL,"$2,167.03",2167.03,0.001450
31,Sidewalk Menu (2023),5313-5317 W DEMING PL,"$8,553.47",8553.47,0.005722
31,Sidewalk Menu (2023),2300-2400 N Kilpatrick Ave,"$102,815.58",102815.58,0.068780
31,Street Light Residential Staggered Piggy Back Menu (2023),5100-5200 W Belden Ave,"$163,000.00",163000.0,0.109041
31,Street Light Residential Staggered Piggy Back Menu (2023),5000-5200 W Montana St,"$326,000.00",326000.0,0.218083
31,Street Light Upgrade Menu (2023),2900 N KEARSARGE AVE,$500.00,500.0,0.000334
31,Street Light Upgrade Menu (2023),3048 N AVERS AVE,$500.00,500.00,0.000334
31,,3056 N AVERS AVE,$500.00,500.00,0.000334
31,Street Light Upgrade Menu (2023),3054 N HAUSSEN CT,$500.00,500.00,0.000334
31,,3102 N HAUSSEN CT,$500.00,500.00,0.000334
31,,3110 N HAUSSEN CT,$500.00,500.00,0.000334
31,Street Light Upgrade Menu (2023),5122 W MELROSE ST,$500.00,500.0,0.000334
31,Street Light Upgrade Menu (2023),5124 W BELMONT AVE,$500.00,500.00,0.000334
31,,5100 W BELMONT AVE,$500.00,500.00,0.000334
31,,5158 W BELMONT AVE,$500.00,500.00,0.000334
31,,5142 W BELMONT AVE,$500.00,500.00,0.000334
31,Street Resurfacing Menu (2023),2600-2700 N Kenton Ave,"$29,893.73",29893.73,0.019998
31,Street Resurfacing Menu (2023),2400-2500 N Long Ave,"$15,266.94",15266.94,0.010213
31,Street Resurfacing Menu (2023),3100-3200 N Lowell Ave,"$59,808.33",59808.33,0.040010
31,Street Resurfacing Menu (2023),4300-4400 W Drummond Pl,"$49,807.29",49807.29,0.033319
31,Street Resurfacing Menu (2023),4900-5000 W Fletcher St,"$53,417.02",53417.02,0.035734
31,Street Resurfacing Menu (2023),4800-4900 W Melrose St,"$57,368.33",57368.33,0.038377
31,Street Resurfacing Menu (2023),4400-4300 W Parker Ave,"$47,797.27",47797.27,0.031975
31,Street Resurfacing Menu (2023),4000-4200 W Wrightwood Ave,"$179,665.57",179665.57,0.120190
31,Street Speed Hump Menu (2023),2500-2530 N Kilbourn Ave,"$2,440.00",2440.0,0.001632
31,Street Speed Hump Menu (2023),3100-3200 N Lotus Ave,"$4,880.00",4880.0,0.003265
31,Street Speed Hump Menu (2023),2800-2900 N Lowell Ave,"$1,220.00",1220.00,0.000816
31,,2845 N LOWELL AVE,"$1,220.00",1220.00,0.000816
31,Street Speed Hump Menu (2023),5300-5400 W Altgeld St,"$4,880.00",4880.0,0.003265
31,Street Speed Hump Replacement (2023),3100-3200 N Lowell Ave,$0.00,0.0,0.000000
31,Street Speed Hump Replacement (2023),4900-5000 W Fletcher St,$0.00,0.0,0.000000
32,Alley Apron Menu (2023),1612 W WABANSIA AVE,"$2,540.54",2540.54,0.001694
32,Alley Apron Menu (2023),1837 N WOLCOTT AVE,"$15,071.70",15071.7,0.010048
32,Alley Apron Menu (2023),1845 N PAULINA ST,"$11,198.00",11198.0,0.007465
32,Alley Apron Menu (2023),1916 N OAKLEY AVE,"$12,634.00",12634.0,0.008423
32,Alley Apron Menu (2023),2212 W DICKENS AVE,"$20,015.71",20015.71,0.013344
32,Alley Apron Menu (2023),2310 W PALMER ST,"$12,376.37",12376.37,0.008251
32,Alley Apron Menu (2023),2456 N SURREY CT,"$13,681.98",13681.98,0.009121
32,Alley Apron Menu (2023),2715 N WAYNE AVE,"$76,237.39",76237.39,0.050825
32,Alley Apron Menu (2023),2744 N GREENVIEW AVE,"$11,585.54",11585.54,0.007724
32,Alley Apron Menu (2023),3542 N CLAREMONT AVE,"$12,024.92",12024.92,0.008017
32,Alley Resurfacing Menu (2023),N SOUTHPORT AVE & W LILL AVE & W ALTGELD ST & N GREENVIEW AVE,"$58,877.40",58877.4,0.039252
32,Alley Resurfacing Menu (2023),W ADDISON ST & N CLAREMONT AVE & N WESTERN AVE & S WESTERN AVE,"$34,651.43",34651.43,0.023101
32,Alley Resurfacing Menu (2023),W ADDISON ST & N LEAVITT ST & N BELL AVE & W CORNELIA AVE,"$43,042.07",43042.07,0.028695
32,Alley Resurfacing Menu (2023),W BARRY AVE & N LEAVITT ST & N CLYBOURN AVE & W WELLINGTON AVE,"$39,490.84",39490.84,0.026327
32,Alley Resurfacing Menu (2023),W BLOOMINGDALE AVE & N HONORE ST & N WOLCOTT AVE & W CORTLAND ST,"$28,395.23",28395.23,0.018930
32,Alley Resurfacing Menu (2023),W CHARLESTON ST & N LEAVITT ST & N OAKLEY AVE & W DICKENS AVE,"$17,279.15",17279.15,0.011519
32,Alley Resurfacing Menu (2023),W FLETCHER ST & N DAMEN AVE & N HOYNE AVE & W BARRY AVE,"$69,635.59",69635.59,0.046424
32,Alley Resurfacing Menu (2023),W HOMER ST & N DAMEN AVE & N HOYNE AVE & W CORTLAND ST,"$64,192.29",64192.29,0.042795
32,Alley Resurfacing Menu (2023),W MELROSE ST & N HOYNE AVE & N LEAVITT ST & W BELMONT AVE,"$42,885.24",42885.24,0.028590
32,Alley Resurfacing Menu (2023),W MELROSE ST & N OAKLEY AVE & N WESTERN AVE & W BELMONT AVE,"$29,521.94",29521.94,0.019681
32,Alley Resurfacing Menu (2023),W MELROSE ST & N WOLCOTT AVE & N DAMEN AVE & W BELMONT AVE,"$37,805.59",37805.59,0.025204
32,Alley Resurfacing Menu (2023),W SCHOOL ST & N HOYNE AVE & N LEAVITT ST & W MELROSE ST,"$57,750.70",57750.7,0.038500
32,Alley Resurfacing Menu (2023),W WELLINGTON AVE & N SEELEY AVE & N HOYNE AVE & W GEORGE ST,"$47,584.44",47584.44,0.031723
32,Alley Speed Hump Menu (2023),N OAKLEY AVE & W MELROSE ST & W SCHOOL ST & N WESTERN AVE,"$1,450.00",1450.0,0.000967
32,Alley Speed Hump Replacement (2023),W ADDISON ST & N CLAREMONT AVE & N WESTERN AVE & S WESTERN AVE,$0.00,0.0,0.000000
32,Alley Speed Hump Replacement (2023),W ADDISON ST & N LEAVITT ST & N BELL AVE & W CORNELIA AVE,$0.00,0.0,0.000000
32,Alley Speed Hump Replacement (2023),W FLETCHER ST & N DAMEN AVE & N HOYNE AVE & W BARRY AVE,$0.00,0.0,0.000000
32,Alley Speed Hump Replacement (2023),W MELROSE ST & N HOYNE AVE & N LEAVITT ST & W BELMONT AVE,$0.00,0.0,0.000000
32,Alley Speed Hump Replacement (2023),W MELROSE ST & N OAKLEY AVE & N WESTERN AVE & W BELMONT AVE,$0.00,0.0,0.000000
32,Arterial Street Bump Outs Menu (2023),N CLYBOURN AVE & W BARRY AVE,"$5,827.31",5827.31,0.003885
32,,N CLYBOURN AVE & N OAKLEY AVE,"$5,827.31",5827.31,0.003885
32,Arterial Street Bump Outs Menu (2023),N DAMEN AVE & W CHURCHILL ST,"$2,124.59",2124.59,0.001416
32,Curb & Gutter Menu (2023),3047 N CLYBOURN AVE,"$3,888.26",3888.26,0.002592
32,Logan Skate Park Improvements,2450 W LOGAN BLVD,"$50,000.00",50000.0,0.033333
32,Pavement Markings Menu (2023),N DAMEN AVE & W GEORGE ST,"$3,505.28",3505.28,0.002337
32,Pavement Markings Menu (2023),N ELSTON AVE & N ASHLAND AVE,"$7,000.00",7000.0,0.004667
32,Pavement Markings Menu (2023),1800-1999 W North Ave,"$6,000.00",6000.0,0.004000
32,Pedestrian Refuge Island Menu (2023),N WESTERN AVE & W CHARLESTON ST,"$28,149.75",28149.75,0.018767
32,Sidewalk Menu (2023),1726 N WINCHESTER AVE,"$5,728.66",5728.66,0.003819
32,Street Bump Outs Menu (2023),N PAULINA ST & W FLETCHER ST,"$14,655.45",14655.45,0.009770
32,,N PAULINA ST & W NELSON ST,"$14,655.45",14655.45,0.009770
32,Street Bump Outs Menu (2023),N WOLCOTT AVE & W GEORGE ST,"$25,585.33",25585.33,0.017057
32,Street Resurfacing Menu (2023),2240-2330 N Avondale Ave,"$56,966.29",56966.29,0.037978
32,Street Resurfacing Menu (2023),3100-3200 N Honore St,"$46,481.37",46481.37,0.030988
32,Street Resurfacing Menu (2023),2910-3000 N Hoyne Ave,"$62,189.54",62189.54,0.041460
32,Street Resurfacing Menu (2023),2200-2230 N Oakley Ave,"$21,743.28",21743.28,0.014496
32,Street Resurfacing Menu (2023),2100-2200 N Wolcott Ave,"$17,875.85",17875.85,0.011917
32,Street Resurfacing Menu (2023),2400-2400 W Altgeld St,"$100,108.07",100108.07,0.066739
32,Street Resurfacing Menu (2023),2200-2300 W Dickens Ave,"$68,149.17",68149.17,0.045433
32,Street Resurfacing Menu (2023),1800-1820 W Wellington Ave,"$17,028.51",17028.51,0.011352
32,Street Resurfacing Menu (2023),1600-1900 W Wrightwood Ave,"$164,382.46",164382.46,0.109588
32,Street Speed Hump Menu (2023),1700-1799 N Paulina St,"$4,880.00",4880.0,0.003253
32,Street Speed Hump Menu (2023),2400-2400 W Altgeld St,$0.00,0.0,0.000000
32,Street Speed Hump Menu (2023),1300-1340 W Altgeld St,"$2,440.00",2440.0,0.001627
32,Street Speed Hump Menu (2023),2100-2200 W Churchill St,"$2,440.00",2440.00,0.001627
32,,2100 W CHURCHILL ST,"$2,440.00",2440.00,0.001627
32,Street Speed Hump Replacement (2023),2910-3000 N Hoyne Ave,$0.00,0.0,0.000000
32,Street Speed Hump Replacement (2023),2200-2300 W Dickens Ave,$0.00,0.0,0.000000
33,33rd Ward Planters,N KIMBALL AVE & W LAWRENCE AVE,"$27,543.84",27543.84,0.018462
33,Alley Resurfacing Menu (2023),N SACRAMENTO AVE & W GRACE ST & W BYRON ST & N RICHMOND ST,"$38,578.11",38578.11,0.025858
33,Alley Resurfacing Menu (2023),N SAWYER AVE & W MONTROSE AVE & W SUNNYSIDE AVE & N SPAULDING AVE,"$39,305.44",39305.44,0.026345
33,Alley Speed Hump Menu (2023),N ALBANY AVE & W ARGYLE ST & W CARMEN AVE & N TROY ST,"$1,450.00",1450.0,0.000972
33,Alley Speed Hump Menu (2023),N CALIFORNIA AVE & W ADDISON ST & W WAVELAND AVE & N MOZART ST,"$2,175.00",2175.0,0.001458
33,Arterial Street Bump Outs Menu (2023),N KEDZIE AVE & W CARMEN AVE,"$100,000.00",100000.0,0.067027
33,Arterial Street Bump Outs Menu (2023),W LAWRENCE AVE & N CHRISTIANA AVE,"$41,791.71",41791.71,0.028012
33,Ave. & W. Lawrence Ave. Playground renovations at Haugan Elementary School,4540 N HAMLIN AVE,"$42,000.00",42000.0,0.028151
33,Bike Lane/Marked Shared Lane Menu (2023),2800-3850 W Berteau Ave,"$106,763.39",106763.39,0.071560
33,Chicago Public Schools (2023),3221 N SACRAMENTO AVE,"$200,000.00",200000.0,0.134054
33,Concrete Alley Menu (2023),N SPAULDING AVE & W EASTWOOD AVE & W EASTWOOD AVE & N KEDZIE AVE,"$280,000.00",280000.0,0.187675
33,Curb & Gutter Menu (2023),3401 W LELAND AVE,"$3,763.85",3763.85,0.002523
33,,3422 W LELAND AVE,"$3,763.85",3763.85,0.002523
33,Curb & Gutter Menu (2023),3525 N WHIPPLE ST,"$3,742.90",3742.9,0.002509
33,Curb & Gutter Menu (2023),3857 N WHIPPLE ST,"$3,383.19",3383.19,0.002268
33,Curb & Gutter Menu (2023),4438 N ALBANY AVE,"$8,596.81",8596.81,0.005762
33,Diagonal Parking Menu (2023),3023 W MONTROSE AVE,"$52,563.69",52563.69,0.035232
33,Installation of Accessible Pedestrian Signals at N. Kimball,N KIMBALL AVE & W LAWRENCE AVE,"$8,208.29",8208.29,0.005502
33,Sidewalk Menu (2023),3724 N SAWYER AVE,"$6,407.16",6407.16,0.004295
33,Sidewalk Menu (2023),3822 N ALBANY AVE,"$5,041.30",5041.3,0.003379
33,Sidewalk Menu (2023),3843 N SAWYER AVE,"$5,120.54",5120.54,0.003432
33,Sidewalk Menu (2023),4031 N KEDZIE AVE,"$21,690.48",21690.48,0.014538
33,Sidewalk Menu (2023),4056 N KIMBALL AVE,"$12,637.85",12637.85,0.008471
33,Sidewalk Menu (2023),4140 N MOZART ST,"$7,557.05",7557.05,0.005065
33,Sidewalk Menu (2023),4547 N ST LOUIS AVE,"$4,093.10",4093.1,0.002743
33,Sidewalk Menu (2023),4639 N KEDZIE AVE,"$9,127.87",9127.87,0.006118
33,Sidewalk Menu (2023),N KEDZIE AVE & W LELAND AVE,"$125,000.00",125000.0,0.083784
33,Speed Indicator Signs (2023),4400-4800 N Pulaski Rd,"$11,219.78",11219.78,0.007520
33,,N PULASKI RD & W SUNNYSIDE AVE,"$11,219.78",11219.78,0.007520
33,Street Bump Outs Menu (2023),N KEDZIE AVE & W EASTWOOD AVE,"$23,668.38",23668.38,0.015864
33,Street Bump Outs Menu (2023),N KEDZIE AVE & W LELAND AVE,"$28,270.24",28270.24,0.018949
33,Street Bump Outs Menu (2023),N RICHMOND ST & W BERTEAU AVE,"$15,000.00",15000.0,0.010054
33,Street Resurfacing Menu (2023),4400-4600 N St Louis Ave,"$101,805.38",101805.38,0.068237
33,Street Resurfacing Menu (2023),3600-3630 W Berteau Ave,"$20,698.45",20698.45,0.013874
33,Street Resurfacing Menu (2023),3200-3230 W Berteau Ave,"$32,279.91",32279.91,0.021636
33,Street Resurfacing Menu (2023),3700-3800 W Berteau Ave,"$60,062.95",60062.95,0.040258
33,Street Resurfacing Menu (2023),2930-2900 W Berteau Ave,"$23,154.80",23154.8,0.015520
33,Street Speed Hump Menu (2023),3300-3400 N Troy St,"$4,253.51",4253.51,0.002851
33,Street Speed Hump Replacement (2023),4400-4600 N St Louis Ave,$0.00,0.0,0.000000
33,Street Speed Hump Replacement (2023),3200-3230 W Berteau Ave,$0.00,0.0,0.000000
34,Alley Apron Menu (2023),813 S CARPENTER ST,"$56,665.85",56665.85,0.037777
34,Alley Resurfacing Menu (2023),W ADAMS ST & S MORGAN ST & S ABERDEEN ST & W MONROE ST,"$39,904.51",39904.51,0.026603
34,Alley Resurfacing Menu (2023),W TAYLOR ST & S CARPENTER ST & S ABERDEEN ST & W ARTHINGTON ST,"$12,543.28",12543.28,0.008362
34,Alley Speed Hump Replacement (2023),W ADAMS ST & S MORGAN ST & S ABERDEEN ST & W MONROE ST,$0.00,0.0,0.000000
34,Alley Speed Hump Replacement (2023),W TAYLOR ST & S CARPENTER ST & S ABERDEEN ST & W ARTHINGTON ST,$0.00,0.0,0.000000
34,Arterial Street Bump Outs Menu (2023),S JEFFERSON ST & W HARRISON ST,"$130,000.00",130000.00,0.086667
34,,300-600 S Jefferson St,"$130,000.00",130000.00,0.086667
34,Arterial Street Bump Outs Menu (2023),W ADAMS ST & S PEORIA ST,"$167,828.89",167828.89,0.111886
34,Curb & Gutter Menu (2023),122 S MICHIGAN AVE,"$1,458.57",1458.57,0.000972
34,Curb & Gutter Menu (2023),1503-1529 W ADAMS ST,"$60,000.00",60000.0,0.040000
34,Curb & Gutter Menu (2023),499 S JEFFERSON ST,"$50,000.00",50000.00,0.033333
34,,500-600 S Jefferson St,"$50,000.00",50000.00,0.033333
34,Curb & Gutter Menu (2023),200-300 S Peoria St,"$21,130.90",21130.9,0.014087
34,Curb & Gutter Menu (2023),W CONGRESS PKWY & S CLINTON ST,"$29,921.28",29921.28,0.019948
34,Pavement Markings Menu (2023),800-1000 W Adams St,"$4,000.00",4000.0,0.002667
34,Pavement Markings Menu (2023),1200-1600 W Van Buren St,"$7,000.00",7000.0,0.004667
34,Sidewalk Menu (2023),1067 W POLK ST,"$5,586.97",5586.97,0.003725
34,Sidewalk Menu (2023),1111 W MADISON ST,"$5,956.17",5956.17,0.003971
34,Sidewalk Menu (2023),1129 W MONROE ST,"$4,017.36",4017.36,0.002678
34,Sidewalk Menu (2023),1148 W MONROE ST,"$3,122.28",3122.28,0.002082
34,Sidewalk Menu (2023),1502 W JACKSON BLVD,"$1,475.90",1475.9,0.000984
34,Sidewalk Menu (2023),1524 W VAN BUREN ST,"$12,538.51",12538.51,0.008359
34,Sidewalk Menu (2023),1628-1632 W ADAMS ST,"$37,689.24",37689.24,0.025126
34,Sidewalk Menu (2023),224 S MICHIGAN AVE,"$10,602.90",10602.90,0.007069
34,,200 S MICHIGAN AVE,"$10,602.90",10602.90,0.007069
34,Sidewalk Menu (2023),230-250 S ASHLAND AVE,"$4,457.27",4457.27,0.002972
34,Sidewalk Menu (2023),420 S CLINTON ST,"$67,276.60",67276.6,0.044851
34,Sidewalk Menu (2023),560 W FULTON ST,"$5,867.95",5867.95,0.003912
34,Sidewalk Menu (2023),59-61 E VAN BUREN ST,"$8,187.16",8187.16,0.005458
34,Sidewalk Menu (2023),6 N MAY ST,"$21,592.98",21592.98,0.014395
34,Sidewalk Menu (2023),300-400 N Jefferson St,"$28,439.23",28439.23,0.018959
34,Sidewalk Menu (2023),200-300 S Laflin St,"$50,028.39",50028.39,0.033352
34,Sidewalk Menu (2023),1144-1160 W Madison St,"$31,318.26",31318.26,0.020879
34,Sidewalk Menu (2023),936-930 W Madison St,"$2,856.28",2856.28,0.001904
34,,934-936 W MADISON ST,"$2,856.28",2856.28,0.001904
34,Sidewalk Menu (2023),600-640 W Wayman St,"$31,232.65",31232.65,0.020822
34,Sidewalk Menu (2023),W JACKSON BLVD & S WELLS ST,"$10,836.05",10836.05,0.007224
34,Street Resurfacing Menu (2023),800-1000 S Miller St,"$98,788.22",98788.22,0.065859
34,Street Resurfacing Menu (2023),200-300 S Peoria St,"$8,338.10",8338.1,0.005559
34,Street Resurfacing Menu (2023),540-600 W Congress Pkwy,"$29,334.57",29334.57,0.019556
34,Street Resurfacing Menu (2023),800-1000 W Monroe St,"$137,697.69",137697.69,0.091798
34,Street Resurfacing Menu (2023),1000-1100 W Monroe St,"$79,337.35",79337.35,0.052892
34,Street Resurfacing Menu (2023),600-640 W Wayman St,"$29,509.46",29509.46,0.019673
34,Street Speed Hump Replacement (2023),800-1000 S Miller St,$0.00,0.0,0.000000
34,Street Speed Hump Replacement (2023),600-640 W Wayman St,$0.00,0.0,0.000000
35,"(2023) In-Road ""State Law Stop For Pedestrians"" Sign Menu",W DIVERSEY AVE & N WHIPPLE ST,$350.00,350.0,0.000233
35,"(2023) In-Road ""State Law Stop For Pedestrians"" Sign Menu",W MONTROSE AVE & N BERNARD ST,$549.99,549.99,0.000367
35,"(2023) In-Road ""State Law Stop For Pedestrians"" Sign Menu",W MONTROSE AVE & N LAWNDALE AVE,$700.00,700.0,0.000467
35,"(2023) In-Road ""State Law Stop For Pedestrians"" Sign Menu",W MONTROSE AVE & N RIDGEWAY AVE,$700.00,700.0,0.000467
35,(2023) Miscellaneous CDOT Projects (2023),2707 N MILWAUKEE AVE,"$2,600.00",2600.0,0.001733
35,35th Ward Mural 2023 2912 N California,2912 N CALIFORNIA AVE,"$45,000.00",45000.0,0.030000
35,Alley Apron Menu (2023),2238 N SPAULDING AVE,"$10,929.21",10929.21,0.007286
35,Alley Apron Menu (2023),2468 N ALBANY AVE,"$16,852.92",16852.92,0.011235
35,Alley Apron Menu (2023),2849 W BARRY AVE,"$22,970.72",22970.72,0.015314
35,Alley Resurfacing Menu (2023),N LAWNDALE AVE & W ALTGELD ST & W FULLERTON AVE & N RIDGEWAY AVE,"$43,058.68",43058.68,0.028706
35,Alley Resurfacing Menu (2023),W ALTGELD ST & N HARDING AVE & N PULASKI RD & W WRIGHTWOOD AVE,"$48,808.67",48808.67,0.032539
35,Alley Resurfacing Menu (2023),W BELDEN AVE & N SPRINGFIELD AVE & N PULASKI RD & W PALMER ST,"$15,048.54",15048.54,0.010032
35,Alley Resurfacing Menu (2023),W BELMONT AVE & N KIMBALL AVE & N BERNARD ST & W BARRY AVE,"$47,137.55",47137.55,0.031425
35,Alley Resurfacing Menu (2023),W DIVERSEY AVE & N LAWNDALE AVE & N RIDGEWAY AVE & W SCHUBERT AVE,"$61,843.85",61843.85,0.041229
35,Alley Resurfacing Menu (2023),W MEDILL AVE & N DRAKE AVE & N CENTRAL PARK AVE & W FULLERTON AVE,"$20,731.91",20731.91,0.013821
35,Alley Resurfacing Menu (2023),W WAVELAND AVE & N DRAKE AVE & N ST LOUIS AVE & W GRACE ST,"$36,724.08",36724.08,0.024483
35,Alley Speed Hump Menu (2023),W BELMONT AVE & N BERNARD ST & N ST LOUIS AVE & W BARRY AVE,"$2,175.00",2175.0,0.001450
35,Alley Speed Hump Menu (2023),W BELMONT AVE & N DRAKE AVE & N CENTRAL PARK AVE & W BARRY AVE,"$1,450.00",1450.0,0.000967
35,Alley Speed Hump Menu (2023),W BELMONT AVE & N DRAKE AVE & N CENTRAL PARK AVE & W HENDERSON ST,"$3,625.00",3625.0,0.002417
35,Alley Speed Hump Menu (2023),W BELMONT AVE & N KIMBALL AVE & N DRAKE AVE & W MELROSE ST,"$3,625.00",3625.0,0.002417
35,Alley Speed Hump Replacement (2023),W ALTGELD ST & N HARDING AVE & N PULASKI RD & W WRIGHTWOOD AVE,$0.00,0.0,0.000000
35,Alley Speed Hump Replacement (2023),W MEDILL AVE & N DRAKE AVE & N CENTRAL PARK AVE & W FULLERTON AVE,$0.00,0.0,0.000000
35,Bike Lane/Marked Shared Lane Menu (2023),2800-3200 N California Ave,"$250,000.00",250000.0,0.166667
35,Bike Lane/Marked Shared Lane Menu (2023),2800-3200 N Central Park Ave,"$60,000.00",60000.0,0.040000
35,Bike Lane/Marked Shared Lane Menu (2023),3200-3400 W Wellington Ave,"$54,500.00",54500.0,0.036333
35,Curb & Gutter Menu (2023),3733-3737 N CENTRAL PARK AVE,"$44,181.87",44181.87,0.029455
35,"In-Road ""State Law Stop For Pedestrians"" Sign Menu",N KEDZIE AVE & W BARRY AVE,$700.00,700.0,0.000467
35,"In-Road ""State Law Stop For Pedestrians"" Sign Menu",N MILWAUKEE AVE & N SPAULDING AVE,$600.00,600.0,0.000400
35,Pedestrian Refuge Island Menu (2023),W FULLERTON AVE & N ST LOUIS AVE,"$75,510.77",75510.77,0.050341
35,Sidewalk Menu (2023),2606 N KIMBALL AVE,$917.04,917.04,0.000611
35,Sidewalk Menu (2023),3309 W WELLINGTON AVE,"$2,083.50",2083.5,0.001389
35,Sidewalk Menu (2023),3449 W SCHOOL ST,"$40,511.26",40511.26,0.027008
35,,3540-3410 W School St,"$40,511.26",40511.26,0.027008
35,Sidewalk Menu (2023),3458 N KIMBALL AVE,"$5,686.83",5686.83,0.003791
35,Sidewalk Menu (2023),3701 W FULLERTON AVE,"$20,878.58",20878.58,0.013919
35,Sidewalk Menu (2023),3926 W BELDEN AVE,"$1,559.87",1559.87,0.001040
35,Sidewalk Menu (2023),2115-2100 N Drake Ave,"$9,740.90",9740.9,0.006494
35,Sidewalk Menu (2023),2200-2230 N Drake Ave,"$18,504.62",18504.62,0.012336
35,Sidewalk Menu (2023),2100-2200 N Keeler Ave,"$51,218.12",51218.12,0.034145
35,Sidewalk Menu (2023),2300-2330 N Kimball Ave,"$39,061.02",39061.02,0.026041
35,Sidewalk Menu (2023),2300-2400 N Springfield Ave,"$70,441.42",70441.42,0.046961
35,Sidewalk Menu (2023),2600-2700 N Springfield Ave,"$17,044.07",17044.07,0.011363
35,Speed Indicator Signs (2023),3103-3106 N KEDZIE AVE,"$5,609.90",5609.90,0.003740
35,,W BARRY AVE & N KEDZIE AVE,"$5,609.90",5609.90,0.003740
35,Street Bump Outs Menu (2023),W SHAKESPEARE AVE & N DRAKE AVE,"$7,548.73",7548.73,0.005032
35,Street Light Pole for High Definition Camera Menu (2023),N HAMLIN AVE & W BELDEN AVE,"$3,000.00",3000.0,0.002000
35,Street Light Pole Painting Menu (2023),2900-3000 N Dawson Ave,"$1,200.00",1200.0,0.000800
35,Street Light Pole Painting Menu (2023),3060-3200 N Drake Ave,"$11,231.00",11231.0,0.007487
35,Street Light Pole Painting Menu (2023),2800-3600 N Kimball Ave,"$33,600.00",33600.0,0.022400
35,Street Light Pole Painting Menu (2023),2800-3200 N Sawyer Ave,"$5,600.00",5600.0,0.003733
35,Street Light Pole Painting Menu (2023),3100-3200 N St Louis Ave,"$1,400.00",1400.0,0.000933
35,Street Light Pole Painting Menu (2023),3200-3600 W Belmont Ave,"$24,600.00",24600.0,0.016400
35,Street Light Pole Painting Menu (2023),3200-3600 W Diversey Ave,"$24,200.00",24200.0,0.016133
35,Street Light Pole Painting Menu (2023),3200-3230 W George St,"$3,200.00",3200.0,0.002133
35,Street Light Pole Painting Menu (2023),3200-3230 W Wellington Ave,"$3,050.00",3050.0,0.002033
35,Street Light Pole Painting Menu (2023),3500-3560 W Wolfram St,"$1,200.00",1200.0,0.000800
35,Street Resurfacing Menu (2023),3100-3200 N Sawyer Ave,"$60,437.96",60437.96,0.040292
35,Street Resurfacing Menu (2023),3200-3100 N Spaulding Ave,"$50,322.18",50322.18,0.033548
35,Street Resurfacing Menu (2023),3930-4000 W Altgeld St,"$22,305.26",22305.26,0.014870
35,Street Resurfacing Menu (2023),2700-2740 W Fletcher St,"$27,832.81",27832.81,0.018555
35,Street Speed Hump Menu (2023),3400-3500 W Barry Ave,"$4,880.00",4880.0,0.003253
35,Street Speed Hump Menu (2023),3500-3600 W Barry Ave,"$4,880.00",4880.0,0.003253
35,Street Speed Hump Menu (2023),4000-4400 W Palmer St,"$9,760.00",9760.0,0.006507
35,Street Speed Hump Replacement (2023),3100-3200 N Sawyer Ave,$0.00,0.0,0.000000
36,Alley Apron Menu (2023),2746 N NEWLAND AVE,"$26,433.77",26433.77,0.018311
36,Alley Apron Menu (2023),3256 N NEWLAND AVE,"$4,682.08",4682.08,0.003243
36,Alley Resurfacing Menu (2023),N LOCKWOOD AVE & W GRAND AVE & W DICKENS AVE & N LATROBE AVE,"$32,379.07",32379.07,0.022429
36,Alley Resurfacing Menu (2023),N LOCKWOOD AVE & W PALMER ST & W DICKENS AVE & N LATROBE AVE,"$23,767.30",23767.30,0.016464
36,,2159 N LOCKWOOD AVE,"$23,767.30",23767.30,0.016464
36,Alley Resurfacing Menu (2023),N MANGO AVE & W GRAND AVE & W BELDEN AVE & N MENARD AVE,"$66,334.07",66334.07,0.045950
36,Alley Resurfacing Menu (2023),N MEADE AVE & W GRAND AVE & W FULLERTON AVE & N MOODY AVE,"$96,088.92",96088.92,0.066561
36,Alley Resurfacing Menu (2023),N MENARD AVE & W GRAND AVE & W BELDEN AVE & N MONITOR AVE,"$26,912.00",26912.0,0.018642
36,Alley Resurfacing Menu (2023),N NARRAGANSETT AVE & W DICKENS AVE & W PALMER ST & N MULLIGAN AVE,"$32,970.83",32970.83,0.022839
36,Alley Resurfacing Menu (2023),N NORMANDY AVE & W WRIGHTWOOD AVE & W SCHUBERT AVE & N RUTHERFORD AVE,"$45,390.50",45390.5,0.031442
36,Alley Resurfacing Menu (2023),N OAK PARK AVE & W SCHUBERT AVE & W WRIGHTWOOD AVE & N NEWCASTLE AVE,"$40,154.03",40154.03,0.027815
36,Alley Resurfacing Menu (2023),W PALMER ST & N MOODY AVE & N MELVINA AVE & W DICKENS AVE,"$11,295.13",11295.13,0.007824
36,Alley Speed Hump Replacement (2023),N LOCKWOOD AVE & W GRAND AVE & W DICKENS AVE & N LATROBE AVE,$0.00,0.0,0.000000
36,Alley Speed Hump Replacement (2023),N LOCKWOOD AVE & W PALMER ST & W DICKENS AVE & N LATROBE AVE,$0.00,0.00,0.000000
36,,2159 N LOCKWOOD AVE,$0.00,0.00,0.000000
36,Alley Speed Hump Replacement (2023),N MANGO AVE & W GRAND AVE & W BELDEN AVE & N MENARD AVE,$0.00,0.0,0.000000
36,Alley Speed Hump Replacement (2023),N MEADE AVE & W GRAND AVE & W FULLERTON AVE & N MOODY AVE,$0.00,0.0,0.000000
36,Alley Speed Hump Replacement (2023),W PALMER ST & N MOODY AVE & N MELVINA AVE & W DICKENS AVE,$0.00,0.0,0.000000
36,Concrete Alley Menu (2023),N MASON AVE & W GRAND AVE & W BELDEN AVE & N MARMORA AVE,"$38,627.71",38627.71,0.026757
36,Concrete Alley Menu (2023),N MCVICKER AVE & W DICKENS AVE & W GRAND AVE & N AUSTIN AVE,"$44,417.13",44417.13,0.030768
36,Concrete Alley Menu (2023),N MEADE AVE & W DICKENS AVE & W GRAND AVE & N MCVICKER AVE,"$17,329.31",17329.31,0.012004
36,Curb & Gutter Menu (2023),2846 N NAGLE AVE,"$6,087.03",6087.03,0.004216
36,Diagonal Parking Menu (2023),2150 N CICERO AVE,$510.00,510.00,0.000353
36,,4801 W PALMER ST,$510.00,510.00,0.000353
36,Floodlight Menu (2023),2100 N LATROBE AVE,$950.00,950.0,0.000658
36,Miscellaneous CDOT Projects (2023),6800 W DIVERSEY AVE,$660.00,660.0,0.000457
36,Sidewalk Menu (2023),1940 N LAMON AVE,"$8,179.04",8179.04,0.005666
36,Sidewalk Menu (2023),2120 N MASON AVE,"$4,190.19",4190.19,0.002903
36,Sidewalk Menu (2023),2124 N NAGLE AVE,"$3,442.11",3442.11,0.002384
36,Sidewalk Menu (2023),2141 N MERRIMAC AVE,"$4,450.64",4450.64,0.003083
36,,2122 N MERRIMAC AVE,"$4,450.64",4450.64,0.003083
36,Sidewalk Menu (2023),2172 N MAJOR AVE,"$3,083.41",3083.41,0.002136
36,Sidewalk Menu (2023),2215 N NARRAGANSETT AVE,"$5,721.32",5721.32,0.003963
36,Sidewalk Menu (2023),2227 W SUPERIOR ST,"$5,070.48",5070.48,0.003512
36,Sidewalk Menu (2023),2242 N MARMORA AVE,"$7,218.15",7218.15,0.005000
36,,2234 N MARMORA AVE,"$7,218.15",7218.15,0.005000
36,Sidewalk Menu (2023),2256 N MEADE AVE,"$3,618.66",3618.66,0.002507
36,Sidewalk Menu (2023),2300 N RUTHERFORD AVE,"$6,973.59",6973.59,0.004831
36,Sidewalk Menu (2023),2345 N MEADE AVE,"$4,155.00",4155.0,0.002878
36,Sidewalk Menu (2023),2524 N NEWCASTLE AVE,"$7,943.22",7943.22,0.005502
36,Sidewalk Menu (2023),2632 N MELVINA AVE,"$4,797.71",4797.71,0.003323
36,Sidewalk Menu (2023),2642 N NEW ENGLAND AVE,"$11,179.47",11179.47,0.007744
36,Sidewalk Menu (2023),2653 N OAK PARK AVE,"$8,226.22",8226.22,0.005698
36,,2659 N OAK PARK AVE,"$8,226.22",8226.22,0.005698
36,Sidewalk Menu (2023),2704 N NEW ENGLAND AVE,"$3,826.81",3826.81,0.002651
36,Sidewalk Menu (2023),2711 N NEWLAND AVE,"$4,263.13",4263.13,0.002953
36,Sidewalk Menu (2023),2729 N RUTHERFORD AVE,"$4,961.92",4961.92,0.003437
36,Sidewalk Menu (2023),2826 N NORMANDY AVE,"$8,844.14",8844.14,0.006126
36,Sidewalk Menu (2023),2905 N NORMANDY AVE,"$4,668.62",4668.62,0.003234
36,,2901 N NORMANDY AVE,"$4,668.62",4668.62,0.003234
36,Sidewalk Menu (2023),2906 N NAGLE AVE,"$1,946.75",1946.75,0.001349
36,Sidewalk Menu (2023),2934 N NEWCASTLE AVE,"$5,550.55",5550.55,0.003845
36,Sidewalk Menu (2023),2935 N NEENAH AVE,"$7,928.20",7928.2,0.005492
36,Sidewalk Menu (2023),2947 N OAK PARK AVE,"$5,278.64",5278.64,0.003657
36,Sidewalk Menu (2023),3047 N RUTHERFORD AVE,"$3,975.49",3975.49,0.002754
36,Sidewalk Menu (2023),3140 N RUTHERFORD AVE,"$3,553.12",3553.12,0.002461
36,Sidewalk Menu (2023),3343 N NAGLE AVE,$828.95,828.95,0.000574
36,Sidewalk Menu (2023),4106 W HIRSCH ST,"$39,900.97",39900.97,0.027639
36,Sidewalk Menu (2023),527 N WESTERN AVE,"$32,164.14",32164.14,0.022280
36,Sidewalk Menu (2023),5615 W EDDY ST,"$3,273.35",3273.35,0.002267
36,Sidewalk Menu (2023),6325 W PALMER ST,"$12,613.85",12613.85,0.008738
36,Sidewalk Menu (2023),6502 W WELLINGTON AVE,"$30,131.89",30131.89,0.020872
36,Street Resurfacing Menu (2023),2000-2300 N Latrobe Ave,"$167,085.42",167085.42,0.115740
36,Street Resurfacing Menu (2023),2000-2400 N Major Ave,"$199,917.96",199917.96,0.138483
36,Street Resurfacing Menu (2023),2300-2400 N Marmora Ave,"$42,802.10",42802.1,0.029649
36,Street Resurfacing Menu (2023),2300-2400 N Mobile Ave,"$50,703.86",50703.86,0.035123
36,Street Resurfacing Menu (2023),5600-6000 W Belden Ave,"$157,328.08",157328.08,0.108981
36,Street Speed Hump Replacement (2023),2000-2300 N Latrobe Ave,$0.00,0.0,0.000000
37,Alley Apron Menu (2023),5101 W POTOMAC AVE,"$29,083.95",29083.95,0.019389
37,Alley Apron Menu (2023),5440-5500 W Le Moyne St,"$23,096.28",23096.28,0.015398
37,Alley Resurfacing Menu (2023),1037 N LAWLER AVE,"$17,603.81",17603.81,0.011736
37,,N LAWLER AVE & W THOMAS ST & W AUGUSTA BLVD & N LAVERGNE AVE,"$17,603.81",17603.81,0.011736
37,Alley Resurfacing Menu (2023),N LOREL AVE & W POTOMAC AVE & W HIRSCH ST & N LONG AVE,"$46,593.30",46593.3,0.031062
37,Alley Resurfacing Menu (2023),N LOTUS AVE & W WABANSIA AVE & W BLOOMINGDALE AVE & N LINDER AVE,"$19,180.90",19180.90,0.012787
37,,1800 N LOTUS AVE,"$19,180.90",19180.90,0.012787
37,Alley Resurfacing Menu (2023),W CHICAGO AVE & N LATROBE AVE & N LOCKWOOD AVE & W IOWA ST,"$15,417.03",15417.03,0.010278
37,Alley Resurfacing Menu (2023),W POTOMAC AVE & N LECLAIRE AVE & N LAVERGNE AVE & W CRYSTAL ST,"$41,665.83",41665.83,0.027777
37,Alley Resurfacing Menu (2023),W WALTON ST & N LAMON AVE & N LAVERGNE AVE & W AUGUSTA BLVD,"$20,443.06",20443.06,0.013629
37,,4900 W WALTON ST,"$20,443.06",20443.06,0.013629
37,Alley Speed Hump Menu (2023),N KARLOV AVE & W IOWA ST & W AUGUSTA BLVD & N KEDVALE AVE,"$1,450.00",1450.0,0.000967
37,Alley Speed Hump Replacement (2023),1037 N LAWLER AVE,$0.00,0.00,0.000000
37,,N LAWLER AVE & W THOMAS ST & W AUGUSTA BLVD & N LAVERGNE AVE,$0.00,0.00,0.000000
37,Alley Speed Hump Replacement (2023),N LOREL AVE & W POTOMAC AVE & W HIRSCH ST & N LONG AVE,$0.00,0.0,0.000000
37,Alley Speed Hump Replacement (2023),W CHICAGO AVE & N LATROBE AVE & N LOCKWOOD AVE & W IOWA ST,$0.00,0.0,0.000000
37,Alley Speed Hump Replacement (2023),W POTOMAC AVE & N LECLAIRE AVE & N LAVERGNE AVE & W CRYSTAL ST,$0.00,0.0,0.000000
37,Arterial Street Bump Outs Menu (2023),N KOSTNER AVE & W POTOMAC AVE,"$7,245.00",7245.0,0.004830
37,Bollard Menu (2023),1542 N LEAMINGTON AVE,"$5,579.82",5579.82,0.003720
37,Concrete Alley Menu (2023),1434-1436 N LOCKWOOD AVE,"$3,267.87",3267.87,0.002179
37,Curb & Gutter Menu (2023),811 N LOCKWOOD AVE,"$115,794.08",115794.08,0.077196
37,,800-1000 N Lockwood Ave,"$115,794.08",115794.08,0.077196
37,Curb & Gutter Menu (2023),5200-5230 W Wabansia Ave,"$19,616.93",19616.93,0.013078
37,Miscellaneous CDOT Projects (2023),5329-5333 W NORTH AVE,"$2,100.00",2100.0,0.001400
37,Sidewalk Menu (2023),1401 N LARAMIE AVE,"$27,612.79",27612.79,0.018409
37,Sidewalk Menu (2023),1710-1723 N LECLAIRE AVE,"$5,935.31",5935.31,0.003957
37,Sidewalk Menu (2023),345 N AVERS AVE,"$57,117.64",57117.64,0.038078
37,Sidewalk Menu (2023),4000-4100 W IOWA ST,"$20,139.69",20139.69,0.013426
37,,4000-4100 W Iowa St,"$20,139.69",20139.69,0.013426
37,Sidewalk Menu (2023),5302-5315 W HIRSCH ST,"$5,818.73",5818.73,0.003879
37,Sidewalk Menu (2023),5427 W POTOMAC AVE,"$6,743.29",6743.29,0.004496
37,Sidewalk Menu (2023),900 N KEYSTONE AVE,"$19,660.59",19660.59,0.013107
37,Sidewalk Menu (2023),4500-4599 W Chicago Ave,"$15,635.00",15635.00,0.010423
37,,4601 W CHICAGO AVE,"$15,635.00",15635.00,0.010423
37,Street Bump Outs Menu (2023),N PINE AVE & W IOWA ST,"$35,045.07",35045.07,0.023363
37,Street Light Residential Staggered Piggy Back Menu (2023),800-900 N Kolin Ave,"$163,000.00",163000.0,0.108667
37,Street Light Residential Staggered Piggy Back Menu (2023),4800-5000 W Erie St,"$340,000.00",340000.0,0.226667
37,Street Light Residential Staggered Piggy Back Menu (2023),5000-5100 W Huron St,"$147,873.65",147873.65,0.098582
37,Street Resurfacing Menu (2023),930-900 N Keeler Ave,"$24,133.51",24133.51,0.016089
37,Street Resurfacing Menu (2023),1300-1400 N Long Ave,"$27,362.78",27362.78,0.018242
37,Street Resurfacing Menu (2023),4200-4400 W Crystal St,"$14,787.52",14787.52,0.009858
37,Street Speed Hump Menu (2023),800-900 N Lavergne Ave,"$4,880.00",4880.0,0.003253
37,Street Speed Hump Menu (2023),1300-1400 N Lorel Ave,"$4,880.00",4880.0,0.003253
37,Street Speed Hump Menu (2023),5340-5400 W Potomac Ave,"$2,440.00",2440.0,0.001627
37,Street Speed Hump Replacement (2023),4200-4400 W Crystal St,$0.00,0.0,0.000000
38,Alley Apron Menu (2023),3212 N ORIOLE AVE,"$10,552.37",10552.37,0.007701
38,Alley Apron Menu (2023),3215 N OTTAWA AVE,"$21,654.40",21654.4,0.015804
38,Alley Apron Menu (2023),4345 N MEADE AVE,"$20,974.81",20974.81,0.015308
38,Alley Apron Menu (2023),4457 N MENARD AVE,"$24,571.70",24571.7,0.017933
38,Alley Apron Menu (2023),5759 W MONTROSE AVE,"$25,791.59",25791.59,0.018824
38,Curb & Gutter Menu (2023),3949 N NOTTINGHAM AVE,"$53,052.41",53052.41,0.038719
38,Miscellaneous CDOT Projects (2023),5044 W BERTEAU AVE,$660.00,660.0,0.000482
38,Miscellaneous CDOT Projects (2023),6100 W GRACE ST,$660.00,660.0,0.000482
38,RuBeNo Triangle Acquisition,W BERENICE AVE & N NORMANDY AVE,"$50,000.00",50000.0,0.036492
38,Rubeno Triangle Park,W BERENICE AVE & N NORMANDY AVE,"$50,000.00",50000.0,0.036492
38,Sidewalk Menu (2023),3841-3859 N SAYRE AVE,"$17,176.20",17176.2,0.012536
38,Sidewalk Menu (2023),3852 N SAYRE AVE,"$5,824.00",5824.0,0.004251
38,Street Light Upgrade Menu (2023),3810 N OCTAVIA AVE,$500.00,500.0,0.000365
38,Street Resurfacing Menu (2023),4100-4200 N Marmora Ave,"$54,483.27",54483.27,0.039764
38,Street Resurfacing Menu (2023),4345-4300 N Mcvicker Ave,"$44,450.28",44450.28,0.032441
38,Street Resurfacing Menu (2023),4300-4400 N Meade Ave,"$71,056.18",71056.18,0.051859
38,Street Resurfacing Menu (2023),4345-4400 N Melvina Ave,"$13,505.37",13505.37,0.009857
38,Street Resurfacing Menu (2023),4000-4030 N Melvina Ave,"$34,585.35",34585.35,0.025242
38,Street Resurfacing Menu (2023),4300-4400 N Monitor Ave,"$57,456.54",57456.54,0.041934
38,Street Resurfacing Menu (2023),4024-4000 N Moody Ave,"$21,784.75",21784.75,0.015899
38,Street Resurfacing Menu (2023),4100-4149 N Natchez Ave,"$42,294.38",42294.38,0.030868
38,Street Resurfacing Menu (2023),3200-3300 N Neenah Ave,"$62,038.90",62038.9,0.045278
38,Street Resurfacing Menu (2023),4100-4120 N Neenah Ave,"$54,156.94",54156.94,0.039526
38,Street Resurfacing Menu (2023),3500-3400 N Neenah Ave,"$57,750.14",57750.14,0.042148
38,Street Resurfacing Menu (2023),3300-3400 N Oleander Ave,"$57,397.82",57397.82,0.041891
38,Street Resurfacing Menu (2023),4200-4100 N Parkside Ave,"$48,394.13",48394.13,0.035320
38,Street Resurfacing Menu (2023),6237-6200 W Belle Plaine Ave,"$25,131.73",25131.73,0.018342
38,Street Resurfacing Menu (2023),6434-6600 W Belle Plaine Ave,"$71,914.12",71914.12,0.052485
38,Street Resurfacing Menu (2023),6434-6600 W Bittersweet Pl,"$58,749.25",58749.25,0.042877
38,Street Resurfacing Menu (2023),5900-6000 W Byron St,"$51,091.85",51091.85,0.037289
38,Street Resurfacing Menu (2023),6200-6400 W Byron St,"$102,389.41",102389.41,0.074727
38,Street Resurfacing Menu (2023),5700-5800 W Cullom Ave,"$64,622.40",64622.4,0.047164
38,Street Resurfacing Menu (2023),5900-6000 W Eastwood Ave,"$29,525.87",29525.87,0.021549
38,Street Resurfacing Menu (2023),6602-6630 W School St,"$19,641.51",19641.51,0.014335
38,Street Resurfacing Menu (2023),8200-8230 W Waveland Ave,"$29,255.51",29255.51,0.021352
38,Street Speed Hump Menu (2023),3700-3800 N PACIFIC AVE,"$4,880.00",4880.0,0.003562
38,Street Speed Hump Menu (2023),3800-3899 N Olcott Ave,"$2,440.00",2440.0,0.001781
38,Street Speed Hump Menu (2023),3500-3600 N Opal Ave,"$4,880.00",4880.0,0.003562
38,Street Speed Hump Menu (2023),3900-4000 N Paris Ave,"$4,880.00",4880.0,0.003562
38,Street Speed Hump Replacement (2023),4300-4400 N Meade Ave,$0.00,0.0,0.000000
38,Street Speed Hump Replacement (2023),4100-4149 N Natchez Ave,$0.00,0.0,0.000000
38,Street Speed Hump Replacement (2023),3200-3300 N Neenah Ave,$0.00,0.0,0.000000
38,Street Speed Hump Replacement (2023),5900-6000 W Byron St,$0.00,0.0,0.000000
38,Street Speed Hump Replacement (2023),6200-6400 W Byron St,$0.00,0.0,0.000000
38,Street Speed Hump Replacement (2023),5700-5800 W Cullom Ave,$0.00,0.0,0.000000
39,Connected Bike Lanes &,3939 W MONTROSE AVE,"$150,000.00",150000.0,0.104366
39,Diamond Rehab Miscellaneous CDOT Projects (2023),6158 N MCVICKER AVE,$660.00,660.0,0.000459
39,Pedestrian Safety & Traffic Calming 39th Ward 2023 Menu,4715 W DEVON AVE,"$50,000.00",50000.0,0.034789
39,Pedestrian Safety on W. Montrose Ave Left Turn Arrow from,W LAWRENCE AVE & N CICERO AVE,"$150,000.00",150000.0,0.104366
39,Sidewalk Menu (2023),N CICERO AVE & N FOREST GLEN AVE,"$21,434.58",21434.58,0.014914
39,Street Light Upgrade Menu (2023),5324 N KIMBALL AVE,$500.00,500.0,0.000348
39,Street Light Upgrade Menu (2023),5342 N CHRISTIANA AVE,$500.00,500.0,0.000348
39,Street Light Upgrade Menu (2023),5605 N KEYSTONE AVE,$500.00,500.0,0.000348
39,Street Light Upgrade Menu (2023),5887 N ELSTON AVE,$500.00,500.00,0.000348
39,,5946 N MANTON AVE,$500.00,500.00,0.000348
39,Street Light Upgrade Menu (2023),6081 N SAUGANASH AVE,$500.00,500.0,0.000348
39,Street Light Upgrade Menu (2023),6099 N SAUGANASH AVE,$500.00,500.0,0.000348
39,Street Light Upgrade Menu (2023),6122-6124 N KEELER AVE,$500.00,500.0,0.000348
39,Street Resurfacing Menu (2023),5500-5600 N Bernard St,"$58,693.41",58693.41,0.040837
39,Street Resurfacing Menu (2023),5000-5100 N Hamlin Ave,"$53,058.31",53058.31,0.036917
39,Street Resurfacing Menu (2023),6363-6370 N Ionia Ave,"$22,624.38",22624.38,0.015741
39,Street Resurfacing Menu (2023),4900-5200 N Kenneth Ave,"$161,338.28",161338.28,0.112255
39,Street Resurfacing Menu (2023),4200-4300 N Kildare Ave,"$57,544.62",57544.62,0.040038
39,Street Resurfacing Menu (2023),4700-4750 N Kiona Ave,"$26,629.07",26629.07,0.018528
39,Street Resurfacing Menu (2023),6250-6330 N Leona Ave,"$57,836.19",57836.19,0.040241
39,Street Resurfacing Menu (2023),4500-4660 N Lowell Ave,"$91,742.26",91742.26,0.063832
39,Street Resurfacing Menu (2023),6000-6100 N Menard Ave,"$81,627.62",81627.62,0.056794
39,Street Resurfacing Menu (2023),4230-4400 N Springfield Ave,"$77,739.77",77739.77,0.054089
39,Street Resurfacing Menu (2023),3202-3330 W Ardmore Ave,"$68,080.22",68080.22,0.047368
39,Street Resurfacing Menu (2023),5000-5050 W Balmoral Ave,"$31,326.59",31326.59,0.021796
39,Street Resurfacing Menu (2023),3300-3330 W Berwyn Ave,"$23,968.81",23968.81,0.016677
39,Street Resurfacing Menu (2023),6330-6400 W Hermione St,"$40,516.11",40516.11,0.028190
39,Street Resurfacing Menu (2023),6200-6300 W Holbrook St,"$13,867.00",13867.0,0.009648
39,Street Resurfacing Menu (2023),4100-4200 W Wilson Ave,"$39,681.73",39681.73,0.027610
39,Street Speed Hump Menu (2023),6300-6399 N Kildare Ave,"$4,880.00",4880.0,0.003395
39,Street Speed Hump Replacement (2023),4900-5200 N Kenneth Ave,$0.00,0.0,0.000000
39,Street Speed Hump Replacement (2023),6000-6100 N Menard Ave,$0.00,0.0,0.000000
39,Street Speed Hump Replacement (2023),6200-6300 W Holbrook St,$0.00,0.0,0.000000
39,Westbound Lawrence to Southbound Cicero. Little Gompers Baseball,4222 W FOSTER AVE,"$150,000.00",150000.0,0.104366
40,Alley Apron Menu (2023),4709 N VIRGINIA AVE,"$16,312.65",16312.65,0.010875
40,Alley Apron Menu (2023),5042 N WASHTENAW AVE,$317.60,317.6,0.000212
40,Alley Apron Menu (2023),5414 N WASHTENAW AVE,"$14,481.89",14481.89,0.009655
40,Alley Apron Menu (2023),6017 N TALMAN AVE,"$16,203.94",16203.94,0.010803
40,Arterial Street Bump Outs Menu (2023),N DAMEN AVE & W BALMORAL AVE,"$320,000.00",320000.0,0.213333
40,Bollard Menu (2023),2015 W BALMORAL AVE,"$4,823.86",4823.86,0.003216
40,Concrete Alley Menu (2023),N CAMPBELL AVE & W ARDMORE AVE & W THORNDALE AVE & N MAPLEWOOD AVE,"$340,000.00",340000.0,0.226667
40,Curb & Gutter Menu (2023),4437 N CALIFORNIA AVE,"$5,006.27",5006.27,0.003338
40,Curb & Gutter Menu (2023),5801 N CALIFORNIA AVE,"$2,913.93",2913.93,0.001943
40,Curb & Gutter Menu (2023),5827-5831 N FAIRFIELD AVE,"$5,327.03",5327.03,0.003551
40,Left-Turn Arrow Menu (2023),N DAMEN AVE & W FOSTER AVE,"$131,758.30",131758.3,0.087839
40,Pavement Markings Menu (2023),5100-5200 N Lincoln Ave,"$8,000.00",8000.0,0.005333
40,Pavement Markings Menu (2023),2000-2400 W Foster Ave,"$15,000.00",15000.0,0.010000
40,Pavement Markings Menu (2023),2900-2600 W Foster Ave,"$7,500.00",7500.0,0.005000
40,Sidewalk Menu (2023),1601-1635 W WINNEMAC AVE,"$17,481.29",17481.29,0.011654
40,Sidewalk Menu (2023),1604 W FARRAGUT AVE,"$11,080.66",11080.66,0.007387
40,Sidewalk Menu (2023),1818 W PETERSON AVE,"$7,241.48",7241.48,0.004828
40,Sidewalk Menu (2023),2139 W GRANVILLE AVE,"$9,414.67",9414.67,0.006276
40,Sidewalk Menu (2023),2204-2208 W WINONA ST,"$16,616.85",16616.85,0.011078
40,Sidewalk Menu (2023),2245 W BERWYN AVE,"$2,247.77",2247.77,0.001499
40,Sidewalk Menu (2023),2524 W GUNNISON ST,"$4,616.90",4616.9,0.003078
40,Sidewalk Menu (2023),2637 W SUMMERDALE AVE,"$3,225.64",3225.64,0.002150
40,Sidewalk Menu (2023),2724 W RASCHER AVE,"$11,042.57",11042.57,0.007362
40,Sidewalk Menu (2023),4704-4744 N ROCKWELL ST,"$59,585.17",59585.17,0.039723
40,Sidewalk Menu (2023),4843-4855 N CALIFORNIA AVE,"$24,426.53",24426.53,0.016284
40,Sidewalk Menu (2023),5030-5035 N CALIFORNIA AVE,"$19,420.68",19420.68,0.012947
40,Sidewalk Menu (2023),5341 N ASHLAND AVE,"$5,459.85",5459.85,0.003640
40,Sidewalk Menu (2023),5629 N MAPLEWOOD AVE,"$5,507.70",5507.7,0.003672
40,Sidewalk Menu (2023),5715 N ASHLAND AVE,"$7,668.30",7668.3,0.005112
40,Sidewalk Menu (2023),5943 N FAIRFIELD AVE,"$4,634.22",4634.22,0.003089
40,Sidewalk Menu (2023),6172 N WINCHESTER AVE,"$27,629.91",27629.91,0.018420
40,Sidewalk Menu (2023),6337 N HERMITAGE AVE,"$16,549.68",16549.68,0.011033
40,Sidewalk Menu (2023),5230-5300 N Rockwell St,"$39,198.23",39198.23,0.026132
40,Sidewalk Menu (2023),2100-2200 W Norwood St,"$16,795.77",16795.77,0.011197
40,Sidewalk Menu (2023),1900-1940 W Winona St,"$23,150.62",23150.62,0.015434
40,Sidewalk Menu (2023),W OLIVE AVE & N HERMITAGE AVE,"$36,450.80",36450.8,0.024301
40,Street Light Upgrade Menu (2023),5340 N CLARK ST,"$1,000.00",1000.0,0.000667
40,Street Resurfacing Menu (2023),N BOWMANVILLE AVE & N DAMEN AVE,"$33,400.84",33400.84,0.022267
40,,5499-5600 N Damen Ave,"$33,400.84",33400.84,0.022267
40,Street Resurfacing Menu (2023),5300-5400 N Bowmanville Ave,"$29,015.91",29015.91,0.019344
40,Street Resurfacing Menu (2023),6200-6400 N Hoyne Ave,"$59,981.42",59981.42,0.039988
40,Street Resurfacing Menu (2023),2703-2800 W Agatite Ave,"$36,350.22",36350.22,0.024233
40,Street Speed Hump Menu (2023),6100-6200 N Maplewood Ave,"$4,880.00",4880.0,0.003253
40,Street Speed Hump Menu (2023),2700-2800 W Gunnison St,"$4,880.00",4880.0,0.003253
40,Street Speed Hump Replacement (2023),5300-5400 N Bowmanville Ave,$0.00,0.0,0.000000
40,Street Speed Hump Replacement (2023),2703-2800 W Agatite Ave,$0.00,0.0,0.000000
40,Street Traffic Circle Menu (2023),W GLENLAKE AVE & N MAPLEWOOD AVE,"$20,000.00",20000.0,0.013333
40,Street Traffic Circle Menu (2023),W GRANVILLE AVE & N MAPLEWOOD AVE,"$20,000.00",20000.0,0.013333
41,LED Traffic Signal Upgrades & Pedestrian Countdown,7278 W HIGGINS AVE,"$17,337.66",17337.66,0.011558
41,Signal (2023) Miscellaneous CDOT Projects (2023),W HIGGINS AVE & N OCTAVIA AVE,"$11,178.06",11178.06,0.007452
41,Street Light Upgrade Menu (2023),7104 N OZARK AVE,$500.00,500.0,0.000333
41,Street Resurfacing Menu (2023),5330-5442 N Nottingham Ave,"$80,302.72",80302.72,0.053535
41,Street Resurfacing Menu (2023),6660-6700 N Oketo Ave,"$47,537.45",47537.45,0.031692
41,Street Resurfacing Menu (2023),5300-5500 N Oketo Ave,"$107,359.51",107359.51,0.071573
41,Street Resurfacing Menu (2023),7300-7400 N Oketo Ave,"$55,048.99",55048.99,0.036699
41,Street Resurfacing Menu (2023),7500-7600 N Olcott Ave,"$54,608.67",54608.67,0.036406
41,Street Resurfacing Menu (2023),5200-5300 N Olcott Ave,"$61,009.04",61009.04,0.040673
41,Street Resurfacing Menu (2023),5335-5300 N Oleander Ave,"$33,880.86",33880.86,0.022587
41,Street Resurfacing Menu (2023),5300-5200 N Oleander Ave,"$56,957.43",56957.43,0.037972
41,Street Resurfacing Menu (2023),7100-7200 N Oleander Ave,"$48,456.76",48456.76,0.032305
41,Street Resurfacing Menu (2023),6670-6700 N Oliphant Ave,"$76,805.34",76805.34,0.051204
41,Street Resurfacing Menu (2023),6700-6800 N Oliphant Ave,"$55,081.58",55081.58,0.036721
41,Street Resurfacing Menu (2023),6600-6660 N Onarga Ave,"$63,204.00",63204.0,0.042136
41,Street Resurfacing Menu (2023),7200-7299 N Oriole Ave,"$50,051.84",50051.84,0.033368
41,Street Resurfacing Menu (2023),7500-7600 N Osceola Ave,"$55,254.58",55254.58,0.036836
41,Street Resurfacing Menu (2023),6770-6900 N Ottawa Ave,"$59,955.84",59955.84,0.039971
41,Street Resurfacing Menu (2023),7500-7600 N Ottawa Ave,"$70,793.56",70793.56,0.047196
41,Street Resurfacing Menu (2023),5530-5442 N Sayre Ave,"$74,668.96",74668.96,0.049779
41,Street Resurfacing Menu (2023),7200-7300 W Balmoral Ave,"$40,690.24",40690.24,0.027127
41,Street Resurfacing Menu (2023),7800-7900 W Balmoral Ave,"$52,138.49",52138.49,0.034759
41,Street Resurfacing Menu (2023),7800-7700 W Balmoral Ave,"$54,021.48",54021.48,0.036014
41,Street Resurfacing Menu (2023),7200-7300 W Fitch Ave,"$85,610.23",85610.23,0.057073
41,Street Resurfacing Menu (2023),7749-7800 W Olive Ave,"$11,626.36",11626.36,0.007751
41,Street Resurfacing Menu (2023),7800-7900 W Olive Ave,"$35,340.95",35340.95,0.023561
41,Street Resurfacing Menu (2023),7200-7300 W Pratt Ave,"$67,445.42",67445.42,0.044964
41,Street Resurfacing Menu (2023),7200-7300 W Summerdale Ave,"$32,941.36",32941.36,0.021961
41,Street Resurfacing Menu (2023),7300-7300 W Summerdale Ave,"$35,312.61",35312.61,0.023542
41,Street Speed Hump Menu (2023),7000-7100 W Imlay St,"$4,880.00",4880.0,0.003253
41,Street Speed Hump Replacement (2023),5300-5500 N Oketo Ave,$0.00,0.0,0.000000
41,Street Speed Hump Replacement (2023),6700-6800 N Oliphant Ave,$0.00,0.0,0.000000
42,Alley Resurfacing Menu (2023),W SUPERIOR ST & N CLARK ST & N LA SALLE DR & W HURON ST,"$6,272.80",6272.8,0.004190
42,Miscellaneous CDOT Projects (2023),360 W OHIO ST,"$38,304.56",38304.56,0.025588
42,Miscellaneous CDOT Projects (2023),37 E ILLINOIS ST,$660.00,660.0,0.000441
42,Sidewalk Menu (2023),111 E CHESTNUT ST,"$120,000.00",120000.0,0.080160
42,Street Bump Outs Menu (2023),357 W ERIE ST,"$9,684.00",9684.0,0.006469
42,Street Bump Outs Menu (2023),N LARRABEE ST & W ERIE ST,"$21,193.81",21193.81,0.014158
42,Street Light Arterial Menu (2023),100-150 E Pearson St,"$125,000.00",125000.0,0.083500
42,Street Light Arterial Menu (2023),300-340 W Chicago Ave,"$200,000.00",200000.0,0.133601
42,Street Light Pole Painting Menu (2023),730-370 N Michigan Ave,"$37,000.00",37000.0,0.024716
42,Street Resurfacing Menu (2023),399 E RANDOLPH ST,"$15,694.57",15694.57,0.010484
42,Street Resurfacing Menu (2023),N LAKE SHORE DR & N LSD WACKER DR XR,"$25,623.22",25623.22,0.017116
42,,323 E WACKER DR,"$25,623.22",25623.22,0.017116
42,Street Resurfacing Menu (2023),440-400 E Huron St,"$51,151.32",51151.32,0.034169
42,Street Resurfacing Menu (2023),350-400 E River Dr,"$65,774.39",65774.39,0.043937
42,Street Resurfacing Menu (2023),380-433 N Columbus Dr,"$32,860.34",32860.34,0.021951
42,Street Resurfacing Menu (2023),195-150 N Harbor Dr,"$107,101.30",107101.3,0.071544
42,Street Resurfacing Menu (2023),404-430 N Mcclurg Ct,"$22,816.17",22816.17,0.015241
42,Street Resurfacing Menu (2023),430-480 N New St,"$66,217.37",66217.37,0.044233
42,Street Resurfacing Menu (2023),400-440 W Erie St,"$72,083.09",72083.09,0.048152
42,Street Speed Hump Menu (2023),660-730 N Kingsbury St,"$4,880.00",4880.0,0.003260
42,Street Speed Hump Menu (2023),700-726 N Larrabee St,"$2,440.00",2440.0,0.001630
42,Street Speed Hump Menu (2023),170-220 N Westshore Dr,"$2,440.00",2440.0,0.001630
42,Street Speed Hump Replacement (2023),440-400 E Huron St,$0.00,0.0,0.000000
42,Street Speed Hump Replacement (2023),195-150 N Harbor Dr,$0.00,0.0,0.000000
42,Street Speed Hump Replacement (2023),400-440 W Erie St,$0.00,0.0,0.000000
42,Viaduct Improvement Menu (2023),450-455 E WATERSIDE DR,"$166,099.86",166099.86,0.110955
42,Viaduct Improvement Menu (2023),400-500 N Wabash Lower Ave,"$278,079.98",278079.98,0.185758
43,"(2023) In-Road ""State Law Stop For Pedestrians"" Sign Menu",900 W ALTGELD ST,$175.00,175.00,0.000117
43,,2506 N LINCOLN AVE,$175.00,175.00,0.000117
43,"(2023) In-Road ""State Law Stop For Pedestrians"" Sign Menu",N CLARK ST & W DEMING PL,$175.00,175.00,0.000117
43,,2530 N CLARK ST,$175.00,175.00,0.000117
43,"(2023) In-Road ""State Law Stop For Pedestrians"" Sign Menu",W ARMITAGE AVE & N SEMINARY AVE,$600.00,600.0,0.000400
43,(2023) Light Poles and Fixtures in the Lincoln Park Area,5700 N LAKE SHORE DR,"$48,617.00",48617.0,0.032411
43,Alley Apron Menu (2023),1150 W ALTGELD ST,"$16,386.01",16386.01,0.010924
43,Alley Apron Menu (2023),1335 N ASTOR ST,"$15,492.54",15492.54,0.010328
43,Alley Apron Menu (2023),1852 N SHEFFIELD AVE,"$13,178.71",13178.71,0.008786
43,Alley Apron Menu (2023),2417 N ORCHARD ST,"$54,110.24",54110.24,0.036073
43,Alley Apron Menu (2023),2635 N RACINE AVE,"$12,521.68",12521.68,0.008348
43,Alley Apron Menu (2023),N SEMINARY AVE & W LILL AVE & W WRIGHTWOOD AVE & N RACINE AVE,"$36,846.37",36846.37,0.024564
43,,1131 W WRIGHTWOOD AVE,"$36,846.37",36846.37,0.024564
43,Alley Resurfacing Menu (2023),1134 W SCHUBERT AVE,"$27,222.17",27222.17,0.018148
43,,W SCHUBERT AVE & N LINCOLN AVE & N RACINE AVE & W DIVERSEY PKWY,"$27,222.17",27222.17,0.018148
43,Alley Resurfacing Menu (2023),2115 N DAYTON ST,"$22,045.18",22045.18,0.014697
43,,N DAYTON ST & W DICKENS AVE & W WEBSTER AVE & N HALSTED ST,"$22,045.18",22045.18,0.014697
43,Alley Resurfacing Menu (2023),N CAMBRIDGE AVE & W BELDEN AVE & W FULLERTON PKWY & N CLEVELAND AVE,"$6,550.90",6550.90,0.004367
43,,2314 N CAMBRIDGE AVE,"$6,550.90",6550.90,0.004367
43,Alley Resurfacing Menu (2023),N LAKEVIEW AVE & W DIVERSEY PKWY & W WRIGHTWOOD AVE & N PINE GROVE AVE,"$34,237.75",34237.75,0.022825
43,Alley Resurfacing Menu (2023),N MAUD AVE & N SHEFFIELD AVE,"$8,188.64",8188.64,0.005459
43,,1856 N SHEFFIELD AVE,"$8,188.64",8188.64,0.005459
43,Alley Resurfacing Menu (2023),N MOHAWK ST & W EUGENIE ST & W MENOMONEE ST & N LARRABEE ST,"$21,181.13",21181.13,0.014121
43,Alley Resurfacing Menu (2023),W ARMITAGE AVE & N FREMONT ST & N BISSELL ST & W DICKENS AVE,"$37,047.38",37047.38,0.024698
43,Alley Resurfacing Menu (2023),W WEBSTER AVE & N FREMONT ST & N BISSELL ST & W DICKENS AVE,"$5,337.48",5337.48,0.003558
43,,2144 N FREMONT ST,"$5,337.48",5337.48,0.003558
43,Alley Resurfacing Menu (2023),W WRIGHTWOOD AVE & N SEMINARY AVE & N RACINE AVE & W LILL AVE,"$40,123.13",40123.13,0.026749
43,Alley Speed Hump Replacement (2023),2115 N DAYTON ST,$0.00,0.00,0.000000
43,,N DAYTON ST & W DICKENS AVE & W WEBSTER AVE & N HALSTED ST,$0.00,0.00,0.000000
43,Alley Speed Hump Replacement (2023),N MOHAWK ST & W EUGENIE ST & W MENOMONEE ST & N LARRABEE ST,$0.00,0.0,0.000000
43,Alley Speed Hump Replacement (2023),W ARMITAGE AVE & N FREMONT ST & N BISSELL ST & W DICKENS AVE,$0.00,0.0,0.000000
43,Bollard Menu (2023),200 W MENOMONEE ST,"$4,452.88",4452.88,0.002969
43,Chicago Sculpture Exhibit 43 Ward,1001 W WRIGHTWOOD AVE,"$10,000.00",10000.0,0.006667
43,Concrete Alley Menu (2023),W BELDEN AVE & N LINCOLN AVE & N GENEVA TER & W BELDEN AVE,"$19,507.24",19507.24,0.013005
43,,613 W BELDEN AVE,"$19,507.24",19507.24,0.013005
43,Curb & Gutter Menu (2023),1044 W DICKENS AVE,"$48,891.58",48891.58,0.032594
43,Curb & Gutter Menu (2023),1855 N ORCHARD ST,"$14,421.56",14421.56,0.009614
43,Curb & Gutter Menu (2023),N STATE PKWY & E BANKS ST,"$20,788.20",20788.2,0.013859
43,Curb & Gutter Menu (2023),W ARMITAGE AVE & N DAYTON ST,"$3,931.70",3931.70,0.002621
43,,826 W ARMITAGE AVE,"$3,931.70",3931.70,0.002621
43,Diversey Harbor Garden Fencing,2600 N CANNON DR,"$10,000.00",10000.0,0.006667
43,"In-Road ""State Law Stop For Pedestrians"" Sign Menu",1100 W FULLERTON AVE,$175.00,175.00,0.000117
43,,W FULLERTON AVE & N SEMINARY AVE,$175.00,175.00,0.000117
43,Oz Park Playground Development,655 W WEBSTER AVE,"$100,000.00",100000.0,0.066667
43,Pavement Markings Menu (2023),W WRIGHTWOOD AVE & N ORCHARD ST,"$2,500.00",2500.0,0.001667
43,Sidewalk Menu (2023),1 E SCHILLER ST,"$8,945.48",8945.48,0.005964
43,Sidewalk Menu (2023),2401-2799 N LAKEVIEW AVE,"$26,250.00",26250.00,0.017500
43,,2400-2800 N Lakeview Ave,"$26,250.00",26250.00,0.017500
43,Sidewalk Menu (2023),2513 N BURLING ST,"$3,480.35",3480.35,0.002320
43,Sidewalk Menu (2023),2523 N HALSTED ST,"$1,768.49",1768.49,0.001179
43,Sidewalk Menu (2023),2611 N LAKEVIEW AVE,"$35,637.86",35637.86,0.023759
43,Sidewalk Menu (2023),540 W ARMITAGE AVE,"$3,262.94",3262.94,0.002175
43,Street Bump Outs Menu (2023),N CLIFTON AVE & W BELDEN AVE,"$39,107.21",39107.21,0.026071
43,Street Bump Outs Menu (2023),W WILLOW ST & N NORTH PARK AVE,"$4,588.25",4588.25,0.003059
43,Street Light Residential Staggered Piggy Back Menu (2023),2400-2600 N Lakeview Ave,"$336,000.00",336000.0,0.224000
43,Street Light Residential Staggered Piggy Back Menu (2023),400-600 W Wrightwood Ave,"$16,793.09",16793.09,0.011195
43,Street Resurfacing Menu (2023),2100-2200 N Cleveland Ave,"$52,847.10",52847.1,0.035231
43,Street Resurfacing Menu (2023),1865-1910 N Poe St,"$35,407.45",35407.45,0.023605
43,Street Resurfacing Menu (2023),500-550 W Wisconsin St,"$31,841.06",31841.06,0.021227
43,Street Speed Hump Menu (2023),2200-2300 N Clifton Ave,"$4,880.00",4880.0,0.003253
43,Trebes Park Rebuild,2250 N CLIFTON AVE,"$98,081.55",98081.55,0.065388
43,Two Picnic Tables - Fire Station 1950 N Larrabee,1950 N LARRABEE ST,"$10,000.00",10000.0,0.006667
44,Alley Apron Menu (2023),1148 W BARRY AVE,"$12,275.73",12275.73,0.009257
44,,1147 W BARRY AVE,"$12,275.73",12275.73,0.009257
44,Alley Apron Menu (2023),1214 W MELROSE ST,"$9,943.04",9943.04,0.007498
44,Alley Apron Menu (2023),1215 W WAVELAND AVE,"$13,669.36",13669.36,0.010307
44,Alley Apron Menu (2023),1340 W EDDY ST,"$10,336.22",10336.22,0.007794
44,,1343 W EDDY ST,"$10,336.22",10336.22,0.007794
44,Alley Apron Menu (2023),1345 W BYRON ST,"$14,228.04",14228.04,0.010729
44,Alley Apron Menu (2023),1442 W WAVELAND AVE,"$11,381.97",11381.97,0.008583
44,Alley Apron Menu (2023),3616 N RACINE AVE,"$11,108.20",11108.2,0.008376
44,Alley Resurfacing Menu (2023),3818-3832 N WAYNE AVE,"$8,219.53",8219.53,0.006198
44,Alley Resurfacing Menu (2023),740 W MELROSE ST,"$9,586.30",9586.30,0.007229
44,,N BROADWAY & W ALDINE AVE & W MELROSE ST & N HALSTED ST,"$9,586.30",9586.30,0.007229
44,Alley Resurfacing Menu (2023),N FREMONT ST & W WAVELAND AVE & W ADDISON ST & N WILTON AVE,"$18,602.10",18602.10,0.014027
44,,3614-3656 N FREMONT ST,"$18,602.10",18602.10,0.014027
44,Alley Resurfacing Menu (2023),N HALSTED ST & W GEORGE ST & W WOLFRAM ST & N MILDRED AVE,"$24,782.20",24782.2,0.018687
44,Alley Resurfacing Menu (2023),N SHEFFIELD AVE & W BELMONT AVE & W SCHOOL ST & N KENMORE AVE,"$26,945.24",26945.24,0.020318
44,Alley Resurfacing Menu (2023),N SHEFFIELD AVE & W OAKDALE AVE & W GEORGE ST & N MILDRED AVE,"$10,760.51",10760.51,0.008114
44,,2901 N SHEFFIELD AVE,"$10,760.51",10760.51,0.008114
44,Alley Resurfacing Menu (2023),N SHEFFIELD AVE & W SCHOOL ST & W ROSCOE ST & N KENMORE AVE,"$25,029.41",25029.41,0.018873
44,Alley Resurfacing Menu (2023),W HENDERSON ST & N SOUTHPORT AVE & N LAKEWOOD AVE & W ROSCOE ST,"$60,315.44",60315.44,0.045481
44,Alley Resurfacing Menu (2023),W WAVELAND AVE & N SEMINARY AVE & N KENMORE AVE & W GRACE ST,"$43,044.40",43044.4,0.032458
44,Alley Resurfacing Menu (2023),W WELLINGTON AVE & N SEMINARY AVE & N RACINE AVE & W OAKDALE AVE,"$47,879.16",47879.16,0.036103
44,Alley Speed Hump Menu (2023),N HALSTED ST & W ADDISON ST & W CORNELIA AVE & N RETA AVE,"$1,450.00",1450.0,0.001093
44,Alley Speed Hump Menu (2023),N HALSTED ST & W BUCKINGHAM PL & W ALDINE AVE & N CLARK ST,"$1,450.00",1450.0,0.001093
44,Alley Speed Hump Menu (2023),N HALSTED ST & W CORNELIA AVE & W NEWPORT AVE & N SHEFFIELD AVE,"$1,450.00",1450.0,0.001093
44,Alley Speed Hump Menu (2023),N HALSTED ST & W NEWPORT AVE & W ROSCOE ST & N CLARK ST,"$1,450.00",1450.0,0.001093
44,Alley Speed Hump Menu (2023),N HALSTED ST & W ROSCOE ST & W BUCKINGHAM PL & N CLARK ST,"$1,450.00",1450.0,0.001093
44,Curb & Gutter Menu (2023),W ROSCOE ST & N ELAINE PL,"$120,000.00",120000.0,0.090486
44,LED Traffic Signal Upgrades & Pedestrian Countdown,1000 W BELMONT AVE,"$39,071.87",39071.87,0.029462
44,,W BELMONT AVE & N SHEFFIELD AVE,"$39,071.87",39071.87,0.029462
44,Miscellaneous CDOT Projects (2023),3100-3700 N Halsted St,"$405,396.26",405396.26,0.305689
44,One Mural Coating 3637 N Southport,3637 N SOUTHPORT AVE,$700.00,700.0,0.000528
44,Sidewalk Menu (2023),3180 N LAKE SHORE DR,"$1,938.46",1938.46,0.001462
44,Sidewalk Menu (2023),3240-3255 N SOUTHPORT AVE,"$21,413.00",21413.0,0.016146
44,Sidewalk Menu (2023),3304-3321 N SOUTHPORT AVE,"$15,453.80",15453.8,0.011653
44,Sidewalk Menu (2023),548-556 W SURF ST,"$15,402.04",15402.04,0.011614
44,Sidewalk Menu (2023),600 W ALDINE AVE,"$34,060.91",34060.91,0.025684
44,Signal (2023) Miscellaneous CDOT Projects (2023),959 W WAVELAND AVE,$660.00,660.0,0.000498
44,Street Bump Outs Menu (2023),800-1000 W Waveland Ave,"$16,000.00",16000.0,0.012065
44,Street Light Upgrade Menu (2023),1140 W NEWPORT AVE,$500.00,500.00,0.000377
44,,1127 W CORNELIA AVE,$500.00,500.00,0.000377
44,Street Light Upgrade Menu (2023),2910 N SEMINARY AVE,$500.00,500.0,0.000377
44,Street Light Upgrade Menu (2023),W WAVELAND AVE & N SHEFFIELD AVE & N KENMORE AVE & W GRACE ST,"$2,000.00",2000.0,0.001508
44,Street Resurfacing Menu (2023),3700-3800 N Kenmore Ave,"$56,978.90",56978.9,0.042965
44,Street Resurfacing Menu (2023),3400-3430 N Lakewood Ave,"$26,294.18",26294.18,0.019827
44,Street Resurfacing Menu (2023),3000-3100 N Pine Grove Ave,"$31,553.50",31553.5,0.023793
44,Street Resurfacing Menu (2023),500-699 W Stratford Pl,"$46,857.76",46857.76,0.035333
44,Street Speed Hump Menu (2023),3700-3800 N Greenview Ave,"$4,880.00",4880.0,0.003680
44,Street Speed Hump Menu (2023),400-599 W Barry Ave,"$9,760.00",9760.0,0.007360
44,Street Speed Hump Menu (2023),820-999 W Fletcher St,"$9,760.00",9760.0,0.007360
44,Viaduct Improvement Menu (2023),3300-3400 N Lake Shore Dr,$500.00,500.0,0.000377
45,Alley Speed Hump Menu (2023),N MILWAUKEE AVE & W HUTCHINSON ST & W CULLOM AVE & N LAMON AVE,$725.00,725.0,0.000483
45,Speed Indicator Signs (2023),N CENTRAL AVE & W CATALPA AVE,"$3,120.04",3120.04,0.002080
45,Street Resurfacing Menu (2023),6800-7000 N Algonquin Ave,"$102,053.62",102053.62,0.068036
45,Street Resurfacing Menu (2023),6800-7000 N Dowagiac Ave,"$223,518.41",223518.41,0.149012
45,Street Resurfacing Menu (2023),6530-6700 N Kinzua Ave,"$48,816.48",48816.48,0.032544
45,Street Resurfacing Menu (2023),7045-7000 N Leoti Ave,"$64,042.53",64042.53,0.042695
45,Street Resurfacing Menu (2023),6420-6400 N Leroy Ave,"$20,375.49",20375.49,0.013584
45,Street Resurfacing Menu (2023),4630-4730 N Marmora Ave,"$80,836.97",80836.97,0.053891
45,Street Resurfacing Menu (2023),5470-5600 N Mason Ave,"$57,515.19",57515.19,0.038343
45,Street Resurfacing Menu (2023),6930-7000 N Medford Ave,"$54,639.90",54639.9,0.036427
45,Street Resurfacing Menu (2023),6400-6500 N Minnehaha Ave,"$12,290.33",12290.33,0.008194
45,Street Resurfacing Menu (2023),6800-6900 N Minnetonka Ave,"$48,707.41",48707.41,0.032472
45,Street Resurfacing Menu (2023),7000-7100 N Moselle Ave,"$49,998.95",49998.95,0.033333
45,Street Resurfacing Menu (2023),6100-6200 N Nassau Ave,"$91,542.78",91542.78,0.061029
45,Street Resurfacing Menu (2023),6200-6300 N Neenah Ave,"$58,046.99",58046.99,0.038698
45,Street Resurfacing Menu (2023),6740-6900 N Sauganash Ave,"$215,209.26",215209.26,0.143473
45,Street Resurfacing Menu (2023),7000-7100 N Sioux Ave,"$68,133.92",68133.92,0.045423
45,Street Resurfacing Menu (2023),6800-6820 N Waukesha Ave,"$25,065.06",25065.06,0.016710
45,Street Resurfacing Menu (2023),6700-6750 N Waukesha Ave,"$101,427.96",101427.96,0.067619
45,Street Resurfacing Menu (2023),5900-6000 W Eastwood Ave,"$29,525.87",29525.87,0.019684
45,Street Resurfacing Menu (2023),5831-5400 W Greenleaf Ave,"$37,572.20",37572.2,0.025048
45,Street Resurfacing Menu (2023),5400-5460 W Morse Ave,"$101,955.63",101955.63,0.067970
45,Street Speed Hump Menu (2023),4900-5000 N Melvina Ave,"$4,880.00",4880.0,0.003253
46,Alley Resurfacing Menu (2023),N BROADWAY & W GUNNISON ST & W LAWRENCE AVE & N MAGNOLIA AVE,"$7,168.92",7168.92,0.005231
46,Alley Resurfacing Menu (2023),N SHERIDAN RD & W BUENA AVE & W MONTROSE AVE & N KENMORE AVE,"$12,897.57",12897.57,0.009411
46,Alley Resurfacing Menu (2023),W BROMPTON AVE & N LAKE SHORE DR & N PINE GROVE AVE & W CORNELIA AVE,"$14,430.53",14430.53,0.010530
46,Bus Pad (2023),840 W IRVING PARK RD,"$33,748.71",33748.71,0.024626
46,Catch Basin Installation 1000 Block of W Sunnyside Ave,1040-1000 W Sunnyside Ave,"$11,000.00",11000.0,0.008026
46,Concrete Alley Menu (2023),N CLARENDON AVE & W EASTWOOD AVE,"$116,666.67",116666.67,0.085130
46,,826 W WILSON AVE,"$116,666.67",116666.67,0.085130
46,,N CLARENDON AVE & W WILSON AVE,"$116,666.67",116666.67,0.085130
46,Concrete Alley Menu (2023),N CLARENDON AVE & W SUNNYSIDE AVE & W WINDSOR AVE & N HAZEL ST,"$4,237.91",4237.91,0.003092
46,Concrete Alley Menu (2023),W LAWRENCE AVE & N WINTHROP AVE & N KENMORE AVE & W AINSLIE ST,"$382,304.73",382304.73,0.278961
46,High Definition Camera Menu (2023),N PINE GROVE AVE & W ADDISON ST,"$3,500.00",3500.0,0.002554
46,Miscellaneous CDOT Projects (2023),4301 N BROADWAY,"$20,441.02",20441.02,0.014915
46,,N BROADWAY & W CULLOM AVE,"$20,441.02",20441.02,0.014915
46,Sidewalk Menu (2023),3715 N HALSTED ST,"$11,500.61",11500.61,0.008392
46,Sidewalk Menu (2023),4413 N SHERIDAN RD,"$4,474.06",4474.06,0.003265
46,Sidewalk Menu (2023),4423-4445 N BROADWAY,"$19,851.27",19851.27,0.014485
46,Sidewalk Menu (2023),4501-4515 N MALDEN ST,"$2,085.33",2085.33,0.001522
46,Sidewalk Menu (2023),4548 N SHERIDAN RD,"$17,695.70",17695.7,0.012912
46,Sidewalk Menu (2023),4750 N CLARENDON AVE,"$5,753.68",5753.68,0.004198
46,Sidewalk Menu (2023),817 W HUTCHINSON ST,"$22,352.79",22352.79,0.016310
46,Sidewalk Menu (2023),826 W HUTCHINSON ST,"$3,122.61",3122.61,0.002279
46,Sidewalk Menu (2023),826 W WILSON AVE,"$33,702.66",33702.66,0.024592
46,Street Light Pole Painting Menu (2023),4841-4899 N Broadway,"$4,650.00",4650.0,0.003393
46,Street Light Pole Painting Menu (2023),400-800 W Wilson Ave,"$11,100.00",11100.0,0.008099
46,Street Resurfacing Menu (2023),4800-4900 N Kenmore Ave,"$93,266.26",93266.26,0.068055
46,Street Resurfacing Menu (2023),4500-4600 N Magnolia Ave,"$75,784.56",75784.56,0.055299
46,Street Resurfacing Menu (2023),4400-4600 N Malden St,"$2,525.91",2525.91,0.001843
46,Street Resurfacing Menu (2023),3500-3540 N Pine Grove Ave,"$44,003.37",44003.37,0.032108
46,Street Resurfacing Menu (2023),4400-4440 N Racine Ave,"$83,701.79",83701.79,0.061076
46,Street Resurfacing Menu (2023),500-699 W Stratford Pl,"$46,857.76",46857.76,0.034191
46,Street Resurfacing Menu (2023),1000-1040 W Sunnyside Ave,"$27,862.10",27862.1,0.020330
46,Street Speed Hump Replacement (2023),4800-4900 N Kenmore Ave,$0.00,0.0,0.000000
46,Street Speed Hump Replacement (2023),4500-4600 N Magnolia Ave,$0.00,0.0,0.000000
46,Street Speed Hump Replacement (2023),4400-4440 N Racine Ave,$0.00,0.0,0.000000
47,"(2023) In-Road ""State Law Stop For Pedestrians"" Sign Menu",N LINCOLN AVE & W BERENICE AVE,$350.00,350.0,0.000233
47,"(2023) In-Road ""State Law Stop For Pedestrians"" Sign Menu",W ADDISON ST & N HOYNE AVE,$600.00,600.0,0.000400
47,"(2023) In-Road ""State Law Stop For Pedestrians"" Sign Menu",W ADDISON ST & N OAKLEY AVE,$600.00,600.0,0.000400
47,"(2023) In-Road ""State Law Stop For Pedestrians"" Sign Menu",W MONTROSE AVE & N BELL AVE,$600.00,600.0,0.000400
47,"(2023) In-Road ""State Law Stop For Pedestrians"" Sign Menu",W MONTROSE AVE & N CAMPBELL AVE,$600.00,600.0,0.000400
47,"(2023) In-Road ""State Law Stop For Pedestrians"" Sign Menu",W WILSON AVE & N GREENVIEW AVE,$350.00,350.0,0.000233
47,(2023) Pavement Markings Menu (2023),1800 W BYRON ST,"$2,000.00",2000.0,0.001333
47,Alley Apron Menu (2023),3445 N WOLCOTT AVE,"$12,983.40",12983.4,0.008656
47,Alley Apron Menu (2023),3511 N WOLCOTT AVE,"$13,860.59",13860.59,0.009240
47,Alley Resurfacing Menu (2023),N BROADWAY & W ARGYLE ST & W WINNEMAC AVE & N GLENWOOD AVE,"$63,346.03",63346.03,0.042231
47,Alley Speed Hump Menu (2023),N DAMEN AVE & W ADDISON ST & W PATTERSON AVE & N WOLCOTT AVE,"$1,450.00",1450.0,0.000967
47,Alley Speed Hump Menu (2023),W CORNELIA AVE & N ASHLAND AVE & N MARSHFIELD AVE & W ROSCOE ST,"$1,450.00",1450.0,0.000967
47,Bike Boulevard Menu (2023),3600 N LINCOLN AVE,"$65,000.00",65000.0,0.043333
47,Bike Boulevard Menu (2023),3600-4900 N Leavitt St,"$125,000.00",125000.0,0.083333
47,Bike Boulevard Menu (2023),2100-2400 W Berteau Ave,"$60,000.00",60000.0,0.040000
47,Curb & Gutter Menu (2023),2127 W GIDDINGS ST,"$7,561.78",7561.78,0.005041
47,Curb & Gutter Menu (2023),2208 W CULLOM AVE,"$2,372.44",2372.44,0.001582
47,Curb & Gutter Menu (2023),2560 W PENSACOLA AVE,"$9,842.66",9842.66,0.006562
47,Curb & Gutter Menu (2023),4029 N OAKLEY AVE,"$2,627.71",2627.71,0.001752
47,Curb & Gutter Menu (2023),N LINCOLN AVE & W SUNNYSIDE AVE,"$17,079.75",17079.75,0.011387
47,,4512 N LINCOLN AVE,"$17,079.75",17079.75,0.011387
47,"In-Road ""State Law Stop For Pedestrians"" Sign Menu",N CLARK ST & W WINONA ST,$350.00,350.0,0.000233
47,"In-Road ""State Law Stop For Pedestrians"" Sign Menu",W MONTROSE AVE & N SEELEY AVE,$600.00,600.0,0.000400
47,Pavement Markings Menu (2023),1929 W WILSON AVE,"$3,200.00",3200.0,0.002133
47,Pavement Markings Menu (2023),3600-3730 N Talman Ave,$500.00,500.0,0.000333
47,Permanent Picnic Table Shades at Lake View High School,4015-3999 N Ashland Ave,"$9,539.00",9539.0,0.006359
47,Sidewalk Menu (2023),1737 W ROSCOE ST,"$3,611.06",3611.06,0.002407
47,Sidewalk Menu (2023),2016-2018 W BERTEAU AVE,"$3,596.07",3596.07,0.002397
47,Sidewalk Menu (2023),2254 W ADDISON ST,$688.19,688.19,0.000459
47,Sidewalk Menu (2023),2415-2419 W BERENICE AVE,"$68,938.62",68938.62,0.045959
47,Sidewalk Menu (2023),2439 W PENSACOLA AVE,"$4,057.60",4057.6,0.002705
47,Sidewalk Menu (2023),2447 W CULLOM AVE,"$2,953.89",2953.89,0.001969
47,Sidewalk Menu (2023),2659 W LELAND AVE,$924.34,924.34,0.000616
47,Sidewalk Menu (2023),2711-2715 W LELAND AVE,"$8,927.79",8927.79,0.005952
47,,2707 W LELAND AVE,"$8,927.79",8927.79,0.005952
47,Sidewalk Menu (2023),3732 N HERMITAGE AVE,"$7,373.83",7373.83,0.004916
47,Sidewalk Menu (2023),3747 N HOYNE AVE,"$11,784.04",11784.04,0.007856
47,Sidewalk Menu (2023),3939 N OAKLEY AVE,"$2,865.33",2865.33,0.001910
47,Sidewalk Menu (2023),4120 N HERMITAGE AVE,"$1,339.96",1339.96,0.000893
47,Sidewalk Menu (2023),4326 N LEAVITT ST,"$4,658.42",4658.42,0.003106
47,Sidewalk Menu (2023),4631 N LINCOLN AVE,"$5,998.13",5998.13,0.003999
47,Sidewalk Menu (2023),4737 N LINCOLN AVE,"$162,742.64",162742.64,0.108495
47,Sidewalk Menu (2023),4822 N ASHLAND AVE,"$2,695.77",2695.77,0.001797
47,Sidewalk Menu (2023),N HERMITAGE AVE & W LELAND AVE,"$14,572.05",14572.05,0.009715
47,Speed Indicator Signs (2023),W IRVING PARK RD & N GREENVIEW AVE,"$6,348.24",6348.24,0.004232
47,,1466-1468 W IRVING PARK RD,"$6,348.24",6348.24,0.004232
47,,1511 W IRVING PARK RD,"$6,348.24",6348.24,0.004232
47,Street Bump Outs Menu (2023),3600-3700 N Campbell Ave,"$2,081.82",2081.82,0.001388
47,,3700 N CAMPBELL AVE,"$2,081.82",2081.82,0.001388
47,,N CAMPBELL AVE & W WAVELAND AVE,"$2,081.82",2081.82,0.001388
47,Street Bump Outs Menu (2023),W GRACE ST & N BELL AVE,"$11,511.28",11511.28,0.007674
47,Street Bump Outs Menu (2023),W GRACE ST & N CLAREMONT AVE & N OAKLEY AVE & W WAVELAND AVE,"$33,743.77",33743.77,0.022496
47,Street Bump Outs Menu (2023),W WARNER AVE & N DAMEN AVE,"$19,528.13",19528.13,0.013019
47,Street Bump Outs Menu (2023),W WILSON AVE & N WINCHESTER AVE,"$19,119.95",19119.95,0.012747
47,Street Light Upgrade Menu (2023),1409 W BERTEAU AVE,$500.00,500.0,0.000333
47,Street Light Upgrade Menu (2023),1654 W MELROSE ST,$500.00,500.00,0.000333
47,,1634 W MELROSE ST,$500.00,500.00,0.000333
47,Street Light Upgrade Menu (2023),2458 W BERENICE AVE,$500.00,500.0,0.000333
47,Street Light Upgrade Menu (2023),3553 N MARSHFIELD AVE,$117.67,117.67,0.000078
47,Street Light Upgrade Menu (2023),3738 N ASHLAND AVE,$500.00,500.0,0.000333
47,Street Light Upgrade Menu (2023),5135 N GLENWOOD AVE,$500.00,500.0,0.000333
47,Street Resurfacing Menu (2023),4100-4200 N Bell Ave,"$58,607.89",58607.89,0.039072
47,Street Resurfacing Menu (2023),4330-4400 N Greenview Ave,"$37,170.20",37170.2,0.024780
47,Street Resurfacing Menu (2023),4900-5030 N Hermitage Ave,"$62,241.69",62241.69,0.041494
47,Street Resurfacing Menu (2023),3800-3900 N Hoyne Ave,"$59,913.15",59913.15,0.039942
47,Street Resurfacing Menu (2023),4800-4900 N Hoyne Ave,"$54,556.27",54556.27,0.036371
47,Street Resurfacing Menu (2023),4200-4300 N Leavitt St,"$67,311.60",67311.6,0.044874
47,Street Resurfacing Menu (2023),3730-3800 N Wolcott Ave,"$17,322.11",17322.11,0.011548
47,Street Resurfacing Menu (2023),1400-1500 W Berteau Ave,"$88,785.72",88785.72,0.059190
47,Street Resurfacing Menu (2023),1200-1400 W Carmen Ave,"$79,619.97",79619.97,0.053080
47,Street Resurfacing Menu (2023),2400-2500 W Hutchinson St,"$62,022.44",62022.44,0.041348
47,Street Resurfacing Menu (2023),1600-1700 W Leland Ave,"$39,527.95",39527.95,0.026352
47,Street Speed Hump Menu (2023),1700 W ROSCOE ST,"$2,350.00",2350.00,0.001567
47,,1700-1800 W Roscoe St,"$2,350.00",2350.00,0.001567
47,Street Speed Hump Menu (2023),3600-3700 N Campbell Ave,"$4,880.00",4880.0,0.003253
47,Street Speed Hump Menu (2023),3600-3730 N Talman Ave,"$7,320.00",7320.0,0.004880
47,Street Speed Hump Menu (2023),2300-2400 W Belle Plaine Ave,"$4,880.00",4880.0,0.003253
47,Street Speed Hump Replacement (2023),4100-4200 N Bell Ave,$0.00,0.0,0.000000
47,Street Speed Hump Replacement (2023),4330-4400 N Greenview Ave,$0.00,0.0,0.000000
47,Street Speed Hump Replacement (2023),3800-3900 N Hoyne Ave,$0.00,0.0,0.000000
47,Street Speed Hump Replacement (2023),4800-4900 N Hoyne Ave,$0.00,0.0,0.000000
47,Street Speed Hump Replacement (2023),4200-4300 N Leavitt St,$0.00,0.0,0.000000
47,Street Speed Hump Replacement (2023),1200-1400 W Carmen Ave,$0.00,0.0,0.000000
47,Street Speed Hump Replacement (2023),2400-2500 W Hutchinson St,$0.00,0.0,0.000000
47,Street Traffic Circle Menu (2023),N GREENVIEW AVE & W BELLE PLAINE AVE,"$3,231.40",3231.4,0.002154
48,(2023) Miscellaneous CDOT Projects (2023),5359 N CLARK ST,$660.00,660.0,0.000532
48,ADA - Street Resurfacing Menu (2023),5300-5400 N Glenwood Ave,"$3,622.50",3622.5,0.002921
48,Alley Apron Menu (2023),5959 N BROADWAY,"$12,672.05",12672.05,0.010217
48,,5933-6000 N Broadway,"$12,672.05",12672.05,0.010217
48,Alley Apron Menu (2023),6030-6100 N Glenwood Ave,"$23,162.43",23162.43,0.018674
48,,6034 N GLENWOOD AVE,"$23,162.43",23162.43,0.018674
48,Alley Resurfacing Menu (2023),N GLENWOOD AVE & W GREGORY ST & W CATALPA AVE & N CLARK ST,"$14,832.24",14832.24,0.011958
48,Alley Resurfacing Menu (2023),N MARINE DR & W MARGATE TER & W AINSLIE ST & N MCCUTCHEON TER,"$14,306.93",14306.93,0.011535
48,Alley Resurfacing Menu (2023),W ARDMORE AVE & N RIDGE AVE & N CLARK ST & W VICTORIA ST,"$53,529.30",53529.3,0.043157
48,Alley Resurfacing Menu (2023),W GRANVILLE AVE & N SHERIDAN RD & N KENMORE AVE & W GLENLAKE AVE,"$40,662.73",40662.73,0.032784
48,Alley Speed Hump Replacement (2023),W ARDMORE AVE & N RIDGE AVE & N CLARK ST & W VICTORIA ST,$0.00,0.0,0.000000
48,Alley Speed Hump Replacement (2023),W GRANVILLE AVE & N SHERIDAN RD & N KENMORE AVE & W GLENLAKE AVE,$0.00,0.0,0.000000
48,Cochran Park Playlot Renovation,5550 N MAGNOLIA AVE,"$50,000.00",50000.0,0.040312
48,Curb & Gutter Menu (2023),1428-1430 W HOOD AVE,"$10,325.78",10325.78,0.008325
48,Curb & Gutter Menu (2023),5250-5252 N LAKEWOOD AVE,"$4,300.43",4300.43,0.003467
48,Curb & Gutter Menu (2023),5455 N LAKEWOOD AVE,"$1,510.47",1510.47,0.001218
48,Curb & Gutter Menu (2023),5538 N LAKEWOOD AVE,"$1,955.30",1955.3,0.001576
48,Design and installation of Pedestrian Hybrid Beacon (PHB) on N. Ridge Ave. at the intersection with N. Wayne Ave. &,N RIDGE AVE & N WAYNE AVE,"$297,411.70",297411.7,0.239782
48,Mosaic Installation at Stephen K. Hayt Elementary School,1518 W GRANVILLE AVE,"$19,095.75",19095.75,0.015396
48,Pavement Markings Menu (2023),4900-6399 N Winthrop Ave,"$50,000.00",50000.00,0.040312
48,,4900-6400 N Kenmore Ave,"$50,000.00",50000.00,0.040312
48,Sidewalk Menu (2023),1455 W NORWOOD ST,"$5,908.79",5908.79,0.004764
48,Sidewalk Menu (2023),5100 N MARINE DR,"$2,976.73",2976.73,0.002400
48,Sidewalk Menu (2023),5201-5203 N WINTHROP AVE,"$8,009.70",8009.7,0.006458
48,Sidewalk Menu (2023),5353 N BROADWAY,"$42,570.06",42570.06,0.034321
48,Sidewalk Menu (2023),5439 N BROADWAY,"$2,340.31",2340.31,0.001887
48,Sidewalk Menu (2023),5651 N BROADWAY,"$7,114.73",7114.73,0.005736
48,,5643 N BROADWAY,"$7,114.73",7114.73,0.005736
48,Sidewalk Menu (2023),5701 N BROADWAY,"$6,437.91",6437.91,0.005190
48,Sidewalk Menu (2023),5821 N BROADWAY,"$14,310.58",14310.58,0.011538
48,Sidewalk Menu (2023),5947 N BROADWAY,"$8,232.18",8232.18,0.006637
48,Sidewalk Menu (2023),6231 N BROADWAY,"$8,321.07",8321.07,0.006709
48,Sidewalk Menu (2023),6300-6310 N BROADWAY,"$59,721.10",59721.1,0.048149
48,Street Resurfacing Menu (2023),5300-5400 N Glenwood Ave,"$66,270.00",66270.0,0.053429
48,Street Resurfacing Menu (2023),5800-5900 N Kenmore Ave,"$97,543.15",97543.15,0.078642
48,Street Resurfacing Menu (2023),5200-5300 N Wayne Ave,"$55,806.86",55806.86,0.044993
48,Street Resurfacing Menu (2023),5300-5400 N Winthrop Ave,"$64,819.15",64819.15,0.052259
48,Street Resurfacing Menu (2023),1500-1600 W Thorndale Ave,"$48,361.42",48361.42,0.038990
48,Street Speed Hump Replacement (2023),5300-5400 N Glenwood Ave,$0.00,0.0,0.000000
48,Street Speed Hump Replacement (2023),5200-5300 N Wayne Ave,$0.00,0.0,0.000000
48,Street Speed Hump Replacement (2023),5300-5400 N Winthrop Ave,$0.00,0.0,0.000000
48,Street Speed Hump Replacement (2023),1500-1600 W Thorndale Ave,$0.00,0.0,0.000000
48,Volini Plaza,1332-1332 W Hollywood Ave,"$50,000.00",50000.0,0.040312
48,"W. Hollywood Ave. In-Road ""State Law Stop For Pedestrians"" Sign Menu",W DEVON AVE & N BOSWORTH AVE,$600.00,600.0,0.000484
49,49th Ward - Loene Beach Parking Lot Access - CPD,1222 W TOUHY AVE,"$100,000.00",100000.0,0.068725
49,49th Ward - Picnic Tables - Lazarus Park Playground,1257 W COLUMBIA AVE,"$12,000.00",12000.0,0.008247
49,49th Ward - Sidewalk Repairs - Tobey Prinz Park - CPD,1050 W PRATT BLVD,"$30,000.00",30000.0,0.020618
49,49th Ward Mural Funding - DCASE,7442 N ASHLAND AVE,"$33,000.00",33000.0,0.022679
49,Alley Resurfacing Menu (2023),1132 W ALBION AVE,"$19,382.60",19382.60,0.013321
49,,N SHERIDAN RD & W ALBION AVE,"$19,382.60",19382.60,0.013321
49,,N SHERIDAN RD & W NORTH SHORE AVE,"$19,382.60",19382.60,0.013321
49,Alley Resurfacing Menu (2023),N ASHLAND AVE & W PRATT BLVD & W NORTH SHORE AVE & N BOSWORTH AVE,"$23,735.24",23735.24,0.016312
49,,6701 N ASHLAND AVE,"$23,735.24",23735.24,0.016312
49,Alley Resurfacing Menu (2023),N BELL AVE & W TOUHY AVE & W CHASE AVE & N OAKLEY AVE,"$50,068.45",50068.45,0.034410
49,Alley Speed Hump Replacement (2023),1132 W ALBION AVE,$0.00,0.00,0.000000
49,,N SHERIDAN RD & W ALBION AVE,$0.00,0.00,0.000000
49,,N SHERIDAN RD & W NORTH SHORE AVE,$0.00,0.00,0.000000
49,Alley Speed Hump Replacement (2023),N BELL AVE & W TOUHY AVE & W CHASE AVE & N OAKLEY AVE,$0.00,0.0,0.000000
49,Arterial Street Bump Outs Menu (2023),N CLARK ST & W WALLEN AVE,"$128,069.50",128069.5,0.088016
49,Bike Lane/Marked Shared Lane Menu (2023),7500-7770 N Eastlake Ter,"$40,000.00",40000.00,0.027490
49,,1320-1500 W Birchwood Ave,"$40,000.00",40000.00,0.027490
49,Concrete Alley Menu (2023),N GLENWOOD AVE & W GREENLEAF AVE & N GREENVIEW AVE & W LUNT AVE,"$139,950.18",139950.18,0.096181
49,Curb & Gutter Menu (2023),1149 W FARWELL AVE,"$11,455.57",11455.57,0.007873
49,Curb & Gutter Menu (2023),1201 W MORSE AVE,"$17,509.87",17509.87,0.012034
49,Curb & Gutter Menu (2023),1622 W CHASE AVE,"$4,797.70",4797.7,0.003297
49,Miscellaneous CDOT Projects (2023),1442 W JARVIS AVE,$660.00,660.0,0.000454
49,Miscellaneous CDOT Projects (2023),1901 W HOWARD ST,"$3,900.00",3900.0,0.002680
49,Miscellaneous CDOT Projects (2023),7156 N SHERIDAN RD,"$2,600.00",2600.00,0.001787
49,,6555 N SHERIDAN RD,"$2,600.00",2600.00,0.001787
49,,N SHERIDAN RD & W NORTH SHORE AVE,"$2,600.00",2600.00,0.001787
49,,6760 N SHERIDAN RD,"$2,600.00",2600.00,0.001787
49,,6934 N SHERIDAN RD,"$2,600.00",2600.00,0.001787
49,,7001 N SHERIDAN RD,"$2,600.00",2600.00,0.001787
49,,7030 N SHERIDAN RD,"$2,600.00",2600.00,0.001787
49,Sidewalk Menu (2023),1236 W NORTH SHORE AVE,"$2,442.65",2442.65,0.001679
49,Sidewalk Menu (2023),1243-1247 W COLUMBIA AVE,"$11,644.18",11644.18,0.008002
49,Sidewalk Menu (2023),1339 W LOYOLA AVE,"$3,154.99",3154.99,0.002168
49,Sidewalk Menu (2023),1513 W SHERWIN AVE,"$2,777.07",2777.07,0.001909
49,Sidewalk Menu (2023),1522-1524 W GREENLEAF AVE,"$1,622.77",1622.77,0.001115
49,Sidewalk Menu (2023),1538 W ESTES AVE,"$3,125.11",3125.11,0.002148
49,Sidewalk Menu (2023),1560 W HOWARD ST,$449.44,449.44,0.000309
49,Sidewalk Menu (2023),1617 W HOWARD ST,$449.44,449.44,0.000309
49,Sidewalk Menu (2023),1634 W JUNEWAY TER,"$14,224.56",14224.56,0.009776
49,Sidewalk Menu (2023),1710 W JUNEWAY TER,"$19,679.78",19679.78,0.013525
49,Sidewalk Menu (2023),1726 W LUNT AVE,"$18,093.64",18093.64,0.012435
49,Sidewalk Menu (2023),1755 W NORTH SHORE AVE,"$6,881.36",6881.36,0.004729
49,Sidewalk Menu (2023),1810 W CHASE AVE,"$4,264.30",4264.3,0.002931
49,Sidewalk Menu (2023),1844 W CHASE AVE,"$12,077.65",12077.65,0.008300
49,Sidewalk Menu (2023),1941-1951 W MORSE AVE,"$15,615.92",15615.92,0.010732
49,Sidewalk Menu (2023),6432 N NEWGARD AVE,"$5,680.39",5680.39,0.003904
49,Sidewalk Menu (2023),6915-6917 N GREENVIEW AVE,"$7,336.31",7336.31,0.005042
49,Sidewalk Menu (2023),6963 N SHERIDAN RD,"$3,662.98",3662.98,0.002517
49,Sidewalk Menu (2023),7340-7350 N RIDGE BLVD,"$7,990.46",7990.46,0.005491
49,Sidewalk Menu (2023),7401 N SHERIDAN RD,"$19,477.14",19477.14,0.013386
49,Street Resurfacing Menu (2023),7450 N MARSHFIELD AVE,"$13,733.45",13733.45,0.009438
49,,7466-7500 N Marshfield Ave,"$13,733.45",13733.45,0.009438
49,Street Resurfacing Menu (2023),6500-6600 N Lakewood Ave,"$90,310.35",90310.35,0.062066
49,Street Resurfacing Menu (2023),1320-1400 W Birchwood Ave,"$65,218.39",65218.39,0.044822
49,Street Resurfacing Menu (2023),2100-2140 W Chase Ave,"$25,622.14",25622.14,0.017609
49,Street Resurfacing Menu (2023),1400-1500 W Estes Ave,"$66,820.03",66820.03,0.045922
49,Street Resurfacing Menu (2023),1300-1400 W Estes Ave,"$2,031.41",2031.41,0.001396
49,Street Resurfacing Menu (2023),1780-2050 W Greenleaf Ave,"$94,917.14",94917.14,0.065232
49,Street Resurfacing Menu (2023),1300-1400 W Greenleaf Ave,"$81,560.69",81560.69,0.056053
49,Street Resurfacing Menu (2023),2000-2130 W Jarvis Ave,"$56,412.63",56412.63,0.038770
49,Street Resurfacing Menu (2023),1333-1400 W North Shore Ave,"$19,574.69",19574.69,0.013453
49,Street Speed Hump Menu (2023),6900-6940 N Greenview Ave,"$2,440.00",2440.0,0.001677
49,Street Speed Hump Menu (2023),7400-7500 N Oakley Ave,"$4,880.00",4880.0,0.003354
49,Street Speed Hump Menu (2023),7330-7500 N Winchester Ave,"$9,760.00",9760.0,0.006708
49,Street Speed Hump Menu (2023),1500-1530 W Arthur Ave,"$2,440.00",2440.0,0.001677
49,Street Speed Hump Menu (2023),2300-2400 W Birchwood Ave,"$1,380.26",1380.26,0.000949
49,Street Speed Hump Menu (2023),1400-1500 W Birchwood Ave,"$8,354.40",8354.4,0.005742
49,Street Speed Hump Replacement (2023),2100-2140 W Chase Ave,$0.00,0.0,0.000000
50,Alley Apron Menu (2023),2349 W JARVIS AVE,"$10,158.21",10158.21,0.006772
50,Alley Apron Menu (2023),2954 W FITCH AVE,"$16,787.34",16787.34,0.011192
50,Alley Apron Menu (2023),3000 W SHERWIN AVE,"$14,641.79",14641.79,0.009761
50,Alley Apron Menu (2023),7120 N OAKLEY AVE,"$12,228.32",12228.32,0.008152
50,Alley Resurfacing Menu (2023),2133 W ARTHUR AVE,"$6,952.61",6952.61,0.004635
50,,W ARTHUR AVE & N HAMILTON AVE & N LEAVITT ST & W DEVON AVE,"$6,952.61",6952.61,0.004635
50,Alley Resurfacing Menu (2023),6319 N LEAVITT ST,"$12,197.39",12197.39,0.008132
50,,W HIGHLAND AVE & N LEAVITT ST & N LEAVITT ST & W ROSEMONT AVE,"$12,197.39",12197.39,0.008132
50,Alley Resurfacing Menu (2023),N MOZART ST & W DEVON AVE & W ARTHUR AVE & N FRANCISCO AVE,"$6,727.91",6727.91,0.004485
50,Alley Resurfacing Menu (2023),N VIRGINIA AVE & W THORNDALE AVE,"$8,566.58",8566.58,0.005711
50,,N LINCOLN AVE & N WHIPPLE ST,"$8,566.58",8566.58,0.005711
50,Alley Resurfacing Menu (2023),W ARTHUR AVE & N BELL AVE & N OAKLEY AVE & W DEVON AVE,"$29,120.23",29120.23,0.019413
50,Alley Resurfacing Menu (2023),W FITCH AVE & N WESTERN AVE & N ROCKWELL ST & W ESTES AVE,"$37,788.98",37788.98,0.025193
50,Alley Resurfacing Menu (2023),W MORSE AVE & N FRANCISCO AVE & N CALIFORNIA AVE & W PRATT BLVD,"$8,806.33",8806.33,0.005871
50,Alley Speed Hump Menu (2023),W HOWARD ST & N FRANCISCO AVE & N SACRAMENTO AVE & W JEROME ST,"$1,450.00",1450.0,0.000967
50,Alley Speed Hump Replacement (2023),N MOZART ST & W DEVON AVE & W ARTHUR AVE & N FRANCISCO AVE,$0.00,0.0,0.000000
50,Alley Speed Hump Replacement (2023),W ARTHUR AVE & N BELL AVE & N OAKLEY AVE & W DEVON AVE,$0.00,0.0,0.000000
50,Concrete Alley Menu (2023),W MORSE AVE & N FRANCISCO AVE & N CALIFORNIA AVE & W PRATT BLVD,"$3,232.31",3232.31,0.002155
50,Curb & Gutter Menu (2023),2520 W FITCH AVE,"$22,456.05",22456.05,0.014971
50,Curb & Gutter Menu (2023),6431 N HOYNE AVE,"$2,883.50",2883.5,0.001922
50,Sidewalk Menu (2023),2163-2175 W TOUHY AVE,"$34,916.20",34916.2,0.023277
50,Sidewalk Menu (2023),2600-2622 W JARLATH ST,"$13,327.19",13327.19,0.008885
50,,2600-2700 W Jarlath St,"$13,327.19",13327.19,0.008885
50,Street Bump Outs Menu (2023),N SACRAMENTO AVE & W JEROME ST,"$1,404.48",1404.48,0.000936
50,Street Light Residential Staggered Piggy Back Menu (2023),6400-6600 N Rockwell St,"$256,310.47",256310.47,0.170874
50,Street Light Residential Staggered Piggy Back Menu (2023),2800-3000 W Estes Ave,"$326,000.00",326000.0,0.217333
50,Street Light Upgrade Menu (2023),3147 W BIRCHWOOD AVE,$500.00,500.0,0.000333
50,Street Light Upgrade Menu (2023),6240 N RICHMOND ST,$500.00,500.0,0.000333
50,Street Light Upgrade Menu (2023),6318 N DRAKE AVE,$500.00,500.0,0.000333
50,Street Resurfacing Menu (2023),6511-6500 N Bell Ave,"$17,114.56",17114.56,0.011410
50,Street Resurfacing Menu (2023),6200-6400 N Hoyne Ave,"$59,981.42",59981.42,0.039988
50,Street Resurfacing Menu (2023),6511-6500 N Leavitt St,"$16,791.61",16791.61,0.011194
50,Street Resurfacing Menu (2023),6400-6600 N Mozart St,"$99,365.24",99365.24,0.066243
50,Street Resurfacing Menu (2023),6300-6400 N Oakley Ave,"$40,398.67",40398.67,0.026932
50,Street Resurfacing Menu (2023),6300-6400 N Richmond St,"$44,714.52",44714.52,0.029810
50,Street Resurfacing Menu (2023),7200-7230 N Rockwell St,"$39,422.87",39422.87,0.026282
50,Street Resurfacing Menu (2023),6550-6500 N Seeley Ave,"$27,023.33",27023.33,0.018016
50,Street Resurfacing Menu (2023),6400-6500 N Talman Ave,"$44,820.02",44820.02,0.029880
50,Street Resurfacing Menu (2023),6821-6800 N Whipple St,"$14,346.78",14346.78,0.009565
50,Street Resurfacing Menu (2023),6445-6600 N Winchester Ave,"$38,695.82",38695.82,0.025797
50,Street Resurfacing Menu (2023),2600-2800 W Birchwood Ave,"$134,804.82",134804.82,0.089870
50,Street Resurfacing Menu (2023),2900-3000 W Jarvis Ave,"$54,020.66",54020.66,0.036014
50,Street Speed Hump Replacement (2023),6400-6600 N Mozart St,$0.00,0.0,0.000000
50,Street Speed Hump Replacement (2023),2900-3000 W Jarvis Ave,$0.00,0.0,0.000000
1,WARD TOTAL,,"$1,499,999.97",1499999.97,
2,WARD TOTAL,,"$1,447,112.12",1447112.12,
3,WARD TOTAL,,"$1,500,000.00",1500000.00,
4,WARD TOTAL,,"$1,499,499.98",1499499.98,
5,WARD TOTAL,,"$1,499,999.87",1499999.87,
6,WARD TOTAL,,"$1,500,000.00",1500000.00,
7,WARD TOTAL,,"$1,499,999.98",1499999.98,
8,WARD TOTAL,,"$1,499,999.98",1499999.98,
9,WARD TOTAL,,"$1,495,436.32",1495436.32,
10,WARD TOTAL,,"$1,492,755.00",1492755.00,
11,WARD TOTAL,,"$1,192,934.67",1192934.67,
12,WARD TOTAL,,"$1,448,366.07",1448366.07,
13,WARD TOTAL,,"$1,499,499.95",1499499.95,
14,WARD TOTAL,,"$1,489,108.36",1489108.36,
15,WARD TOTAL,,"$1,399,206.48",1399206.48,
16,WARD TOTAL,,"$1,348,339.35",1348339.35,
17,WARD TOTAL,,"$1,487,905.40",1487905.40,
18,WARD TOTAL,,"$1,499,999.99",1499999.99,
19,WARD TOTAL,,"$1,494,774.29",1494774.29,
20,WARD TOTAL,,"$1,380,709.48",1380709.48,
21,WARD TOTAL,,"$1,488,162.40",1488162.40,
22,WARD TOTAL,,"$1,364,155.27",1364155.27,
23,WARD TOTAL,,"$1,486,128.51",1486128.51,
24,WARD TOTAL,,"$1,500,000.00",1500000.00,
25,WARD TOTAL,,"$1,500,000.02",1500000.02,
26,WARD TOTAL,,"$1,461,980.61",1461980.61,
27,WARD TOTAL,,"$1,499,999.99",1499999.99,
28,WARD TOTAL,,"$1,402,479.85",1402479.85,
29,WARD TOTAL,,"$1,499,788.86",1499788.86,
30,WARD TOTAL,,"$1,465,015.00",1465015.00,
31,WARD TOTAL,,"$1,494,846.59",1494846.59,
32,WARD TOTAL,,"$1,499,999.99",1499999.99,
33,WARD TOTAL,,"$1,491,938.60",1491938.60,
34,WARD TOTAL,,"$1,500,000.00",1500000.00,
35,WARD TOTAL,,"$1,499,999.99",1499999.99,
36,WARD TOTAL,,"$1,443,626.96",1443626.96,
37,WARD TOTAL,,"$1,499,999.97",1499999.97,
38,WARD TOTAL,,"$1,370,173.18",1370173.18,
39,WARD TOTAL,,"$1,437,248.95",1437248.95,
40,WARD TOTAL,,"$1,499,999.99",1499999.99,
41,WARD TOTAL,,"$1,499,999.99",1499999.99,
42,WARD TOTAL,,"$1,497,000.00",1497000.00,
43,WARD TOTAL,,"$1,499,999.98",1499999.98,
44,WARD TOTAL,,"$1,326,170.26",1326170.26,
45,WARD TOTAL,,"$1,499,999.99",1499999.99,
46,WARD TOTAL,,"$1,370,460.88",1370460.88,
47,WARD TOTAL,,"$1,500,000.00",1500000.00,
48,WARD TOTAL,,"$1,240,340.56",1240340.56,
49,WARD TOTAL,,"$1,455,068.72",1455068.72,
50,WARD TOTAL,,"$1,499,999.98",1499999.98,
