"year","ward","GEOID_Full","funding_share","total_cost","num_projects","median_income","income_moe","pb_share","pct_under25k","pct_25k_49k","pct_50k_74k","pct_75k_125k","ward_median_income","ward_median_income_10k","income_10k","inc_x_pb","year_f","drop_reason"
2023,1,"170312203002",0.1,150000,2,92696,30390,0.666666666666667,0.0666235446313066,0.087137312881168,0.0702273147292552,0.159027906117169,138798.478136838,13.8798478136838,9.2696,6.17973333333333,"2023",NA
2023,1,"170312204002",0.001627,2440,1,124948,31210,0.666666666666667,0.0666235446313066,0.087137312881168,0.0702273147292552,0.159027906117169,138798.478136838,13.8798478136838,12.4948,8.32986666666667,"2023",NA
2023,1,"170312211002",0.003253,4880,1,73229,50267,0.666666666666667,0.0666235446313066,0.087137312881168,0.0702273147292552,0.159027906117169,138798.478136838,13.8798478136838,7.3229,4.88193333333333,"2023",NA
2023,1,"170312212001",0.028961,43441.95,1,120500,40436,0.666666666666667,0.0666235446313066,0.087137312881168,0.0702273147292552,0.159027906117169,138798.478136838,13.8798478136838,12.05,8.03333333333333,"2023",NA
2023,1,"170312213003",0.003253,4880,1,81944,22770,0.666666666666667,0.0666235446313066,0.087137312881168,0.0702273147292552,0.159027906117169,138798.478136838,13.8798478136838,8.1944,5.46293333333333,"2023",NA
2023,1,"170312214001",0.062903,94353.88,1,143011,79064,0.666666666666667,0.0666235446313066,0.087137312881168,0.0702273147292552,0.159027906117169,138798.478136838,13.8798478136838,14.3011,9.53406666666667,"2023",NA
2023,1,"170312215001",0.018767,28149.75,1,46958,43271,0.666666666666667,0.0666235446313066,0.087137312881168,0.0702273147292552,0.159027906117169,138798.478136838,13.8798478136838,4.6958,3.13053333333333,"2023",NA
2023,1,"170312225001",0.25,375000,1,155878,7134,0.666666666666667,0.0666235446313066,0.087137312881168,0.0702273147292552,0.159027906117169,138798.478136838,13.8798478136838,15.5878,10.3918666666667,"2023",NA
2023,1,"170312410002",0.005444,8165.46,1,96161,28911,0.666666666666667,0.0666235446313066,0.087137312881168,0.0702273147292552,0.159027906117169,138798.478136838,13.8798478136838,9.6161,6.41073333333333,"2023",NA
2023,1,"170312411002",0.003253,4880,1,89861,16544,0.666666666666667,0.0666235446313066,0.087137312881168,0.0702273147292552,0.159027906117169,138798.478136838,13.8798478136838,8.9861,5.99073333333333,"2023",NA
2023,1,"170312412002",0.008651,12975.38,2,136515,36846,0.666666666666667,0.0666235446313066,0.087137312881168,0.0702273147292552,0.159027906117169,138798.478136838,13.8798478136838,13.6515,9.101,"2023",NA
2023,1,"170312414001",0.120282,180422.52,4,151933,74048,0.666666666666667,0.0666235446313066,0.087137312881168,0.0702273147292552,0.159027906117169,138798.478136838,13.8798478136838,15.1933,10.1288666666667,"2023",NA
2023,1,"170312414002",0.003253,4880,1,201806,82630,0.666666666666667,0.0666235446313066,0.087137312881168,0.0702273147292552,0.159027906117169,138798.478136838,13.8798478136838,20.1806,13.4537333333333,"2023",NA
2023,1,"170312414003",0.040097,60145.97,2,250001,NA,0.666666666666667,0.0666235446313066,0.087137312881168,0.0702273147292552,0.159027906117169,138798.478136838,13.8798478136838,25.0001,16.6667333333333,"2023",NA
2023,1,"170312414004",0.00044,660,1,164097,41087,0.666666666666667,0.0666235446313066,0.087137312881168,0.0702273147292552,0.159027906117169,138798.478136838,13.8798478136838,16.4097,10.9398,"2023",NA
2023,1,"170312415001",0.038095,57142.32,5,202125,21264,0.666666666666667,0.0666235446313066,0.087137312881168,0.0702273147292552,0.159027906117169,138798.478136838,13.8798478136838,20.2125,13.475,"2023",NA
2023,1,"170312415003",0.001627,2440,1,146591,50649,0.666666666666667,0.0666235446313066,0.087137312881168,0.0702273147292552,0.159027906117169,138798.478136838,13.8798478136838,14.6591,9.77273333333333,"2023",NA
2023,1,"170312421002",0.070042,105062.01,2,161591,113026,0.666666666666667,0.0666235446313066,0.087137312881168,0.0702273147292552,0.159027906117169,138798.478136838,13.8798478136838,16.1591,10.7727333333333,"2023",NA
2023,1,"170312421003",0.012347,18521,3,209375,56526,0.666666666666667,0.0666235446313066,0.087137312881168,0.0702273147292552,0.159027906117169,138798.478136838,13.8798478136838,20.9375,13.9583333333333,"2023",NA
2023,1,"170312423001",0.003253,4880,1,106613,7707,0.666666666666667,0.0666235446313066,0.087137312881168,0.0702273147292552,0.159027906117169,138798.478136838,13.8798478136838,10.6613,7.10753333333333,"2023",NA
2023,1,"170312429001",0.00469,7034.99,1,124034,32692,0.666666666666667,0.0666235446313066,0.087137312881168,0.0702273147292552,0.159027906117169,138798.478136838,13.8798478136838,12.4034,8.26893333333333,"2023",NA
2023,1,"170312431002",0.00044,660,1,81439,35661,0.666666666666667,0.0666235446313066,0.087137312881168,0.0702273147292552,0.159027906117169,138798.478136838,13.8798478136838,8.1439,5.42926666666667,"2023",NA
2023,1,"170312432002",0.073833,110748.74,3,92059,64103,0.666666666666667,0.0666235446313066,0.087137312881168,0.0702273147292552,0.159027906117169,138798.478136838,13.8798478136838,9.2059,6.13726666666667,"2023",NA
2023,1,"170318309002",0.0148,22200,4,128073,13902,0.666666666666667,0.0666235446313066,0.087137312881168,0.0702273147292552,0.159027906117169,138798.478136838,13.8798478136838,12.8073,8.5382,"2023",NA
2023,2,"170310710001",0.03904,56495.24,2,158214,90629,0,0.046053888782725,0.059908274412383,0.0585706095929677,0.119434358876362,122682.704595063,12.2682704595063,15.8214,0,"2023",NA
2023,2,"170310715001",0.003182,4605.21,1,120988,20576,0,0.046053888782725,0.059908274412383,0.0585706095929677,0.119434358876362,122682.704595063,12.2682704595063,12.0988,0,"2023",NA
2023,2,"170310802012",0.01621,23457.96,1,113571,35413,0,0.046053888782725,0.059908274412383,0.0585706095929677,0.119434358876362,122682.704595063,12.2682704595063,11.3571,0,"2023",NA
2023,2,"170310802021",0.008445,12220.67,1,118408,30937,0,0.046053888782725,0.059908274412383,0.0585706095929677,0.119434358876362,122682.704595063,12.2682704595063,11.8408,0,"2023",NA
2023,2,"170310802022",0.061258,88647.6,2,103491,16343,0,0.046053888782725,0.059908274412383,0.0585706095929677,0.119434358876362,122682.704595063,12.2682704595063,10.3491,0,"2023",NA
2023,2,"170310803003",0.068641,99331.29,2,145069,76507,0,0.046053888782725,0.059908274412383,0.0585706095929677,0.119434358876362,122682.704595063,12.2682704595063,14.5069,0,"2023",NA
2023,2,"170310804001",0.000346,500,1,41200,28892,0,0.046053888782725,0.059908274412383,0.0585706095929677,0.119434358876362,122682.704595063,12.2682704595063,4.12,0,"2023",NA
2023,2,"170310804003",0.219748,318000,1,233214,101701,0,0.046053888782725,0.059908274412383,0.0585706095929677,0.119434358876362,122682.704595063,12.2682704595063,23.3214,0,"2023",NA
2023,2,"170310810001",0.025501,36902.63,1,153958,103022,0,0.046053888782725,0.059908274412383,0.0585706095929677,0.119434358876362,122682.704595063,12.2682704595063,15.3958,0,"2023",NA
2023,2,"170310810003",0.026784,38759.53,1,76337,22129,0,0.046053888782725,0.059908274412383,0.0585706095929677,0.119434358876362,122682.704595063,12.2682704595063,7.6337,0,"2023",NA
2023,2,"170310812022",0.023221,33602.68,1,176850,172967,0,0.046053888782725,0.059908274412383,0.0585706095929677,0.119434358876362,122682.704595063,12.2682704595063,17.685,0,"2023",NA
2023,2,"170310813003",0.043131,62414.72,1,144722,70391,0,0.046053888782725,0.059908274412383,0.0585706095929677,0.119434358876362,122682.704595063,12.2682704595063,14.4722,0,"2023",NA
2023,2,"170310813004",0.035308,51094.51,2,135813,31461,0,0.046053888782725,0.059908274412383,0.0585706095929677,0.119434358876362,122682.704595063,12.2682704595063,13.5813,0,"2023",NA
2023,2,"170310814011",0.126138,182535.41,1,65781,42462,0,0.046053888782725,0.059908274412383,0.0585706095929677,0.119434358876362,122682.704595063,12.2682704595063,6.5781,0,"2023",NA
2023,2,"170310814021",0.065029,94103.81,1,142306,52442,0,0.046053888782725,0.059908274412383,0.0585706095929677,0.119434358876362,122682.704595063,12.2682704595063,14.2306,0,"2023",NA
2023,2,"170310818001",0.048831,70663.85,2,197768,70300,0,0.046053888782725,0.059908274412383,0.0585706095929677,0.119434358876362,122682.704595063,12.2682704595063,19.7768,0,"2023",NA
2023,2,"170318325002",0.047532,68784.37,4,196591,64844,0,0.046053888782725,0.059908274412383,0.0585706095929677,0.119434358876362,122682.704595063,12.2682704595063,19.6591,0,"2023",NA
2023,2,"170318422001",0.019189,27768.94,1,95174,20425,0,0.046053888782725,0.059908274412383,0.0585706095929677,0.119434358876362,122682.704595063,12.2682704595063,9.5174,0,"2023",NA
2023,3,"170313301031",0.016606,24909.09,1,94323,66240,0,0.172315849270971,0.146279113804204,0.0941109638326075,0.167771255444045,80435.307700434,8.0435307700434,9.4323,0,"2023",NA
2023,3,"170313301033",0.000333,500,1,93892,38379,0,0.172315849270971,0.146279113804204,0.0941109638326075,0.167771255444045,80435.307700434,8.0435307700434,9.3892,0,"2023",NA
2023,3,"170313302002",0.15363,230440.58,9,187986,68758,0,0.172315849270971,0.146279113804204,0.0941109638326075,0.167771255444045,80435.307700434,8.0435307700434,18.7986,0,"2023",NA
2023,3,"170313514001",0.104135,156201.3,2,30542,29433,0,0.172315849270971,0.146279113804204,0.0941109638326075,0.167771255444045,80435.307700434,8.0435307700434,3.0542,0,"2023",NA
2023,3,"170313801001",0.000333,500,1,79734,30741,0,0.172315849270971,0.146279113804204,0.0941109638326075,0.167771255444045,80435.307700434,8.0435307700434,7.9734,0,"2023",NA
2023,3,"170313802001",0.003447,5171.9,7,18690,8251,0,0.172315849270971,0.146279113804204,0.0941109638326075,0.167771255444045,80435.307700434,8.0435307700434,1.869,0,"2023",NA
2023,3,"170313806001",0.020497,30746,1,53226,41865,0,0.172315849270971,0.146279113804204,0.0941109638326075,0.167771255444045,80435.307700434,8.0435307700434,5.3226,0,"2023",NA
2023,3,"170313812001",0.038174,57259.95,4,100694,23779,0,0.172315849270971,0.146279113804204,0.0941109638326075,0.167771255444045,80435.307700434,8.0435307700434,10.0694,0,"2023",NA
2023,3,"170313812002",0.025225,37837.24,2,44029,8876,0,0.172315849270971,0.146279113804204,0.0941109638326075,0.167771255444045,80435.307700434,8.0435307700434,4.4029,0,"2023",NA
2023,3,"170313814001",0.105842,158765.2,7,44399,14698,0,0.172315849270971,0.146279113804204,0.0941109638326075,0.167771255444045,80435.307700434,8.0435307700434,4.4399,0,"2023",NA
2023,3,"170313818001",0.034195,51292,5,85000,47323,0,0.172315849270971,0.146279113804204,0.0941109638326075,0.167771255444045,80435.307700434,8.0435307700434,8.5,0,"2023",NA
2023,3,"170314003001",1e-04,150,1,71288,31950,0,0.172315849270971,0.146279113804204,0.0941109638326075,0.167771255444045,80435.307700434,8.0435307700434,7.1288,0,"2023",NA
2023,3,"170314105002",0.015356,23033.42,1,42500,13467,0,0.172315849270971,0.146279113804204,0.0941109638326075,0.167771255444045,80435.307700434,8.0435307700434,4.25,0,"2023",NA
2023,3,"170318355002",0.024381,36571.55,2,28281,18427,0,0.172315849270971,0.146279113804204,0.0941109638326075,0.167771255444045,80435.307700434,8.0435307700434,2.8281,0,"2023",NA
2023,3,"170318356001",1e-04,150,1,12768,1549,0,0.172315849270971,0.146279113804204,0.0941109638326075,0.167771255444045,80435.307700434,8.0435307700434,1.2768,0,"2023",NA
2023,3,"170318358001",5e-04,750,3,84500,24132,0,0.172315849270971,0.146279113804204,0.0941109638326075,0.167771255444045,80435.307700434,8.0435307700434,8.45,0,"2023",NA
2023,3,"170318360002",0.084205,126308.83,3,153693,73423,0,0.172315849270971,0.146279113804204,0.0941109638326075,0.167771255444045,80435.307700434,8.0435307700434,15.3693,0,"2023",NA
2023,3,"170318395001",0.040071,60107.06,2,55625,54241,0,0.172315849270971,0.146279113804204,0.0941109638326075,0.167771255444045,80435.307700434,8.0435307700434,5.5625,0,"2023",NA
2023,3,"170318396002",0.132815,199222.43,5,82014,28410,0,0.172315849270971,0.146279113804204,0.0941109638326075,0.167771255444045,80435.307700434,8.0435307700434,8.2014,0,"2023",NA
2023,3,"170318420001",0.000333,500,1,150227,55330,0,0.172315849270971,0.146279113804204,0.0941109638326075,0.167771255444045,80435.307700434,8.0435307700434,15.0227,0,"2023",NA
2023,3,"170318436002",0.027099,40648.44,1,94375,21188,0,0.172315849270971,0.146279113804204,0.0941109638326075,0.167771255444045,80435.307700434,8.0435307700434,9.4375,0,"2023",NA
2023,3,"170318446001",0.007046,10568.75,1,56848,20291,0,0.172315849270971,0.146279113804204,0.0941109638326075,0.167771255444045,80435.307700434,8.0435307700434,5.6848,0,"2023",NA
2023,4,"170313206002",0.013999,20991.87,1,105763,15254,0,0.169777952446453,0.126547455295736,0.093338573393594,0.161033601886422,77136.9562223212,7.71369562223212,10.5763,0,"2023",NA
2023,4,"170313801001",0.034491,51719.28,6,79734,30741,0,0.169777952446453,0.126547455295736,0.093338573393594,0.161033601886422,77136.9562223212,7.71369562223212,7.9734,0,"2023",NA
2023,4,"170313819001",0.166722,250000,1,65417,45658,0,0.169777952446453,0.126547455295736,0.093338573393594,0.161033601886422,77136.9562223212,7.71369562223212,6.5417,0,"2023",NA
2023,4,"170313902001",0.002934,4399.87,1,97250,32805,0,0.169777952446453,0.126547455295736,0.093338573393594,0.161033601886422,77136.9562223212,7.71369562223212,9.725,0,"2023",NA
2023,4,"170313902002",0.071403,107069.2,4,120500,36513,0,0.169777952446453,0.126547455295736,0.093338573393594,0.161033601886422,77136.9562223212,7.71369562223212,12.05,0,"2023",NA
2023,4,"170313903002",0.009763,14640,1,60933,37712,0,0.169777952446453,0.126547455295736,0.093338573393594,0.161033601886422,77136.9562223212,7.71369562223212,6.0933,0,"2023",NA
2023,4,"170313905001",0.027825,41723.66,3,62188,39226,0,0.169777952446453,0.126547455295736,0.093338573393594,0.161033601886422,77136.9562223212,7.71369562223212,6.2188,0,"2023",NA
2023,4,"170313906001",0.087656,131439.98,4,90625,67627,0,0.169777952446453,0.126547455295736,0.093338573393594,0.161033601886422,77136.9562223212,7.71369562223212,9.0625,0,"2023",NA
2023,4,"170313906002",0.003496,5242.5,2,126607,72642,0,0.169777952446453,0.126547455295736,0.093338573393594,0.161033601886422,77136.9562223212,7.71369562223212,12.6607,0,"2023",NA
2023,4,"170313907002",0.004702,7050,1,83052,7475,0,0.169777952446453,0.126547455295736,0.093338573393594,0.161033601886422,77136.9562223212,7.71369562223212,8.3052,0,"2023",NA
2023,4,"170314101001",0.00367,5503.09,2,48588,8871,0,0.169777952446453,0.126547455295736,0.093338573393594,0.161033601886422,77136.9562223212,7.71369562223212,4.8588,0,"2023",NA
2023,4,"170314107001",0.001627,2440,1,57000,35208,0,0.169777952446453,0.126547455295736,0.093338573393594,0.161033601886422,77136.9562223212,7.71369562223212,5.7,0,"2023",NA
2023,4,"170318364001",0.031095,46626.52,1,19221,12930,0,0.169777952446453,0.126547455295736,0.093338573393594,0.161033601886422,77136.9562223212,7.71369562223212,1.9221,0,"2023",NA
2023,4,"170318364003",0.100133,150150,2,113295,52644,0,0.169777952446453,0.126547455295736,0.093338573393594,0.161033601886422,77136.9562223212,7.71369562223212,11.3295,0,"2023",NA
2023,4,"170318390002",0.076801,115163.49,2,84364,18191,0,0.169777952446453,0.126547455295736,0.093338573393594,0.161033601886422,77136.9562223212,7.71369562223212,8.4364,0,"2023",NA
2023,4,"170318395001",0.028231,42332.49,1,55625,54241,0,0.169777952446453,0.126547455295736,0.093338573393594,0.161033601886422,77136.9562223212,7.71369562223212,5.5625,0,"2023",NA
2023,4,"170318420001",0.047241,70837.26,1,150227,55330,0,0.169777952446453,0.126547455295736,0.093338573393594,0.161033601886422,77136.9562223212,7.71369562223212,15.0227,0,"2023",NA
2023,4,"170318436002",0.085559,128295.84,3,94375,21188,0,0.169777952446453,0.126547455295736,0.093338573393594,0.161033601886422,77136.9562223212,7.71369562223212,9.4375,0,"2023",NA
2023,5,"170314101002",0.017468,26202.03,1,64556,23403,0,0.184121817970475,0.157968150645124,0.131814483319772,0.193537138207602,56236.261031694,5.6236261031694,6.4556,0,"2023",NA
2023,5,"170314105001",0.029242,43862.96,1,130455,55560,0,0.184121817970475,0.157968150645124,0.131814483319772,0.193537138207602,56236.261031694,5.6236261031694,13.0455,0,"2023",NA
2023,5,"170314106001",0.163653,245478.75,1,61250,40872,0,0.184121817970475,0.157968150645124,0.131814483319772,0.193537138207602,56236.261031694,5.6236261031694,6.125,0,"2023",NA
2023,5,"170314106002",0.070784,106175.59,1,38818,8730,0,0.184121817970475,0.157968150645124,0.131814483319772,0.193537138207602,56236.261031694,5.6236261031694,3.8818,0,"2023",NA
2023,5,"170314111002",0.096969,145453.29,2,98750,64627,0,0.184121817970475,0.157968150645124,0.131814483319772,0.193537138207602,56236.261031694,5.6236261031694,9.875,0,"2023",NA
2023,5,"170314204001",0.049641,74462.06,1,38605,4997,0,0.184121817970475,0.157968150645124,0.131814483319772,0.193537138207602,56236.261031694,5.6236261031694,3.8605,0,"2023",NA
2023,5,"170314302001",0.112,168000,1,56875,30344,0,0.184121817970475,0.157968150645124,0.131814483319772,0.193537138207602,56236.261031694,5.6236261031694,5.6875,0,"2023",NA
2023,5,"170314303001",0.010647,15971,1,58793,22659,0,0.184121817970475,0.157968150645124,0.131814483319772,0.193537138207602,56236.261031694,5.6236261031694,5.8793,0,"2023",NA
2023,5,"170314308001",0.036159,54238.38,1,50066,21463,0,0.184121817970475,0.157968150645124,0.131814483319772,0.193537138207602,56236.261031694,5.6236261031694,5.0066,0,"2023",NA
2023,6,"170314402022",0.066667,1e+05,1,35252,10842,0,0.259132774500673,0.249094484114664,0.151919693676912,0.184104315429991,45687.4661917228,4.56874661917228,3.5252,0,"2023",NA
2023,6,"170314402023",0.003809,5712.86,1,66548,64307,0,0.259132774500673,0.249094484114664,0.151919693676912,0.184104315429991,45687.4661917228,4.56874661917228,6.6548,0,"2023",NA
2023,6,"170314403002",0.036692,55037.06,3,35929,34621,0,0.259132774500673,0.249094484114664,0.151919693676912,0.184104315429991,45687.4661917228,4.56874661917228,3.5929,0,"2023",NA
2023,6,"170314406001",0.096643,144964.82,2,55057,14768,0,0.259132774500673,0.249094484114664,0.151919693676912,0.184104315429991,45687.4661917228,4.56874661917228,5.5057,0,"2023",NA
2023,6,"170314406002",0.023876,35814.61,1,59737,39012,0,0.259132774500673,0.249094484114664,0.151919693676912,0.184104315429991,45687.4661917228,4.56874661917228,5.9737,0,"2023",NA
2023,6,"170314902001",0.030319,45477.87,1,59811,12518,0,0.259132774500673,0.249094484114664,0.151919693676912,0.184104315429991,45687.4661917228,4.56874661917228,5.9811,0,"2023",NA
2023,6,"170314902002",0.182587,273880.42,3,75625,21122,0,0.259132774500673,0.249094484114664,0.151919693676912,0.184104315429991,45687.4661917228,4.56874661917228,7.5625,0,"2023",NA
2023,6,"170316814003",0.003253,4880,1,34730,15828,0,0.259132774500673,0.249094484114664,0.151919693676912,0.184104315429991,45687.4661917228,4.56874661917228,3.473,0,"2023",NA
2023,6,"170316910001",0.326,489000,1,39444,39089,0,0.259132774500673,0.249094484114664,0.151919693676912,0.184104315429991,45687.4661917228,4.56874661917228,3.9444,0,"2023",NA
2023,6,"170316911004",0.000333,500,1,80679,21765,0,0.259132774500673,0.249094484114664,0.151919693676912,0.184104315429991,45687.4661917228,4.56874661917228,8.0679,0,"2023",NA
2023,6,"170316912002",0.00044,660,1,38873,12812,0,0.259132774500673,0.249094484114664,0.151919693676912,0.184104315429991,45687.4661917228,4.56874661917228,3.8873,0,"2023",NA
2023,6,"170316913001",0.00044,660,1,73967,51239,0,0.259132774500673,0.249094484114664,0.151919693676912,0.184104315429991,45687.4661917228,4.56874661917228,7.3967,0,"2023",NA
2023,6,"170316913002",0.009336,14004.09,1,28462,23727,0,0.259132774500673,0.249094484114664,0.151919693676912,0.184104315429991,45687.4661917228,4.56874661917228,2.8462,0,"2023",NA
2023,6,"170316914001",0.099504,149256.42,2,75144,24989,0,0.259132774500673,0.249094484114664,0.151919693676912,0.184104315429991,45687.4661917228,4.56874661917228,7.5144,0,"2023",NA
2023,6,"170316914003",0.041379,62068.41,3,28097,12742,0,0.259132774500673,0.249094484114664,0.151919693676912,0.184104315429991,45687.4661917228,4.56874661917228,2.8097,0,"2023",NA
2023,7,"170314305002",0.00044,660,1,53112,23227,0,0.23728813559322,0.236127234734154,0.145112607383329,0.194683074065475,44601.1155515046,4.46011155515046,5.3112,0,"2023",NA
2023,7,"170314305003",0.02984,44760.47,3,80213,63099,0,0.23728813559322,0.236127234734154,0.145112607383329,0.194683074065475,44601.1155515046,4.46011155515046,8.0213,0,"2023",NA
2023,7,"170314309001",0.037824,56736.07,1,29366,14282,0,0.23728813559322,0.236127234734154,0.145112607383329,0.194683074065475,44601.1155515046,4.46011155515046,2.9366,0,"2023",NA
2023,7,"170314312001",0.003253,4880,1,56637,3516,0,0.23728813559322,0.236127234734154,0.145112607383329,0.194683074065475,44601.1155515046,4.46011155515046,5.6637,0,"2023",NA
2023,7,"170314313012",0.011481,17220.96,1,47270,13636,0,0.23728813559322,0.236127234734154,0.145112607383329,0.194683074065475,44601.1155515046,4.46011155515046,4.727,0,"2023",NA
2023,7,"170314313013",0.003253,4880,1,27278,5167,0,0.23728813559322,0.236127234734154,0.145112607383329,0.194683074065475,44601.1155515046,4.46011155515046,2.7278,0,"2023",NA
2023,7,"170314314003",0.019255,28881.86,1,37444,17338,0,0.23728813559322,0.236127234734154,0.145112607383329,0.194683074065475,44601.1155515046,4.46011155515046,3.7444,0,"2023",NA
2023,7,"170314402022",0.041686,62528.41,1,35252,10842,0,0.23728813559322,0.236127234734154,0.145112607383329,0.194683074065475,44601.1155515046,4.46011155515046,3.5252,0,"2023",NA
2023,7,"170314601003",0.035557,53336.2,1,46181,37592,0,0.23728813559322,0.236127234734154,0.145112607383329,0.194683074065475,44601.1155515046,4.46011155515046,4.6181,0,"2023",NA
2023,7,"170314602002",0.017689,26533.1,1,29117,13315,0,0.23728813559322,0.236127234734154,0.145112607383329,0.194683074065475,44601.1155515046,4.46011155515046,2.9117,0,"2023",NA
2023,7,"170314603021",0.022752,34128.44,1,53529,6955,0,0.23728813559322,0.236127234734154,0.145112607383329,0.194683074065475,44601.1155515046,4.46011155515046,5.3529,0,"2023",NA
2023,7,"170314603024",0.044616,66924.31,2,21625,18651,0,0.23728813559322,0.236127234734154,0.145112607383329,0.194683074065475,44601.1155515046,4.46011155515046,2.1625,0,"2023",NA
2023,7,"170314604003",0.011916,17874.81,2,69907,39892,0,0.23728813559322,0.236127234734154,0.145112607383329,0.194683074065475,44601.1155515046,4.46011155515046,6.9907,0,"2023",NA
2023,7,"170314605001",0.036068,54101.6,1,97311,78581,0,0.23728813559322,0.236127234734154,0.145112607383329,0.194683074065475,44601.1155515046,4.46011155515046,9.7311,0,"2023",NA
2023,7,"170314605003",0.008887,13331.15,2,58517,13454,0,0.23728813559322,0.236127234734154,0.145112607383329,0.194683074065475,44601.1155515046,4.46011155515046,5.8517,0,"2023",NA
2023,7,"170314608004",0.028264,42395.74,2,48864,25410,0,0.23728813559322,0.236127234734154,0.145112607383329,0.194683074065475,44601.1155515046,4.46011155515046,4.8864,0,"2023",NA
2023,7,"170314610001",0.005765,8647.93,1,14311,2622,0,0.23728813559322,0.236127234734154,0.145112607383329,0.194683074065475,44601.1155515046,4.46011155515046,1.4311,0,"2023",NA
2023,7,"170314804001",0.002687,4029.81,1,86743,23059,0,0.23728813559322,0.236127234734154,0.145112607383329,0.194683074065475,44601.1155515046,4.46011155515046,8.6743,0,"2023",NA
2023,7,"170314805002",0.039028,58542.5,1,47807,36022,0,0.23728813559322,0.236127234734154,0.145112607383329,0.194683074065475,44601.1155515046,4.46011155515046,4.7807,0,"2023",NA
2023,7,"170315102003",0.00562,8430.67,1,64625,35825,0,0.23728813559322,0.236127234734154,0.145112607383329,0.194683074065475,44601.1155515046,4.46011155515046,6.4625,0,"2023",NA
2023,7,"170315103003",0.194724,292085.63,5,10663,2086,0,0.23728813559322,0.236127234734154,0.145112607383329,0.194683074065475,44601.1155515046,4.46011155515046,1.0663,0,"2023",NA
2023,7,"170315103004",0.001627,2440,1,37893,17230,0,0.23728813559322,0.236127234734154,0.145112607383329,0.194683074065475,44601.1155515046,4.46011155515046,3.7893,0,"2023",NA
2023,8,"170314304003",0.001266,1900,2,92350,45480,0,0.195139911634757,0.186947717231222,0.178571428571429,0.225239322533137,51803.5715323183,5.18035715323184,9.235,0,"2023",NA
2023,8,"170314401022",0.075878,113817.19,2,51053,15008,0,0.195139911634757,0.186947717231222,0.178571428571429,0.225239322533137,51803.5715323183,5.18035715323184,5.1053,0,"2023",NA
2023,8,"170314401023",0.003048,4572.47,1,42768,35177,0,0.195139911634757,0.186947717231222,0.178571428571429,0.225239322533137,51803.5715323183,5.18035715323184,4.2768,0,"2023",NA
2023,8,"170314409001",0.032569,48854.21,1,39363,11980,0,0.195139911634757,0.186947717231222,0.178571428571429,0.225239322533137,51803.5715323183,5.18035715323184,3.9363,0,"2023",NA
2023,8,"170314503002",0.006913,10371.07,3,52227,36074,0,0.195139911634757,0.186947717231222,0.178571428571429,0.225239322533137,51803.5715323183,5.18035715323184,5.2227,0,"2023",NA
2023,8,"170314503003",0.022511,33766.59,2,61146,45557,0,0.195139911634757,0.186947717231222,0.178571428571429,0.225239322533137,51803.5715323183,5.18035715323184,6.1146,0,"2023",NA
2023,8,"170314503004",0.056166,84250.49,5,31325,25858,0,0.195139911634757,0.186947717231222,0.178571428571429,0.225239322533137,51803.5715323183,5.18035715323184,3.1325,0,"2023",NA
2023,8,"170314701001",0.04012,60180.88,3,59403,11539,0,0.195139911634757,0.186947717231222,0.178571428571429,0.225239322533137,51803.5715323183,5.18035715323184,5.9403,0,"2023",NA
2023,8,"170314801002",0.113697,170546.13,4,72135,31493,0,0.195139911634757,0.186947717231222,0.178571428571429,0.225239322533137,51803.5715323183,5.18035715323184,7.2135,0,"2023",NA
2023,8,"170314802001",0.015809,23714.17,2,62721,30772,0,0.195139911634757,0.186947717231222,0.178571428571429,0.225239322533137,51803.5715323183,5.18035715323184,6.2721,0,"2023",NA
2023,8,"170314803001",0.002,3000,1,54268,5688,0,0.195139911634757,0.186947717231222,0.178571428571429,0.225239322533137,51803.5715323183,5.18035715323184,5.4268,0,"2023",NA
2023,8,"170314804004",0.173966,260950,2,168535,7091,0,0.195139911634757,0.186947717231222,0.178571428571429,0.225239322533137,51803.5715323183,5.18035715323184,16.8535,0,"2023",NA
2023,8,"170314804006",0.201689,302534.22,6,100365,49442,0,0.195139911634757,0.186947717231222,0.178571428571429,0.225239322533137,51803.5715323183,5.18035715323184,10.0365,0,"2023",NA
2023,8,"170316915002",0.0558,83700.19,2,23884,5497,0,0.195139911634757,0.186947717231222,0.178571428571429,0.225239322533137,51803.5715323183,5.18035715323184,2.3884,0,"2023",NA
2023,8,"170318343001",0.011053,16580,3,50200,16840,0,0.195139911634757,0.186947717231222,0.178571428571429,0.225239322533137,51803.5715323183,5.18035715323184,5.02,0,"2023",NA
2023,8,"170318343005",0.014,21000,2,111745,78678,0,0.195139911634757,0.186947717231222,0.178571428571429,0.225239322533137,51803.5715323183,5.18035715323184,11.1745,0,"2023",NA
2023,8,"170318343006",0.00044,660,1,68722,52029,0,0.195139911634757,0.186947717231222,0.178571428571429,0.225239322533137,51803.5715323183,5.18035715323184,6.8722,0,"2023",NA
2023,9,"170314905002",0.003097,4632.09,1,72222,20228,0,0.243693610753084,0.228042717731541,0.148131099245075,0.251611121340453,46899.3896183725,4.68993896183725,7.2222,0,"2023",NA
2023,9,"170314907001",0.004949,7401.83,2,38018,8167,0,0.243693610753084,0.228042717731541,0.148131099245075,0.251611121340453,46899.3896183725,4.68993896183725,3.8018,0,"2023",NA
2023,9,"170314907003",0.05053,75563.63,4,50510,7886,0,0.243693610753084,0.228042717731541,0.148131099245075,0.251611121340453,46899.3896183725,4.68993896183725,5.051,0,"2023",NA
2023,9,"170314908001",0.033376,49911.5,2,70341,36980,0,0.243693610753084,0.228042717731541,0.148131099245075,0.251611121340453,46899.3896183725,4.68993896183725,7.0341,0,"2023",NA
2023,9,"170314908003",0.049086,73404.83,2,50982,26763,0,0.243693610753084,0.228042717731541,0.148131099245075,0.251611121340453,46899.3896183725,4.68993896183725,5.0982,0,"2023",NA
2023,9,"170314909013",0.103044,154096.01,2,35556,34065,0,0.243693610753084,0.228042717731541,0.148131099245075,0.251611121340453,46899.3896183725,4.68993896183725,3.5556,0,"2023",NA
2023,9,"170314909022",0.005852,8751.95,3,45250,35136,0,0.243693610753084,0.228042717731541,0.148131099245075,0.251611121340453,46899.3896183725,4.68993896183725,4.525,0,"2023",NA
2023,9,"170314909023",0.006843,10233.14,1,85321,83272,0,0.243693610753084,0.228042717731541,0.148131099245075,0.251611121340453,46899.3896183725,4.68993896183725,8.5321,0,"2023",NA
2023,9,"170314914002",0.036135,54038,2,27933,19761,0,0.243693610753084,0.228042717731541,0.148131099245075,0.251611121340453,46899.3896183725,4.68993896183725,2.7933,0,"2023",NA
2023,9,"170314914003",0.034794,52031.73,2,41424,22329,0,0.243693610753084,0.228042717731541,0.148131099245075,0.251611121340453,46899.3896183725,4.68993896183725,4.1424,0,"2023",NA
2023,9,"170315002001",0.055443,82911.09,1,33654,18982,0,0.243693610753084,0.228042717731541,0.148131099245075,0.251611121340453,46899.3896183725,4.68993896183725,3.3654,0,"2023",NA
2023,9,"170315002002",0.041307,61772.25,1,41907,10610,0,0.243693610753084,0.228042717731541,0.148131099245075,0.251611121340453,46899.3896183725,4.68993896183725,4.1907,0,"2023",NA
2023,9,"170315003001",0.039737,59423.63,1,44539,22691,0,0.243693610753084,0.228042717731541,0.148131099245075,0.251611121340453,46899.3896183725,4.68993896183725,4.4539,0,"2023",NA
2023,9,"170315301001",0.064612,96623.15,2,45909,22241,0,0.243693610753084,0.228042717731541,0.148131099245075,0.251611121340453,46899.3896183725,4.68993896183725,4.5909,0,"2023",NA
2023,9,"170315302001",0.031322,46840.5,2,37972,18901,0,0.243693610753084,0.228042717731541,0.148131099245075,0.251611121340453,46899.3896183725,4.68993896183725,3.7972,0,"2023",NA
2023,9,"170315305021",0.0255,38133.94,1,75986,17820,0,0.243693610753084,0.228042717731541,0.148131099245075,0.251611121340453,46899.3896183725,4.68993896183725,7.5986,0,"2023",NA
2023,9,"170315305032",0.084113,125785.15,4,49342,16668,0,0.243693610753084,0.228042717731541,0.148131099245075,0.251611121340453,46899.3896183725,4.68993896183725,4.9342,0,"2023",NA
2023,9,"170315305033",0.003263,4880,1,47931,14465,0,0.243693610753084,0.228042717731541,0.148131099245075,0.251611121340453,46899.3896183725,4.68993896183725,4.7931,0,"2023",NA
2023,9,"170315306002",0.029724,44450.28,1,90174,32467,0,0.243693610753084,0.228042717731541,0.148131099245075,0.251611121340453,46899.3896183725,4.68993896183725,9.0174,0,"2023",NA
2023,9,"170315306003",0.038178,57093.57,2,25536,16050,0,0.243693610753084,0.228042717731541,0.148131099245075,0.251611121340453,46899.3896183725,4.68993896183725,2.5536,0,"2023",NA
2023,9,"170318424002",0.023594,35283.72,2,117610,29341,0,0.243693610753084,0.228042717731541,0.148131099245075,0.251611121340453,46899.3896183725,4.68993896183725,11.761,0,"2023",NA
2023,10,"170314602002",0.00318,4746.89,1,29117,13315,0,0.182931616550208,0.229645913480411,0.184266310748214,0.232629347570071,50930.3882615955,5.09303882615955,2.9117,0,"2023",NA
2023,10,"170314603012",0.004756,7099.29,1,35156,23289,0,0.182931616550208,0.229645913480411,0.184266310748214,0.232629347570071,50930.3882615955,5.09303882615955,3.5156,0,"2023",NA
2023,10,"170314608001",0.005269,7865.78,1,32553,13974,0,0.182931616550208,0.229645913480411,0.184266310748214,0.232629347570071,50930.3882615955,5.09303882615955,3.2553,0,"2023",NA
2023,10,"170314610001",0.027039,40362.4,1,14311,2622,0,0.182931616550208,0.229645913480411,0.184266310748214,0.232629347570071,50930.3882615955,5.09303882615955,1.4311,0,"2023",NA
2023,10,"170315101001",0.003269,4880,1,69625,37300,0,0.182931616550208,0.229645913480411,0.184266310748214,0.232629347570071,50930.3882615955,5.09303882615955,6.9625,0,"2023",NA
2023,10,"170315101002",0.118672,177148,4,72083,35582,0,0.182931616550208,0.229645913480411,0.184266310748214,0.232629347570071,50930.3882615955,5.09303882615955,7.2083,0,"2023",NA
2023,10,"170315201001",0.045941,68579.13,5,58713,16248,0,0.182931616550208,0.229645913480411,0.184266310748214,0.232629347570071,50930.3882615955,5.09303882615955,5.8713,0,"2023",NA
2023,10,"170315202002",0.003464,5170.37,1,93088,40427,0,0.182931616550208,0.229645913480411,0.184266310748214,0.232629347570071,50930.3882615955,5.09303882615955,9.3088,0,"2023",NA
2023,10,"170315203001",0.157456,235043.75,4,55958,26312,0,0.182931616550208,0.229645913480411,0.184266310748214,0.232629347570071,50930.3882615955,5.09303882615955,5.5958,0,"2023",NA
2023,10,"170315203002",0.00432,6448.95,1,71938,9256,0,0.182931616550208,0.229645913480411,0.184266310748214,0.232629347570071,50930.3882615955,5.09303882615955,7.1938,0,"2023",NA
2023,10,"170315203003",0.007622,11378.6,2,50574,14236,0,0.182931616550208,0.229645913480411,0.184266310748214,0.232629347570071,50930.3882615955,5.09303882615955,5.0574,0,"2023",NA
2023,10,"170315203004",0.018688,27897.48,2,45654,9344,0,0.182931616550208,0.229645913480411,0.184266310748214,0.232629347570071,50930.3882615955,5.09303882615955,4.5654,0,"2023",NA
2023,10,"170315204002",0.000855,1276.87,1,49492,25342,0,0.182931616550208,0.229645913480411,0.184266310748214,0.232629347570071,50930.3882615955,5.09303882615955,4.9492,0,"2023",NA
2023,10,"170315204003",0.00836,12479.47,4,58224,25278,0,0.182931616550208,0.229645913480411,0.184266310748214,0.232629347570071,50930.3882615955,5.09303882615955,5.8224,0,"2023",NA
2023,10,"170315205002",0.132941,198448.49,4,82625,18111,0,0.182931616550208,0.229645913480411,0.184266310748214,0.232629347570071,50930.3882615955,5.09303882615955,8.2625,0,"2023",NA
2023,10,"170315205003",0.158079,235973.63,4,88125,42950,0,0.182931616550208,0.229645913480411,0.184266310748214,0.232629347570071,50930.3882615955,5.09303882615955,8.8125,0,"2023",NA
2023,10,"170315206001",0.067782,101182.16,3,70750,11317,0,0.182931616550208,0.229645913480411,0.184266310748214,0.232629347570071,50930.3882615955,5.09303882615955,7.075,0,"2023",NA
2023,10,"170315501001",0.063182,94313.63,5,33739,14990,0,0.182931616550208,0.229645913480411,0.184266310748214,0.232629347570071,50930.3882615955,5.09303882615955,3.3739,0,"2023",NA
2023,10,"170315501002",0.014711,21960,1,167682,4361,0,0.182931616550208,0.229645913480411,0.184266310748214,0.232629347570071,50930.3882615955,5.09303882615955,16.7682,0,"2023",NA
2023,10,"170315501003",0.003421,5107.26,1,39051,24951,0,0.182931616550208,0.229645913480411,0.184266310748214,0.232629347570071,50930.3882615955,5.09303882615955,3.9051,0,"2023",NA
2023,10,"170315502001",0.003269,4880,1,79375,10176,0,0.182931616550208,0.229645913480411,0.184266310748214,0.232629347570071,50930.3882615955,5.09303882615955,7.9375,0,"2023",NA
2023,10,"170318339001",0.042383,63266.97,2,36518,30127,0,0.182931616550208,0.229645913480411,0.184266310748214,0.232629347570071,50930.3882615955,5.09303882615955,3.6518,0,"2023",NA
2023,10,"170318339002",0.002464,3677.73,1,40949,6123,0,0.182931616550208,0.229645913480411,0.184266310748214,0.232629347570071,50930.3882615955,5.09303882615955,4.0949,0,"2023",NA
2023,10,"170318388002",0.033926,50644,7,25366,8156,0,0.182931616550208,0.229645913480411,0.184266310748214,0.232629347570071,50930.3882615955,5.09303882615955,2.5366,0,"2023",NA
2023,11,"170313403001",0.044758,53393.9,2,50543,12374,0,0.14889923459323,0.188747731397459,0.125700307740866,0.204134774717904,69795.5362382264,6.97955362382264,5.0543,0,"2023",NA
2023,11,"170313405001",0.083827,1e+05,1,61018,15881,0,0.14889923459323,0.188747731397459,0.125700307740866,0.204134774717904,69795.5362382264,6.97955362382264,6.1018,0,"2023",NA
2023,11,"170313510001",0.006706,8000,1,101523,49400,0,0.14889923459323,0.188747731397459,0.125700307740866,0.204134774717904,69795.5362382264,6.97955362382264,10.1523,0,"2023",NA
2023,11,"170316004001",0.047422,56571.82,2,64542,5173,0,0.14889923459323,0.188747731397459,0.125700307740866,0.204134774717904,69795.5362382264,6.97955362382264,6.4542,0,"2023",NA
2023,11,"170316004002",0.029921,35694.48,4,132815,92250,0,0.14889923459323,0.188747731397459,0.125700307740866,0.204134774717904,69795.5362382264,6.97955362382264,13.2815,0,"2023",NA
2023,11,"170316004003",0.002626,3132.65,1,40033,22467,0,0.14889923459323,0.188747731397459,0.125700307740866,0.204134774717904,69795.5362382264,6.97955362382264,4.0033,0,"2023",NA
2023,11,"170316006001",0.008182,9760,1,88313,23373,0,0.14889923459323,0.188747731397459,0.125700307740866,0.204134774717904,69795.5362382264,6.97955362382264,8.8313,0,"2023",NA
2023,11,"170316007001",0.105803,126216.28,1,69178,6466,0,0.14889923459323,0.188747731397459,0.125700307740866,0.204134774717904,69795.5362382264,6.97955362382264,6.9178,0,"2023",NA
2023,11,"170316007002",0.100889,120353.97,3,38603,20655,0,0.14889923459323,0.188747731397459,0.125700307740866,0.204134774717904,69795.5362382264,6.97955362382264,3.8603,0,"2023",NA
2023,11,"170316009002",0.001106,1320,2,54710,7508,0,0.14889923459323,0.188747731397459,0.125700307740866,0.204134774717904,69795.5362382264,6.97955362382264,5.471,0,"2023",NA
2023,11,"170318397001",0.104338,124469.08,9,91488,40158,0,0.14889923459323,0.188747731397459,0.125700307740866,0.204134774717904,69795.5362382264,6.97955362382264,9.1488,0,"2023",NA
2023,11,"170318397002",0.067533,80562.58,2,100303,45974,0,0.14889923459323,0.188747731397459,0.125700307740866,0.204134774717904,69795.5362382264,6.97955362382264,10.0303,0,"2023",NA
2023,11,"170318398002",0.000419,500,1,71722,13082,0,0.14889923459323,0.188747731397459,0.125700307740866,0.204134774717904,69795.5362382264,6.97955362382264,7.1722,0,"2023",NA
2023,11,"170318399001",0.084914,101297.22,2,88458,36249,0,0.14889923459323,0.188747731397459,0.125700307740866,0.204134774717904,69795.5362382264,6.97955362382264,8.8458,0,"2023",NA
2023,11,"170318399002",0.002532,3020.61,2,107447,52433,0,0.14889923459323,0.188747731397459,0.125700307740866,0.204134774717904,69795.5362382264,6.97955362382264,10.7447,0,"2023",NA
2023,11,"170318399003",0.019791,23609.91,1,87664,21718,0,0.14889923459323,0.188747731397459,0.125700307740866,0.204134774717904,69795.5362382264,6.97955362382264,8.7664,0,"2023",NA
2023,11,"170318399004",0.104643,124832.73,3,69306,42610,0,0.14889923459323,0.188747731397459,0.125700307740866,0.204134774717904,69795.5362382264,6.97955362382264,6.9306,0,"2023",NA
2023,11,"170318400001",0.000419,500,1,93816,29629,0,0.14889923459323,0.188747731397459,0.125700307740866,0.204134774717904,69795.5362382264,6.97955362382264,9.3816,0,"2023",NA
2023,11,"170318402001",0.039582,47218.38,5,51771,26004,0,0.14889923459323,0.188747731397459,0.125700307740866,0.204134774717904,69795.5362382264,6.97955362382264,5.1771,0,"2023",NA
2023,11,"170318404002",0.000419,500,1,75156,66974,0,0.14889923459323,0.188747731397459,0.125700307740866,0.204134774717904,69795.5362382264,6.97955362382264,7.5156,0,"2023",NA
2023,11,"170318411002",0.002934,3500,1,70284,66579,0,0.14889923459323,0.188747731397459,0.125700307740866,0.204134774717904,69795.5362382264,6.97955362382264,7.0284,0,"2023",NA
2023,11,"170318426003",0.002405,2868.9,1,90509,37718,0,0.14889923459323,0.188747731397459,0.125700307740866,0.204134774717904,69795.5362382264,6.97955362382264,9.0509,0,"2023",NA
2023,12,"170313011001",0.027204,39401.68,1,53750,31967,0,0.180916228108015,0.276507635234233,0.16926926063325,0.207402294883962,61616.042910899,6.1616042910899,5.375,0,"2023",NA
2023,12,"170315801002",0.000346,500,2,39272,25994,0,0.180916228108015,0.276507635234233,0.16926926063325,0.207402294883962,61616.042910899,6.1616042910899,3.9272,0,"2023",NA
2023,12,"170315802002",0.000173,250,1,32060,5260,0,0.180916228108015,0.276507635234233,0.16926926063325,0.207402294883962,61616.042910899,6.1616042910899,3.206,0,"2023",NA
2023,12,"170315804003",0.041225,59708.45,2,57904,16168,0,0.180916228108015,0.276507635234233,0.16926926063325,0.207402294883962,61616.042910899,6.1616042910899,5.7904,0,"2023",NA
2023,12,"170315805022",0.042266,61216.9,2,65272,32011,0,0.180916228108015,0.276507635234233,0.16926926063325,0.207402294883962,61616.042910899,6.1616042910899,6.5272,0,"2023",NA
2023,12,"170315807001",0.074267,107565.25,1,31607,17193,0,0.180916228108015,0.276507635234233,0.16926926063325,0.207402294883962,61616.042910899,6.1616042910899,3.1607,0,"2023",NA
2023,12,"170315807002",0.051852,75100.59,3,58986,19432,0,0.180916228108015,0.276507635234233,0.16926926063325,0.207402294883962,61616.042910899,6.1616042910899,5.8986,0,"2023",NA
2023,12,"170315905001",0.090792,131500,1,72383,30497,0,0.180916228108015,0.276507635234233,0.16926926063325,0.207402294883962,61616.042910899,6.1616042910899,7.2383,0,"2023",NA
2023,12,"170315906003",0.040116,58101.7,4,102539,54236,0,0.180916228108015,0.276507635234233,0.16926926063325,0.207402294883962,61616.042910899,6.1616042910899,10.2539,0,"2023",NA
2023,12,"170318403002",0.299824,434255,4,76648,38514,0,0.180916228108015,0.276507635234233,0.16926926063325,0.207402294883962,61616.042910899,6.1616042910899,7.6648,0,"2023",NA
2023,12,"170318404002",0.066108,95749.01,4,75156,66974,0,0.180916228108015,0.276507635234233,0.16926926063325,0.207402294883962,61616.042910899,6.1616042910899,7.5156,0,"2023",NA
2023,12,"170318428001",0.078062,113061.8,2,60927,17286,0,0.180916228108015,0.276507635234233,0.16926926063325,0.207402294883962,61616.042910899,6.1616042910899,6.0927,0,"2023",NA
2023,12,"170318435001",0.073438,106366.41,3,55833,33830,0,0.180916228108015,0.276507635234233,0.16926926063325,0.207402294883962,61616.042910899,6.1616042910899,5.5833,0,"2023",NA
2023,13,"170315608003",0.018273,27400,2,97625,49316,0,0.0842296872414364,0.174747641899719,0.186000330961443,0.252854542445805,80916.937762012,8.09169377620121,9.7625,0,"2023",NA
2023,13,"170315610001",0.005984,8973.24,3,62983,10164,0,0.0842296872414364,0.174747641899719,0.186000330961443,0.252854542445805,80916.937762012,8.09169377620121,6.2983,0,"2023",NA
2023,13,"170315610002",0.027399,41085.37,4,150380,112238,0,0.0842296872414364,0.174747641899719,0.186000330961443,0.252854542445805,80916.937762012,8.09169377620121,15.038,0,"2023",NA
2023,13,"170315610003",0.053568,80323.7,13,108255,62957,0,0.0842296872414364,0.174747641899719,0.186000330961443,0.252854542445805,80916.937762012,8.09169377620121,10.8255,0,"2023",NA
2023,13,"170315610004",0.024164,36234.36,9,114000,41717,0,0.0842296872414364,0.174747641899719,0.186000330961443,0.252854542445805,80916.937762012,8.09169377620121,11.4,0,"2023",NA
2023,13,"170315610005",0.067489,101198.48,7,114350,112831,0,0.0842296872414364,0.174747641899719,0.186000330961443,0.252854542445805,80916.937762012,8.09169377620121,11.435,0,"2023",NA
2023,13,"170315611002",0.007495,11238.62,3,110795,30013,0,0.0842296872414364,0.174747641899719,0.186000330961443,0.252854542445805,80916.937762012,8.09169377620121,11.0795,0,"2023",NA
2023,13,"170315611005",0.032745,49100.34,9,138029,34659,0,0.0842296872414364,0.174747641899719,0.186000330961443,0.252854542445805,80916.937762012,8.09169377620121,13.8029,0,"2023",NA
2023,13,"170315611006",0.017015,25514.64,7,94083,45992,0,0.0842296872414364,0.174747641899719,0.186000330961443,0.252854542445805,80916.937762012,8.09169377620121,9.4083,0,"2023",NA
2023,13,"170316202002",0.013134,19693.91,1,36699,33074,0,0.0842296872414364,0.174747641899719,0.186000330961443,0.252854542445805,80916.937762012,8.09169377620121,3.6699,0,"2023",NA
2023,13,"170316203001",0.009139,13703.87,2,84226,46859,0,0.0842296872414364,0.174747641899719,0.186000330961443,0.252854542445805,80916.937762012,8.09169377620121,8.4226,0,"2023",NA
2023,13,"170316203002",0.001403,2105.47,3,96563,63214,0,0.0842296872414364,0.174747641899719,0.186000330961443,0.252854542445805,80916.937762012,8.09169377620121,9.6563,0,"2023",NA
2023,13,"170316203003",0.010326,15482.94,2,66855,50381,0,0.0842296872414364,0.174747641899719,0.186000330961443,0.252854542445805,80916.937762012,8.09169377620121,6.6855,0,"2023",NA
2023,13,"170316203004",0.001247,1869.57,1,65965,11803,0,0.0842296872414364,0.174747641899719,0.186000330961443,0.252854542445805,80916.937762012,8.09169377620121,6.5965,0,"2023",NA
2023,13,"170316203006",0.008131,12193.51,6,57621,52473,0,0.0842296872414364,0.174747641899719,0.186000330961443,0.252854542445805,80916.937762012,8.09169377620121,5.7621,0,"2023",NA
2023,13,"170316401001",0.01843,27637.45,9,67585,19948,0,0.0842296872414364,0.174747641899719,0.186000330961443,0.252854542445805,80916.937762012,8.09169377620121,6.7585,0,"2023",NA
2023,13,"170316403001",0.021344,32004.03,4,58125,9764,0,0.0842296872414364,0.174747641899719,0.186000330961443,0.252854542445805,80916.937762012,8.09169377620121,5.8125,0,"2023",NA
2023,13,"170316403002",0.020794,31181.75,6,98036,61623,0,0.0842296872414364,0.174747641899719,0.186000330961443,0.252854542445805,80916.937762012,8.09169377620121,9.8036,0,"2023",NA
2023,13,"170316403004",0.05684,85233.05,7,123857,18993,0,0.0842296872414364,0.174747641899719,0.186000330961443,0.252854542445805,80916.937762012,8.09169377620121,12.3857,0,"2023",NA
2023,13,"170316403006",0.011035,16548.34,4,124545,22038,0,0.0842296872414364,0.174747641899719,0.186000330961443,0.252854542445805,80916.937762012,8.09169377620121,12.4545,0,"2023",NA
2023,13,"170316404001",0.024915,37357.17,9,96071,22808,0,0.0842296872414364,0.174747641899719,0.186000330961443,0.252854542445805,80916.937762012,8.09169377620121,9.6071,0,"2023",NA
2023,13,"170316404002",0.082321,123441.02,19,74219,40703,0,0.0842296872414364,0.174747641899719,0.186000330961443,0.252854542445805,80916.937762012,8.09169377620121,7.4219,0,"2023",NA
2023,13,"170316405001",0.017226,25829.16,4,103996,21685,0,0.0842296872414364,0.174747641899719,0.186000330961443,0.252854542445805,80916.937762012,8.09169377620121,10.3996,0,"2023",NA
2023,13,"170316405002",0.069057,103553.45,10,61326,21360,0,0.0842296872414364,0.174747641899719,0.186000330961443,0.252854542445805,80916.937762012,8.09169377620121,6.1326,0,"2023",NA
2023,13,"170316406001",0.015207,22803.04,1,45649,32640,0,0.0842296872414364,0.174747641899719,0.186000330961443,0.252854542445805,80916.937762012,8.09169377620121,4.5649,0,"2023",NA
2023,13,"170316406002",0.010948,16419.11,6,127781,44400,0,0.0842296872414364,0.174747641899719,0.186000330961443,0.252854542445805,80916.937762012,8.09169377620121,12.7781,0,"2023",NA
2023,13,"170316406003",0.013991,20980.93,3,73176,9709,0,0.0842296872414364,0.174747641899719,0.186000330961443,0.252854542445805,80916.937762012,8.09169377620121,7.3176,0,"2023",NA
2023,13,"170316407001",0.005423,8132.06,3,78859,8174,0,0.0842296872414364,0.174747641899719,0.186000330961443,0.252854542445805,80916.937762012,8.09169377620121,7.8859,0,"2023",NA
2023,13,"170316407002",0.002859,4286.89,1,100682,86957,0,0.0842296872414364,0.174747641899719,0.186000330961443,0.252854542445805,80916.937762012,8.09169377620121,10.0682,0,"2023",NA
2023,13,"170316407003",0.005291,7935.72,3,53750,26452,0,0.0842296872414364,0.174747641899719,0.186000330961443,0.252854542445805,80916.937762012,8.09169377620121,5.375,0,"2023",NA
2023,13,"170316407004",0.001627,2440,1,85750,63165,0,0.0842296872414364,0.174747641899719,0.186000330961443,0.252854542445805,80916.937762012,8.09169377620121,8.575,0,"2023",NA
2023,13,"170316408001",0.002273,3408.1,2,66630,17330,0,0.0842296872414364,0.174747641899719,0.186000330961443,0.252854542445805,80916.937762012,8.09169377620121,6.663,0,"2023",NA
2023,13,"170316408002",0.011244,16857.28,5,29213,1733,0,0.0842296872414364,0.174747641899719,0.186000330961443,0.252854542445805,80916.937762012,8.09169377620121,2.9213,0,"2023",NA
2023,13,"170316502001",0.000333,500,1,156020,34206,0,0.0842296872414364,0.174747641899719,0.186000330961443,0.252854542445805,80916.937762012,8.09169377620121,15.602,0,"2023",NA
2023,13,"170316502002",0.015001,22493.81,5,36875,24785,0,0.0842296872414364,0.174747641899719,0.186000330961443,0.252854542445805,80916.937762012,8.09169377620121,3.6875,0,"2023",NA
2023,13,"170316502003",0.018449,27664.88,5,100406,47803,0,0.0842296872414364,0.174747641899719,0.186000330961443,0.252854542445805,80916.937762012,8.09169377620121,10.0406,0,"2023",NA
2023,13,"170316502004",0.009158,13735.14,5,86304,29520,0,0.0842296872414364,0.174747641899719,0.186000330961443,0.252854542445805,80916.937762012,8.09169377620121,8.6304,0,"2023",NA
2023,13,"170316502006",0.02291,34352.36,3,141618,18716,0,0.0842296872414364,0.174747641899719,0.186000330961443,0.252854542445805,80916.937762012,8.09169377620121,14.1618,0,"2023",NA
2023,13,"170316503011",0.020654,30972.78,6,41406,20681,0,0.0842296872414364,0.174747641899719,0.186000330961443,0.252854542445805,80916.937762012,8.09169377620121,4.1406,0,"2023",NA
2023,13,"170316503012",0.024771,37144.98,6,95208,41773,0,0.0842296872414364,0.174747641899719,0.186000330961443,0.252854542445805,80916.937762012,8.09169377620121,9.5208,0,"2023",NA
2023,13,"170316503013",0.019134,28692.44,6,44440,25499,0,0.0842296872414364,0.174747641899719,0.186000330961443,0.252854542445805,80916.937762012,8.09169377620121,4.444,0,"2023",NA
2023,13,"170316503022",0.000333,500,1,44504,20037,0,0.0842296872414364,0.174747641899719,0.186000330961443,0.252854542445805,80916.937762012,8.09169377620121,4.4504,0,"2023",NA
2023,13,"170317003024",0.000896,1343.94,1,87723,27960,0,0.0842296872414364,0.174747641899719,0.186000330961443,0.252854542445805,80916.937762012,8.09169377620121,8.7723,0,"2023",NA
2023,14,"170315608002",0.001585,2360.79,1,70526,35992,0,0.123267995944576,0.245944575870226,0.180635349780331,0.235299087529571,60072.632864327,6.0072632864327,7.0526,0,"2023",NA
2023,14,"170315701001",0.057167,85126.87,11,73462,9398,0,0.123267995944576,0.245944575870226,0.180635349780331,0.235299087529571,60072.632864327,6.0072632864327,7.3462,0,"2023",NA
2023,14,"170315703001",0.030149,44892.41,6,56058,21642,0,0.123267995944576,0.245944575870226,0.180635349780331,0.235299087529571,60072.632864327,6.0072632864327,5.6058,0,"2023",NA
2023,14,"170315703003",0.026151,38940.79,3,80857,17666,0,0.123267995944576,0.245944575870226,0.180635349780331,0.235299087529571,60072.632864327,6.0072632864327,8.0857,0,"2023",NA
2023,14,"170315704002",0.027439,40860.45,2,55625,48552,0,0.123267995944576,0.245944575870226,0.180635349780331,0.235299087529571,60072.632864327,6.0072632864327,5.5625,0,"2023",NA
2023,14,"170315705001",0.148499,221131.32,1,96000,13929,0,0.123267995944576,0.245944575870226,0.180635349780331,0.235299087529571,60072.632864327,6.0072632864327,9.6,0,"2023",NA
2023,14,"170316303001",0.00395,5880.52,2,60202,39094,0,0.123267995944576,0.245944575870226,0.180635349780331,0.235299087529571,60072.632864327,6.0072632864327,6.0202,0,"2023",NA
2023,14,"170316303002",0.015817,23553.64,7,71821,35489,0,0.123267995944576,0.245944575870226,0.180635349780331,0.235299087529571,60072.632864327,6.0072632864327,7.1821,0,"2023",NA
2023,14,"170316304001",0.053709,79979.54,7,60822,4481,0,0.123267995944576,0.245944575870226,0.180635349780331,0.235299087529571,60072.632864327,6.0072632864327,6.0822,0,"2023",NA
2023,14,"170316304002",0.02258,33622.43,6,91719,52772,0,0.123267995944576,0.245944575870226,0.180635349780331,0.235299087529571,60072.632864327,6.0072632864327,9.1719,0,"2023",NA
2023,14,"170316304004",0.037944,56503.41,5,35511,10953,0,0.123267995944576,0.245944575870226,0.180635349780331,0.235299087529571,60072.632864327,6.0072632864327,3.5511,0,"2023",NA
2023,14,"170316305001",0.001787,2661.61,1,52424,15952,0,0.123267995944576,0.245944575870226,0.180635349780331,0.235299087529571,60072.632864327,6.0072632864327,5.2424,0,"2023",NA
2023,14,"170316306002",0.013109,19520,1,28950,9339,0,0.123267995944576,0.245944575870226,0.180635349780331,0.235299087529571,60072.632864327,6.0072632864327,2.895,0,"2023",NA
2023,14,"170316308001",0.040741,60666.6,3,95125,42894,0,0.123267995944576,0.245944575870226,0.180635349780331,0.235299087529571,60072.632864327,6.0072632864327,9.5125,0,"2023",NA
2023,14,"170316308002",0.008508,12669.92,2,128995,30855,0,0.123267995944576,0.245944575870226,0.180635349780331,0.235299087529571,60072.632864327,6.0072632864327,12.8995,0,"2023",NA
2023,14,"170316308003",0.09772,145515.63,6,63845,999,0,0.123267995944576,0.245944575870226,0.180635349780331,0.235299087529571,60072.632864327,6.0072632864327,6.3845,0,"2023",NA
2023,14,"170316308004",0.008668,12906.94,2,41614,14808,0,0.123267995944576,0.245944575870226,0.180635349780331,0.235299087529571,60072.632864327,6.0072632864327,4.1614,0,"2023",NA
2023,14,"170316309002",0.029359,43718.28,1,32822,29661,0,0.123267995944576,0.245944575870226,0.180635349780331,0.235299087529571,60072.632864327,6.0072632864327,3.2822,0,"2023",NA
2023,14,"170316309003",0.012722,18945.06,2,89191,53897,0,0.123267995944576,0.245944575870226,0.180635349780331,0.235299087529571,60072.632864327,6.0072632864327,8.9191,0,"2023",NA
2023,14,"170316605004",0.122427,182307.18,2,67153,14164,0,0.123267995944576,0.245944575870226,0.180635349780331,0.235299087529571,60072.632864327,6.0072632864327,6.7153,0,"2023",NA
2023,14,"170317005022",0.00362,5390.5,1,80931,31300,0,0.123267995944576,0.245944575870226,0.180635349780331,0.235299087529571,60072.632864327,6.0072632864327,8.0931,0,"2023",NA
2023,14,"170318219001",0.027118,40382.3,2,50962,19263,0,0.123267995944576,0.245944575870226,0.180635349780331,0.235299087529571,60072.632864327,6.0072632864327,5.0962,0,"2023",NA
2023,14,"170318350003",0.032025,47689.1,2,57799,42690,0,0.123267995944576,0.245944575870226,0.180635349780331,0.235299087529571,60072.632864327,6.0072632864327,5.7799,0,"2023",NA
2023,14,"170318428004",0.000443,660,1,21058,10852,0,0.123267995944576,0.245944575870226,0.180635349780331,0.235299087529571,60072.632864327,6.0072632864327,2.1058,0,"2023",NA
2023,15,"170316108001",0.138621,193960.9,14,125250,43785,0,0.220026178010471,0.279973821989529,0.198167539267016,0.178664921465969,49556.2355905325,4.95562355905325,12.525,0,"2023",NA
2023,15,"170316115002",0.003488,4880,1,62500,22642,0,0.220026178010471,0.279973821989529,0.198167539267016,0.178664921465969,49556.2355905325,4.95562355905325,6.25,0,"2023",NA
2023,15,"170316122003",0.179911,251732.7,1,39479,16799,0,0.220026178010471,0.279973821989529,0.198167539267016,0.178664921465969,49556.2355905325,4.95562355905325,3.9479,0,"2023",NA
2023,15,"170316306001",0.132218,185000,2,69091,20127,0,0.220026178010471,0.279973821989529,0.198167539267016,0.178664921465969,49556.2355905325,4.95562355905325,6.9091,0,"2023",NA
2023,15,"170316603021",0.316002,442152.25,1,39734,24435,0,0.220026178010471,0.279973821989529,0.198167539267016,0.178664921465969,49556.2355905325,4.95562355905325,3.9734,0,"2023",NA
2023,15,"170316706001",0.007267,10167.48,1,35446,29887,0,0.220026178010471,0.279973821989529,0.198167539267016,0.178664921465969,49556.2355905325,4.95562355905325,3.5446,0,"2023",NA
2023,15,"170316707001",0.007267,10167.48,1,40223,18830,0,0.220026178010471,0.279973821989529,0.198167539267016,0.178664921465969,49556.2355905325,4.95562355905325,4.0223,0,"2023",NA
2023,15,"170316713001",0.000645,902.58,1,28000,18540,0,0.220026178010471,0.279973821989529,0.198167539267016,0.178664921465969,49556.2355905325,4.95562355905325,2.8,0,"2023",NA
2023,15,"170316809004",0.001036,1450,1,41921,31285,0,0.220026178010471,0.279973821989529,0.198167539267016,0.178664921465969,49556.2355905325,4.95562355905325,4.1921,0,"2023",NA
2023,15,"170318348002",0.009327,13050,3,20281,14490,0,0.220026178010471,0.279973821989529,0.198167539267016,0.178664921465969,49556.2355905325,4.95562355905325,2.0281,0,"2023",NA
2023,15,"170318426003",0.082592,115565.17,6,90509,37718,0,0.220026178010471,0.279973821989529,0.198167539267016,0.178664921465969,49556.2355905325,4.95562355905325,9.0509,0,"2023",NA
2023,15,"170318426004",0.038765,54239.99,4,98036,41032,0,0.220026178010471,0.279973821989529,0.198167539267016,0.178664921465969,49556.2355905325,4.95562355905325,9.8036,0,"2023",NA
2023,15,"170318438001",0.081824,114487.93,7,72807,56221,0,0.220026178010471,0.279973821989529,0.198167539267016,0.178664921465969,49556.2355905325,4.95562355905325,7.2807,0,"2023",NA
2023,16,"170316117001",0.181762,245076.26,4,83622,30515,0,0.258339471745764,0.262864358623593,0.185836051773124,0.170472482373987,39662.2579623976,3.96622579623976,8.3622,0,"2023",NA
2023,16,"170316118001",0.044268,59687.66,1,55383,7594,0,0.258339471745764,0.262864358623593,0.185836051773124,0.170472482373987,39662.2579623976,3.96622579623976,5.5383,0,"2023",NA
2023,16,"170316608003",0.023213,31300,2,100523,35125,0,0.258339471745764,0.262864358623593,0.185836051773124,0.170472482373987,39662.2579623976,3.96622579623976,10.0523,0,"2023",NA
2023,16,"170316702001",0.009581,12918.18,1,96152,9532,0,0.258339471745764,0.262864358623593,0.185836051773124,0.170472482373987,39662.2579623976,3.96622579623976,9.6152,0,"2023",NA
2023,16,"170316714002",0.01867,25173.97,1,50850,10886,0,0.258339471745764,0.262864358623593,0.185836051773124,0.170472482373987,39662.2579623976,3.96622579623976,5.085,0,"2023",NA
2023,16,"170316805001",0.046206,62300.79,1,42639,22222,0,0.258339471745764,0.262864358623593,0.185836051773124,0.170472482373987,39662.2579623976,3.96622579623976,4.2639,0,"2023",NA
2023,16,"170316810001",0.045797,61749.35,2,42304,19377,0,0.258339471745764,0.262864358623593,0.185836051773124,0.170472482373987,39662.2579623976,3.96622579623976,4.2304,0,"2023",NA
2023,16,"170316810003",0.043048,58043.73,1,44333,24341,0,0.258339471745764,0.262864358623593,0.185836051773124,0.170472482373987,39662.2579623976,3.96622579623976,4.4333,0,"2023",NA
2023,16,"170316814002",0.093433,125979.77,2,68462,32753,0,0.258339471745764,0.262864358623593,0.185836051773124,0.170472482373987,39662.2579623976,3.96622579623976,6.8462,0,"2023",NA
2023,16,"170316814004",0.085426,115183.64,2,63301,18695,0,0.258339471745764,0.262864358623593,0.185836051773124,0.170472482373987,39662.2579623976,3.96622579623976,6.3301,0,"2023",NA
2023,16,"170318347003",0.07187,96905.2,4,52651,33236,0,0.258339471745764,0.262864358623593,0.185836051773124,0.170472482373987,39662.2579623976,3.96622579623976,5.2651,0,"2023",NA
2023,16,"170318350003",0.090168,121577.69,1,57799,42690,0,0.258339471745764,0.262864358623593,0.185836051773124,0.170472482373987,39662.2579623976,3.96622579623976,5.7799,0,"2023",NA
2023,17,"170316609002",0.026821,39906.83,1,65625,19778,0,0.230769230769231,0.257507198683669,0.162176059234883,0.198683669271905,44069.8595543326,4.40698595543326,6.5625,0,"2023",NA
2023,17,"170316611004",0.0255,37941.93,1,37388,24033,0,0.230769230769231,0.257507198683669,0.162176059234883,0.198683669271905,44069.8595543326,4.40698595543326,3.7388,0,"2023",NA
2023,17,"170316611005",0.055568,82679.96,3,52147,25661,0,0.230769230769231,0.257507198683669,0.162176059234883,0.198683669271905,44069.8595543326,4.40698595543326,5.2147,0,"2023",NA
2023,17,"170316718001",0.157784,234767.4,8,52125,25976,0,0.230769230769231,0.257507198683669,0.162176059234883,0.198683669271905,44069.8595543326,4.40698595543326,5.2125,0,"2023",NA
2023,17,"170316720002",0.038853,57808.86,1,31364,13523,0,0.230769230769231,0.257507198683669,0.162176059234883,0.198683669271905,44069.8595543326,4.40698595543326,3.1364,0,"2023",NA
2023,17,"170316912001",0.016254,24184.26,1,32608,7166,0,0.230769230769231,0.257507198683669,0.162176059234883,0.198683669271905,44069.8595543326,4.40698595543326,3.2608,0,"2023",NA
2023,17,"170317001001",0.080939,120430.2,1,81728,18355,0,0.230769230769231,0.257507198683669,0.162176059234883,0.198683669271905,44069.8595543326,4.40698595543326,8.1728,0,"2023",NA
2023,17,"170317002004",0.000302,450,1,110000,66256,0,0.230769230769231,0.257507198683669,0.162176059234883,0.198683669271905,44069.8595543326,4.40698595543326,11,0,"2023",NA
2023,17,"170317103001",0.011826,17596.46,2,54886,16819,0,0.230769230769231,0.257507198683669,0.162176059234883,0.198683669271905,44069.8595543326,4.40698595543326,5.4886,0,"2023",NA
2023,17,"170317105002",0.050526,75179.09,2,32083,26211,0,0.230769230769231,0.257507198683669,0.162176059234883,0.198683669271905,44069.8595543326,4.40698595543326,3.2083,0,"2023",NA
2023,17,"170317105003",0.117742,175188.13,2,34375,32442,0,0.230769230769231,0.257507198683669,0.162176059234883,0.198683669271905,44069.8595543326,4.40698595543326,3.4375,0,"2023",NA
2023,17,"170317105004",0.152221,226490.5,3,47639,31492,0,0.230769230769231,0.257507198683669,0.162176059234883,0.198683669271905,44069.8595543326,4.40698595543326,4.7639,0,"2023",NA
2023,17,"170317107004",0.0368,54755.33,1,61453,26646,0,0.230769230769231,0.257507198683669,0.162176059234883,0.198683669271905,44069.8595543326,4.40698595543326,6.1453,0,"2023",NA
2023,17,"170317108001",0.020163,30000,1,64129,44890,0,0.230769230769231,0.257507198683669,0.162176059234883,0.198683669271905,44069.8595543326,4.40698595543326,6.4129,0,"2023",NA
2023,17,"170318349002",0.000336,500,1,13944,3764,0,0.230769230769231,0.257507198683669,0.162176059234883,0.198683669271905,44069.8595543326,4.40698595543326,1.3944,0,"2023",NA
2023,18,"170316610003",0.00448,6719.83,1,54031,9649,0,0.109298167188198,0.139919535091641,0.196095961853673,0.295857547310386,75447.4400354826,7.54474400354826,5.4031,0,"2023",NA
2023,18,"170316611001",0.038539,57808.79,1,89444,34658,0,0.109298167188198,0.139919535091641,0.196095961853673,0.295857547310386,75447.4400354826,7.54474400354826,8.9444,0,"2023",NA
2023,18,"170316611002",0.074397,111595.46,2,98529,45344,0,0.109298167188198,0.139919535091641,0.196095961853673,0.295857547310386,75447.4400354826,7.54474400354826,9.8529,0,"2023",NA
2023,18,"170317001001",0.096785,145176.83,5,81728,18355,0,0.109298167188198,0.139919535091641,0.196095961853673,0.295857547310386,75447.4400354826,7.54474400354826,8.1728,0,"2023",NA
2023,18,"170317002001",0.002075,3111.78,1,98846,87877,0,0.109298167188198,0.139919535091641,0.196095961853673,0.295857547310386,75447.4400354826,7.54474400354826,9.8846,0,"2023",NA
2023,18,"170317002003",0.054453,81680.03,2,62230,5699,0,0.109298167188198,0.139919535091641,0.196095961853673,0.295857547310386,75447.4400354826,7.54474400354826,6.223,0,"2023",NA
2023,18,"170317003011",0.1057,158549.96,4,92736,39135,0,0.109298167188198,0.139919535091641,0.196095961853673,0.295857547310386,75447.4400354826,7.54474400354826,9.2736,0,"2023",NA
2023,18,"170317003023",0.065464,98195.73,1,83088,29370,0,0.109298167188198,0.139919535091641,0.196095961853673,0.295857547310386,75447.4400354826,7.54474400354826,8.3088,0,"2023",NA
2023,18,"170317004011",0.08462,126931.13,5,93219,50622,0,0.109298167188198,0.139919535091641,0.196095961853673,0.295857547310386,75447.4400354826,7.54474400354826,9.3219,0,"2023",NA
2023,18,"170317004012",0.067483,101225.48,4,98109,10542,0,0.109298167188198,0.139919535091641,0.196095961853673,0.295857547310386,75447.4400354826,7.54474400354826,9.8109,0,"2023",NA
2023,18,"170317004013",0.067525,101286.37,3,110395,78519,0,0.109298167188198,0.139919535091641,0.196095961853673,0.295857547310386,75447.4400354826,7.54474400354826,11.0395,0,"2023",NA
2023,18,"170317004021",0.002643,3964.21,2,79093,3212,0,0.109298167188198,0.139919535091641,0.196095961853673,0.295857547310386,75447.4400354826,7.54474400354826,7.9093,0,"2023",NA
2023,18,"170317004023",0.0385,57750.14,1,111274,13956,0,0.109298167188198,0.139919535091641,0.196095961853673,0.295857547310386,75447.4400354826,7.54474400354826,11.1274,0,"2023",NA
2023,18,"170317005011",0.078956,118434.91,2,63530,48275,0,0.109298167188198,0.139919535091641,0.196095961853673,0.295857547310386,75447.4400354826,7.54474400354826,6.353,0,"2023",NA
2023,18,"170317005012",0.076655,114984.17,3,116250,87815,0,0.109298167188198,0.139919535091641,0.196095961853673,0.295857547310386,75447.4400354826,7.54474400354826,11.625,0,"2023",NA
2023,18,"170317005022",0.033509,50263.46,1,80931,31300,0,0.109298167188198,0.139919535091641,0.196095961853673,0.295857547310386,75447.4400354826,7.54474400354826,8.0931,0,"2023",NA
2023,18,"170317112001",0.005408,8111.44,1,53031,11954,0,0.109298167188198,0.139919535091641,0.196095961853673,0.295857547310386,75447.4400354826,7.54474400354826,5.3031,0,"2023",NA
2023,18,"170317112004",0.027348,41022.26,3,81766,25932,0,0.109298167188198,0.139919535091641,0.196095961853673,0.295857547310386,75447.4400354826,7.54474400354826,8.1766,0,"2023",NA
2023,19,"170317201001",0.040593,60677.99,1,149853,42608,0,0.056049103537393,0.0710709093845905,0.0712324341786464,0.219592957518979,112808.631840165,11.2808631840165,14.9853,0,"2023",NA
2023,19,"170317201002",0.017098,25558.37,1,153897,10238,0,0.056049103537393,0.0710709093845905,0.0712324341786464,0.219592957518979,112808.631840165,11.2808631840165,15.3897,0,"2023",NA
2023,19,"170317201003",0.070295,105075.24,1,104007,30327,0,0.056049103537393,0.0710709093845905,0.0712324341786464,0.219592957518979,112808.631840165,11.2808631840165,10.4007,0,"2023",NA
2023,19,"170317202002",0.07696,115038.27,1,95781,17838,0,0.056049103537393,0.0710709093845905,0.0712324341786464,0.219592957518979,112808.631840165,11.2808631840165,9.5781,0,"2023",NA
2023,19,"170317203001",0.031853,47613.22,1,111071,33021,0,0.056049103537393,0.0710709093845905,0.0712324341786464,0.219592957518979,112808.631840165,11.2808631840165,11.1071,0,"2023",NA
2023,19,"170317203004",0.04313,64469.41,1,113438,82997,0,0.056049103537393,0.0710709093845905,0.0712324341786464,0.219592957518979,112808.631840165,11.2808631840165,11.3438,0,"2023",NA
2023,19,"170317204001",0.039605,59200.5,2,149792,42704,0,0.056049103537393,0.0710709093845905,0.0712324341786464,0.219592957518979,112808.631840165,11.2808631840165,14.9792,0,"2023",NA
2023,19,"170317205001",0.057602,86101.19,2,136250,109836,0,0.056049103537393,0.0710709093845905,0.0712324341786464,0.219592957518979,112808.631840165,11.2808631840165,13.625,0,"2023",NA
2023,19,"170317205002",0.000334,500,1,102155,14475,0,0.056049103537393,0.0710709093845905,0.0712324341786464,0.219592957518979,112808.631840165,11.2808631840165,10.2155,0,"2023",NA
2023,19,"170317206002",0.039554,59123.96,1,160625,13695,0,0.056049103537393,0.0710709093845905,0.0712324341786464,0.219592957518979,112808.631840165,11.2808631840165,16.0625,0,"2023",NA
2023,19,"170317207002",0.058155,86929.29,1,124107,34320,0,0.056049103537393,0.0710709093845905,0.0712324341786464,0.219592957518979,112808.631840165,11.2808631840165,12.4107,0,"2023",NA
2023,19,"170317401003",0.056515,84476.87,1,121293,67602,0,0.056049103537393,0.0710709093845905,0.0712324341786464,0.219592957518979,112808.631840165,11.2808631840165,12.1293,0,"2023",NA
2023,19,"170317402004",0.085932,128448.48,3,157273,27359,0,0.056049103537393,0.0710709093845905,0.0712324341786464,0.219592957518979,112808.631840165,11.2808631840165,15.7273,0,"2023",NA
2023,19,"170317403001",0.042131,62976.13,1,110469,19538,0,0.056049103537393,0.0710709093845905,0.0712324341786464,0.219592957518979,112808.631840165,11.2808631840165,11.0469,0,"2023",NA
2023,19,"170317403004",0.000442,660,1,99844,84403,0,0.056049103537393,0.0710709093845905,0.0712324341786464,0.219592957518979,112808.631840165,11.2808631840165,9.9844,0,"2023",NA
2023,19,"170317502002",0.059254,88570.82,1,62083,58058,0,0.056049103537393,0.0710709093845905,0.0712324341786464,0.219592957518979,112808.631840165,11.2808631840165,6.2083,0,"2023",NA
2023,19,"170317503003",0.042037,62835.52,2,145781,58355,0,0.056049103537393,0.0710709093845905,0.0712324341786464,0.219592957518979,112808.631840165,11.2808631840165,14.5781,0,"2023",NA
2023,19,"170317504001",0.048799,72943.96,2,102750,20303,0,0.056049103537393,0.0710709093845905,0.0712324341786464,0.219592957518979,112808.631840165,11.2808631840165,10.275,0,"2023",NA
2023,19,"170317504002",0.036486,54538.01,1,121122,11323,0,0.056049103537393,0.0710709093845905,0.0712324341786464,0.219592957518979,112808.631840165,11.2808631840165,12.1122,0,"2023",NA
2023,19,"170317504003",0.014672,21931.55,1,117991,19068,0,0.056049103537393,0.0710709093845905,0.0712324341786464,0.219592957518979,112808.631840165,11.2808631840165,11.7991,0,"2023",NA
2023,19,"170317505001",0.138386,206855.51,3,58750,37764,0,0.056049103537393,0.0710709093845905,0.0712324341786464,0.219592957518979,112808.631840165,11.2808631840165,5.875,0,"2023",NA
2023,20,"170314008002",0.058626,80945.94,1,12891,10301,0,0.285194755478993,0.285768973107474,0.156665709637286,0.171978179730118,40829.5939671646,4.08295939671646,1.2891,0,"2023",NA
2023,20,"170314204001",0.045125,62304.7,1,38605,4997,0,0.285194755478993,0.285768973107474,0.156665709637286,0.171978179730118,40829.5939671646,4.08295939671646,3.8605,0,"2023",NA
2023,20,"170314205001",0.009488,13100.63,1,17367,2977,0,0.285194755478993,0.285768973107474,0.156665709637286,0.171978179730118,40829.5939671646,4.08295939671646,1.7367,0,"2023",NA
2023,20,"170314207005",0.007069,9760,1,33141,4845,0,0.285194755478993,0.285768973107474,0.156665709637286,0.171978179730118,40829.5939671646,4.08295939671646,3.3141,0,"2023",NA
2023,20,"170314208002",0.108471,149767.63,4,63145,41846,0,0.285194755478993,0.285768973107474,0.156665709637286,0.171978179730118,40829.5939671646,4.08295939671646,6.3145,0,"2023",NA
2023,20,"170316112002",0.128203,177011.48,2,66410,30584,0,0.285194755478993,0.285768973107474,0.156665709637286,0.171978179730118,40829.5939671646,4.08295939671646,6.641,0,"2023",NA
2023,20,"170316114002",0.026009,35911.14,1,22454,17715,0,0.285194755478993,0.285768973107474,0.156665709637286,0.171978179730118,40829.5939671646,4.08295939671646,2.2454,0,"2023",NA
2023,20,"170316122001",0.051438,71020.92,2,58357,16167,0,0.285194755478993,0.285768973107474,0.156665709637286,0.171978179730118,40829.5939671646,4.08295939671646,5.8357,0,"2023",NA
2023,20,"170316122002",0.040598,56053.61,2,47889,8115,0,0.285194755478993,0.285768973107474,0.156665709637286,0.171978179730118,40829.5939671646,4.08295939671646,4.7889,0,"2023",NA
2023,20,"170316122003",0.103549,142970.82,1,39479,16799,0,0.285194755478993,0.285768973107474,0.156665709637286,0.171978179730118,40829.5939671646,4.08295939671646,3.9479,0,"2023",NA
2023,20,"170316809001",0.257114,355000,1,9777,6427,0,0.285194755478993,0.285768973107474,0.156665709637286,0.171978179730118,40829.5939671646,4.08295939671646,0.9777,0,"2023",NA
2023,20,"170318344001",0.084612,116824.61,2,56131,41998,0,0.285194755478993,0.285768973107474,0.156665709637286,0.171978179730118,40829.5939671646,4.08295939671646,5.6131,0,"2023",NA
2023,20,"170318344002",0.043491,60047.86,1,89761,69455,0,0.285194755478993,0.285768973107474,0.156665709637286,0.171978179730118,40829.5939671646,4.08295939671646,8.9761,0,"2023",NA
2023,20,"170318344003",0.007068,9760,2,23717,16246,0,0.285194755478993,0.285768973107474,0.156665709637286,0.171978179730118,40829.5939671646,4.08295939671646,2.3717,0,"2023",NA
2023,20,"170318346001",0.003534,4880,1,23717,12127,0,0.285194755478993,0.285768973107474,0.156665709637286,0.171978179730118,40829.5939671646,4.08295939671646,2.3717,0,"2023",NA
2023,20,"170318355002",0.018945,26156.4,2,28281,18427,0,0.285194755478993,0.285768973107474,0.156665709637286,0.171978179730118,40829.5939671646,4.08295939671646,2.8281,0,"2023",NA
2023,21,"170314911003",0.000443,660,1,83056,44458,0,0.182818314188643,0.206843552823168,0.188238149166801,0.226338780132665,63728.3429029204,6.37283429029204,8.3056,0,"2023",NA
2023,21,"170315303002",0.01742,25923.2,2,74432,18345,0,0.182818314188643,0.206843552823168,0.188238149166801,0.226338780132665,63728.3429029204,6.37283429029204,7.4432,0,"2023",NA
2023,21,"170317105001",0.027366,40724.53,2,42717,33867,0,0.182818314188643,0.206843552823168,0.188238149166801,0.226338780132665,63728.3429029204,6.37283429029204,4.2717,0,"2023",NA
2023,21,"170317109002",0.00164,2440,1,57813,19626,0,0.182818314188643,0.206843552823168,0.188238149166801,0.226338780132665,63728.3429029204,6.37283429029204,5.7813,0,"2023",NA
2023,21,"170317110001",0.008945,13310.92,1,56645,36807,0,0.182818314188643,0.206843552823168,0.188238149166801,0.226338780132665,63728.3429029204,6.37283429029204,5.6645,0,"2023",NA
2023,21,"170317110002",0.004235,6301.27,3,66169,21064,0,0.182818314188643,0.206843552823168,0.188238149166801,0.226338780132665,63728.3429029204,6.37283429029204,6.6169,0,"2023",NA
2023,21,"170317111001",0.004176,6213.94,1,18396,8528,0,0.182818314188643,0.206843552823168,0.188238149166801,0.226338780132665,63728.3429029204,6.37283429029204,1.8396,0,"2023",NA
2023,21,"170317111002",0.041316,61484.88,3,87109,39978,0,0.182818314188643,0.206843552823168,0.188238149166801,0.226338780132665,63728.3429029204,6.37283429029204,8.7109,0,"2023",NA
2023,21,"170317114001",0.022302,33188.97,2,89097,16756,0,0.182818314188643,0.206843552823168,0.188238149166801,0.226338780132665,63728.3429029204,6.37283429029204,8.9097,0,"2023",NA
2023,21,"170317114003",0.031378,46697.17,3,56667,31467,0,0.182818314188643,0.206843552823168,0.188238149166801,0.226338780132665,63728.3429029204,6.37283429029204,5.6667,0,"2023",NA
2023,21,"170317115001",0.025753,38325.16,3,44375,40181,0,0.182818314188643,0.206843552823168,0.188238149166801,0.226338780132665,63728.3429029204,6.37283429029204,4.4375,0,"2023",NA
2023,21,"170317115002",0.087586,130340.39,9,67898,52188,0,0.182818314188643,0.206843552823168,0.188238149166801,0.226338780132665,63728.3429029204,6.37283429029204,6.7898,0,"2023",NA
2023,21,"170317201002",0.029232,43501.96,1,153897,10238,0,0.182818314188643,0.206843552823168,0.188238149166801,0.226338780132665,63728.3429029204,6.37283429029204,15.3897,0,"2023",NA
2023,21,"170317301003",0.014162,21074.49,2,51743,30669,0,0.182818314188643,0.206843552823168,0.188238149166801,0.226338780132665,63728.3429029204,6.37283429029204,5.1743,0,"2023",NA
2023,21,"170317302013",0.01165,17336.4,1,22857,18302,0,0.182818314188643,0.206843552823168,0.188238149166801,0.226338780132665,63728.3429029204,6.37283429029204,2.2857,0,"2023",NA
2023,21,"170317302014",0.035714,53148.25,2,86216,7412,0,0.182818314188643,0.206843552823168,0.188238149166801,0.226338780132665,63728.3429029204,6.37283429029204,8.6216,0,"2023",NA
2023,21,"170317302015",0.012131,18052.01,3,103403,63776,0,0.182818314188643,0.206843552823168,0.188238149166801,0.226338780132665,63728.3429029204,6.37283429029204,10.3403,0,"2023",NA
2023,21,"170317302021",0.03414,50806.1,3,78355,30795,0,0.182818314188643,0.206843552823168,0.188238149166801,0.226338780132665,63728.3429029204,6.37283429029204,7.8355,0,"2023",NA
2023,21,"170317302022",0.0173,25744.03,4,106146,49135,0,0.182818314188643,0.206843552823168,0.188238149166801,0.226338780132665,63728.3429029204,6.37283429029204,10.6146,0,"2023",NA
2023,21,"170317302023",0.004885,7269.57,1,73800,23625,0,0.182818314188643,0.206843552823168,0.188238149166801,0.226338780132665,63728.3429029204,6.37283429029204,7.38,0,"2023",NA
2023,21,"170317303001",0.13018,193729.2,6,45278,6981,0,0.182818314188643,0.206843552823168,0.188238149166801,0.226338780132665,63728.3429029204,6.37283429029204,4.5278,0,"2023",NA
2023,21,"170317304002",0.089097,132589.89,2,97639,36577,0,0.182818314188643,0.206843552823168,0.188238149166801,0.226338780132665,63728.3429029204,6.37283429029204,9.7639,0,"2023",NA
2023,21,"170317304003",0.03669,54600.51,1,47361,31478,0,0.182818314188643,0.206843552823168,0.188238149166801,0.226338780132665,63728.3429029204,6.37283429029204,4.7361,0,"2023",NA
2023,21,"170317304004",0.051432,76538.9,3,86544,35197,0,0.182818314188643,0.206843552823168,0.188238149166801,0.226338780132665,63728.3429029204,6.37283429029204,8.6544,0,"2023",NA
2023,21,"170317305004",0.040562,60362.93,1,71071,29388,0,0.182818314188643,0.206843552823168,0.188238149166801,0.226338780132665,63728.3429029204,6.37283429029204,7.1071,0,"2023",NA
2023,21,"170317306001",0.159206,236924.96,2,113958,94279,0,0.182818314188643,0.206843552823168,0.188238149166801,0.226338780132665,63728.3429029204,6.37283429029204,11.3958,0,"2023",NA
2023,22,"170312924002",0.031696,43239.44,4,55274,20634,0,0.181153142747136,0.32033881990567,0.178072961786505,0.194725190104919,54602.3417449932,5.46023417449932,5.5274,0,"2023",NA
2023,22,"170313005002",0.034674,47301.32,2,79958,37200,0,0.181153142747136,0.32033881990567,0.178072961786505,0.194725190104919,54602.3417449932,5.46023417449932,7.9958,0,"2023",NA
2023,22,"170313006002",0.029897,40784.01,2,50310,9353,0,0.181153142747136,0.32033881990567,0.178072961786505,0.194725190104919,54602.3417449932,5.46023417449932,5.031,0,"2023",NA
2023,22,"170313007001",0.070577,96278,4,53851,33605,0,0.181153142747136,0.32033881990567,0.178072961786505,0.194725190104919,54602.3417449932,5.46023417449932,5.3851,0,"2023",NA
2023,22,"170313007002",0.096308,131378.77,2,48164,23046,0,0.181153142747136,0.32033881990567,0.178072961786505,0.194725190104919,54602.3417449932,5.46023417449932,4.8164,0,"2023",NA
2023,22,"170313008001",0.039388,53731.79,2,31131,5665,0,0.181153142747136,0.32033881990567,0.178072961786505,0.194725190104919,54602.3417449932,5.46023417449932,3.1131,0,"2023",NA
2023,22,"170313016001",0.038764,52879.77,2,30697,7390,0,0.181153142747136,0.32033881990567,0.178072961786505,0.194725190104919,54602.3417449932,5.46023417449932,3.0697,0,"2023",NA
2023,22,"170313017011",0.002891,3943.36,1,53950,26845,0,0.181153142747136,0.32033881990567,0.178072961786505,0.194725190104919,54602.3417449932,5.46023417449932,5.395,0,"2023",NA
2023,22,"170313017012",0.003094,4220.08,2,57341,53989,0,0.181153142747136,0.32033881990567,0.178072961786505,0.194725190104919,54602.3417449932,5.46023417449932,5.7341,0,"2023",NA
2023,22,"170313017013",0.001253,1709.73,1,70427,29203,0,0.181153142747136,0.32033881990567,0.178072961786505,0.194725190104919,54602.3417449932,5.46023417449932,7.0427,0,"2023",NA
2023,22,"170313017022",0.038785,52909.02,5,36878,7176,0,0.181153142747136,0.32033881990567,0.178072961786505,0.194725190104919,54602.3417449932,5.46023417449932,3.6878,0,"2023",NA
2023,22,"170313017023",0.000484,660,1,101764,14967,0,0.181153142747136,0.32033881990567,0.178072961786505,0.194725190104919,54602.3417449932,5.46023417449932,10.1764,0,"2023",NA
2023,22,"170313018011",0.028535,38925.34,3,81667,67834,0,0.181153142747136,0.32033881990567,0.178072961786505,0.194725190104919,54602.3417449932,5.46023417449932,8.1667,0,"2023",NA
2023,22,"170313018012",0.009238,12602.48,2,34763,27144,0,0.181153142747136,0.32033881990567,0.178072961786505,0.194725190104919,54602.3417449932,5.46023417449932,3.4763,0,"2023",NA
2023,22,"170313018021",0.049311,67267.41,2,24395,2186,0,0.181153142747136,0.32033881990567,0.178072961786505,0.194725190104919,54602.3417449932,5.46023417449932,2.4395,0,"2023",NA
2023,22,"170313018023",0.000531,725,1,23891,850,0,0.181153142747136,0.32033881990567,0.178072961786505,0.194725190104919,54602.3417449932,5.46023417449932,2.3891,0,"2023",NA
2023,22,"170313018031",0.003577,4880,1,66429,24538,0,0.181153142747136,0.32033881990567,0.178072961786505,0.194725190104919,54602.3417449932,5.46023417449932,6.6429,0,"2023",NA
2023,22,"170313018032",0.084371,115098.83,8,35417,10589,0,0.181153142747136,0.32033881990567,0.178072961786505,0.194725190104919,54602.3417449932,5.46023417449932,3.5417,0,"2023",NA
2023,22,"170315601001",0.010413,14204.67,9,69491,27410,0,0.181153142747136,0.32033881990567,0.178072961786505,0.194725190104919,54602.3417449932,5.46023417449932,6.9491,0,"2023",NA
2023,22,"170315602001",0.003577,4880,1,56384,31950,0,0.181153142747136,0.32033881990567,0.178072961786505,0.194725190104919,54602.3417449932,5.46023417449932,5.6384,0,"2023",NA
2023,22,"170315602002",0.010129,13815.66,3,92500,52039,0,0.181153142747136,0.32033881990567,0.178072961786505,0.194725190104919,54602.3417449932,5.46023417449932,9.25,0,"2023",NA
2023,22,"170315603002",0.043588,59460.2,3,75321,51618,0,0.181153142747136,0.32033881990567,0.178072961786505,0.194725190104919,54602.3417449932,5.46023417449932,7.5321,0,"2023",NA
2023,22,"170315604001",0.003577,4880,1,74554,30487,0,0.181153142747136,0.32033881990567,0.178072961786505,0.194725190104919,54602.3417449932,5.46023417449932,7.4554,0,"2023",NA
2023,22,"170316505003",0.004619,6301.24,1,44890,19980,0,0.181153142747136,0.32033881990567,0.178072961786505,0.194725190104919,54602.3417449932,5.46023417449932,4.489,0,"2023",NA
2023,22,"170318305001",0.068075,92863.66,4,103297,45126,0,0.181153142747136,0.32033881990567,0.178072961786505,0.194725190104919,54602.3417449932,5.46023417449932,10.3297,0,"2023",NA
2023,22,"170318305002",0.002498,3407.75,1,60764,21064,0,0.181153142747136,0.32033881990567,0.178072961786505,0.194725190104919,54602.3417449932,5.46023417449932,6.0764,0,"2023",NA
2023,22,"170318305003",0.050947,69500,2,52258,49987,0,0.181153142747136,0.32033881990567,0.178072961786505,0.194725190104919,54602.3417449932,5.46023417449932,5.2258,0,"2023",NA
2023,22,"170318434001",0.095012,129610.1,3,43021,17211,0,0.181153142747136,0.32033881990567,0.178072961786505,0.194725190104919,54602.3417449932,5.46023417449932,4.3021,0,"2023",NA
2023,22,"170318435001",0.006964,9500,1,55833,33830,0,0.181153142747136,0.32033881990567,0.178072961786505,0.194725190104919,54602.3417449932,5.46023417449932,5.5833,0,"2023",NA
2023,22,"170318447002",0.006414,8750,1,54769,35221,0,0.181153142747136,0.32033881990567,0.178072961786505,0.194725190104919,54602.3417449932,5.46023417449932,5.4769,0,"2023",NA
2023,23,"170313018023",0.00244,3625,2,23891,850,0,0.0669927029964291,0.207731718677224,0.162785281788542,0.263235522434405,80335.0592507469,8.03350592507469,2.3891,0,"2023",NA
2023,23,"170315603002",0.026827,39867.68,3,75321,51618,0,0.0669927029964291,0.207731718677224,0.162785281788542,0.263235522434405,80335.0592507469,8.03350592507469,7.5321,0,"2023",NA
2023,23,"170315607002",0.01196,17774.38,3,72472,16551,0,0.0669927029964291,0.207731718677224,0.162785281788542,0.263235522434405,80335.0592507469,8.03350592507469,7.2472,0,"2023",NA
2023,23,"170315608001",0.012706,18883.58,3,123427,42107,0,0.0669927029964291,0.207731718677224,0.162785281788542,0.263235522434405,80335.0592507469,8.03350592507469,12.3427,0,"2023",NA
2023,23,"170315608002",0.003111,4622.74,1,70526,35992,0,0.0669927029964291,0.207731718677224,0.162785281788542,0.263235522434405,80335.0592507469,8.03350592507469,7.0526,0,"2023",NA
2023,23,"170315608003",0.020352,30246.61,5,97625,49316,0,0.0669927029964291,0.207731718677224,0.162785281788542,0.263235522434405,80335.0592507469,8.03350592507469,9.7625,0,"2023",NA
2023,23,"170315608005",0.162303,241202.94,7,134375,36899,0,0.0669927029964291,0.207731718677224,0.162785281788542,0.263235522434405,80335.0592507469,8.03350592507469,13.4375,0,"2023",NA
2023,23,"170315609001",0.02288,34002.34,4,106750,47891,0,0.0669927029964291,0.207731718677224,0.162785281788542,0.263235522434405,80335.0592507469,8.03350592507469,10.675,0,"2023",NA
2023,23,"170315609002",0.040331,59938.19,4,97417,12884,0,0.0669927029964291,0.207731718677224,0.162785281788542,0.263235522434405,80335.0592507469,8.03350592507469,9.7417,0,"2023",NA
2023,23,"170315609003",0.000974,1448.14,1,138855,8271,0,0.0669927029964291,0.207731718677224,0.162785281788542,0.263235522434405,80335.0592507469,8.03350592507469,13.8855,0,"2023",NA
2023,23,"170315609004",0.014687,21826.2,2,95227,54457,0,0.0669927029964291,0.207731718677224,0.162785281788542,0.263235522434405,80335.0592507469,8.03350592507469,9.5227,0,"2023",NA
2023,23,"170315609006",0.002463,3660.38,2,151736,82232,0,0.0669927029964291,0.207731718677224,0.162785281788542,0.263235522434405,80335.0592507469,8.03350592507469,15.1736,0,"2023",NA
2023,23,"170315610004",0.038027,56513.06,1,114000,41717,0,0.0669927029964291,0.207731718677224,0.162785281788542,0.263235522434405,80335.0592507469,8.03350592507469,11.4,0,"2023",NA
2023,23,"170315611005",0.000336,500,1,138029,34659,0,0.0669927029964291,0.207731718677224,0.162785281788542,0.263235522434405,80335.0592507469,8.03350592507469,13.8029,0,"2023",NA
2023,23,"170316201001",0.002453,3645.23,1,59540,8453,0,0.0669927029964291,0.207731718677224,0.162785281788542,0.263235522434405,80335.0592507469,8.03350592507469,5.954,0,"2023",NA
2023,23,"170316201002",0.08922,132592.07,5,120396,41171,0,0.0669927029964291,0.207731718677224,0.162785281788542,0.263235522434405,80335.0592507469,8.03350592507469,12.0396,0,"2023",NA
2023,23,"170316201003",0.011535,17142.34,2,102831,88168,0,0.0669927029964291,0.207731718677224,0.162785281788542,0.263235522434405,80335.0592507469,8.03350592507469,10.2831,0,"2023",NA
2023,23,"170316202001",0.009851,14640,2,77813,26500,0,0.0669927029964291,0.207731718677224,0.162785281788542,0.263235522434405,80335.0592507469,8.03350592507469,7.7813,0,"2023",NA
2023,23,"170316202002",0.000288,427.54,1,36699,33074,0,0.0669927029964291,0.207731718677224,0.162785281788542,0.263235522434405,80335.0592507469,8.03350592507469,3.6699,0,"2023",NA
2023,23,"170316204003",0.021106,31365.43,3,75714,42751,0,0.0669927029964291,0.207731718677224,0.162785281788542,0.263235522434405,80335.0592507469,8.03350592507469,7.5714,0,"2023",NA
2023,23,"170316501001",0.031798,47255.68,4,70027,22803,0,0.0669927029964291,0.207731718677224,0.162785281788542,0.263235522434405,80335.0592507469,8.03350592507469,7.0027,0,"2023",NA
2023,23,"170316501002",0.019451,28907.17,1,94479,63353,0,0.0669927029964291,0.207731718677224,0.162785281788542,0.263235522434405,80335.0592507469,8.03350592507469,9.4479,0,"2023",NA
2023,23,"170316501003",0.140899,209393.27,10,38512,30375,0,0.0669927029964291,0.207731718677224,0.162785281788542,0.263235522434405,80335.0592507469,8.03350592507469,3.8512,0,"2023",NA
2023,23,"170316501004",0.046434,69006.38,4,102428,12948,0,0.0669927029964291,0.207731718677224,0.162785281788542,0.263235522434405,80335.0592507469,8.03350592507469,10.2428,0,"2023",NA
2023,23,"170316503021",0.08186,121655.06,5,79549,10004,0,0.0669927029964291,0.207731718677224,0.162785281788542,0.263235522434405,80335.0592507469,8.03350592507469,7.9549,0,"2023",NA
2023,23,"170316503022",0.000976,1450,1,44504,20037,0,0.0669927029964291,0.207731718677224,0.162785281788542,0.263235522434405,80335.0592507469,8.03350592507469,4.4504,0,"2023",NA
2023,23,"170316504003",0.039766,59097.71,5,106860,35131,0,0.0669927029964291,0.207731718677224,0.162785281788542,0.263235522434405,80335.0592507469,8.03350592507469,10.686,0,"2023",NA
2023,23,"170316504005",0.005408,8036.45,2,61228,9351,0,0.0669927029964291,0.207731718677224,0.162785281788542,0.263235522434405,80335.0592507469,8.03350592507469,6.1228,0,"2023",NA
2023,23,"170316505002",0.003242,4818.18,2,113945,29182,0,0.0669927029964291,0.207731718677224,0.162785281788542,0.263235522434405,80335.0592507469,8.03350592507469,11.3945,0,"2023",NA
2023,23,"170316505003",0.03821,56784.38,7,44890,19980,0,0.0669927029964291,0.207731718677224,0.162785281788542,0.263235522434405,80335.0592507469,8.03350592507469,4.489,0,"2023",NA
2023,23,"170316604003",0.003284,4880,1,82083,46346,0,0.0669927029964291,0.207731718677224,0.162785281788542,0.263235522434405,80335.0592507469,8.03350592507469,8.2083,0,"2023",NA
2023,23,"170316605003",0.00408,6062.73,1,83670,33318,0,0.0669927029964291,0.207731718677224,0.162785281788542,0.263235522434405,80335.0592507469,8.03350592507469,8.367,0,"2023",NA
2023,23,"170316605004",0.067289,1e+05,1,67153,14164,0,0.0669927029964291,0.207731718677224,0.162785281788542,0.263235522434405,80335.0592507469,8.03350592507469,6.7153,0,"2023",NA
2023,23,"170318352001",0.000488,725,1,79000,25234,0,0.0669927029964291,0.207731718677224,0.162785281788542,0.263235522434405,80335.0592507469,8.03350592507469,7.9,0,"2023",NA
2023,24,"170312522023",0.00612,9179.76,1,36875,24180,0,0.275204989028756,0.260653655156485,0.162951842014089,0.196558494052431,42918.0038628245,4.29180038628245,3.6875,0,"2023",NA
2023,24,"170312607002",0.00488,7320,2,48056,36506,0,0.275204989028756,0.260653655156485,0.162951842014089,0.196558494052431,42918.0038628245,4.29180038628245,4.8056,0,"2023",NA
2023,24,"170312609001",0.07144,107160.52,2,21434,12836,0,0.275204989028756,0.260653655156485,0.162951842014089,0.196558494052431,42918.0038628245,4.29180038628245,2.1434,0,"2023",NA
2023,24,"170312610001",0.023436,35153.32,2,48950,9351,0,0.275204989028756,0.260653655156485,0.162951842014089,0.196558494052431,42918.0038628245,4.29180038628245,4.895,0,"2023",NA
2023,24,"170312610002",0.002714,4070.58,1,44267,30364,0,0.275204989028756,0.260653655156485,0.162951842014089,0.196558494052431,42918.0038628245,4.29180038628245,4.4267,0,"2023",NA
2023,24,"170312705001",0.051332,76999.21,4,24375,9374,0,0.275204989028756,0.260653655156485,0.162951842014089,0.196558494052431,42918.0038628245,4.29180038628245,2.4375,0,"2023",NA
2023,24,"170312715001",0.049249,73874.21,2,50926,14994,0,0.275204989028756,0.260653655156485,0.162951842014089,0.196558494052431,42918.0038628245,4.29180038628245,5.0926,0,"2023",NA
2023,24,"170312909003",0.09204,138058.84,2,60833,35237,0,0.275204989028756,0.260653655156485,0.162951842014089,0.196558494052431,42918.0038628245,4.29180038628245,6.0833,0,"2023",NA
2023,24,"170312909004",0.0218,32699.92,1,44531,22604,0,0.275204989028756,0.260653655156485,0.162951842014089,0.196558494052431,42918.0038628245,4.29180038628245,4.4531,0,"2023",NA
2023,24,"170312912002",0.011319,16978.98,2,24395,14808,0,0.275204989028756,0.260653655156485,0.162951842014089,0.196558494052431,42918.0038628245,4.29180038628245,2.4395,0,"2023",NA
2023,24,"170312916001",0.04668,70019.56,1,125050,59007,0,0.275204989028756,0.260653655156485,0.162951842014089,0.196558494052431,42918.0038628245,4.29180038628245,12.505,0,"2023",NA
2023,24,"170312922003",0.003253,4880,1,87619,42382,0,0.275204989028756,0.260653655156485,0.162951842014089,0.196558494052431,42918.0038628245,4.29180038628245,8.7619,0,"2023",NA
2023,24,"170312924001",0.08802,132029.78,2,17402,9285,0,0.275204989028756,0.260653655156485,0.162951842014089,0.196558494052431,42918.0038628245,4.29180038628245,1.7402,0,"2023",NA
2023,24,"170312924002",0.106667,160000,1,55274,20634,0,0.275204989028756,0.260653655156485,0.162951842014089,0.196558494052431,42918.0038628245,4.29180038628245,5.5274,0,"2023",NA
2023,24,"170312925001",0.049449,74174.74,3,53775,8134,0,0.275204989028756,0.260653655156485,0.162951842014089,0.196558494052431,42918.0038628245,4.29180038628245,5.3775,0,"2023",NA
2023,24,"170313012003",0.009333,14000,1,53654,23394,0,0.275204989028756,0.260653655156485,0.162951842014089,0.196558494052431,42918.0038628245,4.29180038628245,5.3654,0,"2023",NA
2023,24,"170318373002",0.02541,38114.6,2,35345,14565,0,0.275204989028756,0.260653655156485,0.162951842014089,0.196558494052431,42918.0038628245,4.29180038628245,3.5345,0,"2023",NA
2023,24,"170318387001",0.024731,37096.11,2,20610,13597,0,0.275204989028756,0.260653655156485,0.162951842014089,0.196558494052431,42918.0038628245,4.29180038628245,2.061,0,"2023",NA
2023,24,"170318387002",0.016188,24282.15,2,36280,25744,0,0.275204989028756,0.260653655156485,0.162951842014089,0.196558494052431,42918.0038628245,4.29180038628245,3.628,0,"2023",NA
2023,24,"170318387004",0.000166,249.56,1,2499,NA,0,0.275204989028756,0.260653655156485,0.162951842014089,0.196558494052431,42918.0038628245,4.29180038628245,0.2499,0,"2023",NA
2023,24,"170318415002",0.003454,5180,4,24821,17815,0,0.275204989028756,0.260653655156485,0.162951842014089,0.196558494052431,42918.0038628245,4.29180038628245,2.4821,0,"2023",NA
2023,24,"170318430001",1e-04,150,1,19389,3731,0,0.275204989028756,0.260653655156485,0.162951842014089,0.196558494052431,42918.0038628245,4.29180038628245,1.9389,0,"2023",NA
2023,24,"170318430002",0.02836,42540,3,40682,23268,0,0.275204989028756,0.260653655156485,0.162951842014089,0.196558494052431,42918.0038628245,4.29180038628245,4.0682,0,"2023",NA
2023,24,"170318431001",0.070087,105129.47,10,47411,13057,0,0.275204989028756,0.260653655156485,0.162951842014089,0.196558494052431,42918.0038628245,4.29180038628245,4.7411,0,"2023",NA
2023,24,"170318431002",0.04009,60134.58,2,90125,10973,0,0.275204989028756,0.260653655156485,0.162951842014089,0.196558494052431,42918.0038628245,4.29180038628245,9.0125,0,"2023",NA
2023,24,"170318447001",0.04,60000,1,24853,16272,0,0.275204989028756,0.260653655156485,0.162951842014089,0.196558494052431,42918.0038628245,4.29180038628245,2.4853,0,"2023",NA
2023,25,"170312916001",0.033333,50000,1,125050,59007,0,0.121886120996441,0.187633451957295,0.130604982206406,0.206672597864769,69199.3505469771,6.91993505469771,12.505,0,"2023",NA
2023,25,"170313009001",0.044838,67256.3,1,32038,7448,0,0.121886120996441,0.187633451957295,0.130604982206406,0.206672597864769,69199.3505469771,6.91993505469771,3.2038,0,"2023",NA
2023,25,"170313012003",0.077866,116798.41,2,53654,23394,0,0.121886120996441,0.187633451957295,0.130604982206406,0.206672597864769,69199.3505469771,6.91993505469771,5.3654,0,"2023",NA
2023,25,"170313103001",0.044625,66937.74,6,75605,22833,0,0.121886120996441,0.187633451957295,0.130604982206406,0.206672597864769,69199.3505469771,6.91993505469771,7.5605,0,"2023",NA
2023,25,"170313104001",0.071354,107030.44,2,80786,22595,0,0.121886120996441,0.187633451957295,0.130604982206406,0.206672597864769,69199.3505469771,6.91993505469771,8.0786,0,"2023",NA
2023,25,"170313105001",0.040805,61206.92,2,52344,23882,0,0.121886120996441,0.187633451957295,0.130604982206406,0.206672597864769,69199.3505469771,6.91993505469771,5.2344,0,"2023",NA
2023,25,"170313106001",0.028791,43186.43,4,71130,39686,0,0.121886120996441,0.187633451957295,0.130604982206406,0.206672597864769,69199.3505469771,6.91993505469771,7.113,0,"2023",NA
2023,25,"170313106002",0.003282,4922.3,1,80900,13211,0,0.121886120996441,0.187633451957295,0.130604982206406,0.206672597864769,69199.3505469771,6.91993505469771,8.09,0,"2023",NA
2023,25,"170313106003",0.021687,32530.18,1,76835,36661,0,0.121886120996441,0.187633451957295,0.130604982206406,0.206672597864769,69199.3505469771,6.91993505469771,7.6835,0,"2023",NA
2023,25,"170313107001",0.004758,7137.71,2,72684,19553,0,0.121886120996441,0.187633451957295,0.130604982206406,0.206672597864769,69199.3505469771,6.91993505469771,7.2684,0,"2023",NA
2023,25,"170313108002",0.015177,22766.18,1,43750,30239,0,0.121886120996441,0.187633451957295,0.130604982206406,0.206672597864769,69199.3505469771,6.91993505469771,4.375,0,"2023",NA
2023,25,"170313108003",0.009865,14798.5,4,84508,13574,0,0.121886120996441,0.187633451957295,0.130604982206406,0.206672597864769,69199.3505469771,6.91993505469771,8.4508,0,"2023",NA
2023,25,"170313109001",0.223418,335126.53,12,103864,55892,0,0.121886120996441,0.187633451957295,0.130604982206406,0.206672597864769,69199.3505469771,6.91993505469771,10.3864,0,"2023",NA
2023,25,"170313109002",0.029634,44452.29,6,68346,48487,0,0.121886120996441,0.187633451957295,0.130604982206406,0.206672597864769,69199.3505469771,6.91993505469771,6.8346,0,"2023",NA
2023,25,"170313109003",0.016022,24033.22,3,65988,43703,0,0.121886120996441,0.187633451957295,0.130604982206406,0.206672597864769,69199.3505469771,6.91993505469771,6.5988,0,"2023",NA
2023,25,"170318407003",0.040164,60245.69,1,123009,9798,0,0.121886120996441,0.187633451957295,0.130604982206406,0.206672597864769,69199.3505469771,6.91993505469771,12.3009,0,"2023",NA
2023,25,"170318412001",0.044793,67188.8,5,29183,21957,0,0.121886120996441,0.187633451957295,0.130604982206406,0.206672597864769,69199.3505469771,6.91993505469771,2.9183,0,"2023",NA
2023,25,"170318412002",0.037766,56650.02,4,55333,31945,0,0.121886120996441,0.187633451957295,0.130604982206406,0.206672597864769,69199.3505469771,6.91993505469771,5.5333,0,"2023",NA
2023,25,"170318412003",0.050535,75800.74,5,79375,12327,0,0.121886120996441,0.187633451957295,0.130604982206406,0.206672597864769,69199.3505469771,6.91993505469771,7.9375,0,"2023",NA
2023,25,"170318413001",0.023238,34857.05,4,68155,55254,0,0.121886120996441,0.187633451957295,0.130604982206406,0.206672597864769,69199.3505469771,6.91993505469771,6.8155,0,"2023",NA
2023,25,"170318413003",0.018,27000,1,111250,30666,0,0.121886120996441,0.187633451957295,0.130604982206406,0.206672597864769,69199.3505469771,6.91993505469771,11.125,0,"2023",NA
2023,25,"170318419002",0.007724,11587.18,3,144448,34994,0,0.121886120996441,0.187633451957295,0.130604982206406,0.206672597864769,69199.3505469771,6.91993505469771,14.4448,0,"2023",NA
2023,25,"170318432001",0.016574,24861.04,2,64648,23644,0,0.121886120996441,0.187633451957295,0.130604982206406,0.206672597864769,69199.3505469771,6.91993505469771,6.4648,0,"2023",NA
2023,26,"170312209011",0.07418,108450.52,2,82629,65789,0,0.153837941710259,0.199423508060211,0.150101419878296,0.220668303619088,77122.7659153169,7.71227659153169,8.2629,0,"2023",NA
2023,26,"170312209013",0.044569,65160.13,2,100685,32956,0,0.153837941710259,0.199423508060211,0.150101419878296,0.220668303619088,77122.7659153169,7.71227659153169,10.0685,0,"2023",NA
2023,26,"170312210002",0.024188,35362.14,2,79000,19279,0,0.153837941710259,0.199423508060211,0.150101419878296,0.220668303619088,77122.7659153169,7.71227659153169,7.9,0,"2023",NA
2023,26,"170312211002",0.000496,725,1,73229,50267,0,0.153837941710259,0.199423508060211,0.150101419878296,0.220668303619088,77122.7659153169,7.71227659153169,7.3229,0,"2023",NA
2023,26,"170312227001",0.022476,32859.19,2,99464,45846,0,0.153837941710259,0.199423508060211,0.150101419878296,0.220668303619088,77122.7659153169,7.71227659153169,9.9464,0,"2023",NA
2023,26,"170312227002",0.024188,35362.14,2,79904,13966,0,0.153837941710259,0.199423508060211,0.150101419878296,0.220668303619088,77122.7659153169,7.71227659153169,7.9904,0,"2023",NA
2023,26,"170312301001",0.130456,190724.23,2,89773,30359,0,0.153837941710259,0.199423508060211,0.150101419878296,0.220668303619088,77122.7659153169,7.71227659153169,8.9773,0,"2023",NA
2023,26,"170312302001",0.083694,122359.19,3,78056,30315,0,0.153837941710259,0.199423508060211,0.150101419878296,0.220668303619088,77122.7659153169,7.71227659153169,7.8056,0,"2023",NA
2023,26,"170312304001",0.025001,36550.64,2,103291,3520,0,0.153837941710259,0.199423508060211,0.150101419878296,0.220668303619088,77122.7659153169,7.71227659153169,10.3291,0,"2023",NA
2023,26,"170312304002",0.030402,44446.88,2,53813,31237,0,0.153837941710259,0.199423508060211,0.150101419878296,0.220668303619088,77122.7659153169,7.71227659153169,5.3813,0,"2023",NA
2023,26,"170312305001",0.06365,93054.53,1,45913,13039,0,0.153837941710259,0.199423508060211,0.150101419878296,0.220668303619088,77122.7659153169,7.71227659153169,4.5913,0,"2023",NA
2023,26,"170312306003",0.021182,30967.12,2,57768,50374,0,0.153837941710259,0.199423508060211,0.150101419878296,0.220668303619088,77122.7659153169,7.71227659153169,5.7768,0,"2023",NA
2023,26,"170312307001",0.075711,110688.61,3,28135,2660,0,0.153837941710259,0.199423508060211,0.150101419878296,0.220668303619088,77122.7659153169,7.71227659153169,2.8135,0,"2023",NA
2023,26,"170312308001",0.059596,87126.72,6,71328,22462,0,0.153837941710259,0.199423508060211,0.150101419878296,0.220668303619088,77122.7659153169,7.71227659153169,7.1328,0,"2023",NA
2023,26,"170312309001",0.075678,110640.24,3,92961,42890,0,0.153837941710259,0.199423508060211,0.150101419878296,0.220668303619088,77122.7659153169,7.71227659153169,9.2961,0,"2023",NA
2023,26,"170312309002",0.074019,108213.87,4,72292,23012,0,0.153837941710259,0.199423508060211,0.150101419878296,0.220668303619088,77122.7659153169,7.71227659153169,7.2292,0,"2023",NA
2023,26,"170312309003",0.025207,36851.96,3,106778,48776,0,0.153837941710259,0.199423508060211,0.150101419878296,0.220668303619088,77122.7659153169,7.71227659153169,10.6778,0,"2023",NA
2023,26,"170312315005",0.040326,58955.82,1,28203,10540,0,0.153837941710259,0.199423508060211,0.150101419878296,0.220668303619088,77122.7659153169,7.71227659153169,2.8203,0,"2023",NA
2023,26,"170312411002",0.01454,21257.22,2,89861,16544,0,0.153837941710259,0.199423508060211,0.150101419878296,0.220668303619088,77122.7659153169,7.71227659153169,8.9861,0,"2023",NA
2023,26,"170312425001",0.014387,21033.77,1,94918,30998,0,0.153837941710259,0.199423508060211,0.150101419878296,0.220668303619088,77122.7659153169,7.71227659153169,9.4918,0,"2023",NA
2023,26,"170312426001",0.040486,59189.8,3,91563,14939,0,0.153837941710259,0.199423508060211,0.150101419878296,0.220668303619088,77122.7659153169,7.71227659153169,9.1563,0,"2023",NA
2023,26,"170312426003",0.014387,21033.77,2,91184,22419,0,0.153837941710259,0.199423508060211,0.150101419878296,0.220668303619088,77122.7659153169,7.71227659153169,9.1184,0,"2023",NA
2023,27,"170310803003",0.100443,150664.74,2,145069,76507,0,0.140229885057471,0.156915090841676,0.0967741935483871,0.13503893214683,103585.192077901,10.3585192077901,14.5069,0,"2023",NA
2023,27,"170310804003",0.001934,2900.88,1,233214,101701,0,0.140229885057471,0.156915090841676,0.0967741935483871,0.13503893214683,103585.192077901,10.3585192077901,23.3214,0,"2023",NA
2023,27,"170312312001",0.180703,271055.53,5,35417,12556,0,0.140229885057471,0.156915090841676,0.0967741935483871,0.13503893214683,103585.192077901,10.3585192077901,3.5417,0,"2023",NA
2023,27,"170312315005",0.007329,10993.89,2,28203,10540,0,0.140229885057471,0.156915090841676,0.0967741935483871,0.13503893214683,103585.192077901,10.3585192077901,2.8203,0,"2023",NA
2023,27,"170312420002",0.032449,48673.82,1,178338,37976,0,0.140229885057471,0.156915090841676,0.0967741935483871,0.13503893214683,103585.192077901,10.3585192077901,17.8338,0,"2023",NA
2023,27,"170312420003",0.038799,58197.93,1,87794,20002,0,0.140229885057471,0.156915090841676,0.0967741935483871,0.13503893214683,103585.192077901,10.3585192077901,8.7794,0,"2023",NA
2023,27,"170312435001",0.037091,55637.11,1,149737,25658,0,0.140229885057471,0.156915090841676,0.0967741935483871,0.13503893214683,103585.192077901,10.3585192077901,14.9737,0,"2023",NA
2023,27,"170312804001",0.068704,103056.34,2,36681,35714,0,0.140229885057471,0.156915090841676,0.0967741935483871,0.13503893214683,103585.192077901,10.3585192077901,3.6681,0,"2023",NA
2023,27,"170312808001",0.002,3000,1,31500,18114,0,0.140229885057471,0.156915090841676,0.0967741935483871,0.13503893214683,103585.192077901,10.3585192077901,3.15,0,"2023",NA
2023,27,"170318331001",0.003413,5118.75,1,145517,125808,0,0.140229885057471,0.156915090841676,0.0967741935483871,0.13503893214683,103585.192077901,10.3585192077901,14.5517,0,"2023",NA
2023,27,"170318331002",0.009333,14000,1,223514,40619,0,0.140229885057471,0.156915090841676,0.0967741935483871,0.13503893214683,103585.192077901,10.3585192077901,22.3514,0,"2023",NA
2023,27,"170318366001",0.016363,24544.47,1,90833,33595,0,0.140229885057471,0.156915090841676,0.0967741935483871,0.13503893214683,103585.192077901,10.3585192077901,9.0833,0,"2023",NA
2023,27,"170318367002",0.00127,1905.51,1,80202,61850,0,0.140229885057471,0.156915090841676,0.0967741935483871,0.13503893214683,103585.192077901,10.3585192077901,8.0202,0,"2023",NA
2023,27,"170318371002",0.011346,17019.14,2,70300,18320,0,0.140229885057471,0.156915090841676,0.0967741935483871,0.13503893214683,103585.192077901,10.3585192077901,7.03,0,"2023",NA
2023,27,"170318374002",0.002745,4118.11,1,41618,13476,0,0.140229885057471,0.156915090841676,0.0967741935483871,0.13503893214683,103585.192077901,10.3585192077901,4.1618,0,"2023",NA
2023,27,"170318378001",0.03367,50505.7,1,62596,46602,0,0.140229885057471,0.156915090841676,0.0967741935483871,0.13503893214683,103585.192077901,10.3585192077901,6.2596,0,"2023",NA
2023,27,"170318378002",0.14,210000,3,28023,5546,0,0.140229885057471,0.156915090841676,0.0967741935483871,0.13503893214683,103585.192077901,10.3585192077901,2.8023,0,"2023",NA
2023,27,"170318380001",0.023665,35498.3,4,96146,50816,0,0.140229885057471,0.156915090841676,0.0967741935483871,0.13503893214683,103585.192077901,10.3585192077901,9.6146,0,"2023",NA
2023,27,"170318422001",0.09255,138826.1,4,95174,20425,0,0.140229885057471,0.156915090841676,0.0967741935483871,0.13503893214683,103585.192077901,10.3585192077901,9.5174,0,"2023",NA
2023,27,"170318423001",0.072004,108006.98,4,108750,18015,0,0.140229885057471,0.156915090841676,0.0967741935483871,0.13503893214683,103585.192077901,10.3585192077901,10.875,0,"2023",NA
2023,28,"170312517001",0.08751,122731.39,4,57037,24302,0,0.307548245256901,0.219607523817279,0.164400293135738,0.151860597671199,55696.3349194562,5.56963349194562,5.7037,0,"2023",NA
2023,28,"170312518003",0.012493,17520.58,1,55451,24204,0,0.307548245256901,0.219607523817279,0.164400293135738,0.151860597671199,55696.3349194562,5.56963349194562,5.5451,0,"2023",NA
2023,28,"170312518004",0.001475,2069.22,1,24755,23493,0,0.307548245256901,0.219607523817279,0.164400293135738,0.151860597671199,55696.3349194562,5.56963349194562,2.4755,0,"2023",NA
2023,28,"170312519002",0.470595,660000,1,57109,15783,0,0.307548245256901,0.219607523817279,0.164400293135738,0.151860597671199,55696.3349194562,5.56963349194562,5.7109,0,"2023",NA
2023,28,"170312522011",0.122913,172383.06,2,46364,5750,0,0.307548245256901,0.219607523817279,0.164400293135738,0.151860597671199,55696.3349194562,5.56963349194562,4.6364,0,"2023",NA
2023,28,"170312522021",0.019189,26912.01,2,55612,33330,0,0.307548245256901,0.219607523817279,0.164400293135738,0.151860597671199,55696.3349194562,5.56963349194562,5.5612,0,"2023",NA
2023,28,"170312522023",0.038983,54673.54,2,36875,24180,0,0.307548245256901,0.219607523817279,0.164400293135738,0.151860597671199,55696.3349194562,5.56963349194562,3.6875,0,"2023",NA
2023,28,"170312601001",0.003102,4350,1,21875,10130,0,0.307548245256901,0.219607523817279,0.164400293135738,0.151860597671199,55696.3349194562,5.56963349194562,2.1875,0,"2023",NA
2023,28,"170312602001",0.005109,7165.4,1,51125,14095,0,0.307548245256901,0.219607523817279,0.164400293135738,0.151860597671199,55696.3349194562,5.56963349194562,5.1125,0,"2023",NA
2023,28,"170312605001",0.004983,6988.82,1,40991,22431,0,0.307548245256901,0.219607523817279,0.164400293135738,0.151860597671199,55696.3349194562,5.56963349194562,4.0991,0,"2023",NA
2023,28,"170312606002",0.009018,12647.86,2,41458,14688,0,0.307548245256901,0.219607523817279,0.164400293135738,0.151860597671199,55696.3349194562,5.56963349194562,4.1458,0,"2023",NA
2023,28,"170312607001",0.027683,38825.31,1,45833,37660,0,0.307548245256901,0.219607523817279,0.164400293135738,0.151860597671199,55696.3349194562,5.56963349194562,4.5833,0,"2023",NA
2023,28,"170312608001",0.001681,2357.82,1,33571,18180,0,0.307548245256901,0.219607523817279,0.164400293135738,0.151860597671199,55696.3349194562,5.56963349194562,3.3571,0,"2023",NA
2023,28,"170312608002",0.000516,725,2,41490,23854,0,0.307548245256901,0.219607523817279,0.164400293135738,0.151860597671199,55696.3349194562,5.56963349194562,4.149,0,"2023",NA
2023,28,"170312712001",0.040253,56454.13,2,31048,12347,0,0.307548245256901,0.219607523817279,0.164400293135738,0.151860597671199,55696.3349194562,5.56963349194562,3.1048,0,"2023",NA
2023,28,"170312718001",0.008786,12322.16,1,51550,28086,0,0.307548245256901,0.219607523817279,0.164400293135738,0.151860597671199,55696.3349194562,5.56963349194562,5.155,0,"2023",NA
2023,28,"170312831002",0.000517,725,1,76888,25459,0,0.307548245256901,0.219607523817279,0.164400293135738,0.151860597671199,55696.3349194562,5.56963349194562,7.6888,0,"2023",NA
2023,28,"170312838002",0.00496,6955.72,1,100781,32157,0,0.307548245256901,0.219607523817279,0.164400293135738,0.151860597671199,55696.3349194562,5.56963349194562,10.0781,0,"2023",NA
2023,28,"170317002002",0.020226,28366.66,1,60250,40370,0,0.307548245256901,0.219607523817279,0.164400293135738,0.151860597671199,55696.3349194562,5.56963349194562,6.025,0,"2023",NA
2023,28,"170318374002",0.001355,1900,1,41618,13476,0,0.307548245256901,0.219607523817279,0.164400293135738,0.151860597671199,55696.3349194562,5.56963349194562,4.1618,0,"2023",NA
2023,28,"170318429001",0.032237,45211.8,1,21521,12601,0,0.307548245256901,0.219607523817279,0.164400293135738,0.151860597671199,55696.3349194562,5.56963349194562,2.1521,0,"2023",NA
2023,28,"170318433001",0.000517,725,1,65278,18740,0,0.307548245256901,0.219607523817279,0.164400293135738,0.151860597671199,55696.3349194562,5.56963349194562,6.5278,0,"2023",NA
2023,29,"170311708001",0.019071,28602.06,2,101250,28266,1,0.172857142857143,0.210451127819549,0.180375939849624,0.212330827067669,61060.6030994807,6.10606030994807,10.125,10.125,"2023",NA
2023,29,"170311708002",0.012037,18053.03,1,86875,37065,1,0.172857142857143,0.210451127819549,0.180375939849624,0.212330827067669,61060.6030994807,6.10606030994807,8.6875,8.6875,"2023",NA
2023,29,"170311708003",0.012037,18053.03,1,68056,17585,1,0.172857142857143,0.210451127819549,0.180375939849624,0.212330827067669,61060.6030994807,6.10606030994807,6.8056,6.8056,"2023",NA
2023,29,"170311710006",0.019071,28602.06,2,108209,22851,1,0.172857142857143,0.210451127819549,0.180375939849624,0.212330827067669,61060.6030994807,6.10606030994807,10.8209,10.8209,"2023",NA
2023,29,"170311801003",0.039505,59248.43,1,93281,75467,1,0.172857142857143,0.210451127819549,0.180375939849624,0.212330827067669,61060.6030994807,6.10606030994807,9.3281,9.3281,"2023",NA
2023,29,"170311801005",0.094951,142406.66,8,94850,52812,1,0.172857142857143,0.210451127819549,0.180375939849624,0.212330827067669,61060.6030994807,6.10606030994807,9.485,9.485,"2023",NA
2023,29,"170312503004",0.00959,14383.02,2,61875,27346,1,0.172857142857143,0.210451127819549,0.180375939849624,0.212330827067669,61060.6030994807,6.10606030994807,6.1875,6.1875,"2023",NA
2023,29,"170312504002",0.021597,32391.04,5,43750,36468,1,0.172857142857143,0.210451127819549,0.180375939849624,0.212330827067669,61060.6030994807,6.10606030994807,4.375,4.375,"2023",NA
2023,29,"170312504003",0.012273,18407.23,2,41719,28812,1,0.172857142857143,0.210451127819549,0.180375939849624,0.212330827067669,61060.6030994807,6.10606030994807,4.1719,4.1719,"2023",NA
2023,29,"170312504005",0.060585,90864.44,2,46107,12973,1,0.172857142857143,0.210451127819549,0.180375939849624,0.212330827067669,61060.6030994807,6.10606030994807,4.6107,4.6107,"2023",NA
2023,29,"170312505001",0.060082,90110.91,4,116060,22773,1,0.172857142857143,0.210451127819549,0.180375939849624,0.212330827067669,61060.6030994807,6.10606030994807,11.606,11.606,"2023",NA
2023,29,"170312505002",0.129531,194269.75,7,80273,77808,1,0.172857142857143,0.210451127819549,0.180375939849624,0.212330827067669,61060.6030994807,6.10606030994807,8.0273,8.0273,"2023",NA
2023,29,"170312505003",0.00728,10919.08,1,121898,75153,1,0.172857142857143,0.210451127819549,0.180375939849624,0.212330827067669,61060.6030994807,6.10606030994807,12.1898,12.1898,"2023",NA
2023,29,"170312505004",0.033338,50000,1,153583,47223,1,0.172857142857143,0.210451127819549,0.180375939849624,0.212330827067669,61060.6030994807,6.10606030994807,15.3583,15.3583,"2023",NA
2023,29,"170312505005",0.063534,95287.67,5,158211,28921,1,0.172857142857143,0.210451127819549,0.180375939849624,0.212330827067669,61060.6030994807,6.10606030994807,15.8211,15.8211,"2023",NA
2023,29,"170312505006",0.048656,72973.35,2,59464,36441,1,0.172857142857143,0.210451127819549,0.180375939849624,0.212330827067669,61060.6030994807,6.10606030994807,5.9464,5.9464,"2023",NA
2023,29,"170312505007",0.03723,55837.72,1,135652,122883,1,0.172857142857143,0.210451127819549,0.180375939849624,0.212330827067669,61060.6030994807,6.10606030994807,13.5652,13.5652,"2023",NA
2023,29,"170312506001",0.045684,68516.08,4,84803,16222,1,0.172857142857143,0.210451127819549,0.180375939849624,0.212330827067669,61060.6030994807,6.10606030994807,8.4803,8.4803,"2023",NA
2023,29,"170312513003",0.007483,11222.86,2,33505,12159,1,0.172857142857143,0.210451127819549,0.180375939849624,0.212330827067669,61060.6030994807,6.10606030994807,3.3505,3.3505,"2023",NA
2023,29,"170312513005",0.007816,11722.86,3,43472,25580,1,0.172857142857143,0.210451127819549,0.180375939849624,0.212330827067669,61060.6030994807,6.10606030994807,4.3472,4.3472,"2023",NA
2023,29,"170312514003",0.000967,1450,1,25800,3563,1,0.172857142857143,0.210451127819549,0.180375939849624,0.212330827067669,61060.6030994807,6.10606030994807,2.58,2.58,"2023",NA
2023,29,"170312514004",0.061923,92871.75,1,21363,12321,1,0.172857142857143,0.210451127819549,0.180375939849624,0.212330827067669,61060.6030994807,6.10606030994807,2.1363,2.1363,"2023",NA
2023,29,"170312520001",0.00044,660,1,22694,5902,1,0.172857142857143,0.210451127819549,0.180375939849624,0.212330827067669,61060.6030994807,6.10606030994807,2.2694,2.2694,"2023",NA
2023,29,"170312521011",0.037376,56057.11,4,50139,18818,1,0.172857142857143,0.210451127819549,0.180375939849624,0.212330827067669,61060.6030994807,6.10606030994807,5.0139,5.0139,"2023",NA
2023,29,"170312522012",0.002324,3484.77,1,50278,32966,1,0.172857142857143,0.210451127819549,0.180375939849624,0.212330827067669,61060.6030994807,6.10606030994807,5.0278,5.0278,"2023",NA
2023,29,"170318314002",0.000333,500,1,31995,23428,1,0.172857142857143,0.210451127819549,0.180375939849624,0.212330827067669,61060.6030994807,6.10606030994807,3.1995,3.1995,"2023",NA
2023,29,"170318316004",0.061342,92000,2,35764,19558,1,0.172857142857143,0.210451127819549,0.180375939849624,0.212330827067669,61060.6030994807,6.10606030994807,3.5764,3.5764,"2023",NA
2023,29,"170318316006",0.001626,2440,2,64345,49789,1,0.172857142857143,0.210451127819549,0.180375939849624,0.212330827067669,61060.6030994807,6.10606030994807,6.4345,6.4345,"2023",NA
2023,30,"170311507002",0.006122,8968.89,1,137440,14680,1,0.110044785668586,0.200347317429851,0.17603509734028,0.250342747463669,86892.6177500822,8.68926177500821,13.744,13.744,"2023",NA
2023,30,"170311507003",0.004997,7320,1,137898,71974,1,0.110044785668586,0.200347317429851,0.17603509734028,0.250342747463669,86892.6177500822,8.68926177500821,13.7898,13.7898,"2023",NA
2023,30,"170311508003",0.010318,15115.75,2,99732,79253,1,0.110044785668586,0.200347317429851,0.17603509734028,0.250342747463669,86892.6177500822,8.68926177500821,9.9732,9.9732,"2023",NA
2023,30,"170311510022",0.056259,82418.4,5,100789,41837,1,0.110044785668586,0.200347317429851,0.17603509734028,0.250342747463669,86892.6177500822,8.68926177500821,10.0789,10.0789,"2023",NA
2023,30,"170311511002",0.038687,56677.14,2,48345,12092,1,0.110044785668586,0.200347317429851,0.17603509734028,0.250342747463669,86892.6177500822,8.68926177500821,4.8345,4.8345,"2023",NA
2023,30,"170311512001",0.003673,5380,4,106250,39859,1,0.110044785668586,0.200347317429851,0.17603509734028,0.250342747463669,86892.6177500822,8.68926177500821,10.625,10.625,"2023",NA
2023,30,"170311512002",0.094192,137991.98,5,93996,10633,1,0.110044785668586,0.200347317429851,0.17603509734028,0.250342747463669,86892.6177500822,8.68926177500821,9.3996,9.3996,"2023",NA
2023,30,"170311512003",0.001666,2440,1,65387,23611,1,0.110044785668586,0.200347317429851,0.17603509734028,0.250342747463669,86892.6177500822,8.68926177500821,6.5387,6.5387,"2023",NA
2023,30,"170311609002",0.05479,80268.87,1,119722,66479,1,0.110044785668586,0.200347317429851,0.17603509734028,0.250342747463669,86892.6177500822,8.68926177500821,11.9722,11.9722,"2023",NA
2023,30,"170311610002",0.007434,10891.26,1,125000,24037,1,0.110044785668586,0.200347317429851,0.17603509734028,0.250342747463669,86892.6177500822,8.68926177500821,12.5,12.5,"2023",NA
2023,30,"170311612001",0.082872,121408.47,4,61250,46355,1,0.110044785668586,0.200347317429851,0.17603509734028,0.250342747463669,86892.6177500822,8.68926177500821,6.125,6.125,"2023",NA
2023,30,"170311612002",0.01084,15880.61,2,80250,30309,1,0.110044785668586,0.200347317429851,0.17603509734028,0.250342747463669,86892.6177500822,8.68926177500821,8.025,8.025,"2023",NA
2023,30,"170311613004",6.9e-05,101,1,55929,25914,1,0.110044785668586,0.200347317429851,0.17603509734028,0.250342747463669,86892.6177500822,8.68926177500821,5.5929,5.5929,"2023",NA
2023,30,"170311711002",0.015187,22249.35,2,78203,19327,1,0.110044785668586,0.200347317429851,0.17603509734028,0.250342747463669,86892.6177500822,8.68926177500821,7.8203,7.8203,"2023",NA
2023,30,"170311904012",0.006689,9799.35,1,107412,20975,1,0.110044785668586,0.200347317429851,0.17603509734028,0.250342747463669,86892.6177500822,8.68926177500821,10.7412,10.7412,"2023",NA
2023,30,"170311904022",0.082897,121446.42,3,70218,15413,1,0.110044785668586,0.200347317429851,0.17603509734028,0.250342747463669,86892.6177500822,8.68926177500821,7.0218,7.0218,"2023",NA
2023,30,"170311906013",0.01149,16833.58,3,71579,8278,1,0.110044785668586,0.200347317429851,0.17603509734028,0.250342747463669,86892.6177500822,8.68926177500821,7.1579,7.1579,"2023",NA
2023,30,"170311906021",0.003071,4499.28,1,91875,20786,1,0.110044785668586,0.200347317429851,0.17603509734028,0.250342747463669,86892.6177500822,8.68926177500821,9.1875,9.1875,"2023",NA
2023,30,"170311906022",0.231435,339056.42,3,64926,28087,1,0.110044785668586,0.200347317429851,0.17603509734028,0.250342747463669,86892.6177500822,8.68926177500821,6.4926,6.4926,"2023",NA
2023,30,"170311906023",0.014034,20559.41,3,56250,48346,1,0.110044785668586,0.200347317429851,0.17603509734028,0.250342747463669,86892.6177500822,8.68926177500821,5.625,5.625,"2023",NA
2023,30,"170312315005",0.259383,380000,1,28203,10540,1,0.110044785668586,0.200347317429851,0.17603509734028,0.250342747463669,86892.6177500822,8.68926177500821,2.8203,2.8203,"2023",NA
2023,30,"170318311003",0.003331,4880,1,93250,28946,1,0.110044785668586,0.200347317429851,0.17603509734028,0.250342747463669,86892.6177500822,8.68926177500821,9.325,9.325,"2023",NA
2023,30,"170318317001",0.000566,828.82,1,47232,20635,1,0.110044785668586,0.200347317429851,0.17603509734028,0.250342747463669,86892.6177500822,8.68926177500821,4.7232,4.7232,"2023",NA
2023,31,"170311510011",0.000812,1213.64,1,81719,25505,0,0.103979820627803,0.191517189835575,0.149476831091181,0.289891629297459,68866.7538485297,6.88667538485297,8.1719,0,"2023",NA
2023,31,"170311510012",0.00167,2500,5,113125,35122,0,0.103979820627803,0.191517189835575,0.149476831091181,0.289891629297459,68866.7538485297,6.88667538485297,11.3125,0,"2023",NA
2023,31,"170311510021",0.038377,57368.33,1,61694,43563,0,0.103979820627803,0.191517189835575,0.149476831091181,0.289891629297459,68866.7538485297,6.88667538485297,6.1694,0,"2023",NA
2023,31,"170311902001",0.043682,65298.71,3,118800,26910,0,0.103979820627803,0.191517189835575,0.149476831091181,0.289891629297459,68866.7538485297,6.88667538485297,11.88,0,"2023",NA
2023,31,"170311902003",0.002994,4475.18,1,75556,30513,0,0.103979820627803,0.191517189835575,0.149476831091181,0.289891629297459,68866.7538485297,6.88667538485297,7.5556,0,"2023",NA
2023,31,"170311902004",0.002994,4475.18,1,95809,47815,0,0.103979820627803,0.191517189835575,0.149476831091181,0.289891629297459,68866.7538485297,6.88667538485297,9.5809,0,"2023",NA
2023,31,"170311903001",0.005874,8780,2,60601,31113,0,0.103979820627803,0.191517189835575,0.149476831091181,0.289891629297459,68866.7538485297,6.88667538485297,6.0601,0,"2023",NA
2023,31,"170311903002",0.010253,15326.65,1,57344,14206,0,0.103979820627803,0.191517189835575,0.149476831091181,0.289891629297459,68866.7538485297,6.88667538485297,5.7344,0,"2023",NA
2023,31,"170311903003",0.028488,42585.71,3,85375,40357,0,0.103979820627803,0.191517189835575,0.149476831091181,0.289891629297459,68866.7538485297,6.88667538485297,8.5375,0,"2023",NA
2023,31,"170311907021",0.010213,15266.94,1,85125,68606,0,0.103979820627803,0.191517189835575,0.149476831091181,0.289891629297459,68866.7538485297,6.88667538485297,8.5125,0,"2023",NA
2023,31,"170311907022",0.008987,13433.47,2,54444,17245,0,0.103979820627803,0.191517189835575,0.149476831091181,0.289891629297459,68866.7538485297,6.88667538485297,5.4444,0,"2023",NA
2023,31,"170311907023",0.019589,29281.88,2,69468,22592,0,0.103979820627803,0.191517189835575,0.149476831091181,0.289891629297459,68866.7538485297,6.88667538485297,6.9468,0,"2023",NA
2023,31,"170311908003",0.218083,326000,1,90625,16515,0,0.103979820627803,0.191517189835575,0.149476831091181,0.289891629297459,68866.7538485297,6.88667538485297,9.0625,0,"2023",NA
2023,31,"170311908004",0.097012,145018.03,13,67188,37728,0,0.103979820627803,0.191517189835575,0.149476831091181,0.289891629297459,68866.7538485297,6.88667538485297,6.7188,0,"2023",NA
2023,31,"170311909001",0.020952,31319.31,2,64375,25725,0,0.103979820627803,0.191517189835575,0.149476831091181,0.289891629297459,68866.7538485297,6.88667538485297,6.4375,0,"2023",NA
2023,31,"170311910001",0.06878,102815.58,1,28393,23614,0,0.103979820627803,0.191517189835575,0.149476831091181,0.289891629297459,68866.7538485297,6.88667538485297,2.8393,0,"2023",NA
2023,31,"170311911005",0.109041,163000,1,60192,17776,0,0.103979820627803,0.191517189835575,0.149476831091181,0.289891629297459,68866.7538485297,6.88667538485297,6.0192,0,"2023",NA
2023,31,"170312001001",0.000816,1220,1,137600,33994,0,0.103979820627803,0.191517189835575,0.149476831091181,0.289891629297459,68866.7538485297,6.88667538485297,13.76,0,"2023",NA
2023,31,"170312001002",0.043769,65428.33,4,78206,8956,0,0.103979820627803,0.191517189835575,0.149476831091181,0.289891629297459,68866.7538485297,6.88667538485297,7.8206,0,"2023",NA
2023,31,"170312002002",0.020333,30394.29,2,54750,27131,0,0.103979820627803,0.191517189835575,0.149476831091181,0.289891629297459,68866.7538485297,6.88667538485297,5.475,0,"2023",NA
2023,31,"170312002003",0.001632,2440,1,46964,28439,0,0.103979820627803,0.191517189835575,0.149476831091181,0.289891629297459,68866.7538485297,6.88667538485297,4.6964,0,"2023",NA
2023,31,"170312002004",0.031975,47797.27,1,75487,6587,0,0.103979820627803,0.191517189835575,0.149476831091181,0.289891629297459,68866.7538485297,6.88667538485297,7.5487,0,"2023",NA
2023,31,"170312104002",0.000334,500,1,62500,36363,0,0.103979820627803,0.191517189835575,0.149476831091181,0.289891629297459,68866.7538485297,6.88667538485297,6.25,0,"2023",NA
2023,31,"170312105012",0.00167,2500,5,76042,25032,0,0.103979820627803,0.191517189835575,0.149476831091181,0.289891629297459,68866.7538485297,6.88667538485297,7.6042,0,"2023",NA
2023,31,"170312503001",0.037824,56540.94,4,95789,52882,0,0.103979820627803,0.191517189835575,0.149476831091181,0.289891629297459,68866.7538485297,6.88667538485297,9.5789,0,"2023",NA
2023,32,"170310505004",0.028695,43042.07,2,188300,117035,0,0.0446513849092646,0.0386023559375995,0.0514167462591531,0.121776504297994,167126.912930446,16.7126912930446,18.83,0,"2023",NA
2023,32,"170310505005",0.023101,34651.43,2,150833,29748,0,0.0446513849092646,0.0386023559375995,0.0514167462591531,0.121776504297994,167126.912930446,16.7126912930446,15.0833,0,"2023",NA
2023,32,"170310509001",0.008017,12024.92,1,136053,12566,0,0.0446513849092646,0.0386023559375995,0.0514167462591531,0.121776504297994,167126.912930446,16.7126912930446,13.6053,0,"2023",NA
2023,32,"170310510001",0.020648,30971.94,3,184464,41600,0,0.0446513849092646,0.0386023559375995,0.0514167462591531,0.121776504297994,167126.912930446,16.7126912930446,18.4464,0,"2023",NA
2023,32,"170310511001",0.06709,100635.94,3,181827,94747,0,0.0446513849092646,0.0386023559375995,0.0514167462591531,0.121776504297994,167126.912930446,16.7126912930446,18.1827,0,"2023",NA
2023,32,"170310512002",0.025204,37805.59,1,237574,34549,0,0.0446513849092646,0.0386023559375995,0.0514167462591531,0.121776504297994,167126.912930446,16.7126912930446,23.7574,0,"2023",NA
2023,32,"170310513001",0.088764,133145.47,4,143929,39338,0,0.0446513849092646,0.0386023559375995,0.0514167462591531,0.121776504297994,167126.912930446,16.7126912930446,14.3929,0,"2023",NA
2023,32,"170310513002",0.019394,29090.61,2,243281,22298,0,0.0446513849092646,0.0386023559375995,0.0514167462591531,0.121776504297994,167126.912930446,16.7126912930446,24.3281,0,"2023",NA
2023,32,"170310514001",0.067787,101680.38,3,178750,31940,0,0.0446513849092646,0.0386023559375995,0.0514167462591531,0.121776504297994,167126.912930446,16.7126912930446,17.875,0,"2023",NA
2023,32,"170310514002",0.031723,47584.44,1,137308,22005,0,0.0446513849092646,0.0386023559375995,0.0514167462591531,0.121776504297994,167126.912930446,16.7126912930446,13.7308,0,"2023",NA
2023,32,"170310626001",0.01954,29310.9,2,177045,37796,0,0.0446513849092646,0.0386023559375995,0.0514167462591531,0.121776504297994,167126.912930446,16.7126912930446,17.7045,0,"2023",NA
2023,32,"170310705002",0.010748,16121.98,2,120433,64164,0,0.0446513849092646,0.0386023559375995,0.0514167462591531,0.121776504297994,167126.912930446,16.7126912930446,12.0433,0,"2023",NA
2023,32,"170310705003",0.050825,76237.39,1,250001,NA,0,0.0446513849092646,0.0386023559375995,0.0514167462591531,0.121776504297994,167126.912930446,16.7126912930446,25.0001,0,"2023",NA
2023,32,"170310706001",0.007724,11585.54,1,172188,49658,0,0.0446513849092646,0.0386023559375995,0.0514167462591531,0.121776504297994,167126.912930446,16.7126912930446,17.2188,0,"2023",NA
2023,32,"170310706002",0.039252,58877.4,1,242045,95637,0,0.0446513849092646,0.0386023559375995,0.0514167462591531,0.121776504297994,167126.912930446,16.7126912930446,24.2045,0,"2023",NA
2023,32,"170310707001",0.109588,164382.46,1,185625,74635,0,0.0446513849092646,0.0386023559375995,0.0514167462591531,0.121776504297994,167126.912930446,16.7126912930446,18.5625,0,"2023",NA
2023,32,"170312215001",0.018767,28149.75,1,46958,43271,0,0.0446513849092646,0.0386023559375995,0.0514167462591531,0.121776504297994,167126.912930446,16.7126912930446,4.6958,0,"2023",NA
2023,32,"170312216001",0.02784,41758.99,2,159750,56022,0,0.0446513849092646,0.0386023559375995,0.0514167462591531,0.121776504297994,167126.912930446,16.7126912930446,15.975,0,"2023",NA
2023,32,"170312216002",0.053684,80525.54,3,123558,25806,0,0.0446513849092646,0.0386023559375995,0.0514167462591531,0.121776504297994,167126.912930446,16.7126912930446,12.3558,0,"2023",NA
2023,32,"170312222001",0.003254,4880,2,187984,33356,0,0.0446513849092646,0.0386023559375995,0.0514167462591531,0.121776504297994,167126.912930446,16.7126912930446,18.7984,0,"2023",NA
2023,32,"170312222002",0.008423,12634,1,190417,85641,0,0.0446513849092646,0.0386023559375995,0.0514167462591531,0.121776504297994,167126.912930446,16.7126912930446,19.0417,0,"2023",NA
2023,32,"170312402001",0.004947,7420.54,2,172019,15546,0,0.0446513849092646,0.0386023559375995,0.0514167462591531,0.121776504297994,167126.912930446,16.7126912930446,17.2019,0,"2023",NA
2023,32,"170312403001",0.007819,11728.66,2,142292,58358,0,0.0446513849092646,0.0386023559375995,0.0514167462591531,0.121776504297994,167126.912930446,16.7126912930446,14.2292,0,"2023",NA
2023,32,"170318309002",0.066739,100108.07,2,128073,13902,0,0.0446513849092646,0.0386023559375995,0.0514167462591531,0.121776504297994,167126.912930446,16.7126912930446,12.8073,0,"2023",NA
2023,32,"170318309003",0.033333,50000,1,116125,99917,0,0.0446513849092646,0.0386023559375995,0.0514167462591531,0.121776504297994,167126.912930446,16.7126912930446,11.6125,0,"2023",NA
2023,32,"170318310002",0.030394,45591.52,3,185769,37965,0,0.0446513849092646,0.0386023559375995,0.0514167462591531,0.121776504297994,167126.912930446,16.7126912930446,18.5769,0,"2023",NA
2023,32,"170318322001",0.037978,56966.29,1,131782,34716,0,0.0446513849092646,0.0386023559375995,0.0514167462591531,0.121776504297994,167126.912930446,16.7126912930446,13.1782,0,"2023",NA
2023,32,"170318322002",0.011519,17279.15,1,153929,23018,0,0.0446513849092646,0.0386023559375995,0.0514167462591531,0.121776504297994,167126.912930446,16.7126912930446,15.3929,0,"2023",NA
2023,32,"170318322003",0.042795,64192.29,1,168750,37461,0,0.0446513849092646,0.0386023559375995,0.0514167462591531,0.121776504297994,167126.912930446,16.7126912930446,16.875,0,"2023",NA
2023,32,"170318323001",0.024049,36073.85,3,131212,17319,0,0.0446513849092646,0.0386023559375995,0.0514167462591531,0.121776504297994,167126.912930446,16.7126912930446,13.1212,0,"2023",NA
2023,32,"170318437002",0.010362,15542.88,3,118793,73988,0,0.0446513849092646,0.0386023559375995,0.0514167462591531,0.121776504297994,167126.912930446,16.7126912930446,11.8793,0,"2023",NA
2023,33,"170311401002",0.000972,1450,1,102438,31814,0.666666666666667,0.0704049325112481,0.143392767872021,0.157057157140477,0.236377270454924,84616.5496990391,8.46165496990391,10.2438,6.8292,"2023",NA
2023,33,"170311402001",0.067027,1e+05,1,68209,16045,0.666666666666667,0.0704049325112481,0.143392767872021,0.157057157140477,0.236377270454924,84616.5496990391,8.46165496990391,6.8209,4.54726666666667,"2023",NA
2023,33,"170311402002",0.051976,77543.84,3,51629,33582,0.666666666666667,0.0704049325112481,0.143392767872021,0.157057157140477,0.236377270454924,84616.5496990391,8.46165496990391,5.1629,3.44193333333333,"2023",NA
2023,33,"170311406011",0.035671,53219.78,2,81833,44240,0.666666666666667,0.0704049325112481,0.143392767872021,0.157057157140477,0.236377270454924,84616.5496990391,8.46165496990391,8.1833,5.45553333333333,"2023",NA
2023,33,"170311407011",0.290408,433270.24,3,109119,6804,0.666666666666667,0.0704049325112481,0.143392767872021,0.157057157140477,0.236377270454924,84616.5496990391,8.46165496990391,10.9119,7.2746,"2023",NA
2023,33,"170311407012",0.002523,3763.85,1,75972,34277,0.666666666666667,0.0704049325112481,0.143392767872021,0.157057157140477,0.236377270454924,84616.5496990391,8.46165496990391,7.5972,5.0648,"2023",NA
2023,33,"170311407021",0.026345,39305.44,1,68750,34912,0.666666666666667,0.0704049325112481,0.143392767872021,0.157057157140477,0.236377270454924,84616.5496990391,8.46165496990391,6.875,4.58333333333333,"2023",NA
2023,33,"170311407023",0.07076,105569.23,3,145040,79563,0.666666666666667,0.0704049325112481,0.143392767872021,0.157057157140477,0.236377270454924,84616.5496990391,8.46165496990391,14.504,9.66933333333333,"2023",NA
2023,33,"170311407024",0.002743,4093.1,1,152216,62722,0.666666666666667,0.0704049325112481,0.143392767872021,0.157057157140477,0.236377270454924,84616.5496990391,8.46165496990391,15.2216,10.1477333333333,"2023",NA
2023,33,"170311408001",0.021982,32796.25,2,95486,73305,0.666666666666667,0.0704049325112481,0.143392767872021,0.157057157140477,0.236377270454924,84616.5496990391,8.46165496990391,9.5486,6.36573333333333,"2023",NA
2023,33,"170311408004",0.005762,8596.81,1,108828,73373,0.666666666666667,0.0704049325112481,0.143392767872021,0.157057157140477,0.236377270454924,84616.5496990391,8.46165496990391,10.8828,7.2552,"2023",NA
2023,33,"170311603001",0.00752,11219.78,1,85208,28970,0.666666666666667,0.0704049325112481,0.143392767872021,0.157057157140477,0.236377270454924,84616.5496990391,8.46165496990391,8.5208,5.68053333333333,"2023",NA
2023,33,"170311604001",0.013874,20698.45,1,66974,26437,0.666666666666667,0.0704049325112481,0.143392767872021,0.157057157140477,0.236377270454924,84616.5496990391,8.46165496990391,6.6974,4.46493333333333,"2023",NA
2023,33,"170311605011",0.021636,32279.91,2,100595,35219,0.666666666666667,0.0704049325112481,0.143392767872021,0.157057157140477,0.236377270454924,84616.5496990391,8.46165496990391,10.0595,6.70633333333333,"2023",NA
2023,33,"170311605023",0.008471,12637.85,1,104479,72117,0.666666666666667,0.0704049325112481,0.143392767872021,0.157057157140477,0.236377270454924,84616.5496990391,8.46165496990391,10.4479,6.96526666666667,"2023",NA
2023,33,"170311606012",0.035232,52563.69,1,76563,17089,0.666666666666667,0.0704049325112481,0.143392767872021,0.157057157140477,0.236377270454924,84616.5496990391,8.46165496990391,7.6563,5.1042,"2023",NA
2023,33,"170311606013",0.08708,129918.19,2,66563,32922,0.666666666666667,0.0704049325112481,0.143392767872021,0.157057157140477,0.236377270454924,84616.5496990391,8.46165496990391,6.6563,4.43753333333333,"2023",NA
2023,33,"170311606022",0.014538,21690.48,1,82888,31105,0.666666666666667,0.0704049325112481,0.143392767872021,0.157057157140477,0.236377270454924,84616.5496990391,8.46165496990391,8.2888,5.52586666666667,"2023",NA
2023,33,"170311606023",0.015119,22557.05,2,122500,34017,0.666666666666667,0.0704049325112481,0.143392767872021,0.157057157140477,0.236377270454924,84616.5496990391,8.46165496990391,12.25,8.16666666666667,"2023",NA
2023,33,"170311607001",0.001458,2175,1,23902,3924,0.666666666666667,0.0704049325112481,0.143392767872021,0.157057157140477,0.236377270454924,84616.5496990391,8.46165496990391,2.3902,1.59346666666667,"2023",NA
2023,33,"170311607003",0.025858,38578.11,1,110181,52067,0.666666666666667,0.0704049325112481,0.143392767872021,0.157057157140477,0.236377270454924,84616.5496990391,8.46165496990391,11.0181,7.3454,"2023",NA
2023,33,"170311608001",0.007727,11527.7,2,62028,30268,0.666666666666667,0.0704049325112481,0.143392767872021,0.157057157140477,0.236377270454924,84616.5496990391,8.46165496990391,6.2028,4.1352,"2023",NA
2023,33,"170312101002",0.136905,204253.51,2,118785,65339,0.666666666666667,0.0704049325112481,0.143392767872021,0.157057157140477,0.236377270454924,84616.5496990391,8.46165496990391,11.8785,7.919,"2023",NA
2023,33,"170312101003",0.002509,3742.9,1,82593,26870,0.666666666666667,0.0704049325112481,0.143392767872021,0.157057157140477,0.236377270454924,84616.5496990391,8.46165496990391,8.2593,5.5062,"2023",NA
2023,34,"170312522023",0.019556,29334.57,1,36875,24180,0,0.19392999127315,0.20188112091535,0.152235043149423,0.23019489964123,128380.251560562,12.8380251560562,3.6875,0,"2023",NA
2023,34,"170312801002",0.044407,66610.06,4,136392,37951,0,0.19392999127315,0.20188112091535,0.152235043149423,0.23019489964123,128380.251560562,12.8380251560562,13.6392,0,"2023",NA
2023,34,"170313204001",0.020568,30851.53,4,137917,45112,0,0.19392999127315,0.20188112091535,0.152235043149423,0.23019489964123,128380.251560562,12.8380251560562,13.7917,0,"2023",NA
2023,34,"170318330001",0.003808,5712.56,2,202670,69561,0,0.19392999127315,0.20188112091535,0.152235043149423,0.23019489964123,128380.251560562,12.8380251560562,20.267,0,"2023",NA
2023,34,"170318331001",0.019646,29469,2,145517,125808,0,0.19392999127315,0.20188112091535,0.152235043149423,0.23019489964123,128380.251560562,12.8380251560562,14.5517,0,"2023",NA
2023,34,"170318331002",0.082695,124042.8,4,223514,40619,0,0.19392999127315,0.20188112091535,0.152235043149423,0.23019489964123,128380.251560562,12.8380251560562,22.3514,0,"2023",NA
2023,34,"170318331003",0.182691,274035.36,8,180025,29466,0,0.19392999127315,0.20188112091535,0.152235043149423,0.23019489964123,128380.251560562,12.8380251560562,18.0025,0,"2023",NA
2023,34,"170318331004",0.111886,167828.89,1,151959,21394,0,0.19392999127315,0.20188112091535,0.152235043149423,0.23019489964123,128380.251560562,12.8380251560562,15.1959,0,"2023",NA
2023,34,"170318333001",0.115723,173584.32,6,90806,22166,0,0.19392999127315,0.20188112091535,0.152235043149423,0.23019489964123,128380.251560562,12.8380251560562,9.0806,0,"2023",NA
2023,34,"170318391001",0.007224,10836.05,1,124641,34480,0,0.19392999127315,0.20188112091535,0.152235043149423,0.23019489964123,128380.251560562,12.8380251560562,12.4641,0,"2023",NA
2023,34,"170318419001",0.304799,457197.88,6,128696,22419,0,0.19392999127315,0.20188112091535,0.152235043149423,0.23019489964123,128380.251560562,12.8380251560562,12.8696,0,"2023",NA
2023,34,"170318423002",0.018959,28439.23,1,178708,4752,0,0.19392999127315,0.20188112091535,0.152235043149423,0.23019489964123,128380.251560562,12.8380251560562,17.8708,0,"2023",NA
2023,35,"170311406022",0.000467,700,1,80613,14616,0.666666666666667,0.116970191175138,0.208480565371025,0.139802482558666,0.2107456736432,89778.162107582,8.9778162107582,8.0613,5.3742,"2023",NA
2023,35,"170311406024",0.000467,700,1,33393,26417,0.666666666666667,0.116970191175138,0.208480565371025,0.139802482558666,0.2107456736432,89778.162107582,8.9778162107582,3.3393,2.2262,"2023",NA
2023,35,"170311407022",0.000367,549.99,1,50104,23611,0.666666666666667,0.116970191175138,0.208480565371025,0.139802482558666,0.2107456736432,89778.162107582,8.9778162107582,5.0104,3.34026666666667,"2023",NA
2023,35,"170312004012",0.006507,9760,1,74451,15391,0.666666666666667,0.116970191175138,0.208480565371025,0.139802482558666,0.2107456736432,89778.162107582,8.9778162107582,7.4451,4.9634,"2023",NA
2023,35,"170312004022",0.034145,51218.12,1,51571,8067,0.666666666666667,0.116970191175138,0.208480565371025,0.139802482558666,0.2107456736432,89778.162107582,8.9778162107582,5.1571,3.43806666666667,"2023",NA
2023,35,"170312105011",0.003253,4880,1,65625,24951,0.666666666666667,0.116970191175138,0.208480565371025,0.139802482558666,0.2107456736432,89778.162107582,8.9778162107582,6.5625,4.375,"2023",NA
2023,35,"170312105021",0.057362,86043.85,2,70625,28707,0.666666666666667,0.116970191175138,0.208480565371025,0.139802482558666,0.2107456736432,89778.162107582,8.9778162107582,7.0625,4.70833333333333,"2023",NA
2023,35,"170312106011",0.07758,116370.04,4,184792,119032,0.666666666666667,0.116970191175138,0.208480565371025,0.139802482558666,0.2107456736432,89778.162107582,8.9778162107582,18.4792,12.3194666666667,"2023",NA
2023,35,"170312106012",0.038366,57550,2,62782,58432,0.666666666666667,0.116970191175138,0.208480565371025,0.139802482558666,0.2107456736432,89778.162107582,8.9778162107582,6.2782,4.18546666666667,"2023",NA
2023,35,"170312106013",0.004186,6280,2,73026,24779,0.666666666666667,0.116970191175138,0.208480565371025,0.139802482558666,0.2107456736432,89778.162107582,8.9778162107582,7.3026,4.8684,"2023",NA
2023,35,"170312106021",0.005866,8800,2,88393,14199,0.666666666666667,0.116970191175138,0.208480565371025,0.139802482558666,0.2107456736432,89778.162107582,8.9778162107582,8.8393,5.89286666666667,"2023",NA
2023,35,"170312106022",0.002189,3283.5,2,82443,27778,0.666666666666667,0.116970191175138,0.208480565371025,0.139802482558666,0.2107456736432,89778.162107582,8.9778162107582,8.2443,5.4962,"2023",NA
2023,35,"170312106023",8e-04,1200,1,120260,28014,0.666666666666667,0.116970191175138,0.208480565371025,0.139802482558666,0.2107456736432,89778.162107582,8.9778162107582,12.026,8.01733333333333,"2023",NA
2023,35,"170312107002",0.000233,350,1,122885,41284,0.666666666666667,0.116970191175138,0.208480565371025,0.139802482558666,0.2107456736432,89778.162107582,8.9778162107582,12.2885,8.19233333333333,"2023",NA
2023,35,"170312107003",0.004207,6309.9,2,70417,37403,0.666666666666667,0.116970191175138,0.208480565371025,0.139802482558666,0.2107456736432,89778.162107582,8.9778162107582,7.0417,4.69446666666667,"2023",NA
2023,35,"170312108001",0.045314,67970.72,2,92375,30396,0.666666666666667,0.116970191175138,0.208480565371025,0.139802482558666,0.2107456736432,89778.162107582,8.9778162107582,9.2375,6.15833333333333,"2023",NA
2023,35,"170312109001",0.018555,27832.81,1,107417,15729,0.666666666666667,0.116970191175138,0.208480565371025,0.139802482558666,0.2107456736432,89778.162107582,8.9778162107582,10.7417,7.16113333333333,"2023",NA
2023,35,"170312204001",0.166667,250000,1,123913,27654,0.666666666666667,0.116970191175138,0.208480565371025,0.139802482558666,0.2107456736432,89778.162107582,8.9778162107582,12.3913,8.26086666666667,"2023",NA
2023,35,"170312205002",0.011235,16852.92,1,115147,31918,0.666666666666667,0.116970191175138,0.208480565371025,0.139802482558666,0.2107456736432,89778.162107582,8.9778162107582,11.5147,7.67646666666667,"2023",NA
2023,35,"170312206012",0.064162,96242.68,3,131000,10289,0.666666666666667,0.116970191175138,0.208480565371025,0.139802482558666,0.2107456736432,89778.162107582,8.9778162107582,13.1,8.73333333333333,"2023",NA
2023,35,"170312206022",0.000611,917.04,1,73405,17500,0.666666666666667,0.116970191175138,0.208480565371025,0.139802482558666,0.2107456736432,89778.162107582,8.9778162107582,7.3405,4.89366666666667,"2023",NA
2023,35,"170312207011",0.028706,43058.68,1,61484,46039,0.666666666666667,0.116970191175138,0.208480565371025,0.139802482558666,0.2107456736432,89778.162107582,8.9778162107582,6.1484,4.09893333333333,"2023",NA
2023,35,"170312207013",0.01487,22305.26,1,87663,32404,0.666666666666667,0.116970191175138,0.208480565371025,0.139802482558666,0.2107456736432,89778.162107582,8.9778162107582,8.7663,5.8442,"2023",NA
2023,35,"170312207022",0.043902,65852.74,3,98938,27977,0.666666666666667,0.116970191175138,0.208480565371025,0.139802482558666,0.2107456736432,89778.162107582,8.9778162107582,9.8938,6.59586666666667,"2023",NA
2023,35,"170312209021",0.060033,90049.83,4,94070,26945,0.666666666666667,0.116970191175138,0.208480565371025,0.139802482558666,0.2107456736432,89778.162107582,8.9778162107582,9.407,6.27133333333333,"2023",NA
2023,35,"170312209022",0.013919,20878.58,1,70750,20376,0.666666666666667,0.116970191175138,0.208480565371025,0.139802482558666,0.2107456736432,89778.162107582,8.9778162107582,7.075,4.71666666666667,"2023",NA
2023,35,"170312210001",0.012336,18504.62,1,108542,21185,0.666666666666667,0.116970191175138,0.208480565371025,0.139802482558666,0.2107456736432,89778.162107582,8.9778162107582,10.8542,7.23613333333333,"2023",NA
2023,35,"170312210002",0.011526,17289.63,2,79000,19279,0.666666666666667,0.116970191175138,0.208480565371025,0.139802482558666,0.2107456736432,89778.162107582,8.9778162107582,7.9,5.26666666666667,"2023",NA
2023,35,"170312211001",0.007286,10929.21,1,100729,23824,0.666666666666667,0.116970191175138,0.208480565371025,0.139802482558666,0.2107456736432,89778.162107582,8.9778162107582,10.0729,6.71526666666667,"2023",NA
2023,35,"170312211003",0.026041,39061.02,1,118393,66531,0.666666666666667,0.116970191175138,0.208480565371025,0.139802482558666,0.2107456736432,89778.162107582,8.9778162107582,11.8393,7.89286666666667,"2023",NA
2023,35,"170318311001",0.101553,152327.9,8,68542,46949,0.666666666666667,0.116970191175138,0.208480565371025,0.139802482558666,0.2107456736432,89778.162107582,8.9778162107582,6.8542,4.56946666666667,"2023",NA
2023,35,"170318311004",0.058817,88225,3,89922,47472,0.666666666666667,0.116970191175138,0.208480565371025,0.139802482558666,0.2107456736432,89778.162107582,8.9778162107582,8.9922,5.9948,"2023",NA
2023,36,"170311512001",0.002267,3273.35,1,106250,39859,0,0.0854591836734694,0.21921768707483,0.173639455782313,0.279421768707483,82364.7638950356,8.23647638950356,10.625,0,"2023",NA
2023,36,"170311710002",0.000574,828.95,1,80853,18775,0,0.0854591836734694,0.21921768707483,0.173639455782313,0.279421768707483,82364.7638950356,8.23647638950356,8.0853,0,"2023",NA
2023,36,"170311710005",0.003243,4682.08,1,81385,12790,0,0.0854591836734694,0.21921768707483,0.173639455782313,0.279421768707483,82364.7638950356,8.23647638950356,8.1385,0,"2023",NA
2023,36,"170311801001",0.005215,7528.61,2,107740,36991,0,0.0854591836734694,0.21921768707483,0.173639455782313,0.279421768707483,82364.7638950356,8.23647638950356,10.774,0,"2023",NA
2023,36,"170311801002",0.016708,24120.02,5,100889,63671,0,0.0854591836734694,0.21921768707483,0.173639455782313,0.279421768707483,82364.7638950356,8.23647638950356,10.0889,0,"2023",NA
2023,36,"170311801003",0.003845,5550.55,1,93281,75467,0,0.0854591836734694,0.21921768707483,0.173639455782313,0.279421768707483,82364.7638950356,8.23647638950356,9.3281,0,"2023",NA
2023,36,"170311906012",0.003323,4797.71,1,152691,58323,0,0.0854591836734694,0.21921768707483,0.173639455782313,0.279421768707483,82364.7638950356,8.23647638950356,15.2691,0,"2023",NA
2023,36,"170311906021",0.029649,42802.1,1,91875,20786,0,0.0854591836734694,0.21921768707483,0.173639455782313,0.279421768707483,82364.7638950356,8.23647638950356,9.1875,0,"2023",NA
2023,36,"170311911001",0.000706,1020,2,57857,37196,0,0.0854591836734694,0.21921768707483,0.173639455782313,0.279421768707483,82364.7638950356,8.23647638950356,5.7857,0,"2023",NA
2023,36,"170311911003",0.005666,8179.04,1,31242,1268,0,0.0854591836734694,0.21921768707483,0.173639455782313,0.279421768707483,82364.7638950356,8.23647638950356,3.1242,0,"2023",NA
2023,36,"170311912001",0.171755,247949.09,9,78889,21510,0,0.0854591836734694,0.21921768707483,0.173639455782313,0.279421768707483,82364.7638950356,8.23647638950356,7.8889,0,"2023",NA
2023,36,"170311913011",0.119073,171895.75,6,109225,16750,0,0.0854591836734694,0.21921768707483,0.173639455782313,0.279421768707483,82364.7638950356,8.23647638950356,10.9225,0,"2023",NA
2023,36,"170311913012",0.053607,77387.96,2,48565,11388,0,0.0854591836734694,0.21921768707483,0.173639455782313,0.279421768707483,82364.7638950356,8.23647638950356,4.8565,0,"2023",NA
2023,36,"170311913013",0.026691,38531.58,6,51827,34608,0,0.0854591836734694,0.21921768707483,0.173639455782313,0.279421768707483,82364.7638950356,8.23647638950356,5.1827,0,"2023",NA
2023,36,"170311913021",0.03966,57254.2,4,82596,61783,0,0.0854591836734694,0.21921768707483,0.173639455782313,0.279421768707483,82364.7638950356,8.23647638950356,8.2596,0,"2023",NA
2023,36,"170311913022",0.314192,453575.52,6,54917,20048,0,0.0854591836734694,0.21921768707483,0.173639455782313,0.279421768707483,82364.7638950356,8.23647638950356,5.4917,0,"2023",NA
2023,36,"170312306003",0.027639,39900.97,1,57768,50374,0,0.0854591836734694,0.21921768707483,0.173639455782313,0.279421768707483,82364.7638950356,8.23647638950356,5.7768,0,"2023",NA
2023,36,"170312429001",0.003512,5070.48,1,124034,32692,0,0.0854591836734694,0.21921768707483,0.173639455782313,0.279421768707483,82364.7638950356,8.23647638950356,12.4034,0,"2023",NA
2023,36,"170312429002",0.02228,32164.14,1,138929,47885,0,0.0854591836734694,0.21921768707483,0.173639455782313,0.279421768707483,82364.7638950356,8.23647638950356,13.8929,0,"2023",NA
2023,36,"170318315001",0.031929,46093.87,4,78472,20514,0,0.0854591836734694,0.21921768707483,0.173639455782313,0.279421768707483,82364.7638950356,8.23647638950356,7.8472,0,"2023",NA
2023,36,"170318315002",0.002384,3442.11,1,79250,73949,0,0.0854591836734694,0.21921768707483,0.173639455782313,0.279421768707483,82364.7638950356,8.23647638950356,7.925,0,"2023",NA
2023,36,"170318316001",0.07409,106958.89,5,98998,7955,0,0.0854591836734694,0.21921768707483,0.173639455782313,0.279421768707483,82364.7638950356,8.23647638950356,9.8998,0,"2023",NA
2023,36,"170318316004",0.004831,6973.59,1,35764,19558,0,0.0854591836734694,0.21921768707483,0.173639455782313,0.279421768707483,82364.7638950356,8.23647638950356,3.5764,0,"2023",NA
2023,36,"170318316005",0.005502,7943.22,1,82202,66812,0,0.0854591836734694,0.21921768707483,0.173639455782313,0.279421768707483,82364.7638950356,8.23647638950356,8.2202,0,"2023",NA
2023,37,"170312306005",0.00483,7245,1,52375,33654,0,0.223829143193475,0.25897586815774,0.170268225006306,0.189775498192214,49210.6442663228,4.92106442663228,5.2375,0,"2023",NA
2023,37,"170312502001",0.013078,19616.93,1,47331,15501,0,0.223829143193475,0.25897586815774,0.170268225006306,0.189775498192214,49210.6442663228,4.92106442663228,4.7331,0,"2023",NA
2023,37,"170312502002",0.003957,5935.31,1,31346,28115,0,0.223829143193475,0.25897586815774,0.170268225006306,0.189775498192214,49210.6442663228,4.92106442663228,3.1346,0,"2023",NA
2023,37,"170312503004",0.025574,38361.8,2,61875,27346,0,0.223829143193475,0.25897586815774,0.170268225006306,0.189775498192214,49210.6442663228,4.92106442663228,6.1875,0,"2023",NA
2023,37,"170312507003",0.004496,6743.29,1,46772,29447,0,0.223829143193475,0.25897586815774,0.170268225006306,0.189775498192214,49210.6442663228,4.92106442663228,4.6772,0,"2023",NA
2023,37,"170312507004",0.015398,23096.28,1,58160,13789,0,0.223829143193475,0.25897586815774,0.170268225006306,0.189775498192214,49210.6442663228,4.92106442663228,5.816,0,"2023",NA
2023,37,"170312508001",0.022129,33192.61,2,65488,12141,0,0.223829143193475,0.25897586815774,0.170268225006306,0.189775498192214,49210.6442663228,4.92106442663228,6.5488,0,"2023",NA
2023,37,"170312508002",0.047166,70749.78,3,67896,21371,0,0.223829143193475,0.25897586815774,0.170268225006306,0.189775498192214,49210.6442663228,4.92106442663228,6.7896,0,"2023",NA
2023,37,"170312511001",0.037101,55650.68,5,23880,22210,0,0.223829143193475,0.25897586815774,0.170268225006306,0.189775498192214,49210.6442663228,4.92106442663228,2.388,0,"2023",NA
2023,37,"170312511002",0.016882,25323.06,2,42430,20341,0,0.223829143193475,0.25897586815774,0.170268225006306,0.189775498192214,49210.6442663228,4.92106442663228,4.243,0,"2023",NA
2023,37,"170312512004",0.077196,115794.08,1,95293,41982,0,0.223829143193475,0.25897586815774,0.170268225006306,0.189775498192214,49210.6442663228,4.92106442663228,9.5293,0,"2023",NA
2023,37,"170312517001",0.010423,15635,1,57037,24302,0,0.223829143193475,0.25897586815774,0.170268225006306,0.189775498192214,49210.6442663228,4.92106442663228,5.7037,0,"2023",NA
2023,37,"170312601001",0.038078,57117.64,1,21875,10130,0,0.223829143193475,0.25897586815774,0.170268225006306,0.189775498192214,49210.6442663228,4.92106442663228,2.1875,0,"2023",NA
2023,37,"170318421001",0.010423,15635,1,60220,47927,0,0.223829143193475,0.25897586815774,0.170268225006306,0.189775498192214,49210.6442663228,4.92106442663228,6.022,0,"2023",NA
2023,37,"170318421002",0.108667,163000,1,46719,33313,0,0.223829143193475,0.25897586815774,0.170268225006306,0.189775498192214,49210.6442663228,4.92106442663228,4.6719,0,"2023",NA
2023,37,"170318421005",0.039959,59939.97,3,73487,67789,0,0.223829143193475,0.25897586815774,0.170268225006306,0.189775498192214,49210.6442663228,4.92106442663228,7.3487,0,"2023",NA
2023,37,"170318421006",0.000967,1450,1,61036,25691,0,0.223829143193475,0.25897586815774,0.170268225006306,0.189775498192214,49210.6442663228,4.92106442663228,6.1036,0,"2023",NA
2023,38,"170311502001",0.000482,660,1,125063,37743,0,0.0607534246575342,0.109452054794521,0.14958904109589,0.266164383561644,88538.0336513566,8.85380336513566,12.5063,0,"2023",NA
2023,38,"170311504012",0.017933,24571.7,1,92902,27050,0,0.0607534246575342,0.109452054794521,0.14958904109589,0.266164383561644,88538.0336513566,8.85380336513566,9.2902,0,"2023",NA
2023,38,"170311504013",0.021549,29525.87,1,83967,46585,0,0.0607534246575342,0.109452054794521,0.14958904109589,0.266164383561644,88538.0336513566,8.85380336513566,8.3967,0,"2023",NA
2023,38,"170311504021",0.03532,48394.13,1,100337,44974,0,0.0607534246575342,0.109452054794521,0.14958904109589,0.266164383561644,88538.0336513566,8.85380336513566,10.0337,0,"2023",NA
2023,38,"170311504023",0.147686,202353.8,5,127857,45799,0,0.0607534246575342,0.109452054794521,0.14958904109589,0.266164383561644,88538.0336513566,8.85380336513566,12.7857,0,"2023",NA
2023,38,"170311505021",0.061716,84561.55,3,67941,43072,0,0.0607534246575342,0.109452054794521,0.14958904109589,0.266164383561644,88538.0336513566,8.85380336513566,6.7941,0,"2023",NA
2023,38,"170311505022",0.047749,65425.09,2,97045,84751,0,0.0607534246575342,0.109452054794521,0.14958904109589,0.266164383561644,88538.0336513566,8.85380336513566,9.7045,0,"2023",NA
2023,38,"170311505023",0.059483,81501.83,3,69659,13886,0,0.0607534246575342,0.109452054794521,0.14958904109589,0.266164383561644,88538.0336513566,8.85380336513566,6.9659,0,"2023",NA
2023,38,"170311701001",0.165756,227114.69,5,41699,27758,0,0.0607534246575342,0.109452054794521,0.14958904109589,0.266164383561644,88538.0336513566,8.85380336513566,4.1699,0,"2023",NA
2023,38,"170311702001",0.037771,51751.85,3,118393,73018,0,0.0607534246575342,0.109452054794521,0.14958904109589,0.266164383561644,88538.0336513566,8.85380336513566,11.8393,0,"2023",NA
2023,38,"170311702003",0.074727,102389.41,2,51466,13928,0,0.0607534246575342,0.109452054794521,0.14958904109589,0.266164383561644,88538.0336513566,8.85380336513566,5.1466,0,"2023",NA
2023,38,"170311703001",0.072984,1e+05,2,88819,32321,0,0.0607534246575342,0.109452054794521,0.14958904109589,0.266164383561644,88538.0336513566,8.85380336513566,8.8819,0,"2023",NA
2023,38,"170311703003",0.012536,17176.2,1,128819,83165,0,0.0607534246575342,0.109452054794521,0.14958904109589,0.266164383561644,88538.0336513566,8.85380336513566,12.8819,0,"2023",NA
2023,38,"170311703004",0.004251,5824,1,121406,75114,0,0.0607534246575342,0.109452054794521,0.14958904109589,0.266164383561644,88538.0336513566,8.85380336513566,12.1406,0,"2023",NA
2023,38,"170311703005",0.038719,53052.41,1,78286,26826,0,0.0607534246575342,0.109452054794521,0.14958904109589,0.266164383561644,88538.0336513566,8.85380336513566,7.8286,0,"2023",NA
2023,38,"170311704001",0.000365,500,1,87333,27427,0,0.0607534246575342,0.109452054794521,0.14958904109589,0.266164383561644,88538.0336513566,8.85380336513566,8.7333,0,"2023",NA
2023,38,"170311704004",0.001781,2440,1,123162,76452,0,0.0607534246575342,0.109452054794521,0.14958904109589,0.266164383561644,88538.0336513566,8.85380336513566,12.3162,0,"2023",NA
2023,38,"170311705001",0.003562,4880,1,66429,19983,0,0.0607534246575342,0.109452054794521,0.14958904109589,0.266164383561644,88538.0336513566,8.85380336513566,6.6429,0,"2023",NA
2023,38,"170311705003",0.003562,4880,1,95529,44486,0,0.0607534246575342,0.109452054794521,0.14958904109589,0.266164383561644,88538.0336513566,8.85380336513566,9.5529,0,"2023",NA
2023,38,"170311705004",0.021352,29255.51,1,49081,43838,0,0.0607534246575342,0.109452054794521,0.14958904109589,0.266164383561644,88538.0336513566,8.85380336513566,4.9081,0,"2023",NA
2023,38,"170311707003",0.003562,4880,1,89306,49406,0,0.0607534246575342,0.109452054794521,0.14958904109589,0.266164383561644,88538.0336513566,8.85380336513566,8.9306,0,"2023",NA
2023,38,"170311708003",0.065396,89604.59,3,68056,17585,0,0.0607534246575342,0.109452054794521,0.14958904109589,0.266164383561644,88538.0336513566,8.85380336513566,6.8056,0,"2023",NA
2023,38,"170311710001",0.042148,57750.14,1,44728,19036,0,0.0607534246575342,0.109452054794521,0.14958904109589,0.266164383561644,88538.0336513566,8.85380336513566,4.4728,0,"2023",NA
2023,38,"170311710002",0.059613,81680.41,3,80853,18775,0,0.0607534246575342,0.109452054794521,0.14958904109589,0.266164383561644,88538.0336513566,8.85380336513566,8.0853,0,"2023",NA
2023,39,"170311001002",0.000459,660,1,139306,53509,0.333333333333333,0.079474216380182,0.133602965958881,0.119649477586788,0.226761038085608,96976.7136988952,9.69767136988952,13.9306,4.64353333333333,"2023",NA
2023,39,"170311101004",0.000696,1000,2,124375,20779,0.333333333333333,0.079474216380182,0.133602965958881,0.119649477586788,0.226761038085608,96976.7136988952,9.69767136988952,12.4375,4.14583333333333,"2023",NA
2023,39,"170311101005",0.056794,81627.62,2,76750,53907,0.333333333333333,0.079474216380182,0.133602965958881,0.119649477586788,0.226761038085608,96976.7136988952,9.69767136988952,7.675,2.55833333333333,"2023",NA
2023,39,"170311202003",0.055982,80460.57,2,181449,52850,0.333333333333333,0.079474216380182,0.133602965958881,0.119649477586788,0.226761038085608,96976.7136988952,9.69767136988952,18.1449,6.0483,"2023",NA
2023,39,"170311202004",0.014914,21434.58,1,121458,71182,0.333333333333333,0.079474216380182,0.133602965958881,0.119649477586788,0.226761038085608,96976.7136988952,9.69767136988952,12.1458,4.0486,"2023",NA
2023,39,"170311203002",0.001044,1500,3,110833,87833,0.333333333333333,0.079474216380182,0.133602965958881,0.119649477586788,0.226761038085608,96976.7136988952,9.69767136988952,11.0833,3.69443333333333,"2023",NA
2023,39,"170311203005",0.003395,4880,1,210368,135283,0.333333333333333,0.079474216380182,0.133602965958881,0.119649477586788,0.226761038085608,96976.7136988952,9.69767136988952,21.0368,7.01226666666667,"2023",NA
2023,39,"170311203006",0.034789,50000,1,132000,84159,0.333333333333333,0.079474216380182,0.133602965958881,0.119649477586788,0.226761038085608,96976.7136988952,9.69767136988952,13.2,4.4,"2023",NA
2023,39,"170311204001",0.021796,31326.59,1,164286,90878,0.333333333333333,0.079474216380182,0.133602965958881,0.119649477586788,0.226761038085608,96976.7136988952,9.69767136988952,16.4286,5.4762,"2023",NA
2023,39,"170311204003",0.104366,150000,1,118229,17823,0.333333333333333,0.079474216380182,0.133602965958881,0.119649477586788,0.226761038085608,96976.7136988952,9.69767136988952,11.8229,3.94096666666667,"2023",NA
2023,39,"170311302001",0.104714,150500,2,103611,44856,0.333333333333333,0.079474216380182,0.133602965958881,0.119649477586788,0.226761038085608,96976.7136988952,9.69767136988952,10.3611,3.4537,"2023",NA
2023,39,"170311303001",0.047368,68080.22,1,35804,33156,0.333333333333333,0.079474216380182,0.133602965958881,0.119649477586788,0.226761038085608,96976.7136988952,9.69767136988952,3.5804,1.19346666666667,"2023",NA
2023,39,"170311403023",0.036917,53058.31,1,84792,55003,0.333333333333333,0.079474216380182,0.133602965958881,0.119649477586788,0.226761038085608,96976.7136988952,9.69767136988952,8.4792,2.8264,"2023",NA
2023,39,"170311404004",0.112255,161338.28,2,124762,47720,0.333333333333333,0.079474216380182,0.133602965958881,0.119649477586788,0.226761038085608,96976.7136988952,9.69767136988952,12.4762,4.15873333333333,"2023",NA
2023,39,"170311405002",0.018528,26629.07,1,70489,24409,0.333333333333333,0.079474216380182,0.133602965958881,0.119649477586788,0.226761038085608,96976.7136988952,9.69767136988952,7.0489,2.34963333333333,"2023",NA
2023,39,"170311406011",0.054089,77739.77,1,81833,44240,0.333333333333333,0.079474216380182,0.133602965958881,0.119649477586788,0.226761038085608,96976.7136988952,9.69767136988952,8.1833,2.72776666666667,"2023",NA
2023,39,"170311602002",0.063832,91742.26,1,128649,12002,0.333333333333333,0.079474216380182,0.133602965958881,0.119649477586788,0.226761038085608,96976.7136988952,9.69767136988952,12.8649,4.2883,"2023",NA
2023,39,"170311602003",0.040038,57544.62,1,250001,NA,0.333333333333333,0.079474216380182,0.133602965958881,0.119649477586788,0.226761038085608,96976.7136988952,9.69767136988952,25.0001,8.33336666666667,"2023",NA
2023,39,"170318318001",0.017373,24968.81,3,101184,43756,0.333333333333333,0.079474216380182,0.133602965958881,0.119649477586788,0.226761038085608,96976.7136988952,9.69767136988952,10.1184,3.3728,"2023",NA
2023,40,"170310208011",0.003672,5507.7,1,55707,22839,0.666666666666667,0.0890926018763876,0.163575162930602,0.13743464871446,0.246508629950584,78851.8845224198,7.88518845224198,5.5707,3.7138,"2023",NA
2023,40,"170310208012",0.008583,12875.18,3,90166,23632,0.666666666666667,0.0890926018763876,0.163575162930602,0.13743464871446,0.246508629950584,78851.8845224198,7.88518845224198,9.0166,6.01106666666667,"2023",NA
2023,40,"170310208014",0.226667,340000,1,58516,48345,0.666666666666667,0.0890926018763876,0.163575162930602,0.13743464871446,0.246508629950584,78851.8845224198,7.88518845224198,5.8516,3.90106666666667,"2023",NA
2023,40,"170310208021",0.013333,20000,1,110278,33504,0.666666666666667,0.0890926018763876,0.163575162930602,0.13743464871446,0.246508629950584,78851.8845224198,7.88518845224198,11.0278,7.35186666666667,"2023",NA
2023,40,"170310208022",0.010803,16203.94,1,58791,17595,0.666666666666667,0.0890926018763876,0.163575162930602,0.13743464871446,0.246508629950584,78851.8845224198,7.88518845224198,5.8791,3.9194,"2023",NA
2023,40,"170310208024",0.016586,24880,2,66085,27472,0.666666666666667,0.0890926018763876,0.163575162930602,0.13743464871446,0.246508629950584,78851.8845224198,7.88518845224198,6.6085,4.40566666666667,"2023",NA
2023,40,"170310209011",0.039988,59981.42,1,50732,11909,0.666666666666667,0.0890926018763876,0.163575162930602,0.13743464871446,0.246508629950584,78851.8845224198,7.88518845224198,5.0732,3.38213333333333,"2023",NA
2023,40,"170310209021",0.004828,7241.48,1,42452,18572,0.666666666666667,0.0890926018763876,0.163575162930602,0.13743464871446,0.246508629950584,78851.8845224198,7.88518845224198,4.2452,2.83013333333333,"2023",NA
2023,40,"170310209022",0.01842,27629.91,1,52396,13115,0.666666666666667,0.0890926018763876,0.163575162930602,0.13743464871446,0.246508629950584,78851.8845224198,7.88518845224198,5.2396,3.49306666666667,"2023",NA
2023,40,"170310303001",0.011033,16549.68,1,70802,16435,0.666666666666667,0.0890926018763876,0.163575162930602,0.13743464871446,0.246508629950584,78851.8845224198,7.88518845224198,7.0802,4.72013333333333,"2023",NA
2023,40,"170310304002",0.029413,44119.1,2,111500,33029,0.666666666666667,0.0890926018763876,0.163575162930602,0.13743464871446,0.246508629950584,78851.8845224198,7.88518845224198,11.15,7.43333333333333,"2023",NA
2023,40,"170310309004",0.007387,11080.66,1,122386,57745,0.666666666666667,0.0890926018763876,0.163575162930602,0.13743464871446,0.246508629950584,78851.8845224198,7.88518845224198,12.2386,8.15906666666667,"2023",NA
2023,40,"170310310002",0.011654,17481.29,1,144513,40207,0.666666666666667,0.0890926018763876,0.163575162930602,0.13743464871446,0.246508629950584,78851.8845224198,7.88518845224198,14.4513,9.6342,"2023",NA
2023,40,"170310401001",0.280427,420641.45,6,97244,23463,0.666666666666667,0.0890926018763876,0.163575162930602,0.13743464871446,0.246508629950584,78851.8845224198,7.88518845224198,9.7244,6.48293333333333,"2023",NA
2023,40,"170310401002",0.097839,146758.3,2,62885,17223,0.666666666666667,0.0890926018763876,0.163575162930602,0.13743464871446,0.246508629950584,78851.8845224198,7.88518845224198,6.2885,4.19233333333333,"2023",NA
2023,40,"170310401003",0.001499,2247.77,1,153750,74124,0.666666666666667,0.0890926018763876,0.163575162930602,0.13743464871446,0.246508629950584,78851.8845224198,7.88518845224198,15.375,10.25,"2023",NA
2023,40,"170310402012",0.018492,27738.28,3,75247,30903,0.666666666666667,0.0890926018763876,0.163575162930602,0.13743464871446,0.246508629950584,78851.8845224198,7.88518845224198,7.5247,5.01646666666667,"2023",NA
2023,40,"170310402013",0.022615,33923.43,3,102325,19875,0.666666666666667,0.0890926018763876,0.163575162930602,0.13743464871446,0.246508629950584,78851.8845224198,7.88518845224198,10.2325,6.82166666666667,"2023",NA
2023,40,"170310402022",0.028282,42423.87,2,59786,20197,0.666666666666667,0.0890926018763876,0.163575162930602,0.13743464871446,0.246508629950584,78851.8845224198,7.88518845224198,5.9786,3.98573333333333,"2023",NA
2023,40,"170310403002",0.005,7500,1,65045,38043,0.666666666666667,0.0890926018763876,0.163575162930602,0.13743464871446,0.246508629950584,78851.8845224198,7.88518845224198,6.5045,4.33633333333333,"2023",NA
2023,40,"170310404013",0.011078,16616.85,1,84042,40738,0.666666666666667,0.0890926018763876,0.163575162930602,0.13743464871446,0.246508629950584,78851.8845224198,7.88518845224198,8.4042,5.6028,"2023",NA
2023,40,"170310404022",0.015434,23150.62,1,105500,51297,0.666666666666667,0.0890926018763876,0.163575162930602,0.13743464871446,0.246508629950584,78851.8845224198,7.88518845224198,10.55,7.03333333333333,"2023",NA
2023,40,"170310407003",0.039723,59585.17,1,129712,33712,0.666666666666667,0.0890926018763876,0.163575162930602,0.13743464871446,0.246508629950584,78851.8845224198,7.88518845224198,12.9712,8.64746666666667,"2023",NA
2023,40,"170310407004",0.010875,16312.65,1,108636,39063,0.666666666666667,0.0890926018763876,0.163575162930602,0.13743464871446,0.246508629950584,78851.8845224198,7.88518845224198,10.8636,7.2424,"2023",NA
2023,40,"170311408002",0.027571,41356.49,3,170978,84991,0.666666666666667,0.0890926018763876,0.163575162930602,0.13743464871446,0.246508629950584,78851.8845224198,7.88518845224198,17.0978,11.3985333333333,"2023",NA
2023,41,"170310901001",0.073535,110303.57,2,110990,35912,0,0.0605648600210123,0.0972745812990544,0.132995488535937,0.222421358383289,105464.363855288,10.5464363855288,11.099,0,"2023",NA
2023,41,"170310901003",0.033368,50051.84,1,162917,71139,0,0.0605648600210123,0.0972745812990544,0.132995488535937,0.222421358383289,105464.363855288,10.5464363855288,16.2917,0,"2023",NA
2023,41,"170310901004",0.083602,125402.23,2,137396,62470,0,0.0605648600210123,0.0972745812990544,0.132995488535937,0.222421358383289,105464.363855288,10.5464363855288,13.7396,0,"2023",NA
2023,41,"170310902001",0.057073,85610.23,1,132214,48793,0,0.0605648600210123,0.0972745812990544,0.132995488535937,0.222421358383289,105464.363855288,10.5464363855288,13.2214,0,"2023",NA
2023,41,"170310902002",0.076656,114982.87,2,164919,106292,0,0.0605648600210123,0.0972745812990544,0.132995488535937,0.222421358383289,105464.363855288,10.5464363855288,16.4919,0,"2023",NA
2023,41,"170310902003",0.042136,63204,1,91818,25740,0,0.0605648600210123,0.0972745812990544,0.132995488535937,0.222421358383289,105464.363855288,10.5464363855288,9.1818,0,"2023",NA
2023,41,"170310902004",0.128229,192342.76,5,112125,45707,0,0.0605648600210123,0.0972745812990544,0.132995488535937,0.222421358383289,105464.363855288,10.5464363855288,11.2125,0,"2023",NA
2023,41,"170310902005",0.032305,48456.76,1,232569,32491,0,0.0605648600210123,0.0972745812990544,0.132995488535937,0.222421358383289,105464.363855288,10.5464363855288,23.2569,0,"2023",NA
2023,41,"170311002005",0.003253,4880,1,130417,61311,0,0.0605648600210123,0.0972745812990544,0.132995488535937,0.222421358383289,105464.363855288,10.5464363855288,13.0417,0,"2023",NA
2023,41,"170311005001",0.01901,28515.72,2,114215,17004,0,0.0605648600210123,0.0972745812990544,0.132995488535937,0.222421358383289,105464.363855288,10.5464363855288,11.4215,0,"2023",NA
2023,41,"170311005002",0.110602,165901.64,4,146447,105904,0,0.0605648600210123,0.0972745812990544,0.132995488535937,0.222421358383289,105464.363855288,10.5464363855288,14.6447,0,"2023",NA
2023,41,"170311005003",0.134833,202249.41,4,131685,64182,0,0.0605648600210123,0.0972745812990544,0.132995488535937,0.222421358383289,105464.363855288,10.5464363855288,13.1685,0,"2023",NA
2023,41,"170311005004",0.102085,153127.28,4,94500,55744,0,0.0605648600210123,0.0972745812990544,0.132995488535937,0.222421358383289,105464.363855288,10.5464363855288,9.45,0,"2023",NA
2023,41,"170311006004",0.103314,154971.68,2,97575,42696,0,0.0605648600210123,0.0972745812990544,0.132995488535937,0.222421358383289,105464.363855288,10.5464363855288,9.7575,0,"2023",NA
2023,42,"170310306041",0.017116,25623.22,1,63040,10894,0,0.0234274952919021,0.0473822975517891,0.0281732580037665,0.112241054613936,136642.130783219,13.6642130783219,6.304,0,"2023",NA
2023,42,"170310812012",0.16366,245000,2,134187,12484,0,0.0234274952919021,0.0473822975517891,0.0281732580037665,0.112241054613936,136642.130783219,13.6642130783219,13.4187,0,"2023",NA
2023,42,"170310814012",0.034169,51151.32,2,101050,37242,0,0.0234274952919021,0.0473822975517891,0.0281732580037665,0.112241054613936,136642.130783219,13.6642130783219,10.105,0,"2023",NA
2023,42,"170310814031",0.103411,154807.93,3,125360,26733,0,0.0234274952919021,0.0473822975517891,0.0281732580037665,0.112241054613936,136642.130783219,13.6642130783219,12.536,0,"2023",NA
2023,42,"170310815002",0.024716,37000,1,159921,44546,0,0.0234274952919021,0.0473822975517891,0.0281732580037665,0.112241054613936,136642.130783219,13.6642130783219,15.9921,0,"2023",NA
2023,42,"170310815003",0.186199,278739.98,2,113750,25070,0,0.0234274952919021,0.0473822975517891,0.0281732580037665,0.112241054613936,136642.130783219,13.6642130783219,11.375,0,"2023",NA
2023,42,"170310817001",0.00419,6272.8,1,97944,38477,0,0.0234274952919021,0.0473822975517891,0.0281732580037665,0.112241054613936,136642.130783219,13.6642130783219,9.7944,0,"2023",NA
2023,42,"170310818001",0.133601,2e+05,1,197768,70300,0,0.0234274952919021,0.0473822975517891,0.0281732580037665,0.112241054613936,136642.130783219,13.6642130783219,19.7768,0,"2023",NA
2023,42,"170310818003",0.06231,93276.9,3,202625,87736,0,0.0234274952919021,0.0473822975517891,0.0281732580037665,0.112241054613936,136642.130783219,13.6642130783219,20.2625,0,"2023",NA
2023,42,"170310818004",0.033687,50428.56,3,170282,76654,0,0.0234274952919021,0.0473822975517891,0.0281732580037665,0.112241054613936,136642.130783219,13.6642130783219,17.0282,0,"2023",NA
2023,42,"170310819001",0.00326,4880,1,238250,47642,0,0.0234274952919021,0.0473822975517891,0.0281732580037665,0.112241054613936,136642.130783219,13.6642130783219,23.825,0,"2023",NA
2023,42,"170313201011",0.017116,25623.22,1,158230,58988,0,0.0234274952919021,0.0473822975517891,0.0281732580037665,0.112241054613936,136642.130783219,13.6642130783219,15.823,0,"2023",NA
2023,42,"170313201013",0.112585,168539.86,2,130642,90070,0,0.0234274952919021,0.0473822975517891,0.0281732580037665,0.112241054613936,136642.130783219,13.6642130783219,13.0642,0,"2023",NA
2023,42,"170313201014",0.071544,107101.3,2,121282,20659,0,0.0234274952919021,0.0473822975517891,0.0281732580037665,0.112241054613936,136642.130783219,13.6642130783219,12.1282,0,"2023",NA
2023,42,"170313201021",0.021951,32860.34,1,106980,17178,0,0.0234274952919021,0.0473822975517891,0.0281732580037665,0.112241054613936,136642.130783219,13.6642130783219,10.698,0,"2023",NA
2023,43,"170310629002",0.018148,27222.17,1,164861,110675,0,0.0293088363954506,0.032917760279965,0.0365266841644794,0.12237532808399,148068.905169941,14.8068905169941,16.4861,0,"2023",NA
2023,43,"170310701011",0.224,336000,1,74442,44973,0,0.0293088363954506,0.032917760279965,0.0365266841644794,0.12237532808399,148068.905169941,14.8068905169941,7.4442,0,"2023",NA
2023,43,"170310701012",0.0175,26250,1,97344,72673,0,0.0293088363954506,0.032917760279965,0.0365266841644794,0.12237532808399,148068.905169941,14.8068905169941,9.7344,0,"2023",NA
2023,43,"170310701013",0.081946,122918.7,5,98750,17038,0,0.0293088363954506,0.032917760279965,0.0365266841644794,0.12237532808399,148068.905169941,14.8068905169941,9.875,0,"2023",NA
2023,43,"170310701021",0.000117,175,1,105976,29322,0,0.0293088363954506,0.032917760279965,0.0365266841644794,0.12237532808399,148068.905169941,14.8068905169941,10.5976,0,"2023",NA
2023,43,"170310701031",0.004367,6550.9,1,74173,14533,0,0.0293088363954506,0.032917760279965,0.0365266841644794,0.12237532808399,148068.905169941,14.8068905169941,7.4173,0,"2023",NA
2023,43,"170310702002",0.039572,59359.08,3,119063,25039,0,0.0293088363954506,0.032917760279965,0.0365266841644794,0.12237532808399,148068.905169941,14.8068905169941,11.9063,0,"2023",NA
2023,43,"170310702003",0.001784,2675,2,74554,17678,0,0.0293088363954506,0.032917760279965,0.0365266841644794,0.12237532808399,148068.905169941,14.8068905169941,7.4554,0,"2023",NA
2023,43,"170310703002",0.000234,350,2,202222,104982,0,0.0293088363954506,0.032917760279965,0.0365266841644794,0.12237532808399,148068.905169941,14.8068905169941,20.2222,0,"2023",NA
2023,43,"170310704002",0.000234,350,2,226806,187060,0,0.0293088363954506,0.032917760279965,0.0365266841644794,0.12237532808399,148068.905169941,14.8068905169941,22.6806,0,"2023",NA
2023,43,"170310704003",0.061984,92976.23,4,250001,NA,0,0.0293088363954506,0.032917760279965,0.0365266841644794,0.12237532808399,148068.905169941,14.8068905169941,25.0001,0,"2023",NA
2023,43,"170310705001",0.024564,36846.37,1,180042,26518,0,0.0293088363954506,0.032917760279965,0.0365266841644794,0.12237532808399,148068.905169941,14.8068905169941,18.0042,0,"2023",NA
2023,43,"170310710001",0.094712,142068.76,3,158214,90629,0,0.0293088363954506,0.032917760279965,0.0365266841644794,0.12237532808399,148068.905169941,14.8068905169941,15.8214,0,"2023",NA
2023,43,"170310710002",0.032594,48891.58,1,210074,56774,0,0.0293088363954506,0.032917760279965,0.0365266841644794,0.12237532808399,148068.905169941,14.8068905169941,21.0074,0,"2023",NA
2023,43,"170310711001",0.060271,90406.92,8,232431,56903,0,0.0293088363954506,0.032917760279965,0.0365266841644794,0.12237532808399,148068.905169941,14.8068905169941,23.2431,0,"2023",NA
2023,43,"170310711002",0.003558,5337.48,1,176250,56397,0,0.0293088363954506,0.032917760279965,0.0365266841644794,0.12237532808399,148068.905169941,14.8068905169941,17.625,0,"2023",NA
2023,43,"170310712001",0.02601,39014.48,2,116083,54849,0,0.0293088363954506,0.032917760279965,0.0365266841644794,0.12237532808399,148068.905169941,14.8068905169941,11.6083,0,"2023",NA
2023,43,"170310712002",0.066667,1e+05,1,132413,93986,0,0.0293088363954506,0.032917760279965,0.0365266841644794,0.12237532808399,148068.905169941,14.8068905169941,13.2413,0,"2023",NA
2023,43,"170310713002",0.041773,62660.94,3,122712,63959,0,0.0293088363954506,0.032917760279965,0.0365266841644794,0.12237532808399,148068.905169941,14.8068905169941,12.2712,0,"2023",NA
2023,43,"170310715006",0.002969,4452.88,1,160735,86570,0,0.0293088363954506,0.032917760279965,0.0365266841644794,0.12237532808399,148068.905169941,14.8068905169941,16.0735,0,"2023",NA
2023,43,"170310716001",0.021227,31841.06,1,242250,64418,0,0.0293088363954506,0.032917760279965,0.0365266841644794,0.12237532808399,148068.905169941,14.8068905169941,24.225,0,"2023",NA
2023,43,"170310717001",0.014121,21181.13,2,250001,NA,0,0.0293088363954506,0.032917760279965,0.0365266841644794,0.12237532808399,148068.905169941,14.8068905169941,25.0001,0,"2023",NA
2023,43,"170310718001",0.016281,24421.56,2,232616,51266,0,0.0293088363954506,0.032917760279965,0.0365266841644794,0.12237532808399,148068.905169941,14.8068905169941,23.2616,0,"2023",NA
2023,43,"170310801003",0.010328,15492.54,1,62267,26002,0,0.0293088363954506,0.032917760279965,0.0365266841644794,0.12237532808399,148068.905169941,14.8068905169941,6.2267,0,"2023",NA
2023,43,"170310801006",0.005964,8945.48,1,228389,21970,0,0.0293088363954506,0.032917760279965,0.0365266841644794,0.12237532808399,148068.905169941,14.8068905169941,22.8389,0,"2023",NA
2023,43,"170310802023",0.013859,20788.2,1,103568,63891,0,0.0293088363954506,0.032917760279965,0.0365266841644794,0.12237532808399,148068.905169941,14.8068905169941,10.3568,0,"2023",NA
2023,43,"170318326002",0.03825,57374.8,4,250001,NA,0,0.0293088363954506,0.032917760279965,0.0365266841644794,0.12237532808399,148068.905169941,14.8068905169941,25.0001,0,"2023",NA
2023,43,"170318326003",0.00808,12120.34,2,216250,43571,0,0.0293088363954506,0.032917760279965,0.0365266841644794,0.12237532808399,148068.905169941,14.8068905169941,21.625,0,"2023",NA
2023,44,"170310604002",0.008583,11381.97,1,159457,67580,0,0.0425880425880426,0.0325260325260325,0.0515970515970516,0.108927108927109,114552.509751402,11.4552509751402,15.9457,0,"2023",NA
2023,44,"170310604003",0.00368,4880,1,207572,51118,0,0.0425880425880426,0.0325260325260325,0.0515970515970516,0.108927108927109,114552.509751402,11.4552509751402,20.7572,0,"2023",NA
2023,44,"170310605001",0.016927,22447.57,2,60987,22761,0,0.0425880425880426,0.0325260325260325,0.0515970515970516,0.108927108927109,114552.509751402,11.4552509751402,6.0987,0,"2023",NA
2023,44,"170310609006",0.000498,660,1,95653,31815,0,0.0425880425880426,0.0325260325260325,0.0515970515970516,0.108927108927109,114552.509751402,11.4552509751402,9.5653,0,"2023",NA
2023,44,"170310610001",0.336344,446050.46,5,116500,17238,0,0.0425880425880426,0.0325260325260325,0.0515970515970516,0.108927108927109,114552.509751402,11.4552509751402,11.65,0,"2023",NA
2023,44,"170310611001",0.044523,59044.4,2,123750,44666,0,0.0425880425880426,0.0325260325260325,0.0515970515970516,0.108927108927109,114552.509751402,11.4552509751402,12.375,0,"2023",NA
2023,44,"170310612001",0.019211,25477.56,3,118398,7904,0,0.0425880425880426,0.0325260325260325,0.0515970515970516,0.108927108927109,114552.509751402,11.4552509751402,11.8398,0,"2023",NA
2023,44,"170310615001",0.035415,46966.62,3,126101,11343,0,0.0425880425880426,0.0325260325260325,0.0515970515970516,0.108927108927109,114552.509751402,11.4552509751402,12.6101,0,"2023",NA
2023,44,"170310619023",0.03571,47357.76,2,102604,21762,0,0.0425880425880426,0.0325260325260325,0.0515970515970516,0.108927108927109,114552.509751402,11.4552509751402,10.2604,0,"2023",NA
2023,44,"170310620001",0.042328,56133.51,5,109375,40652,0,0.0425880425880426,0.0325260325260325,0.0515970515970516,0.108927108927109,114552.509751402,11.4552509751402,10.9375,0,"2023",NA
2023,44,"170310620002",0.091579,121450,2,143201,15356,0,0.0425880425880426,0.0325260325260325,0.0515970515970516,0.108927108927109,114552.509751402,11.4552509751402,14.3201,0,"2023",NA
2023,44,"170310621003",0.068653,91046.52,3,108520,57257,0,0.0425880425880426,0.0325260325260325,0.0515970515970516,0.108927108927109,114552.509751402,11.4552509751402,10.852,0,"2023",NA
2023,44,"170310622001",0.030555,40521.87,2,206375,52566,0,0.0425880425880426,0.0325260325260325,0.0515970515970516,0.108927108927109,114552.509751402,11.4552509751402,20.6375,0,"2023",NA
2023,44,"170310622002",0.000754,1000,2,161429,31449,0,0.0425880425880426,0.0325260325260325,0.0515970515970516,0.108927108927109,114552.509751402,11.4552509751402,16.1429,0,"2023",NA
2023,44,"170310623001",0.080778,107125.28,4,244286,13637,0,0.0425880425880426,0.0325260325260325,0.0515970515970516,0.108927108927109,114552.509751402,11.4552509751402,24.4286,0,"2023",NA
2023,44,"170310629001",0.036103,47879.16,1,162875,21795,0,0.0425880425880426,0.0325260325260325,0.0515970515970516,0.108927108927109,114552.509751402,11.4552509751402,16.2875,0,"2023",NA
2023,44,"170310629003",0.018891,25051.46,3,189462,23394,0,0.0425880425880426,0.0325260325260325,0.0515970515970516,0.108927108927109,114552.509751402,11.4552509751402,18.9462,0,"2023",NA
2023,44,"170310630001",0.00736,9760,1,71612,22047,0,0.0425880425880426,0.0325260325260325,0.0515970515970516,0.108927108927109,114552.509751402,11.4552509751402,7.1612,0,"2023",NA
2023,44,"170310630002",0.034915,46303.22,3,126635,63903,0,0.0425880425880426,0.0325260325260325,0.0515970515970516,0.108927108927109,114552.509751402,11.4552509751402,12.6635,0,"2023",NA
2023,44,"170310632001",0.00736,9760,1,66529,52286,0,0.0425880425880426,0.0325260325260325,0.0515970515970516,0.108927108927109,114552.509751402,11.4552509751402,6.6529,0,"2023",NA
2023,44,"170310632004",0.001462,1938.46,1,77068,65424,0,0.0425880425880426,0.0325260325260325,0.0515970515970516,0.108927108927109,114552.509751402,11.4552509751402,7.7068,0,"2023",NA
2023,44,"170310632006",0.023793,31553.5,1,105057,34848,0,0.0425880425880426,0.0325260325260325,0.0515970515970516,0.108927108927109,114552.509751402,11.4552509751402,10.5057,0,"2023",NA
2023,44,"170310633011",0.011614,15402.04,1,56304,16137,0,0.0425880425880426,0.0325260325260325,0.0515970515970516,0.108927108927109,114552.509751402,11.4552509751402,5.6304,0,"2023",NA
2023,44,"170318321002",0.042965,56978.9,1,144583,32687,0,0.0425880425880426,0.0325260325260325,0.0515970515970516,0.108927108927109,114552.509751402,11.4552509751402,14.4583,0,"2023",NA
2023,45,"170311002003",0.061029,91542.78,1,153695,5887,0,0.0722336428723329,0.120507549443539,0.107535266179911,0.249237966966754,100745.215425526,10.0745215425526,15.3695,0,"2023",NA
2023,45,"170311101003",0.038343,57515.19,1,123010,57320,0,0.0722336428723329,0.120507549443539,0.107535266179911,0.249237966966754,100745.215425526,10.0745215425526,12.301,0,"2023",NA
2023,45,"170311102001",0.00208,3120.04,1,73750,56413,0,0.0722336428723329,0.120507549443539,0.107535266179911,0.249237966966754,100745.215425526,10.0745215425526,7.375,0,"2023",NA
2023,45,"170311103004",0.003253,4880,1,122375,36893,0,0.0722336428723329,0.120507549443539,0.107535266179911,0.249237966966754,100745.215425526,10.0745215425526,12.2375,0,"2023",NA
2023,45,"170311201001",0.103804,155705.07,3,168477,34456,0,0.0722336428723329,0.120507549443539,0.107535266179911,0.249237966966754,100745.215425526,10.0745215425526,16.8477,0,"2023",NA
2023,45,"170311201004",0.079122,118682.43,2,140233,38217,0,0.0722336428723329,0.120507549443539,0.107535266179911,0.249237966966754,100745.215425526,10.0745215425526,14.0233,0,"2023",NA
2023,45,"170311202001",0.577836,866753.83,8,121597,42596,0,0.0722336428723329,0.120507549443539,0.107535266179911,0.249237966966754,100745.215425526,10.0745215425526,12.1597,0,"2023",NA
2023,45,"170311202002",0.008194,12290.33,1,219408,34393,0,0.0722336428723329,0.120507549443539,0.107535266179911,0.249237966966754,100745.215425526,10.0745215425526,21.9408,0,"2023",NA
2023,45,"170311202003",0.013584,20375.49,1,181449,52850,0,0.0722336428723329,0.120507549443539,0.107535266179911,0.249237966966754,100745.215425526,10.0745215425526,18.1449,0,"2023",NA
2023,45,"170311502005",0.000483,725,1,118864,43552,0,0.0722336428723329,0.120507549443539,0.107535266179911,0.249237966966754,100745.215425526,10.0745215425526,11.8864,0,"2023",NA
2023,45,"170311504013",0.073575,110362.84,2,83967,46585,0,0.0722336428723329,0.120507549443539,0.107535266179911,0.249237966966754,100745.215425526,10.0745215425526,8.3967,0,"2023",NA
2023,46,"170310312002",0.071448,97916.26,3,25503,12968,0,0.149429807314196,0.146021759077205,0.106829204351815,0.16764975750426,76047.3951987084,7.60473951987084,2.5503,0,"2023",NA
2023,46,"170310314005",0.173352,237571.25,3,62248,60703,0,0.149429807314196,0.146021759077205,0.106829204351815,0.16764975750426,76047.3951987084,7.60473951987084,6.2248,0,"2023",NA
2023,46,"170310315012",0.004198,5753.68,1,56544,14829,0,0.149429807314196,0.146021759077205,0.106829204351815,0.16764975750426,76047.3951987084,7.60473951987084,5.6544,0,"2023",NA
2023,46,"170310315013",0.117821,161469.33,3,34570,31930,0,0.149429807314196,0.146021759077205,0.106829204351815,0.16764975750426,76047.3951987084,7.60473951987084,3.457,0,"2023",NA
2023,46,"170310315021",0.003265,4474.06,1,58750,35292,0,0.149429807314196,0.146021759077205,0.106829204351815,0.16764975750426,76047.3951987084,7.60473951987084,5.875,0,"2023",NA
2023,46,"170310317001",0.005231,7168.92,1,75662,34378,0,0.149429807314196,0.146021759077205,0.106829204351815,0.16764975750426,76047.3951987084,7.60473951987084,7.5662,0,"2023",NA
2023,46,"170310317002",0.055299,75784.56,2,107794,38236,0,0.149429807314196,0.146021759077205,0.106829204351815,0.16764975750426,76047.3951987084,7.60473951987084,10.7794,0,"2023",NA
2023,46,"170310317003",0.001522,2085.33,1,64388,21376,0,0.149429807314196,0.146021759077205,0.106829204351815,0.16764975750426,76047.3951987084,7.60473951987084,6.4388,0,"2023",NA
2023,46,"170310317004",0.062919,86227.7,3,118469,41083,0,0.149429807314196,0.146021759077205,0.106829204351815,0.16764975750426,76047.3951987084,7.60473951987084,11.8469,0,"2023",NA
2023,46,"170310321001",0.048419,66357.44,4,82700,10114,0,0.149429807314196,0.146021759077205,0.106829204351815,0.16764975750426,76047.3951987084,7.60473951987084,8.27,0,"2023",NA
2023,46,"170310321005",0.024626,33748.71,1,135057,73864,0,0.149429807314196,0.146021759077205,0.106829204351815,0.16764975750426,76047.3951987084,7.60473951987084,13.5057,0,"2023",NA
2023,46,"170310609001",0.008392,11500.61,1,89455,6679,0,0.149429807314196,0.146021759077205,0.106829204351815,0.16764975750426,76047.3951987084,7.60473951987084,8.9455,0,"2023",NA
2023,46,"170310609006",0.002554,3500,1,95653,31815,0,0.149429807314196,0.146021759077205,0.106829204351815,0.16764975750426,76047.3951987084,7.60473951987084,9.5653,0,"2023",NA
2023,46,"170310618001",0.042638,58433.9,2,76393,10479,0,0.149429807314196,0.146021759077205,0.106829204351815,0.16764975750426,76047.3951987084,7.60473951987084,7.6393,0,"2023",NA
2023,46,"170310619023",0.034191,46857.76,1,102604,21762,0,0.149429807314196,0.146021759077205,0.106829204351815,0.16764975750426,76047.3951987084,7.60473951987084,10.2604,0,"2023",NA
2023,46,"170318307002",0.278961,382304.73,1,96087,43854,0,0.149429807314196,0.146021759077205,0.106829204351815,0.16764975750426,76047.3951987084,7.60473951987084,9.6087,0,"2023",NA
2023,46,"170318307004",0.065164,89306.64,5,72917,33934,0,0.149429807314196,0.146021759077205,0.106829204351815,0.16764975750426,76047.3951987084,7.60473951987084,7.2917,0,"2023",NA
2023,47,"170310310001",0.000233,350,1,158636,70589,0.116666666666667,0.0296630280018984,0.0448504983388704,0.0654168644201867,0.157886410378105,116673.972372262,11.6673972372262,15.8636,1.85075333333333,"2023",NA
2023,47,"170310310003",0.043291,64937.46,2,87384,25392,0.116666666666667,0.0296630280018984,0.0448504983388704,0.0654168644201867,0.157886410378105,116673.972372262,11.6673972372262,8.7384,1.01948,"2023",NA
2023,47,"170310311001",0.000333,500,1,100762,12339,0.116666666666667,0.0296630280018984,0.0448504983388704,0.0654168644201867,0.157886410378105,116673.972372262,11.6673972372262,10.0762,1.17555666666667,"2023",NA
2023,47,"170310311003",0.095311,142966,3,83993,11527,0.116666666666667,0.0296630280018984,0.0448504983388704,0.0654168644201867,0.157886410378105,116673.972372262,11.6673972372262,8.3993,0.979918333333333,"2023",NA
2023,47,"170310318001",0.0363,54450,3,86159,8418,0.116666666666667,0.0296630280018984,0.0448504983388704,0.0654168644201867,0.157886410378105,116673.972372262,11.6673972372262,8.6159,1.00518833333333,"2023",NA
2023,47,"170310404011",0.022496,33743.77,1,105532,33801,0.116666666666667,0.0296630280018984,0.0448504983388704,0.0654168644201867,0.157886410378105,116673.972372262,11.6673972372262,10.5532,1.23120666666667,"2023",NA
2023,47,"170310404024",0.036371,54556.27,2,43856,25737,0.116666666666667,0.0296630280018984,0.0448504983388704,0.0654168644201867,0.157886410378105,116673.972372262,11.6673972372262,4.3856,0.511653333333333,"2023",NA
2023,47,"170310406002",0.003999,5998.13,1,87350,66627,0.116666666666667,0.0296630280018984,0.0448504983388704,0.0654168644201867,0.157886410378105,116673.972372262,11.6673972372262,8.735,1.01908333333333,"2023",NA
2023,47,"170310406003",0.108495,162742.64,1,103208,86931,0.116666666666667,0.0296630280018984,0.0448504983388704,0.0654168644201867,0.157886410378105,116673.972372262,11.6673972372262,10.3208,1.20409333333333,"2023",NA
2023,47,"170310407003",0.01252,18779.92,3,129712,33712,0.116666666666667,0.0296630280018984,0.0448504983388704,0.0654168644201867,0.157886410378105,116673.972372262,11.6673972372262,12.9712,1.51330666666667,"2023",NA
2023,47,"170310408001",4e-04,600,1,132946,31354,0.116666666666667,0.0296630280018984,0.0448504983388704,0.0654168644201867,0.157886410378105,116673.972372262,11.6673972372262,13.2946,1.55103666666667,"2023",NA
2023,47,"170310409001",0.022774,34159.5,2,84079,31164,0.116666666666667,0.0296630280018984,0.0448504983388704,0.0654168644201867,0.157886410378105,116673.972372262,11.6673972372262,8.4079,0.980921666666667,"2023",NA
2023,47,"170310409002",8e-04,1200,2,103250,28896,0.116666666666667,0.0296630280018984,0.0448504983388704,0.0654168644201867,0.157886410378105,116673.972372262,11.6673972372262,10.325,1.20458333333333,"2023",NA
2023,47,"170310502001",0.088634,132950.35,6,172109,138846,0.116666666666667,0.0296630280018984,0.0448504983388704,0.0654168644201867,0.157886410378105,116673.972372262,11.6673972372262,17.2109,2.00793833333333,"2023",NA
2023,47,"170310502002",0.015416,23124.2,2,132455,83654,0.116666666666667,0.0296630280018984,0.0448504983388704,0.0654168644201867,0.157886410378105,116673.972372262,11.6673972372262,13.2455,1.54530833333333,"2023",NA
2023,47,"170310502003",0.001752,2627.71,1,97091,15714,0.116666666666667,0.0296630280018984,0.0448504983388704,0.0654168644201867,0.157886410378105,116673.972372262,11.6673972372262,9.7091,1.13272833333333,"2023",NA
2023,47,"170310503001",0.044674,67011.49,3,101458,36176,0.116666666666667,0.0296630280018984,0.0448504983388704,0.0654168644201867,0.157886410378105,116673.972372262,11.6673972372262,10.1458,1.18367666666667,"2023",NA
2023,47,"170310503002",0.003253,4880,1,233095,122299,0.116666666666667,0.0296630280018984,0.0448504983388704,0.0654168644201867,0.157886410378105,116673.972372262,11.6673972372262,23.3095,2.71944166666667,"2023",NA
2023,47,"170310503003",0.04791,71865.1,3,234500,60178,0.116666666666667,0.0296630280018984,0.0448504983388704,0.0654168644201867,0.157886410378105,116673.972372262,11.6673972372262,23.45,2.73583333333333,"2023",NA
2023,47,"170310505001",0.00191,2865.33,1,123529,29847,0.116666666666667,0.0296630280018984,0.0448504983388704,0.0654168644201867,0.157886410378105,116673.972372262,11.6673972372262,12.3529,1.44117166666667,"2023",NA
2023,47,"170310505002",0.039942,59913.15,2,118250,53415,0.116666666666667,0.0296630280018984,0.0448504983388704,0.0654168644201867,0.157886410378105,116673.972372262,11.6673972372262,11.825,1.37958333333333,"2023",NA
2023,47,"170310505003",0.01553,23295.32,2,200718,56936,0.116666666666667,0.0296630280018984,0.0448504983388704,0.0654168644201867,0.157886410378105,116673.972372262,11.6673972372262,20.0718,2.34171,"2023",NA
2023,47,"170310505004",0.083733,125600,2,188300,117035,0.116666666666667,0.0296630280018984,0.0448504983388704,0.0654168644201867,0.157886410378105,116673.972372262,11.6673972372262,18.83,2.19683333333333,"2023",NA
2023,47,"170310505005",0.000859,1288.19,2,150833,29748,0.116666666666667,0.0296630280018984,0.0448504983388704,0.0654168644201867,0.157886410378105,116673.972372262,11.6673972372262,15.0833,1.75971833333333,"2023",NA
2023,47,"170310506001",0.001566,2350,2,102423,35096,0.116666666666667,0.0296630280018984,0.0448504983388704,0.0654168644201867,0.157886410378105,116673.972372262,11.6673972372262,10.2423,1.194935,"2023",NA
2023,47,"170310506002",0.055848,83772.11,3,158594,80812,0.116666666666667,0.0296630280018984,0.0448504983388704,0.0654168644201867,0.157886410378105,116673.972372262,11.6673972372262,15.8594,1.85026333333333,"2023",NA
2023,47,"170310507001",0.019463,29193.99,3,130699,21475,0.116666666666667,0.0296630280018984,0.0448504983388704,0.0654168644201867,0.157886410378105,116673.972372262,11.6673972372262,13.0699,1.52482166666667,"2023",NA
2023,47,"170310601001",0.000333,500,1,230302,90793,0.116666666666667,0.0296630280018984,0.0448504983388704,0.0654168644201867,0.157886410378105,116673.972372262,11.6673972372262,23.0302,2.68685666666667,"2023",NA
2023,47,"170310601002",0.010618,15927.88,3,122557,43694,0.116666666666667,0.0296630280018984,0.0448504983388704,0.0654168644201867,0.157886410378105,116673.972372262,11.6673972372262,12.2557,1.42983166666667,"2023",NA
2023,47,"170310601003",0.090329,135494.92,4,157031,68067,0.116666666666667,0.0296630280018984,0.0448504983388704,0.0654168644201867,0.157886410378105,116673.972372262,11.6673972372262,15.7031,1.83202833333333,"2023",NA
2023,47,"170310602002",0.000893,1339.96,1,123594,53575,0.116666666666667,0.0296630280018984,0.0448504983388704,0.0654168644201867,0.157886410378105,116673.972372262,11.6673972372262,12.3594,1.44193,"2023",NA
2023,47,"170310603002",0.005249,7873.83,2,109152,53253,0.116666666666667,0.0296630280018984,0.0448504983388704,0.0654168644201867,0.157886410378105,116673.972372262,11.6673972372262,10.9152,1.27344,"2023",NA
2023,47,"170310604003",0.004232,6348.24,1,207572,51118,0.116666666666667,0.0296630280018984,0.0448504983388704,0.0654168644201867,0.157886410378105,116673.972372262,11.6673972372262,20.7572,2.42167333333333,"2023",NA
2023,47,"170310625001",0.003073,4611.06,3,169917,52756,0.116666666666667,0.0296630280018984,0.0448504983388704,0.0654168644201867,0.157886410378105,116673.972372262,11.6673972372262,16.9917,1.982365,"2023",NA
2023,47,"170318308001",0.012747,19119.95,1,88990,34932,0.116666666666667,0.0296630280018984,0.0448504983388704,0.0654168644201867,0.157886410378105,116673.972372262,11.6673972372262,8.899,1.03821666666667,"2023",NA
2023,47,"170318308002",0.002133,3200,1,86806,66754,0.116666666666667,0.0296630280018984,0.0448504983388704,0.0654168644201867,0.157886410378105,116673.972372262,11.6673972372262,8.6806,1.01273666666667,"2023",NA
2023,47,"170318319002",0.002612,3917.67,3,130759,20366,0.116666666666667,0.0296630280018984,0.0448504983388704,0.0654168644201867,0.157886410378105,116673.972372262,11.6673972372262,13.0759,1.52552166666667,"2023",NA
2023,47,"170318437001",0.058922,88384.08,8,198103,32117,0.116666666666667,0.0296630280018984,0.0448504983388704,0.0654168644201867,0.157886410378105,116673.972372262,11.6673972372262,19.8103,2.31120166666667,"2023",NA
2023,48,"170310301011",0.016854,20904.23,2,28713,11056,0,0.12671456564337,0.120444154147616,0.10986283474853,0.234095362508165,69748.4959460919,6.97484959460919,2.8713,0,"2023",NA
2023,48,"170310301031",0.006709,8321.07,1,38945,23775,0,0.12671456564337,0.120444154147616,0.10986283474853,0.234095362508165,69748.4959460919,6.97484959460919,3.8945,0,"2023",NA
2023,48,"170310301032",0.032784,40662.73,2,58462,14237,0,0.12671456564337,0.120444154147616,0.10986283474853,0.234095362508165,69748.4959460919,6.97484959460919,5.8462,0,"2023",NA
2023,48,"170310301041",0.040312,50000,1,63306,15953,0,0.12671456564337,0.120444154147616,0.10986283474853,0.234095362508165,69748.4959460919,6.97484959460919,6.3306,0,"2023",NA
2023,48,"170310302001",0.048149,59721.1,1,83107,22827,0,0.12671456564337,0.120444154147616,0.10986283474853,0.234095362508165,69748.4959460919,6.97484959460919,8.3107,0,"2023",NA
2023,48,"170310302002",0.010217,12672.05,1,69821,32061,0,0.12671456564337,0.120444154147616,0.10986283474853,0.234095362508165,69748.4959460919,6.97484959460919,6.9821,0,"2023",NA
2023,48,"170310302003",0.050437,62559.43,4,202411,121646,0,0.12671456564337,0.120444154147616,0.10986283474853,0.234095362508165,69748.4959460919,6.97484959460919,20.2411,0,"2023",NA
2023,48,"170310302004",0.01588,19695.75,2,118125,39568,0,0.12671456564337,0.120444154147616,0.10986283474853,0.234095362508165,69748.4959460919,6.97484959460919,11.8125,0,"2023",NA
2023,48,"170310304001",0.03899,48361.42,2,95703,31719,0,0.12671456564337,0.120444154147616,0.10986283474853,0.234095362508165,69748.4959460919,6.97484959460919,9.5703,0,"2023",NA
2023,48,"170310305002",0.043157,53529.3,2,112467,15039,0,0.12671456564337,0.120444154147616,0.10986283474853,0.234095362508165,69748.4959460919,6.97484959460919,11.2467,0,"2023",NA
2023,48,"170310305003",0.239782,297411.7,1,114080,21027,0,0.12671456564337,0.120444154147616,0.10986283474853,0.234095362508165,69748.4959460919,6.97484959460919,11.408,0,"2023",NA
2023,48,"170310305004",0.040312,50000,1,136579,30334,0,0.12671456564337,0.120444154147616,0.10986283474853,0.234095362508165,69748.4959460919,6.97484959460919,13.6579,0,"2023",NA
2023,48,"170310306011",0.078642,97543.15,1,53043,14143,0,0.12671456564337,0.120444154147616,0.10986283474853,0.234095362508165,69748.4959460919,6.97484959460919,5.3043,0,"2023",NA
2023,48,"170310306031",0.011472,14229.46,2,59615,32018,0,0.12671456564337,0.120444154147616,0.10986283474853,0.234095362508165,69748.4959460919,6.97484959460919,5.9615,0,"2023",NA
2023,48,"170310306032",0.00519,6437.91,1,53830,10357,0,0.12671456564337,0.120444154147616,0.10986283474853,0.234095362508165,69748.4959460919,6.97484959460919,5.383,0,"2023",NA
2023,48,"170310307031",0.040779,50579.76,2,73077,16445,0,0.12671456564337,0.120444154147616,0.10986283474853,0.234095362508165,69748.4959460919,6.97484959460919,7.3077,0,"2023",NA
2023,48,"170310307033",0.054146,67159.46,3,83092,13873,0,0.12671456564337,0.120444154147616,0.10986283474853,0.234095362508165,69748.4959460919,6.97484959460919,8.3092,0,"2023",NA
2023,48,"170310308001",0.053846,66787.54,3,64306,50954,0,0.12671456564337,0.120444154147616,0.10986283474853,0.234095362508165,69748.4959460919,6.97484959460919,6.4306,0,"2023",NA
2023,48,"170310308002",0.057568,71402.97,4,108676,22553,0,0.12671456564337,0.120444154147616,0.10986283474853,0.234095362508165,69748.4959460919,6.97484959460919,10.8676,0,"2023",NA
2023,48,"170310308003",0.000532,660,1,106757,33665,0,0.12671456564337,0.120444154147616,0.10986283474853,0.234095362508165,69748.4959460919,6.97484959460919,10.6757,0,"2023",NA
2023,48,"170310308004",0.04846,60107.29,3,84704,16800,0,0.12671456564337,0.120444154147616,0.10986283474853,0.234095362508165,69748.4959460919,6.97484959460919,8.4704,0,"2023",NA
2023,48,"170310312002",0.040312,50000,1,25503,12968,0,0.12671456564337,0.120444154147616,0.10986283474853,0.234095362508165,69748.4959460919,6.97484959460919,2.5503,0,"2023",NA
2023,48,"170310313004",0.011535,14306.93,1,62500,24604,0,0.12671456564337,0.120444154147616,0.10986283474853,0.234095362508165,69748.4959460919,6.97484959460919,6.25,0,"2023",NA
2023,48,"170310313005",0.0024,2976.73,1,80962,19295,0,0.12671456564337,0.120444154147616,0.10986283474853,0.234095362508165,69748.4959460919,6.97484959460919,8.0962,0,"2023",NA
2023,49,"170310101002",0.042486,61820.68,5,30865,29270,0.666666666666667,0.110345526395785,0.204276015807073,0.151585773634613,0.244502989157969,59098.0177236303,5.90980177236303,3.0865,2.05766666666667,"2023",NA
2023,49,"170310102011",0.03877,56412.63,1,87629,30628,0.666666666666667,0.110345526395785,0.204276015807073,0.151585773634613,0.244502989157969,59098.0177236303,5.90980177236303,8.7629,5.84193333333333,"2023",NA
2023,49,"170310102012",0.011231,16341.95,2,39212,5481,0.666666666666667,0.110345526395785,0.204276015807073,0.151585773634613,0.244502989157969,59098.0177236303,5.90980177236303,3.9212,2.61413333333333,"2023",NA
2023,49,"170310102014",0.009388,13660,2,75211,60050,0.666666666666667,0.110345526395785,0.204276015807073,0.151585773634613,0.244502989157969,59098.0177236303,5.90980177236303,7.5211,5.01406666666667,"2023",NA
2023,49,"170310102021",0.000309,449.44,1,46319,7389,0.666666666666667,0.110345526395785,0.204276015807073,0.151585773634613,0.244502989157969,59098.0177236303,5.90980177236303,4.6319,3.08793333333333,"2023",NA
2023,49,"170310102022",0.003297,4797.7,1,78333,34643,0.666666666666667,0.110345526395785,0.204276015807073,0.151585773634613,0.244502989157969,59098.0177236303,5.90980177236303,7.8333,5.2222,"2023",NA
2023,49,"170310103001",0.013386,19477.14,1,54130,34420,0.666666666666667,0.110345526395785,0.204276015807073,0.151585773634613,0.244502989157969,59098.0177236303,5.90980177236303,5.413,3.60866666666667,"2023",NA
2023,49,"170310103002",0.100733,146572.79,4,74906,25228,0.666666666666667,0.110345526395785,0.204276015807073,0.151585773634613,0.244502989157969,59098.0177236303,5.90980177236303,7.4906,4.99373333333333,"2023",NA
2023,49,"170310103003",0.068725,1e+05,1,44738,20769,0.666666666666667,0.110345526395785,0.204276015807073,0.151585773634613,0.244502989157969,59098.0177236303,5.90980177236303,4.4738,2.98253333333333,"2023",NA
2023,49,"170310103004",0.002363,3437.07,2,78185,14093,0.666666666666667,0.110345526395785,0.204276015807073,0.151585773634613,0.244502989157969,59098.0177236303,5.90980177236303,7.8185,5.21233333333333,"2023",NA
2023,49,"170310104001",0.028491,41455.57,2,63295,23152,0.666666666666667,0.110345526395785,0.204276015807073,0.151585773634613,0.244502989157969,59098.0177236303,5.90980177236303,6.3295,4.21966666666667,"2023",NA
2023,49,"170310104002",0.004304,6262.98,2,49723,27103,0.666666666666667,0.110345526395785,0.204276015807073,0.151585773634613,0.244502989157969,59098.0177236303,5.90980177236303,4.9723,3.31486666666667,"2023",NA
2023,49,"170310105012",0.003574,5200,2,47309,10539,0.666666666666667,0.110345526395785,0.204276015807073,0.151585773634613,0.244502989157969,59098.0177236303,5.90980177236303,4.7309,3.15393333333333,"2023",NA
2023,49,"170310105013",0.013821,20109.87,2,60152,10741,0.666666666666667,0.110345526395785,0.204276015807073,0.151585773634613,0.244502989157969,59098.0177236303,5.90980177236303,6.0152,4.01013333333333,"2023",NA
2023,49,"170310105021",0.093447,135971.87,5,61154,20099,0.666666666666667,0.110345526395785,0.204276015807073,0.151585773634613,0.244502989157969,59098.0177236303,5.90980177236303,6.1154,4.07693333333333,"2023",NA
2023,49,"170310105022",0.001787,2600,1,61513,13465,0.666666666666667,0.110345526395785,0.204276015807073,0.151585773634613,0.244502989157969,59098.0177236303,5.90980177236303,6.1513,4.10086666666667,"2023",NA
2023,49,"170310105032",0.002168,3154.99,1,66750,55959,0.666666666666667,0.110345526395785,0.204276015807073,0.151585773634613,0.244502989157969,59098.0177236303,5.90980177236303,6.675,4.45,"2023",NA
2023,49,"170310106001",0.037666,54806.79,3,66928,23878,0.666666666666667,0.110345526395785,0.204276015807073,0.151585773634613,0.244502989157969,59098.0177236303,5.90980177236303,6.6928,4.46186666666667,"2023",NA
2023,49,"170310106002",0.202815,295110.19,6,123304,78562,0.666666666666667,0.110345526395785,0.204276015807073,0.151585773634613,0.244502989157969,59098.0177236303,5.90980177236303,12.3304,8.22026666666667,"2023",NA
2023,49,"170310106003",0.003904,5680.39,1,68454,19111,0.666666666666667,0.110345526395785,0.204276015807073,0.151585773634613,0.244502989157969,59098.0177236303,5.90980177236303,6.8454,4.5636,"2023",NA
2023,49,"170310106004",0.001677,2440,1,72865,26981,0.666666666666667,0.110345526395785,0.204276015807073,0.151585773634613,0.244502989157969,59098.0177236303,5.90980177236303,7.2865,4.85766666666667,"2023",NA
2023,49,"170310107021",0.077667,113010.78,2,60400,40796,0.666666666666667,0.110345526395785,0.204276015807073,0.151585773634613,0.244502989157969,59098.0177236303,5.90980177236303,6.04,4.02666666666667,"2023",NA
2023,49,"170310201001",0.037764,54948.45,3,81728,13191,0.666666666666667,0.110345526395785,0.204276015807073,0.151585773634613,0.244502989157969,59098.0177236303,5.90980177236303,8.1728,5.44853333333333,"2023",NA
2023,49,"170310201002",0.0231,33612.6,3,52019,16702,0.666666666666667,0.110345526395785,0.204276015807073,0.151585773634613,0.244502989157969,59098.0177236303,5.90980177236303,5.2019,3.46793333333333,"2023",NA
2023,49,"170310202004",0.000949,1380.26,1,151650,31621,0.666666666666667,0.110345526395785,0.204276015807073,0.151585773634613,0.244502989157969,59098.0177236303,5.90980177236303,15.165,10.11,"2023",NA
2023,49,"170318306001",0.001677,2440,1,81800,33135,0.666666666666667,0.110345526395785,0.204276015807073,0.151585773634613,0.244502989157969,59098.0177236303,5.90980177236303,8.18,5.45333333333333,"2023",NA
2023,49,"170318306002",0.088016,128069.5,1,52966,24894,0.666666666666667,0.110345526395785,0.204276015807073,0.151585773634613,0.244502989157969,59098.0177236303,5.90980177236303,5.2966,3.53106666666667,"2023",NA
2023,49,"170318306004",0.004729,6881.36,1,68173,24723,0.666666666666667,0.110345526395785,0.204276015807073,0.151585773634613,0.244502989157969,59098.0177236303,5.90980177236303,6.8173,4.54486666666667,"2023",NA
2023,50,"170310201001",0.006772,10158.21,1,81728,13191,0,0.109561752988048,0.189907038512616,0.170281835620481,0.210417588903645,77670.1866175201,7.76701866175201,8.1728,0,"2023",NA
2023,50,"170310202001",0.009761,14641.79,1,89000,46509,0,0.109561752988048,0.189907038512616,0.170281835620481,0.210417588903645,77670.1866175201,7.76701866175201,8.9,0,"2023",NA
2023,50,"170310202002",0.035167,52750.06,2,84041,59235,0,0.109561752988048,0.189907038512616,0.170281835620481,0.210417588903645,77670.1866175201,7.76701866175201,8.4041,0,"2023",NA
2023,50,"170310202003",0.12812,192179.96,6,119688,44437,0,0.109561752988048,0.189907038512616,0.170281835620481,0.210417588903645,77670.1866175201,7.76701866175201,11.9688,0,"2023",NA
2023,50,"170310202004",0.008885,13327.19,1,151650,31621,0,0.109561752988048,0.189907038512616,0.170281835620481,0.210417588903645,77670.1866175201,7.76701866175201,15.165,0,"2023",NA
2023,50,"170310203012",0.009565,14346.78,1,79779,58643,0,0.109561752988048,0.189907038512616,0.170281835620481,0.210417588903645,77670.1866175201,7.76701866175201,7.9779,0,"2023",NA
2023,50,"170310203013",0.228525,342787.34,2,115000,82385,0,0.109561752988048,0.189907038512616,0.170281835620481,0.210417588903645,77670.1866175201,7.76701866175201,11.5,0,"2023",NA
2023,50,"170310203023",0.040164,60245.03,2,72330,21211,0,0.109561752988048,0.189907038512616,0.170281835620481,0.210417588903645,77670.1866175201,7.76701866175201,7.233,0,"2023",NA
2023,50,"170310204001",0.031429,47144.52,2,94038,55920,0,0.109561752988048,0.189907038512616,0.170281835620481,0.210417588903645,77670.1866175201,7.76701866175201,9.4038,0,"2023",NA
2023,50,"170310205001",0.027719,41579.32,2,45208,15517,0,0.109561752988048,0.189907038512616,0.170281835620481,0.210417588903645,77670.1866175201,7.76701866175201,4.5208,0,"2023",NA
2023,50,"170310205002",0.01141,17114.56,1,97782,57105,0,0.109561752988048,0.189907038512616,0.170281835620481,0.210417588903645,77670.1866175201,7.76701866175201,9.7782,0,"2023",NA
2023,50,"170310206011",0.074269,111403.88,4,111518,38759,0,0.109561752988048,0.189907038512616,0.170281835620481,0.210417588903645,77670.1866175201,7.76701866175201,11.1518,0,"2023",NA
2023,50,"170310206012",0.034295,51442.43,3,61954,8477,0,0.109561752988048,0.189907038512616,0.170281835620481,0.210417588903645,77670.1866175201,7.76701866175201,6.1954,0,"2023",NA
2023,50,"170310206023",0.02988,44820.02,1,88250,52545,0,0.109561752988048,0.189907038512616,0.170281835620481,0.210417588903645,77670.1866175201,7.76701866175201,8.825,0,"2023",NA
2023,50,"170310207011",0.011422,17133.16,2,93846,56958,0,0.109561752988048,0.189907038512616,0.170281835620481,0.210417588903645,77670.1866175201,7.76701866175201,9.3846,0,"2023",NA
2023,50,"170310207022",0.000333,500,1,67031,33857,0,0.109561752988048,0.189907038512616,0.170281835620481,0.210417588903645,77670.1866175201,7.76701866175201,6.7031,0,"2023",NA
2023,50,"170310209011",0.102597,153895.1,6,50732,11909,0,0.109561752988048,0.189907038512616,0.170281835620481,0.210417588903645,77670.1866175201,7.76701866175201,5.0732,0,"2023",NA
2023,50,"170311301003",0.000333,500,1,78819,77056,0,0.109561752988048,0.189907038512616,0.170281835620481,0.210417588903645,77670.1866175201,7.76701866175201,7.8819,0,"2023",NA
2024,1,"170312203001",0.06771,95501.02,3,111500,21939,0.666666666666667,0.0666235446313066,0.087137312881168,0.0702273147292552,0.159027906117169,138798.478136838,13.8798478136838,11.15,7.43333333333333,"2024",NA
2024,1,"170312204002",0.015024,21190.35,2,124948,31210,0.666666666666667,0.0666235446313066,0.087137312881168,0.0702273147292552,0.159027906117169,138798.478136838,13.8798478136838,12.4948,8.32986666666667,"2024",NA
2024,1,"170312211002",0.012044,16987.88,1,73229,50267,0.666666666666667,0.0666235446313066,0.087137312881168,0.0702273147292552,0.159027906117169,138798.478136838,13.8798478136838,7.3229,4.88193333333333,"2024",NA
2024,1,"170312212002",0.00173,2440,1,126675,10304,0.666666666666667,0.0666235446313066,0.087137312881168,0.0702273147292552,0.159027906117169,138798.478136838,13.8798478136838,12.6675,8.445,"2024",NA
2024,1,"170312213002",0.00519,7320,1,66940,40798,0.666666666666667,0.0666235446313066,0.087137312881168,0.0702273147292552,0.159027906117169,138798.478136838,13.8798478136838,6.694,4.46266666666667,"2024",NA
2024,1,"170312214001",0.118932,167746.48,2,143011,79064,0.666666666666667,0.0666235446313066,0.087137312881168,0.0702273147292552,0.159027906117169,138798.478136838,13.8798478136838,14.3011,9.53406666666667,"2024",NA
2024,1,"170312214002",0.00865,12200,1,122308,22318,0.666666666666667,0.0666235446313066,0.087137312881168,0.0702273147292552,0.159027906117169,138798.478136838,13.8798478136838,12.2308,8.15386666666667,"2024",NA
2024,1,"170312214003",0.0506,71366.34,4,71667,28375,0.666666666666667,0.0666235446313066,0.087137312881168,0.0702273147292552,0.159027906117169,138798.478136838,13.8798478136838,7.1667,4.7778,"2024",NA
2024,1,"170312215002",0.00173,2440,1,89946,23736,0.666666666666667,0.0666235446313066,0.087137312881168,0.0702273147292552,0.159027906117169,138798.478136838,13.8798478136838,8.9946,5.9964,"2024",NA
2024,1,"170312405001",0.018114,25548.85,3,178770,9983,0.666666666666667,0.0666235446313066,0.087137312881168,0.0702273147292552,0.159027906117169,138798.478136838,13.8798478136838,17.877,11.918,"2024",NA
2024,1,"170312411001",0.07955,112200,3,96875,64306,0.666666666666667,0.0666235446313066,0.087137312881168,0.0702273147292552,0.159027906117169,138798.478136838,13.8798478136838,9.6875,6.45833333333333,"2024",NA
2024,1,"170312411002",0.009444,13319.57,1,89861,16544,0.666666666666667,0.0666235446313066,0.087137312881168,0.0702273147292552,0.159027906117169,138798.478136838,13.8798478136838,8.9861,5.99073333333333,"2024",NA
2024,1,"170312412001",0.014654,20668.85,2,158068,47415,0.666666666666667,0.0666235446313066,0.087137312881168,0.0702273147292552,0.159027906117169,138798.478136838,13.8798478136838,15.8068,10.5378666666667,"2024",NA
2024,1,"170312414001",0.125137,176500,4,151933,74048,0.666666666666667,0.0666235446313066,0.087137312881168,0.0702273147292552,0.159027906117169,138798.478136838,13.8798478136838,15.1933,10.1288666666667,"2024",NA
2024,1,"170312414003",0.19304,272270.68,2,250001,NA,0.666666666666667,0.0666235446313066,0.087137312881168,0.0702273147292552,0.159027906117169,138798.478136838,13.8798478136838,25.0001,16.6667333333333,"2024",NA
2024,1,"170312415002",0.037527,52929.06,2,131667,42266,0.666666666666667,0.0666235446313066,0.087137312881168,0.0702273147292552,0.159027906117169,138798.478136838,13.8798478136838,13.1667,8.7778,"2024",NA
2024,1,"170312416002",0.007843,11062.3,1,106354,25357,0.666666666666667,0.0666235446313066,0.087137312881168,0.0702273147292552,0.159027906117169,138798.478136838,13.8798478136838,10.6354,7.09026666666667,"2024",NA
2024,1,"170312421002",0.00519,7320,1,161591,113026,0.666666666666667,0.0666235446313066,0.087137312881168,0.0702273147292552,0.159027906117169,138798.478136838,13.8798478136838,16.1591,10.7727333333333,"2024",NA
2024,1,"170312422001",0.05606,79068.79,1,156424,22598,0.666666666666667,0.0666235446313066,0.087137312881168,0.0702273147292552,0.159027906117169,138798.478136838,13.8798478136838,15.6424,10.4282666666667,"2024",NA
2024,1,"170312424001",0.01384,19520,2,122778,27094,0.666666666666667,0.0666235446313066,0.087137312881168,0.0702273147292552,0.159027906117169,138798.478136838,13.8798478136838,12.2778,8.1852,"2024",NA
2024,1,"170312431001",0.056708,79982.45,2,147500,42476,0.666666666666667,0.0666235446313066,0.087137312881168,0.0702273147292552,0.159027906117169,138798.478136838,13.8798478136838,14.75,9.83333333333333,"2024",NA
2024,1,"170318324001",0.021896,30883.11,3,114569,32167,0.666666666666667,0.0666235446313066,0.087137312881168,0.0702273147292552,0.159027906117169,138798.478136838,13.8798478136838,11.4569,7.63793333333333,"2024",NA
2024,1,"170318324002",0.029689,41874.12,2,136724,14594,0.666666666666667,0.0666235446313066,0.087137312881168,0.0702273147292552,0.159027906117169,138798.478136838,13.8798478136838,13.6724,9.11493333333333,"2024",NA
2024,2,"170310706002",0.004772,6223,2,242045,95637,0,0.046053888782725,0.059908274412383,0.0585706095929677,0.119434358876362,122682.704595063,12.2682704595063,24.2045,0,"2024",NA
2024,2,"170310802011",0.108355,141299.24,3,125074,30024,0,0.046053888782725,0.059908274412383,0.0585706095929677,0.119434358876362,122682.704595063,12.2682704595063,12.5074,0,"2024",NA
2024,2,"170310802012",0.031173,40650.66,2,113571,35413,0,0.046053888782725,0.059908274412383,0.0585706095929677,0.119434358876362,122682.704595063,12.2682704595063,11.3571,0,"2024",NA
2024,2,"170310802023",0.015426,20115.81,1,103568,63891,0,0.046053888782725,0.059908274412383,0.0585706095929677,0.119434358876362,122682.704595063,12.2682704595063,10.3568,0,"2024",NA
2024,2,"170310803002",0.018285,23843.94,1,172891,26319,0,0.046053888782725,0.059908274412383,0.0585706095929677,0.119434358876362,122682.704595063,12.2682704595063,17.2891,0,"2024",NA
2024,2,"170310803004",0.003201,4174.37,1,177237,81644,0,0.046053888782725,0.059908274412383,0.0585706095929677,0.119434358876362,122682.704595063,12.2682704595063,17.7237,0,"2024",NA
2024,2,"170310804001",0.02962,38625.63,1,41200,28892,0,0.046053888782725,0.059908274412383,0.0585706095929677,0.119434358876362,122682.704595063,12.2682704595063,4.12,0,"2024",NA
2024,2,"170310804003",0.04684,61080.84,1,233214,101701,0,0.046053888782725,0.059908274412383,0.0585706095929677,0.119434358876362,122682.704595063,12.2682704595063,23.3214,0,"2024",NA
2024,2,"170310810002",0.092022,120000,1,148548,97086,0,0.046053888782725,0.059908274412383,0.0585706095929677,0.119434358876362,122682.704595063,12.2682704595063,14.8548,0,"2024",NA
2024,2,"170310812013",0.000584,761,1,158750,99476,0,0.046053888782725,0.059908274412383,0.0585706095929677,0.119434358876362,122682.704595063,12.2682704595063,15.875,0,"2024",NA
2024,2,"170310814012",0.045225,58975.44,1,101050,37242,0,0.046053888782725,0.059908274412383,0.0585706095929677,0.119434358876362,122682.704595063,12.2682704595063,10.105,0,"2024",NA
2024,2,"170310814031",0.000506,660,1,125360,26733,0,0.046053888782725,0.059908274412383,0.0585706095929677,0.119434358876362,122682.704595063,12.2682704595063,12.536,0,"2024",NA
2024,2,"170310814032",0.037734,49206.91,2,90804,64539,0,0.046053888782725,0.059908274412383,0.0585706095929677,0.119434358876362,122682.704595063,12.2682704595063,9.0804,0,"2024",NA
2024,2,"170310818001",0.003742,4880,2,197768,70300,0,0.046053888782725,0.059908274412383,0.0585706095929677,0.119434358876362,122682.704595063,12.2682704595063,19.7768,0,"2024",NA
2024,2,"170313301011",0.042591,55540.08,1,181355,15041,0,0.046053888782725,0.059908274412383,0.0585706095929677,0.119434358876362,122682.704595063,12.2682704595063,18.1355,0,"2024",NA
2024,2,"170318325001",0.019396,25292.54,3,100682,66639,0,0.046053888782725,0.059908274412383,0.0585706095929677,0.119434358876362,122682.704595063,12.2682704595063,10.0682,0,"2024",NA
2024,2,"170318325002",0.363513,474034.03,4,196591,64844,0,0.046053888782725,0.059908274412383,0.0585706095929677,0.119434358876362,122682.704595063,12.2682704595063,19.6591,0,"2024",NA
2024,2,"170318422001",0.000268,350,1,95174,20425,0,0.046053888782725,0.059908274412383,0.0585706095929677,0.119434358876362,122682.704595063,12.2682704595063,9.5174,0,"2024",NA
2024,3,"170313301022",0.044666,67000,2,110636,63784,0,0.172315849270971,0.146279113804204,0.0941109638326075,0.167771255444045,80435.307700434,8.0435307700434,11.0636,0,"2024",NA
2024,3,"170313301023",0.00145,2175,1,116062,39952,0,0.172315849270971,0.146279113804204,0.0941109638326075,0.167771255444045,80435.307700434,8.0435307700434,11.6062,0,"2024",NA
2024,3,"170313301032",0.011557,17335.18,1,168103,16685,0,0.172315849270971,0.146279113804204,0.0941109638326075,0.167771255444045,80435.307700434,8.0435307700434,16.8103,0,"2024",NA
2024,3,"170313302002",0.096161,144242.43,3,187986,68758,0,0.172315849270971,0.146279113804204,0.0941109638326075,0.167771255444045,80435.307700434,8.0435307700434,18.7986,0,"2024",NA
2024,3,"170313806001",0.050851,76277,1,53226,41865,0,0.172315849270971,0.146279113804204,0.0941109638326075,0.167771255444045,80435.307700434,8.0435307700434,5.3226,0,"2024",NA
2024,3,"170313812001",0.101606,152408.58,1,100694,23779,0,0.172315849270971,0.146279113804204,0.0941109638326075,0.167771255444045,80435.307700434,8.0435307700434,10.0694,0,"2024",NA
2024,3,"170313818001",0.033823,50733.61,5,85000,47323,0,0.172315849270971,0.146279113804204,0.0941109638326075,0.167771255444045,80435.307700434,8.0435307700434,8.5,0,"2024",NA
2024,3,"170314003001",1e-04,150,1,71288,31950,0,0.172315849270971,0.146279113804204,0.0941109638326075,0.167771255444045,80435.307700434,8.0435307700434,7.1288,0,"2024",NA
2024,3,"170318355002",0.023333,35000,1,28281,18427,0,0.172315849270971,0.146279113804204,0.0941109638326075,0.167771255444045,80435.307700434,8.0435307700434,2.8281,0,"2024",NA
2024,3,"170318358001",0.082934,124401.35,3,84500,24132,0,0.172315849270971,0.146279113804204,0.0941109638326075,0.167771255444045,80435.307700434,8.0435307700434,8.45,0,"2024",NA
2024,3,"170318360002",0.035299,52948.69,1,153693,73423,0,0.172315849270971,0.146279113804204,0.0941109638326075,0.167771255444045,80435.307700434,8.0435307700434,15.3693,0,"2024",NA
2024,3,"170318390002",0.000187,281.11,1,84364,18191,0,0.172315849270971,0.146279113804204,0.0941109638326075,0.167771255444045,80435.307700434,8.0435307700434,8.4364,0,"2024",NA
2024,3,"170318392001",0.054726,82088.75,1,53023,31420,0,0.172315849270971,0.146279113804204,0.0941109638326075,0.167771255444045,80435.307700434,8.0435307700434,5.3023,0,"2024",NA
2024,3,"170318396002",0.106727,160090.31,3,82014,28410,0,0.172315849270971,0.146279113804204,0.0941109638326075,0.167771255444045,80435.307700434,8.0435307700434,8.2014,0,"2024",NA
2024,3,"170318420001",0.00568,8519.87,1,150227,55330,0,0.172315849270971,0.146279113804204,0.0941109638326075,0.167771255444045,80435.307700434,8.0435307700434,15.0227,0,"2024",NA
2024,3,"170318436002",0.050161,75241.87,2,94375,21188,0,0.172315849270971,0.146279113804204,0.0941109638326075,0.167771255444045,80435.307700434,8.0435307700434,9.4375,0,"2024",NA
2024,3,"170318446001",0.044711,67066.03,1,56848,20291,0,0.172315849270971,0.146279113804204,0.0941109638326075,0.167771255444045,80435.307700434,8.0435307700434,5.6848,0,"2024",NA
2024,4,"170313206001",0.062327,88379.74,2,129308,8738,0,0.169777952446453,0.126547455295736,0.093338573393594,0.161033601886422,77136.9562223212,7.71369562223212,12.9308,0,"2024",NA
2024,4,"170313301011",0.010578,15000,1,181355,15041,0,0.169777952446453,0.126547455295736,0.093338573393594,0.161033601886422,77136.9562223212,7.71369562223212,18.1355,0,"2024",NA
2024,4,"170313510003",0.008604,12200,1,60323,11948,0,0.169777952446453,0.126547455295736,0.093338573393594,0.161033601886422,77136.9562223212,7.71369562223212,6.0323,0,"2024",NA
2024,4,"170313511002",0.002933,4160,2,19913,15081,0,0.169777952446453,0.126547455295736,0.093338573393594,0.161033601886422,77136.9562223212,7.71369562223212,1.9913,0,"2024",NA
2024,4,"170313801001",0.000776,1100,2,79734,30741,0,0.169777952446453,0.126547455295736,0.093338573393594,0.161033601886422,77136.9562223212,7.71369562223212,7.9734,0,"2024",NA
2024,4,"170313819001",0.00542,7685.7,1,65417,45658,0,0.169777952446453,0.126547455295736,0.093338573393594,0.161033601886422,77136.9562223212,7.71369562223212,6.5417,0,"2024",NA
2024,4,"170313903002",0.203963,289218.24,3,60933,37712,0,0.169777952446453,0.126547455295736,0.093338573393594,0.161033601886422,77136.9562223212,7.71369562223212,6.0933,0,"2024",NA
2024,4,"170313905001",0.007829,11101.9,3,62188,39226,0,0.169777952446453,0.126547455295736,0.093338573393594,0.161033601886422,77136.9562223212,7.71369562223212,6.2188,0,"2024",NA
2024,4,"170313906001",0.028171,39946.94,3,90625,67627,0,0.169777952446453,0.126547455295736,0.093338573393594,0.161033601886422,77136.9562223212,7.71369562223212,9.0625,0,"2024",NA
2024,4,"170318364001",0.002645,3750,1,19221,12930,0,0.169777952446453,0.126547455295736,0.093338573393594,0.161033601886422,77136.9562223212,7.71369562223212,1.9221,0,"2024",NA
2024,4,"170318364002",0.038535,54641.69,1,19063,8926,0,0.169777952446453,0.126547455295736,0.093338573393594,0.161033601886422,77136.9562223212,7.71369562223212,1.9063,0,"2024",NA
2024,4,"170318390002",0.092155,130674.66,3,84364,18191,0,0.169777952446453,0.126547455295736,0.093338573393594,0.161033601886422,77136.9562223212,7.71369562223212,8.4364,0,"2024",NA
2024,4,"170318420001",0.008604,12200,1,150227,55330,0,0.169777952446453,0.126547455295736,0.093338573393594,0.161033601886422,77136.9562223212,7.71369562223212,15.0227,0,"2024",NA
2024,4,"170318436002",0.021703,30773.88,2,94375,21188,0,0.169777952446453,0.126547455295736,0.093338573393594,0.161033601886422,77136.9562223212,7.71369562223212,9.4375,0,"2024",NA
2024,5,"170313501001",0.010038,15000,1,65039,26522,0,0.184121817970475,0.157968150645124,0.131814483319772,0.193537138207602,56236.261031694,5.6236261031694,6.5039,0,"2024",NA
2024,5,"170313905001",0.01014,15152.86,1,62188,39226,0,0.184121817970475,0.157968150645124,0.131814483319772,0.193537138207602,56236.261031694,5.6236261031694,6.2188,0,"2024",NA
2024,5,"170313906002",0.001673,2500,1,126607,72642,0,0.184121817970475,0.157968150645124,0.131814483319772,0.193537138207602,56236.261031694,5.6236261031694,12.6607,0,"2024",NA
2024,5,"170314105001",0.031965,47767.63,1,130455,55560,0,0.184121817970475,0.157968150645124,0.131814483319772,0.193537138207602,56236.261031694,5.6236261031694,13.0455,0,"2024",NA
2024,5,"170314106001",0.110529,165172.14,1,61250,40872,0,0.184121817970475,0.157968150645124,0.131814483319772,0.193537138207602,56236.261031694,5.6236261031694,6.125,0,"2024",NA
2024,5,"170314107001",0.032089,47954.16,2,57000,35208,0,0.184121817970475,0.157968150645124,0.131814483319772,0.193537138207602,56236.261031694,5.6236261031694,5.7,0,"2024",NA
2024,5,"170314111002",0.081299,121491.87,4,98750,64627,0,0.184121817970475,0.157968150645124,0.131814483319772,0.193537138207602,56236.261031694,5.6236261031694,9.875,0,"2024",NA
2024,5,"170314301023",0.036459,54483.27,1,20245,16884,0,0.184121817970475,0.157968150645124,0.131814483319772,0.193537138207602,56236.261031694,5.6236261031694,2.0245,0,"2024",NA
2024,5,"170314303001",0.000442,660,1,58793,22659,0,0.184121817970475,0.157968150645124,0.131814483319772,0.193537138207602,56236.261031694,5.6236261031694,5.8793,0,"2024",NA
2024,5,"170314305003",0.036324,54281.74,1,80213,63099,0,0.184121817970475,0.157968150645124,0.131814483319772,0.193537138207602,56236.261031694,5.6236261031694,8.0213,0,"2024",NA
2024,5,"170314306001",0.133521,199530.8,2,62422,30924,0,0.184121817970475,0.157968150645124,0.131814483319772,0.193537138207602,56236.261031694,5.6236261031694,6.2422,0,"2024",NA
2024,5,"170314306002",0.118386,176913.91,3,38750,15742,0,0.184121817970475,0.157968150645124,0.131814483319772,0.193537138207602,56236.261031694,5.6236261031694,3.875,0,"2024",NA
2024,5,"170316712001",0.027957,41778.57,1,42143,13179,0,0.184121817970475,0.157968150645124,0.131814483319772,0.193537138207602,56236.261031694,5.6236261031694,4.2143,0,"2024",NA
2024,5,"170318418001",0.147928,221061.01,3,50341,32049,0,0.184121817970475,0.157968150645124,0.131814483319772,0.193537138207602,56236.261031694,5.6236261031694,5.0341,0,"2024",NA
2024,5,"170318418002",0.027239,40705.53,2,51059,18611,0,0.184121817970475,0.157968150645124,0.131814483319772,0.193537138207602,56236.261031694,5.6236261031694,5.1059,0,"2024",NA
2024,6,"170314212002",0.013195,19777.72,3,30234,23833,0,0.259132774500673,0.249094484114664,0.151919693676912,0.184104315429991,45687.4661917228,4.56874661917228,3.0234,0,"2024",NA
2024,6,"170314402014",0.006846,10260,3,71237,48910,0,0.259132774500673,0.249094484114664,0.151919693676912,0.184104315429991,45687.4661917228,4.56874661917228,7.1237,0,"2024",NA
2024,6,"170314402021",0.003256,4880,1,31548,20838,0,0.259132774500673,0.249094484114664,0.151919693676912,0.184104315429991,45687.4661917228,4.56874661917228,3.1548,0,"2024",NA
2024,6,"170314402022",0.017906,26840,2,35252,10842,0,0.259132774500673,0.249094484114664,0.151919693676912,0.184104315429991,45687.4661917228,4.56874661917228,3.5252,0,"2024",NA
2024,6,"170314402023",0.016279,24400,3,66548,64307,0,0.259132774500673,0.249094484114664,0.151919693676912,0.184104315429991,45687.4661917228,4.56874661917228,6.6548,0,"2024",NA
2024,6,"170314403002",0.11522,172704.35,6,35929,34621,0,0.259132774500673,0.249094484114664,0.151919693676912,0.184104315429991,45687.4661917228,4.56874661917228,3.5929,0,"2024",NA
2024,6,"170314403003",0.002918,4373.5,1,48297,11889,0,0.259132774500673,0.249094484114664,0.151919693676912,0.184104315429991,45687.4661917228,4.56874661917228,4.8297,0,"2024",NA
2024,6,"170314403005",0.003256,4880,1,51951,13122,0,0.259132774500673,0.249094484114664,0.151919693676912,0.184104315429991,45687.4661917228,4.56874661917228,5.1951,0,"2024",NA
2024,6,"170314406001",0.004884,7320,2,55057,14768,0,0.259132774500673,0.249094484114664,0.151919693676912,0.184104315429991,45687.4661917228,4.56874661917228,5.5057,0,"2024",NA
2024,6,"170314406002",0.097335,145897.42,4,59737,39012,0,0.259132774500673,0.249094484114664,0.151919693676912,0.184104315429991,45687.4661917228,4.56874661917228,5.9737,0,"2024",NA
2024,6,"170314407002",0.030758,46104.02,1,96179,1894,0,0.259132774500673,0.249094484114664,0.151919693676912,0.184104315429991,45687.4661917228,4.56874661917228,9.6179,0,"2024",NA
2024,6,"170314902001",0.003256,4880,1,59811,12518,0,0.259132774500673,0.249094484114664,0.151919693676912,0.184104315429991,45687.4661917228,4.56874661917228,5.9811,0,"2024",NA
2024,6,"170314902002",0.001002,1500,3,75625,21122,0,0.259132774500673,0.249094484114664,0.151919693676912,0.184104315429991,45687.4661917228,4.56874661917228,7.5625,0,"2024",NA
2024,6,"170316809002",0.004883,7320,1,12305,2143,0,0.259132774500673,0.249094484114664,0.151919693676912,0.184104315429991,45687.4661917228,4.56874661917228,1.2305,0,"2024",NA
2024,6,"170316810004",0.003256,4880,1,10565,4068,0,0.259132774500673,0.249094484114664,0.151919693676912,0.184104315429991,45687.4661917228,4.56874661917228,1.0565,0,"2024",NA
2024,6,"170316904004",0.003256,4880,1,36536,24239,0,0.259132774500673,0.249094484114664,0.151919693676912,0.184104315429991,45687.4661917228,4.56874661917228,3.6536,0,"2024",NA
2024,6,"170316909005",0.084585,126786.83,2,30595,21689,0,0.259132774500673,0.249094484114664,0.151919693676912,0.184104315429991,45687.4661917228,4.56874661917228,3.0595,0,"2024",NA
2024,6,"170316910001",0.019534,29280,3,39444,39089,0,0.259132774500673,0.249094484114664,0.151919693676912,0.184104315429991,45687.4661917228,4.56874661917228,3.9444,0,"2024",NA
2024,6,"170316910003",0.003256,4880,1,93730,19834,0,0.259132774500673,0.249094484114664,0.151919693676912,0.184104315429991,45687.4661917228,4.56874661917228,9.373,0,"2024",NA
2024,6,"170316910004",0.003595,5387.66,2,80645,44075,0,0.259132774500673,0.249094484114664,0.151919693676912,0.184104315429991,45687.4661917228,4.56874661917228,8.0645,0,"2024",NA
2024,6,"170316911004",0.010341,15500,1,80679,21765,0,0.259132774500673,0.249094484114664,0.151919693676912,0.184104315429991,45687.4661917228,4.56874661917228,8.0679,0,"2024",NA
2024,6,"170316912001",0.016279,24400,2,32608,7166,0,0.259132774500673,0.249094484114664,0.151919693676912,0.184104315429991,45687.4661917228,4.56874661917228,3.2608,0,"2024",NA
2024,6,"170316913001",0.003696,5540,2,73967,51239,0,0.259132774500673,0.249094484114664,0.151919693676912,0.184104315429991,45687.4661917228,4.56874661917228,7.3967,0,"2024",NA
2024,6,"170316913002",0.010983,16462.41,3,28462,23727,0,0.259132774500673,0.249094484114664,0.151919693676912,0.184104315429991,45687.4661917228,4.56874661917228,2.8462,0,"2024",NA
2024,6,"170316914001",0.042959,64391.71,2,75144,24989,0,0.259132774500673,0.249094484114664,0.151919693676912,0.184104315429991,45687.4661917228,4.56874661917228,7.5144,0,"2024",NA
2024,6,"170316914002",0.010341,15500,1,26076,19072,0,0.259132774500673,0.249094484114664,0.151919693676912,0.184104315429991,45687.4661917228,4.56874661917228,2.6076,0,"2024",NA
2024,6,"170316914003",0.010208,15300,4,28097,12742,0,0.259132774500673,0.249094484114664,0.151919693676912,0.184104315429991,45687.4661917228,4.56874661917228,2.8097,0,"2024",NA
2024,6,"170316914005",0.006512,9760,2,50466,45629,0,0.259132774500673,0.249094484114664,0.151919693676912,0.184104315429991,45687.4661917228,4.56874661917228,5.0466,0,"2024",NA
2024,6,"170316915001",0.11871,177938.5,2,20875,14922,0,0.259132774500673,0.249094484114664,0.151919693676912,0.184104315429991,45687.4661917228,4.56874661917228,2.0875,0,"2024",NA
2024,6,"170317101001",0.003256,4880,1,28287,11458,0,0.259132774500673,0.249094484114664,0.151919693676912,0.184104315429991,45687.4661917228,4.56874661917228,2.8287,0,"2024",NA
2024,6,"170318418002",0.019534,29280,1,51059,18611,0,0.259132774500673,0.249094484114664,0.151919693676912,0.184104315429991,45687.4661917228,4.56874661917228,5.1059,0,"2024",NA
2024,6,"170318424001",0.200583,300660,2,41121,17372,0,0.259132774500673,0.249094484114664,0.151919693676912,0.184104315429991,45687.4661917228,4.56874661917228,4.1121,0,"2024",NA
2024,6,"170318424002",0.01498,22453.02,2,117610,29341,0,0.259132774500673,0.249094484114664,0.151919693676912,0.184104315429991,45687.4661917228,4.56874661917228,11.761,0,"2024",NA
2024,7,"170314305002",0.00247,3690.56,1,53112,23227,0,0.23728813559322,0.236127234734154,0.145112607383329,0.194683074065475,44601.1155515046,4.46011155515046,5.3112,0,"2024",NA
2024,7,"170314305003",0.046573,69587.65,4,80213,63099,0,0.23728813559322,0.236127234734154,0.145112607383329,0.194683074065475,44601.1155515046,4.46011155515046,8.0213,0,"2024",NA
2024,7,"170314307001",0.02358,35231.4,1,37637,12638,0,0.23728813559322,0.236127234734154,0.145112607383329,0.194683074065475,44601.1155515046,4.46011155515046,3.7637,0,"2024",NA
2024,7,"170314309001",0.004318,6451.19,1,29366,14282,0,0.23728813559322,0.236127234734154,0.145112607383329,0.194683074065475,44601.1155515046,4.46011155515046,2.9366,0,"2024",NA
2024,7,"170314309002",0.032063,47906.75,1,57617,43510,0,0.23728813559322,0.236127234734154,0.145112607383329,0.194683074065475,44601.1155515046,4.46011155515046,5.7617,0,"2024",NA
2024,7,"170314313011",0.040416,60386.88,2,39119,20500,0,0.23728813559322,0.236127234734154,0.145112607383329,0.194683074065475,44601.1155515046,4.46011155515046,3.9119,0,"2024",NA
2024,7,"170314313012",0.005108,7631.6,1,47270,13636,0,0.23728813559322,0.236127234734154,0.145112607383329,0.194683074065475,44601.1155515046,4.46011155515046,4.727,0,"2024",NA
2024,7,"170314313013",0.013467,20121.19,2,27278,5167,0,0.23728813559322,0.236127234734154,0.145112607383329,0.194683074065475,44601.1155515046,4.46011155515046,2.7278,0,"2024",NA
2024,7,"170314313021",0.004899,7320,2,21632,3319,0,0.23728813559322,0.236127234734154,0.145112607383329,0.194683074065475,44601.1155515046,4.46011155515046,2.1632,0,"2024",NA
2024,7,"170314313022",0.00067,1000,2,31192,29574,0,0.23728813559322,0.236127234734154,0.145112607383329,0.194683074065475,44601.1155515046,4.46011155515046,3.1192,0,"2024",NA
2024,7,"170314313023",0.010216,15263.2,2,66442,33623,0,0.23728813559322,0.236127234734154,0.145112607383329,0.194683074065475,44601.1155515046,4.46011155515046,6.6442,0,"2024",NA
2024,7,"170314314003",0.021189,31659.21,1,37444,17338,0,0.23728813559322,0.236127234734154,0.145112607383329,0.194683074065475,44601.1155515046,4.46011155515046,3.7444,0,"2024",NA
2024,7,"170314601002",0.069189,103379.1,1,59356,50477,0,0.23728813559322,0.236127234734154,0.145112607383329,0.194683074065475,44601.1155515046,4.46011155515046,5.9356,0,"2024",NA
2024,7,"170314601004",0.000335,500,1,48931,13721,0,0.23728813559322,0.236127234734154,0.145112607383329,0.194683074065475,44601.1155515046,4.46011155515046,4.8931,0,"2024",NA
2024,7,"170314602002",0.047709,71284.87,1,29117,13315,0,0.23728813559322,0.236127234734154,0.145112607383329,0.194683074065475,44601.1155515046,4.46011155515046,2.9117,0,"2024",NA
2024,7,"170314603023",0.006532,9760,1,69973,52525,0,0.23728813559322,0.236127234734154,0.145112607383329,0.194683074065475,44601.1155515046,4.46011155515046,6.9973,0,"2024",NA
2024,7,"170314605001",0.021129,31569.64,2,97311,78581,0,0.23728813559322,0.236127234734154,0.145112607383329,0.194683074065475,44601.1155515046,4.46011155515046,9.7311,0,"2024",NA
2024,7,"170314804001",0.012427,18568.2,1,86743,23059,0,0.23728813559322,0.236127234734154,0.145112607383329,0.194683074065475,44601.1155515046,4.46011155515046,8.6743,0,"2024",NA
2024,7,"170314804003",0.005803,8670.79,1,49550,26651,0,0.23728813559322,0.236127234734154,0.145112607383329,0.194683074065475,44601.1155515046,4.46011155515046,4.955,0,"2024",NA
2024,7,"170314804004",0.01842,27522.36,1,168535,7091,0,0.23728813559322,0.236127234734154,0.145112607383329,0.194683074065475,44601.1155515046,4.46011155515046,16.8535,0,"2024",NA
2024,7,"170314804005",0.064203,95929.15,1,61724,13855,0,0.23728813559322,0.236127234734154,0.145112607383329,0.194683074065475,44601.1155515046,4.46011155515046,6.1724,0,"2024",NA
2024,7,"170314805002",0.052845,78958.77,4,47807,36022,0,0.23728813559322,0.236127234734154,0.145112607383329,0.194683074065475,44601.1155515046,4.46011155515046,4.7807,0,"2024",NA
2024,7,"170314805003",0.081634,121973.48,2,97574,56221,0,0.23728813559322,0.236127234734154,0.145112607383329,0.194683074065475,44601.1155515046,4.46011155515046,9.7574,0,"2024",NA
2024,7,"170315102003",0.004254,6356.29,1,64625,35825,0,0.23728813559322,0.236127234734154,0.145112607383329,0.194683074065475,44601.1155515046,4.46011155515046,6.4625,0,"2024",NA
2024,7,"170315103002",0.083339,124519.9,3,41660,27277,0,0.23728813559322,0.236127234734154,0.145112607383329,0.194683074065475,44601.1155515046,4.46011155515046,4.166,0,"2024",NA
2024,7,"170315103003",0.003266,4880,1,10663,2086,0,0.23728813559322,0.236127234734154,0.145112607383329,0.194683074065475,44601.1155515046,4.46011155515046,1.0663,0,"2024",NA
2024,7,"170315103004",0.137594,205584.13,8,37893,17230,0,0.23728813559322,0.236127234734154,0.145112607383329,0.194683074065475,44601.1155515046,4.46011155515046,3.7893,0,"2024",NA
2024,7,"170318388002",0.018864,28185.12,1,25366,8156,0,0.23728813559322,0.236127234734154,0.145112607383329,0.194683074065475,44601.1155515046,4.46011155515046,2.5366,0,"2024",NA
2024,8,"170314304004",0.053105,77667.43,3,38493,19130,0,0.195139911634757,0.186947717231222,0.178571428571429,0.225239322533137,51803.5715323183,5.18035715323184,3.8493,0,"2024",NA
2024,8,"170314401022",0.036897,53962.62,1,51053,15008,0,0.195139911634757,0.186947717231222,0.178571428571429,0.225239322533137,51803.5715323183,5.18035715323184,5.1053,0,"2024",NA
2024,8,"170314401024",0.042562,62248.46,2,27672,24214,0,0.195139911634757,0.186947717231222,0.178571428571429,0.225239322533137,51803.5715323183,5.18035715323184,2.7672,0,"2024",NA
2024,8,"170314407001",0.033558,49079.24,1,40982,37027,0,0.195139911634757,0.186947717231222,0.178571428571429,0.225239322533137,51803.5715323183,5.18035715323184,4.0982,0,"2024",NA
2024,8,"170314407002",0.008418,12311.37,1,96179,1894,0,0.195139911634757,0.186947717231222,0.178571428571429,0.225239322533137,51803.5715323183,5.18035715323184,9.6179,0,"2024",NA
2024,8,"170314503002",0.003482,5091.96,1,52227,36074,0,0.195139911634757,0.186947717231222,0.178571428571429,0.225239322533137,51803.5715323183,5.18035715323184,5.2227,0,"2024",NA
2024,8,"170314503004",0.008372,12243.8,2,31325,25858,0,0.195139911634757,0.186947717231222,0.178571428571429,0.225239322533137,51803.5715323183,5.18035715323184,3.1325,0,"2024",NA
2024,8,"170314701001",0.043445,63540.14,2,59403,11539,0,0.195139911634757,0.186947717231222,0.178571428571429,0.225239322533137,51803.5715323183,5.18035715323184,5.9403,0,"2024",NA
2024,8,"170314701002",0.012176,17807.6,2,45554,14774,0,0.195139911634757,0.186947717231222,0.178571428571429,0.225239322533137,51803.5715323183,5.18035715323184,4.5554,0,"2024",NA
2024,8,"170314801001",0.026177,38284.65,1,69091,39280,0,0.195139911634757,0.186947717231222,0.178571428571429,0.225239322533137,51803.5715323183,5.18035715323184,6.9091,0,"2024",NA
2024,8,"170314801002",0.015125,22121.17,2,72135,31493,0,0.195139911634757,0.186947717231222,0.178571428571429,0.225239322533137,51803.5715323183,5.18035715323184,7.2135,0,"2024",NA
2024,8,"170314803001",0.026277,38431.59,1,54268,5688,0,0.195139911634757,0.186947717231222,0.178571428571429,0.225239322533137,51803.5715323183,5.18035715323184,5.4268,0,"2024",NA
2024,8,"170314804003",0.040631,59423.02,3,49550,26651,0,0.195139911634757,0.186947717231222,0.178571428571429,0.225239322533137,51803.5715323183,5.18035715323184,4.955,0,"2024",NA
2024,8,"170314804005",0.066726,97589.49,4,61724,13855,0,0.195139911634757,0.186947717231222,0.178571428571429,0.225239322533137,51803.5715323183,5.18035715323184,6.1724,0,"2024",NA
2024,8,"170314804006",0.044427,64975.93,2,100365,49442,0,0.195139911634757,0.186947717231222,0.178571428571429,0.225239322533137,51803.5715323183,5.18035715323184,10.0365,0,"2024",NA
2024,8,"170315001002",0.004395,6427.47,1,62264,30902,0,0.195139911634757,0.186947717231222,0.178571428571429,0.225239322533137,51803.5715323183,5.18035715323184,6.2264,0,"2024",NA
2024,8,"170315103002",0.001487,2175,1,41660,27277,0,0.195139911634757,0.186947717231222,0.178571428571429,0.225239322533137,51803.5715323183,5.18035715323184,4.166,0,"2024",NA
2024,8,"170316915002",0.01908,27906.12,3,23884,5497,0,0.195139911634757,0.186947717231222,0.178571428571429,0.225239322533137,51803.5715323183,5.18035715323184,2.3884,0,"2024",NA
2024,8,"170318342002",0.056654,82858,3,34813,7315,0,0.195139911634757,0.186947717231222,0.178571428571429,0.225239322533137,51803.5715323183,5.18035715323184,3.4813,0,"2024",NA
2024,8,"170318342003",0.000204,300,4,66869,6945,0,0.195139911634757,0.186947717231222,0.178571428571429,0.225239322533137,51803.5715323183,5.18035715323184,6.6869,0,"2024",NA
2024,8,"170318343001",0.003599,5264.31,1,50200,16840,0,0.195139911634757,0.186947717231222,0.178571428571429,0.225239322533137,51803.5715323183,5.18035715323184,5.02,0,"2024",NA
2024,8,"170318343003",0.096277,140807.07,4,64461,43068,0,0.195139911634757,0.186947717231222,0.178571428571429,0.225239322533137,51803.5715323183,5.18035715323184,6.4461,0,"2024",NA
2024,8,"170318343005",0.161019,235495.4,4,111745,78678,0,0.195139911634757,0.186947717231222,0.178571428571429,0.225239322533137,51803.5715323183,5.18035715323184,11.1745,0,"2024",NA
2024,8,"170318343006",0.039812,58226.21,2,68722,52029,0,0.195139911634757,0.186947717231222,0.178571428571429,0.225239322533137,51803.5715323183,5.18035715323184,6.8722,0,"2024",NA
2024,9,"170314905001",0.004651,6801.17,1,96875,23773,0,0.243693610753084,0.228042717731541,0.148131099245075,0.251611121340453,46899.3896183725,4.68993896183725,9.6875,0,"2024",NA
2024,9,"170314905002",0.002223,3251.28,1,72222,20228,0,0.243693610753084,0.228042717731541,0.148131099245075,0.251611121340453,46899.3896183725,4.68993896183725,7.2222,0,"2024",NA
2024,9,"170314906001",0.254541,372252.49,7,66927,19853,0,0.243693610753084,0.228042717731541,0.148131099245075,0.251611121340453,46899.3896183725,4.68993896183725,6.6927,0,"2024",NA
2024,9,"170314907001",0.000171,250,1,38018,8167,0,0.243693610753084,0.228042717731541,0.148131099245075,0.251611121340453,46899.3896183725,4.68993896183725,3.8018,0,"2024",NA
2024,9,"170314907002",0.000171,250,1,30662,21571,0,0.243693610753084,0.228042717731541,0.148131099245075,0.251611121340453,46899.3896183725,4.68993896183725,3.0662,0,"2024",NA
2024,9,"170314908003",0.000347,507.2,1,50982,26763,0,0.243693610753084,0.228042717731541,0.148131099245075,0.251611121340453,46899.3896183725,4.68993896183725,5.0982,0,"2024",NA
2024,9,"170314908005",0.003273,4786.51,3,42258,16143,0,0.243693610753084,0.228042717731541,0.148131099245075,0.251611121340453,46899.3896183725,4.68993896183725,4.2258,0,"2024",NA
2024,9,"170314909013",0.036088,52775.88,2,35556,34065,0,0.243693610753084,0.228042717731541,0.148131099245075,0.251611121340453,46899.3896183725,4.68993896183725,3.5556,0,"2024",NA
2024,9,"170314909022",0.078035,114121.4,3,45250,35136,0,0.243693610753084,0.228042717731541,0.148131099245075,0.251611121340453,46899.3896183725,4.68993896183725,4.525,0,"2024",NA
2024,9,"170314909023",0.042924,62774.21,2,85321,83272,0,0.243693610753084,0.228042717731541,0.148131099245075,0.251611121340453,46899.3896183725,4.68993896183725,8.5321,0,"2024",NA
2024,9,"170314909024",0.000342,500,1,104112,51293,0,0.243693610753084,0.228042717731541,0.148131099245075,0.251611121340453,46899.3896183725,4.68993896183725,10.4112,0,"2024",NA
2024,9,"170314910004",0.130774,191249.79,4,58971,40510,0,0.243693610753084,0.228042717731541,0.148131099245075,0.251611121340453,46899.3896183725,4.68993896183725,5.8971,0,"2024",NA
2024,9,"170314913001",0.001105,1615.66,1,39471,11815,0,0.243693610753084,0.228042717731541,0.148131099245075,0.251611121340453,46899.3896183725,4.68993896183725,3.9471,0,"2024",NA
2024,9,"170314914002",0.028698,41969.84,3,27933,19761,0,0.243693610753084,0.228042717731541,0.148131099245075,0.251611121340453,46899.3896183725,4.68993896183725,2.7933,0,"2024",NA
2024,9,"170314914003",0.000347,507.2,1,41424,22329,0,0.243693610753084,0.228042717731541,0.148131099245075,0.251611121340453,46899.3896183725,4.68993896183725,4.1424,0,"2024",NA
2024,9,"170315002001",0.000171,250,1,33654,18982,0,0.243693610753084,0.228042717731541,0.148131099245075,0.251611121340453,46899.3896183725,4.68993896183725,3.3654,0,"2024",NA
2024,9,"170315003001",0.012154,17775.25,1,44539,22691,0,0.243693610753084,0.228042717731541,0.148131099245075,0.251611121340453,46899.3896183725,4.68993896183725,4.4539,0,"2024",NA
2024,9,"170315003002",0.073547,107559.13,1,70870,31205,0,0.243693610753084,0.228042717731541,0.148131099245075,0.251611121340453,46899.3896183725,4.68993896183725,7.087,0,"2024",NA
2024,9,"170315301001",0.040665,59469.82,1,45909,22241,0,0.243693610753084,0.228042717731541,0.148131099245075,0.251611121340453,46899.3896183725,4.68993896183725,4.5909,0,"2024",NA
2024,9,"170315301002",0.000171,250,1,20917,14672,0,0.243693610753084,0.228042717731541,0.148131099245075,0.251611121340453,46899.3896183725,4.68993896183725,2.0917,0,"2024",NA
2024,9,"170315305014",0.005114,7478.82,1,55574,7742,0,0.243693610753084,0.228042717731541,0.148131099245075,0.251611121340453,46899.3896183725,4.68993896183725,5.5574,0,"2024",NA
2024,9,"170315305032",0.062597,91545.07,3,49342,16668,0,0.243693610753084,0.228042717731541,0.148131099245075,0.251611121340453,46899.3896183725,4.68993896183725,4.9342,0,"2024",NA
2024,9,"170315305033",0.051858,75838.81,2,47931,14465,0,0.243693610753084,0.228042717731541,0.148131099245075,0.251611121340453,46899.3896183725,4.68993896183725,4.7931,0,"2024",NA
2024,9,"170317109002",0.001487,2175,1,57813,19626,0,0.243693610753084,0.228042717731541,0.148131099245075,0.251611121340453,46899.3896183725,4.68993896183725,5.7813,0,"2024",NA
2024,9,"170317301001",0.003957,5786.9,1,49919,19364,0,0.243693610753084,0.228042717731541,0.148131099245075,0.251611121340453,46899.3896183725,4.68993896183725,4.9919,0,"2024",NA
2024,9,"170317305001",0.113207,165559.8,4,65642,19405,0,0.243693610753084,0.228042717731541,0.148131099245075,0.251611121340453,46899.3896183725,4.68993896183725,6.5642,0,"2024",NA
2024,10,"170314608001",0.003358,4880,1,32553,13974,0,0.182931616550208,0.229645913480411,0.184266310748214,0.232629347570071,50930.3882615955,5.09303882615955,3.2553,0,"2024",NA
2024,10,"170314608002",0.037414,54373.66,1,39516,34948,0,0.182931616550208,0.229645913480411,0.184266310748214,0.232629347570071,50930.3882615955,5.09303882615955,3.9516,0,"2024",NA
2024,10,"170314610001",0.003358,4880,1,14311,2622,0,0.182931616550208,0.229645913480411,0.184266310748214,0.232629347570071,50930.3882615955,5.09303882615955,1.4311,0,"2024",NA
2024,10,"170315101001",0.000728,1057.35,1,69625,37300,0,0.182931616550208,0.229645913480411,0.184266310748214,0.232629347570071,50930.3882615955,5.09303882615955,6.9625,0,"2024",NA
2024,10,"170315101002",0.007881,11453.67,2,72083,35582,0,0.182931616550208,0.229645913480411,0.184266310748214,0.232629347570071,50930.3882615955,5.09303882615955,7.2083,0,"2024",NA
2024,10,"170315201001",0.000344,500,1,58713,16248,0,0.182931616550208,0.229645913480411,0.184266310748214,0.232629347570071,50930.3882615955,5.09303882615955,5.8713,0,"2024",NA
2024,10,"170315202002",0.010273,14930.05,3,93088,40427,0,0.182931616550208,0.229645913480411,0.184266310748214,0.232629347570071,50930.3882615955,5.09303882615955,9.3088,0,"2024",NA
2024,10,"170315203001",0.017295,25133.97,2,55958,26312,0,0.182931616550208,0.229645913480411,0.184266310748214,0.232629347570071,50930.3882615955,5.09303882615955,5.5958,0,"2024",NA
2024,10,"170315203002",0.003866,5618.28,2,71938,9256,0,0.182931616550208,0.229645913480411,0.184266310748214,0.232629347570071,50930.3882615955,5.09303882615955,7.1938,0,"2024",NA
2024,10,"170315203003",0.015298,22232.85,1,50574,14236,0,0.182931616550208,0.229645913480411,0.184266310748214,0.232629347570071,50930.3882615955,5.09303882615955,5.0574,0,"2024",NA
2024,10,"170315203004",0.103789,150836.4,4,45654,9344,0,0.182931616550208,0.229645913480411,0.184266310748214,0.232629347570071,50930.3882615955,5.09303882615955,4.5654,0,"2024",NA
2024,10,"170315204002",0.000344,500,1,49492,25342,0,0.182931616550208,0.229645913480411,0.184266310748214,0.232629347570071,50930.3882615955,5.09303882615955,4.9492,0,"2024",NA
2024,10,"170315204003",0.009502,13809.03,2,58224,25278,0,0.182931616550208,0.229645913480411,0.184266310748214,0.232629347570071,50930.3882615955,5.09303882615955,5.8224,0,"2024",NA
2024,10,"170315205001",0.151476,220140.16,8,96000,78268,0,0.182931616550208,0.229645913480411,0.184266310748214,0.232629347570071,50930.3882615955,5.09303882615955,9.6,0,"2024",NA
2024,10,"170315205002",0.384207,558366.87,13,82625,18111,0,0.182931616550208,0.229645913480411,0.184266310748214,0.232629347570071,50930.3882615955,5.09303882615955,8.2625,0,"2024",NA
2024,10,"170315205003",0.013968,20298.92,3,88125,42950,0,0.182931616550208,0.229645913480411,0.184266310748214,0.232629347570071,50930.3882615955,5.09303882615955,8.8125,0,"2024",NA
2024,10,"170315206001",0.009599,13949.57,4,70750,11317,0,0.182931616550208,0.229645913480411,0.184266310748214,0.232629347570071,50930.3882615955,5.09303882615955,7.075,0,"2024",NA
2024,10,"170315401023",0.053449,77677.93,2,33836,2872,0,0.182931616550208,0.229645913480411,0.184266310748214,0.232629347570071,50930.3882615955,5.09303882615955,3.3836,0,"2024",NA
2024,10,"170315501001",0.018391,26727.67,3,33739,14990,0,0.182931616550208,0.229645913480411,0.184266310748214,0.232629347570071,50930.3882615955,5.09303882615955,3.3739,0,"2024",NA
2024,10,"170315501002",0.003358,4880,1,167682,4361,0,0.182931616550208,0.229645913480411,0.184266310748214,0.232629347570071,50930.3882615955,5.09303882615955,16.7682,0,"2024",NA
2024,10,"170315501003",0.011377,16534.66,3,39051,24951,0,0.182931616550208,0.229645913480411,0.184266310748214,0.232629347570071,50930.3882615955,5.09303882615955,3.9051,0,"2024",NA
2024,10,"170315502001",0.023672,34403.23,5,79375,10176,0,0.182931616550208,0.229645913480411,0.184266310748214,0.232629347570071,50930.3882615955,5.09303882615955,7.9375,0,"2024",NA
2024,10,"170315502002",0.015305,22242.82,4,51282,10687,0,0.182931616550208,0.229645913480411,0.184266310748214,0.232629347570071,50930.3882615955,5.09303882615955,5.1282,0,"2024",NA
2024,10,"170318339001",0.003206,4659.44,1,36518,30127,0,0.182931616550208,0.229645913480411,0.184266310748214,0.232629347570071,50930.3882615955,5.09303882615955,3.6518,0,"2024",NA
2024,10,"170318339002",0.006564,9539.44,2,40949,6123,0,0.182931616550208,0.229645913480411,0.184266310748214,0.232629347570071,50930.3882615955,5.09303882615955,4.0949,0,"2024",NA
2024,10,"170318388002",0.028089,40822.74,3,25366,8156,0,0.182931616550208,0.229645913480411,0.184266310748214,0.232629347570071,50930.3882615955,5.09303882615955,2.5366,0,"2024",NA
2024,11,"170313403001",0.014189,21048.25,2,50543,12374,0,0.14889923459323,0.188747731397459,0.125700307740866,0.204134774717904,69795.5362382264,6.97955362382264,5.0543,0,"2024",NA
2024,11,"170313404001",0.025082,37206.23,2,41125,13966,0,0.14889923459323,0.188747731397459,0.125700307740866,0.204134774717904,69795.5362382264,6.97955362382264,4.1125,0,"2024",NA
2024,11,"170316004001",0.026454,39241.32,6,64542,5173,0,0.14889923459323,0.188747731397459,0.125700307740866,0.204134774717904,69795.5362382264,6.97955362382264,6.4542,0,"2024",NA
2024,11,"170316004003",0.044582,66131.95,1,40033,22467,0,0.14889923459323,0.188747731397459,0.125700307740866,0.204134774717904,69795.5362382264,6.97955362382264,4.0033,0,"2024",NA
2024,11,"170316007001",0.031727,47063.28,1,69178,6466,0,0.14889923459323,0.188747731397459,0.125700307740866,0.204134774717904,69795.5362382264,6.97955362382264,6.9178,0,"2024",NA
2024,11,"170316007002",0.094294,139873.01,4,38603,20655,0,0.14889923459323,0.188747731397459,0.125700307740866,0.204134774717904,69795.5362382264,6.97955362382264,3.8603,0,"2024",NA
2024,11,"170316009002",0.057112,84719.19,1,54710,7508,0,0.14889923459323,0.188747731397459,0.125700307740866,0.204134774717904,69795.5362382264,6.97955362382264,5.471,0,"2024",NA
2024,11,"170316108001",0.034337,50935.54,4,125250,43785,0,0.14889923459323,0.188747731397459,0.125700307740866,0.204134774717904,69795.5362382264,6.97955362382264,12.525,0,"2024",NA
2024,11,"170318391001",0.007584,11250.38,1,124641,34480,0,0.14889923459323,0.188747731397459,0.125700307740866,0.204134774717904,69795.5362382264,6.97955362382264,12.4641,0,"2024",NA
2024,11,"170318397001",0.033051,49027.49,2,91488,40158,0,0.14889923459323,0.188747731397459,0.125700307740866,0.204134774717904,69795.5362382264,6.97955362382264,9.1488,0,"2024",NA
2024,11,"170318397003",0.02776,41179.3,1,81154,56216,0,0.14889923459323,0.188747731397459,0.125700307740866,0.204134774717904,69795.5362382264,6.97955362382264,8.1154,0,"2024",NA
2024,11,"170318398003",0.015757,23373.9,2,124091,41634,0,0.14889923459323,0.188747731397459,0.125700307740866,0.204134774717904,69795.5362382264,6.97955362382264,12.4091,0,"2024",NA
2024,11,"170318399001",0.017724,26291.93,4,88458,36249,0,0.14889923459323,0.188747731397459,0.125700307740866,0.204134774717904,69795.5362382264,6.97955362382264,8.8458,0,"2024",NA
2024,11,"170318399002",0.091148,135208.75,3,107447,52433,0,0.14889923459323,0.188747731397459,0.125700307740866,0.204134774717904,69795.5362382264,6.97955362382264,10.7447,0,"2024",NA
2024,11,"170318399003",0.133229,197631.72,2,87664,21718,0,0.14889923459323,0.188747731397459,0.125700307740866,0.204134774717904,69795.5362382264,6.97955362382264,8.7664,0,"2024",NA
2024,11,"170318400001",0.011921,17683.4,1,93816,29629,0,0.14889923459323,0.188747731397459,0.125700307740866,0.204134774717904,69795.5362382264,6.97955362382264,9.3816,0,"2024",NA
2024,11,"170318401001",0.059463,88207.19,1,65174,17165,0,0.14889923459323,0.188747731397459,0.125700307740866,0.204134774717904,69795.5362382264,6.97955362382264,6.5174,0,"2024",NA
2024,11,"170318401002",0.0261,38716,4,75946,25719,0,0.14889923459323,0.188747731397459,0.125700307740866,0.204134774717904,69795.5362382264,6.97955362382264,7.5946,0,"2024",NA
2024,11,"170318402001",0.106719,158305.84,9,51771,26004,0,0.14889923459323,0.188747731397459,0.125700307740866,0.204134774717904,69795.5362382264,6.97955362382264,5.1771,0,"2024",NA
2024,11,"170318411003",0.001348,2000,1,75677,55741,0,0.14889923459323,0.188747731397459,0.125700307740866,0.204134774717904,69795.5362382264,6.97955362382264,7.5677,0,"2024",NA
2024,12,"170315801001",0.156334,224348.27,5,70938,47328,0,0.180916228108015,0.276507635234233,0.16926926063325,0.207402294883962,61616.042910899,6.1616042910899,7.0938,0,"2024",NA
2024,12,"170315801002",0.015814,22695.24,2,39272,25994,0,0.180916228108015,0.276507635234233,0.16926926063325,0.207402294883962,61616.042910899,6.1616042910899,3.9272,0,"2024",NA
2024,12,"170315802001",0.112766,161825.48,3,77885,19148,0,0.180916228108015,0.276507635234233,0.16926926063325,0.207402294883962,61616.042910899,6.1616042910899,7.7885,0,"2024",NA
2024,12,"170315803001",0.019743,28331.92,1,83029,18047,0,0.180916228108015,0.276507635234233,0.16926926063325,0.207402294883962,61616.042910899,6.1616042910899,8.3029,0,"2024",NA
2024,12,"170315805011",0.003401,4880,1,53717,16095,0,0.180916228108015,0.276507635234233,0.16926926063325,0.207402294883962,61616.042910899,6.1616042910899,5.3717,0,"2024",NA
2024,12,"170315805013",0.003148,4517.69,1,48924,37292,0,0.180916228108015,0.276507635234233,0.16926926063325,0.207402294883962,61616.042910899,6.1616042910899,4.8924,0,"2024",NA
2024,12,"170315805022",0.020033,28748.8,1,65272,32011,0,0.180916228108015,0.276507635234233,0.16926926063325,0.207402294883962,61616.042910899,6.1616042910899,6.5272,0,"2024",NA
2024,12,"170315806001",0.00046,660,1,84821,31650,0,0.180916228108015,0.276507635234233,0.16926926063325,0.207402294883962,61616.042910899,6.1616042910899,8.4821,0,"2024",NA
2024,12,"170315806003",0.023134,33199.1,2,51444,34400,0,0.180916228108015,0.276507635234233,0.16926926063325,0.207402294883962,61616.042910899,6.1616042910899,5.1444,0,"2024",NA
2024,12,"170315807001",0.098234,140973.3,4,31607,17193,0,0.180916228108015,0.276507635234233,0.16926926063325,0.207402294883962,61616.042910899,6.1616042910899,3.1607,0,"2024",NA
2024,12,"170315905001",0.215282,308943.41,3,72383,30497,0,0.180916228108015,0.276507635234233,0.16926926063325,0.207402294883962,61616.042910899,6.1616042910899,7.2383,0,"2024",NA
2024,12,"170315906003",0.000253,362.5,1,102539,54236,0,0.180916228108015,0.276507635234233,0.16926926063325,0.207402294883962,61616.042910899,6.1616042910899,10.2539,0,"2024",NA
2024,12,"170318403002",0.041251,59198.17,3,76648,38514,0,0.180916228108015,0.276507635234233,0.16926926063325,0.207402294883962,61616.042910899,6.1616042910899,7.6648,0,"2024",NA
2024,12,"170318403003",0.113584,163000,1,77841,32114,0,0.180916228108015,0.276507635234233,0.16926926063325,0.207402294883962,61616.042910899,6.1616042910899,7.7841,0,"2024",NA
2024,12,"170318428001",0.0034,4880,2,60927,17286,0,0.180916228108015,0.276507635234233,0.16926926063325,0.207402294883962,61616.042910899,6.1616042910899,6.0927,0,"2024",NA
2024,12,"170318428002",0.079846,114584.51,1,84665,83561,0,0.180916228108015,0.276507635234233,0.16926926063325,0.207402294883962,61616.042910899,6.1616042910899,8.4665,0,"2024",NA
2024,12,"170318428005",0.009885,14186.04,1,86250,63312,0,0.180916228108015,0.276507635234233,0.16926926063325,0.207402294883962,61616.042910899,6.1616042910899,8.625,0,"2024",NA
2024,12,"170318428006",0.009885,14186.04,2,41705,25106,0,0.180916228108015,0.276507635234233,0.16926926063325,0.207402294883962,61616.042910899,6.1616042910899,4.1705,0,"2024",NA
2024,13,"170315609002",0.001321,1980.78,1,97417,12884,0,0.0842296872414364,0.174747641899719,0.186000330961443,0.252854542445805,80916.937762012,8.09169377620121,9.7417,0,"2024",NA
2024,13,"170315609003",0.001321,1980.78,1,138855,8271,0,0.0842296872414364,0.174747641899719,0.186000330961443,0.252854542445805,80916.937762012,8.09169377620121,13.8855,0,"2024",NA
2024,13,"170315609004",0.000967,1450,1,95227,54457,0,0.0842296872414364,0.174747641899719,0.186000330961443,0.252854542445805,80916.937762012,8.09169377620121,9.5227,0,"2024",NA
2024,13,"170315609006",0.006203,9304,1,151736,82232,0,0.0842296872414364,0.174747641899719,0.186000330961443,0.252854542445805,80916.937762012,8.09169377620121,15.1736,0,"2024",NA
2024,13,"170315610001",0.086509,129763.04,7,62983,10164,0,0.0842296872414364,0.174747641899719,0.186000330961443,0.252854542445805,80916.937762012,8.09169377620121,6.2983,0,"2024",NA
2024,13,"170315610002",0.002454,3680.62,1,150380,112238,0,0.0842296872414364,0.174747641899719,0.186000330961443,0.252854542445805,80916.937762012,8.09169377620121,15.038,0,"2024",NA
2024,13,"170315610003",0.119677,179515.71,7,108255,62957,0,0.0842296872414364,0.174747641899719,0.186000330961443,0.252854542445805,80916.937762012,8.09169377620121,10.8255,0,"2024",NA
2024,13,"170315610004",0.087344,131015.31,8,114000,41717,0,0.0842296872414364,0.174747641899719,0.186000330961443,0.252854542445805,80916.937762012,8.09169377620121,11.4,0,"2024",NA
2024,13,"170315610005",0.084556,126833.26,6,114350,112831,0,0.0842296872414364,0.174747641899719,0.186000330961443,0.252854542445805,80916.937762012,8.09169377620121,11.435,0,"2024",NA
2024,13,"170315611002",0.023778,35666.53,4,110795,30013,0,0.0842296872414364,0.174747641899719,0.186000330961443,0.252854542445805,80916.937762012,8.09169377620121,11.0795,0,"2024",NA
2024,13,"170315611005",0.048593,72890.01,6,138029,34659,0,0.0842296872414364,0.174747641899719,0.186000330961443,0.252854542445805,80916.937762012,8.09169377620121,13.8029,0,"2024",NA
2024,13,"170315611006",0.048098,72146.72,4,94083,45992,0,0.0842296872414364,0.174747641899719,0.186000330961443,0.252854542445805,80916.937762012,8.09169377620121,9.4083,0,"2024",NA
2024,13,"170316203002",0.002131,3197.24,2,96563,63214,0,0.0842296872414364,0.174747641899719,0.186000330961443,0.252854542445805,80916.937762012,8.09169377620121,9.6563,0,"2024",NA
2024,13,"170316203004",0.000333,500,1,65965,11803,0,0.0842296872414364,0.174747641899719,0.186000330961443,0.252854542445805,80916.937762012,8.09169377620121,6.5965,0,"2024",NA
2024,13,"170316203005",0.002376,3565.06,2,103036,16092,0,0.0842296872414364,0.174747641899719,0.186000330961443,0.252854542445805,80916.937762012,8.09169377620121,10.3036,0,"2024",NA
2024,13,"170316203006",0.046618,69926.64,5,57621,52473,0,0.0842296872414364,0.174747641899719,0.186000330961443,0.252854542445805,80916.937762012,8.09169377620121,5.7621,0,"2024",NA
2024,13,"170316401001",0.005074,7611.6,3,67585,19948,0,0.0842296872414364,0.174747641899719,0.186000330961443,0.252854542445805,80916.937762012,8.09169377620121,6.7585,0,"2024",NA
2024,13,"170316403002",0.016563,24845.55,5,98036,61623,0,0.0842296872414364,0.174747641899719,0.186000330961443,0.252854542445805,80916.937762012,8.09169377620121,9.8036,0,"2024",NA
2024,13,"170316403004",0.036871,55308.76,11,123857,18993,0,0.0842296872414364,0.174747641899719,0.186000330961443,0.252854542445805,80916.937762012,8.09169377620121,12.3857,0,"2024",NA
2024,13,"170316403006",0.042418,63627.69,4,124545,22038,0,0.0842296872414364,0.174747641899719,0.186000330961443,0.252854542445805,80916.937762012,8.09169377620121,12.4545,0,"2024",NA
2024,13,"170316404001",0.015928,23893.67,5,96071,22808,0,0.0842296872414364,0.174747641899719,0.186000330961443,0.252854542445805,80916.937762012,8.09169377620121,9.6071,0,"2024",NA
2024,13,"170316404002",0.023735,35601.98,6,74219,40703,0,0.0842296872414364,0.174747641899719,0.186000330961443,0.252854542445805,80916.937762012,8.09169377620121,7.4219,0,"2024",NA
2024,13,"170316405001",0.007467,11200.57,5,103996,21685,0,0.0842296872414364,0.174747641899719,0.186000330961443,0.252854542445805,80916.937762012,8.09169377620121,10.3996,0,"2024",NA
2024,13,"170316405002",0.070682,106022.76,11,61326,21360,0,0.0842296872414364,0.174747641899719,0.186000330961443,0.252854542445805,80916.937762012,8.09169377620121,6.1326,0,"2024",NA
2024,13,"170316406002",0.008774,13161.43,5,127781,44400,0,0.0842296872414364,0.174747641899719,0.186000330961443,0.252854542445805,80916.937762012,8.09169377620121,12.7781,0,"2024",NA
2024,13,"170316406003",0.042415,63624.54,6,73176,9709,0,0.0842296872414364,0.174747641899719,0.186000330961443,0.252854542445805,80916.937762012,8.09169377620121,7.3176,0,"2024",NA
2024,13,"170316407001",0.01222,18330.67,2,78859,8174,0,0.0842296872414364,0.174747641899719,0.186000330961443,0.252854542445805,80916.937762012,8.09169377620121,7.8859,0,"2024",NA
2024,13,"170316407002",0.000426,639.43,1,100682,86957,0,0.0842296872414364,0.174747641899719,0.186000330961443,0.252854542445805,80916.937762012,8.09169377620121,10.0682,0,"2024",NA
2024,13,"170316407003",0.005994,8991.67,3,53750,26452,0,0.0842296872414364,0.174747641899719,0.186000330961443,0.252854542445805,80916.937762012,8.09169377620121,5.375,0,"2024",NA
2024,13,"170316408001",0.005048,7572.52,3,66630,17330,0,0.0842296872414364,0.174747641899719,0.186000330961443,0.252854542445805,80916.937762012,8.09169377620121,6.663,0,"2024",NA
2024,13,"170316408002",0.001359,2038.99,2,29213,1733,0,0.0842296872414364,0.174747641899719,0.186000330961443,0.252854542445805,80916.937762012,8.09169377620121,2.9213,0,"2024",NA
2024,13,"170316502002",0.018886,28330.38,8,36875,24785,0,0.0842296872414364,0.174747641899719,0.186000330961443,0.252854542445805,80916.937762012,8.09169377620121,3.6875,0,"2024",NA
2024,13,"170316502003",0.000978,1468.08,2,100406,47803,0,0.0842296872414364,0.174747641899719,0.186000330961443,0.252854542445805,80916.937762012,8.09169377620121,10.0406,0,"2024",NA
2024,13,"170316502004",0.010083,15125.31,2,86304,29520,0,0.0842296872414364,0.174747641899719,0.186000330961443,0.252854542445805,80916.937762012,8.09169377620121,8.6304,0,"2024",NA
2024,13,"170316502006",0.006677,10015.17,1,141618,18716,0,0.0842296872414364,0.174747641899719,0.186000330961443,0.252854542445805,80916.937762012,8.09169377620121,14.1618,0,"2024",NA
2024,13,"170316503011",0.001747,2620.48,1,41406,20681,0,0.0842296872414364,0.174747641899719,0.186000330961443,0.252854542445805,80916.937762012,8.09169377620121,4.1406,0,"2024",NA
2024,13,"170316503012",0.020075,30111.79,2,95208,41773,0,0.0842296872414364,0.174747641899719,0.186000330961443,0.252854542445805,80916.937762012,8.09169377620121,9.5208,0,"2024",NA
2024,13,"170316503013",0.013816,20722.46,5,44440,25499,0,0.0842296872414364,0.174747641899719,0.186000330961443,0.252854542445805,80916.937762012,8.09169377620121,4.444,0,"2024",NA
2024,13,"170316505002",0.003253,4880,1,113945,29182,0,0.0842296872414364,0.174747641899719,0.186000330961443,0.252854542445805,80916.937762012,8.09169377620121,11.3945,0,"2024",NA
2024,14,"170315604001",0.001672,2308.16,1,74554,30487,0,0.123267995944576,0.245944575870226,0.180635349780331,0.235299087529571,60072.632864327,6.0072632864327,7.4554,0,"2024",NA
2024,14,"170315701001",0.110235,152148.66,2,73462,9398,0,0.123267995944576,0.245944575870226,0.180635349780331,0.235299087529571,60072.632864327,6.0072632864327,7.3462,0,"2024",NA
2024,14,"170315703001",0.051137,70579.68,3,56058,21642,0,0.123267995944576,0.245944575870226,0.180635349780331,0.235299087529571,60072.632864327,6.0072632864327,5.6058,0,"2024",NA
2024,14,"170315703002",0.089728,123844.56,2,53531,25538,0,0.123267995944576,0.245944575870226,0.180635349780331,0.235299087529571,60072.632864327,6.0072632864327,5.3531,0,"2024",NA
2024,14,"170315703003",0.003069,4236.55,1,80857,17666,0,0.123267995944576,0.245944575870226,0.180635349780331,0.235299087529571,60072.632864327,6.0072632864327,8.0857,0,"2024",NA
2024,14,"170316303001",0.011801,16287.81,1,60202,39094,0,0.123267995944576,0.245944575870226,0.180635349780331,0.235299087529571,60072.632864327,6.0072632864327,6.0202,0,"2024",NA
2024,14,"170316303002",0.068886,95078.12,1,71821,35489,0,0.123267995944576,0.245944575870226,0.180635349780331,0.235299087529571,60072.632864327,6.0072632864327,7.1821,0,"2024",NA
2024,14,"170316304002",0.012416,17136.28,1,91719,52772,0,0.123267995944576,0.245944575870226,0.180635349780331,0.235299087529571,60072.632864327,6.0072632864327,9.1719,0,"2024",NA
2024,14,"170316309001",0.087126,120252.72,7,40594,18859,0,0.123267995944576,0.245944575870226,0.180635349780331,0.235299087529571,60072.632864327,6.0072632864327,4.0594,0,"2024",NA
2024,14,"170316309002",0.076088,105018.34,1,32822,29661,0,0.123267995944576,0.245944575870226,0.180635349780331,0.235299087529571,60072.632864327,6.0072632864327,3.2822,0,"2024",NA
2024,14,"170316309003",0.059371,81944.81,4,89191,53897,0,0.123267995944576,0.245944575870226,0.180635349780331,0.235299087529571,60072.632864327,6.0072632864327,8.9191,0,"2024",NA
2024,14,"170316605003",0.065772,90778.77,4,83670,33318,0,0.123267995944576,0.245944575870226,0.180635349780331,0.235299087529571,60072.632864327,6.0072632864327,8.367,0,"2024",NA
2024,14,"170318350004",0.025385,35036.52,2,68787,30040,0,0.123267995944576,0.245944575870226,0.180635349780331,0.235299087529571,60072.632864327,6.0072632864327,6.8787,0,"2024",NA
2024,15,"170315806004",0.032663,47690.27,2,77096,67224,0,0.220026178010471,0.279973821989529,0.198167539267016,0.178664921465969,49556.2355905325,4.95562355905325,7.7096,0,"2024",NA
2024,15,"170315808001",0.036314,53020.37,3,67679,21317,0,0.220026178010471,0.279973821989529,0.198167539267016,0.178664921465969,49556.2355905325,4.95562355905325,6.7679,0,"2024",NA
2024,15,"170316103002",0.003837,5601.73,1,65219,19978,0,0.220026178010471,0.279973821989529,0.198167539267016,0.178664921465969,49556.2355905325,4.95562355905325,6.5219,0,"2024",NA
2024,15,"170316103003",0.053488,78096.21,2,60588,36926,0,0.220026178010471,0.279973821989529,0.198167539267016,0.178664921465969,49556.2355905325,4.95562355905325,6.0588,0,"2024",NA
2024,15,"170316104001",0.00263,3840.02,1,35938,14311,0,0.220026178010471,0.279973821989529,0.198167539267016,0.178664921465969,49556.2355905325,4.95562355905325,3.5938,0,"2024",NA
2024,15,"170316108001",0.007428,10845.68,2,125250,43785,0,0.220026178010471,0.279973821989529,0.198167539267016,0.178664921465969,49556.2355905325,4.95562355905325,12.525,0,"2024",NA
2024,15,"170316113003",0.026706,38992.58,2,60061,55809,0,0.220026178010471,0.279973821989529,0.198167539267016,0.178664921465969,49556.2355905325,4.95562355905325,6.0061,0,"2024",NA
2024,15,"170316114001",0.00406,5928.6,1,79175,64976,0,0.220026178010471,0.279973821989529,0.198167539267016,0.178664921465969,49556.2355905325,4.95562355905325,7.9175,0,"2024",NA
2024,15,"170316114002",0.124144,181259.95,1,22454,17715,0,0.220026178010471,0.279973821989529,0.198167539267016,0.178664921465969,49556.2355905325,4.95562355905325,2.2454,0,"2024",NA
2024,15,"170316114003",0.002036,2973.39,1,48465,33330,0,0.220026178010471,0.279973821989529,0.198167539267016,0.178664921465969,49556.2355905325,4.95562355905325,4.8465,0,"2024",NA
2024,15,"170316115001",0.008704,12709.12,2,22593,8384,0,0.220026178010471,0.279973821989529,0.198167539267016,0.178664921465969,49556.2355905325,4.95562355905325,2.2593,0,"2024",NA
2024,15,"170316115002",0.025029,36544.52,3,62500,22642,0,0.220026178010471,0.279973821989529,0.198167539267016,0.178664921465969,49556.2355905325,4.95562355905325,6.25,0,"2024",NA
2024,15,"170316306001",0.023643,34519.46,2,69091,20127,0,0.220026178010471,0.279973821989529,0.198167539267016,0.178664921465969,49556.2355905325,4.95562355905325,6.9091,0,"2024",NA
2024,15,"170316603021",0.002683,3917.81,1,39734,24435,0,0.220026178010471,0.279973821989529,0.198167539267016,0.178664921465969,49556.2355905325,4.95562355905325,3.9734,0,"2024",NA
2024,15,"170316603022",0.032081,46840.5,2,23161,22126,0,0.220026178010471,0.279973821989529,0.198167539267016,0.178664921465969,49556.2355905325,4.95562355905325,2.3161,0,"2024",NA
2024,15,"170316603023",0.019365,28273.58,3,48174,8010,0,0.220026178010471,0.279973821989529,0.198167539267016,0.178664921465969,49556.2355905325,4.95562355905325,4.8174,0,"2024",NA
2024,15,"170316603024",0.394265,575659.23,2,54101,19525,0,0.220026178010471,0.279973821989529,0.198167539267016,0.178664921465969,49556.2355905325,4.95562355905325,5.4101,0,"2024",NA
2024,15,"170316606003",0.000342,500,1,48630,31154,0,0.220026178010471,0.279973821989529,0.198167539267016,0.178664921465969,49556.2355905325,4.95562355905325,4.863,0,"2024",NA
2024,15,"170316608005",0.003989,5824.56,1,26432,14085,0,0.220026178010471,0.279973821989529,0.198167539267016,0.178664921465969,49556.2355905325,4.95562355905325,2.6432,0,"2024",NA
2024,15,"170316705001",0.007262,10603.75,3,29856,5180,0,0.220026178010471,0.279973821989529,0.198167539267016,0.178664921465969,49556.2355905325,4.95562355905325,2.9856,0,"2024",NA
2024,15,"170316706002",0.004,5840.93,1,68056,52441,0,0.220026178010471,0.279973821989529,0.198167539267016,0.178664921465969,49556.2355905325,4.95562355905325,6.8056,0,"2024",NA
2024,15,"170316707002",0.010462,15275.52,1,27865,10640,0,0.220026178010471,0.279973821989529,0.198167539267016,0.178664921465969,49556.2355905325,4.95562355905325,2.7865,0,"2024",NA
2024,15,"170318350003",0.028528,41653.87,1,57799,42690,0,0.220026178010471,0.279973821989529,0.198167539267016,0.178664921465969,49556.2355905325,4.95562355905325,5.7799,0,"2024",NA
2024,15,"170318351001",0.002648,3865.96,1,46509,8938,0,0.220026178010471,0.279973821989529,0.198167539267016,0.178664921465969,49556.2355905325,4.95562355905325,4.6509,0,"2024",NA
2024,15,"170318351004",0.110678,161600.35,5,132513,60018,0,0.220026178010471,0.279973821989529,0.198167539267016,0.178664921465969,49556.2355905325,4.95562355905325,13.2513,0,"2024",NA
2024,15,"170318426003",0.004164,6080.29,1,90509,37718,0,0.220026178010471,0.279973821989529,0.198167539267016,0.178664921465969,49556.2355905325,4.95562355905325,9.0509,0,"2024",NA
2024,15,"170318426004",0.017328,25301.01,3,98036,41032,0,0.220026178010471,0.279973821989529,0.198167539267016,0.178664921465969,49556.2355905325,4.95562355905325,9.8036,0,"2024",NA
2024,16,"170316115002",0.05665,84819.6,1,62500,22642,0,0.258339471745764,0.262864358623593,0.185836051773124,0.170472482373987,39662.2579623976,3.96622579623976,6.25,0,"2024",NA
2024,16,"170316117001",0.101153,151452.54,2,83622,30515,0,0.258339471745764,0.262864358623593,0.185836051773124,0.170472482373987,39662.2579623976,3.96622579623976,8.3622,0,"2024",NA
2024,16,"170316117002",0.077279,115708.06,2,48125,26396,0,0.258339471745764,0.262864358623593,0.185836051773124,0.170472482373987,39662.2579623976,3.96622579623976,4.8125,0,"2024",NA
2024,16,"170316118001",0.027674,41435.24,1,55383,7594,0,0.258339471745764,0.262864358623593,0.185836051773124,0.170472482373987,39662.2579623976,3.96622579623976,5.5383,0,"2024",NA
2024,16,"170316120002",0.135541,202940.84,2,65255,20789,0,0.258339471745764,0.262864358623593,0.185836051773124,0.170472482373987,39662.2579623976,3.96622579623976,6.5255,0,"2024",NA
2024,16,"170316702001",0.062352,93355.64,5,96152,9532,0,0.258339471745764,0.262864358623593,0.185836051773124,0.170472482373987,39662.2579623976,3.96622579623976,9.6152,0,"2024",NA
2024,16,"170316706001",0.039143,58607.89,2,35446,29887,0,0.258339471745764,0.262864358623593,0.185836051773124,0.170472482373987,39662.2579623976,3.96622579623976,3.5446,0,"2024",NA
2024,16,"170316711001",0.224408,336000,1,15735,5364,0,0.258339471745764,0.262864358623593,0.185836051773124,0.170472482373987,39662.2579623976,3.96622579623976,1.5735,0,"2024",NA
2024,16,"170316714001",0.010778,16137.44,1,28943,6422,0,0.258339471745764,0.262864358623593,0.185836051773124,0.170472482373987,39662.2579623976,3.96622579623976,2.8943,0,"2024",NA
2024,16,"170316806001",0.039824,59627.51,2,52237,21006,0,0.258339471745764,0.262864358623593,0.185836051773124,0.170472482373987,39662.2579623976,3.96622579623976,5.2237,0,"2024",NA
2024,16,"170316811004",0.040986,61367.68,2,36759,21022,0,0.258339471745764,0.262864358623593,0.185836051773124,0.170472482373987,39662.2579623976,3.96622579623976,3.6759,0,"2024",NA
2024,16,"170318350003",0.004471,6693.86,1,57799,42690,0,0.258339471745764,0.262864358623593,0.185836051773124,0.170472482373987,39662.2579623976,3.96622579623976,5.7799,0,"2024",NA
2024,16,"170318350004",0.095107,142400.5,4,68787,30040,0,0.258339471745764,0.262864358623593,0.185836051773124,0.170472482373987,39662.2579623976,3.96622579623976,6.8787,0,"2024",NA
2024,17,"170316610003",0.039699,57532.68,1,54031,9649,0,0.230769230769231,0.257507198683669,0.162176059234883,0.198683669271905,44069.8595543326,4.40698595543326,5.4031,0,"2024",NA
2024,17,"170316610005",0.036521,52927.22,1,40701,21780,0,0.230769230769231,0.257507198683669,0.162176059234883,0.198683669271905,44069.8595543326,4.40698595543326,4.0701,0,"2024",NA
2024,17,"170316611004",0.017366,25166.88,1,37388,24033,0,0.230769230769231,0.257507198683669,0.162176059234883,0.198683669271905,44069.8595543326,4.40698595543326,3.7388,0,"2024",NA
2024,17,"170316611005",0.019112,27697.96,1,52147,25661,0,0.230769230769231,0.257507198683669,0.162176059234883,0.198683669271905,44069.8595543326,4.40698595543326,5.2147,0,"2024",NA
2024,17,"170316718001",0.005051,7320,1,52125,25976,0,0.230769230769231,0.257507198683669,0.162176059234883,0.198683669271905,44069.8595543326,4.40698595543326,5.2125,0,"2024",NA
2024,17,"170316719001",0.025971,37638.53,2,36337,10445,0,0.230769230769231,0.257507198683669,0.162176059234883,0.198683669271905,44069.8595543326,4.40698595543326,3.6337,0,"2024",NA
2024,17,"170316720003",0.019124,27715.23,1,72861,36376,0,0.230769230769231,0.257507198683669,0.162176059234883,0.198683669271905,44069.8595543326,4.40698595543326,7.2861,0,"2024",NA
2024,17,"170316813003",0.082355,119352.69,2,14231,8464,0,0.230769230769231,0.257507198683669,0.162176059234883,0.198683669271905,44069.8595543326,4.40698595543326,1.4231,0,"2024",NA
2024,17,"170317001001",0.062685,90846.04,1,81728,18355,0,0.230769230769231,0.257507198683669,0.162176059234883,0.198683669271905,44069.8595543326,4.40698595543326,8.1728,0,"2024",NA
2024,17,"170317101001",0.035693,51727.46,1,28287,11458,0,0.230769230769231,0.257507198683669,0.162176059234883,0.198683669271905,44069.8595543326,4.40698595543326,2.8287,0,"2024",NA
2024,17,"170317103001",0.00726,10522.05,1,54886,16819,0,0.230769230769231,0.257507198683669,0.162176059234883,0.198683669271905,44069.8595543326,4.40698595543326,5.4886,0,"2024",NA
2024,17,"170317104005",0.005026,7283.31,1,70431,53624,0,0.230769230769231,0.257507198683669,0.162176059234883,0.198683669271905,44069.8595543326,4.40698595543326,7.0431,0,"2024",NA
2024,17,"170317107002",0.028588,41432.04,2,45346,16744,0,0.230769230769231,0.257507198683669,0.162176059234883,0.198683669271905,44069.8595543326,4.40698595543326,4.5346,0,"2024",NA
2024,17,"170317108001",0.002392,3467.1,1,64129,44890,0,0.230769230769231,0.257507198683669,0.162176059234883,0.198683669271905,44069.8595543326,4.40698595543326,6.4129,0,"2024",NA
2024,17,"170317108005",0.000455,660,1,30702,11324,0,0.230769230769231,0.257507198683669,0.162176059234883,0.198683669271905,44069.8595543326,4.40698595543326,3.0702,0,"2024",NA
2024,17,"170317110003",0.074818,108429.32,2,38445,29825,0,0.230769230769231,0.257507198683669,0.162176059234883,0.198683669271905,44069.8595543326,4.40698595543326,3.8445,0,"2024",NA
2024,17,"170317111001",0.039168,56764.21,1,18396,8528,0,0.230769230769231,0.257507198683669,0.162176059234883,0.198683669271905,44069.8595543326,4.40698595543326,1.8396,0,"2024",NA
2024,17,"170317112004",0.036946,53543.77,1,81766,25932,0,0.230769230769231,0.257507198683669,0.162176059234883,0.198683669271905,44069.8595543326,4.40698595543326,8.1766,0,"2024",NA
2024,17,"170318349001",0.077408,112182.51,1,43083,19960,0,0.230769230769231,0.257507198683669,0.162176059234883,0.198683669271905,44069.8595543326,4.40698595543326,4.3083,0,"2024",NA
2024,17,"170318424002",0.042628,61778.57,2,117610,29341,0,0.230769230769231,0.257507198683669,0.162176059234883,0.198683669271905,44069.8595543326,4.40698595543326,11.761,0,"2024",NA
2024,18,"170316505003",0.005667,8500,1,44890,19980,0,0.109298167188198,0.139919535091641,0.196095961853673,0.295857547310386,75447.4400354826,7.54474400354826,4.489,0,"2024",NA
2024,18,"170316610002",5e-05,75,1,70485,15686,0,0.109298167188198,0.139919535091641,0.196095961853673,0.295857547310386,75447.4400354826,7.54474400354826,7.0485,0,"2024",NA
2024,18,"170316611003",0.066646,99969.1,1,70469,34127,0,0.109298167188198,0.139919535091641,0.196095961853673,0.295857547310386,75447.4400354826,7.54474400354826,7.0469,0,"2024",NA
2024,18,"170317002002",0.00044,660,1,60250,40370,0,0.109298167188198,0.139919535091641,0.196095961853673,0.295857547310386,75447.4400354826,7.54474400354826,6.025,0,"2024",NA
2024,18,"170317002003",0.026815,40222.52,1,62230,5699,0,0.109298167188198,0.139919535091641,0.196095961853673,0.295857547310386,75447.4400354826,7.54474400354826,6.223,0,"2024",NA
2024,18,"170317003011",0.048959,73437.87,2,92736,39135,0,0.109298167188198,0.139919535091641,0.196095961853673,0.295857547310386,75447.4400354826,7.54474400354826,9.2736,0,"2024",NA
2024,18,"170317003012",0.059818,89726.47,1,100389,14569,0,0.109298167188198,0.139919535091641,0.196095961853673,0.295857547310386,75447.4400354826,7.54474400354826,10.0389,0,"2024",NA
2024,18,"170317003024",0.04337,65054.5,2,87723,27960,0,0.109298167188198,0.139919535091641,0.196095961853673,0.295857547310386,75447.4400354826,7.54474400354826,8.7723,0,"2024",NA
2024,18,"170317004011",0.032472,48707.34,1,93219,50622,0,0.109298167188198,0.139919535091641,0.196095961853673,0.295857547310386,75447.4400354826,7.54474400354826,9.3219,0,"2024",NA
2024,18,"170317004022",0.099755,149632.89,3,96000,43288,0,0.109298167188198,0.139919535091641,0.196095961853673,0.295857547310386,75447.4400354826,7.54474400354826,9.6,0,"2024",NA
2024,18,"170317005011",0.03892,58380.13,1,63530,48275,0,0.109298167188198,0.139919535091641,0.196095961853673,0.295857547310386,75447.4400354826,7.54474400354826,6.353,0,"2024",NA
2024,18,"170317005012",0.076631,114945.62,3,116250,87815,0,0.109298167188198,0.139919535091641,0.196095961853673,0.295857547310386,75447.4400354826,7.54474400354826,11.625,0,"2024",NA
2024,18,"170317005021",0.110328,165491.27,3,98626,8066,0,0.109298167188198,0.139919535091641,0.196095961853673,0.295857547310386,75447.4400354826,7.54474400354826,9.8626,0,"2024",NA
2024,18,"170317005022",0.035916,53874.68,1,80931,31300,0,0.109298167188198,0.139919535091641,0.196095961853673,0.295857547310386,75447.4400354826,7.54474400354826,8.0931,0,"2024",NA
2024,18,"170317104005",0.003253,4880,1,70431,53624,0,0.109298167188198,0.139919535091641,0.196095961853673,0.295857547310386,75447.4400354826,7.54474400354826,7.0431,0,"2024",NA
2024,18,"170317104006",0.00173,2594.4,1,85731,27306,0,0.109298167188198,0.139919535091641,0.196095961853673,0.295857547310386,75447.4400354826,7.54474400354826,8.5731,0,"2024",NA
2024,18,"170317112001",0.035963,53944.96,1,53031,11954,0,0.109298167188198,0.139919535091641,0.196095961853673,0.295857547310386,75447.4400354826,7.54474400354826,5.3031,0,"2024",NA
2024,18,"170317112004",0.095267,142901.06,2,81766,25932,0,0.109298167188198,0.139919535091641,0.196095961853673,0.295857547310386,75447.4400354826,7.54474400354826,8.1766,0,"2024",NA
2024,19,"170317201001",0.030651,45976.98,1,149853,42608,0,0.056049103537393,0.0710709093845905,0.0712324341786464,0.219592957518979,112808.631840165,11.2808631840165,14.9853,0,"2024",NA
2024,19,"170317201002",0.057784,86676.83,2,153897,10238,0,0.056049103537393,0.0710709093845905,0.0712324341786464,0.219592957518979,112808.631840165,11.2808631840165,15.3897,0,"2024",NA
2024,19,"170317201003",0.052864,79295.64,2,104007,30327,0,0.056049103537393,0.0710709093845905,0.0712324341786464,0.219592957518979,112808.631840165,11.2808631840165,10.4007,0,"2024",NA
2024,19,"170317202002",0.010409,15613.96,1,95781,17838,0,0.056049103537393,0.0710709093845905,0.0712324341786464,0.219592957518979,112808.631840165,11.2808631840165,9.5781,0,"2024",NA
2024,19,"170317202003",0.00366,5490.23,1,132727,18737,0,0.056049103537393,0.0710709093845905,0.0712324341786464,0.219592957518979,112808.631840165,11.2808631840165,13.2727,0,"2024",NA
2024,19,"170317203002",0.026169,39253.65,1,158281,38118,0,0.056049103537393,0.0710709093845905,0.0712324341786464,0.219592957518979,112808.631840165,11.2808631840165,15.8281,0,"2024",NA
2024,19,"170317203003",0.042745,64117.03,1,166250,80529,0,0.056049103537393,0.0710709093845905,0.0712324341786464,0.219592957518979,112808.631840165,11.2808631840165,16.625,0,"2024",NA
2024,19,"170317203004",0.036132,54197.57,1,113438,82997,0,0.056049103537393,0.0710709093845905,0.0712324341786464,0.219592957518979,112808.631840165,11.2808631840165,11.3438,0,"2024",NA
2024,19,"170317204002",0.043811,65716.81,2,104028,20382,0,0.056049103537393,0.0710709093845905,0.0712324341786464,0.219592957518979,112808.631840165,11.2808631840165,10.4028,0,"2024",NA
2024,19,"170317205001",0.010916,16374.64,1,136250,109836,0,0.056049103537393,0.0710709093845905,0.0712324341786464,0.219592957518979,112808.631840165,11.2808631840165,13.625,0,"2024",NA
2024,19,"170317205002",0.030279,45417.74,2,102155,14475,0,0.056049103537393,0.0710709093845905,0.0712324341786464,0.219592957518979,112808.631840165,11.2808631840165,10.2155,0,"2024",NA
2024,19,"170317206001",0.054865,82297.56,2,133750,68819,0,0.056049103537393,0.0710709093845905,0.0712324341786464,0.219592957518979,112808.631840165,11.2808631840165,13.375,0,"2024",NA
2024,19,"170317402003",0.00044,660,1,126364,26224,0,0.056049103537393,0.0710709093845905,0.0712324341786464,0.219592957518979,112808.631840165,11.2808631840165,12.6364,0,"2024",NA
2024,19,"170317403002",0.058688,88033.14,2,117419,27002,0,0.056049103537393,0.0710709093845905,0.0712324341786464,0.219592957518979,112808.631840165,11.2808631840165,11.7419,0,"2024",NA
2024,19,"170317403004",0.017087,25630.84,1,99844,84403,0,0.056049103537393,0.0710709093845905,0.0712324341786464,0.219592957518979,112808.631840165,11.2808631840165,9.9844,0,"2024",NA
2024,19,"170317403005",0.090543,135814.1,1,194265,50638,0,0.056049103537393,0.0710709093845905,0.0712324341786464,0.219592957518979,112808.631840165,11.2808631840165,19.4265,0,"2024",NA
2024,19,"170317404003",0.026353,39530.02,1,70489,10420,0,0.056049103537393,0.0710709093845905,0.0712324341786464,0.219592957518979,112808.631840165,11.2808631840165,7.0489,0,"2024",NA
2024,19,"170317502001",0.035956,53933.4,1,88565,19075,0,0.056049103537393,0.0710709093845905,0.0712324341786464,0.219592957518979,112808.631840165,11.2808631840165,8.8565,0,"2024",NA
2024,19,"170317502002",0.092522,138782.93,2,62083,58058,0,0.056049103537393,0.0710709093845905,0.0712324341786464,0.219592957518979,112808.631840165,11.2808631840165,6.2083,0,"2024",NA
2024,19,"170317503003",0.033587,50380.9,1,145781,58355,0,0.056049103537393,0.0710709093845905,0.0712324341786464,0.219592957518979,112808.631840165,11.2808631840165,14.5781,0,"2024",NA
2024,19,"170317505001",0.034527,51789.95,1,58750,37764,0,0.056049103537393,0.0710709093845905,0.0712324341786464,0.219592957518979,112808.631840165,11.2808631840165,5.875,0,"2024",NA
2024,19,"170317505003",0.068194,102290.84,3,44923,38745,0,0.056049103537393,0.0710709093845905,0.0712324341786464,0.219592957518979,112808.631840165,11.2808631840165,4.4923,0,"2024",NA
2024,19,"170317505004",0.076576,114863.78,2,70691,11345,0,0.056049103537393,0.0710709093845905,0.0712324341786464,0.219592957518979,112808.631840165,11.2808631840165,7.0691,0,"2024",NA
2024,20,"170314008002",0.000461,660,1,12891,10301,0,0.285194755478993,0.285768973107474,0.156665709637286,0.171978179730118,40829.5939671646,4.08295939671646,1.2891,0,"2024",NA
2024,20,"170314205002",0.065286,93416.32,2,29269,10709,0,0.285194755478993,0.285768973107474,0.156665709637286,0.171978179730118,40829.5939671646,4.08295939671646,2.9269,0,"2024",NA
2024,20,"170314207003",0.061032,87330.01,3,17288,11814,0,0.285194755478993,0.285768973107474,0.156665709637286,0.171978179730118,40829.5939671646,4.08295939671646,1.7288,0,"2024",NA
2024,20,"170314207005",0.045104,64537.98,1,33141,4845,0,0.285194755478993,0.285768973107474,0.156665709637286,0.171978179730118,40829.5939671646,4.08295939671646,3.3141,0,"2024",NA
2024,20,"170314208001",0,0,1,55286,52888,0,0.285194755478993,0.285768973107474,0.156665709637286,0.171978179730118,40829.5939671646,4.08295939671646,5.5286,0,"2024",NA
2024,20,"170314208002",0.032661,46734.29,1,63145,41846,0,0.285194755478993,0.285768973107474,0.156665709637286,0.171978179730118,40829.5939671646,4.08295939671646,6.3145,0,"2024",NA
2024,20,"170314212001",0.08072,115501.57,2,63414,1834,0,0.285194755478993,0.285768973107474,0.156665709637286,0.171978179730118,40829.5939671646,4.08295939671646,6.3414,0,"2024",NA
2024,20,"170316112002",0.029631,42398.28,2,66410,30584,0,0.285194755478993,0.285768973107474,0.156665709637286,0.171978179730118,40829.5939671646,4.08295939671646,6.641,0,"2024",NA
2024,20,"170316113003",0.120576,172530.6,4,60061,55809,0,0.285194755478993,0.285768973107474,0.156665709637286,0.171978179730118,40829.5939671646,4.08295939671646,6.0061,0,"2024",NA
2024,20,"170316122001",0.09202,131670.11,4,58357,16167,0,0.285194755478993,0.285768973107474,0.156665709637286,0.171978179730118,40829.5939671646,4.08295939671646,5.8357,0,"2024",NA
2024,20,"170316122002",0.01983,28374.04,1,47889,8115,0,0.285194755478993,0.285768973107474,0.156665709637286,0.171978179730118,40829.5939671646,4.08295939671646,4.7889,0,"2024",NA
2024,20,"170316122003",0.041553,59456.31,2,39479,16799,0,0.285194755478993,0.285768973107474,0.156665709637286,0.171978179730118,40829.5939671646,4.08295939671646,3.9479,0,"2024",NA
2024,20,"170318344001",0.084351,120696.9,1,56131,41998,0,0.285194755478993,0.285768973107474,0.156665709637286,0.171978179730118,40829.5939671646,4.08295939671646,5.6131,0,"2024",NA
2024,20,"170318344003",0.038259,54743.53,1,23717,16246,0,0.285194755478993,0.285768973107474,0.156665709637286,0.171978179730118,40829.5939671646,4.08295939671646,2.3717,0,"2024",NA
2024,20,"170318346001",0.232383,332513.27,3,23717,12127,0,0.285194755478993,0.285768973107474,0.156665709637286,0.171978179730118,40829.5939671646,4.08295939671646,2.3717,0,"2024",NA
2024,20,"170318348002",0.044197,63240.36,1,20281,14490,0,0.285194755478993,0.285768973107474,0.156665709637286,0.171978179730118,40829.5939671646,4.08295939671646,2.0281,0,"2024",NA
2024,21,"170314912001",0.064083,96023.38,4,45441,42444,0,0.182818314188643,0.206843552823168,0.188238149166801,0.226338780132665,63728.3429029204,6.37283429029204,4.5441,0,"2024",NA
2024,21,"170314912003",0.040673,60944.71,2,64375,32334,0,0.182818314188643,0.206843552823168,0.188238149166801,0.226338780132665,63728.3429029204,6.37283429029204,6.4375,0,"2024",NA
2024,21,"170315303004",0.034564,51790.16,1,57192,23436,0,0.182818314188643,0.206843552823168,0.188238149166801,0.226338780132665,63728.3429029204,6.37283429029204,5.7192,0,"2024",NA
2024,21,"170315304001",0.000445,666.05,1,54276,38402,0,0.182818314188643,0.206843552823168,0.188238149166801,0.226338780132665,63728.3429029204,6.37283429029204,5.4276,0,"2024",NA
2024,21,"170317109002",0.021281,31886.84,1,57813,19626,0,0.182818314188643,0.206843552823168,0.188238149166801,0.226338780132665,63728.3429029204,6.37283429029204,5.7813,0,"2024",NA
2024,21,"170317114003",0.035462,53136.72,1,56667,31467,0,0.182818314188643,0.206843552823168,0.188238149166801,0.226338780132665,63728.3429029204,6.37283429029204,5.6667,0,"2024",NA
2024,21,"170317301002",0.03642,54571.35,1,82688,39565,0,0.182818314188643,0.206843552823168,0.188238149166801,0.226338780132665,63728.3429029204,6.37283429029204,8.2688,0,"2024",NA
2024,21,"170317302015",0.015226,22815.08,1,103403,63776,0,0.182818314188643,0.206843552823168,0.188238149166801,0.226338780132665,63728.3429029204,6.37283429029204,10.3403,0,"2024",NA
2024,21,"170317303001",0.009324,13971.86,1,45278,6981,0,0.182818314188643,0.206843552823168,0.188238149166801,0.226338780132665,63728.3429029204,6.37283429029204,4.5278,0,"2024",NA
2024,21,"170317305003",0.040015,59958.42,2,36869,21789,0,0.182818314188643,0.206843552823168,0.188238149166801,0.226338780132665,63728.3429029204,6.37283429029204,3.6869,0,"2024",NA
2024,21,"170317306002",0.074873,112190.48,2,80466,25501,0,0.182818314188643,0.206843552823168,0.188238149166801,0.226338780132665,63728.3429029204,6.37283429029204,8.0466,0,"2024",NA
2024,21,"170317306003",0.037047,55510.86,1,79015,16380,0,0.182818314188643,0.206843552823168,0.188238149166801,0.226338780132665,63728.3429029204,6.37283429029204,7.9015,0,"2024",NA
2024,21,"170317307001",0.038918,58314.29,2,42305,41910,0,0.182818314188643,0.206843552823168,0.188238149166801,0.226338780132665,63728.3429029204,6.37283429029204,4.2305,0,"2024",NA
2024,21,"170317307002",0.10294,154246.75,4,77443,21797,0,0.182818314188643,0.206843552823168,0.188238149166801,0.226338780132665,63728.3429029204,6.37283429029204,7.7443,0,"2024",NA
2024,21,"170317501001",0.138086,206909.02,4,85972,15342,0,0.182818314188643,0.206843552823168,0.188238149166801,0.226338780132665,63728.3429029204,6.37283429029204,8.5972,0,"2024",NA
2024,21,"170317505003",0.008931,13382.3,1,44923,38745,0,0.182818314188643,0.206843552823168,0.188238149166801,0.226338780132665,63728.3429029204,6.37283429029204,4.4923,0,"2024",NA
2024,21,"170317506003",0.139976,209739.11,12,74250,42193,0,0.182818314188643,0.206843552823168,0.188238149166801,0.226338780132665,63728.3429029204,6.37283429029204,7.425,0,"2024",NA
2024,22,"170312925003",0.009798,14500,1,31719,23677,0,0.181153142747136,0.32033881990567,0.178072961786505,0.194725190104919,54602.3417449932,5.46023417449932,3.1719,0,"2024",NA
2024,22,"170313005002",0.078001,115433.93,3,79958,37200,0,0.181153142747136,0.32033881990567,0.178072961786505,0.194725190104919,54602.3417449932,5.46023417449932,7.9958,0,"2024",NA
2024,22,"170313006001",0.078775,116578.75,3,52109,6092,0,0.181153142747136,0.32033881990567,0.178072961786505,0.194725190104919,54602.3417449932,5.46023417449932,5.2109,0,"2024",NA
2024,22,"170313006002",0.00184,2722.93,1,50310,9353,0,0.181153142747136,0.32033881990567,0.178072961786505,0.194725190104919,54602.3417449932,5.46023417449932,5.031,0,"2024",NA
2024,22,"170313007001",0.027807,41152.47,6,53851,33605,0,0.181153142747136,0.32033881990567,0.178072961786505,0.194725190104919,54602.3417449932,5.46023417449932,5.3851,0,"2024",NA
2024,22,"170313007002",0.02448,36227.51,1,48164,23046,0,0.181153142747136,0.32033881990567,0.178072961786505,0.194725190104919,54602.3417449932,5.46023417449932,4.8164,0,"2024",NA
2024,22,"170313007003",0.041261,61062.15,2,125060,68172,0,0.181153142747136,0.32033881990567,0.178072961786505,0.194725190104919,54602.3417449932,5.46023417449932,12.506,0,"2024",NA
2024,22,"170313008001",0.004617,6832.75,1,31131,5665,0,0.181153142747136,0.32033881990567,0.178072961786505,0.194725190104919,54602.3417449932,5.46023417449932,3.1131,0,"2024",NA
2024,22,"170313017012",0.221272,327461.67,1,57341,53989,0,0.181153142747136,0.32033881990567,0.178072961786505,0.194725190104919,54602.3417449932,5.46023417449932,5.7341,0,"2024",NA
2024,22,"170313017021",0.000338,500,2,80737,76589,0,0.181153142747136,0.32033881990567,0.178072961786505,0.194725190104919,54602.3417449932,5.46023417449932,8.0737,0,"2024",NA
2024,22,"170313017023",0.002796,4137.84,1,101764,14967,0,0.181153142747136,0.32033881990567,0.178072961786505,0.194725190104919,54602.3417449932,5.46023417449932,10.1764,0,"2024",NA
2024,22,"170313018012",0.02696,39900.07,3,34763,27144,0,0.181153142747136,0.32033881990567,0.178072961786505,0.194725190104919,54602.3417449932,5.46023417449932,3.4763,0,"2024",NA
2024,22,"170313018021",0.027185,40232.18,3,24395,2186,0,0.181153142747136,0.32033881990567,0.178072961786505,0.194725190104919,54602.3417449932,5.46023417449932,2.4395,0,"2024",NA
2024,22,"170313018023",0.002481,3672.34,1,23891,850,0,0.181153142747136,0.32033881990567,0.178072961786505,0.194725190104919,54602.3417449932,5.46023417449932,2.3891,0,"2024",NA
2024,22,"170313018031",0.010611,15703.23,2,66429,24538,0,0.181153142747136,0.32033881990567,0.178072961786505,0.194725190104919,54602.3417449932,5.46023417449932,6.6429,0,"2024",NA
2024,22,"170313018032",0.056376,83429.99,6,35417,10589,0,0.181153142747136,0.32033881990567,0.178072961786505,0.194725190104919,54602.3417449932,5.46023417449932,3.5417,0,"2024",NA
2024,22,"170315601001",0.042422,62781.6,2,69491,27410,0,0.181153142747136,0.32033881990567,0.178072961786505,0.194725190104919,54602.3417449932,5.46023417449932,6.9491,0,"2024",NA
2024,22,"170315602001",0.050076,74107.2,1,56384,31950,0,0.181153142747136,0.32033881990567,0.178072961786505,0.194725190104919,54602.3417449932,5.46023417449932,5.6384,0,"2024",NA
2024,22,"170315602002",0.001362,2014.9,2,92500,52039,0,0.181153142747136,0.32033881990567,0.178072961786505,0.194725190104919,54602.3417449932,5.46023417449932,9.25,0,"2024",NA
2024,22,"170315603001",0.001388,2054.36,2,60938,50841,0,0.181153142747136,0.32033881990567,0.178072961786505,0.194725190104919,54602.3417449932,5.46023417449932,6.0938,0,"2024",NA
2024,22,"170315603002",0.050115,74165.86,5,75321,51618,0,0.181153142747136,0.32033881990567,0.178072961786505,0.194725190104919,54602.3417449932,5.46023417449932,7.5321,0,"2024",NA
2024,22,"170318305001",0.08797,130186.77,1,103297,45126,0,0.181153142747136,0.32033881990567,0.178072961786505,0.194725190104919,54602.3417449932,5.46023417449932,10.3297,0,"2024",NA
2024,22,"170318305002",0.067406,99753.99,2,60764,21064,0,0.181153142747136,0.32033881990567,0.178072961786505,0.194725190104919,54602.3417449932,5.46023417449932,6.0764,0,"2024",NA
2024,22,"170318305003",0.054058,80000,1,52258,49987,0,0.181153142747136,0.32033881990567,0.178072961786505,0.194725190104919,54602.3417449932,5.46023417449932,5.2258,0,"2024",NA
2024,22,"170318434001",0.005924,8766.95,2,43021,17211,0,0.181153142747136,0.32033881990567,0.178072961786505,0.194725190104919,54602.3417449932,5.46023417449932,4.3021,0,"2024",NA
2024,23,"170315603002",0.017564,26308.77,2,75321,51618,0,0.0669927029964291,0.207731718677224,0.162785281788542,0.263235522434405,80335.0592507469,8.03350592507469,7.5321,0,"2024",NA
2024,23,"170315607001",0.007419,11112.37,2,114063,32302,0,0.0669927029964291,0.207731718677224,0.162785281788542,0.263235522434405,80335.0592507469,8.03350592507469,11.4063,0,"2024",NA
2024,23,"170315607002",0.012866,19271.03,1,72472,16551,0,0.0669927029964291,0.207731718677224,0.162785281788542,0.263235522434405,80335.0592507469,8.03350592507469,7.2472,0,"2024",NA
2024,23,"170315608001",0.014895,22310.02,2,123427,42107,0,0.0669927029964291,0.207731718677224,0.162785281788542,0.263235522434405,80335.0592507469,8.03350592507469,12.3427,0,"2024",NA
2024,23,"170315608002",0.004624,6926.34,1,70526,35992,0,0.0669927029964291,0.207731718677224,0.162785281788542,0.263235522434405,80335.0592507469,8.03350592507469,7.0526,0,"2024",NA
2024,23,"170315608003",0.019963,29900.21,2,97625,49316,0,0.0669927029964291,0.207731718677224,0.162785281788542,0.263235522434405,80335.0592507469,8.03350592507469,9.7625,0,"2024",NA
2024,23,"170315608005",0.020162,30198.99,1,134375,36899,0,0.0669927029964291,0.207731718677224,0.162785281788542,0.263235522434405,80335.0592507469,8.03350592507469,13.4375,0,"2024",NA
2024,23,"170315609002",0.051267,76787.86,6,97417,12884,0,0.0669927029964291,0.207731718677224,0.162785281788542,0.263235522434405,80335.0592507469,8.03350592507469,9.7417,0,"2024",NA
2024,23,"170315609003",0.065138,97562.85,10,138855,8271,0,0.0669927029964291,0.207731718677224,0.162785281788542,0.263235522434405,80335.0592507469,8.03350592507469,13.8855,0,"2024",NA
2024,23,"170315609004",0.00477,7145.01,1,95227,54457,0,0.0669927029964291,0.207731718677224,0.162785281788542,0.263235522434405,80335.0592507469,8.03350592507469,9.5227,0,"2024",NA
2024,23,"170315609006",0.012102,18126.55,2,151736,82232,0,0.0669927029964291,0.207731718677224,0.162785281788542,0.263235522434405,80335.0592507469,8.03350592507469,15.1736,0,"2024",NA
2024,23,"170315705002",0.012432,18620.3,1,73125,31787,0,0.0669927029964291,0.207731718677224,0.162785281788542,0.263235522434405,80335.0592507469,8.03350592507469,7.3125,0,"2024",NA
2024,23,"170316201002",0.052951,79313.02,6,120396,41171,0,0.0669927029964291,0.207731718677224,0.162785281788542,0.263235522434405,80335.0592507469,8.03350592507469,12.0396,0,"2024",NA
2024,23,"170316202001",0.009858,14765.23,1,77813,26500,0,0.0669927029964291,0.207731718677224,0.162785281788542,0.263235522434405,80335.0592507469,8.03350592507469,7.7813,0,"2024",NA
2024,23,"170316204001",0.033617,50351.54,1,76579,55683,0,0.0669927029964291,0.207731718677224,0.162785281788542,0.263235522434405,80335.0592507469,8.03350592507469,7.6579,0,"2024",NA
2024,23,"170316204002",0.016743,25078.2,2,57050,28707,0,0.0669927029964291,0.207731718677224,0.162785281788542,0.263235522434405,80335.0592507469,8.03350592507469,5.705,0,"2024",NA
2024,23,"170316403004",0.001629,2440,1,123857,18993,0,0.0669927029964291,0.207731718677224,0.162785281788542,0.263235522434405,80335.0592507469,8.03350592507469,12.3857,0,"2024",NA
2024,23,"170316404002",0.001627,2436.62,1,74219,40703,0,0.0669927029964291,0.207731718677224,0.162785281788542,0.263235522434405,80335.0592507469,8.03350592507469,7.4219,0,"2024",NA
2024,23,"170316501001",0.01199,17959.73,2,70027,22803,0,0.0669927029964291,0.207731718677224,0.162785281788542,0.263235522434405,80335.0592507469,8.03350592507469,7.0027,0,"2024",NA
2024,23,"170316501002",0.039411,59030.09,2,94479,63353,0,0.0669927029964291,0.207731718677224,0.162785281788542,0.263235522434405,80335.0592507469,8.03350592507469,9.4479,0,"2024",NA
2024,23,"170316501003",0.003258,4880,1,38512,30375,0,0.0669927029964291,0.207731718677224,0.162785281788542,0.263235522434405,80335.0592507469,8.03350592507469,3.8512,0,"2024",NA
2024,23,"170316501004",0.003258,4880,1,102428,12948,0,0.0669927029964291,0.207731718677224,0.162785281788542,0.263235522434405,80335.0592507469,8.03350592507469,10.2428,0,"2024",NA
2024,23,"170316502001",0.01135,17000,1,156020,34206,0,0.0669927029964291,0.207731718677224,0.162785281788542,0.263235522434405,80335.0592507469,8.03350592507469,15.602,0,"2024",NA
2024,23,"170316503013",0.001627,2436.62,1,44440,25499,0,0.0669927029964291,0.207731718677224,0.162785281788542,0.263235522434405,80335.0592507469,8.03350592507469,4.444,0,"2024",NA
2024,23,"170316503021",0.040141,60124.88,2,79549,10004,0,0.0669927029964291,0.207731718677224,0.162785281788542,0.263235522434405,80335.0592507469,8.03350592507469,7.9549,0,"2024",NA
2024,23,"170316503022",0.143796,215379.88,7,44504,20037,0,0.0669927029964291,0.207731718677224,0.162785281788542,0.263235522434405,80335.0592507469,8.03350592507469,4.4504,0,"2024",NA
2024,23,"170316504002",0.007625,11421.56,2,69821,35451,0,0.0669927029964291,0.207731718677224,0.162785281788542,0.263235522434405,80335.0592507469,8.03350592507469,6.9821,0,"2024",NA
2024,23,"170316504003",0.126423,189358.02,9,106860,35131,0,0.0669927029964291,0.207731718677224,0.162785281788542,0.263235522434405,80335.0592507469,8.03350592507469,10.686,0,"2024",NA
2024,23,"170316504004",0.000301,450.96,1,95474,14981,0,0.0669927029964291,0.207731718677224,0.162785281788542,0.263235522434405,80335.0592507469,8.03350592507469,9.5474,0,"2024",NA
2024,23,"170316504005",0.001629,2440,1,61228,9351,0,0.0669927029964291,0.207731718677224,0.162785281788542,0.263235522434405,80335.0592507469,8.03350592507469,6.1228,0,"2024",NA
2024,23,"170316505002",0.039246,58784.04,2,113945,29182,0,0.0669927029964291,0.207731718677224,0.162785281788542,0.263235522434405,80335.0592507469,8.03350592507469,11.3945,0,"2024",NA
2024,23,"170316505003",0.095527,143081.59,5,44890,19980,0,0.0669927029964291,0.207731718677224,0.162785281788542,0.263235522434405,80335.0592507469,8.03350592507469,4.489,0,"2024",NA
2024,23,"170316605003",0.008448,12653.94,1,83670,33318,0,0.0669927029964291,0.207731718677224,0.162785281788542,0.263235522434405,80335.0592507469,8.03350592507469,8.367,0,"2024",NA
2024,24,"170312522023",0.02543,36909.48,1,36875,24180,0,0.275204989028756,0.260653655156485,0.162951842014089,0.196558494052431,42918.0038628245,4.29180038628245,3.6875,0,"2024",NA
2024,24,"170312608002",0.003362,4880,1,41490,23854,0,0.275204989028756,0.260653655156485,0.162951842014089,0.196558494052431,42918.0038628245,4.29180038628245,4.149,0,"2024",NA
2024,24,"170312610002",0.008903,12922.59,1,44267,30364,0,0.275204989028756,0.260653655156485,0.162951842014089,0.196558494052431,42918.0038628245,4.29180038628245,4.4267,0,"2024",NA
2024,24,"170312705001",0.080076,116222.88,3,24375,9374,0,0.275204989028756,0.260653655156485,0.162951842014089,0.196558494052431,42918.0038628245,4.29180038628245,2.4375,0,"2024",NA
2024,24,"170312909003",0.044056,63943.36,2,60833,35237,0,0.275204989028756,0.260653655156485,0.162951842014089,0.196558494052431,42918.0038628245,4.29180038628245,6.0833,0,"2024",NA
2024,24,"170312922002",0.082974,120428.84,4,32462,10544,0,0.275204989028756,0.260653655156485,0.162951842014089,0.196558494052431,42918.0038628245,4.29180038628245,3.2462,0,"2024",NA
2024,24,"170312924001",0.042297,61390.71,1,17402,9285,0,0.275204989028756,0.260653655156485,0.162951842014089,0.196558494052431,42918.0038628245,4.29180038628245,1.7402,0,"2024",NA
2024,24,"170312924002",0.062257,90360.12,2,55274,20634,0,0.275204989028756,0.260653655156485,0.162951842014089,0.196558494052431,42918.0038628245,4.29180038628245,5.5274,0,"2024",NA
2024,24,"170312925001",0.040259,58431.73,2,53775,8134,0,0.275204989028756,0.260653655156485,0.162951842014089,0.196558494052431,42918.0038628245,4.29180038628245,5.3775,0,"2024",NA
2024,24,"170318387001",0.086378,125369.87,4,20610,13597,0,0.275204989028756,0.260653655156485,0.162951842014089,0.196558494052431,42918.0038628245,4.29180038628245,2.061,0,"2024",NA
2024,24,"170318387004",0.053545,77715.05,3,2499,NA,0,0.275204989028756,0.260653655156485,0.162951842014089,0.196558494052431,42918.0038628245,4.29180038628245,0.2499,0,"2024",NA
2024,24,"170318415001",0.039889,57895.3,2,24625,10816,0,0.275204989028756,0.260653655156485,0.162951842014089,0.196558494052431,42918.0038628245,4.29180038628245,2.4625,0,"2024",NA
2024,24,"170318415002",0.063894,92736.17,2,24821,17815,0,0.275204989028756,0.260653655156485,0.162951842014089,0.196558494052431,42918.0038628245,4.29180038628245,2.4821,0,"2024",NA
2024,24,"170318417001",0.038651,56098.05,1,45854,26045,0,0.275204989028756,0.260653655156485,0.162951842014089,0.196558494052431,42918.0038628245,4.29180038628245,4.5854,0,"2024",NA
2024,24,"170318430001",0.021221,30799.99,2,19389,3731,0,0.275204989028756,0.260653655156485,0.162951842014089,0.196558494052431,42918.0038628245,4.29180038628245,1.9389,0,"2024",NA
2024,24,"170318431001",0.001102,1600,1,47411,13057,0,0.275204989028756,0.260653655156485,0.162951842014089,0.196558494052431,42918.0038628245,4.29180038628245,4.7411,0,"2024",NA
2024,24,"170318435001",0.039564,57422.76,2,55833,33830,0,0.275204989028756,0.260653655156485,0.162951842014089,0.196558494052431,42918.0038628245,4.29180038628245,5.5833,0,"2024",NA
2024,24,"170318447001",0.001888,2740.45,1,24853,16272,0,0.275204989028756,0.260653655156485,0.162951842014089,0.196558494052431,42918.0038628245,4.29180038628245,2.4853,0,"2024",NA
2024,24,"170318447002",0.018481,26824.9,3,54769,35221,0,0.275204989028756,0.260653655156485,0.162951842014089,0.196558494052431,42918.0038628245,4.29180038628245,5.4769,0,"2024",NA
2024,24,"170318447003",0.08733,126750.55,3,101591,35582,0,0.275204989028756,0.260653655156485,0.162951842014089,0.196558494052431,42918.0038628245,4.29180038628245,10.1591,0,"2024",NA
2024,25,"170312838002",0.011962,16989.27,1,100781,32157,0,0.121886120996441,0.187633451957295,0.130604982206406,0.206672597864769,69199.3505469771,6.91993505469771,10.0781,0,"2024",NA
2024,25,"170313009001",0.003436,4880,1,32038,7448,0,0.121886120996441,0.187633451957295,0.130604982206406,0.206672597864769,69199.3505469771,6.91993505469771,3.2038,0,"2024",NA
2024,25,"170313102001",0.043168,61308.96,2,120263,22156,0,0.121886120996441,0.187633451957295,0.130604982206406,0.206672597864769,69199.3505469771,6.91993505469771,12.0263,0,"2024",NA
2024,25,"170313102002",0.008055,11440,2,131250,39622,0,0.121886120996441,0.187633451957295,0.130604982206406,0.206672597864769,69199.3505469771,6.91993505469771,13.125,0,"2024",NA
2024,25,"170313103001",0.001718,2440,1,75605,22833,0,0.121886120996441,0.187633451957295,0.130604982206406,0.206672597864769,69199.3505469771,6.91993505469771,7.5605,0,"2024",NA
2024,25,"170313104001",0.012849,18249.25,1,80786,22595,0,0.121886120996441,0.187633451957295,0.130604982206406,0.206672597864769,69199.3505469771,6.91993505469771,8.0786,0,"2024",NA
2024,25,"170313105001",0.011633,16522.05,3,52344,23882,0,0.121886120996441,0.187633451957295,0.130604982206406,0.206672597864769,69199.3505469771,6.91993505469771,5.2344,0,"2024",NA
2024,25,"170313106001",0.004669,6630.69,1,71130,39686,0,0.121886120996441,0.187633451957295,0.130604982206406,0.206672597864769,69199.3505469771,6.91993505469771,7.113,0,"2024",NA
2024,25,"170313106002",0.003025,4295.7,2,80900,13211,0,0.121886120996441,0.187633451957295,0.130604982206406,0.206672597864769,69199.3505469771,6.91993505469771,8.09,0,"2024",NA
2024,25,"170313106003",0.003533,5018.17,1,76835,36661,0,0.121886120996441,0.187633451957295,0.130604982206406,0.206672597864769,69199.3505469771,6.91993505469771,7.6835,0,"2024",NA
2024,25,"170313108002",0.116193,165021.71,3,43750,30239,0,0.121886120996441,0.187633451957295,0.130604982206406,0.206672597864769,69199.3505469771,6.91993505469771,4.375,0,"2024",NA
2024,25,"170313108003",0.075931,107840.63,5,84508,13574,0,0.121886120996441,0.187633451957295,0.130604982206406,0.206672597864769,69199.3505469771,6.91993505469771,8.4508,0,"2024",NA
2024,25,"170313109001",0.061132,86822.62,3,103864,55892,0,0.121886120996441,0.187633451957295,0.130604982206406,0.206672597864769,69199.3505469771,6.91993505469771,10.3864,0,"2024",NA
2024,25,"170313109003",0.002816,4000,1,65988,43703,0,0.121886120996441,0.187633451957295,0.130604982206406,0.206672597864769,69199.3505469771,6.91993505469771,6.5988,0,"2024",NA
2024,25,"170318407003",0.170581,242267.81,5,123009,9798,0,0.121886120996441,0.187633451957295,0.130604982206406,0.206672597864769,69199.3505469771,6.91993505469771,12.3009,0,"2024",NA
2024,25,"170318408001",0.003436,4880,2,30948,26235,0,0.121886120996441,0.187633451957295,0.130604982206406,0.206672597864769,69199.3505469771,6.91993505469771,3.0948,0,"2024",NA
2024,25,"170318412001",0.018352,26064.45,1,29183,21957,0,0.121886120996441,0.187633451957295,0.130604982206406,0.206672597864769,69199.3505469771,6.91993505469771,2.9183,0,"2024",NA
2024,25,"170318412002",0.084199,119581.93,5,55333,31945,0,0.121886120996441,0.187633451957295,0.130604982206406,0.206672597864769,69199.3505469771,6.91993505469771,5.5333,0,"2024",NA
2024,25,"170318412003",0.014146,20090.32,2,79375,12327,0,0.121886120996441,0.187633451957295,0.130604982206406,0.206672597864769,69199.3505469771,6.91993505469771,7.9375,0,"2024",NA
2024,25,"170318413001",0.026217,37234.05,2,68155,55254,0,0.121886120996441,0.187633451957295,0.130604982206406,0.206672597864769,69199.3505469771,6.91993505469771,6.8155,0,"2024",NA
2024,25,"170318419002",0.035974,51091.83,3,144448,34994,0,0.121886120996441,0.187633451957295,0.130604982206406,0.206672597864769,69199.3505469771,6.91993505469771,14.4448,0,"2024",NA
2024,25,"170318432001",0.023138,32861.51,1,64648,23644,0,0.121886120996441,0.187633451957295,0.130604982206406,0.206672597864769,69199.3505469771,6.91993505469771,6.4648,0,"2024",NA
2024,25,"170318432002",0.006966,9893.49,2,76087,19218,0,0.121886120996441,0.187633451957295,0.130604982206406,0.206672597864769,69199.3505469771,6.91993505469771,7.6087,0,"2024",NA
2024,25,"170318435001",0.045912,65206.72,3,55833,33830,0,0.121886120996441,0.187633451957295,0.130604982206406,0.206672597864769,69199.3505469771,6.91993505469771,5.5833,0,"2024",NA
2024,26,"170310208013",0,0,1,91406,75347,0,0.153837941710259,0.199423508060211,0.150101419878296,0.220668303619088,77122.7659153169,7.71227659153169,9.1406,0,"2024",NA
2024,26,"170311910002",0.098069,144352.53,9,90833,18642,0,0.153837941710259,0.199423508060211,0.150101419878296,0.220668303619088,77122.7659153169,7.71227659153169,9.0833,0,"2024",NA
2024,26,"170311911001",0.034639,50987.61,1,57857,37196,0,0.153837941710259,0.199423508060211,0.150101419878296,0.220668303619088,77122.7659153169,7.71227659153169,5.7857,0,"2024",NA
2024,26,"170311911003",0.025285,37218.27,3,31242,1268,0,0.153837941710259,0.199423508060211,0.150101419878296,0.220668303619088,77122.7659153169,7.71227659153169,3.1242,0,"2024",NA
2024,26,"170311911004",0.095002,139838.3,10,89071,43552,0,0.153837941710259,0.199423508060211,0.150101419878296,0.220668303619088,77122.7659153169,7.71227659153169,8.9071,0,"2024",NA
2024,26,"170311911005",0.004046,5955.78,1,60192,17776,0,0.153837941710259,0.199423508060211,0.150101419878296,0.220668303619088,77122.7659153169,7.71227659153169,6.0192,0,"2024",NA
2024,26,"170311912001",0.003315,4880,1,78889,21510,0,0.153837941710259,0.199423508060211,0.150101419878296,0.220668303619088,77122.7659153169,7.71227659153169,7.8889,0,"2024",NA
2024,26,"170312004011",0.023847,35102.03,3,61318,40399,0,0.153837941710259,0.199423508060211,0.150101419878296,0.220668303619088,77122.7659153169,7.71227659153169,6.1318,0,"2024",NA
2024,26,"170312004021",0.018609,27392.12,1,73929,55193,0,0.153837941710259,0.199423508060211,0.150101419878296,0.220668303619088,77122.7659153169,7.71227659153169,7.3929,0,"2024",NA
2024,26,"170312004022",0.018609,27392.12,1,51571,8067,0,0.153837941710259,0.199423508060211,0.150101419878296,0.220668303619088,77122.7659153169,7.71227659153169,5.1571,0,"2024",NA
2024,26,"170312209012",0.009504,13989.62,1,64375,49595,0,0.153837941710259,0.199423508060211,0.150101419878296,0.220668303619088,77122.7659153169,7.71227659153169,6.4375,0,"2024",NA
2024,26,"170312210002",0.021519,31675.38,3,79000,19279,0,0.153837941710259,0.199423508060211,0.150101419878296,0.220668303619088,77122.7659153169,7.71227659153169,7.9,0,"2024",NA
2024,26,"170312211002",0.003315,4880,1,73229,50267,0,0.153837941710259,0.199423508060211,0.150101419878296,0.220668303619088,77122.7659153169,7.71227659153169,7.3229,0,"2024",NA
2024,26,"170312225001",0.011865,17463.84,3,155878,7134,0,0.153837941710259,0.199423508060211,0.150101419878296,0.220668303619088,77122.7659153169,7.71227659153169,15.5878,0,"2024",NA
2024,26,"170312226001",0.009194,13532.5,1,94688,12823,0,0.153837941710259,0.199423508060211,0.150101419878296,0.220668303619088,77122.7659153169,7.71227659153169,9.4688,0,"2024",NA
2024,26,"170312229001",0.02433,35813.68,2,89630,29085,0,0.153837941710259,0.199423508060211,0.150101419878296,0.220668303619088,77122.7659153169,7.71227659153169,8.963,0,"2024",NA
2024,26,"170312301001",0.071104,104660.57,5,89773,30359,0,0.153837941710259,0.199423508060211,0.150101419878296,0.220668303619088,77122.7659153169,7.71227659153169,8.9773,0,"2024",NA
2024,26,"170312302001",0.044,64765.42,2,78056,30315,0,0.153837941710259,0.199423508060211,0.150101419878296,0.220668303619088,77122.7659153169,7.71227659153169,7.8056,0,"2024",NA
2024,26,"170312304001",0.013842,20375.38,4,103291,3520,0,0.153837941710259,0.199423508060211,0.150101419878296,0.220668303619088,77122.7659153169,7.71227659153169,10.3291,0,"2024",NA
2024,26,"170312304002",0.017919,26377.11,3,53813,31237,0,0.153837941710259,0.199423508060211,0.150101419878296,0.220668303619088,77122.7659153169,7.71227659153169,5.3813,0,"2024",NA
2024,26,"170312305001",0.017213,25337.25,2,45913,13039,0,0.153837941710259,0.199423508060211,0.150101419878296,0.220668303619088,77122.7659153169,7.71227659153169,4.5913,0,"2024",NA
2024,26,"170312307004",0.017449,25682.89,2,35513,24428,0,0.153837941710259,0.199423508060211,0.150101419878296,0.220668303619088,77122.7659153169,7.71227659153169,3.5513,0,"2024",NA
2024,26,"170312308001",0.008847,13021.63,1,71328,22462,0,0.153837941710259,0.199423508060211,0.150101419878296,0.220668303619088,77122.7659153169,7.71227659153169,7.1328,0,"2024",NA
2024,26,"170312309001",0.043251,63662.38,5,92961,42890,0,0.153837941710259,0.199423508060211,0.150101419878296,0.220668303619088,77122.7659153169,7.71227659153169,9.2961,0,"2024",NA
2024,26,"170312407001",0.02166,31881.04,4,96250,27944,0,0.153837941710259,0.199423508060211,0.150101419878296,0.220668303619088,77122.7659153169,7.71227659153169,9.625,0,"2024",NA
2024,26,"170312408001",0.06151,90539.15,3,104630,75155,0,0.153837941710259,0.199423508060211,0.150101419878296,0.220668303619088,77122.7659153169,7.71227659153169,10.463,0,"2024",NA
2024,26,"170312409001",0.037831,55684.72,3,98145,21524,0,0.153837941710259,0.199423508060211,0.150101419878296,0.220668303619088,77122.7659153169,7.71227659153169,9.8145,0,"2024",NA
2024,26,"170312410002",0.029788,43846.66,3,96161,28911,0,0.153837941710259,0.199423508060211,0.150101419878296,0.220668303619088,77122.7659153169,7.71227659153169,9.6161,0,"2024",NA
2024,26,"170312411002",0.005388,7930.43,2,89861,16544,0,0.153837941710259,0.199423508060211,0.150101419878296,0.220668303619088,77122.7659153169,7.71227659153169,8.9861,0,"2024",NA
2024,26,"170312425001",0.005388,7930.43,2,94918,30998,0,0.153837941710259,0.199423508060211,0.150101419878296,0.220668303619088,77122.7659153169,7.71227659153169,9.4918,0,"2024",NA
2024,26,"170318312002",0.057503,84641.85,4,53908,13645,0,0.153837941710259,0.199423508060211,0.150101419878296,0.220668303619088,77122.7659153169,7.71227659153169,5.3908,0,"2024",NA
2024,26,"170318312003",0.060401,88906.11,7,75938,25154,0,0.153837941710259,0.199423508060211,0.150101419878296,0.220668303619088,77122.7659153169,7.71227659153169,7.5938,0,"2024",NA
2024,26,"170318315002",0.032234,47446.83,1,79250,73949,0,0.153837941710259,0.199423508060211,0.150101419878296,0.220668303619088,77122.7659153169,7.71227659153169,7.925,0,"2024",NA
2024,26,"170318324001",0.009205,13548.71,2,114569,32167,0,0.153837941710259,0.199423508060211,0.150101419878296,0.220668303619088,77122.7659153169,7.71227659153169,11.4569,0,"2024",NA
2024,27,"170310804003",0.099338,149007.12,2,233214,101701,0,0.140229885057471,0.156915090841676,0.0967741935483871,0.13503893214683,103585.192077901,10.3585192077901,23.3214,0,"2024",NA
2024,27,"170311002001",0.026419,39628.72,2,86175,37997,0,0.140229885057471,0.156915090841676,0.0967741935483871,0.13503893214683,103585.192077901,10.3585192077901,8.6175,0,"2024",NA
2024,27,"170312312001",0.097455,146182.31,4,35417,12556,0,0.140229885057471,0.156915090841676,0.0967741935483871,0.13503893214683,103585.192077901,10.3585192077901,3.5417,0,"2024",NA
2024,27,"170312435002",0.124607,186910.36,5,177055,31593,0,0.140229885057471,0.156915090841676,0.0967741935483871,0.13503893214683,103585.192077901,10.3585192077901,17.7055,0,"2024",NA
2024,27,"170312804001",0.014066,21099.38,2,36681,35714,0,0.140229885057471,0.156915090841676,0.0967741935483871,0.13503893214683,103585.192077901,10.3585192077901,3.6681,0,"2024",NA
2024,27,"170312808001",0.096731,145096.56,2,31500,18114,0,0.140229885057471,0.156915090841676,0.0967741935483871,0.13503893214683,103585.192077901,10.3585192077901,3.15,0,"2024",NA
2024,27,"170318331001",0.006979,10468.94,1,145517,125808,0,0.140229885057471,0.156915090841676,0.0967741935483871,0.13503893214683,103585.192077901,10.3585192077901,14.5517,0,"2024",NA
2024,27,"170318367002",0.035936,53904.04,1,80202,61850,0,0.140229885057471,0.156915090841676,0.0967741935483871,0.13503893214683,103585.192077901,10.3585192077901,8.0202,0,"2024",NA
2024,27,"170318371001",0.042944,64416.4,1,18958,10434,0,0.140229885057471,0.156915090841676,0.0967741935483871,0.13503893214683,103585.192077901,10.3585192077901,1.8958,0,"2024",NA
2024,27,"170318378001",0.06635,99525.57,2,62596,46602,0,0.140229885057471,0.156915090841676,0.0967741935483871,0.13503893214683,103585.192077901,10.3585192077901,6.2596,0,"2024",NA
2024,27,"170318378002",0.012066,18099.38,1,28023,5546,0,0.140229885057471,0.156915090841676,0.0967741935483871,0.13503893214683,103585.192077901,10.3585192077901,2.8023,0,"2024",NA
2024,27,"170318382002",0.128285,192427.43,3,250001,NA,0,0.140229885057471,0.156915090841676,0.0967741935483871,0.13503893214683,103585.192077901,10.3585192077901,25.0001,0,"2024",NA
2024,27,"170318422001",0.032625,48936.94,2,95174,20425,0,0.140229885057471,0.156915090841676,0.0967741935483871,0.13503893214683,103585.192077901,10.3585192077901,9.5174,0,"2024",NA
2024,27,"170318423002",0.073665,110498.08,3,178708,4752,0,0.140229885057471,0.156915090841676,0.0967741935483871,0.13503893214683,103585.192077901,10.3585192077901,17.8708,0,"2024",NA
2024,28,"170312518003",0.042851,64277.08,4,55451,24204,0,0.307548245256901,0.219607523817279,0.164400293135738,0.151860597671199,55696.3349194562,5.56963349194562,5.5451,0,"2024",NA
2024,28,"170312518004",0.066667,1e+05,1,24755,23493,0,0.307548245256901,0.219607523817279,0.164400293135738,0.151860597671199,55696.3349194562,5.56963349194562,2.4755,0,"2024",NA
2024,28,"170312521024",0.100046,150068.71,2,52089,20441,0,0.307548245256901,0.219607523817279,0.164400293135738,0.151860597671199,55696.3349194562,5.56963349194562,5.2089,0,"2024",NA
2024,28,"170312522013",0.015731,23597.06,1,43411,15326,0,0.307548245256901,0.219607523817279,0.164400293135738,0.151860597671199,55696.3349194562,5.56963349194562,4.3411,0,"2024",NA
2024,28,"170312522023",0.001333,2000,1,36875,24180,0,0.307548245256901,0.219607523817279,0.164400293135738,0.151860597671199,55696.3349194562,5.56963349194562,3.6875,0,"2024",NA
2024,28,"170312604001",0.028078,42117.38,2,13489,7502,0,0.307548245256901,0.219607523817279,0.164400293135738,0.151860597671199,55696.3349194562,5.56963349194562,1.3489,0,"2024",NA
2024,28,"170312606002",0.02096,31440.1,2,41458,14688,0,0.307548245256901,0.219607523817279,0.164400293135738,0.151860597671199,55696.3349194562,5.56963349194562,4.1458,0,"2024",NA
2024,28,"170312607001",0.083778,125667.26,2,45833,37660,0,0.307548245256901,0.219607523817279,0.164400293135738,0.151860597671199,55696.3349194562,5.56963349194562,4.5833,0,"2024",NA
2024,28,"170312608001",0.023642,35463.12,2,33571,18180,0,0.307548245256901,0.219607523817279,0.164400293135738,0.151860597671199,55696.3349194562,5.56963349194562,3.3571,0,"2024",NA
2024,28,"170312608002",0.027674,41511.33,2,41490,23854,0,0.307548245256901,0.219607523817279,0.164400293135738,0.151860597671199,55696.3349194562,5.56963349194562,4.149,0,"2024",NA
2024,28,"170312713001",0.001191,1786.94,1,45046,38798,0,0.307548245256901,0.219607523817279,0.164400293135738,0.151860597671199,55696.3349194562,5.56963349194562,4.5046,0,"2024",NA
2024,28,"170312718001",0.035577,53365.08,1,51550,28086,0,0.307548245256901,0.219607523817279,0.164400293135738,0.151860597671199,55696.3349194562,5.56963349194562,5.155,0,"2024",NA
2024,28,"170312827001",0.057936,86905.02,3,70125,49968,0,0.307548245256901,0.219607523817279,0.164400293135738,0.151860597671199,55696.3349194562,5.56963349194562,7.0125,0,"2024",NA
2024,28,"170312827002",0.071016,106522.89,7,89432,29402,0,0.307548245256901,0.219607523817279,0.164400293135738,0.151860597671199,55696.3349194562,5.56963349194562,8.9432,0,"2024",NA
2024,28,"170312828001",0.011798,17696.98,1,85000,17724,0,0.307548245256901,0.219607523817279,0.164400293135738,0.151860597671199,55696.3349194562,5.56963349194562,8.5,0,"2024",NA
2024,28,"170312831002",0.005839,8759.13,2,76888,25459,0,0.307548245256901,0.219607523817279,0.164400293135738,0.151860597671199,55696.3349194562,5.56963349194562,7.6888,0,"2024",NA
2024,28,"170312832001",0.087707,131559.93,2,64223,19081,0,0.307548245256901,0.219607523817279,0.164400293135738,0.151860597671199,55696.3349194562,5.56963349194562,6.4223,0,"2024",NA
2024,28,"170313104001",0.013013,19520,1,80786,22595,0,0.307548245256901,0.219607523817279,0.164400293135738,0.151860597671199,55696.3349194562,5.56963349194562,8.0786,0,"2024",NA
2024,28,"170318329001",0.041962,62943.02,1,73182,14559,0,0.307548245256901,0.219607523817279,0.164400293135738,0.151860597671199,55696.3349194562,5.56963349194562,7.3182,0,"2024",NA
2024,28,"170318368001",0.022226,33339.32,2,31094,2276,0,0.307548245256901,0.219607523817279,0.164400293135738,0.151860597671199,55696.3349194562,5.56963349194562,3.1094,0,"2024",NA
2024,28,"170318368002",0.061972,92958.35,2,12076,11010,0,0.307548245256901,0.219607523817279,0.164400293135738,0.151860597671199,55696.3349194562,5.56963349194562,1.2076,0,"2024",NA
2024,28,"170318382001",0.013704,20556.49,2,96667,38338,0,0.307548245256901,0.219607523817279,0.164400293135738,0.151860597671199,55696.3349194562,5.56963349194562,9.6667,0,"2024",NA
2024,28,"170318419002",0.0024,3600,1,144448,34994,0,0.307548245256901,0.219607523817279,0.164400293135738,0.151860597671199,55696.3349194562,5.56963349194562,14.4448,0,"2024",NA
2024,28,"170318429001",0.022713,34069.53,3,21521,12601,0,0.307548245256901,0.219607523817279,0.164400293135738,0.151860597671199,55696.3349194562,5.56963349194562,2.1521,0,"2024",NA
2024,29,"170311708001",0.041039,59938.53,2,101250,28266,1,0.172857142857143,0.210451127819549,0.180375939849624,0.212330827067669,61060.6030994807,6.10606030994807,10.125,10.125,"2024",NA
2024,29,"170311708002",0.038676,56487.68,1,86875,37065,1,0.172857142857143,0.210451127819549,0.180375939849624,0.212330827067669,61060.6030994807,6.10606030994807,8.6875,8.6875,"2024",NA
2024,29,"170311709001",0.039263,57345.43,2,61771,12899,1,0.172857142857143,0.210451127819549,0.180375939849624,0.212330827067669,61060.6030994807,6.10606030994807,6.1771,6.1771,"2024",NA
2024,29,"170311710005",0.004303,6285.12,1,81385,12790,1,0.172857142857143,0.210451127819549,0.180375939849624,0.212330827067669,61060.6030994807,6.10606030994807,8.1385,8.1385,"2024",NA
2024,29,"170311801005",0.003905,5702.79,1,94850,52812,1,0.172857142857143,0.210451127819549,0.180375939849624,0.212330827067669,61060.6030994807,6.10606030994807,9.485,9.485,"2024",NA
2024,29,"170311913012",0.00989,14444.44,1,48565,11388,1,0.172857142857143,0.210451127819549,0.180375939849624,0.212330827067669,61060.6030994807,6.10606030994807,4.8565,4.8565,"2024",NA
2024,29,"170312209012",0.00989,14444.44,1,64375,49595,1,0.172857142857143,0.210451127819549,0.180375939849624,0.212330827067669,61060.6030994807,6.10606030994807,6.4375,6.4375,"2024",NA
2024,29,"170312504002",0.097344,142171.57,9,43750,36468,1,0.172857142857143,0.210451127819549,0.180375939849624,0.212330827067669,61060.6030994807,6.10606030994807,4.375,4.375,"2024",NA
2024,29,"170312505001",0.059922,87519.13,7,116060,22773,1,0.172857142857143,0.210451127819549,0.180375939849624,0.212330827067669,61060.6030994807,6.10606030994807,11.606,11.606,"2024",NA
2024,29,"170312505002",0.012063,17617.81,3,80273,77808,1,0.172857142857143,0.210451127819549,0.180375939849624,0.212330827067669,61060.6030994807,6.10606030994807,8.0273,8.0273,"2024",NA
2024,29,"170312505003",0.038391,56071.53,3,121898,75153,1,0.172857142857143,0.210451127819549,0.180375939849624,0.212330827067669,61060.6030994807,6.10606030994807,12.1898,12.1898,"2024",NA
2024,29,"170312505004",0.025451,37172.13,2,153583,47223,1,0.172857142857143,0.210451127819549,0.180375939849624,0.212330827067669,61060.6030994807,6.10606030994807,15.3583,15.3583,"2024",NA
2024,29,"170312506001",0.041388,60448.68,3,84803,16222,1,0.172857142857143,0.210451127819549,0.180375939849624,0.212330827067669,61060.6030994807,6.10606030994807,8.4803,8.4803,"2024",NA
2024,29,"170312506002",0.04124,60233.5,5,74375,50315,1,0.172857142857143,0.210451127819549,0.180375939849624,0.212330827067669,61060.6030994807,6.10606030994807,7.4375,7.4375,"2024",NA
2024,29,"170312513001",0.003341,4880,1,58114,19210,1,0.172857142857143,0.210451127819549,0.180375939849624,0.212330827067669,61060.6030994807,6.10606030994807,5.8114,5.8114,"2024",NA
2024,29,"170312513002",0.059948,87555.78,4,41987,40615,1,0.172857142857143,0.210451127819549,0.180375939849624,0.212330827067669,61060.6030994807,6.10606030994807,4.1987,4.1987,"2024",NA
2024,29,"170312513004",0.019718,28799.27,1,107202,58365,1,0.172857142857143,0.210451127819549,0.180375939849624,0.212330827067669,61060.6030994807,6.10606030994807,10.7202,10.7202,"2024",NA
2024,29,"170312513005",0.039395,57536.73,2,43472,25580,1,0.172857142857143,0.210451127819549,0.180375939849624,0.212330827067669,61060.6030994807,6.10606030994807,4.3472,4.3472,"2024",NA
2024,29,"170312514002",0.00989,14444.44,1,13229,5390,1,0.172857142857143,0.210451127819549,0.180375939849624,0.212330827067669,61060.6030994807,6.10606030994807,1.3229,1.3229,"2024",NA
2024,29,"170312514004",0.012423,18144.44,2,21363,12321,1,0.172857142857143,0.210451127819549,0.180375939849624,0.212330827067669,61060.6030994807,6.10606030994807,2.1363,2.1363,"2024",NA
2024,29,"170312518001",0.00989,14444.44,1,30859,29799,1,0.172857142857143,0.210451127819549,0.180375939849624,0.212330827067669,61060.6030994807,6.10606030994807,3.0859,3.0859,"2024",NA
2024,29,"170312520002",0.011113,16231.38,2,38101,19000,1,0.172857142857143,0.210451127819549,0.180375939849624,0.212330827067669,61060.6030994807,6.10606030994807,3.8101,3.8101,"2024",NA
2024,29,"170312520003",0.034552,50463.8,3,36827,29312,1,0.172857142857143,0.210451127819549,0.180375939849624,0.212330827067669,61060.6030994807,6.10606030994807,3.6827,3.6827,"2024",NA
2024,29,"170312521011",0.036062,52670.66,6,50139,18818,1,0.172857142857143,0.210451127819549,0.180375939849624,0.212330827067669,61060.6030994807,6.10606030994807,5.0139,5.0139,"2024",NA
2024,29,"170312521021",0.00767,11202.66,2,34167,12775,1,0.172857142857143,0.210451127819549,0.180375939849624,0.212330827067669,61060.6030994807,6.10606030994807,3.4167,3.4167,"2024",NA
2024,29,"170312521022",0.001671,2440,1,64123,1737,1,0.172857142857143,0.210451127819549,0.180375939849624,0.212330827067669,61060.6030994807,6.10606030994807,6.4123,6.4123,"2024",NA
2024,29,"170312522013",0.076075,111110.49,3,43411,15326,1,0.172857142857143,0.210451127819549,0.180375939849624,0.212330827067669,61060.6030994807,6.10606030994807,4.3411,4.3411,"2024",NA
2024,29,"170312522022",0.016388,23934.49,2,31181,28554,1,0.172857142857143,0.210451127819549,0.180375939849624,0.212330827067669,61060.6030994807,6.10606030994807,3.1181,3.1181,"2024",NA
2024,29,"170312522025",0.032776,47868.98,4,68655,26100,1,0.172857142857143,0.210451127819549,0.180375939849624,0.212330827067669,61060.6030994807,6.10606030994807,6.8655,6.8655,"2024",NA
2024,29,"170318106003",0.016756,24473.2,1,62784,25465,1,0.172857142857143,0.210451127819549,0.180375939849624,0.212330827067669,61060.6030994807,6.10606030994807,6.2784,6.2784,"2024",NA
2024,29,"170318314002",0.053012,77424.4,5,31995,23428,1,0.172857142857143,0.210451127819549,0.180375939849624,0.212330827067669,61060.6030994807,6.10606030994807,3.1995,3.1995,"2024",NA
2024,29,"170318316006",0.010744,15691.62,2,64345,49789,1,0.172857142857143,0.210451127819549,0.180375939849624,0.212330827067669,61060.6030994807,6.10606030994807,6.4345,6.4345,"2024",NA
2024,30,"170311506003",0.002544,3700,1,126786,60949,0.333333333333333,0.110044785668586,0.200347317429851,0.17603509734028,0.250342747463669,86892.6177500822,8.68926177500821,12.6786,4.2262,"2024",NA
2024,30,"170311507001",0.003355,4880,1,49773,39790,0.333333333333333,0.110044785668586,0.200347317429851,0.17603509734028,0.250342747463669,86892.6177500822,8.68926177500821,4.9773,1.6591,"2024",NA
2024,30,"170311507002",0.12602,183310.74,3,137440,14680,0.333333333333333,0.110044785668586,0.200347317429851,0.17603509734028,0.250342747463669,86892.6177500822,8.68926177500821,13.744,4.58133333333333,"2024",NA
2024,30,"170311507003",0.00012,175,1,137898,71974,0.333333333333333,0.110044785668586,0.200347317429851,0.17603509734028,0.250342747463669,86892.6177500822,8.68926177500821,13.7898,4.5966,"2024",NA
2024,30,"170311507004",0.1404,204230.78,4,108056,56000,0.333333333333333,0.110044785668586,0.200347317429851,0.17603509734028,0.250342747463669,86892.6177500822,8.68926177500821,10.8056,3.60186666666667,"2024",NA
2024,30,"170311508002",0.002547,3705.58,1,78015,52155,0.333333333333333,0.110044785668586,0.200347317429851,0.17603509734028,0.250342747463669,86892.6177500822,8.68926177500821,7.8015,2.6005,"2024",NA
2024,30,"170311508003",0.037645,54758.62,3,99732,79253,0.333333333333333,0.110044785668586,0.200347317429851,0.17603509734028,0.250342747463669,86892.6177500822,8.68926177500821,9.9732,3.3244,"2024",NA
2024,30,"170311511002",0.008052,11713.14,2,48345,12092,0.333333333333333,0.110044785668586,0.200347317429851,0.17603509734028,0.250342747463669,86892.6177500822,8.68926177500821,4.8345,1.6115,"2024",NA
2024,30,"170311511003",0.031826,46294.6,5,69519,34582,0.333333333333333,0.110044785668586,0.200347317429851,0.17603509734028,0.250342747463669,86892.6177500822,8.68926177500821,6.9519,2.3173,"2024",NA
2024,30,"170311512001",0.036184,52632.81,8,106250,39859,0.333333333333333,0.110044785668586,0.200347317429851,0.17603509734028,0.250342747463669,86892.6177500822,8.68926177500821,10.625,3.54166666666667,"2024",NA
2024,30,"170311512002",0.008264,12020.4,2,93996,10633,0.333333333333333,0.110044785668586,0.200347317429851,0.17603509734028,0.250342747463669,86892.6177500822,8.68926177500821,9.3996,3.1332,"2024",NA
2024,30,"170311512003",0.024052,34985.46,2,65387,23611,0.333333333333333,0.110044785668586,0.200347317429851,0.17603509734028,0.250342747463669,86892.6177500822,8.68926177500821,6.5387,2.17956666666667,"2024",NA
2024,30,"170311609001",0.034649,50400.71,1,108050,43636,0.333333333333333,0.110044785668586,0.200347317429851,0.17603509734028,0.250342747463669,86892.6177500822,8.68926177500821,10.805,3.60166666666667,"2024",NA
2024,30,"170311609002",0.057964,84317.9,6,119722,66479,0.333333333333333,0.110044785668586,0.200347317429851,0.17603509734028,0.250342747463669,86892.6177500822,8.68926177500821,11.9722,3.99073333333333,"2024",NA
2024,30,"170311610002",0.051089,74315.29,2,125000,24037,0.333333333333333,0.110044785668586,0.200347317429851,0.17603509734028,0.250342747463669,86892.6177500822,8.68926177500821,12.5,4.16666666666667,"2024",NA
2024,30,"170311611001",0.020983,30521.94,1,131667,80589,0.333333333333333,0.110044785668586,0.200347317429851,0.17603509734028,0.250342747463669,86892.6177500822,8.68926177500821,13.1667,4.3889,"2024",NA
2024,30,"170311611002",0.023085,33579.54,5,170500,47200,0.333333333333333,0.110044785668586,0.200347317429851,0.17603509734028,0.250342747463669,86892.6177500822,8.68926177500821,17.05,5.68333333333333,"2024",NA
2024,30,"170311612001",0.0338,49166.73,5,61250,46355,0.333333333333333,0.110044785668586,0.200347317429851,0.17603509734028,0.250342747463669,86892.6177500822,8.68926177500821,6.125,2.04166666666667,"2024",NA
2024,30,"170311612002",0.01534,22313.81,3,80250,30309,0.333333333333333,0.110044785668586,0.200347317429851,0.17603509734028,0.250342747463669,86892.6177500822,8.68926177500821,8.025,2.675,"2024",NA
2024,30,"170311613004",0.001495,2175,1,55929,25914,0.333333333333333,0.110044785668586,0.200347317429851,0.17603509734028,0.250342747463669,86892.6177500822,8.68926177500821,5.5929,1.8643,"2024",NA
2024,30,"170311711001",0.012978,18878.34,3,139914,38778,0.333333333333333,0.110044785668586,0.200347317429851,0.17603509734028,0.250342747463669,86892.6177500822,8.68926177500821,13.9914,4.6638,"2024",NA
2024,30,"170311711002",0.052493,76357.65,2,78203,19327,0.333333333333333,0.110044785668586,0.200347317429851,0.17603509734028,0.250342747463669,86892.6177500822,8.68926177500821,7.8203,2.60676666666667,"2024",NA
2024,30,"170311711003",0.00811,11796.12,2,55938,22039,0.333333333333333,0.110044785668586,0.200347317429851,0.17603509734028,0.250342747463669,86892.6177500822,8.68926177500821,5.5938,1.8646,"2024",NA
2024,30,"170311904021",0.046125,67095.21,5,38977,18538,0.333333333333333,0.110044785668586,0.200347317429851,0.17603509734028,0.250342747463669,86892.6177500822,8.68926177500821,3.8977,1.29923333333333,"2024",NA
2024,30,"170311906013",0.009818,14281.19,2,71579,8278,0.333333333333333,0.110044785668586,0.200347317429851,0.17603509734028,0.250342747463669,86892.6177500822,8.68926177500821,7.1579,2.38596666666667,"2024",NA
2024,30,"170311906021",0.010047,14614.74,1,91875,20786,0.333333333333333,0.110044785668586,0.200347317429851,0.17603509734028,0.250342747463669,86892.6177500822,8.68926177500821,9.1875,3.0625,"2024",NA
2024,30,"170311906022",0.036429,52989.47,5,64926,28087,0.333333333333333,0.110044785668586,0.200347317429851,0.17603509734028,0.250342747463669,86892.6177500822,8.68926177500821,6.4926,2.1642,"2024",NA
2024,30,"170312207013",0.003355,4880,1,87663,32404,0.333333333333333,0.110044785668586,0.200347317429851,0.17603509734028,0.250342747463669,86892.6177500822,8.68926177500821,8.7663,2.9221,"2024",NA
2024,30,"170318311002",0.01543,22444.91,3,111823,21280,0.333333333333333,0.110044785668586,0.200347317429851,0.17603509734028,0.250342747463669,86892.6177500822,8.68926177500821,11.1823,3.72743333333333,"2024",NA
2024,30,"170318311003",0.040303,58626.69,8,93250,28946,0.333333333333333,0.110044785668586,0.200347317429851,0.17603509734028,0.250342747463669,86892.6177500822,8.68926177500821,9.325,3.10833333333333,"2024",NA
2024,31,"170311510024",0.034598,51665.29,2,73182,64158,0,0.103979820627803,0.191517189835575,0.149476831091181,0.289891629297459,68866.7538485297,6.88667538485297,7.3182,0,"2024",NA
2024,31,"170311511002",0.022265,33248.94,1,48345,12092,0,0.103979820627803,0.191517189835575,0.149476831091181,0.289891629297459,68866.7538485297,6.88667538485297,4.8345,0,"2024",NA
2024,31,"170311511003",0.021183,31632.71,2,69519,34582,0,0.103979820627803,0.191517189835575,0.149476831091181,0.289891629297459,68866.7538485297,6.88667538485297,6.9519,0,"2024",NA
2024,31,"170311901001",0.064301,96022.24,5,53717,9707,0,0.103979820627803,0.191517189835575,0.149476831091181,0.289891629297459,68866.7538485297,6.88667538485297,5.3717,0,"2024",NA
2024,31,"170311902003",0.141619,211479.36,5,75556,30513,0,0.103979820627803,0.191517189835575,0.149476831091181,0.289891629297459,68866.7538485297,6.88667538485297,7.5556,0,"2024",NA
2024,31,"170311903001",0.021183,31632.71,2,60601,31113,0,0.103979820627803,0.191517189835575,0.149476831091181,0.289891629297459,68866.7538485297,6.88667538485297,6.0601,0,"2024",NA
2024,31,"170311903002",0.07422,110832.19,4,57344,14206,0,0.103979820627803,0.191517189835575,0.149476831091181,0.289891629297459,68866.7538485297,6.88667538485297,5.7344,0,"2024",NA
2024,31,"170311907011",0.013846,20676.74,2,75662,36678,0,0.103979820627803,0.191517189835575,0.149476831091181,0.289891629297459,68866.7538485297,6.88667538485297,7.5662,0,"2024",NA
2024,31,"170311907022",0.00465,6944.62,2,54444,17245,0,0.103979820627803,0.191517189835575,0.149476831091181,0.289891629297459,68866.7538485297,6.88667538485297,5.4444,0,"2024",NA
2024,31,"170311908003",0.030497,45539.74,9,90625,16515,0,0.103979820627803,0.191517189835575,0.149476831091181,0.289891629297459,68866.7538485297,6.88667538485297,9.0625,0,"2024",NA
2024,31,"170311908004",0.00067,1000,2,67188,37728,0,0.103979820627803,0.191517189835575,0.149476831091181,0.289891629297459,68866.7538485297,6.88667538485297,6.7188,0,"2024",NA
2024,31,"170311908005",0.071848,107291.25,4,41429,17754,0,0.103979820627803,0.191517189835575,0.149476831091181,0.289891629297459,68866.7538485297,6.88667538485297,4.1429,0,"2024",NA
2024,31,"170311909001",0.048077,71793.8,7,64375,25725,0,0.103979820627803,0.191517189835575,0.149476831091181,0.289891629297459,68866.7538485297,6.88667538485297,6.4375,0,"2024",NA
2024,31,"170311910001",0.039305,58694.31,1,28393,23614,0,0.103979820627803,0.191517189835575,0.149476831091181,0.289891629297459,68866.7538485297,6.88667538485297,2.8393,0,"2024",NA
2024,31,"170311911005",0.061507,91845.73,10,60192,17776,0,0.103979820627803,0.191517189835575,0.149476831091181,0.289891629297459,68866.7538485297,6.88667538485297,6.0192,0,"2024",NA
2024,31,"170311913022",0.029349,43826.54,3,54917,20048,0,0.103979820627803,0.191517189835575,0.149476831091181,0.289891629297459,68866.7538485297,6.88667538485297,5.4917,0,"2024",NA
2024,31,"170312001002",0.03114,46500,4,78206,8956,0,0.103979820627803,0.191517189835575,0.149476831091181,0.289891629297459,68866.7538485297,6.88667538485297,7.8206,0,"2024",NA
2024,31,"170312001003",0.023725,35428.65,3,54063,12728,0,0.103979820627803,0.191517189835575,0.149476831091181,0.289891629297459,68866.7538485297,6.88667538485297,5.4063,0,"2024",NA
2024,31,"170312002002",0.01066,15919.19,1,54750,27131,0,0.103979820627803,0.191517189835575,0.149476831091181,0.289891629297459,68866.7538485297,6.88667538485297,5.475,0,"2024",NA
2024,31,"170312002004",0.051773,77313.05,2,75487,6587,0,0.103979820627803,0.191517189835575,0.149476831091181,0.289891629297459,68866.7538485297,6.88667538485297,7.5487,0,"2024",NA
2024,31,"170312003001",0.011421,17054.75,2,36591,10481,0,0.103979820627803,0.191517189835575,0.149476831091181,0.289891629297459,68866.7538485297,6.88667538485297,3.6591,0,"2024",NA
2024,31,"170312003002",0.017928,26771.79,3,50069,38360,0,0.103979820627803,0.191517189835575,0.149476831091181,0.289891629297459,68866.7538485297,6.88667538485297,5.0069,0,"2024",NA
2024,31,"170312104001",0.03778,56417.33,2,70852,31525,0,0.103979820627803,0.191517189835575,0.149476831091181,0.289891629297459,68866.7538485297,6.88667538485297,7.0852,0,"2024",NA
2024,31,"170312105012",0.027782,41487.57,4,76042,25032,0,0.103979820627803,0.191517189835575,0.149476831091181,0.289891629297459,68866.7538485297,6.88667538485297,7.6042,0,"2024",NA
2024,31,"170312105021",0.037108,55414.23,6,70625,28707,0,0.103979820627803,0.191517189835575,0.149476831091181,0.289891629297459,68866.7538485297,6.88667538485297,7.0625,0,"2024",NA
2024,31,"170312105023",0.048466,72374.93,2,78892,14276,0,0.103979820627803,0.191517189835575,0.149476831091181,0.289891629297459,68866.7538485297,6.88667538485297,7.8892,0,"2024",NA
2024,32,"170310404011",0.002962,3625,1,105532,33801,0,0.0446513849092646,0.0386023559375995,0.0514167462591531,0.121776504297994,167126.912930446,16.7126912930446,10.5532,0,"2024",NA
2024,32,"170310507001",0.007314,8950.11,2,130699,21475,0,0.0446513849092646,0.0386023559375995,0.0514167462591531,0.121776504297994,167126.912930446,16.7126912930446,13.0699,0,"2024",NA
2024,32,"170310508001",0.04333,53020.6,2,157813,44622,0,0.0446513849092646,0.0386023559375995,0.0514167462591531,0.121776504297994,167126.912930446,16.7126912930446,15.7813,0,"2024",NA
2024,32,"170310510001",0.003988,4880,1,184464,41600,0,0.0446513849092646,0.0386023559375995,0.0514167462591531,0.121776504297994,167126.912930446,16.7126912930446,18.4464,0,"2024",NA
2024,32,"170310511001",0.003988,4880,1,181827,94747,0,0.0446513849092646,0.0386023559375995,0.0514167462591531,0.121776504297994,167126.912930446,16.7126912930446,18.1827,0,"2024",NA
2024,32,"170310512001",0.051573,63107.58,2,170143,71096,0,0.0446513849092646,0.0386023559375995,0.0514167462591531,0.121776504297994,167126.912930446,16.7126912930446,17.0143,0,"2024",NA
2024,32,"170310512002",0.003447,4218.43,1,237574,34549,0,0.0446513849092646,0.0386023559375995,0.0514167462591531,0.121776504297994,167126.912930446,16.7126912930446,23.7574,0,"2024",NA
2024,32,"170310513001",0.047133,57674.62,3,143929,39338,0,0.0446513849092646,0.0386023559375995,0.0514167462591531,0.121776504297994,167126.912930446,16.7126912930446,14.3929,0,"2024",NA
2024,32,"170310514001",0.044378,54302.77,3,178750,31940,0,0.0446513849092646,0.0386023559375995,0.0514167462591531,0.121776504297994,167126.912930446,16.7126912930446,17.875,0,"2024",NA
2024,32,"170310624001",0.003988,4880,1,158542,51146,0,0.0446513849092646,0.0386023559375995,0.0514167462591531,0.121776504297994,167126.912930446,16.7126912930446,15.8542,0,"2024",NA
2024,32,"170310626001",0.039076,47815.08,2,177045,37796,0,0.0446513849092646,0.0386023559375995,0.0514167462591531,0.121776504297994,167126.912930446,16.7126912930446,17.7045,0,"2024",NA
2024,32,"170310627002",0.003988,4880,1,228382,106635,0,0.0446513849092646,0.0386023559375995,0.0514167462591531,0.121776504297994,167126.912930446,16.7126912930446,22.8382,0,"2024",NA
2024,32,"170310627003",0.028189,34493.98,2,89318,30520,0,0.0446513849092646,0.0386023559375995,0.0514167462591531,0.121776504297994,167126.912930446,16.7126912930446,8.9318,0,"2024",NA
2024,32,"170310628002",0.023965,29324.57,1,210347,73484,0,0.0446513849092646,0.0386023559375995,0.0514167462591531,0.121776504297994,167126.912930446,16.7126912930446,21.0347,0,"2024",NA
2024,32,"170310705002",0.000286,350,1,120433,64164,0,0.0446513849092646,0.0386023559375995,0.0514167462591531,0.121776504297994,167126.912930446,16.7126912930446,12.0433,0,"2024",NA
2024,32,"170310705003",0.060862,74474.38,1,250001,NA,0,0.0446513849092646,0.0386023559375995,0.0514167462591531,0.121776504297994,167126.912930446,16.7126912930446,25.0001,0,"2024",NA
2024,32,"170310706001",0.060906,74527.95,1,172188,49658,0,0.0446513849092646,0.0386023559375995,0.0514167462591531,0.121776504297994,167126.912930446,16.7126912930446,17.2188,0,"2024",NA
2024,32,"170312216001",0.103848,127073.89,3,159750,56022,0,0.0446513849092646,0.0386023559375995,0.0514167462591531,0.121776504297994,167126.912930446,16.7126912930446,15.975,0,"2024",NA
2024,32,"170312216002",0.001994,2440,1,123558,25806,0,0.0446513849092646,0.0386023559375995,0.0514167462591531,0.121776504297994,167126.912930446,16.7126912930446,12.3558,0,"2024",NA
2024,32,"170312402001",0.044644,54630.2,4,172019,15546,0,0.0446513849092646,0.0386023559375995,0.0514167462591531,0.121776504297994,167126.912930446,16.7126912930446,17.2019,0,"2024",NA
2024,32,"170312403001",0.004397,5380,2,142292,58358,0,0.0446513849092646,0.0386023559375995,0.0514167462591531,0.121776504297994,167126.912930446,16.7126912930446,14.2292,0,"2024",NA
2024,32,"170312405001",0.029736,36387.32,2,178770,9983,0,0.0446513849092646,0.0386023559375995,0.0514167462591531,0.121776504297994,167126.912930446,16.7126912930446,17.877,0,"2024",NA
2024,32,"170318310001",0.00652,7978.72,1,216932,49108,0,0.0446513849092646,0.0386023559375995,0.0514167462591531,0.121776504297994,167126.912930446,16.7126912930446,21.6932,0,"2024",NA
2024,32,"170318310002",0.097112,118830.34,3,185769,37965,0,0.0446513849092646,0.0386023559375995,0.0514167462591531,0.121776504297994,167126.912930446,16.7126912930446,18.5769,0,"2024",NA
2024,32,"170318322001",0.020355,24907.89,1,131782,34716,0,0.0446513849092646,0.0386023559375995,0.0514167462591531,0.121776504297994,167126.912930446,16.7126912930446,13.1782,0,"2024",NA
2024,32,"170318322002",0.111389,136300.59,4,153929,23018,0,0.0446513849092646,0.0386023559375995,0.0514167462591531,0.121776504297994,167126.912930446,16.7126912930446,15.3929,0,"2024",NA
2024,32,"170318323001",0.111262,136147.15,4,131212,17319,0,0.0446513849092646,0.0386023559375995,0.0514167462591531,0.121776504297994,167126.912930446,16.7126912930446,13.1212,0,"2024",NA
2024,32,"170318324002",0.013648,16700.56,2,136724,14594,0,0.0446513849092646,0.0386023559375995,0.0514167462591531,0.121776504297994,167126.912930446,16.7126912930446,13.6724,0,"2024",NA
2024,32,"170318437002",0.002452,3000,1,118793,73988,0,0.0446513849092646,0.0386023559375995,0.0514167462591531,0.121776504297994,167126.912930446,16.7126912930446,11.8793,0,"2024",NA
2024,33,"170311401001",0.023025,33770.11,3,87976,40225,0.666666666666667,0.0704049325112481,0.143392767872021,0.157057157140477,0.236377270454924,84616.5496990391,8.46165496990391,8.7976,5.86506666666667,"2024",NA
2024,33,"170311402002",0.115149,168888.68,3,51629,33582,0.666666666666667,0.0704049325112481,0.143392767872021,0.157057157140477,0.236377270454924,84616.5496990391,8.46165496990391,5.1629,3.44193333333333,"2024",NA
2024,33,"170311403022",0.002486,3645.79,1,88603,37290,0.666666666666667,0.0704049325112481,0.143392767872021,0.157057157140477,0.236377270454924,84616.5496990391,8.46165496990391,8.8603,5.90686666666667,"2024",NA
2024,33,"170311406011",0.003327,4880,1,81833,44240,0.666666666666667,0.0704049325112481,0.143392767872021,0.157057157140477,0.236377270454924,84616.5496990391,8.46165496990391,8.1833,5.45553333333333,"2024",NA
2024,33,"170311406023",0.046472,68159.71,4,66705,16857,0.666666666666667,0.0704049325112481,0.143392767872021,0.157057157140477,0.236377270454924,84616.5496990391,8.46165496990391,6.6705,4.447,"2024",NA
2024,33,"170311406024",0.070969,104089.25,3,33393,26417,0.666666666666667,0.0704049325112481,0.143392767872021,0.157057157140477,0.236377270454924,84616.5496990391,8.46165496990391,3.3393,2.2262,"2024",NA
2024,33,"170311407011",0.004996,7327.75,1,109119,6804,0.666666666666667,0.0704049325112481,0.143392767872021,0.157057157140477,0.236377270454924,84616.5496990391,8.46165496990391,10.9119,7.2746,"2024",NA
2024,33,"170311407021",0.026081,38252.54,2,68750,34912,0.666666666666667,0.0704049325112481,0.143392767872021,0.157057157140477,0.236377270454924,84616.5496990391,8.46165496990391,6.875,4.58333333333333,"2024",NA
2024,33,"170311407022",0.023845,34973.28,1,50104,23611,0.666666666666667,0.0704049325112481,0.143392767872021,0.157057157140477,0.236377270454924,84616.5496990391,8.46165496990391,5.0104,3.34026666666667,"2024",NA
2024,33,"170311408002",0.014432,21167.06,1,170978,84991,0.666666666666667,0.0704049325112481,0.143392767872021,0.157057157140477,0.236377270454924,84616.5496990391,8.46165496990391,17.0978,11.3985333333333,"2024",NA
2024,33,"170311408003",0.003327,4880,1,114243,21721,0.666666666666667,0.0704049325112481,0.143392767872021,0.157057157140477,0.236377270454924,84616.5496990391,8.46165496990391,11.4243,7.6162,"2024",NA
2024,33,"170311408005",0.078408,115000,1,83881,17900,0.666666666666667,0.0704049325112481,0.143392767872021,0.157057157140477,0.236377270454924,84616.5496990391,8.46165496990391,8.3881,5.59206666666667,"2024",NA
2024,33,"170311604001",0.071333,104623.54,3,66974,26437,0.666666666666667,0.0704049325112481,0.143392767872021,0.157057157140477,0.236377270454924,84616.5496990391,8.46165496990391,6.6974,4.46493333333333,"2024",NA
2024,33,"170311605012",0.170452,250000,1,68600,28460,0.666666666666667,0.0704049325112481,0.143392767872021,0.157057157140477,0.236377270454924,84616.5496990391,8.46165496990391,6.86,4.57333333333333,"2024",NA
2024,33,"170311605021",0.035809,52520.8,1,99167,61649,0.666666666666667,0.0704049325112481,0.143392767872021,0.157057157140477,0.236377270454924,84616.5496990391,8.46165496990391,9.9167,6.61113333333333,"2024",NA
2024,33,"170311606013",0.004672,6852.14,1,66563,32922,0.666666666666667,0.0704049325112481,0.143392767872021,0.157057157140477,0.236377270454924,84616.5496990391,8.46165496990391,6.6563,4.43753333333333,"2024",NA
2024,33,"170311606021",0.025382,37226.59,5,95625,22520,0.666666666666667,0.0704049325112481,0.143392767872021,0.157057157140477,0.236377270454924,84616.5496990391,8.46165496990391,9.5625,6.375,"2024",NA
2024,33,"170311606023",0.042167,61845.96,3,122500,34017,0.666666666666667,0.0704049325112481,0.143392767872021,0.157057157140477,0.236377270454924,84616.5496990391,8.46165496990391,12.25,8.16666666666667,"2024",NA
2024,33,"170311608001",0.010728,15734.86,2,62028,30268,0.666666666666667,0.0704049325112481,0.143392767872021,0.157057157140477,0.236377270454924,84616.5496990391,8.46165496990391,6.2028,4.1352,"2024",NA
2024,33,"170312101001",0.017779,26077.01,1,143125,43137,0.666666666666667,0.0704049325112481,0.143392767872021,0.157057157140477,0.236377270454924,84616.5496990391,8.46165496990391,14.3125,9.54166666666667,"2024",NA
2024,33,"170312101002",0.051712,75845.27,2,118785,65339,0.666666666666667,0.0704049325112481,0.143392767872021,0.157057157140477,0.236377270454924,84616.5496990391,8.46165496990391,11.8785,7.919,"2024",NA
2024,33,"170312101003",0.002864,4200.2,1,82593,26870,0.666666666666667,0.0704049325112481,0.143392767872021,0.157057157140477,0.236377270454924,84616.5496990391,8.46165496990391,8.2593,5.5062,"2024",NA
2024,33,"170312107002",0.012913,18939.68,2,122885,41284,0.666666666666667,0.0704049325112481,0.143392767872021,0.157057157140477,0.236377270454924,84616.5496990391,8.46165496990391,12.2885,8.19233333333333,"2024",NA
2024,34,"170312522023",0.005338,8000,1,36875,24180,0,0.19392999127315,0.20188112091535,0.152235043149423,0.23019489964123,128380.251560562,12.8380251560562,3.6875,0,"2024",NA
2024,34,"170312801001",0.002002,3000,1,197222,35566,0,0.19392999127315,0.20188112091535,0.152235043149423,0.23019489964123,128380.251560562,12.8380251560562,19.7222,0,"2024",NA
2024,34,"170312801002",0.074933,112303.03,2,136392,37951,0,0.19392999127315,0.20188112091535,0.152235043149423,0.23019489964123,128380.251560562,12.8380251560562,13.6392,0,"2024",NA
2024,34,"170312801003",0.089076,133500,2,170039,57397,0,0.19392999127315,0.20188112091535,0.152235043149423,0.23019489964123,128380.251560562,12.8380251560562,17.0039,0,"2024",NA
2024,34,"170312819003",0.092306,138341.02,4,69732,43866,0,0.19392999127315,0.20188112091535,0.152235043149423,0.23019489964123,128380.251560562,12.8380251560562,6.9732,0,"2024",NA
2024,34,"170313204001",0.022331,33467.76,2,137917,45112,0,0.19392999127315,0.20188112091535,0.152235043149423,0.23019489964123,128380.251560562,12.8380251560562,13.7917,0,"2024",NA
2024,34,"170318329001",0.158962,238236.83,6,73182,14559,0,0.19392999127315,0.20188112091535,0.152235043149423,0.23019489964123,128380.251560562,12.8380251560562,7.3182,0,"2024",NA
2024,34,"170318329002",0.001628,2440,1,90000,37346,0,0.19392999127315,0.20188112091535,0.152235043149423,0.23019489964123,128380.251560562,12.8380251560562,9,0,"2024",NA
2024,34,"170318330001",0.017426,26117.09,2,202670,69561,0,0.19392999127315,0.20188112091535,0.152235043149423,0.23019489964123,128380.251560562,12.8380251560562,20.267,0,"2024",NA
2024,34,"170318331001",0.112976,169316.47,5,145517,125808,0,0.19392999127315,0.20188112091535,0.152235043149423,0.23019489964123,128380.251560562,12.8380251560562,14.5517,0,"2024",NA
2024,34,"170318331002",0.013256,19867.3,4,223514,40619,0,0.19392999127315,0.20188112091535,0.152235043149423,0.23019489964123,128380.251560562,12.8380251560562,22.3514,0,"2024",NA
2024,34,"170318331003",0.008142,12202.47,2,180025,29466,0,0.19392999127315,0.20188112091535,0.152235043149423,0.23019489964123,128380.251560562,12.8380251560562,18.0025,0,"2024",NA
2024,34,"170318331004",0.052351,78457.53,3,151959,21394,0,0.19392999127315,0.20188112091535,0.152235043149423,0.23019489964123,128380.251560562,12.8380251560562,15.1959,0,"2024",NA
2024,34,"170318333001",0.314187,470875.01,9,90806,22166,0,0.19392999127315,0.20188112091535,0.152235043149423,0.23019489964123,128380.251560562,12.8380251560562,9.0806,0,"2024",NA
2024,34,"170318391001",0.025188,37749.99,1,124641,34480,0,0.19392999127315,0.20188112091535,0.152235043149423,0.23019489964123,128380.251560562,12.8380251560562,12.4641,0,"2024",NA
2024,34,"170318419001",0.00044,660,1,128696,22419,0,0.19392999127315,0.20188112091535,0.152235043149423,0.23019489964123,128380.251560562,12.8380251560562,12.8696,0,"2024",NA
2024,34,"170318423002",0.009458,14174.63,2,178708,4752,0,0.19392999127315,0.20188112091535,0.152235043149423,0.23019489964123,128380.251560562,12.8380251560562,17.8708,0,"2024",NA
2024,35,"170311607003",0.005136,7391.53,3,110181,52067,0.666666666666667,0.116970191175138,0.208480565371025,0.139802482558666,0.2107456736432,89778.162107582,8.9778162107582,11.0181,7.3454,"2024",NA
2024,35,"170311607004",0.002302,3313.3,1,108170,47306,0.666666666666667,0.116970191175138,0.208480565371025,0.139802482558666,0.2107456736432,89778.162107582,8.9778162107582,10.817,7.21133333333333,"2024",NA
2024,35,"170311608005",0.019399,27914.81,3,94787,10403,0.666666666666667,0.116970191175138,0.208480565371025,0.139802482558666,0.2107456736432,89778.162107582,8.9778162107582,9.4787,6.31913333333333,"2024",NA
2024,35,"170311609001",0.023511,33833.07,1,108050,43636,0.666666666666667,0.116970191175138,0.208480565371025,0.139802482558666,0.2107456736432,89778.162107582,8.9778162107582,10.805,7.20333333333333,"2024",NA
2024,35,"170312003001",0.052192,75107.06,3,36591,10481,0.666666666666667,0.116970191175138,0.208480565371025,0.139802482558666,0.2107456736432,89778.162107582,8.9778162107582,3.6591,2.4394,"2024",NA
2024,35,"170312003002",0.001696,2440,1,50069,38360,0.666666666666667,0.116970191175138,0.208480565371025,0.139802482558666,0.2107456736432,89778.162107582,8.9778162107582,5.0069,3.33793333333333,"2024",NA
2024,35,"170312004012",0.0089,12807.97,2,74451,15391,0.666666666666667,0.116970191175138,0.208480565371025,0.139802482558666,0.2107456736432,89778.162107582,8.9778162107582,7.4451,4.9634,"2024",NA
2024,35,"170312004021",0.00132,1900,3,73929,55193,0.666666666666667,0.116970191175138,0.208480565371025,0.139802482558666,0.2107456736432,89778.162107582,8.9778162107582,7.3929,4.9286,"2024",NA
2024,35,"170312004022",0.006493,9343.68,1,51571,8067,0.666666666666667,0.116970191175138,0.208480565371025,0.139802482558666,0.2107456736432,89778.162107582,8.9778162107582,5.1571,3.43806666666667,"2024",NA
2024,35,"170312004023",0.033114,47654.15,3,86534,20813,0.666666666666667,0.116970191175138,0.208480565371025,0.139802482558666,0.2107456736432,89778.162107582,8.9778162107582,8.6534,5.76893333333333,"2024",NA
2024,35,"170312105011",0.015321,22048.88,3,65625,24951,0.666666666666667,0.116970191175138,0.208480565371025,0.139802482558666,0.2107456736432,89778.162107582,8.9778162107582,6.5625,4.375,"2024",NA
2024,35,"170312105021",0.085472,123000.53,5,70625,28707,0.666666666666667,0.116970191175138,0.208480565371025,0.139802482558666,0.2107456736432,89778.162107582,8.9778162107582,7.0625,4.70833333333333,"2024",NA
2024,35,"170312105022",0.002741,3944.83,1,97042,35982,0.666666666666667,0.116970191175138,0.208480565371025,0.139802482558666,0.2107456736432,89778.162107582,8.9778162107582,9.7042,6.46946666666667,"2024",NA
2024,35,"170312106012",0.031977,46016.1,2,62782,58432,0.666666666666667,0.116970191175138,0.208480565371025,0.139802482558666,0.2107456736432,89778.162107582,8.9778162107582,6.2782,4.18546666666667,"2024",NA
2024,35,"170312106013",0.008557,12314.46,2,73026,24779,0.666666666666667,0.116970191175138,0.208480565371025,0.139802482558666,0.2107456736432,89778.162107582,8.9778162107582,7.3026,4.8684,"2024",NA
2024,35,"170312106021",0.109974,158257.79,4,88393,14199,0.666666666666667,0.116970191175138,0.208480565371025,0.139802482558666,0.2107456736432,89778.162107582,8.9778162107582,8.8393,5.89286666666667,"2024",NA
2024,35,"170312106022",0.006701,9644.66,4,82443,27778,0.666666666666667,0.116970191175138,0.208480565371025,0.139802482558666,0.2107456736432,89778.162107582,8.9778162107582,8.2443,5.4962,"2024",NA
2024,35,"170312106023",0.111412,160328.03,6,120260,28014,0.666666666666667,0.116970191175138,0.208480565371025,0.139802482558666,0.2107456736432,89778.162107582,8.9778162107582,12.026,8.01733333333333,"2024",NA
2024,35,"170312107001",0.004213,6062.32,1,60054,21911,0.666666666666667,0.116970191175138,0.208480565371025,0.139802482558666,0.2107456736432,89778.162107582,8.9778162107582,6.0054,4.0036,"2024",NA
2024,35,"170312107002",0.000243,350,1,122885,41284,0.666666666666667,0.116970191175138,0.208480565371025,0.139802482558666,0.2107456736432,89778.162107582,8.9778162107582,12.2885,8.19233333333333,"2024",NA
2024,35,"170312107003",0.024447,35182.02,3,70417,37403,0.666666666666667,0.116970191175138,0.208480565371025,0.139802482558666,0.2107456736432,89778.162107582,8.9778162107582,7.0417,4.69446666666667,"2024",NA
2024,35,"170312108001",0.015494,22296.1,2,92375,30396,0.666666666666667,0.116970191175138,0.208480565371025,0.139802482558666,0.2107456736432,89778.162107582,8.9778162107582,9.2375,6.15833333333333,"2024",NA
2024,35,"170312109001",0.004069,5855.3,3,107417,15729,0.666666666666667,0.116970191175138,0.208480565371025,0.139802482558666,0.2107456736432,89778.162107582,8.9778162107582,10.7417,7.16113333333333,"2024",NA
2024,35,"170312205002",0.059242,85252.48,3,115147,31918,0.666666666666667,0.116970191175138,0.208480565371025,0.139802482558666,0.2107456736432,89778.162107582,8.9778162107582,11.5147,7.67646666666667,"2024",NA
2024,35,"170312205003",0.005414,7791.47,1,74167,3912,0.666666666666667,0.116970191175138,0.208480565371025,0.139802482558666,0.2107456736432,89778.162107582,8.9778162107582,7.4167,4.94446666666667,"2024",NA
2024,35,"170312206011",0.000806,1160,2,119500,42345,0.666666666666667,0.116970191175138,0.208480565371025,0.139802482558666,0.2107456736432,89778.162107582,8.9778162107582,11.95,7.96666666666667,"2024",NA
2024,35,"170312206012",0.001519,2185.83,1,131000,10289,0.666666666666667,0.116970191175138,0.208480565371025,0.139802482558666,0.2107456736432,89778.162107582,8.9778162107582,13.1,8.73333333333333,"2024",NA
2024,35,"170312206022",0.005027,7233.89,4,73405,17500,0.666666666666667,0.116970191175138,0.208480565371025,0.139802482558666,0.2107456736432,89778.162107582,8.9778162107582,7.3405,4.89366666666667,"2024",NA
2024,35,"170312207013",0.006468,9308.29,1,87663,32404,0.666666666666667,0.116970191175138,0.208480565371025,0.139802482558666,0.2107456736432,89778.162107582,8.9778162107582,8.7663,5.8442,"2024",NA
2024,35,"170312207021",0.004191,6030.94,1,70682,20295,0.666666666666667,0.116970191175138,0.208480565371025,0.139802482558666,0.2107456736432,89778.162107582,8.9778162107582,7.0682,4.71213333333333,"2024",NA
2024,35,"170312207022",0.040085,57684.25,2,98938,27977,0.666666666666667,0.116970191175138,0.208480565371025,0.139802482558666,0.2107456736432,89778.162107582,8.9778162107582,9.8938,6.59586666666667,"2024",NA
2024,35,"170312207023",0.003238,4660.37,1,87845,29645,0.666666666666667,0.116970191175138,0.208480565371025,0.139802482558666,0.2107456736432,89778.162107582,8.9778162107582,8.7845,5.85633333333333,"2024",NA
2024,35,"170312209012",0.007499,10790.97,1,64375,49595,0.666666666666667,0.116970191175138,0.208480565371025,0.139802482558666,0.2107456736432,89778.162107582,8.9778162107582,6.4375,4.29166666666667,"2024",NA
2024,35,"170312209021",0.033463,48154.94,2,94070,26945,0.666666666666667,0.116970191175138,0.208480565371025,0.139802482558666,0.2107456736432,89778.162107582,8.9778162107582,9.407,6.27133333333333,"2024",NA
2024,35,"170312209022",0.014057,20228.1,2,70750,20376,0.666666666666667,0.116970191175138,0.208480565371025,0.139802482558666,0.2107456736432,89778.162107582,8.9778162107582,7.075,4.71666666666667,"2024",NA
2024,35,"170312210001",0.033569,48308.23,1,108542,21185,0.666666666666667,0.116970191175138,0.208480565371025,0.139802482558666,0.2107456736432,89778.162107582,8.9778162107582,10.8542,7.23613333333333,"2024",NA
2024,35,"170312210002",0.020286,29192.43,1,79000,19279,0.666666666666667,0.116970191175138,0.208480565371025,0.139802482558666,0.2107456736432,89778.162107582,8.9778162107582,7.9,5.26666666666667,"2024",NA
2024,35,"170312211002",0.016678,24000,1,73229,50267,0.666666666666667,0.116970191175138,0.208480565371025,0.139802482558666,0.2107456736432,89778.162107582,8.9778162107582,7.3229,4.88193333333333,"2024",NA
2024,35,"170312211003",0.009792,14090.82,1,118393,66531,0.666666666666667,0.116970191175138,0.208480565371025,0.139802482558666,0.2107456736432,89778.162107582,8.9778162107582,11.8393,7.89286666666667,"2024",NA
2024,35,"170312212002",0.010268,14776.19,1,126675,10304,0.666666666666667,0.116970191175138,0.208480565371025,0.139802482558666,0.2107456736432,89778.162107582,8.9778162107582,12.6675,8.445,"2024",NA
2024,35,"170312229001",0.062541,90000,1,89630,29085,0.666666666666667,0.116970191175138,0.208480565371025,0.139802482558666,0.2107456736432,89778.162107582,8.9778162107582,8.963,5.97533333333333,"2024",NA
2024,35,"170318311001",0.008988,12934.43,3,68542,46949,0.666666666666667,0.116970191175138,0.208480565371025,0.139802482558666,0.2107456736432,89778.162107582,8.9778162107582,6.8542,4.56946666666667,"2024",NA
2024,36,"170311710005",0.064892,97313.48,2,81385,12790,0,0.0854591836734694,0.21921768707483,0.173639455782313,0.279421768707483,82364.7638950356,8.23647638950356,8.1385,0,"2024",NA
2024,36,"170311801001",0.057,85478.2,5,107740,36991,0,0.0854591836734694,0.21921768707483,0.173639455782313,0.279421768707483,82364.7638950356,8.23647638950356,10.774,0,"2024",NA
2024,36,"170311801002",0.059891,89814.51,2,100889,63671,0,0.0854591836734694,0.21921768707483,0.173639455782313,0.279421768707483,82364.7638950356,8.23647638950356,10.0889,0,"2024",NA
2024,36,"170311801003",0.030921,46368.46,2,93281,75467,0,0.0854591836734694,0.21921768707483,0.173639455782313,0.279421768707483,82364.7638950356,8.23647638950356,9.3281,0,"2024",NA
2024,36,"170311801004",0.000811,1216.94,2,84609,52678,0,0.0854591836734694,0.21921768707483,0.173639455782313,0.279421768707483,82364.7638950356,8.23647638950356,8.4609,0,"2024",NA
2024,36,"170311913011",0.00044,660,1,109225,16750,0,0.0854591836734694,0.21921768707483,0.173639455782313,0.279421768707483,82364.7638950356,8.23647638950356,10.9225,0,"2024",NA
2024,36,"170311913013",0.047362,71025.2,5,51827,34608,0,0.0854591836734694,0.21921768707483,0.173639455782313,0.279421768707483,82364.7638950356,8.23647638950356,5.1827,0,"2024",NA
2024,36,"170311913021",0.043294,64925.07,6,82596,61783,0,0.0854591836734694,0.21921768707483,0.173639455782313,0.279421768707483,82364.7638950356,8.23647638950356,8.2596,0,"2024",NA
2024,36,"170311913022",0.007947,11918.09,3,54917,20048,0,0.0854591836734694,0.21921768707483,0.173639455782313,0.279421768707483,82364.7638950356,8.23647638950356,5.4917,0,"2024",NA
2024,36,"170312306003",0.028342,42502.48,2,57768,50374,0,0.0854591836734694,0.21921768707483,0.173639455782313,0.279421768707483,82364.7638950356,8.23647638950356,5.7768,0,"2024",NA
2024,36,"170312306006",0.012642,18958.92,3,56709,34683,0,0.0854591836734694,0.21921768707483,0.173639455782313,0.279421768707483,82364.7638950356,8.23647638950356,5.6709,0,"2024",NA
2024,36,"170312307002",0.012908,19357.46,1,30068,16518,0,0.0854591836734694,0.21921768707483,0.173639455782313,0.279421768707483,82364.7638950356,8.23647638950356,3.0068,0,"2024",NA
2024,36,"170312307003",0.117959,176893.63,8,74058,8450,0,0.0854591836734694,0.21921768707483,0.173639455782313,0.279421768707483,82364.7638950356,8.23647638950356,7.4058,0,"2024",NA
2024,36,"170312311001",0.013607,20404.78,1,59745,8208,0,0.0854591836734694,0.21921768707483,0.173639455782313,0.279421768707483,82364.7638950356,8.23647638950356,5.9745,0,"2024",NA
2024,36,"170312312001",0.014916,22368.56,1,35417,12556,0,0.0854591836734694,0.21921768707483,0.173639455782313,0.279421768707483,82364.7638950356,8.23647638950356,3.5417,0,"2024",NA
2024,36,"170312411001",0.008963,13440.56,2,96875,64306,0,0.0854591836734694,0.21921768707483,0.173639455782313,0.279421768707483,82364.7638950356,8.23647638950356,9.6875,0,"2024",NA
2024,36,"170312422002",0.026756,40123.12,2,170781,16551,0,0.0854591836734694,0.21921768707483,0.173639455782313,0.279421768707483,82364.7638950356,8.23647638950356,17.0781,0,"2024",NA
2024,36,"170312424001",0.006942,10410.11,2,122778,27094,0,0.0854591836734694,0.21921768707483,0.173639455782313,0.279421768707483,82364.7638950356,8.23647638950356,12.2778,0,"2024",NA
2024,36,"170312424002",0.075362,113012.61,4,99362,15568,0,0.0854591836734694,0.21921768707483,0.173639455782313,0.279421768707483,82364.7638950356,8.23647638950356,9.9362,0,"2024",NA
2024,36,"170312425001",0.030823,46223.68,6,94918,30998,0,0.0854591836734694,0.21921768707483,0.173639455782313,0.279421768707483,82364.7638950356,8.23647638950356,9.4918,0,"2024",NA
2024,36,"170312425002",0.077648,116442.66,3,84667,27389,0,0.0854591836734694,0.21921768707483,0.173639455782313,0.279421768707483,82364.7638950356,8.23647638950356,8.4667,0,"2024",NA
2024,36,"170312426004",0.024681,37011.81,3,83646,61303,0,0.0854591836734694,0.21921768707483,0.173639455782313,0.279421768707483,82364.7638950356,8.23647638950356,8.3646,0,"2024",NA
2024,36,"170312428001",0.025898,38837.28,3,165375,33712,0,0.0854591836734694,0.21921768707483,0.173639455782313,0.279421768707483,82364.7638950356,8.23647638950356,16.5375,0,"2024",NA
2024,36,"170312431001",0.012723,19078.74,4,147500,42476,0,0.0854591836734694,0.21921768707483,0.173639455782313,0.279421768707483,82364.7638950356,8.23647638950356,14.75,0,"2024",NA
2024,36,"170312431002",0.022708,34052.01,5,81439,35661,0,0.0854591836734694,0.21921768707483,0.173639455782313,0.279421768707483,82364.7638950356,8.23647638950356,8.1439,0,"2024",NA
2024,36,"170318315001",0.042749,64106.74,3,78472,20514,0,0.0854591836734694,0.21921768707483,0.173639455782313,0.279421768707483,82364.7638950356,8.23647638950356,7.8472,0,"2024",NA
2024,36,"170318315002",0.026714,40060.31,1,79250,73949,0,0.0854591836734694,0.21921768707483,0.173639455782313,0.279421768707483,82364.7638950356,8.23647638950356,7.925,0,"2024",NA
2024,36,"170318316004",0.00145,2175,2,35764,19558,0,0.0854591836734694,0.21921768707483,0.173639455782313,0.279421768707483,82364.7638950356,8.23647638950356,3.5764,0,"2024",NA
2024,36,"170318316005",0.073113,109640.82,5,82202,66812,0,0.0854591836734694,0.21921768707483,0.173639455782313,0.279421768707483,82364.7638950356,8.23647638950356,8.2202,0,"2024",NA
2024,36,"170318366001",0.015194,22785.64,4,90833,33595,0,0.0854591836734694,0.21921768707483,0.173639455782313,0.279421768707483,82364.7638950356,8.23647638950356,9.0833,0,"2024",NA
2024,37,"170311911005",0.000985,1450,1,60192,17776,0,0.223829143193475,0.25897586815774,0.170268225006306,0.189775498192214,49210.6442663228,4.92106442663228,6.0192,0,"2024",NA
2024,37,"170312312005",0.003315,4880,1,46222,18081,0,0.223829143193475,0.25897586815774,0.170268225006306,0.189775498192214,49210.6442663228,4.92106442663228,4.6222,0,"2024",NA
2024,37,"170312503001",0.286658,422000,1,95789,52882,0,0.223829143193475,0.25897586815774,0.170268225006306,0.189775498192214,49210.6442663228,4.92106442663228,9.5789,0,"2024",NA
2024,37,"170312503004",0.01847,27190.87,5,61875,27346,0,0.223829143193475,0.25897586815774,0.170268225006306,0.189775498192214,49210.6442663228,4.92106442663228,6.1875,0,"2024",NA
2024,37,"170312507003",0.018412,27105.07,1,46772,29447,0,0.223829143193475,0.25897586815774,0.170268225006306,0.189775498192214,49210.6442663228,4.92106442663228,4.6772,0,"2024",NA
2024,37,"170312507004",0.014917,21960,1,58160,13789,0,0.223829143193475,0.25897586815774,0.170268225006306,0.189775498192214,49210.6442663228,4.92106442663228,5.816,0,"2024",NA
2024,37,"170312508001",0.166604,245264.91,5,65488,12141,0,0.223829143193475,0.25897586815774,0.170268225006306,0.189775498192214,49210.6442663228,4.92106442663228,6.5488,0,"2024",NA
2024,37,"170312508002",0.019886,29275.12,2,67896,21371,0,0.223829143193475,0.25897586815774,0.170268225006306,0.189775498192214,49210.6442663228,4.92106442663228,6.7896,0,"2024",NA
2024,37,"170312511002",0.003315,4880,1,42430,20341,0,0.223829143193475,0.25897586815774,0.170268225006306,0.189775498192214,49210.6442663228,4.92106442663228,4.243,0,"2024",NA
2024,37,"170312511003",0.011575,17039.3,2,33415,16497,0,0.223829143193475,0.25897586815774,0.170268225006306,0.189775498192214,49210.6442663228,4.92106442663228,3.3415,0,"2024",NA
2024,37,"170312511004",0.026147,38491.75,3,52672,34852,0,0.223829143193475,0.25897586815774,0.170268225006306,0.189775498192214,49210.6442663228,4.92106442663228,5.2672,0,"2024",NA
2024,37,"170312515001",0.00317,4666.3,1,53644,44333,0,0.223829143193475,0.25897586815774,0.170268225006306,0.189775498192214,49210.6442663228,4.92106442663228,5.3644,0,"2024",NA
2024,37,"170312517001",0.00034,500,1,57037,24302,0,0.223829143193475,0.25897586815774,0.170268225006306,0.189775498192214,49210.6442663228,4.92106442663228,5.7037,0,"2024",NA
2024,37,"170312519002",0.000679,1000,1,57109,15783,0,0.223829143193475,0.25897586815774,0.170268225006306,0.189775498192214,49210.6442663228,4.92106442663228,5.7109,0,"2024",NA
2024,37,"170312519003",0.011543,16992.87,4,30757,18992,0,0.223829143193475,0.25897586815774,0.170268225006306,0.189775498192214,49210.6442663228,4.92106442663228,3.0757,0,"2024",NA
2024,37,"170312519004",0.00051,750,2,29524,18407,0,0.223829143193475,0.25897586815774,0.170268225006306,0.189775498192214,49210.6442663228,4.92106442663228,2.9524,0,"2024",NA
2024,37,"170318313001",0.001657,2440,1,45583,21586,0,0.223829143193475,0.25897586815774,0.170268225006306,0.189775498192214,49210.6442663228,4.92106442663228,4.5583,0,"2024",NA
2024,37,"170318421002",0.044833,66000,1,46719,33313,0,0.223829143193475,0.25897586815774,0.170268225006306,0.189775498192214,49210.6442663228,4.92106442663228,4.6719,0,"2024",NA
2024,37,"170318421005",0.011452,16860.11,2,73487,67789,0,0.223829143193475,0.25897586815774,0.170268225006306,0.189775498192214,49210.6442663228,4.92106442663228,7.3487,0,"2024",NA
2024,38,"170311502001",0.003521,4880,1,125063,37743,0,0.0607534246575342,0.109452054794521,0.14958904109589,0.266164383561644,88538.0336513566,8.85380336513566,12.5063,0,"2024",NA
2024,38,"170311503004",0.017416,24141.25,1,142688,89434,0,0.0607534246575342,0.109452054794521,0.14958904109589,0.266164383561644,88538.0336513566,8.85380336513566,14.2688,0,"2024",NA
2024,38,"170311503005",0.02992,41473.16,2,135058,84503,0,0.0607534246575342,0.109452054794521,0.14958904109589,0.266164383561644,88538.0336513566,8.85380336513566,13.5058,0,"2024",NA
2024,38,"170311504012",0.019425,26925.82,2,92902,27050,0,0.0607534246575342,0.109452054794521,0.14958904109589,0.266164383561644,88538.0336513566,8.85380336513566,9.2902,0,"2024",NA
2024,38,"170311504014",0.003521,4880,1,111827,35008,0,0.0607534246575342,0.109452054794521,0.14958904109589,0.266164383561644,88538.0336513566,8.85380336513566,11.1827,0,"2024",NA
2024,38,"170311505012",0.000476,660,1,154659,30507,0,0.0607534246575342,0.109452054794521,0.14958904109589,0.266164383561644,88538.0336513566,8.85380336513566,15.4659,0,"2024",NA
2024,38,"170311505021",0.023616,32735.67,1,67941,43072,0,0.0607534246575342,0.109452054794521,0.14958904109589,0.266164383561644,88538.0336513566,8.85380336513566,6.7941,0,"2024",NA
2024,38,"170311505022",0.019167,26568.32,1,97045,84751,0,0.0607534246575342,0.109452054794521,0.14958904109589,0.266164383561644,88538.0336513566,8.85380336513566,9.7045,0,"2024",NA
2024,38,"170311505023",0.000361,500,1,69659,13886,0,0.0607534246575342,0.109452054794521,0.14958904109589,0.266164383561644,88538.0336513566,8.85380336513566,6.9659,0,"2024",NA
2024,38,"170311702002",0.050664,70227.37,1,110669,14310,0,0.0607534246575342,0.109452054794521,0.14958904109589,0.266164383561644,88538.0336513566,8.85380336513566,11.0669,0,"2024",NA
2024,38,"170311702003",0.092957,128853.47,4,51466,13928,0,0.0607534246575342,0.109452054794521,0.14958904109589,0.266164383561644,88538.0336513566,8.85380336513566,5.1466,0,"2024",NA
2024,38,"170311704001",0.0441,61128.97,3,87333,27427,0,0.0607534246575342,0.109452054794521,0.14958904109589,0.266164383561644,88538.0336513566,8.85380336513566,8.7333,0,"2024",NA
2024,38,"170311704002",0.042281,58607.89,2,93000,33925,0,0.0607534246575342,0.109452054794521,0.14958904109589,0.266164383561644,88538.0336513566,8.85380336513566,9.3,0,"2024",NA
2024,38,"170311705002",0,0,1,132141,32479,0,0.0607534246575342,0.109452054794521,0.14958904109589,0.266164383561644,88538.0336513566,8.85380336513566,13.2141,0,"2024",NA
2024,38,"170311705003",0.068009,94270.38,3,95529,44486,0,0.0607534246575342,0.109452054794521,0.14958904109589,0.266164383561644,88538.0336513566,8.85380336513566,9.5529,0,"2024",NA
2024,38,"170311705004",0.030076,41690.49,1,49081,43838,0,0.0607534246575342,0.109452054794521,0.14958904109589,0.266164383561644,88538.0336513566,8.85380336513566,4.9081,0,"2024",NA
2024,38,"170311706001",0.095098,131820.43,4,73750,29771,0,0.0607534246575342,0.109452054794521,0.14958904109589,0.266164383561644,88538.0336513566,8.85380336513566,7.375,0,"2024",NA
2024,38,"170311706002",0.000361,500,1,83750,25943,0,0.0607534246575342,0.109452054794521,0.14958904109589,0.266164383561644,88538.0336513566,8.85380336513566,8.375,0,"2024",NA
2024,38,"170311707001",0.040413,56017.93,1,85192,83069,0,0.0607534246575342,0.109452054794521,0.14958904109589,0.266164383561644,88538.0336513566,8.85380336513566,8.5192,0,"2024",NA
2024,38,"170311707003",0.075937,105259.69,3,89306,49406,0,0.0607534246575342,0.109452054794521,0.14958904109589,0.266164383561644,88538.0336513566,8.85380336513566,8.9306,0,"2024",NA
2024,38,"170311708001",0.004017,5568.77,1,101250,28266,0,0.0607534246575342,0.109452054794521,0.14958904109589,0.266164383561644,88538.0336513566,8.85380336513566,10.125,0,"2024",NA
2024,38,"170311708003",0.049991,69294.74,2,68056,17585,0,0.0607534246575342,0.109452054794521,0.14958904109589,0.266164383561644,88538.0336513566,8.85380336513566,6.8056,0,"2024",NA
2024,38,"170311710003",0.03876,53727.89,1,115851,26389,0,0.0607534246575342,0.109452054794521,0.14958904109589,0.266164383561644,88538.0336513566,8.85380336513566,11.5851,0,"2024",NA
2024,38,"170311710005",0.039302,54478.54,2,81385,12790,0,0.0607534246575342,0.109452054794521,0.14958904109589,0.266164383561644,88538.0336513566,8.85380336513566,8.1385,0,"2024",NA
2024,38,"170311710006",0.099069,137324.04,4,108209,22851,0,0.0607534246575342,0.109452054794521,0.14958904109589,0.266164383561644,88538.0336513566,8.85380336513566,10.8209,0,"2024",NA
2024,38,"170317608021",0.062851,87119.59,4,93313,16975,0,0.0607534246575342,0.109452054794521,0.14958904109589,0.266164383561644,88538.0336513566,8.85380336513566,9.3313,0,"2024",NA
2024,39,"170310403001",0.005112,7668.48,1,154412,38968,0.333333333333333,0.079474216380182,0.133602965958881,0.119649477586788,0.226761038085608,96976.7136988952,9.69767136988952,15.4412,5.14706666666667,"2024",NA
2024,39,"170311001002",0.002896,4343.64,1,139306,53509,0.333333333333333,0.079474216380182,0.133602965958881,0.119649477586788,0.226761038085608,96976.7136988952,9.69767136988952,13.9306,4.64353333333333,"2024",NA
2024,39,"170311101001",0.056352,84527.7,4,82016,31590,0.333333333333333,0.079474216380182,0.133602965958881,0.119649477586788,0.226761038085608,96976.7136988952,9.69767136988952,8.2016,2.73386666666667,"2024",NA
2024,39,"170311202002",0.073267,109900.22,1,219408,34393,0.333333333333333,0.079474216380182,0.133602965958881,0.119649477586788,0.226761038085608,96976.7136988952,9.69767136988952,21.9408,7.3136,"2024",NA
2024,39,"170311202003",0.0628,94200.3,2,181449,52850,0.333333333333333,0.079474216380182,0.133602965958881,0.119649477586788,0.226761038085608,96976.7136988952,9.69767136988952,18.1449,6.0483,"2024",NA
2024,39,"170311202004",0.005754,8631.69,1,121458,71182,0.333333333333333,0.079474216380182,0.133602965958881,0.119649477586788,0.226761038085608,96976.7136988952,9.69767136988952,12.1458,4.0486,"2024",NA
2024,39,"170311203001",0.067617,101426.1,2,105833,51689,0.333333333333333,0.079474216380182,0.133602965958881,0.119649477586788,0.226761038085608,96976.7136988952,9.69767136988952,10.5833,3.52776666666667,"2024",NA
2024,39,"170311203003",0.057511,86266.2,2,148388,24210,0.333333333333333,0.079474216380182,0.133602965958881,0.119649477586788,0.226761038085608,96976.7136988952,9.69767136988952,14.8388,4.94626666666667,"2024",NA
2024,39,"170311203004",0.133415,200122.04,5,150000,105630,0.333333333333333,0.079474216380182,0.133602965958881,0.119649477586788,0.226761038085608,96976.7136988952,9.69767136988952,15,5,"2024",NA
2024,39,"170311203006",0.029436,44154.6,1,132000,84159,0.333333333333333,0.079474216380182,0.133602965958881,0.119649477586788,0.226761038085608,96976.7136988952,9.69767136988952,13.2,4.4,"2024",NA
2024,39,"170311204001",0.019037,28554.99,1,164286,90878,0.333333333333333,0.079474216380182,0.133602965958881,0.119649477586788,0.226761038085608,96976.7136988952,9.69767136988952,16.4286,5.4762,"2024",NA
2024,39,"170311204002",0.000333,500,1,103125,29931,0.333333333333333,0.079474216380182,0.133602965958881,0.119649477586788,0.226761038085608,96976.7136988952,9.69767136988952,10.3125,3.4375,"2024",NA
2024,39,"170311301002",0.060355,90532.42,2,21779,3445,0.333333333333333,0.079474216380182,0.133602965958881,0.119649477586788,0.226761038085608,96976.7136988952,9.69767136988952,2.1779,0.725966666666667,"2024",NA
2024,39,"170311302001",0.0012,1800,1,103611,44856,0.333333333333333,0.079474216380182,0.133602965958881,0.119649477586788,0.226761038085608,96976.7136988952,9.69767136988952,10.3611,3.4537,"2024",NA
2024,39,"170311403023",0.090438,135656.25,2,84792,55003,0.333333333333333,0.079474216380182,0.133602965958881,0.119649477586788,0.226761038085608,96976.7136988952,9.69767136988952,8.4792,2.8264,"2024",NA
2024,39,"170311404001",0.000333,500,1,60982,59429,0.333333333333333,0.079474216380182,0.133602965958881,0.119649477586788,0.226761038085608,96976.7136988952,9.69767136988952,6.0982,2.03273333333333,"2024",NA
2024,39,"170311404005",0.04126,61889.83,1,117917,40560,0.333333333333333,0.079474216380182,0.133602965958881,0.119649477586788,0.226761038085608,96976.7136988952,9.69767136988952,11.7917,3.93056666666667,"2024",NA
2024,39,"170311405001",0.014188,21281.52,1,77702,31411,0.333333333333333,0.079474216380182,0.133602965958881,0.119649477586788,0.226761038085608,96976.7136988952,9.69767136988952,7.7702,2.59006666666667,"2024",NA
2024,39,"170311406011",0.025848,38771.96,1,81833,44240,0.333333333333333,0.079474216380182,0.133602965958881,0.119649477586788,0.226761038085608,96976.7136988952,9.69767136988952,8.1833,2.72776666666667,"2024",NA
2024,39,"170311602001",0.035212,52817.53,1,95800,46060,0.333333333333333,0.079474216380182,0.133602965958881,0.119649477586788,0.226761038085608,96976.7136988952,9.69767136988952,9.58,3.19333333333333,"2024",NA
2024,39,"170311602002",0.001467,2200,1,128649,12002,0.333333333333333,0.079474216380182,0.133602965958881,0.119649477586788,0.226761038085608,96976.7136988952,9.69767136988952,12.8649,4.2883,"2024",NA
2024,39,"170311602003",0.035212,52817.74,1,250001,NA,0.333333333333333,0.079474216380182,0.133602965958881,0.119649477586788,0.226761038085608,96976.7136988952,9.69767136988952,25.0001,8.33336666666667,"2024",NA
2024,39,"170311602004",0.046209,69313.32,1,102119,54738,0.333333333333333,0.079474216380182,0.133602965958881,0.119649477586788,0.226761038085608,96976.7136988952,9.69767136988952,10.2119,3.40396666666667,"2024",NA
2024,39,"170318318004",0.008847,13270.49,1,95450,57164,0.333333333333333,0.079474216380182,0.133602965958881,0.119649477586788,0.226761038085608,96976.7136988952,9.69767136988952,9.545,3.18166666666667,"2024",NA
2024,40,"170310203022",0.023105,34656.86,1,97993,64171,0.666666666666667,0.0890926018763876,0.163575162930602,0.13743464871446,0.246508629950584,78851.8845224198,7.88518845224198,9.7993,6.53286666666667,"2024",NA
2024,40,"170310203023",0.012818,19227.19,1,72330,21211,0.666666666666667,0.0890926018763876,0.163575162930602,0.13743464871446,0.246508629950584,78851.8845224198,7.88518845224198,7.233,4.822,"2024",NA
2024,40,"170310204003",0.004976,7463.58,1,74205,37872,0.666666666666667,0.0890926018763876,0.163575162930602,0.13743464871446,0.246508629950584,78851.8845224198,7.88518845224198,7.4205,4.947,"2024",NA
2024,40,"170310205001",0.017023,25534.31,1,45208,15517,0.666666666666667,0.0890926018763876,0.163575162930602,0.13743464871446,0.246508629950584,78851.8845224198,7.88518845224198,4.5208,3.01386666666667,"2024",NA
2024,40,"170310207023",0.088711,133065.98,2,67300,38217,0.666666666666667,0.0890926018763876,0.163575162930602,0.13743464871446,0.246508629950584,78851.8845224198,7.88518845224198,6.73,4.48666666666667,"2024",NA
2024,40,"170310208011",0.005971,8956.78,2,55707,22839,0.666666666666667,0.0890926018763876,0.163575162930602,0.13743464871446,0.246508629950584,78851.8845224198,7.88518845224198,5.5707,3.7138,"2024",NA
2024,40,"170310208014",0.01157,17355.17,1,58516,48345,0.666666666666667,0.0890926018763876,0.163575162930602,0.13743464871446,0.246508629950584,78851.8845224198,7.88518845224198,5.8516,3.90106666666667,"2024",NA
2024,40,"170310208021",0.03068,46019.15,2,110278,33504,0.666666666666667,0.0890926018763876,0.163575162930602,0.13743464871446,0.246508629950584,78851.8845224198,7.88518845224198,11.0278,7.35186666666667,"2024",NA
2024,40,"170310208022",0.003576,5364.53,1,58791,17595,0.666666666666667,0.0890926018763876,0.163575162930602,0.13743464871446,0.246508629950584,78851.8845224198,7.88518845224198,5.8791,3.9194,"2024",NA
2024,40,"170310208024",0.015351,23026.39,2,66085,27472,0.666666666666667,0.0890926018763876,0.163575162930602,0.13743464871446,0.246508629950584,78851.8845224198,7.88518845224198,6.6085,4.40566666666667,"2024",NA
2024,40,"170310209011",0.040183,60275.05,1,50732,11909,0.666666666666667,0.0890926018763876,0.163575162930602,0.13743464871446,0.246508629950584,78851.8845224198,7.88518845224198,5.0732,3.38213333333333,"2024",NA
2024,40,"170310209021",0.008832,13248.26,1,42452,18572,0.666666666666667,0.0890926018763876,0.163575162930602,0.13743464871446,0.246508629950584,78851.8845224198,7.88518845224198,4.2452,2.83013333333333,"2024",NA
2024,40,"170310304001",0.00145,2175,1,95703,31719,0.666666666666667,0.0890926018763876,0.163575162930602,0.13743464871446,0.246508629950584,78851.8845224198,7.88518845224198,9.5703,6.3802,"2024",NA
2024,40,"170310309001",0.00044,660,1,95227,54206,0.666666666666667,0.0890926018763876,0.163575162930602,0.13743464871446,0.246508629950584,78851.8845224198,7.88518845224198,9.5227,6.34846666666667,"2024",NA
2024,40,"170310310002",0.001627,2440,1,144513,40207,0.666666666666667,0.0890926018763876,0.163575162930602,0.13743464871446,0.246508629950584,78851.8845224198,7.88518845224198,14.4513,9.6342,"2024",NA
2024,40,"170310401001",0.025794,38690.91,1,97244,23463,0.666666666666667,0.0890926018763876,0.163575162930602,0.13743464871446,0.246508629950584,78851.8845224198,7.88518845224198,9.7244,6.48293333333333,"2024",NA
2024,40,"170310401002",0.018275,27412.87,3,62885,17223,0.666666666666667,0.0890926018763876,0.163575162930602,0.13743464871446,0.246508629950584,78851.8845224198,7.88518845224198,6.2885,4.19233333333333,"2024",NA
2024,40,"170310401003",0.05163,77444.47,4,153750,74124,0.666666666666667,0.0890926018763876,0.163575162930602,0.13743464871446,0.246508629950584,78851.8845224198,7.88518845224198,15.375,10.25,"2024",NA
2024,40,"170310402011",0.055129,82693.03,1,119079,43705,0.666666666666667,0.0890926018763876,0.163575162930602,0.13743464871446,0.246508629950584,78851.8845224198,7.88518845224198,11.9079,7.9386,"2024",NA
2024,40,"170310402014",0.119732,179597.39,3,119839,27338,0.666666666666667,0.0890926018763876,0.163575162930602,0.13743464871446,0.246508629950584,78851.8845224198,7.88518845224198,11.9839,7.98926666666667,"2024",NA
2024,40,"170310402022",0.067306,100959.53,2,59786,20197,0.666666666666667,0.0890926018763876,0.163575162930602,0.13743464871446,0.246508629950584,78851.8845224198,7.88518845224198,5.9786,3.98573333333333,"2024",NA
2024,40,"170310403003",0.218417,327625,3,121552,28792,0.666666666666667,0.0890926018763876,0.163575162930602,0.13743464871446,0.246508629950584,78851.8845224198,7.88518845224198,12.1552,8.10346666666667,"2024",NA
2024,40,"170310404021",0.025184,37776.48,1,86625,60314,0.666666666666667,0.0890926018763876,0.163575162930602,0.13743464871446,0.246508629950584,78851.8845224198,7.88518845224198,8.6625,5.775,"2024",NA
2024,40,"170310404022",0.025417,38126.48,2,105500,51297,0.666666666666667,0.0890926018763876,0.163575162930602,0.13743464871446,0.246508629950584,78851.8845224198,7.88518845224198,10.55,7.03333333333333,"2024",NA
2024,40,"170310408001",0.000242,362.5,1,132946,31354,0.666666666666667,0.0890926018763876,0.163575162930602,0.13743464871446,0.246508629950584,78851.8845224198,7.88518845224198,13.2946,8.86306666666667,"2024",NA
2024,40,"170311408005",0.04194,62909.58,3,83881,17900,0.666666666666667,0.0890926018763876,0.163575162930602,0.13743464871446,0.246508629950584,78851.8845224198,7.88518845224198,8.3881,5.59206666666667,"2024",NA
2024,41,"170310901003",0.000577,864,1,162917,71139,0,0.0605648600210123,0.0972745812990544,0.132995488535937,0.222421358383289,105464.363855288,10.5464363855288,16.2917,0,"2024",NA
2024,41,"170310902004",0.054808,82111.82,4,112125,45707,0,0.0605648600210123,0.0972745812990544,0.132995488535937,0.222421358383289,105464.363855288,10.5464363855288,11.2125,0,"2024",NA
2024,41,"170311002004",0.111228,166642.05,1,84292,37002,0,0.0605648600210123,0.0972745812990544,0.132995488535937,0.222421358383289,105464.363855288,10.5464363855288,8.4292,0,"2024",NA
2024,41,"170311002007",0.001629,2440,1,129872,75127,0,0.0605648600210123,0.0972745812990544,0.132995488535937,0.222421358383289,105464.363855288,10.5464363855288,12.9872,0,"2024",NA
2024,41,"170311003001",0.091339,136844.86,2,201016,82195,0,0.0605648600210123,0.0972745812990544,0.132995488535937,0.222421358383289,105464.363855288,10.5464363855288,20.1016,0,"2024",NA
2024,41,"170311004002",0.089002,133344.56,2,172500,47340,0,0.0605648600210123,0.0972745812990544,0.132995488535937,0.222421358383289,105464.363855288,10.5464363855288,17.25,0,"2024",NA
2024,41,"170311004003",0.131024,196300.42,4,138468,11101,0,0.0605648600210123,0.0972745812990544,0.132995488535937,0.222421358383289,105464.363855288,10.5464363855288,13.8468,0,"2024",NA
2024,41,"170311005001",0.013673,20485.02,1,114215,17004,0,0.0605648600210123,0.0972745812990544,0.132995488535937,0.222421358383289,105464.363855288,10.5464363855288,11.4215,0,"2024",NA
2024,41,"170311006001",0.096464,144522.9,2,91274,21069,0,0.0605648600210123,0.0972745812990544,0.132995488535937,0.222421358383289,105464.363855288,10.5464363855288,9.1274,0,"2024",NA
2024,41,"170311006004",0.090936,136241.25,3,97575,42696,0,0.0605648600210123,0.0972745812990544,0.132995488535937,0.222421358383289,105464.363855288,10.5464363855288,9.7575,0,"2024",NA
2024,41,"170311007002",0.088366,132391.73,2,120197,53130,0,0.0605648600210123,0.0972745812990544,0.132995488535937,0.222421358383289,105464.363855288,10.5464363855288,12.0197,0,"2024",NA
2024,41,"170311007003",0.035095,52578.89,1,138342,19080,0,0.0605648600210123,0.0972745812990544,0.132995488535937,0.222421358383289,105464.363855288,10.5464363855288,13.8342,0,"2024",NA
2024,41,"170311007004",0.027023,40486.75,1,104111,46341,0,0.0605648600210123,0.0972745812990544,0.132995488535937,0.222421358383289,105464.363855288,10.5464363855288,10.4111,0,"2024",NA
2024,42,"170310306042",0.01849,23536.35,1,68447,25836,0,0.0234274952919021,0.0473822975517891,0.0281732580037665,0.112241054613936,136642.130783219,13.6642130783219,6.8447,0,"2024",NA
2024,42,"170310811001",0.028385,36131.43,5,96077,15840,0,0.0234274952919021,0.0473822975517891,0.0281732580037665,0.112241054613936,136642.130783219,13.6642130783219,9.6077,0,"2024",NA
2024,42,"170310812012",0.020319,25864.25,2,134187,12484,0,0.0234274952919021,0.0473822975517891,0.0281732580037665,0.112241054613936,136642.130783219,13.6642130783219,13.4187,0,"2024",NA
2024,42,"170310812013",0.001918,2441.68,1,158750,99476,0,0.0234274952919021,0.0473822975517891,0.0281732580037665,0.112241054613936,136642.130783219,13.6642130783219,15.875,0,"2024",NA
2024,42,"170310812022",0.087963,111969.34,1,176850,172967,0,0.0234274952919021,0.0473822975517891,0.0281732580037665,0.112241054613936,136642.130783219,13.6642130783219,17.685,0,"2024",NA
2024,42,"170310814021",0.12266,156136.24,3,142306,52442,0,0.0234274952919021,0.0473822975517891,0.0281732580037665,0.112241054613936,136642.130783219,13.6642130783219,14.2306,0,"2024",NA
2024,42,"170310814031",0.246261,313468.39,4,125360,26733,0,0.0234274952919021,0.0473822975517891,0.0281732580037665,0.112241054613936,136642.130783219,13.6642130783219,12.536,0,"2024",NA
2024,42,"170310815001",0.028961,36864.44,1,195349,63599,0,0.0234274952919021,0.0473822975517891,0.0281732580037665,0.112241054613936,136642.130783219,13.6642130783219,19.5349,0,"2024",NA
2024,42,"170310815003",0.022789,29008.51,2,113750,25070,0,0.0234274952919021,0.0473822975517891,0.0281732580037665,0.112241054613936,136642.130783219,13.6642130783219,11.375,0,"2024",NA
2024,42,"170310816001",0.015723,20013.84,1,142258,40491,0,0.0234274952919021,0.0473822975517891,0.0281732580037665,0.112241054613936,136642.130783219,13.6642130783219,14.2258,0,"2024",NA
2024,42,"170310817001",0.043136,54909.4,3,97944,38477,0,0.0234274952919021,0.0473822975517891,0.0281732580037665,0.112241054613936,136642.130783219,13.6642130783219,9.7944,0,"2024",NA
2024,42,"170310817002",0.0886,112781.57,4,140826,13697,0,0.0234274952919021,0.0473822975517891,0.0281732580037665,0.112241054613936,136642.130783219,13.6642130783219,14.0826,0,"2024",NA
2024,42,"170310818001",0.033108,42143.77,1,197768,70300,0,0.0234274952919021,0.0473822975517891,0.0281732580037665,0.112241054613936,136642.130783219,13.6642130783219,19.7768,0,"2024",NA
2024,42,"170310818002",0.098835,125808.14,3,136155,59085,0,0.0234274952919021,0.0473822975517891,0.0281732580037665,0.112241054613936,136642.130783219,13.6642130783219,13.6155,0,"2024",NA
2024,42,"170310818003",0.049881,63494.2,1,202625,87736,0,0.0234274952919021,0.0473822975517891,0.0281732580037665,0.112241054613936,136642.130783219,13.6642130783219,20.2625,0,"2024",NA
2024,42,"170310818004",0.000443,563.44,1,170282,76654,0,0.0234274952919021,0.0473822975517891,0.0281732580037665,0.112241054613936,136642.130783219,13.6642130783219,17.0282,0,"2024",NA
2024,42,"170313201011",0.01849,23536.35,1,158230,58988,0,0.0234274952919021,0.0473822975517891,0.0281732580037665,0.112241054613936,136642.130783219,13.6642130783219,15.823,0,"2024",NA
2024,42,"170313201021",0.062174,79142.76,4,106980,17178,0,0.0234274952919021,0.0473822975517891,0.0281732580037665,0.112241054613936,136642.130783219,13.6642130783219,10.698,0,"2024",NA
2024,43,"170310701011",0.02,30000,1,74442,44973,0,0.0293088363954506,0.032917760279965,0.0365266841644794,0.12237532808399,148068.905169941,14.8068905169941,7.4442,0,"2024",NA
2024,43,"170310701013",0.196805,295206.91,1,98750,17038,0,0.0293088363954506,0.032917760279965,0.0365266841644794,0.12237532808399,148068.905169941,14.8068905169941,9.875,0,"2024",NA
2024,43,"170310703001",0.012193,18289.55,1,167813,52642,0,0.0293088363954506,0.032917760279965,0.0365266841644794,0.12237532808399,148068.905169941,14.8068905169941,16.7813,0,"2024",NA
2024,43,"170310704002",0.02044,30660,2,226806,187060,0,0.0293088363954506,0.032917760279965,0.0365266841644794,0.12237532808399,148068.905169941,14.8068905169941,22.6806,0,"2024",NA
2024,43,"170310705002",0.02,30000,1,120433,64164,0,0.0293088363954506,0.032917760279965,0.0365266841644794,0.12237532808399,148068.905169941,14.8068905169941,12.0433,0,"2024",NA
2024,43,"170310710001",0.054366,81549.46,1,158214,90629,0,0.0293088363954506,0.032917760279965,0.0365266841644794,0.12237532808399,148068.905169941,14.8068905169941,15.8214,0,"2024",NA
2024,43,"170310711001",0.4,6e+05,1,232431,56903,0,0.0293088363954506,0.032917760279965,0.0365266841644794,0.12237532808399,148068.905169941,14.8068905169941,23.2431,0,"2024",NA
2024,43,"170310712001",0.051003,76505.82,3,116083,54849,0,0.0293088363954506,0.032917760279965,0.0365266841644794,0.12237532808399,148068.905169941,14.8068905169941,11.6083,0,"2024",NA
2024,43,"170310714002",0.018337,27504.91,1,124336,33602,0,0.0293088363954506,0.032917760279965,0.0365266841644794,0.12237532808399,148068.905169941,14.8068905169941,12.4336,0,"2024",NA
2024,43,"170310715006",0.015663,23493.92,1,160735,86570,0,0.0293088363954506,0.032917760279965,0.0365266841644794,0.12237532808399,148068.905169941,14.8068905169941,16.0735,0,"2024",NA
2024,43,"170310716001",0.145201,217801.84,3,242250,64418,0,0.0293088363954506,0.032917760279965,0.0365266841644794,0.12237532808399,148068.905169941,14.8068905169941,24.225,0,"2024",NA
2024,43,"170310718001",0.003698,5547.37,1,232616,51266,0,0.0293088363954506,0.032917760279965,0.0365266841644794,0.12237532808399,148068.905169941,14.8068905169941,23.2616,0,"2024",NA
2024,43,"170310801006",0.019017,28525.5,1,228389,21970,0,0.0293088363954506,0.032917760279965,0.0365266841644794,0.12237532808399,148068.905169941,14.8068905169941,22.8389,0,"2024",NA
2024,43,"170310802013",0.018171,27257,1,95313,82370,0,0.0293088363954506,0.032917760279965,0.0365266841644794,0.12237532808399,148068.905169941,14.8068905169941,9.5313,0,"2024",NA
2024,43,"170318326002",0.000341,511.71,1,250001,NA,0,0.0293088363954506,0.032917760279965,0.0365266841644794,0.12237532808399,148068.905169941,14.8068905169941,25.0001,0,"2024",NA
2024,44,"170310605001",0.17709,246978.85,7,60987,22761,0,0.0425880425880426,0.0325260325260325,0.0515970515970516,0.108927108927109,114552.509751402,11.4552509751402,6.0987,0,"2024",NA
2024,44,"170310610001",0.0176,24545.74,2,116500,17238,0,0.0425880425880426,0.0325260325260325,0.0515970515970516,0.108927108927109,114552.509751402,11.4552509751402,11.65,0,"2024",NA
2024,44,"170310611001",0.025171,35104.18,1,123750,44666,0,0.0425880425880426,0.0325260325260325,0.0515970515970516,0.108927108927109,114552.509751402,11.4552509751402,12.375,0,"2024",NA
2024,44,"170310612001",0.107831,150387.49,7,118398,7904,0,0.0425880425880426,0.0325260325260325,0.0515970515970516,0.108927108927109,114552.509751402,11.4552509751402,11.8398,0,"2024",NA
2024,44,"170310615001",0.072457,101053.25,3,126101,11343,0,0.0425880425880426,0.0325260325260325,0.0515970515970516,0.108927108927109,114552.509751402,11.4552509751402,12.6101,0,"2024",NA
2024,44,"170310620001",0.059191,82550,3,109375,40652,0,0.0425880425880426,0.0325260325260325,0.0515970515970516,0.108927108927109,114552.509751402,11.4552509751402,10.9375,0,"2024",NA
2024,44,"170310621003",0.187407,261367.02,3,108520,57257,0,0.0425880425880426,0.0325260325260325,0.0515970515970516,0.108927108927109,114552.509751402,11.4552509751402,10.852,0,"2024",NA
2024,44,"170310622002",0.020438,28504.86,2,161429,31449,0,0.0425880425880426,0.0325260325260325,0.0515970515970516,0.108927108927109,114552.509751402,11.4552509751402,16.1429,0,"2024",NA
2024,44,"170310623001",0.03611,50359.92,2,244286,13637,0,0.0425880425880426,0.0325260325260325,0.0515970515970516,0.108927108927109,114552.509751402,11.4552509751402,24.4286,0,"2024",NA
2024,44,"170310629001",0.039184,54649.32,4,162875,21795,0,0.0425880425880426,0.0325260325260325,0.0515970515970516,0.108927108927109,114552.509751402,11.4552509751402,16.2875,0,"2024",NA
2024,44,"170310629003",0.034667,48347.91,2,189462,23394,0,0.0425880425880426,0.0325260325260325,0.0515970515970516,0.108927108927109,114552.509751402,11.4552509751402,18.9462,0,"2024",NA
2024,44,"170310630002",0.049586,69154.7,3,126635,63903,0,0.0425880425880426,0.0325260325260325,0.0515970515970516,0.108927108927109,114552.509751402,11.4552509751402,12.6635,0,"2024",NA
2024,44,"170310633012",0.006011,8383.44,1,83125,20409,0,0.0425880425880426,0.0325260325260325,0.0515970515970516,0.108927108927109,114552.509751402,11.4552509751402,8.3125,0,"2024",NA
2024,44,"170310633023",0.00104,1450,1,63011,10323,0,0.0425880425880426,0.0325260325260325,0.0515970515970516,0.108927108927109,114552.509751402,11.4552509751402,6.3011,0,"2024",NA
2024,44,"170310634002",0.020862,29095.21,1,123889,44374,0,0.0425880425880426,0.0325260325260325,0.0515970515970516,0.108927108927109,114552.509751402,11.4552509751402,12.3889,0,"2024",NA
2024,44,"170310814021",0.071703,1e+05,1,142306,52442,0,0.0425880425880426,0.0325260325260325,0.0515970515970516,0.108927108927109,114552.509751402,11.4552509751402,14.2306,0,"2024",NA
2024,44,"170318319001",0.048298,67358.24,1,139125,50454,0,0.0425880425880426,0.0325260325260325,0.0515970515970516,0.108927108927109,114552.509751402,11.4552509751402,13.9125,0,"2024",NA
2024,44,"170318320001",0.00078,1087.5,1,146944,31494,0,0.0425880425880426,0.0325260325260325,0.0515970515970516,0.108927108927109,114552.509751402,11.4552509751402,14.6944,0,"2024",NA
2024,45,"170311001004",0.013769,20553.65,2,93370,39703,0,0.0722336428723329,0.120507549443539,0.107535266179911,0.249237966966754,100745.215425526,10.0745215425526,9.337,0,"2024",NA
2024,45,"170311101001",0.037015,55254.58,1,82016,31590,0,0.0722336428723329,0.120507549443539,0.107535266179911,0.249237966966754,100745.215425526,10.0745215425526,8.2016,0,"2024",NA
2024,45,"170311101002",0.027042,40366.95,2,84076,38769,0,0.0722336428723329,0.120507549443539,0.107535266179911,0.249237966966754,100745.215425526,10.0745215425526,8.4076,0,"2024",NA
2024,45,"170311102001",0.057194,85377.18,3,73750,56413,0,0.0722336428723329,0.120507549443539,0.107535266179911,0.249237966966754,100745.215425526,10.0745215425526,7.375,0,"2024",NA
2024,45,"170311103001",0.013769,20553.65,2,152891,46873,0,0.0722336428723329,0.120507549443539,0.107535266179911,0.249237966966754,100745.215425526,10.0745215425526,15.2891,0,"2024",NA
2024,45,"170311103002",0.000335,500,1,119828,33354,0,0.0722336428723329,0.120507549443539,0.107535266179911,0.249237966966754,100745.215425526,10.0745215425526,11.9828,0,"2024",NA
2024,45,"170311105014",0.074632,111408.09,2,99145,20217,0,0.0722336428723329,0.120507549443539,0.107535266179911,0.249237966966754,100745.215425526,10.0745215425526,9.9145,0,"2024",NA
2024,45,"170311105021",0.000335,500,1,72949,24685,0,0.0722336428723329,0.120507549443539,0.107535266179911,0.249237966966754,100745.215425526,10.0745215425526,7.2949,0,"2024",NA
2024,45,"170311201001",0.282901,422300.32,5,168477,34456,0,0.0722336428723329,0.120507549443539,0.107535266179911,0.249237966966754,100745.215425526,10.0745215425526,16.8477,0,"2024",NA
2024,45,"170311201002",0.139931,208882.52,3,170795,55512,0,0.0722336428723329,0.120507549443539,0.107535266179911,0.249237966966754,100745.215425526,10.0745215425526,17.0795,0,"2024",NA
2024,45,"170311201003",0.026153,39039.27,6,161875,88765,0,0.0722336428723329,0.120507549443539,0.107535266179911,0.249237966966754,100745.215425526,10.0745215425526,16.1875,0,"2024",NA
2024,45,"170311201004",0.103083,153876.28,7,140233,38217,0,0.0722336428723329,0.120507549443539,0.107535266179911,0.249237966966754,100745.215425526,10.0745215425526,14.0233,0,"2024",NA
2024,45,"170311202001",0.038397,57318.2,2,121597,42596,0,0.0722336428723329,0.120507549443539,0.107535266179911,0.249237966966754,100745.215425526,10.0745215425526,12.1597,0,"2024",NA
2024,45,"170311202002",0.051104,76285.45,1,219408,34393,0,0.0722336428723329,0.120507549443539,0.107535266179911,0.249237966966754,100745.215425526,10.0745215425526,21.9408,0,"2024",NA
2024,45,"170311204002",0.003269,4880,1,103125,29931,0,0.0722336428723329,0.120507549443539,0.107535266179911,0.249237966966754,100745.215425526,10.0745215425526,10.3125,0,"2024",NA
2024,45,"170311502002",0.001457,2175,1,92689,52377,0,0.0722336428723329,0.120507549443539,0.107535266179911,0.249237966966754,100745.215425526,10.0745215425526,9.2689,0,"2024",NA
2024,45,"170311502005",0.012483,18633.4,1,118864,43552,0,0.0722336428723329,0.120507549443539,0.107535266179911,0.249237966966754,100745.215425526,10.0745215425526,11.8864,0,"2024",NA
2024,45,"170311602004",0.095041,141873.42,2,102119,54738,0,0.0722336428723329,0.120507549443539,0.107535266179911,0.249237966966754,100745.215425526,10.0745215425526,10.2119,0,"2024",NA
2024,45,"170311604002",0.003269,4880,1,74948,35001,0,0.0722336428723329,0.120507549443539,0.107535266179911,0.249237966966754,100745.215425526,10.0745215425526,7.4948,0,"2024",NA
2024,46,"170310312001",0.041003,58646.21,2,64176,12074,0,0.149429807314196,0.146021759077205,0.106829204351815,0.16764975750426,76047.3951987084,7.60473951987084,6.4176,0,"2024",NA
2024,46,"170310314001",0.009113,13034.08,1,100714,13434,0,0.149429807314196,0.146021759077205,0.106829204351815,0.16764975750426,76047.3951987084,7.60473951987084,10.0714,0,"2024",NA
2024,46,"170310314002",0.000313,447.85,1,73262,11070,0,0.149429807314196,0.146021759077205,0.106829204351815,0.16764975750426,76047.3951987084,7.60473951987084,7.3262,0,"2024",NA
2024,46,"170310314003",0.09735,139236.72,1,91424,24139,0,0.149429807314196,0.146021759077205,0.106829204351815,0.16764975750426,76047.3951987084,7.60473951987084,9.1424,0,"2024",NA
2024,46,"170310314004",0.021255,30400.61,2,91123,21228,0,0.149429807314196,0.146021759077205,0.106829204351815,0.16764975750426,76047.3951987084,7.60473951987084,9.1123,0,"2024",NA
2024,46,"170310314005",0.051515,73681.26,4,62248,60703,0,0.149429807314196,0.146021759077205,0.106829204351815,0.16764975750426,76047.3951987084,7.60473951987084,6.2248,0,"2024",NA
2024,46,"170310315013",0.100574,143848.71,5,34570,31930,0,0.149429807314196,0.146021759077205,0.106829204351815,0.16764975750426,76047.3951987084,7.60473951987084,3.457,0,"2024",NA
2024,46,"170310315022",0.016561,23687.23,1,48386,34784,0,0.149429807314196,0.146021759077205,0.106829204351815,0.16764975750426,76047.3951987084,7.60473951987084,4.8386,0,"2024",NA
2024,46,"170310317001",0.01166,16678.19,2,75662,34378,0,0.149429807314196,0.146021759077205,0.106829204351815,0.16764975750426,76047.3951987084,7.60473951987084,7.5662,0,"2024",NA
2024,46,"170310317003",0.193978,277441.6,1,64388,21376,0,0.149429807314196,0.146021759077205,0.106829204351815,0.16764975750426,76047.3951987084,7.60473951987084,6.4388,0,"2024",NA
2024,46,"170310321002",0.011448,16373.86,1,80878,35290,0,0.149429807314196,0.146021759077205,0.106829204351815,0.16764975750426,76047.3951987084,7.60473951987084,8.0878,0,"2024",NA
2024,46,"170310321004",0.012124,17340.95,1,56293,26717,0,0.149429807314196,0.146021759077205,0.106829204351815,0.16764975750426,76047.3951987084,7.60473951987084,5.6293,0,"2024",NA
2024,46,"170310604001",0.046984,67200,2,96472,50191,0,0.149429807314196,0.146021759077205,0.106829204351815,0.16764975750426,76047.3951987084,7.60473951987084,9.6472,0,"2024",NA
2024,46,"170310604003",0.084215,120451.21,1,207572,51118,0,0.149429807314196,0.146021759077205,0.106829204351815,0.16764975750426,76047.3951987084,7.60473951987084,20.7572,0,"2024",NA
2024,46,"170310608001",0.048942,70000,1,102879,13121,0,0.149429807314196,0.146021759077205,0.106829204351815,0.16764975750426,76047.3951987084,7.60473951987084,10.2879,0,"2024",NA
2024,46,"170310609001",0.001258,1800,1,89455,6679,0,0.149429807314196,0.146021759077205,0.106829204351815,0.16764975750426,76047.3951987084,7.60473951987084,8.9455,0,"2024",NA
2024,46,"170310609005",0.075698,108269.57,1,78647,25799,0,0.149429807314196,0.146021759077205,0.106829204351815,0.16764975750426,76047.3951987084,7.60473951987084,7.8647,0,"2024",NA
2024,46,"170310610001",0.021689,31020.4,3,116500,17238,0,0.149429807314196,0.146021759077205,0.106829204351815,0.16764975750426,76047.3951987084,7.60473951987084,11.65,0,"2024",NA
2024,46,"170318307002",0.01234,17650.32,1,96087,43854,0,0.149429807314196,0.146021759077205,0.106829204351815,0.16764975750426,76047.3951987084,7.60473951987084,9.6087,0,"2024",NA
2024,46,"170318307004",0.001706,2440,1,72917,33934,0,0.149429807314196,0.146021759077205,0.106829204351815,0.16764975750426,76047.3951987084,7.60473951987084,7.2917,0,"2024",NA
2024,46,"170318321001",0.069917,1e+05,1,52126,34900,0,0.149429807314196,0.146021759077205,0.106829204351815,0.16764975750426,76047.3951987084,7.60473951987084,5.2126,0,"2024",NA
2024,47,"170310310002",0.001777,2440,1,144513,40207,0.116666666666667,0.0296630280018984,0.0448504983388704,0.0654168644201867,0.157886410378105,116673.972372262,11.6673972372262,14.4513,1.685985,"2024",NA
2024,47,"170310310003",0.00982,13486.57,2,87384,25392,0.116666666666667,0.0296630280018984,0.0448504983388704,0.0654168644201867,0.157886410378105,116673.972372262,11.6673972372262,8.7384,1.01948,"2024",NA
2024,47,"170310319001",0.001774,2436.9,1,83036,21343,0.116666666666667,0.0296630280018984,0.0448504983388704,0.0654168644201867,0.157886410378105,116673.972372262,11.6673972372262,8.3036,0.968753333333333,"2024",NA
2024,47,"170310319002",0.007013,9631.87,2,119625,52868,0.116666666666667,0.0296630280018984,0.0448504983388704,0.0654168644201867,0.157886410378105,116673.972372262,11.6673972372262,11.9625,1.395625,"2024",NA
2024,47,"170310404023",0.076816,105500,2,126302,70990,0.116666666666667,0.0296630280018984,0.0448504983388704,0.0654168644201867,0.157886410378105,116673.972372262,11.6673972372262,12.6302,1.47352333333333,"2024",NA
2024,47,"170310406002",0.017911,24600,3,87350,66627,0.116666666666667,0.0296630280018984,0.0448504983388704,0.0654168644201867,0.157886410378105,116673.972372262,11.6673972372262,8.735,1.01908333333333,"2024",NA
2024,47,"170310406003",0.146207,200803.24,2,103208,86931,0.116666666666667,0.0296630280018984,0.0448504983388704,0.0654168644201867,0.157886410378105,116673.972372262,11.6673972372262,10.3208,1.20409333333333,"2024",NA
2024,47,"170310407003",0.004917,6752.81,1,129712,33712,0.116666666666667,0.0296630280018984,0.0448504983388704,0.0654168644201867,0.157886410378105,116673.972372262,11.6673972372262,12.9712,1.51330666666667,"2024",NA
2024,47,"170310408001",0.053153,73001.41,2,132946,31354,0.116666666666667,0.0296630280018984,0.0448504983388704,0.0654168644201867,0.157886410378105,116673.972372262,11.6673972372262,13.2946,1.55103666666667,"2024",NA
2024,47,"170310408002",0.031117,42737.22,3,100192,34799,0.116666666666667,0.0296630280018984,0.0448504983388704,0.0654168644201867,0.157886410378105,116673.972372262,11.6673972372262,10.0192,1.16890666666667,"2024",NA
2024,47,"170310409001",0.062836,86300.9,3,84079,31164,0.116666666666667,0.0296630280018984,0.0448504983388704,0.0654168644201867,0.157886410378105,116673.972372262,11.6673972372262,8.4079,0.980921666666667,"2024",NA
2024,47,"170310409002",0.009174,12600,2,103250,28896,0.116666666666667,0.0296630280018984,0.0448504983388704,0.0654168644201867,0.157886410378105,116673.972372262,11.6673972372262,10.325,1.20458333333333,"2024",NA
2024,47,"170310501001",0.001777,2440,1,112639,48046,0.116666666666667,0.0296630280018984,0.0448504983388704,0.0654168644201867,0.157886410378105,116673.972372262,11.6673972372262,11.2639,1.31412166666667,"2024",NA
2024,47,"170310502001",0.003553,4880,1,172109,138846,0.116666666666667,0.0296630280018984,0.0448504983388704,0.0654168644201867,0.157886410378105,116673.972372262,11.6673972372262,17.2109,2.00793833333333,"2024",NA
2024,47,"170310502003",0.015868,21794.17,2,97091,15714,0.116666666666667,0.0296630280018984,0.0448504983388704,0.0654168644201867,0.157886410378105,116673.972372262,11.6673972372262,9.7091,1.13272833333333,"2024",NA
2024,47,"170310503001",0.130367,179048.72,5,101458,36176,0.116666666666667,0.0296630280018984,0.0448504983388704,0.0654168644201867,0.157886410378105,116673.972372262,11.6673972372262,10.1458,1.18367666666667,"2024",NA
2024,47,"170310503002",0.026661,36615,6,233095,122299,0.116666666666667,0.0296630280018984,0.0448504983388704,0.0654168644201867,0.157886410378105,116673.972372262,11.6673972372262,23.3095,2.71944166666667,"2024",NA
2024,47,"170310503003",0.009237,12685.83,2,234500,60178,0.116666666666667,0.0296630280018984,0.0448504983388704,0.0654168644201867,0.157886410378105,116673.972372262,11.6673972372262,23.45,2.73583333333333,"2024",NA
2024,47,"170310505001",0.010324,14178.92,1,123529,29847,0.116666666666667,0.0296630280018984,0.0448504983388704,0.0654168644201867,0.157886410378105,116673.972372262,11.6673972372262,12.3529,1.44117166666667,"2024",NA
2024,47,"170310505002",0.064591,88710.6,3,118250,53415,0.116666666666667,0.0296630280018984,0.0448504983388704,0.0654168644201867,0.157886410378105,116673.972372262,11.6673972372262,11.825,1.37958333333333,"2024",NA
2024,47,"170310505005",0.004558,6259.62,1,150833,29748,0.116666666666667,0.0296630280018984,0.0448504983388704,0.0654168644201867,0.157886410378105,116673.972372262,11.6673972372262,15.0833,1.75971833333333,"2024",NA
2024,47,"170310506001",0.032348,44426.98,4,102423,35096,0.116666666666667,0.0296630280018984,0.0448504983388704,0.0654168644201867,0.157886410378105,116673.972372262,11.6673972372262,10.2423,1.194935,"2024",NA
2024,47,"170310506002",0.097118,133384.54,3,158594,80812,0.116666666666667,0.0296630280018984,0.0448504983388704,0.0654168644201867,0.157886410378105,116673.972372262,11.6673972372262,15.8594,1.85026333333333,"2024",NA
2024,47,"170310507001",0.003553,4880,1,130699,21475,0.116666666666667,0.0296630280018984,0.0448504983388704,0.0654168644201867,0.157886410378105,116673.972372262,11.6673972372262,13.0699,1.52482166666667,"2024",NA
2024,47,"170310508001",0.007133,9797.08,1,157813,44622,0.116666666666667,0.0296630280018984,0.0448504983388704,0.0654168644201867,0.157886410378105,116673.972372262,11.6673972372262,15.7813,1.84115166666667,"2024",NA
2024,47,"170310601003",0.004777,6560.42,1,157031,68067,0.116666666666667,0.0296630280018984,0.0448504983388704,0.0654168644201867,0.157886410378105,116673.972372262,11.6673972372262,15.7031,1.83202833333333,"2024",NA
2024,47,"170310602001",0.054181,74414.92,4,80625,27521,0.116666666666667,0.0296630280018984,0.0448504983388704,0.0654168644201867,0.157886410378105,116673.972372262,11.6673972372262,8.0625,0.940625,"2024",NA
2024,47,"170310603001",0.012516,17190.57,2,164412,73798,0.116666666666667,0.0296630280018984,0.0448504983388704,0.0654168644201867,0.157886410378105,116673.972372262,11.6673972372262,16.4412,1.91814,"2024",NA
2024,47,"170310603002",0.017865,24536.35,2,109152,53253,0.116666666666667,0.0296630280018984,0.0448504983388704,0.0654168644201867,0.157886410378105,116673.972372262,11.6673972372262,10.9152,1.27344,"2024",NA
2024,47,"170311408005",0.008737,12000,1,83881,17900,0.116666666666667,0.0296630280018984,0.0448504983388704,0.0654168644201867,0.157886410378105,116673.972372262,11.6673972372262,8.3881,0.978611666666667,"2024",NA
2024,47,"170312105022",0.042628,58545.88,1,97042,35982,0.116666666666667,0.0296630280018984,0.0448504983388704,0.0654168644201867,0.157886410378105,116673.972372262,11.6673972372262,9.7042,1.13215666666667,"2024",NA
2024,47,"170318308001",0.000255,350,1,88990,34932,0.116666666666667,0.0296630280018984,0.0448504983388704,0.0654168644201867,0.157886410378105,116673.972372262,11.6673972372262,8.899,1.03821666666667,"2024",NA
2024,47,"170318319002",0.005458,7496.8,1,130759,20366,0.116666666666667,0.0296630280018984,0.0448504983388704,0.0654168644201867,0.157886410378105,116673.972372262,11.6673972372262,13.0759,1.52552166666667,"2024",NA
2024,47,"170318437001",0.015457,21229.47,3,198103,32117,0.116666666666667,0.0296630280018984,0.0448504983388704,0.0654168644201867,0.157886410378105,116673.972372262,11.6673972372262,19.8103,2.31120166666667,"2024",NA
2024,47,"170318437002",0.00207,2843.25,1,118793,73988,0.116666666666667,0.0296630280018984,0.0448504983388704,0.0654168644201867,0.157886410378105,116673.972372262,11.6673972372262,11.8793,1.38591833333333,"2024",NA
2024,48,"170310301011",0.013004,19140.53,2,28713,11056,0.666666666666667,0.12671456564337,0.120444154147616,0.10986283474853,0.234095362508165,69748.4959460919,6.97484959460919,2.8713,1.9142,"2024",NA
2024,48,"170310301013",0,0,1,48559,12075,0.666666666666667,0.12671456564337,0.120444154147616,0.10986283474853,0.234095362508165,69748.4959460919,6.97484959460919,4.8559,3.23726666666667,"2024",NA
2024,48,"170310301014",0.020237,29787.44,1,76833,28680,0.666666666666667,0.12671456564337,0.120444154147616,0.10986283474853,0.234095362508165,69748.4959460919,6.97484959460919,7.6833,5.1222,"2024",NA
2024,48,"170310301021",0.029676,43680.29,2,74813,14217,0.666666666666667,0.12671456564337,0.120444154147616,0.10986283474853,0.234095362508165,69748.4959460919,6.97484959460919,7.4813,4.98753333333333,"2024",NA
2024,48,"170310301023",0.0392,57698.39,2,62472,14623,0.666666666666667,0.12671456564337,0.120444154147616,0.10986283474853,0.234095362508165,69748.4959460919,6.97484959460919,6.2472,4.1648,"2024",NA
2024,48,"170310301032",0.024874,36611.72,3,58462,14237,0.666666666666667,0.12671456564337,0.120444154147616,0.10986283474853,0.234095362508165,69748.4959460919,6.97484959460919,5.8462,3.89746666666667,"2024",NA
2024,48,"170310301041",0.016899,24875.33,3,63306,15953,0.666666666666667,0.12671456564337,0.120444154147616,0.10986283474853,0.234095362508165,69748.4959460919,6.97484959460919,6.3306,4.2204,"2024",NA
2024,48,"170310302001",0.035326,51995.61,1,83107,22827,0.666666666666667,0.12671456564337,0.120444154147616,0.10986283474853,0.234095362508165,69748.4959460919,6.97484959460919,8.3107,5.54046666666667,"2024",NA
2024,48,"170310302002",0.01087,16000,1,69821,32061,0.666666666666667,0.12671456564337,0.120444154147616,0.10986283474853,0.234095362508165,69748.4959460919,6.97484959460919,6.9821,4.65473333333333,"2024",NA
2024,48,"170310302004",0.004973,7319.97,1,118125,39568,0.666666666666667,0.12671456564337,0.120444154147616,0.10986283474853,0.234095362508165,69748.4959460919,6.97484959460919,11.8125,7.875,"2024",NA
2024,48,"170310305001",0.000985,1450,1,137731,26972,0.666666666666667,0.12671456564337,0.120444154147616,0.10986283474853,0.234095362508165,69748.4959460919,6.97484959460919,13.7731,9.18206666666667,"2024",NA
2024,48,"170310305002",0.203067,298893.69,4,112467,15039,0.666666666666667,0.12671456564337,0.120444154147616,0.10986283474853,0.234095362508165,69748.4959460919,6.97484959460919,11.2467,7.4978,"2024",NA
2024,48,"170310305003",0.169849,250000,1,114080,21027,0.666666666666667,0.12671456564337,0.120444154147616,0.10986283474853,0.234095362508165,69748.4959460919,6.97484959460919,11.408,7.60533333333333,"2024",NA
2024,48,"170310305004",0.139018,204618.72,6,136579,30334,0.666666666666667,0.12671456564337,0.120444154147616,0.10986283474853,0.234095362508165,69748.4959460919,6.97484959460919,13.6579,9.10526666666667,"2024",NA
2024,48,"170310306011",0.019648,28920.54,2,53043,14143,0.666666666666667,0.12671456564337,0.120444154147616,0.10986283474853,0.234095362508165,69748.4959460919,6.97484959460919,5.3043,3.5362,"2024",NA
2024,48,"170310306013",0.018595,27369.94,1,54028,26479,0.666666666666667,0.12671456564337,0.120444154147616,0.10986283474853,0.234095362508165,69748.4959460919,6.97484959460919,5.4028,3.60186666666667,"2024",NA
2024,48,"170310306031",0.000985,1450,1,59615,32018,0.666666666666667,0.12671456564337,0.120444154147616,0.10986283474853,0.234095362508165,69748.4959460919,6.97484959460919,5.9615,3.97433333333333,"2024",NA
2024,48,"170310308001",0.101892,149974.34,3,64306,50954,0.666666666666667,0.12671456564337,0.120444154147616,0.10986283474853,0.234095362508165,69748.4959460919,6.97484959460919,6.4306,4.28706666666667,"2024",NA
2024,48,"170310308002",0.000448,660,1,108676,22553,0.666666666666667,0.12671456564337,0.120444154147616,0.10986283474853,0.234095362508165,69748.4959460919,6.97484959460919,10.8676,7.24506666666667,"2024",NA
2024,48,"170310308003",0.046635,68642.24,2,106757,33665,0.666666666666667,0.12671456564337,0.120444154147616,0.10986283474853,0.234095362508165,69748.4959460919,6.97484959460919,10.6757,7.11713333333333,"2024",NA
2024,48,"170310309001",0.054352,80000,1,95227,54206,0.666666666666667,0.12671456564337,0.120444154147616,0.10986283474853,0.234095362508165,69748.4959460919,6.97484959460919,9.5227,6.34846666666667,"2024",NA
2024,48,"170310311001",0.00098,1442.89,1,100762,12339,0.666666666666667,0.12671456564337,0.120444154147616,0.10986283474853,0.234095362508165,69748.4959460919,6.97484959460919,10.0762,6.71746666666667,"2024",NA
2024,48,"170310312003",0.002906,4277.53,2,17036,14076,0.666666666666667,0.12671456564337,0.120444154147616,0.10986283474853,0.234095362508165,69748.4959460919,6.97484959460919,1.7036,1.13573333333333,"2024",NA
2024,48,"170311301002",0.005553,8173.86,2,21779,3445,0.666666666666667,0.12671456564337,0.120444154147616,0.10986283474853,0.234095362508165,69748.4959460919,6.97484959460919,2.1779,1.45193333333333,"2024",NA
2024,49,"170310101002",0.072447,108671.19,4,30865,29270,0.666666666666667,0.110345526395785,0.204276015807073,0.151585773634613,0.244502989157969,59098.0177236303,5.90980177236303,3.0865,2.05766666666667,"2024",NA
2024,49,"170310101003",0.008,12000,1,74190,27052,0.666666666666667,0.110345526395785,0.204276015807073,0.151585773634613,0.244502989157969,59098.0177236303,5.90980177236303,7.419,4.946,"2024",NA
2024,49,"170310102011",0.043237,64855.14,1,87629,30628,0.666666666666667,0.110345526395785,0.204276015807073,0.151585773634613,0.244502989157969,59098.0177236303,5.90980177236303,8.7629,5.84193333333333,"2024",NA
2024,49,"170310102012",0.009987,14980,2,39212,5481,0.666666666666667,0.110345526395785,0.204276015807073,0.151585773634613,0.244502989157969,59098.0177236303,5.90980177236303,3.9212,2.61413333333333,"2024",NA
2024,49,"170310102014",0.018391,27586.06,1,75211,60050,0.666666666666667,0.110345526395785,0.204276015807073,0.151585773634613,0.244502989157969,59098.0177236303,5.90980177236303,7.5211,5.01406666666667,"2024",NA
2024,49,"170310102022",0.050038,75056.95,4,78333,34643,0.666666666666667,0.110345526395785,0.204276015807073,0.151585773634613,0.244502989157969,59098.0177236303,5.90980177236303,7.8333,5.2222,"2024",NA
2024,49,"170310103002",0.071394,107090.67,3,74906,25228,0.666666666666667,0.110345526395785,0.204276015807073,0.151585773634613,0.244502989157969,59098.0177236303,5.90980177236303,7.4906,4.99373333333333,"2024",NA
2024,49,"170310103003",0.079199,118798.12,2,44738,20769,0.666666666666667,0.110345526395785,0.204276015807073,0.151585773634613,0.244502989157969,59098.0177236303,5.90980177236303,4.4738,2.98253333333333,"2024",NA
2024,49,"170310104001",0.055428,83142.97,3,63295,23152,0.666666666666667,0.110345526395785,0.204276015807073,0.151585773634613,0.244502989157969,59098.0177236303,5.90980177236303,6.3295,4.21966666666667,"2024",NA
2024,49,"170310104002",0.021467,32200,2,49723,27103,0.666666666666667,0.110345526395785,0.204276015807073,0.151585773634613,0.244502989157969,59098.0177236303,5.90980177236303,4.9723,3.31486666666667,"2024",NA
2024,49,"170310105031",0.0025,3750,1,19492,3470,0.666666666666667,0.110345526395785,0.204276015807073,0.151585773634613,0.244502989157969,59098.0177236303,5.90980177236303,1.9492,1.29946666666667,"2024",NA
2024,49,"170310105032",0.00145,2175,1,66750,55959,0.666666666666667,0.110345526395785,0.204276015807073,0.151585773634613,0.244502989157969,59098.0177236303,5.90980177236303,6.675,4.45,"2024",NA
2024,49,"170310106001",0.016313,24469.11,2,66928,23878,0.666666666666667,0.110345526395785,0.204276015807073,0.151585773634613,0.244502989157969,59098.0177236303,5.90980177236303,6.6928,4.46186666666667,"2024",NA
2024,49,"170310106004",0.050992,76488.52,2,72865,26981,0.666666666666667,0.110345526395785,0.204276015807073,0.151585773634613,0.244502989157969,59098.0177236303,5.90980177236303,7.2865,4.85766666666667,"2024",NA
2024,49,"170310107012",0.061086,91629.13,3,74422,11968,0.666666666666667,0.110345526395785,0.204276015807073,0.151585773634613,0.244502989157969,59098.0177236303,5.90980177236303,7.4422,4.96146666666667,"2024",NA
2024,49,"170310107021",0.042695,64043.04,2,60400,40796,0.666666666666667,0.110345526395785,0.204276015807073,0.151585773634613,0.244502989157969,59098.0177236303,5.90980177236303,6.04,4.02666666666667,"2024",NA
2024,49,"170310107023",0.046944,70416.67,2,55615,7670,0.666666666666667,0.110345526395785,0.204276015807073,0.151585773634613,0.244502989157969,59098.0177236303,5.90980177236303,5.5615,3.70766666666667,"2024",NA
2024,49,"170310107024",0.040958,61437.36,1,82917,29759,0.666666666666667,0.110345526395785,0.204276015807073,0.151585773634613,0.244502989157969,59098.0177236303,5.90980177236303,8.2917,5.5278,"2024",NA
2024,49,"170310202004",0.037855,56782.58,4,151650,31621,0.666666666666667,0.110345526395785,0.204276015807073,0.151585773634613,0.244502989157969,59098.0177236303,5.90980177236303,15.165,10.11,"2024",NA
2024,49,"170310901002",0.0025,3750,1,139722,52944,0.666666666666667,0.110345526395785,0.204276015807073,0.151585773634613,0.244502989157969,59098.0177236303,5.90980177236303,13.9722,9.3148,"2024",NA
2024,49,"170318306001",0.156284,234425.75,2,81800,33135,0.666666666666667,0.110345526395785,0.204276015807073,0.151585773634613,0.244502989157969,59098.0177236303,5.90980177236303,8.18,5.45333333333333,"2024",NA
2024,49,"170318306002",0.01007,15104.8,1,52966,24894,0.666666666666667,0.110345526395785,0.204276015807073,0.151585773634613,0.244502989157969,59098.0177236303,5.90980177236303,5.2966,3.53106666666667,"2024",NA
2024,49,"170318391001",0.01007,15104.8,1,124641,34480,0.666666666666667,0.110345526395785,0.204276015807073,0.151585773634613,0.244502989157969,59098.0177236303,5.90980177236303,12.4641,8.3094,"2024",NA
2024,50,"170310202003",0.013699,20549.17,2,119688,44437,0,0.109561752988048,0.189907038512616,0.170281835620481,0.210417588903645,77670.1866175201,7.76701866175201,11.9688,0,"2024",NA
2024,50,"170310202004",0.041503,62255.01,5,151650,31621,0,0.109561752988048,0.189907038512616,0.170281835620481,0.210417588903645,77670.1866175201,7.76701866175201,15.165,0,"2024",NA
2024,50,"170310203012",0.012592,18887.99,1,79779,58643,0,0.109561752988048,0.189907038512616,0.170281835620481,0.210417588903645,77670.1866175201,7.76701866175201,7.9779,0,"2024",NA
2024,50,"170310203013",0.217333,326000,1,115000,82385,0,0.109561752988048,0.189907038512616,0.170281835620481,0.210417588903645,77670.1866175201,7.76701866175201,11.5,0,"2024",NA
2024,50,"170310203023",0.217666,326500,2,72330,21211,0,0.109561752988048,0.189907038512616,0.170281835620481,0.210417588903645,77670.1866175201,7.76701866175201,7.233,0,"2024",NA
2024,50,"170310204001",0.16786,251790.23,2,94038,55920,0,0.109561752988048,0.189907038512616,0.170281835620481,0.210417588903645,77670.1866175201,7.76701866175201,9.4038,0,"2024",NA
2024,50,"170310204002",0.00196,2940,2,91250,43458,0,0.109561752988048,0.189907038512616,0.170281835620481,0.210417588903645,77670.1866175201,7.76701866175201,9.125,0,"2024",NA
2024,50,"170310205001",0.010794,16189.54,4,45208,15517,0,0.109561752988048,0.189907038512616,0.170281835620481,0.210417588903645,77670.1866175201,7.76701866175201,4.5208,0,"2024",NA
2024,50,"170310206012",0.034527,51790.16,1,61954,8477,0,0.109561752988048,0.189907038512616,0.170281835620481,0.210417588903645,77670.1866175201,7.76701866175201,6.1954,0,"2024",NA
2024,50,"170310207011",0.031845,47767.91,1,93846,56958,0,0.109561752988048,0.189907038512616,0.170281835620481,0.210417588903645,77670.1866175201,7.76701866175201,9.3846,0,"2024",NA
2024,50,"170310207012",0.008495,12742.19,1,107500,14164,0,0.109561752988048,0.189907038512616,0.170281835620481,0.210417588903645,77670.1866175201,7.76701866175201,10.75,0,"2024",NA
2024,50,"170310207023",0.007099,10648.33,1,67300,38217,0,0.109561752988048,0.189907038512616,0.170281835620481,0.210417588903645,77670.1866175201,7.76701866175201,6.73,0,"2024",NA
2024,50,"170310208024",0.106735,160101.6,2,66085,27472,0,0.109561752988048,0.189907038512616,0.170281835620481,0.210417588903645,77670.1866175201,7.76701866175201,6.6085,0,"2024",NA
2024,50,"170311001002",0.007099,10648.33,1,139306,53509,0,0.109561752988048,0.189907038512616,0.170281835620481,0.210417588903645,77670.1866175201,7.76701866175201,13.9306,0,"2024",NA
2024,50,"170311301003",0.000333,500,1,78819,77056,0,0.109561752988048,0.189907038512616,0.170281835620481,0.210417588903645,77670.1866175201,7.76701866175201,7.8819,0,"2024",NA
2025,1,"170310513002",0.000486,725,1,243281,22298,0.666666666666667,0.0666235446313066,0.087137312881168,0.0702273147292552,0.159027906117169,138798.478136838,13.8798478136838,24.3281,16.2187333333333,"2025",NA
2025,1,"170312203001",0.01279,19091.61,1,111500,21939,0.666666666666667,0.0666235446313066,0.087137312881168,0.0702273147292552,0.159027906117169,138798.478136838,13.8798478136838,11.15,7.43333333333333,"2025",NA
2025,1,"170312203002",0.022024,32875.8,2,92696,30390,0.666666666666667,0.0666235446313066,0.087137312881168,0.0702273147292552,0.159027906117169,138798.478136838,13.8798478136838,9.2696,6.17973333333333,"2025",NA
2025,1,"170312204002",0.003269,4880,1,124948,31210,0.666666666666667,0.0666235446313066,0.087137312881168,0.0702273147292552,0.159027906117169,138798.478136838,13.8798478136838,12.4948,8.32986666666667,"2025",NA
2025,1,"170312213002",0.006538,9760,1,66940,40798,0.666666666666667,0.0666235446313066,0.087137312881168,0.0702273147292552,0.159027906117169,138798.478136838,13.8798478136838,6.694,4.46266666666667,"2025",NA
2025,1,"170312214001",0.067508,100773.05,1,143011,79064,0.666666666666667,0.0666235446313066,0.087137312881168,0.0702273147292552,0.159027906117169,138798.478136838,13.8798478136838,14.3011,9.53406666666667,"2025",NA
2025,1,"170312214002",0.107184,160000,1,122308,22318,0.666666666666667,0.0666235446313066,0.087137312881168,0.0702273147292552,0.159027906117169,138798.478136838,13.8798478136838,12.2308,8.15386666666667,"2025",NA
2025,1,"170312215001",0.001507,2250,1,46958,43271,0.666666666666667,0.0666235446313066,0.087137312881168,0.0702273147292552,0.159027906117169,138798.478136838,13.8798478136838,4.6958,3.13053333333333,"2025",NA
2025,1,"170312215002",0.041338,61707.71,2,89946,23736,0.666666666666667,0.0666235446313066,0.087137312881168,0.0702273147292552,0.159027906117169,138798.478136838,13.8798478136838,8.9946,5.9964,"2025",NA
2025,1,"170312411002",0.038477,57437.05,2,89861,16544,0.666666666666667,0.0666235446313066,0.087137312881168,0.0702273147292552,0.159027906117169,138798.478136838,13.8798478136838,8.9861,5.99073333333333,"2025",NA
2025,1,"170312412001",0.070002,104496.62,3,158068,47415,0.666666666666667,0.0666235446313066,0.087137312881168,0.0702273147292552,0.159027906117169,138798.478136838,13.8798478136838,15.8068,10.5378666666667,"2025",NA
2025,1,"170312412002",0.051146,76348.62,1,136515,36846,0.666666666666667,0.0666235446313066,0.087137312881168,0.0702273147292552,0.159027906117169,138798.478136838,13.8798478136838,13.6515,9.101,"2025",NA
2025,1,"170312413001",0.003269,4880,1,182829,23241,0.666666666666667,0.0666235446313066,0.087137312881168,0.0702273147292552,0.159027906117169,138798.478136838,13.8798478136838,18.2829,12.1886,"2025",NA
2025,1,"170312414002",0.102317,152735.2,3,201806,82630,0.666666666666667,0.0666235446313066,0.087137312881168,0.0702273147292552,0.159027906117169,138798.478136838,13.8798478136838,20.1806,13.4537333333333,"2025",NA
2025,1,"170312415001",0.006538,9760,1,202125,21264,0.666666666666667,0.0666235446313066,0.087137312881168,0.0702273147292552,0.159027906117169,138798.478136838,13.8798478136838,20.2125,13.475,"2025",NA
2025,1,"170312415002",0.001635,2440,1,131667,42266,0.666666666666667,0.0666235446313066,0.087137312881168,0.0702273147292552,0.159027906117169,138798.478136838,13.8798478136838,13.1667,8.7778,"2025",NA
2025,1,"170312416002",0.211461,315659,1,106354,25357,0.666666666666667,0.0666235446313066,0.087137312881168,0.0702273147292552,0.159027906117169,138798.478136838,13.8798478136838,10.6354,7.09026666666667,"2025",NA
2025,1,"170312421001",0.003269,4880,1,223393,108483,0.666666666666667,0.0666235446313066,0.087137312881168,0.0702273147292552,0.159027906117169,138798.478136838,13.8798478136838,22.3393,14.8928666666667,"2025",NA
2025,1,"170312421003",0.195428,291726.31,3,209375,56526,0.666666666666667,0.0666235446313066,0.087137312881168,0.0702273147292552,0.159027906117169,138798.478136838,13.8798478136838,20.9375,13.9583333333333,"2025",NA
2025,1,"170312434001",0.001635,2440,1,99808,28041,0.666666666666667,0.0666235446313066,0.087137312881168,0.0702273147292552,0.159027906117169,138798.478136838,13.8798478136838,9.9808,6.65386666666667,"2025",NA
2025,1,"170318309003",0.002747,4100,1,116125,99917,0.666666666666667,0.0666235446313066,0.087137312881168,0.0702273147292552,0.159027906117169,138798.478136838,13.8798478136838,11.6125,7.74166666666667,"2025",NA
2025,1,"170318324001",0.006538,9760,1,114569,32167,0.666666666666667,0.0666235446313066,0.087137312881168,0.0702273147292552,0.159027906117169,138798.478136838,13.8798478136838,11.4569,7.63793333333333,"2025",NA
2025,2,"170310705002",0.031515,47273.12,2,120433,64164,0,0.046053888782725,0.059908274412383,0.0585706095929677,0.119434358876362,122682.704595063,12.2682704595063,12.0433,0,"2025",NA
2025,2,"170310706002",0.163811,245716.96,3,242045,95637,0,0.046053888782725,0.059908274412383,0.0585706095929677,0.119434358876362,122682.704595063,12.2682704595063,24.2045,0,"2025",NA
2025,2,"170310710001",0.034216,51323.4,1,158214,90629,0,0.046053888782725,0.059908274412383,0.0585706095929677,0.119434358876362,122682.704595063,12.2682704595063,15.8214,0,"2025",NA
2025,2,"170310715002",0.014224,21336,1,148922,6309,0,0.046053888782725,0.059908274412383,0.0585706095929677,0.119434358876362,122682.704595063,12.2682704595063,14.8922,0,"2025",NA
2025,2,"170310715005",0.01225,18375.29,2,130368,34254,0,0.046053888782725,0.059908274412383,0.0585706095929677,0.119434358876362,122682.704595063,12.2682704595063,13.0368,0,"2025",NA
2025,2,"170310801004",0.011977,17965,1,200625,107606,0,0.046053888782725,0.059908274412383,0.0585706095929677,0.119434358876362,122682.704595063,12.2682704595063,20.0625,0,"2025",NA
2025,2,"170310802011",0.00044,660,1,125074,30024,0,0.046053888782725,0.059908274412383,0.0585706095929677,0.119434358876362,122682.704595063,12.2682704595063,12.5074,0,"2025",NA
2025,2,"170310802013",0.077842,116763.57,2,95313,82370,0,0.046053888782725,0.059908274412383,0.0585706095929677,0.119434358876362,122682.704595063,12.2682704595063,9.5313,0,"2025",NA
2025,2,"170310802023",0.01484,22260.15,1,103568,63891,0,0.046053888782725,0.059908274412383,0.0585706095929677,0.119434358876362,122682.704595063,12.2682704595063,10.3568,0,"2025",NA
2025,2,"170310803002",0.186021,279032.03,1,172891,26319,0,0.046053888782725,0.059908274412383,0.0585706095929677,0.119434358876362,122682.704595063,12.2682704595063,17.2891,0,"2025",NA
2025,2,"170310803004",0.010057,15085.87,2,177237,81644,0,0.046053888782725,0.059908274412383,0.0585706095929677,0.119434358876362,122682.704595063,12.2682704595063,17.7237,0,"2025",NA
2025,2,"170310804003",0.00372,5579.29,1,233214,101701,0,0.046053888782725,0.059908274412383,0.0585706095929677,0.119434358876362,122682.704595063,12.2682704595063,23.3214,0,"2025",NA
2025,2,"170310810002",0.001865,2798.18,1,148548,97086,0,0.046053888782725,0.059908274412383,0.0585706095929677,0.119434358876362,122682.704595063,12.2682704595063,14.8548,0,"2025",NA
2025,2,"170310811001",0.000928,1392.29,1,96077,15840,0,0.046053888782725,0.059908274412383,0.0585706095929677,0.119434358876362,122682.704595063,12.2682704595063,9.6077,0,"2025",NA
2025,2,"170310812012",0.001865,2798.18,1,134187,12484,0,0.046053888782725,0.059908274412383,0.0585706095929677,0.119434358876362,122682.704595063,12.2682704595063,13.4187,0,"2025",NA
2025,2,"170310812023",0.019454,29181.37,3,75878,22258,0,0.046053888782725,0.059908274412383,0.0585706095929677,0.119434358876362,122682.704595063,12.2682704595063,7.5878,0,"2025",NA
2025,2,"170310813004",0.052839,79258.16,2,135813,31461,0,0.046053888782725,0.059908274412383,0.0585706095929677,0.119434358876362,122682.704595063,12.2682704595063,13.5813,0,"2025",NA
2025,2,"170310814011",0.021341,32010.63,4,65781,42462,0,0.046053888782725,0.059908274412383,0.0585706095929677,0.119434358876362,122682.704595063,12.2682704595063,6.5781,0,"2025",NA
2025,2,"170310814012",0.061442,92163.16,2,101050,37242,0,0.046053888782725,0.059908274412383,0.0585706095929677,0.119434358876362,122682.704595063,12.2682704595063,10.105,0,"2025",NA
2025,2,"170310814032",0.012701,19051.58,3,90804,64539,0,0.046053888782725,0.059908274412383,0.0585706095929677,0.119434358876362,122682.704595063,12.2682704595063,9.0804,0,"2025",NA
2025,2,"170310818001",0.001626,2440,2,197768,70300,0,0.046053888782725,0.059908274412383,0.0585706095929677,0.119434358876362,122682.704595063,12.2682704595063,19.7768,0,"2025",NA
2025,2,"170316716001",0.00044,660,1,16742,14470,0,0.046053888782725,0.059908274412383,0.0585706095929677,0.119434358876362,122682.704595063,12.2682704595063,1.6742,0,"2025",NA
2025,2,"170318325001",0.042553,63830,2,100682,66639,0,0.046053888782725,0.059908274412383,0.0585706095929677,0.119434358876362,122682.704595063,12.2682704595063,10.0682,0,"2025",NA
2025,2,"170318325002",0.151527,227289.23,5,196591,64844,0,0.046053888782725,0.059908274412383,0.0585706095929677,0.119434358876362,122682.704595063,12.2682704595063,19.6591,0,"2025",NA
2025,2,"170318326001",0.03794,56910.27,3,175455,75132,0,0.046053888782725,0.059908274412383,0.0585706095929677,0.119434358876362,122682.704595063,12.2682704595063,17.5455,0,"2025",NA
2025,3,"170313301032",0.003095,4600,1,168103,16685,0,0.172315849270971,0.146279113804204,0.0941109638326075,0.167771255444045,80435.307700434,8.0435307700434,16.8103,0,"2025",NA
2025,3,"170313301033",0.016378,24339.35,3,93892,38379,0,0.172315849270971,0.146279113804204,0.0941109638326075,0.167771255444045,80435.307700434,8.0435307700434,9.3892,0,"2025",NA
2025,3,"170313504001",0.106985,158983.6,3,20938,11774,0,0.172315849270971,0.146279113804204,0.0941109638326075,0.167771255444045,80435.307700434,8.0435307700434,2.0938,0,"2025",NA
2025,3,"170313511002",0.001682,2500,1,19913,15081,0,0.172315849270971,0.146279113804204,0.0941109638326075,0.167771255444045,80435.307700434,8.0435307700434,1.9913,0,"2025",NA
2025,3,"170313514001",0.030999,46065.06,1,30542,29433,0,0.172315849270971,0.146279113804204,0.0941109638326075,0.167771255444045,80435.307700434,8.0435307700434,3.0542,0,"2025",NA
2025,3,"170313515002",0.010115,15030.63,3,84432,27558,0,0.172315849270971,0.146279113804204,0.0941109638326075,0.167771255444045,80435.307700434,8.0435307700434,8.4432,0,"2025",NA
2025,3,"170313801001",0.054592,81125.51,1,79734,30741,0,0.172315849270971,0.146279113804204,0.0941109638326075,0.167771255444045,80435.307700434,8.0435307700434,7.9734,0,"2025",NA
2025,3,"170313806001",0.056614,84129.36,2,53226,41865,0,0.172315849270971,0.146279113804204,0.0941109638326075,0.167771255444045,80435.307700434,8.0435307700434,5.3226,0,"2025",NA
2025,3,"170313812001",0.053217,79082.95,2,100694,23779,0,0.172315849270971,0.146279113804204,0.0941109638326075,0.167771255444045,80435.307700434,8.0435307700434,10.0694,0,"2025",NA
2025,3,"170313812002",0.005941,8827.72,3,44029,8876,0,0.172315849270971,0.146279113804204,0.0941109638326075,0.167771255444045,80435.307700434,8.0435307700434,4.4029,0,"2025",NA
2025,3,"170313814001",0.000302,450,4,44399,14698,0,0.172315849270971,0.146279113804204,0.0941109638326075,0.167771255444045,80435.307700434,8.0435307700434,4.4399,0,"2025",NA
2025,3,"170313818001",0.09113,135422.52,1,85000,47323,0,0.172315849270971,0.146279113804204,0.0941109638326075,0.167771255444045,80435.307700434,8.0435307700434,8.5,0,"2025",NA
2025,3,"170318355002",0.008089,12020.67,3,28281,18427,0,0.172315849270971,0.146279113804204,0.0941109638326075,0.167771255444045,80435.307700434,8.0435307700434,2.8281,0,"2025",NA
2025,3,"170318358001",0.115997,172376.38,4,84500,24132,0,0.172315849270971,0.146279113804204,0.0941109638326075,0.167771255444045,80435.307700434,8.0435307700434,8.45,0,"2025",NA
2025,3,"170318361001",0.000201,300,3,16625,4892,0,0.172315849270971,0.146279113804204,0.0941109638326075,0.167771255444045,80435.307700434,8.0435307700434,1.6625,0,"2025",NA
2025,3,"170318396002",0.083815,124551.72,8,82014,28410,0,0.172315849270971,0.146279113804204,0.0941109638326075,0.167771255444045,80435.307700434,8.0435307700434,8.2014,0,"2025",NA
2025,3,"170318411002",0.059159,87912.76,1,70284,66579,0,0.172315849270971,0.146279113804204,0.0941109638326075,0.167771255444045,80435.307700434,8.0435307700434,7.0284,0,"2025",NA
2025,3,"170318446001",0.14469,215014.32,2,56848,20291,0,0.172315849270971,0.146279113804204,0.0941109638326075,0.167771255444045,80435.307700434,8.0435307700434,5.6848,0,"2025",NA
2025,4,"170313511002",0.04,60000,1,19913,15081,0,0.169777952446453,0.126547455295736,0.093338573393594,0.161033601886422,77136.9562223212,7.71369562223212,1.9913,0,"2025",NA
2025,4,"170313801001",0.025754,38630.04,3,79734,30741,0,0.169777952446453,0.126547455295736,0.093338573393594,0.161033601886422,77136.9562223212,7.71369562223212,7.9734,0,"2025",NA
2025,4,"170313902002",0.01464,21960,3,120500,36513,0,0.169777952446453,0.126547455295736,0.093338573393594,0.161033601886422,77136.9562223212,7.71369562223212,12.05,0,"2025",NA
2025,4,"170313903002",0.24913,373695.17,4,60933,37712,0,0.169777952446453,0.126547455295736,0.093338573393594,0.161033601886422,77136.9562223212,7.71369562223212,6.0933,0,"2025",NA
2025,4,"170313905001",0.066576,99864.25,2,62188,39226,0,0.169777952446453,0.126547455295736,0.093338573393594,0.161033601886422,77136.9562223212,7.71369562223212,6.2188,0,"2025",NA
2025,4,"170313906001",0.02,30000,1,90625,67627,0,0.169777952446453,0.126547455295736,0.093338573393594,0.161033601886422,77136.9562223212,7.71369562223212,9.0625,0,"2025",NA
2025,4,"170313907002",0.231259,346891.75,6,83052,7475,0,0.169777952446453,0.126547455295736,0.093338573393594,0.161033601886422,77136.9562223212,7.71369562223212,8.3052,0,"2025",NA
2025,4,"170314102001",0.031006,46509.29,1,62591,18854,0,0.169777952446453,0.126547455295736,0.093338573393594,0.161033601886422,77136.9562223212,7.71369562223212,6.2591,0,"2025",NA
2025,4,"170314106001",0.15385,230775.46,1,61250,40872,0,0.169777952446453,0.126547455295736,0.093338573393594,0.161033601886422,77136.9562223212,7.71369562223212,6.125,0,"2025",NA
2025,4,"170314107001",0.049449,74173.21,1,57000,35208,0,0.169777952446453,0.126547455295736,0.093338573393594,0.161033601886422,77136.9562223212,7.71369562223212,5.7,0,"2025",NA
2025,4,"170314108001",0.008133,12200,1,60598,20813,0,0.169777952446453,0.126547455295736,0.093338573393594,0.161033601886422,77136.9562223212,7.71369562223212,6.0598,0,"2025",NA
2025,4,"170318364001",0.001992,2988.23,2,19221,12930,0,0.169777952446453,0.126547455295736,0.093338573393594,0.161033601886422,77136.9562223212,7.71369562223212,1.9221,0,"2025",NA
2025,4,"170318364002",1e-04,150,1,19063,8926,0,0.169777952446453,0.126547455295736,0.093338573393594,0.161033601886422,77136.9562223212,7.71369562223212,1.9063,0,"2025",NA
2025,4,"170318364003",0.061752,92628.08,2,113295,52644,0,0.169777952446453,0.126547455295736,0.093338573393594,0.161033601886422,77136.9562223212,7.71369562223212,11.3295,0,"2025",NA
2025,4,"170318436002",0.00488,7320,2,94375,21188,0,0.169777952446453,0.126547455295736,0.093338573393594,0.161033601886422,77136.9562223212,7.71369562223212,9.4375,0,"2025",NA
2025,5,"170313907001",0.010768,16127.8,1,99028,51648,0,0.184121817970475,0.157968150645124,0.131814483319772,0.193537138207602,56236.261031694,5.6236261031694,9.9028,0,"2025",NA
2025,5,"170314106001",0.024356,36477.67,1,61250,40872,0,0.184121817970475,0.157968150645124,0.131814483319772,0.193537138207602,56236.261031694,5.6236261031694,6.125,0,"2025",NA
2025,5,"170314107001",0.031454,47108.3,2,57000,35208,0,0.184121817970475,0.157968150645124,0.131814483319772,0.193537138207602,56236.261031694,5.6236261031694,5.7,0,"2025",NA
2025,5,"170314110003",0.040618,60832.4,2,68245,24562,0,0.184121817970475,0.157968150645124,0.131814483319772,0.193537138207602,56236.261031694,5.6236261031694,6.8245,0,"2025",NA
2025,5,"170314112001",0.023594,35336.9,1,128224,62763,0,0.184121817970475,0.157968150645124,0.131814483319772,0.193537138207602,56236.261031694,5.6236261031694,12.8224,0,"2025",NA
2025,5,"170314202001",0.047415,71012.4,1,39688,23634,0,0.184121817970475,0.157968150645124,0.131814483319772,0.193537138207602,56236.261031694,5.6236261031694,3.9688,0,"2025",NA
2025,5,"170314203001",0.037168,55665.54,1,42881,3783,0,0.184121817970475,0.157968150645124,0.131814483319772,0.193537138207602,56236.261031694,5.6236261031694,4.2881,0,"2025",NA
2025,5,"170314301014",0.006035,9038.59,1,56250,30959,0,0.184121817970475,0.157968150645124,0.131814483319772,0.193537138207602,56236.261031694,5.6236261031694,5.625,0,"2025",NA
2025,5,"170314301023",0.04093,61300.86,2,20245,16884,0,0.184121817970475,0.157968150645124,0.131814483319772,0.193537138207602,56236.261031694,5.6236261031694,2.0245,0,"2025",NA
2025,5,"170314305001",0.026864,40233.73,1,22920,4673,0,0.184121817970475,0.157968150645124,0.131814483319772,0.193537138207602,56236.261031694,5.6236261031694,2.292,0,"2025",NA
2025,5,"170314306002",0.019951,29880.43,1,38750,15742,0,0.184121817970475,0.157968150645124,0.131814483319772,0.193537138207602,56236.261031694,5.6236261031694,3.875,0,"2025",NA
2025,5,"170314308001",0.087223,130632.65,2,50066,21463,0,0.184121817970475,0.157968150645124,0.131814483319772,0.193537138207602,56236.261031694,5.6236261031694,5.0066,0,"2025",NA
2025,5,"170314309001",0.080687,120843.57,2,29366,14282,0,0.184121817970475,0.157968150645124,0.131814483319772,0.193537138207602,56236.261031694,5.6236261031694,2.9366,0,"2025",NA
2025,5,"170318363001",0.019372,29013.25,2,64250,37217,0,0.184121817970475,0.157968150645124,0.131814483319772,0.193537138207602,56236.261031694,5.6236261031694,6.425,0,"2025",NA
2025,5,"170318418001",0.106926,160143.21,3,50341,32049,0,0.184121817970475,0.157968150645124,0.131814483319772,0.193537138207602,56236.261031694,5.6236261031694,5.0341,0,"2025",NA
2025,5,"170318418002",0.30878,462457.66,8,51059,18611,0,0.184121817970475,0.157968150645124,0.131814483319772,0.193537138207602,56236.261031694,5.6236261031694,5.1059,0,"2025",NA
2025,5,"170318439004",0.001915,2868.11,1,54135,36042,0,0.184121817970475,0.157968150645124,0.131814483319772,0.193537138207602,56236.261031694,5.6236261031694,5.4135,0,"2025",NA
2025,6,"170314401012",0.023744,34160,1,35099,22012,0,0.259132774500673,0.249094484114664,0.151919693676912,0.184104315429991,45687.4661917228,4.56874661917228,3.5099,0,"2025",NA
2025,6,"170314402023",0.003392,4880,1,66548,64307,0,0.259132774500673,0.249094484114664,0.151919693676912,0.184104315429991,45687.4661917228,4.56874661917228,6.6548,0,"2025",NA
2025,6,"170314403002",0.312782,450000,3,35929,34621,0,0.259132774500673,0.249094484114664,0.151919693676912,0.184104315429991,45687.4661917228,4.56874661917228,3.5929,0,"2025",NA
2025,6,"170314403003",0.008688,12500,1,48297,11889,0,0.259132774500673,0.249094484114664,0.151919693676912,0.184104315429991,45687.4661917228,4.56874661917228,4.8297,0,"2025",NA
2025,6,"170314403005",0.003392,4880,1,51951,13122,0,0.259132774500673,0.249094484114664,0.151919693676912,0.184104315429991,45687.4661917228,4.56874661917228,5.1951,0,"2025",NA
2025,6,"170314409003",0.243276,350000,3,73636,39004,0,0.259132774500673,0.249094484114664,0.151919693676912,0.184104315429991,45687.4661917228,4.56874661917228,7.3636,0,"2025",NA
2025,6,"170314902002",0.013568,19520,1,75625,21122,0,0.259132774500673,0.249094484114664,0.151919693676912,0.184104315429991,45687.4661917228,4.56874661917228,7.5625,0,"2025",NA
2025,6,"170314902003",0.023744,34160,2,65437,30545,0,0.259132774500673,0.249094484114664,0.151919693676912,0.184104315429991,45687.4661917228,4.56874661917228,6.5437,0,"2025",NA
2025,6,"170316813002",0.034754,50000,1,32012,17982,0,0.259132774500673,0.249094484114664,0.151919693676912,0.184104315429991,45687.4661917228,4.56874661917228,3.2012,0,"2025",NA
2025,6,"170316903002",0.010357,14900,2,40574,33763,0,0.259132774500673,0.249094484114664,0.151919693676912,0.184104315429991,45687.4661917228,4.56874661917228,4.0574,0,"2025",NA
2025,6,"170316905001",0.020852,30000,1,57841,18968,0,0.259132774500673,0.249094484114664,0.151919693676912,0.184104315429991,45687.4661917228,4.56874661917228,5.7841,0,"2025",NA
2025,6,"170316914005",0.000459,660,1,50466,45629,0,0.259132774500673,0.249094484114664,0.151919693676912,0.184104315429991,45687.4661917228,4.56874661917228,5.0466,0,"2025",NA
2025,6,"170316915001",0.023744,34160,1,20875,14922,0,0.259132774500673,0.249094484114664,0.151919693676912,0.184104315429991,45687.4661917228,4.56874661917228,2.0875,0,"2025",NA
2025,6,"170317108002",0.003392,4880,1,45542,6861,0,0.259132774500673,0.249094484114664,0.151919693676912,0.184104315429991,45687.4661917228,4.56874661917228,4.5542,0,"2025",NA
2025,6,"170317109002",0.001112,1600,1,57813,19626,0,0.259132774500673,0.249094484114664,0.151919693676912,0.184104315429991,45687.4661917228,4.56874661917228,5.7813,0,"2025",NA
2025,6,"170318418001",0.013568,19520,1,50341,32049,0,0.259132774500673,0.249094484114664,0.151919693676912,0.184104315429991,45687.4661917228,4.56874661917228,5.0341,0,"2025",NA
2025,6,"170318424001",0.209634,301600,2,41121,17372,0,0.259132774500673,0.249094484114664,0.151919693676912,0.184104315429991,45687.4661917228,4.56874661917228,4.1121,0,"2025",NA
2025,6,"170318424002",0.034754,50000,1,117610,29341,0,0.259132774500673,0.249094484114664,0.151919693676912,0.184104315429991,45687.4661917228,4.56874661917228,11.761,0,"2025",NA
2025,7,"170314305002",0.023155,34291.9,1,53112,23227,0,0.23728813559322,0.236127234734154,0.145112607383329,0.194683074065475,44601.1155515046,4.46011155515046,5.3112,0,"2025",NA
2025,7,"170314305003",0.004813,7127.94,1,80213,63099,0,0.23728813559322,0.236127234734154,0.145112607383329,0.194683074065475,44601.1155515046,4.46011155515046,8.0213,0,"2025",NA
2025,7,"170314306001",0.000169,250,1,62422,30924,0,0.23728813559322,0.236127234734154,0.145112607383329,0.194683074065475,44601.1155515046,4.46011155515046,6.2422,0,"2025",NA
2025,7,"170314306002",0.00712,10544.43,1,38750,15742,0,0.23728813559322,0.236127234734154,0.145112607383329,0.194683074065475,44601.1155515046,4.46011155515046,3.875,0,"2025",NA
2025,7,"170314308001",0.049976,74014.33,1,50066,21463,0,0.23728813559322,0.236127234734154,0.145112607383329,0.194683074065475,44601.1155515046,4.46011155515046,5.0066,0,"2025",NA
2025,7,"170314312001",0.003908,5787.51,4,56637,3516,0,0.23728813559322,0.236127234734154,0.145112607383329,0.194683074065475,44601.1155515046,4.46011155515046,5.6637,0,"2025",NA
2025,7,"170314312002",0.03045,45096.02,1,70132,10920,0,0.23728813559322,0.236127234734154,0.145112607383329,0.194683074065475,44601.1155515046,4.46011155515046,7.0132,0,"2025",NA
2025,7,"170314314003",0.000338,500,1,37444,17338,0,0.23728813559322,0.236127234734154,0.145112607383329,0.194683074065475,44601.1155515046,4.46011155515046,3.7444,0,"2025",NA
2025,7,"170314601002",0.021158,31334.48,3,59356,50477,0,0.23728813559322,0.236127234734154,0.145112607383329,0.194683074065475,44601.1155515046,4.46011155515046,5.9356,0,"2025",NA
2025,7,"170314601003",0.000338,500,1,46181,37592,0,0.23728813559322,0.236127234734154,0.145112607383329,0.194683074065475,44601.1155515046,4.46011155515046,4.6181,0,"2025",NA
2025,7,"170314601004",0.038159,56513.06,1,48931,13721,0,0.23728813559322,0.236127234734154,0.145112607383329,0.194683074065475,44601.1155515046,4.46011155515046,4.8931,0,"2025",NA
2025,7,"170314605003",0.047427,70240.62,3,58517,13454,0,0.23728813559322,0.236127234734154,0.145112607383329,0.194683074065475,44601.1155515046,4.46011155515046,5.8517,0,"2025",NA
2025,7,"170314608004",0.003295,4880,1,48864,25410,0,0.23728813559322,0.236127234734154,0.145112607383329,0.194683074065475,44601.1155515046,4.46011155515046,4.8864,0,"2025",NA
2025,7,"170314804001",0.007502,11111.2,1,86743,23059,0,0.23728813559322,0.236127234734154,0.145112607383329,0.194683074065475,44601.1155515046,4.46011155515046,8.6743,0,"2025",NA
2025,7,"170314804003",0.028008,41480,1,49550,26651,0,0.23728813559322,0.236127234734154,0.145112607383329,0.194683074065475,44601.1155515046,4.46011155515046,4.955,0,"2025",NA
2025,7,"170314805002",0.072438,107279.62,2,47807,36022,0,0.23728813559322,0.236127234734154,0.145112607383329,0.194683074065475,44601.1155515046,4.46011155515046,4.7807,0,"2025",NA
2025,7,"170314805003",0.071868,106437.24,1,97574,56221,0,0.23728813559322,0.236127234734154,0.145112607383329,0.194683074065475,44601.1155515046,4.46011155515046,9.7574,0,"2025",NA
2025,7,"170315102003",0.046719,69191.31,3,64625,35825,0,0.23728813559322,0.236127234734154,0.145112607383329,0.194683074065475,44601.1155515046,4.46011155515046,6.4625,0,"2025",NA
2025,7,"170315103003",0.040048,59311.68,1,10663,2086,0,0.23728813559322,0.236127234734154,0.145112607383329,0.194683074065475,44601.1155515046,4.46011155515046,1.0663,0,"2025",NA
2025,7,"170315103004",0.136566,202254.95,5,37893,17230,0,0.23728813559322,0.236127234734154,0.145112607383329,0.194683074065475,44601.1155515046,4.46011155515046,3.7893,0,"2025",NA
2025,7,"170318342002",0.014474,21435.46,1,34813,7315,0,0.23728813559322,0.236127234734154,0.145112607383329,0.194683074065475,44601.1155515046,4.46011155515046,3.4813,0,"2025",NA
2025,7,"170318388002",0.044014,65184.41,2,25366,8156,0,0.23728813559322,0.236127234734154,0.145112607383329,0.194683074065475,44601.1155515046,4.46011155515046,2.5366,0,"2025",NA
2025,8,"170314304002",0.070018,105027.6,2,44107,41603,0,0.195139911634757,0.186947717231222,0.178571428571429,0.225239322533137,51803.5715323183,5.18035715323184,4.4107,0,"2025",NA
2025,8,"170314304003",0.019729,29593.93,1,92350,45480,0,0.195139911634757,0.186947717231222,0.178571428571429,0.225239322533137,51803.5715323183,5.18035715323184,9.235,0,"2025",NA
2025,8,"170314312002",0.003253,4880,1,70132,10920,0,0.195139911634757,0.186947717231222,0.178571428571429,0.225239322533137,51803.5715323183,5.18035715323184,7.0132,0,"2025",NA
2025,8,"170314401021",0.050634,75951.01,2,35218,11296,0,0.195139911634757,0.186947717231222,0.178571428571429,0.225239322533137,51803.5715323183,5.18035715323184,3.5218,0,"2025",NA
2025,8,"170314401023",0.030779,46168.46,1,42768,35177,0,0.195139911634757,0.186947717231222,0.178571428571429,0.225239322533137,51803.5715323183,5.18035715323184,4.2768,0,"2025",NA
2025,8,"170314407002",0.003253,4880,1,96179,1894,0,0.195139911634757,0.186947717231222,0.178571428571429,0.225239322533137,51803.5715323183,5.18035715323184,9.6179,0,"2025",NA
2025,8,"170314409003",0.006506,9760,2,73636,39004,0,0.195139911634757,0.186947717231222,0.178571428571429,0.225239322533137,51803.5715323183,5.18035715323184,7.3636,0,"2025",NA
2025,8,"170314503002",0.034878,52316.99,2,52227,36074,0,0.195139911634757,0.186947717231222,0.178571428571429,0.225239322533137,51803.5715323183,5.18035715323184,5.2227,0,"2025",NA
2025,8,"170314605003",0.036053,54080.2,1,58517,13454,0,0.195139911634757,0.186947717231222,0.178571428571429,0.225239322533137,51803.5715323183,5.18035715323184,5.8517,0,"2025",NA
2025,8,"170314701002",0.003253,4880,1,45554,14774,0,0.195139911634757,0.186947717231222,0.178571428571429,0.225239322533137,51803.5715323183,5.18035715323184,4.5554,0,"2025",NA
2025,8,"170314801002",0.034437,51656.39,2,72135,31493,0,0.195139911634757,0.186947717231222,0.178571428571429,0.225239322533137,51803.5715323183,5.18035715323184,7.2135,0,"2025",NA
2025,8,"170314804003",0.042535,63802.74,2,49550,26651,0,0.195139911634757,0.186947717231222,0.178571428571429,0.225239322533137,51803.5715323183,5.18035715323184,4.955,0,"2025",NA
2025,8,"170314804004",0.073159,109737.85,1,168535,7091,0,0.195139911634757,0.186947717231222,0.178571428571429,0.225239322533137,51803.5715323183,5.18035715323184,16.8535,0,"2025",NA
2025,8,"170314804005",0.117625,176437.05,3,61724,13855,0,0.195139911634757,0.186947717231222,0.178571428571429,0.225239322533137,51803.5715323183,5.18035715323184,6.1724,0,"2025",NA
2025,8,"170314804006",0.080249,120373.75,2,100365,49442,0,0.195139911634757,0.186947717231222,0.178571428571429,0.225239322533137,51803.5715323183,5.18035715323184,10.0365,0,"2025",NA
2025,8,"170314902003",0.01715,25724.14,2,65437,30545,0,0.195139911634757,0.186947717231222,0.178571428571429,0.225239322533137,51803.5715323183,5.18035715323184,6.5437,0,"2025",NA
2025,8,"170315001002",0.055763,83646.71,7,62264,30902,0,0.195139911634757,0.186947717231222,0.178571428571429,0.225239322533137,51803.5715323183,5.18035715323184,6.2264,0,"2025",NA
2025,8,"170315001003",0.037032,55548.17,1,115332,66683,0,0.195139911634757,0.186947717231222,0.178571428571429,0.225239322533137,51803.5715323183,5.18035715323184,11.5332,0,"2025",NA
2025,8,"170316915002",0.033333,50000,1,23884,5497,0,0.195139911634757,0.186947717231222,0.178571428571429,0.225239322533137,51803.5715323183,5.18035715323184,2.3884,0,"2025",NA
2025,8,"170316915003",0.003253,4880,1,33795,5489,0,0.195139911634757,0.186947717231222,0.178571428571429,0.225239322533137,51803.5715323183,5.18035715323184,3.3795,0,"2025",NA
2025,8,"170318342003",0.032609,48912.93,1,66869,6945,0,0.195139911634757,0.186947717231222,0.178571428571429,0.225239322533137,51803.5715323183,5.18035715323184,6.6869,0,"2025",NA
2025,8,"170318343005",0.00976,14640,2,111745,78678,0,0.195139911634757,0.186947717231222,0.178571428571429,0.225239322533137,51803.5715323183,5.18035715323184,11.1745,0,"2025",NA
2025,9,"170314909011",0.074307,110608.82,2,31279,6607,0,0.243693610753084,0.228042717731541,0.148131099245075,0.251611121340453,46899.3896183725,4.68993896183725,3.1279,0,"2025",NA
2025,9,"170314909021",0.001014,1509.04,1,71987,20248,0,0.243693610753084,0.228042717731541,0.148131099245075,0.251611121340453,46899.3896183725,4.68993896183725,7.1987,0,"2025",NA
2025,9,"170314909023",0.043183,64279.19,2,85321,83272,0,0.243693610753084,0.228042717731541,0.148131099245075,0.251611121340453,46899.3896183725,4.68993896183725,8.5321,0,"2025",NA
2025,9,"170314909024",0.008366,12453.51,1,104112,51293,0,0.243693610753084,0.228042717731541,0.148131099245075,0.251611121340453,46899.3896183725,4.68993896183725,10.4112,0,"2025",NA
2025,9,"170314910002",0.010925,16262.98,1,44671,25535,0,0.243693610753084,0.228042717731541,0.148131099245075,0.251611121340453,46899.3896183725,4.68993896183725,4.4671,0,"2025",NA
2025,9,"170314914002",0.0462,68769.95,1,27933,19761,0,0.243693610753084,0.228042717731541,0.148131099245075,0.251611121340453,46899.3896183725,4.68993896183725,2.7933,0,"2025",NA
2025,9,"170315002002",0.004867,7244.91,1,41907,10610,0,0.243693610753084,0.228042717731541,0.148131099245075,0.251611121340453,46899.3896183725,4.68993896183725,4.1907,0,"2025",NA
2025,9,"170315003001",0.041827,62261.55,2,44539,22691,0,0.243693610753084,0.228042717731541,0.148131099245075,0.251611121340453,46899.3896183725,4.68993896183725,4.4539,0,"2025",NA
2025,9,"170315302002",0.007275,10829.88,1,80061,28947,0,0.243693610753084,0.228042717731541,0.148131099245075,0.251611121340453,46899.3896183725,4.68993896183725,8.0061,0,"2025",NA
2025,9,"170315305021",0.036449,54256.36,1,75986,17820,0,0.243693610753084,0.228042717731541,0.148131099245075,0.251611121340453,46899.3896183725,4.68993896183725,7.5986,0,"2025",NA
2025,9,"170315305032",0.040301,59989.82,1,49342,16668,0,0.243693610753084,0.228042717731541,0.148131099245075,0.251611121340453,46899.3896183725,4.68993896183725,4.9342,0,"2025",NA
2025,9,"170315305033",0.000974,1450,1,47931,14465,0,0.243693610753084,0.228042717731541,0.148131099245075,0.251611121340453,46899.3896183725,4.68993896183725,4.7931,0,"2025",NA
2025,9,"170315306003",0.000336,500,1,25536,16050,0,0.243693610753084,0.228042717731541,0.148131099245075,0.251611121340453,46899.3896183725,4.68993896183725,2.5536,0,"2025",NA
2025,9,"170317301001",0.009225,13732.37,1,49919,19364,0,0.243693610753084,0.228042717731541,0.148131099245075,0.251611121340453,46899.3896183725,4.68993896183725,4.9919,0,"2025",NA
2025,9,"170317301002",0.035882,53412.51,1,82688,39565,0,0.243693610753084,0.228042717731541,0.148131099245075,0.251611121340453,46899.3896183725,4.68993896183725,8.2688,0,"2025",NA
2025,9,"170317305001",0.042173,62775.61,1,65642,19405,0,0.243693610753084,0.228042717731541,0.148131099245075,0.251611121340453,46899.3896183725,4.68993896183725,6.5642,0,"2025",NA
2025,9,"170317305004",0.069486,103433.52,1,71071,29388,0,0.243693610753084,0.228042717731541,0.148131099245075,0.251611121340453,46899.3896183725,4.68993896183725,7.1071,0,"2025",NA
2025,9,"170318340001",0.03874,57666.73,1,40777,18715,0,0.243693610753084,0.228042717731541,0.148131099245075,0.251611121340453,46899.3896183725,4.68993896183725,4.0777,0,"2025",NA
2025,9,"170318340002",0.040107,59701.31,1,41581,17964,0,0.243693610753084,0.228042717731541,0.148131099245075,0.251611121340453,46899.3896183725,4.68993896183725,4.1581,0,"2025",NA
2025,9,"170318388002",0.030786,45826.13,1,25366,8156,0,0.243693610753084,0.228042717731541,0.148131099245075,0.251611121340453,46899.3896183725,4.68993896183725,2.5366,0,"2025",NA
2025,10,"170314602001",0.000348,482.13,3,29655,5652,0,0.182931616550208,0.229645913480411,0.184266310748214,0.232629347570071,50930.3882615955,5.09303882615955,2.9655,0,"2025",NA
2025,10,"170314602002",0.009038,12521.42,3,29117,13315,0,0.182931616550208,0.229645913480411,0.184266310748214,0.232629347570071,50930.3882615955,5.09303882615955,2.9117,0,"2025",NA
2025,10,"170314603012",0.045899,63592.93,2,35156,23289,0,0.182931616550208,0.229645913480411,0.184266310748214,0.232629347570071,50930.3882615955,5.09303882615955,3.5156,0,"2025",NA
2025,10,"170314608001",0.000162,225,1,32553,13974,0,0.182931616550208,0.229645913480411,0.184266310748214,0.232629347570071,50930.3882615955,5.09303882615955,3.2553,0,"2025",NA
2025,10,"170314608002",0.027772,38479.82,3,39516,34948,0,0.182931616550208,0.229645913480411,0.184266310748214,0.232629347570071,50930.3882615955,5.09303882615955,3.9516,0,"2025",NA
2025,10,"170314608003",0.000696,964.26,6,22073,15753,0,0.182931616550208,0.229645913480411,0.184266310748214,0.232629347570071,50930.3882615955,5.09303882615955,2.2073,0,"2025",NA
2025,10,"170314610001",0.000742,1028.55,6,14311,2622,0,0.182931616550208,0.229645913480411,0.184266310748214,0.232629347570071,50930.3882615955,5.09303882615955,1.4311,0,"2025",NA
2025,10,"170315101001",0.05747,79625.05,3,69625,37300,0,0.182931616550208,0.229645913480411,0.184266310748214,0.232629347570071,50930.3882615955,5.09303882615955,6.9625,0,"2025",NA
2025,10,"170315101002",0.029431,40776.48,1,72083,35582,0,0.182931616550208,0.229645913480411,0.184266310748214,0.232629347570071,50930.3882615955,5.09303882615955,7.2083,0,"2025",NA
2025,10,"170315202002",0.052835,73203.52,2,93088,40427,0,0.182931616550208,0.229645913480411,0.184266310748214,0.232629347570071,50930.3882615955,5.09303882615955,9.3088,0,"2025",NA
2025,10,"170315203001",0.227251,314855.3,3,55958,26312,0,0.182931616550208,0.229645913480411,0.184266310748214,0.232629347570071,50930.3882615955,5.09303882615955,5.5958,0,"2025",NA
2025,10,"170315203002",0.022384,31012.55,1,71938,9256,0,0.182931616550208,0.229645913480411,0.184266310748214,0.232629347570071,50930.3882615955,5.09303882615955,7.1938,0,"2025",NA
2025,10,"170315203003",0.017377,24075.72,2,50574,14236,0,0.182931616550208,0.229645913480411,0.184266310748214,0.232629347570071,50930.3882615955,5.09303882615955,5.0574,0,"2025",NA
2025,10,"170315203004",0.000232,321.42,2,45654,9344,0,0.182931616550208,0.229645913480411,0.184266310748214,0.232629347570071,50930.3882615955,5.09303882615955,4.5654,0,"2025",NA
2025,10,"170315204002",0.001761,2440,1,49492,25342,0,0.182931616550208,0.229645913480411,0.184266310748214,0.232629347570071,50930.3882615955,5.09303882615955,4.9492,0,"2025",NA
2025,10,"170315204003",0.047053,65192.75,2,58224,25278,0,0.182931616550208,0.229645913480411,0.184266310748214,0.232629347570071,50930.3882615955,5.09303882615955,5.8224,0,"2025",NA
2025,10,"170315205001",0.002349,3254.02,1,96000,78268,0,0.182931616550208,0.229645913480411,0.184266310748214,0.232629347570071,50930.3882615955,5.09303882615955,9.6,0,"2025",NA
2025,10,"170315205003",0.10473,145102.81,3,88125,42950,0,0.182931616550208,0.229645913480411,0.184266310748214,0.232629347570071,50930.3882615955,5.09303882615955,8.8125,0,"2025",NA
2025,10,"170315206001",0.045473,63001.95,4,70750,11317,0,0.182931616550208,0.229645913480411,0.184266310748214,0.232629347570071,50930.3882615955,5.09303882615955,7.075,0,"2025",NA
2025,10,"170315401011",0.060711,84114.97,1,20182,16605,0,0.182931616550208,0.229645913480411,0.184266310748214,0.232629347570071,50930.3882615955,5.09303882615955,2.0182,0,"2025",NA
2025,10,"170315401012",0.001761,2440,1,11858,9511,0,0.182931616550208,0.229645913480411,0.184266310748214,0.232629347570071,50930.3882615955,5.09303882615955,1.1858,0,"2025",NA
2025,10,"170315401023",0.015764,21841.14,2,33836,2872,0,0.182931616550208,0.229645913480411,0.184266310748214,0.232629347570071,50930.3882615955,5.09303882615955,3.3836,0,"2025",NA
2025,10,"170315501001",0.005143,7126.68,2,33739,14990,0,0.182931616550208,0.229645913480411,0.184266310748214,0.232629347570071,50930.3882615955,5.09303882615955,3.3739,0,"2025",NA
2025,10,"170315501002",0.026658,36934.25,1,167682,4361,0,0.182931616550208,0.229645913480411,0.184266310748214,0.232629347570071,50930.3882615955,5.09303882615955,16.7682,0,"2025",NA
2025,10,"170315501003",0.003226,4469.37,1,39051,24951,0,0.182931616550208,0.229645913480411,0.184266310748214,0.232629347570071,50930.3882615955,5.09303882615955,3.9051,0,"2025",NA
2025,10,"170315501004",0.000476,660,1,106161,54136,0,0.182931616550208,0.229645913480411,0.184266310748214,0.232629347570071,50930.3882615955,5.09303882615955,10.6161,0,"2025",NA
2025,10,"170315502002",0.046539,64478.45,3,51282,10687,0,0.182931616550208,0.229645913480411,0.184266310748214,0.232629347570071,50930.3882615955,5.09303882615955,5.1282,0,"2025",NA
2025,10,"170318257001",0.000476,660,1,48125,22058,0,0.182931616550208,0.229645913480411,0.184266310748214,0.232629347570071,50930.3882615955,5.09303882615955,4.8125,0,"2025",NA
2025,10,"170318258023",0.000116,160.71,1,66645,33911,0,0.182931616550208,0.229645913480411,0.184266310748214,0.232629347570071,50930.3882615955,5.09303882615955,6.6645,0,"2025",NA
2025,10,"170318339001",0.000162,225,1,36518,30127,0,0.182931616550208,0.229645913480411,0.184266310748214,0.232629347570071,50930.3882615955,5.09303882615955,3.6518,0,"2025",NA
2025,10,"170318339002",0.000162,225,1,40949,6123,0,0.182931616550208,0.229645913480411,0.184266310748214,0.232629347570071,50930.3882615955,5.09303882615955,4.0949,0,"2025",NA
2025,10,"170318388002",0.005399,7480.71,2,25366,8156,0,0.182931616550208,0.229645913480411,0.184266310748214,0.232629347570071,50930.3882615955,5.09303882615955,2.5366,0,"2025",NA
2025,11,"170313302001",0.013004,18778.95,1,17429,10005,0,0.14889923459323,0.188747731397459,0.125700307740866,0.204134774717904,69795.5362382264,6.97955362382264,1.7429,0,"2025",NA
2025,11,"170313403001",0.006438,9296.81,1,50543,12374,0,0.14889923459323,0.188747731397459,0.125700307740866,0.204134774717904,69795.5362382264,6.97955362382264,5.0543,0,"2025",NA
2025,11,"170315907002",0.002894,4178.88,1,67797,6293,0,0.14889923459323,0.188747731397459,0.125700307740866,0.204134774717904,69795.5362382264,6.97955362382264,6.7797,0,"2025",NA
2025,11,"170316006001",0.002824,4078.87,1,88313,23373,0,0.14889923459323,0.188747731397459,0.125700307740866,0.204134774717904,69795.5362382264,6.97955362382264,8.8313,0,"2025",NA
2025,11,"170316007001",0.191438,276462.84,1,69178,6466,0,0.14889923459323,0.188747731397459,0.125700307740866,0.204134774717904,69795.5362382264,6.97955362382264,6.9178,0,"2025",NA
2025,11,"170316007002",0.002856,4124.74,1,38603,20655,0,0.14889923459323,0.188747731397459,0.125700307740866,0.204134774717904,69795.5362382264,6.97955362382264,3.8603,0,"2025",NA
2025,11,"170316009002",0.081185,117242.35,3,54710,7508,0,0.14889923459323,0.188747731397459,0.125700307740866,0.204134774717904,69795.5362382264,6.97955362382264,5.471,0,"2025",NA
2025,11,"170316009004",0.002447,3533.84,1,101012,68635,0,0.14889923459323,0.188747731397459,0.125700307740866,0.204134774717904,69795.5362382264,6.97955362382264,10.1012,0,"2025",NA
2025,11,"170318397001",0.07101,102548.3,2,91488,40158,0,0.14889923459323,0.188747731397459,0.125700307740866,0.204134774717904,69795.5362382264,6.97955362382264,9.1488,0,"2025",NA
2025,11,"170318397002",0.006475,9350.14,1,100303,45974,0,0.14889923459323,0.188747731397459,0.125700307740866,0.204134774717904,69795.5362382264,6.97955362382264,10.0303,0,"2025",NA
2025,11,"170318397003",0.054307,78426.41,7,81154,56216,0,0.14889923459323,0.188747731397459,0.125700307740866,0.204134774717904,69795.5362382264,6.97955362382264,8.1154,0,"2025",NA
2025,11,"170318398003",0.023207,33514.26,1,124091,41634,0,0.14889923459323,0.188747731397459,0.125700307740866,0.204134774717904,69795.5362382264,6.97955362382264,12.4091,0,"2025",NA
2025,11,"170318399001",0.058174,84011.91,4,88458,36249,0,0.14889923459323,0.188747731397459,0.125700307740866,0.204134774717904,69795.5362382264,6.97955362382264,8.8458,0,"2025",NA
2025,11,"170318399003",0.029048,41949.21,2,87664,21718,0,0.14889923459323,0.188747731397459,0.125700307740866,0.204134774717904,69795.5362382264,6.97955362382264,8.7664,0,"2025",NA
2025,11,"170318399004",0.000346,500,2,69306,42610,0,0.14889923459323,0.188747731397459,0.125700307740866,0.204134774717904,69795.5362382264,6.97955362382264,6.9306,0,"2025",NA
2025,11,"170318399005",0.052392,75660.69,3,66169,32151,0,0.14889923459323,0.188747731397459,0.125700307740866,0.204134774717904,69795.5362382264,6.97955362382264,6.6169,0,"2025",NA
2025,11,"170318400001",0.003379,4880,1,93816,29629,0,0.14889923459323,0.188747731397459,0.125700307740866,0.204134774717904,69795.5362382264,6.97955362382264,9.3816,0,"2025",NA
2025,11,"170318400002",0.005415,7820,3,73920,35638,0,0.14889923459323,0.188747731397459,0.125700307740866,0.204134774717904,69795.5362382264,6.97955362382264,7.392,0,"2025",NA
2025,11,"170318401001",0.006925,10000,1,65174,17165,0,0.14889923459323,0.188747731397459,0.125700307740866,0.204134774717904,69795.5362382264,6.97955362382264,6.5174,0,"2025",NA
2025,11,"170318402001",0.111627,161203.57,4,51771,26004,0,0.14889923459323,0.188747731397459,0.125700307740866,0.204134774717904,69795.5362382264,6.97955362382264,5.1771,0,"2025",NA
2025,11,"170318404002",0.002868,4142.11,1,75156,66974,0,0.14889923459323,0.188747731397459,0.125700307740866,0.204134774717904,69795.5362382264,6.97955362382264,7.5156,0,"2025",NA
2025,11,"170318411003",0.156104,225434.08,5,75677,55741,0,0.14889923459323,0.188747731397459,0.125700307740866,0.204134774717904,69795.5362382264,6.97955362382264,7.5677,0,"2025",NA
2025,11,"170318426003",0.005069,7320,1,90509,37718,0,0.14889923459323,0.188747731397459,0.125700307740866,0.204134774717904,69795.5362382264,6.97955362382264,9.0509,0,"2025",NA
2025,12,"170315801002",0.133014,140314.29,2,39272,25994,1,0.180916228108015,0.276507635234233,0.16926926063325,0.207402294883962,61616.042910899,6.1616042910899,3.9272,3.9272,"2025",NA
2025,12,"170315804003",0.004078,4301.67,1,57904,16168,1,0.180916228108015,0.276507635234233,0.16926926063325,0.207402294883962,61616.042910899,6.1616042910899,5.7904,5.7904,"2025",NA
2025,12,"170315804004",0.067015,70693.36,2,65417,57497,1,0.180916228108015,0.276507635234233,0.16926926063325,0.207402294883962,61616.042910899,6.1616042910899,6.5417,6.5417,"2025",NA
2025,12,"170315805013",0.01776,18735.26,2,48924,37292,1,0.180916228108015,0.276507635234233,0.16926926063325,0.207402294883962,61616.042910899,6.1616042910899,4.8924,4.8924,"2025",NA
2025,12,"170315805023",0.009195,9699.31,2,60552,4472,1,0.180916228108015,0.276507635234233,0.16926926063325,0.207402294883962,61616.042910899,6.1616042910899,6.0552,6.0552,"2025",NA
2025,12,"170315806003",0.061682,65066.98,2,51444,34400,1,0.180916228108015,0.276507635234233,0.16926926063325,0.207402294883962,61616.042910899,6.1616042910899,5.1444,5.1444,"2025",NA
2025,12,"170315905001",0.201496,212554.7,4,72383,30497,1,0.180916228108015,0.276507635234233,0.16926926063325,0.207402294883962,61616.042910899,6.1616042910899,7.2383,7.2383,"2025",NA
2025,12,"170315907002",0.049661,52387.13,1,67797,6293,1,0.180916228108015,0.276507635234233,0.16926926063325,0.207402294883962,61616.042910899,6.1616042910899,6.7797,6.7797,"2025",NA
2025,12,"170318403002",0.084802,89457.16,3,76648,38514,1,0.180916228108015,0.276507635234233,0.16926926063325,0.207402294883962,61616.042910899,6.1616042910899,7.6648,7.6648,"2025",NA
2025,12,"170318403003",0.1169,123316.34,3,77841,32114,1,0.180916228108015,0.276507635234233,0.16926926063325,0.207402294883962,61616.042910899,6.1616042910899,7.7841,7.7841,"2025",NA
2025,12,"170318404002",0.006283,6627.62,1,75156,66974,1,0.180916228108015,0.276507635234233,0.16926926063325,0.207402294883962,61616.042910899,6.1616042910899,7.5156,7.5156,"2025",NA
2025,13,"170315610001",0.000448,672.54,1,62983,10164,0,0.0842296872414364,0.174747641899719,0.186000330961443,0.252854542445805,80916.937762012,8.09169377620121,6.2983,0,"2025",NA
2025,13,"170315610002",0.019324,28984.35,5,150380,112238,0,0.0842296872414364,0.174747641899719,0.186000330961443,0.252854542445805,80916.937762012,8.09169377620121,15.038,0,"2025",NA
2025,13,"170315610003",0.044467,66698.68,2,108255,62957,0,0.0842296872414364,0.174747641899719,0.186000330961443,0.252854542445805,80916.937762012,8.09169377620121,10.8255,0,"2025",NA
2025,13,"170315610004",0.086624,129935.67,5,114000,41717,0,0.0842296872414364,0.174747641899719,0.186000330961443,0.252854542445805,80916.937762012,8.09169377620121,11.4,0,"2025",NA
2025,13,"170315610005",0.091222,136832.26,7,114350,112831,0,0.0842296872414364,0.174747641899719,0.186000330961443,0.252854542445805,80916.937762012,8.09169377620121,11.435,0,"2025",NA
2025,13,"170315611002",0.011622,17431.92,2,110795,30013,0,0.0842296872414364,0.174747641899719,0.186000330961443,0.252854542445805,80916.937762012,8.09169377620121,11.0795,0,"2025",NA
2025,13,"170315611005",0.037229,55843.88,8,138029,34659,0,0.0842296872414364,0.174747641899719,0.186000330961443,0.252854542445805,80916.937762012,8.09169377620121,13.8029,0,"2025",NA
2025,13,"170315611006",0.052187,78279.95,5,94083,45992,0,0.0842296872414364,0.174747641899719,0.186000330961443,0.252854542445805,80916.937762012,8.09169377620121,9.4083,0,"2025",NA
2025,13,"170316203001",0.002662,3993.19,1,84226,46859,0,0.0842296872414364,0.174747641899719,0.186000330961443,0.252854542445805,80916.937762012,8.09169377620121,8.4226,0,"2025",NA
2025,13,"170316203002",0.000666,1000,2,96563,63214,0,0.0842296872414364,0.174747641899719,0.186000330961443,0.252854542445805,80916.937762012,8.09169377620121,9.6563,0,"2025",NA
2025,13,"170316203003",0.003216,4824.15,2,66855,50381,0,0.0842296872414364,0.174747641899719,0.186000330961443,0.252854542445805,80916.937762012,8.09169377620121,6.6855,0,"2025",NA
2025,13,"170316203004",0.059341,89010.43,2,65965,11803,0,0.0842296872414364,0.174747641899719,0.186000330961443,0.252854542445805,80916.937762012,8.09169377620121,6.5965,0,"2025",NA
2025,13,"170316203005",0.002416,3625,2,103036,16092,0,0.0842296872414364,0.174747641899719,0.186000330961443,0.252854542445805,80916.937762012,8.09169377620121,10.3036,0,"2025",NA
2025,13,"170316203006",0.003749,5624.01,1,57621,52473,0,0.0842296872414364,0.174747641899719,0.186000330961443,0.252854542445805,80916.937762012,8.09169377620121,5.7621,0,"2025",NA
2025,13,"170316401001",0.004437,6656.06,1,67585,19948,0,0.0842296872414364,0.174747641899719,0.186000330961443,0.252854542445805,80916.937762012,8.09169377620121,6.7585,0,"2025",NA
2025,13,"170316403002",0.011146,16719.05,2,98036,61623,0,0.0842296872414364,0.174747641899719,0.186000330961443,0.252854542445805,80916.937762012,8.09169377620121,9.8036,0,"2025",NA
2025,13,"170316403004",0.007402,11102.76,2,123857,18993,0,0.0842296872414364,0.174747641899719,0.186000330961443,0.252854542445805,80916.937762012,8.09169377620121,12.3857,0,"2025",NA
2025,13,"170316403006",0.071702,107554.06,12,124545,22038,0,0.0842296872414364,0.174747641899719,0.186000330961443,0.252854542445805,80916.937762012,8.09169377620121,12.4545,0,"2025",NA
2025,13,"170316404001",0.040532,60798.13,9,96071,22808,0,0.0842296872414364,0.174747641899719,0.186000330961443,0.252854542445805,80916.937762012,8.09169377620121,9.6071,0,"2025",NA
2025,13,"170316404002",0.049496,74247.86,10,74219,40703,0,0.0842296872414364,0.174747641899719,0.186000330961443,0.252854542445805,80916.937762012,8.09169377620121,7.4219,0,"2025",NA
2025,13,"170316405001",0.013729,20593.13,5,103996,21685,0,0.0842296872414364,0.174747641899719,0.186000330961443,0.252854542445805,80916.937762012,8.09169377620121,10.3996,0,"2025",NA
2025,13,"170316405002",0.013912,20868.7,4,61326,21360,0,0.0842296872414364,0.174747641899719,0.186000330961443,0.252854542445805,80916.937762012,8.09169377620121,6.1326,0,"2025",NA
2025,13,"170316406001",0.012221,18331.56,2,45649,32640,0,0.0842296872414364,0.174747641899719,0.186000330961443,0.252854542445805,80916.937762012,8.09169377620121,4.5649,0,"2025",NA
2025,13,"170316406003",0.008606,12909.15,4,73176,9709,0,0.0842296872414364,0.174747641899719,0.186000330961443,0.252854542445805,80916.937762012,8.09169377620121,7.3176,0,"2025",NA
2025,13,"170316407001",0.000333,500,1,78859,8174,0,0.0842296872414364,0.174747641899719,0.186000330961443,0.252854542445805,80916.937762012,8.09169377620121,7.8859,0,"2025",NA
2025,13,"170316407002",0.001469,2204.16,1,100682,86957,0,0.0842296872414364,0.174747641899719,0.186000330961443,0.252854542445805,80916.937762012,8.09169377620121,10.0682,0,"2025",NA
2025,13,"170316407004",0.00196,2940,2,85750,63165,0,0.0842296872414364,0.174747641899719,0.186000330961443,0.252854542445805,80916.937762012,8.09169377620121,8.575,0,"2025",NA
2025,13,"170316408001",0.000666,1000,2,66630,17330,0,0.0842296872414364,0.174747641899719,0.186000330961443,0.252854542445805,80916.937762012,8.09169377620121,6.663,0,"2025",NA
2025,13,"170316408002",0.041117,61674.96,3,29213,1733,0,0.0842296872414364,0.174747641899719,0.186000330961443,0.252854542445805,80916.937762012,8.09169377620121,2.9213,0,"2025",NA
2025,13,"170316502001",0.010928,16391.02,3,156020,34206,0,0.0842296872414364,0.174747641899719,0.186000330961443,0.252854542445805,80916.937762012,8.09169377620121,15.602,0,"2025",NA
2025,13,"170316502002",0.012393,18588.28,5,36875,24785,0,0.0842296872414364,0.174747641899719,0.186000330961443,0.252854542445805,80916.937762012,8.09169377620121,3.6875,0,"2025",NA
2025,13,"170316502003",0.018743,28114.04,3,100406,47803,0,0.0842296872414364,0.174747641899719,0.186000330961443,0.252854542445805,80916.937762012,8.09169377620121,10.0406,0,"2025",NA
2025,13,"170316502004",0.009731,14595.34,2,86304,29520,0,0.0842296872414364,0.174747641899719,0.186000330961443,0.252854542445805,80916.937762012,8.09169377620121,8.6304,0,"2025",NA
2025,13,"170316502006",0.002143,3213.93,1,141618,18716,0,0.0842296872414364,0.174747641899719,0.186000330961443,0.252854542445805,80916.937762012,8.09169377620121,14.1618,0,"2025",NA
2025,13,"170316503011",0.015308,22961.02,5,41406,20681,0,0.0842296872414364,0.174747641899719,0.186000330961443,0.252854542445805,80916.937762012,8.09169377620121,4.1406,0,"2025",NA
2025,13,"170316503012",0.054267,81399.47,4,95208,41773,0,0.0842296872414364,0.174747641899719,0.186000330961443,0.252854542445805,80916.937762012,8.09169377620121,9.5208,0,"2025",NA
2025,13,"170316503013",0.017008,25509.37,5,44440,25499,0,0.0842296872414364,0.174747641899719,0.186000330961443,0.252854542445805,80916.937762012,8.09169377620121,4.444,0,"2025",NA
2025,14,"170315701001",0.005038,7456.38,1,73462,9398,0,0.123267995944576,0.245944575870226,0.180635349780331,0.235299087529571,60072.632864327,6.0072632864327,7.3462,0,"2025",NA
2025,14,"170315703001",0.031708,46929.78,1,56058,21642,0,0.123267995944576,0.245944575870226,0.180635349780331,0.235299087529571,60072.632864327,6.0072632864327,5.6058,0,"2025",NA
2025,14,"170315703002",0.000734,1086.4,1,53531,25538,0,0.123267995944576,0.245944575870226,0.180635349780331,0.235299087529571,60072.632864327,6.0072632864327,5.3531,0,"2025",NA
2025,14,"170315703003",0.025193,37286.57,1,80857,17666,0,0.123267995944576,0.245944575870226,0.180635349780331,0.235299087529571,60072.632864327,6.0072632864327,8.0857,0,"2025",NA
2025,14,"170315704001",0.006835,10115.53,1,82845,34868,0,0.123267995944576,0.245944575870226,0.180635349780331,0.235299087529571,60072.632864327,6.0072632864327,8.2845,0,"2025",NA
2025,14,"170316204002",0.070984,105059.95,2,57050,28707,0,0.123267995944576,0.245944575870226,0.180635349780331,0.235299087529571,60072.632864327,6.0072632864327,5.705,0,"2025",NA
2025,14,"170316303001",0.010002,14803.09,1,60202,39094,0,0.123267995944576,0.245944575870226,0.180635349780331,0.235299087529571,60072.632864327,6.0072632864327,6.0202,0,"2025",NA
2025,14,"170316303002",0.038609,57144.17,3,71821,35489,0,0.123267995944576,0.245944575870226,0.180635349780331,0.235299087529571,60072.632864327,6.0072632864327,7.1821,0,"2025",NA
2025,14,"170316304002",0.071584,105949.06,5,91719,52772,0,0.123267995944576,0.245944575870226,0.180635349780331,0.235299087529571,60072.632864327,6.0072632864327,9.1719,0,"2025",NA
2025,14,"170316304004",0.004972,7359.48,1,35511,10953,0,0.123267995944576,0.245944575870226,0.180635349780331,0.235299087529571,60072.632864327,6.0072632864327,3.5511,0,"2025",NA
2025,14,"170316305002",0.042967,63592.93,2,63098,27384,0,0.123267995944576,0.245944575870226,0.180635349780331,0.235299087529571,60072.632864327,6.0072632864327,6.3098,0,"2025",NA
2025,14,"170316306001",0.037857,56029.91,2,69091,20127,0,0.123267995944576,0.245944575870226,0.180635349780331,0.235299087529571,60072.632864327,6.0072632864327,6.9091,0,"2025",NA
2025,14,"170316308001",0.003559,5267.38,2,95125,42894,0,0.123267995944576,0.245944575870226,0.180635349780331,0.235299087529571,60072.632864327,6.0072632864327,9.5125,0,"2025",NA
2025,14,"170316308004",0.009818,14531.13,1,41614,14808,0,0.123267995944576,0.245944575870226,0.180635349780331,0.235299087529571,60072.632864327,6.0072632864327,4.1614,0,"2025",NA
2025,14,"170316309001",0.016026,23717.86,6,40594,18859,0,0.123267995944576,0.245944575870226,0.180635349780331,0.235299087529571,60072.632864327,6.0072632864327,4.0594,0,"2025",NA
2025,14,"170316309002",0.095791,141775.2,6,32822,29661,0,0.123267995944576,0.245944575870226,0.180635349780331,0.235299087529571,60072.632864327,6.0072632864327,3.2822,0,"2025",NA
2025,14,"170316309003",0.017193,25446.73,1,89191,53897,0,0.123267995944576,0.245944575870226,0.180635349780331,0.235299087529571,60072.632864327,6.0072632864327,8.9191,0,"2025",NA
2025,14,"170316603022",0.076637,113427.36,1,23161,22126,0,0.123267995944576,0.245944575870226,0.180635349780331,0.235299087529571,60072.632864327,6.0072632864327,2.3161,0,"2025",NA
2025,14,"170316604003",0.11883,175875.33,4,82083,46346,0,0.123267995944576,0.245944575870226,0.180635349780331,0.235299087529571,60072.632864327,6.0072632864327,8.2083,0,"2025",NA
2025,14,"170316605004",0.010035,14852.72,1,67153,14164,0,0.123267995944576,0.245944575870226,0.180635349780331,0.235299087529571,60072.632864327,6.0072632864327,6.7153,0,"2025",NA
2025,14,"170316608005",0.002786,4123.55,1,26432,14085,0,0.123267995944576,0.245944575870226,0.180635349780331,0.235299087529571,60072.632864327,6.0072632864327,2.6432,0,"2025",NA
2025,14,"170318350003",0.036133,53479.55,3,57799,42690,0,0.123267995944576,0.245944575870226,0.180635349780331,0.235299087529571,60072.632864327,6.0072632864327,5.7799,0,"2025",NA
2025,14,"170318428004",0.060978,90251.1,1,21058,10852,0,0.123267995944576,0.245944575870226,0.180635349780331,0.235299087529571,60072.632864327,6.0072632864327,2.1058,0,"2025",NA
2025,15,"170315801002",0.001485,2175,1,39272,25994,0,0.220026178010471,0.279973821989529,0.198167539267016,0.178664921465969,49556.2355905325,4.95562355905325,3.9272,0,"2025",NA
2025,15,"170315808001",0.00396,5800,1,67679,21317,0,0.220026178010471,0.279973821989529,0.198167539267016,0.178664921465969,49556.2355905325,4.95562355905325,6.7679,0,"2025",NA
2025,15,"170316108001",0.049714,72814.62,5,125250,43785,0,0.220026178010471,0.279973821989529,0.198167539267016,0.178664921465969,49556.2355905325,4.95562355905325,12.525,0,"2025",NA
2025,15,"170316114001",0.03601,52742.5,4,79175,64976,0,0.220026178010471,0.279973821989529,0.198167539267016,0.178664921465969,49556.2355905325,4.95562355905325,7.9175,0,"2025",NA
2025,15,"170316115002",0.000341,500,1,62500,22642,0,0.220026178010471,0.279973821989529,0.198167539267016,0.178664921465969,49556.2355905325,4.95562355905325,6.25,0,"2025",NA
2025,15,"170316305001",0.003332,4880,1,52424,15952,0,0.220026178010471,0.279973821989529,0.198167539267016,0.178664921465969,49556.2355905325,4.95562355905325,5.2424,0,"2025",NA
2025,15,"170316305002",0.036297,53162.37,4,63098,27384,0,0.220026178010471,0.279973821989529,0.198167539267016,0.178664921465969,49556.2355905325,4.95562355905325,6.3098,0,"2025",NA
2025,15,"170316305003",0.001485,2175,1,61757,18605,0,0.220026178010471,0.279973821989529,0.198167539267016,0.178664921465969,49556.2355905325,4.95562355905325,6.1757,0,"2025",NA
2025,15,"170316306002",0.020295,29726.28,1,28950,9339,0,0.220026178010471,0.279973821989529,0.198167539267016,0.178664921465969,49556.2355905325,4.95562355905325,2.895,0,"2025",NA
2025,15,"170316308002",0.0226,33102.09,1,128995,30855,0,0.220026178010471,0.279973821989529,0.198167539267016,0.178664921465969,49556.2355905325,4.95562355905325,12.8995,0,"2025",NA
2025,15,"170316308003",0.014538,21293.3,2,63845,999,0,0.220026178010471,0.279973821989529,0.198167539267016,0.178664921465969,49556.2355905325,4.95562355905325,6.3845,0,"2025",NA
2025,15,"170316603011",0.031167,45649.72,3,28846,10645,0,0.220026178010471,0.279973821989529,0.198167539267016,0.178664921465969,49556.2355905325,4.95562355905325,2.8846,0,"2025",NA
2025,15,"170316603021",0.080786,118325.11,2,39734,24435,0,0.220026178010471,0.279973821989529,0.198167539267016,0.178664921465969,49556.2355905325,4.95562355905325,3.9734,0,"2025",NA
2025,15,"170316603023",0.000111,162.32,1,48174,8010,0,0.220026178010471,0.279973821989529,0.198167539267016,0.178664921465969,49556.2355905325,4.95562355905325,4.8174,0,"2025",NA
2025,15,"170316603024",0.000111,162.32,1,54101,19525,0,0.220026178010471,0.279973821989529,0.198167539267016,0.178664921465969,49556.2355905325,4.95562355905325,5.4101,0,"2025",NA
2025,15,"170316606003",0.024734,36227.35,2,48630,31154,0,0.220026178010471,0.279973821989529,0.198167539267016,0.178664921465969,49556.2355905325,4.95562355905325,4.863,0,"2025",NA
2025,15,"170316606004",0.006103,8939.13,1,37536,28855,0,0.220026178010471,0.279973821989529,0.198167539267016,0.178664921465969,49556.2355905325,4.95562355905325,3.7536,0,"2025",NA
2025,15,"170316606005",0.040281,58998.52,2,56464,36903,0,0.220026178010471,0.279973821989529,0.198167539267016,0.178664921465969,49556.2355905325,4.95562355905325,5.6464,0,"2025",NA
2025,15,"170316608005",0.038113,55823.84,4,26432,14085,0,0.220026178010471,0.279973821989529,0.198167539267016,0.178664921465969,49556.2355905325,4.95562355905325,2.6432,0,"2025",NA
2025,15,"170316610003",0.121908,178555.35,1,54031,9649,0,0.220026178010471,0.279973821989529,0.198167539267016,0.178664921465969,49556.2355905325,4.95562355905325,5.4031,0,"2025",NA
2025,15,"170316704001",0.000682,1000,2,33482,17792,0,0.220026178010471,0.279973821989529,0.198167539267016,0.178664921465969,49556.2355905325,4.95562355905325,3.3482,0,"2025",NA
2025,15,"170316705001",0.002999,4393.26,3,29856,5180,0,0.220026178010471,0.279973821989529,0.198167539267016,0.178664921465969,49556.2355905325,4.95562355905325,2.9856,0,"2025",NA
2025,15,"170316707001",0.00329,4818.26,1,40223,18830,0,0.220026178010471,0.279973821989529,0.198167539267016,0.178664921465969,49556.2355905325,4.95562355905325,4.0223,0,"2025",NA
2025,15,"170316712001",0.003809,5579.48,2,42143,13179,0,0.220026178010471,0.279973821989529,0.198167539267016,0.178664921465969,49556.2355905325,4.95562355905325,4.2143,0,"2025",NA
2025,15,"170316713001",0.00099,1450,1,28000,18540,0,0.220026178010471,0.279973821989529,0.198167539267016,0.178664921465969,49556.2355905325,4.95562355905325,2.8,0,"2025",NA
2025,15,"170318350003",0.003332,4880,1,57799,42690,0,0.220026178010471,0.279973821989529,0.198167539267016,0.178664921465969,49556.2355905325,4.95562355905325,5.7799,0,"2025",NA
2025,15,"170318351001",0.010204,14946.01,1,46509,8938,0,0.220026178010471,0.279973821989529,0.198167539267016,0.178664921465969,49556.2355905325,4.95562355905325,4.6509,0,"2025",NA
2025,15,"170318351004",0.080534,117956.08,5,132513,60018,0,0.220026178010471,0.279973821989529,0.198167539267016,0.178664921465969,49556.2355905325,4.95562355905325,13.2513,0,"2025",NA
2025,15,"170318382002",0.02928,42885.25,2,250001,NA,0,0.220026178010471,0.279973821989529,0.198167539267016,0.178664921465969,49556.2355905325,4.95562355905325,25.0001,0,"2025",NA
2025,15,"170318438001",0.018319,26831.75,1,72807,56221,0,0.220026178010471,0.279973821989529,0.198167539267016,0.178664921465969,49556.2355905325,4.95562355905325,7.2807,0,"2025",NA
2025,16,"170315801002",0.051946,66940.12,3,39272,25994,0,0.258339471745764,0.262864358623593,0.185836051773124,0.170472482373987,39662.2579623976,3.96622579623976,3.9272,0,"2025",NA
2025,16,"170316114002",0.015632,20144.81,2,22454,17715,0,0.258339471745764,0.262864358623593,0.185836051773124,0.170472482373987,39662.2579623976,3.96622579623976,2.2454,0,"2025",NA
2025,16,"170316116001",0.000388,500,1,53702,44220,0,0.258339471745764,0.262864358623593,0.185836051773124,0.170472482373987,39662.2579623976,3.96622579623976,5.3702,0,"2025",NA
2025,16,"170316117001",0.08774,113066.27,4,83622,30515,0,0.258339471745764,0.262864358623593,0.185836051773124,0.170472482373987,39662.2579623976,3.96622579623976,8.3622,0,"2025",NA
2025,16,"170316117002",0.013018,16776.13,1,48125,26396,0,0.258339471745764,0.262864358623593,0.185836051773124,0.170472482373987,39662.2579623976,3.96622579623976,4.8125,0,"2025",NA
2025,16,"170316119001",0.0598,77061.48,3,35286,17469,0,0.258339471745764,0.262864358623593,0.185836051773124,0.170472482373987,39662.2579623976,3.96622579623976,3.5286,0,"2025",NA
2025,16,"170316607001",0.030189,38903.73,1,35094,15764,0,0.258339471745764,0.262864358623593,0.185836051773124,0.170472482373987,39662.2579623976,3.96622579623976,3.5094,0,"2025",NA
2025,16,"170316608002",0.08068,103968.6,2,28466,6114,0,0.258339471745764,0.262864358623593,0.185836051773124,0.170472482373987,39662.2579623976,3.96622579623976,2.8466,0,"2025",NA
2025,16,"170316609001",0.025333,32645.21,1,41402,22756,0,0.258339471745764,0.262864358623593,0.185836051773124,0.170472482373987,39662.2579623976,3.96622579623976,4.1402,0,"2025",NA
2025,16,"170316701002",0.03695,47615.34,1,30625,26660,0,0.258339471745764,0.262864358623593,0.185836051773124,0.170472482373987,39662.2579623976,3.96622579623976,3.0625,0,"2025",NA
2025,16,"170316707002",0.036349,46841.52,2,27865,10640,0,0.258339471745764,0.262864358623593,0.185836051773124,0.170472482373987,39662.2579623976,3.96622579623976,2.7865,0,"2025",NA
2025,16,"170316708001",0.027921,35980.15,2,64643,34006,0,0.258339471745764,0.262864358623593,0.185836051773124,0.170472482373987,39662.2579623976,3.96622579623976,6.4643,0,"2025",NA
2025,16,"170316709002",0.132368,170576.84,3,29038,14525,0,0.258339471745764,0.262864358623593,0.185836051773124,0.170472482373987,39662.2579623976,3.96622579623976,2.9038,0,"2025",NA
2025,16,"170316714001",0.003787,4880,1,28943,6422,0,0.258339471745764,0.262864358623593,0.185836051773124,0.170472482373987,39662.2579623976,3.96622579623976,2.8943,0,"2025",NA
2025,16,"170316714002",0.029529,38052.8,1,50850,10886,0,0.258339471745764,0.262864358623593,0.185836051773124,0.170472482373987,39662.2579623976,3.96622579623976,5.085,0,"2025",NA
2025,16,"170316810003",0.003787,4880,1,44333,24341,0,0.258339471745764,0.262864358623593,0.185836051773124,0.170472482373987,39662.2579623976,3.96622579623976,4.4333,0,"2025",NA
2025,16,"170318347001",0.042369,54598.85,1,16711,4413,0,0.258339471745764,0.262864358623593,0.185836051773124,0.170472482373987,39662.2579623976,3.96622579623976,1.6711,0,"2025",NA
2025,16,"170318349002",0.064867,83591.64,1,13944,3764,0,0.258339471745764,0.262864358623593,0.185836051773124,0.170472482373987,39662.2579623976,3.96622579623976,1.3944,0,"2025",NA
2025,16,"170318350004",0.027826,35858.86,1,68787,30040,0,0.258339471745764,0.262864358623593,0.185836051773124,0.170472482373987,39662.2579623976,3.96622579623976,6.8787,0,"2025",NA
2025,16,"170318382002",0.031005,39954.35,1,250001,NA,0,0.258339471745764,0.262864358623593,0.185836051773124,0.170472482373987,39662.2579623976,3.96622579623976,25.0001,0,"2025",NA
2025,17,"170316609002",0.006864,10062.37,1,65625,19778,0,0.230769230769231,0.257507198683669,0.162176059234883,0.198683669271905,44069.8595543326,4.40698595543326,6.5625,0,"2025",NA
2025,17,"170316610001",0.000205,300,1,50000,29366,0,0.230769230769231,0.257507198683669,0.162176059234883,0.198683669271905,44069.8595543326,4.40698595543326,5,0,"2025",NA
2025,17,"170316611004",0.036451,53434.29,1,37388,24033,0,0.230769230769231,0.257507198683669,0.162176059234883,0.198683669271905,44069.8595543326,4.40698595543326,3.7388,0,"2025",NA
2025,17,"170316705001",0.014913,21860.94,1,29856,5180,0,0.230769230769231,0.257507198683669,0.162176059234883,0.198683669271905,44069.8595543326,4.40698595543326,2.9856,0,"2025",NA
2025,17,"170316719001",0.077131,113068.92,1,36337,10445,0,0.230769230769231,0.257507198683669,0.162176059234883,0.198683669271905,44069.8595543326,4.40698595543326,3.6337,0,"2025",NA
2025,17,"170316720001",0.036488,53489.03,1,35291,33889,0,0.230769230769231,0.257507198683669,0.162176059234883,0.198683669271905,44069.8595543326,4.40698595543326,3.5291,0,"2025",NA
2025,17,"170316720002",0.038486,56417.02,1,31364,13523,0,0.230769230769231,0.257507198683669,0.162176059234883,0.198683669271905,44069.8595543326,4.40698595543326,3.1364,0,"2025",NA
2025,17,"170316720003",0.176973,259429.3,2,72861,36376,0,0.230769230769231,0.257507198683669,0.162176059234883,0.198683669271905,44069.8595543326,4.40698595543326,7.2861,0,"2025",NA
2025,17,"170317101001",0.196358,287847.63,6,28287,11458,0,0.230769230769231,0.257507198683669,0.162176059234883,0.198683669271905,44069.8595543326,4.40698595543326,2.8287,0,"2025",NA
2025,17,"170317111002",0.036805,53952.97,1,87109,39978,0,0.230769230769231,0.257507198683669,0.162176059234883,0.198683669271905,44069.8595543326,4.40698595543326,8.7109,0,"2025",NA
2025,17,"170317112001",0.036812,53964.41,1,53031,11954,0,0.230769230769231,0.257507198683669,0.162176059234883,0.198683669271905,44069.8595543326,4.40698595543326,5.3031,0,"2025",NA
2025,17,"170318349001",0.041062,60193.3,2,43083,19960,0,0.230769230769231,0.257507198683669,0.162176059234883,0.198683669271905,44069.8595543326,4.40698595543326,4.3083,0,"2025",NA
2025,17,"170318349002",0.04621,67740.58,2,13944,3764,0,0.230769230769231,0.257507198683669,0.162176059234883,0.198683669271905,44069.8595543326,4.40698595543326,1.3944,0,"2025",NA
2025,18,"170316611002",0.036153,54223.02,1,98529,45344,0,0.109298167188198,0.139919535091641,0.196095961853673,0.295857547310386,75447.4400354826,7.54474400354826,9.8529,0,"2025",NA
2025,18,"170317001001",0.033751,50619.78,1,81728,18355,0,0.109298167188198,0.139919535091641,0.196095961853673,0.295857547310386,75447.4400354826,7.54474400354826,8.1728,0,"2025",NA
2025,18,"170317002001",0.001627,2440,1,98846,87877,0,0.109298167188198,0.139919535091641,0.196095961853673,0.295857547310386,75447.4400354826,7.54474400354826,9.8846,0,"2025",NA
2025,18,"170317002003",0.038156,57226.54,2,62230,5699,0,0.109298167188198,0.139919535091641,0.196095961853673,0.295857547310386,75447.4400354826,7.54474400354826,6.223,0,"2025",NA
2025,18,"170317003011",0.003254,4880,1,92736,39135,0,0.109298167188198,0.139919535091641,0.196095961853673,0.295857547310386,75447.4400354826,7.54474400354826,9.2736,0,"2025",NA
2025,18,"170317003022",0.109814,164700.67,2,96422,36314,0,0.109298167188198,0.139919535091641,0.196095961853673,0.295857547310386,75447.4400354826,7.54474400354826,9.6422,0,"2025",NA
2025,18,"170317004012",0.126605,189883.74,3,98109,10542,0,0.109298167188198,0.139919535091641,0.196095961853673,0.295857547310386,75447.4400354826,7.54474400354826,9.8109,0,"2025",NA
2025,18,"170317004013",0.025493,38233.62,2,110395,78519,0,0.109298167188198,0.139919535091641,0.196095961853673,0.295857547310386,75447.4400354826,7.54474400354826,11.0395,0,"2025",NA
2025,18,"170317004021",0.00422,6329.21,1,79093,3212,0,0.109298167188198,0.139919535091641,0.196095961853673,0.295857547310386,75447.4400354826,7.54474400354826,7.9093,0,"2025",NA
2025,18,"170317004022",0.009761,14640,2,96000,43288,0,0.109298167188198,0.139919535091641,0.196095961853673,0.295857547310386,75447.4400354826,7.54474400354826,9.6,0,"2025",NA
2025,18,"170317004023",0.035627,53434.29,1,111274,13956,0,0.109298167188198,0.139919535091641,0.196095961853673,0.295857547310386,75447.4400354826,7.54474400354826,11.1274,0,"2025",NA
2025,18,"170317005011",0.004814,7220.05,1,63530,48275,0,0.109298167188198,0.139919535091641,0.196095961853673,0.295857547310386,75447.4400354826,7.54474400354826,6.353,0,"2025",NA
2025,18,"170317005012",0.095444,143148.97,3,116250,87815,0,0.109298167188198,0.139919535091641,0.196095961853673,0.295857547310386,75447.4400354826,7.54474400354826,11.625,0,"2025",NA
2025,18,"170317005021",0.044255,66373.4,2,98626,8066,0,0.109298167188198,0.139919535091641,0.196095961853673,0.295857547310386,75447.4400354826,7.54474400354826,9.8626,0,"2025",NA
2025,18,"170317005022",0.091844,137748.46,3,80931,31300,0,0.109298167188198,0.139919535091641,0.196095961853673,0.295857547310386,75447.4400354826,7.54474400354826,8.0931,0,"2025",NA
2025,18,"170317104005",0.017019,25525.37,1,70431,53624,0,0.109298167188198,0.139919535091641,0.196095961853673,0.295857547310386,75447.4400354826,7.54474400354826,7.0431,0,"2025",NA
2025,18,"170317112004",0.027793,41683.49,1,81766,25932,0,0.109298167188198,0.139919535091641,0.196095961853673,0.295857547310386,75447.4400354826,7.54474400354826,8.1766,0,"2025",NA
2025,18,"170317113001",0.00044,660,1,80139,54409,0,0.109298167188198,0.139919535091641,0.196095961853673,0.295857547310386,75447.4400354826,7.54474400354826,8.0139,0,"2025",NA
2025,18,"170317113002",0.04789,71825.64,1,76385,3062,0,0.109298167188198,0.139919535091641,0.196095961853673,0.295857547310386,75447.4400354826,7.54474400354826,7.6385,0,"2025",NA
2025,19,"170317201001",0.023303,34746.38,2,149853,42608,0,0.056049103537393,0.0710709093845905,0.0712324341786464,0.219592957518979,112808.631840165,11.2808631840165,14.9853,0,"2025",NA
2025,19,"170317201002",0.05442,81146.53,2,153897,10238,0,0.056049103537393,0.0710709093845905,0.0712324341786464,0.219592957518979,112808.631840165,11.2808631840165,15.3897,0,"2025",NA
2025,19,"170317202002",0.047279,70498.55,2,95781,17838,0,0.056049103537393,0.0710709093845905,0.0712324341786464,0.219592957518979,112808.631840165,11.2808631840165,9.5781,0,"2025",NA
2025,19,"170317202003",0.002315,3452.27,1,132727,18737,0,0.056049103537393,0.0710709093845905,0.0712324341786464,0.219592957518979,112808.631840165,11.2808631840165,13.2727,0,"2025",NA
2025,19,"170317203003",0.014846,22137.06,1,166250,80529,0,0.056049103537393,0.0710709093845905,0.0712324341786464,0.219592957518979,112808.631840165,11.2808631840165,16.625,0,"2025",NA
2025,19,"170317203004",0.03772,56244.84,1,113438,82997,0,0.056049103537393,0.0710709093845905,0.0712324341786464,0.219592957518979,112808.631840165,11.2808631840165,11.3438,0,"2025",NA
2025,19,"170317205002",0.037842,56426.87,1,102155,14475,0,0.056049103537393,0.0710709093845905,0.0712324341786464,0.219592957518979,112808.631840165,11.2808631840165,10.2155,0,"2025",NA
2025,19,"170317206001",0.029889,44567.72,1,133750,68819,0,0.056049103537393,0.0710709093845905,0.0712324341786464,0.219592957518979,112808.631840165,11.2808631840165,13.375,0,"2025",NA
2025,19,"170317207002",0.110876,165328.03,2,124107,34320,0,0.056049103537393,0.0710709093845905,0.0712324341786464,0.219592957518979,112808.631840165,11.2808631840165,12.4107,0,"2025",NA
2025,19,"170317207003",0.078692,117338.05,1,210227,140333,0,0.056049103537393,0.0710709093845905,0.0712324341786464,0.219592957518979,112808.631840165,11.2808631840165,21.0227,0,"2025",NA
2025,19,"170317402002",0.133483,199037.77,3,114545,35145,0,0.056049103537393,0.0710709093845905,0.0712324341786464,0.219592957518979,112808.631840165,11.2808631840165,11.4545,0,"2025",NA
2025,19,"170317403002",0.003273,4880,1,117419,27002,0,0.056049103537393,0.0710709093845905,0.0712324341786464,0.219592957518979,112808.631840165,11.2808631840165,11.7419,0,"2025",NA
2025,19,"170317403003",0.085617,127662.79,2,101250,27488,0,0.056049103537393,0.0710709093845905,0.0712324341786464,0.219592957518979,112808.631840165,11.2808631840165,10.125,0,"2025",NA
2025,19,"170317404004",0.035839,53439.73,1,143274,64242,0,0.056049103537393,0.0710709093845905,0.0712324341786464,0.219592957518979,112808.631840165,11.2808631840165,14.3274,0,"2025",NA
2025,19,"170317504001",0.121982,181887.91,3,102750,20303,0,0.056049103537393,0.0710709093845905,0.0712324341786464,0.219592957518979,112808.631840165,11.2808631840165,10.275,0,"2025",NA
2025,19,"170317505001",0.056609,84410.1,3,58750,37764,0,0.056049103537393,0.0710709093845905,0.0712324341786464,0.219592957518979,112808.631840165,11.2808631840165,5.875,0,"2025",NA
2025,19,"170317505003",0.03493,52083.75,1,44923,38745,0,0.056049103537393,0.0710709093845905,0.0712324341786464,0.219592957518979,112808.631840165,11.2808631840165,4.4923,0,"2025",NA
2025,19,"170318388002",0.068817,102613.66,3,25366,8156,0,0.056049103537393,0.0710709093845905,0.0712324341786464,0.219592957518979,112808.631840165,11.2808631840165,2.5366,0,"2025",NA
2025,20,"170314003001",0.000543,750,1,71288,31950,0,0.285194755478993,0.285768973107474,0.156665709637286,0.171978179730118,40829.5939671646,4.08295939671646,7.1288,0,"2025",NA
2025,20,"170314008002",0.06393,88348.69,2,12891,10301,0,0.285194755478993,0.285768973107474,0.156665709637286,0.171978179730118,40829.5939671646,4.08295939671646,1.2891,0,"2025",NA
2025,20,"170314202001",0.005934,8199.86,2,39688,23634,0,0.285194755478993,0.285768973107474,0.156665709637286,0.171978179730118,40829.5939671646,4.08295939671646,3.9688,0,"2025",NA
2025,20,"170314203001",0.015669,21654.12,1,42881,3783,0,0.285194755478993,0.285768973107474,0.156665709637286,0.171978179730118,40829.5939671646,4.08295939671646,4.2881,0,"2025",NA
2025,20,"170314204001",0.003531,4880,1,38605,4997,0,0.285194755478993,0.285768973107474,0.156665709637286,0.171978179730118,40829.5939671646,4.08295939671646,3.8605,0,"2025",NA
2025,20,"170314205002",0.000478,660,1,29269,10709,0,0.285194755478993,0.285768973107474,0.156665709637286,0.171978179730118,40829.5939671646,4.08295939671646,2.9269,0,"2025",NA
2025,20,"170314207001",0.078677,108727.69,2,76094,58070,0,0.285194755478993,0.285768973107474,0.156665709637286,0.171978179730118,40829.5939671646,4.08295939671646,7.6094,0,"2025",NA
2025,20,"170314207003",0.106434,147086.12,1,17288,11814,0,0.285194755478993,0.285768973107474,0.156665709637286,0.171978179730118,40829.5939671646,4.08295939671646,1.7288,0,"2025",NA
2025,20,"170314207005",0.135323,187010.16,2,33141,4845,0,0.285194755478993,0.285768973107474,0.156665709637286,0.171978179730118,40829.5939671646,4.08295939671646,3.3141,0,"2025",NA
2025,20,"170316113003",0.005489,7585.44,2,60061,55809,0,0.285194755478993,0.285768973107474,0.156665709637286,0.171978179730118,40829.5939671646,4.08295939671646,6.0061,0,"2025",NA
2025,20,"170316120001",0.108851,150426.36,2,39500,27996,0,0.285194755478993,0.285768973107474,0.156665709637286,0.171978179730118,40829.5939671646,4.08295939671646,3.95,0,"2025",NA
2025,20,"170316120002",0.114414,158114.8,2,65255,20789,0,0.285194755478993,0.285768973107474,0.156665709637286,0.171978179730118,40829.5939671646,4.08295939671646,6.5255,0,"2025",NA
2025,20,"170316121001",0.010399,14371.36,1,25000,23326,0,0.285194755478993,0.285768973107474,0.156665709637286,0.171978179730118,40829.5939671646,4.08295939671646,2.5,0,"2025",NA
2025,20,"170316122003",0.136227,188259.76,2,39479,16799,0,0.285194755478993,0.285768973107474,0.156665709637286,0.171978179730118,40829.5939671646,4.08295939671646,3.9479,0,"2025",NA
2025,20,"170318346001",0.041979,58012.28,1,23717,12127,0,0.285194755478993,0.285768973107474,0.156665709637286,0.171978179730118,40829.5939671646,4.08295939671646,2.3717,0,"2025",NA
2025,20,"170318348002",0.076384,105558.75,2,20281,14490,0,0.285194755478993,0.285768973107474,0.156665709637286,0.171978179730118,40829.5939671646,4.08295939671646,2.0281,0,"2025",NA
2025,21,"170315303003",0.040435,58747.54,2,50813,39945,0,0.182818314188643,0.206843552823168,0.188238149166801,0.226338780132665,63728.3429029204,6.37283429029204,5.0813,0,"2025",NA
2025,21,"170315303004",0.079986,116209.59,4,57192,23436,0,0.182818314188643,0.206843552823168,0.188238149166801,0.226338780132665,63728.3429029204,6.37283429029204,5.7192,0,"2025",NA
2025,21,"170315304002",0.000344,500,1,92439,18196,0,0.182818314188643,0.206843552823168,0.188238149166801,0.226338780132665,63728.3429029204,6.37283429029204,9.2439,0,"2025",NA
2025,21,"170317110003",0.07665,111362.86,2,38445,29825,0,0.182818314188643,0.206843552823168,0.188238149166801,0.226338780132665,63728.3429029204,6.37283429029204,3.8445,0,"2025",NA
2025,21,"170317302013",0.048297,70169.76,3,22857,18302,0,0.182818314188643,0.206843552823168,0.188238149166801,0.226338780132665,63728.3429029204,6.37283429029204,2.2857,0,"2025",NA
2025,21,"170317302015",0.201612,292917.61,3,103403,63776,0,0.182818314188643,0.206843552823168,0.188238149166801,0.226338780132665,63728.3429029204,6.37283429029204,10.3403,0,"2025",NA
2025,21,"170317303001",0.002581,3750,1,45278,6981,0,0.182818314188643,0.206843552823168,0.188238149166801,0.226338780132665,63728.3429029204,6.37283429029204,4.5278,0,"2025",NA
2025,21,"170317304002",0.000344,500,1,97639,36577,0,0.182818314188643,0.206843552823168,0.188238149166801,0.226338780132665,63728.3429029204,6.37283429029204,9.7639,0,"2025",NA
2025,21,"170317304003",0.08037,116767.79,2,47361,31478,0,0.182818314188643,0.206843552823168,0.188238149166801,0.226338780132665,63728.3429029204,6.37283429029204,4.7361,0,"2025",NA
2025,21,"170317304004",0.040052,58190.12,1,86544,35197,0,0.182818314188643,0.206843552823168,0.188238149166801,0.226338780132665,63728.3429029204,6.37283429029204,8.6544,0,"2025",NA
2025,21,"170317306003",0.051323,74564.93,3,79015,16380,0,0.182818314188643,0.206843552823168,0.188238149166801,0.226338780132665,63728.3429029204,6.37283429029204,7.9015,0,"2025",NA
2025,21,"170317307002",0.075657,109920.16,4,77443,21797,0,0.182818314188643,0.206843552823168,0.188238149166801,0.226338780132665,63728.3429029204,6.37283429029204,7.7443,0,"2025",NA
2025,21,"170317501004",0.083993,122031.81,2,37250,22326,0,0.182818314188643,0.206843552823168,0.188238149166801,0.226338780132665,63728.3429029204,6.37283429029204,3.725,0,"2025",NA
2025,21,"170317506003",0.046296,67262.2,2,74250,42193,0,0.182818314188643,0.206843552823168,0.188238149166801,0.226338780132665,63728.3429029204,6.37283429029204,7.425,0,"2025",NA
2025,21,"170318424001",0.002692,3910.66,1,41121,17372,0,0.182818314188643,0.206843552823168,0.188238149166801,0.226338780132665,63728.3429029204,6.37283429029204,4.1121,0,"2025",NA
2025,22,"170310507001",0.000503,600,1,130699,21475,0,0.181153142747136,0.32033881990567,0.178072961786505,0.194725190104919,54602.3417449932,5.46023417449932,13.0699,0,"2025",NA
2025,22,"170312925003",0.019119,22800,1,31719,23677,0,0.181153142747136,0.32033881990567,0.178072961786505,0.194725190104919,54602.3417449932,5.46023417449932,3.1719,0,"2025",NA
2025,22,"170313005002",0.016771,20000,1,79958,37200,0,0.181153142747136,0.32033881990567,0.178072961786505,0.194725190104919,54602.3417449932,5.46023417449932,7.9958,0,"2025",NA
2025,22,"170313006002",0.052132,62169.85,2,50310,9353,0,0.181153142747136,0.32033881990567,0.178072961786505,0.194725190104919,54602.3417449932,5.46023417449932,5.031,0,"2025",NA
2025,22,"170313007001",0.005423,6467.15,1,53851,33605,0,0.181153142747136,0.32033881990567,0.178072961786505,0.194725190104919,54602.3417449932,5.46023417449932,5.3851,0,"2025",NA
2025,22,"170313016001",0.073174,87262.41,6,30697,7390,0,0.181153142747136,0.32033881990567,0.178072961786505,0.194725190104919,54602.3417449932,5.46023417449932,3.0697,0,"2025",NA
2025,22,"170313017011",0.06612,78850.43,6,53950,26845,0,0.181153142747136,0.32033881990567,0.178072961786505,0.194725190104919,54602.3417449932,5.46023417449932,5.395,0,"2025",NA
2025,22,"170313017013",0.017943,21397.97,1,70427,29203,0,0.181153142747136,0.32033881990567,0.178072961786505,0.194725190104919,54602.3417449932,5.46023417449932,7.0427,0,"2025",NA
2025,22,"170313017023",0.032386,38620.7,4,101764,14967,0,0.181153142747136,0.32033881990567,0.178072961786505,0.194725190104919,54602.3417449932,5.46023417449932,10.1764,0,"2025",NA
2025,22,"170313018011",0.02276,27142.6,2,81667,67834,0,0.181153142747136,0.32033881990567,0.178072961786505,0.194725190104919,54602.3417449932,5.46023417449932,8.1667,0,"2025",NA
2025,22,"170313018012",0.05241,62501,5,34763,27144,0,0.181153142747136,0.32033881990567,0.178072961786505,0.194725190104919,54602.3417449932,5.46023417449932,3.4763,0,"2025",NA
2025,22,"170313018021",0.002599,3100,1,24395,2186,0,0.181153142747136,0.32033881990567,0.178072961786505,0.194725190104919,54602.3417449932,5.46023417449932,2.4395,0,"2025",NA
2025,22,"170313018023",0.036647,43702.95,4,23891,850,0,0.181153142747136,0.32033881990567,0.178072961786505,0.194725190104919,54602.3417449932,5.46023417449932,2.3891,0,"2025",NA
2025,22,"170315601001",0.231712,276328.64,11,69491,27410,0,0.181153142747136,0.32033881990567,0.178072961786505,0.194725190104919,54602.3417449932,5.46023417449932,6.9491,0,"2025",NA
2025,22,"170315602002",0.074622,88990.17,7,92500,52039,0,0.181153142747136,0.32033881990567,0.178072961786505,0.194725190104919,54602.3417449932,5.46023417449932,9.25,0,"2025",NA
2025,22,"170315603001",0.012951,15444.67,2,60938,50841,0,0.181153142747136,0.32033881990567,0.178072961786505,0.194725190104919,54602.3417449932,5.46023417449932,6.0938,0,"2025",NA
2025,22,"170315603002",0.000775,923.99,1,75321,51618,0,0.181153142747136,0.32033881990567,0.178072961786505,0.194725190104919,54602.3417449932,5.46023417449932,7.5321,0,"2025",NA
2025,22,"170318305001",0.063186,75352.6,4,103297,45126,0,0.181153142747136,0.32033881990567,0.178072961786505,0.194725190104919,54602.3417449932,5.46023417449932,10.3297,0,"2025",NA
2025,22,"170318305002",0.071771,85589.55,2,60764,21064,0,0.181153142747136,0.32033881990567,0.178072961786505,0.194725190104919,54602.3417449932,5.46023417449932,6.0764,0,"2025",NA
2025,22,"170318305003",0.03038,36230.29,4,52258,49987,0,0.181153142747136,0.32033881990567,0.178072961786505,0.194725190104919,54602.3417449932,5.46023417449932,5.2258,0,"2025",NA
2025,22,"170318434001",0.082396,98260.54,7,43021,17211,0,0.181153142747136,0.32033881990567,0.178072961786505,0.194725190104919,54602.3417449932,5.46023417449932,4.3021,0,"2025",NA
2025,23,"170315607002",0.058244,78666.3,3,72472,16551,0,0.0669927029964291,0.207731718677224,0.162785281788542,0.263235522434405,80335.0592507469,8.03350592507469,7.2472,0,"2025",NA
2025,23,"170315608001",0.027223,36769.85,3,123427,42107,0,0.0669927029964291,0.207731718677224,0.162785281788542,0.263235522434405,80335.0592507469,8.03350592507469,12.3427,0,"2025",NA
2025,23,"170315608003",0.061908,83617.38,5,97625,49316,0,0.0669927029964291,0.207731718677224,0.162785281788542,0.263235522434405,80335.0592507469,8.03350592507469,9.7625,0,"2025",NA
2025,23,"170315608004",0.030931,41776.45,6,106409,34231,0,0.0669927029964291,0.207731718677224,0.162785281788542,0.263235522434405,80335.0592507469,8.03350592507469,10.6409,0,"2025",NA
2025,23,"170315608005",0.035685,48196.51,2,134375,36899,0,0.0669927029964291,0.207731718677224,0.162785281788542,0.263235522434405,80335.0592507469,8.03350592507469,13.4375,0,"2025",NA
2025,23,"170315609001",0.067656,91379.85,5,106750,47891,0,0.0669927029964291,0.207731718677224,0.162785281788542,0.263235522434405,80335.0592507469,8.03350592507469,10.675,0,"2025",NA
2025,23,"170315609002",0.010716,14474.74,2,97417,12884,0,0.0669927029964291,0.207731718677224,0.162785281788542,0.263235522434405,80335.0592507469,8.03350592507469,9.7417,0,"2025",NA
2025,23,"170315609003",0.010574,14281.66,3,138855,8271,0,0.0669927029964291,0.207731718677224,0.162785281788542,0.263235522434405,80335.0592507469,8.03350592507469,13.8855,0,"2025",NA
2025,23,"170315609004",0.017666,23859.82,2,95227,54457,0,0.0669927029964291,0.207731718677224,0.162785281788542,0.263235522434405,80335.0592507469,8.03350592507469,9.5227,0,"2025",NA
2025,23,"170315609006",0.018837,25442.67,1,151736,82232,0,0.0669927029964291,0.207731718677224,0.162785281788542,0.263235522434405,80335.0592507469,8.03350592507469,15.1736,0,"2025",NA
2025,23,"170315611006",0.011106,15000,1,94083,45992,0,0.0669927029964291,0.207731718677224,0.162785281788542,0.263235522434405,80335.0592507469,8.03350592507469,9.4083,0,"2025",NA
2025,23,"170316119001",0.097454,131625.48,1,35286,17469,0,0.0669927029964291,0.207731718677224,0.162785281788542,0.263235522434405,80335.0592507469,8.03350592507469,3.5286,0,"2025",NA
2025,23,"170316201001",0.006223,8404.46,2,59540,8453,0,0.0669927029964291,0.207731718677224,0.162785281788542,0.263235522434405,80335.0592507469,8.03350592507469,5.954,0,"2025",NA
2025,23,"170316201002",0.075298,101701.31,1,120396,41171,0,0.0669927029964291,0.207731718677224,0.162785281788542,0.263235522434405,80335.0592507469,8.03350592507469,12.0396,0,"2025",NA
2025,23,"170316201003",0.003613,4880,1,102831,88168,0,0.0669927029964291,0.207731718677224,0.162785281788542,0.263235522434405,80335.0592507469,8.03350592507469,10.2831,0,"2025",NA
2025,23,"170316202001",0.020155,27223.58,3,77813,26500,0,0.0669927029964291,0.207731718677224,0.162785281788542,0.263235522434405,80335.0592507469,8.03350592507469,7.7813,0,"2025",NA
2025,23,"170316202002",0.003535,4775,2,36699,33074,0,0.0669927029964291,0.207731718677224,0.162785281788542,0.263235522434405,80335.0592507469,8.03350592507469,3.6699,0,"2025",NA
2025,23,"170316204002",0.02903,39210.26,2,57050,28707,0,0.0669927029964291,0.207731718677224,0.162785281788542,0.263235522434405,80335.0592507469,8.03350592507469,5.705,0,"2025",NA
2025,23,"170316501001",0.054757,73956.7,2,70027,22803,0,0.0669927029964291,0.207731718677224,0.162785281788542,0.263235522434405,80335.0592507469,8.03350592507469,7.0027,0,"2025",NA
2025,23,"170316501002",0.011043,14914.49,2,94479,63353,0,0.0669927029964291,0.207731718677224,0.162785281788542,0.263235522434405,80335.0592507469,8.03350592507469,9.4479,0,"2025",NA
2025,23,"170316502001",0.048901,66048.02,3,156020,34206,0,0.0669927029964291,0.207731718677224,0.162785281788542,0.263235522434405,80335.0592507469,8.03350592507469,15.602,0,"2025",NA
2025,23,"170316503021",0.061569,83158.51,3,79549,10004,0,0.0669927029964291,0.207731718677224,0.162785281788542,0.263235522434405,80335.0592507469,8.03350592507469,7.9549,0,"2025",NA
2025,23,"170316503022",0.008351,11278.94,3,44504,20037,0,0.0669927029964291,0.207731718677224,0.162785281788542,0.263235522434405,80335.0592507469,8.03350592507469,4.4504,0,"2025",NA
2025,23,"170316504002",0.001807,2440,1,69821,35451,0,0.0669927029964291,0.207731718677224,0.162785281788542,0.263235522434405,80335.0592507469,8.03350592507469,6.9821,0,"2025",NA
2025,23,"170316504003",0.04154,56106,1,106860,35131,0,0.0669927029964291,0.207731718677224,0.162785281788542,0.263235522434405,80335.0592507469,8.03350592507469,10.686,0,"2025",NA
2025,23,"170316504005",0.027721,37441.63,2,61228,9351,0,0.0669927029964291,0.207731718677224,0.162785281788542,0.263235522434405,80335.0592507469,8.03350592507469,6.1228,0,"2025",NA
2025,23,"170316505002",0.039128,52847.99,2,113945,29182,0,0.0669927029964291,0.207731718677224,0.162785281788542,0.263235522434405,80335.0592507469,8.03350592507469,11.3945,0,"2025",NA
2025,23,"170316505003",0.005801,7835.02,2,44890,19980,0,0.0669927029964291,0.207731718677224,0.162785281788542,0.263235522434405,80335.0592507469,8.03350592507469,4.489,0,"2025",NA
2025,23,"170318208003",0.008412,11362.06,1,108833,24536,0,0.0669927029964291,0.207731718677224,0.162785281788542,0.263235522434405,80335.0592507469,8.03350592507469,10.8833,0,"2025",NA
2025,23,"170318352001",0.006938,9371.34,3,79000,25234,0,0.0669927029964291,0.207731718677224,0.162785281788542,0.263235522434405,80335.0592507469,8.03350592507469,7.9,0,"2025",NA
2025,24,"170312610002",0.013731,20598.18,3,44267,30364,0,0.275204989028756,0.260653655156485,0.162951842014089,0.196558494052431,42918.0038628245,4.29180038628245,4.4267,0,"2025",NA
2025,24,"170312705001",0.077128,115691.68,2,24375,9374,0,0.275204989028756,0.260653655156485,0.162951842014089,0.196558494052431,42918.0038628245,4.29180038628245,2.4375,0,"2025",NA
2025,24,"170312715001",0.02566,38490.24,3,50926,14994,0,0.275204989028756,0.260653655156485,0.162951842014089,0.196558494052431,42918.0038628245,4.29180038628245,5.0926,0,"2025",NA
2025,24,"170312909002",0.021185,31777.67,2,60072,28786,0,0.275204989028756,0.260653655156485,0.162951842014089,0.196558494052431,42918.0038628245,4.29180038628245,6.0072,0,"2025",NA
2025,24,"170312909004",0.06522,97831.45,3,44531,22604,0,0.275204989028756,0.260653655156485,0.162951842014089,0.196558494052431,42918.0038628245,4.29180038628245,4.4531,0,"2025",NA
2025,24,"170312925003",0.038817,58226.18,2,31719,23677,0,0.275204989028756,0.260653655156485,0.162951842014089,0.196558494052431,42918.0038628245,4.29180038628245,3.1719,0,"2025",NA
2025,24,"170313009003",0.003239,4858.28,1,40791,2997,0,0.275204989028756,0.260653655156485,0.162951842014089,0.196558494052431,42918.0038628245,4.29180038628245,4.0791,0,"2025",NA
2025,24,"170318373001",0.037428,56141.69,2,14710,8598,0,0.275204989028756,0.260653655156485,0.162951842014089,0.196558494052431,42918.0038628245,4.29180038628245,1.471,0,"2025",NA
2025,24,"170318407001",0.033084,49626.2,1,55492,6728,0,0.275204989028756,0.260653655156485,0.162951842014089,0.196558494052431,42918.0038628245,4.29180038628245,5.5492,0,"2025",NA
2025,24,"170318417001",0.038117,57174.96,2,45854,26045,0,0.275204989028756,0.260653655156485,0.162951842014089,0.196558494052431,42918.0038628245,4.29180038628245,4.5854,0,"2025",NA
2025,24,"170318430001",0.053542,80313.4,4,19389,3731,0,0.275204989028756,0.260653655156485,0.162951842014089,0.196558494052431,42918.0038628245,4.29180038628245,1.9389,0,"2025",NA
2025,24,"170318430002",0.054999,82496.65,5,40682,23268,0,0.275204989028756,0.260653655156485,0.162951842014089,0.196558494052431,42918.0038628245,4.29180038628245,4.0682,0,"2025",NA
2025,24,"170318431002",0.253333,380000,1,90125,10973,0,0.275204989028756,0.260653655156485,0.162951842014089,0.196558494052431,42918.0038628245,4.29180038628245,9.0125,0,"2025",NA
2025,24,"170318447001",0.187212,280817.48,1,24853,16272,0,0.275204989028756,0.260653655156485,0.162951842014089,0.196558494052431,42918.0038628245,4.29180038628245,2.4853,0,"2025",NA
2025,24,"170318447002",0.041497,62245.56,1,54769,35221,0,0.275204989028756,0.260653655156485,0.162951842014089,0.196558494052431,42918.0038628245,4.29180038628245,5.4769,0,"2025",NA
2025,25,"170313012003",0.017657,26407.41,3,53654,23394,0,0.121886120996441,0.187633451957295,0.130604982206406,0.206672597864769,69199.3505469771,6.91993505469771,5.3654,0,"2025",NA
2025,25,"170313102002",0.010928,16344.03,2,131250,39622,0,0.121886120996441,0.187633451957295,0.130604982206406,0.206672597864769,69199.3505469771,6.91993505469771,13.125,0,"2025",NA
2025,25,"170313103001",0.015266,22831.93,4,75605,22833,0,0.121886120996441,0.187633451957295,0.130604982206406,0.206672597864769,69199.3505469771,6.91993505469771,7.5605,0,"2025",NA
2025,25,"170313104001",0.049165,73529.26,2,80786,22595,0,0.121886120996441,0.187633451957295,0.130604982206406,0.206672597864769,69199.3505469771,6.91993505469771,8.0786,0,"2025",NA
2025,25,"170313105001",0.008683,12985.35,1,52344,23882,0,0.121886120996441,0.187633451957295,0.130604982206406,0.206672597864769,69199.3505469771,6.91993505469771,5.2344,0,"2025",NA
2025,25,"170313106001",0.062521,93505.41,7,71130,39686,0,0.121886120996441,0.187633451957295,0.130604982206406,0.206672597864769,69199.3505469771,6.91993505469771,7.113,0,"2025",NA
2025,25,"170313106002",0.007587,11346.47,2,80900,13211,0,0.121886120996441,0.187633451957295,0.130604982206406,0.206672597864769,69199.3505469771,6.91993505469771,8.09,0,"2025",NA
2025,25,"170313106003",0.018308,27380.84,1,76835,36661,0,0.121886120996441,0.187633451957295,0.130604982206406,0.206672597864769,69199.3505469771,6.91993505469771,7.6835,0,"2025",NA
2025,25,"170313107001",0.041569,62169.85,2,72684,19553,0,0.121886120996441,0.187633451957295,0.130604982206406,0.206672597864769,69199.3505469771,6.91993505469771,7.2684,0,"2025",NA
2025,25,"170313108002",0.019307,28875.35,1,43750,30239,0,0.121886120996441,0.187633451957295,0.130604982206406,0.206672597864769,69199.3505469771,6.91993505469771,4.375,0,"2025",NA
2025,25,"170313108003",0.095859,143363.85,2,84508,13574,0,0.121886120996441,0.187633451957295,0.130604982206406,0.206672597864769,69199.3505469771,6.91993505469771,8.4508,0,"2025",NA
2025,25,"170313109001",0.112043,167567.35,3,103864,55892,0,0.121886120996441,0.187633451957295,0.130604982206406,0.206672597864769,69199.3505469771,6.91993505469771,10.3864,0,"2025",NA
2025,25,"170317005022",0.01155,17273.38,1,80931,31300,0,0.121886120996441,0.187633451957295,0.130604982206406,0.206672597864769,69199.3505469771,6.91993505469771,8.0931,0,"2025",NA
2025,25,"170318407003",0.003744,5600,1,123009,9798,0,0.121886120996441,0.187633451957295,0.130604982206406,0.206672597864769,69199.3505469771,6.91993505469771,12.3009,0,"2025",NA
2025,25,"170318408001",0.020704,30964.05,1,30948,26235,0,0.121886120996441,0.187633451957295,0.130604982206406,0.206672597864769,69199.3505469771,6.91993505469771,3.0948,0,"2025",NA
2025,25,"170318412001",0.026821,40113.11,1,29183,21957,0,0.121886120996441,0.187633451957295,0.130604982206406,0.206672597864769,69199.3505469771,6.91993505469771,2.9183,0,"2025",NA
2025,25,"170318412002",0.233982,349935.46,3,55333,31945,0,0.121886120996441,0.187633451957295,0.130604982206406,0.206672597864769,69199.3505469771,6.91993505469771,5.5333,0,"2025",NA
2025,25,"170318413001",0.037061,55428.42,2,68155,55254,0,0.121886120996441,0.187633451957295,0.130604982206406,0.206672597864769,69199.3505469771,6.91993505469771,6.8155,0,"2025",NA
2025,25,"170318419002",0.008027,12005.86,4,144448,34994,0,0.121886120996441,0.187633451957295,0.130604982206406,0.206672597864769,69199.3505469771,6.91993505469771,14.4448,0,"2025",NA
2025,25,"170318429001",0.016332,24425.68,2,21521,12601,0,0.121886120996441,0.187633451957295,0.130604982206406,0.206672597864769,69199.3505469771,6.91993505469771,2.1521,0,"2025",NA
2025,25,"170318432001",0.026746,40000,1,64648,23644,0,0.121886120996441,0.187633451957295,0.130604982206406,0.206672597864769,69199.3505469771,6.91993505469771,6.4648,0,"2025",NA
2025,25,"170318432002",0.02417,36148.17,1,76087,19218,0,0.121886120996441,0.187633451957295,0.130604982206406,0.206672597864769,69199.3505469771,6.91993505469771,7.6087,0,"2025",NA
2025,26,"170310207011",0.014317,19590.92,1,93846,56958,0.333333333333333,0.153837941710259,0.199423508060211,0.150101419878296,0.220668303619088,77122.7659153169,7.71227659153169,9.3846,3.1282,"2025",NA
2025,26,"170311910001",0.021367,29237.11,3,28393,23614,0.333333333333333,0.153837941710259,0.199423508060211,0.150101419878296,0.220668303619088,77122.7659153169,7.71227659153169,2.8393,0.946433333333333,"2025",NA
2025,26,"170311910002",0.015572,21306.35,6,90833,18642,0.333333333333333,0.153837941710259,0.199423508060211,0.150101419878296,0.220668303619088,77122.7659153169,7.71227659153169,9.0833,3.02776666666667,"2025",NA
2025,26,"170311911005",0.101025,138236.44,6,60192,17776,0.333333333333333,0.153837941710259,0.199423508060211,0.150101419878296,0.220668303619088,77122.7659153169,7.71227659153169,6.0192,2.0064,"2025",NA
2025,26,"170311912001",0.012643,17300.53,1,78889,21510,0.333333333333333,0.153837941710259,0.199423508060211,0.150101419878296,0.220668303619088,77122.7659153169,7.71227659153169,7.8889,2.62963333333333,"2025",NA
2025,26,"170312004011",0.044826,61338.07,4,61318,40399,0.333333333333333,0.153837941710259,0.199423508060211,0.150101419878296,0.220668303619088,77122.7659153169,7.71227659153169,6.1318,2.04393333333333,"2025",NA
2025,26,"170312004012",0.011955,16358.19,1,74451,15391,0.333333333333333,0.153837941710259,0.199423508060211,0.150101419878296,0.220668303619088,77122.7659153169,7.71227659153169,7.4451,2.4817,"2025",NA
2025,26,"170312004021",0.009278,12695.91,2,73929,55193,0.333333333333333,0.153837941710259,0.199423508060211,0.150101419878296,0.220668303619088,77122.7659153169,7.71227659153169,7.3929,2.4643,"2025",NA
2025,26,"170312211002",0.005714,7820,3,73229,50267,0.333333333333333,0.153837941710259,0.199423508060211,0.150101419878296,0.220668303619088,77122.7659153169,7.71227659153169,7.3229,2.44096666666667,"2025",NA
2025,26,"170312225001",0.019633,26864.5,1,155878,7134,0.333333333333333,0.153837941710259,0.199423508060211,0.150101419878296,0.220668303619088,77122.7659153169,7.71227659153169,15.5878,5.19593333333333,"2025",NA
2025,26,"170312227001",0.035562,48661.91,1,99464,45846,0.333333333333333,0.153837941710259,0.199423508060211,0.150101419878296,0.220668303619088,77122.7659153169,7.71227659153169,9.9464,3.31546666666667,"2025",NA
2025,26,"170312228001",0.039259,53719.99,4,71484,39210,0.333333333333333,0.153837941710259,0.199423508060211,0.150101419878296,0.220668303619088,77122.7659153169,7.71227659153169,7.1484,2.3828,"2025",NA
2025,26,"170312229001",0.007972,10910,3,89630,29085,0.333333333333333,0.153837941710259,0.199423508060211,0.150101419878296,0.220668303619088,77122.7659153169,7.71227659153169,8.963,2.98766666666667,"2025",NA
2025,26,"170312302001",0.014529,19881.89,3,78056,30315,0.333333333333333,0.153837941710259,0.199423508060211,0.150101419878296,0.220668303619088,77122.7659153169,7.71227659153169,7.8056,2.60186666666667,"2025",NA
2025,26,"170312303001",0.001783,2440,1,67337,14243,0.333333333333333,0.153837941710259,0.199423508060211,0.150101419878296,0.220668303619088,77122.7659153169,7.71227659153169,6.7337,2.24456666666667,"2025",NA
2025,26,"170312304002",0.027275,37321.77,3,53813,31237,0.333333333333333,0.153837941710259,0.199423508060211,0.150101419878296,0.220668303619088,77122.7659153169,7.71227659153169,5.3813,1.79376666666667,"2025",NA
2025,26,"170312305001",0.00053,725,1,45913,13039,0.333333333333333,0.153837941710259,0.199423508060211,0.150101419878296,0.220668303619088,77122.7659153169,7.71227659153169,4.5913,1.53043333333333,"2025",NA
2025,26,"170312307001",0.050811,69527.78,4,28135,2660,0.333333333333333,0.153837941710259,0.199423508060211,0.150101419878296,0.220668303619088,77122.7659153169,7.71227659153169,2.8135,0.937833333333333,"2025",NA
2025,26,"170312307002",0.004303,5887.44,1,30068,16518,0.333333333333333,0.153837941710259,0.199423508060211,0.150101419878296,0.220668303619088,77122.7659153169,7.71227659153169,3.0068,1.00226666666667,"2025",NA
2025,26,"170312307004",0.00553,7566.91,1,35513,24428,0.333333333333333,0.153837941710259,0.199423508060211,0.150101419878296,0.220668303619088,77122.7659153169,7.71227659153169,3.5513,1.18376666666667,"2025",NA
2025,26,"170312308001",0.005393,7380,2,71328,22462,0.333333333333333,0.153837941710259,0.199423508060211,0.150101419878296,0.220668303619088,77122.7659153169,7.71227659153169,7.1328,2.3776,"2025",NA
2025,26,"170312309001",0.044549,60959.25,5,92961,42890,0.333333333333333,0.153837941710259,0.199423508060211,0.150101419878296,0.220668303619088,77122.7659153169,7.71227659153169,9.2961,3.0987,"2025",NA
2025,26,"170312309002",0.003566,4880,1,72292,23012,0.333333333333333,0.153837941710259,0.199423508060211,0.150101419878296,0.220668303619088,77122.7659153169,7.71227659153169,7.2292,2.40973333333333,"2025",NA
2025,26,"170312309003",0.016573,22677.96,2,106778,48776,0.333333333333333,0.153837941710259,0.199423508060211,0.150101419878296,0.220668303619088,77122.7659153169,7.71227659153169,10.6778,3.55926666666667,"2025",NA
2025,26,"170312407001",0.085916,117563.71,8,96250,27944,0.333333333333333,0.153837941710259,0.199423508060211,0.150101419878296,0.220668303619088,77122.7659153169,7.71227659153169,9.625,3.20833333333333,"2025",NA
2025,26,"170312408001",0.019724,26989.18,2,104630,75155,0.333333333333333,0.153837941710259,0.199423508060211,0.150101419878296,0.220668303619088,77122.7659153169,7.71227659153169,10.463,3.48766666666667,"2025",NA
2025,26,"170312408002",0.006627,9068.61,1,86350,35834,0.333333333333333,0.153837941710259,0.199423508060211,0.150101419878296,0.220668303619088,77122.7659153169,7.71227659153169,8.635,2.87833333333333,"2025",NA
2025,26,"170312409001",0.084359,115433.98,7,98145,21524,0.333333333333333,0.153837941710259,0.199423508060211,0.150101419878296,0.220668303619088,77122.7659153169,7.71227659153169,9.8145,3.2715,"2025",NA
2025,26,"170312410001",0.024208,33125.34,1,98125,36751,0.333333333333333,0.153837941710259,0.199423508060211,0.150101419878296,0.220668303619088,77122.7659153169,7.71227659153169,9.8125,3.27083333333333,"2025",NA
2025,26,"170312410002",0.001409,1928.56,1,96161,28911,0.333333333333333,0.153837941710259,0.199423508060211,0.150101419878296,0.220668303619088,77122.7659153169,7.71227659153169,9.6161,3.20536666666667,"2025",NA
2025,26,"170312411001",0.007926,10844.85,2,96875,64306,0.333333333333333,0.153837941710259,0.199423508060211,0.150101419878296,0.220668303619088,77122.7659153169,7.71227659153169,9.6875,3.22916666666667,"2025",NA
2025,26,"170312411002",0.016916,23147.9,3,89861,16544,0.333333333333333,0.153837941710259,0.199423508060211,0.150101419878296,0.220668303619088,77122.7659153169,7.71227659153169,8.9861,2.99536666666667,"2025",NA
2025,26,"170312426001",0.014777,20220.94,3,91563,14939,0.333333333333333,0.153837941710259,0.199423508060211,0.150101419878296,0.220668303619088,77122.7659153169,7.71227659153169,9.1563,3.0521,"2025",NA
2025,26,"170312426002",0.020876,28566.35,2,70977,19560,0.333333333333333,0.153837941710259,0.199423508060211,0.150101419878296,0.220668303619088,77122.7659153169,7.71227659153169,7.0977,2.3659,"2025",NA
2025,26,"170312426004",0.016599,22712.74,1,83646,61303,0.333333333333333,0.153837941710259,0.199423508060211,0.150101419878296,0.220668303619088,77122.7659153169,7.71227659153169,8.3646,2.7882,"2025",NA
2025,26,"170318312001",0.003566,4880,1,63438,17087,0.333333333333333,0.153837941710259,0.199423508060211,0.150101419878296,0.220668303619088,77122.7659153169,7.71227659153169,6.3438,2.1146,"2025",NA
2025,26,"170318312002",0.134852,184527.79,16,53908,13645,0.333333333333333,0.153837941710259,0.199423508060211,0.150101419878296,0.220668303619088,77122.7659153169,7.71227659153169,5.3908,1.79693333333333,"2025",NA
2025,26,"170318312003",0.018129,24806.22,3,75938,25154,0.333333333333333,0.153837941710259,0.199423508060211,0.150101419878296,0.220668303619088,77122.7659153169,7.71227659153169,7.5938,2.53126666666667,"2025",NA
2025,26,"170318315002",0.004749,6498.24,1,79250,73949,0.333333333333333,0.153837941710259,0.199423508060211,0.150101419878296,0.220668303619088,77122.7659153169,7.71227659153169,7.925,2.64166666666667,"2025",NA
2025,26,"170318324001",0.003566,4880,1,114569,32167,0.333333333333333,0.153837941710259,0.199423508060211,0.150101419878296,0.220668303619088,77122.7659153169,7.71227659153169,11.4569,3.81896666666667,"2025",NA
2025,27,"170310804003",0.09888,147007.86,1,233214,101701,0,0.140229885057471,0.156915090841676,0.0967741935483871,0.13503893214683,103585.192077901,10.3585192077901,23.3214,0,"2025",NA
2025,27,"170312429002",0.021882,32532.25,1,138929,47885,0,0.140229885057471,0.156915090841676,0.0967741935483871,0.13503893214683,103585.192077901,10.3585192077901,13.8929,0,"2025",NA
2025,27,"170312433001",0.019249,28617.38,1,87596,31689,0,0.140229885057471,0.156915090841676,0.0967741935483871,0.13503893214683,103585.192077901,10.3585192077901,8.7596,0,"2025",NA
2025,27,"170312434001",0.038867,57784.17,1,99808,28041,0,0.140229885057471,0.156915090841676,0.0967741935483871,0.13503893214683,103585.192077901,10.3585192077901,9.9808,0,"2025",NA
2025,27,"170312435001",0.061407,91294.16,3,149737,25658,0,0.140229885057471,0.156915090841676,0.0967741935483871,0.13503893214683,103585.192077901,10.3585192077901,14.9737,0,"2025",NA
2025,27,"170312435002",0.039762,59114.98,3,177055,31593,0,0.140229885057471,0.156915090841676,0.0967741935483871,0.13503893214683,103585.192077901,10.3585192077901,17.7055,0,"2025",NA
2025,27,"170312804001",0.008217,12216.79,2,36681,35714,0,0.140229885057471,0.156915090841676,0.0967741935483871,0.13503893214683,103585.192077901,10.3585192077901,3.6681,0,"2025",NA
2025,27,"170312828001",0.104661,155603.51,1,85000,17724,0,0.140229885057471,0.156915090841676,0.0967741935483871,0.13503893214683,103585.192077901,10.3585192077901,8.5,0,"2025",NA
2025,27,"170318311001",0.000975,1450,1,68542,46949,0,0.140229885057471,0.156915090841676,0.0967741935483871,0.13503893214683,103585.192077901,10.3585192077901,6.8542,0,"2025",NA
2025,27,"170318331001",0.030866,45889.2,2,145517,125808,0,0.140229885057471,0.156915090841676,0.0967741935483871,0.13503893214683,103585.192077901,10.3585192077901,14.5517,0,"2025",NA
2025,27,"170318331002",0.027073,40250,2,223514,40619,0,0.140229885057471,0.156915090841676,0.0967741935483871,0.13503893214683,103585.192077901,10.3585192077901,22.3514,0,"2025",NA
2025,27,"170318367002",0.015297,22742.77,1,80202,61850,0,0.140229885057471,0.156915090841676,0.0967741935483871,0.13503893214683,103585.192077901,10.3585192077901,8.0202,0,"2025",NA
2025,27,"170318371002",0.024453,36353.28,3,70300,18320,0,0.140229885057471,0.156915090841676,0.0967741935483871,0.13503893214683,103585.192077901,10.3585192077901,7.03,0,"2025",NA
2025,27,"170318378001",0.053232,79141.2,1,62596,46602,0,0.140229885057471,0.156915090841676,0.0967741935483871,0.13503893214683,103585.192077901,10.3585192077901,6.2596,0,"2025",NA
2025,27,"170318378002",0.001588,2361.51,1,28023,5546,0,0.140229885057471,0.156915090841676,0.0967741935483871,0.13503893214683,103585.192077901,10.3585192077901,2.8023,0,"2025",NA
2025,27,"170318380001",0.028458,42310.06,2,96146,50816,0,0.140229885057471,0.156915090841676,0.0967741935483871,0.13503893214683,103585.192077901,10.3585192077901,9.6146,0,"2025",NA
2025,27,"170318380002",0.006565,9760,1,22675,14531,0,0.140229885057471,0.156915090841676,0.0967741935483871,0.13503893214683,103585.192077901,10.3585192077901,2.2675,0,"2025",NA
2025,27,"170318383001",0.023898,35530.41,1,102753,26154,0,0.140229885057471,0.156915090841676,0.0967741935483871,0.13503893214683,103585.192077901,10.3585192077901,10.2753,0,"2025",NA
2025,27,"170318422001",0.01484,22063.06,1,95174,20425,0,0.140229885057471,0.156915090841676,0.0967741935483871,0.13503893214683,103585.192077901,10.3585192077901,9.5174,0,"2025",NA
2025,27,"170318423001",0.11726,174333.04,3,108750,18015,0,0.140229885057471,0.156915090841676,0.0967741935483871,0.13503893214683,103585.192077901,10.3585192077901,10.875,0,"2025",NA
2025,27,"170318423002",0.027331,40633.55,1,178708,4752,0,0.140229885057471,0.156915090841676,0.0967741935483871,0.13503893214683,103585.192077901,10.3585192077901,17.8708,0,"2025",NA
2025,28,"170312518003",0.000988,1450,1,55451,24204,0,0.307548245256901,0.219607523817279,0.164400293135738,0.151860597671199,55696.3349194562,5.56963349194562,5.5451,0,"2025",NA
2025,28,"170312522022",0.000102,150,1,31181,28554,0,0.307548245256901,0.219607523817279,0.164400293135738,0.151860597671199,55696.3349194562,5.56963349194562,3.1181,0,"2025",NA
2025,28,"170312601001",0.000102,150,1,21875,10130,0,0.307548245256901,0.219607523817279,0.164400293135738,0.151860597671199,55696.3349194562,5.56963349194562,2.1875,0,"2025",NA
2025,28,"170312608001",0.001482,2175,1,33571,18180,0,0.307548245256901,0.219607523817279,0.164400293135738,0.151860597671199,55696.3349194562,5.56963349194562,3.3571,0,"2025",NA
2025,28,"170312705001",0.05359,78663.18,4,24375,9374,0,0.307548245256901,0.219607523817279,0.164400293135738,0.151860597671199,55696.3349194562,5.56963349194562,2.4375,0,"2025",NA
2025,28,"170312712001",0.192946,283224.09,5,31048,12347,0,0.307548245256901,0.219607523817279,0.164400293135738,0.151860597671199,55696.3349194562,5.56963349194562,3.1048,0,"2025",NA
2025,28,"170312713001",0.030173,44290.86,3,45046,38798,0,0.307548245256901,0.219607523817279,0.164400293135738,0.151860597671199,55696.3349194562,5.56963349194562,4.5046,0,"2025",NA
2025,28,"170312714001",0.026216,38483.3,3,43355,7593,0,0.307548245256901,0.219607523817279,0.164400293135738,0.151860597671199,55696.3349194562,5.56963349194562,4.3355,0,"2025",NA
2025,28,"170312718001",0.025859,37958.72,2,51550,28086,0,0.307548245256901,0.219607523817279,0.164400293135738,0.151860597671199,55696.3349194562,5.56963349194562,5.155,0,"2025",NA
2025,28,"170312827001",0.059116,86775.92,7,70125,49968,0,0.307548245256901,0.219607523817279,0.164400293135738,0.151860597671199,55696.3349194562,5.56963349194562,7.0125,0,"2025",NA
2025,28,"170312827002",0.000494,725,1,89432,29402,0,0.307548245256901,0.219607523817279,0.164400293135738,0.151860597671199,55696.3349194562,5.56963349194562,8.9432,0,"2025",NA
2025,28,"170312828001",0.001112,1632.92,1,85000,17724,0,0.307548245256901,0.219607523817279,0.164400293135738,0.151860597671199,55696.3349194562,5.56963349194562,8.5,0,"2025",NA
2025,28,"170312832001",0.003579,5253.09,1,64223,19081,0,0.307548245256901,0.219607523817279,0.164400293135738,0.151860597671199,55696.3349194562,5.56963349194562,6.4223,0,"2025",NA
2025,28,"170312838002",0.010418,15293.23,1,100781,32157,0,0.307548245256901,0.219607523817279,0.164400293135738,0.151860597671199,55696.3349194562,5.56963349194562,10.0781,0,"2025",NA
2025,28,"170317503002",0,0,1,81591,48739,0,0.307548245256901,0.219607523817279,0.164400293135738,0.151860597671199,55696.3349194562,5.56963349194562,8.1591,0,"2025",NA
2025,28,"170318380002",0.023384,34325.92,1,22675,14531,0,0.307548245256901,0.219607523817279,0.164400293135738,0.151860597671199,55696.3349194562,5.56963349194562,2.2675,0,"2025",NA
2025,28,"170318382001",0.036392,53419.99,2,96667,38338,0,0.307548245256901,0.219607523817279,0.164400293135738,0.151860597671199,55696.3349194562,5.56963349194562,9.6667,0,"2025",NA
2025,28,"170318386001",0.031481,46210.53,1,14632,5339,0,0.307548245256901,0.219607523817279,0.164400293135738,0.151860597671199,55696.3349194562,5.56963349194562,1.4632,0,"2025",NA
2025,28,"170318419002",0.00045,660,1,144448,34994,0,0.307548245256901,0.219607523817279,0.164400293135738,0.151860597671199,55696.3349194562,5.56963349194562,14.4448,0,"2025",NA
2025,28,"170318421005",0.027529,40410.11,1,73487,67789,0,0.307548245256901,0.219607523817279,0.164400293135738,0.151860597671199,55696.3349194562,5.56963349194562,7.3487,0,"2025",NA
2025,28,"170318429001",0.075048,110162.6,2,21521,12601,0,0.307548245256901,0.219607523817279,0.164400293135738,0.151860597671199,55696.3349194562,5.56963349194562,2.1521,0,"2025",NA
2025,28,"170318433001",0.129518,190118.98,7,65278,18740,0,0.307548245256901,0.219607523817279,0.164400293135738,0.151860597671199,55696.3349194562,5.56963349194562,6.5278,0,"2025",NA
2025,29,"170311708002",0.038037,56779.64,2,86875,37065,1,0.172857142857143,0.210451127819549,0.180375939849624,0.212330827067669,61060.6030994807,6.10606030994807,8.6875,8.6875,"2025",NA
2025,29,"170311709001",0.066506,99277.12,1,61771,12899,1,0.172857142857143,0.210451127819549,0.180375939849624,0.212330827067669,61060.6030994807,6.10606030994807,6.1771,6.1771,"2025",NA
2025,29,"170312503003",0.000442,660,1,70341,33733,1,0.172857142857143,0.210451127819549,0.180375939849624,0.212330827067669,61060.6030994807,6.10606030994807,7.0341,7.0341,"2025",NA
2025,29,"170312504002",0.028159,42034.32,2,43750,36468,1,0.172857142857143,0.210451127819549,0.180375939849624,0.212330827067669,61060.6030994807,6.10606030994807,4.375,4.375,"2025",NA
2025,29,"170312504004",0.003269,4880,1,83340,55381,1,0.172857142857143,0.210451127819549,0.180375939849624,0.212330827067669,61060.6030994807,6.10606030994807,8.334,8.334,"2025",NA
2025,29,"170312504005",0.07339,109553.67,2,46107,12973,1,0.172857142857143,0.210451127819549,0.180375939849624,0.212330827067669,61060.6030994807,6.10606030994807,4.6107,4.6107,"2025",NA
2025,29,"170312505001",0.067895,101351.32,4,116060,22773,1,0.172857142857143,0.210451127819549,0.180375939849624,0.212330827067669,61060.6030994807,6.10606030994807,11.606,11.606,"2025",NA
2025,29,"170312505003",0.001635,2440,1,121898,75153,1,0.172857142857143,0.210451127819549,0.180375939849624,0.212330827067669,61060.6030994807,6.10606030994807,12.1898,12.1898,"2025",NA
2025,29,"170312505005",0.023863,35620.7,2,158211,28921,1,0.172857142857143,0.210451127819549,0.180375939849624,0.212330827067669,61060.6030994807,6.10606030994807,15.8211,15.8211,"2025",NA
2025,29,"170312505007",0.006539,9760,3,135652,122883,1,0.172857142857143,0.210451127819549,0.180375939849624,0.212330827067669,61060.6030994807,6.10606030994807,13.5652,13.5652,"2025",NA
2025,29,"170312506002",0.032736,48867.94,3,74375,50315,1,0.172857142857143,0.210451127819549,0.180375939849624,0.212330827067669,61060.6030994807,6.10606030994807,7.4375,7.4375,"2025",NA
2025,29,"170312513002",0.000486,725,1,41987,40615,1,0.172857142857143,0.210451127819549,0.180375939849624,0.212330827067669,61060.6030994807,6.10606030994807,4.1987,4.1987,"2025",NA
2025,29,"170312513003",0.008869,13239.7,2,33505,12159,1,0.172857142857143,0.210451127819549,0.180375939849624,0.212330827067669,61060.6030994807,6.10606030994807,3.3505,3.3505,"2025",NA
2025,29,"170312513004",0.129064,192660.11,6,107202,58365,1,0.172857142857143,0.210451127819549,0.180375939849624,0.212330827067669,61060.6030994807,6.10606030994807,10.7202,10.7202,"2025",NA
2025,29,"170312513005",0.008869,13239.7,2,43472,25580,1,0.172857142857143,0.210451127819549,0.180375939849624,0.212330827067669,61060.6030994807,6.10606030994807,4.3472,4.3472,"2025",NA
2025,29,"170312514002",0.001635,2440,1,13229,5390,1,0.172857142857143,0.210451127819549,0.180375939849624,0.212330827067669,61060.6030994807,6.10606030994807,1.3229,1.3229,"2025",NA
2025,29,"170312514003",0.054441,81267.09,2,25800,3563,1,0.172857142857143,0.210451127819549,0.180375939849624,0.212330827067669,61060.6030994807,6.10606030994807,2.58,2.58,"2025",NA
2025,29,"170312514004",0.080649,120389.7,2,21363,12321,1,0.172857142857143,0.210451127819549,0.180375939849624,0.212330827067669,61060.6030994807,6.10606030994807,2.1363,2.1363,"2025",NA
2025,29,"170312519004",1e-04,150,1,29524,18407,1,0.172857142857143,0.210451127819549,0.180375939849624,0.212330827067669,61060.6030994807,6.10606030994807,2.9524,2.9524,"2025",NA
2025,29,"170312520002",0.013398,20000,1,38101,19000,1,0.172857142857143,0.210451127819549,0.180375939849624,0.212330827067669,61060.6030994807,6.10606030994807,3.8101,3.8101,"2025",NA
2025,29,"170312520003",0.006488,9684.86,2,36827,29312,1,0.172857142857143,0.210451127819549,0.180375939849624,0.212330827067669,61060.6030994807,6.10606030994807,3.6827,3.6827,"2025",NA
2025,29,"170312520004",0.041381,61771.06,2,20581,5249,1,0.172857142857143,0.210451127819549,0.180375939849624,0.212330827067669,61060.6030994807,6.10606030994807,2.0581,2.0581,"2025",NA
2025,29,"170312521021",0.000335,500,1,34167,12775,1,0.172857142857143,0.210451127819549,0.180375939849624,0.212330827067669,61060.6030994807,6.10606030994807,3.4167,3.4167,"2025",NA
2025,29,"170312521024",0.010049,15000,1,52089,20441,1,0.172857142857143,0.210451127819549,0.180375939849624,0.212330827067669,61060.6030994807,6.10606030994807,5.2089,5.2089,"2025",NA
2025,29,"170312522013",0.070969,105939.45,3,43411,15326,1,0.172857142857143,0.210451127819549,0.180375939849624,0.212330827067669,61060.6030994807,6.10606030994807,4.3411,4.3411,"2025",NA
2025,29,"170318314002",0.077108,115104.09,5,31995,23428,1,0.172857142857143,0.210451127819549,0.180375939849624,0.212330827067669,61060.6030994807,6.10606030994807,3.1995,3.1995,"2025",NA
2025,29,"170318316004",0.017614,26292.34,3,35764,19558,1,0.172857142857143,0.210451127819549,0.180375939849624,0.212330827067669,61060.6030994807,6.10606030994807,3.5764,3.5764,"2025",NA
2025,30,"170311507003",0.000547,660,1,137898,71974,0.333333333333333,0.110044785668586,0.200347317429851,0.17603509734028,0.250342747463669,86892.6177500822,8.68926177500821,13.7898,4.5966,"2025",NA
2025,30,"170311508002",0.004043,4880,1,78015,52155,0.333333333333333,0.110044785668586,0.200347317429851,0.17603509734028,0.250342747463669,86892.6177500822,8.68926177500821,7.8015,2.6005,"2025",NA
2025,30,"170311508003",0.022324,26942.9,4,99732,79253,0.333333333333333,0.110044785668586,0.200347317429851,0.17603509734028,0.250342747463669,86892.6177500822,8.68926177500821,9.9732,3.3244,"2025",NA
2025,30,"170311511002",0.044661,53904.04,1,48345,12092,0.333333333333333,0.110044785668586,0.200347317429851,0.17603509734028,0.250342747463669,86892.6177500822,8.68926177500821,4.8345,1.6115,"2025",NA
2025,30,"170311512001",0.002022,2440,1,106250,39859,0.333333333333333,0.110044785668586,0.200347317429851,0.17603509734028,0.250342747463669,86892.6177500822,8.68926177500821,10.625,3.54166666666667,"2025",NA
2025,30,"170311512002",0.001805,2178.59,1,93996,10633,0.333333333333333,0.110044785668586,0.200347317429851,0.17603509734028,0.250342747463669,86892.6177500822,8.68926177500821,9.3996,3.1332,"2025",NA
2025,30,"170311512003",0.001808,2182.48,1,65387,23611,0.333333333333333,0.110044785668586,0.200347317429851,0.17603509734028,0.250342747463669,86892.6177500822,8.68926177500821,6.5387,2.17956666666667,"2025",NA
2025,30,"170311609001",0.053229,64244.63,2,108050,43636,0.333333333333333,0.110044785668586,0.200347317429851,0.17603509734028,0.250342747463669,86892.6177500822,8.68926177500821,10.805,3.60166666666667,"2025",NA
2025,30,"170311609002",0.128604,155215.74,10,119722,66479,0.333333333333333,0.110044785668586,0.200347317429851,0.17603509734028,0.250342747463669,86892.6177500822,8.68926177500821,11.9722,3.99073333333333,"2025",NA
2025,30,"170311610001",0.016571,20000,1,94792,19532,0.333333333333333,0.110044785668586,0.200347317429851,0.17603509734028,0.250342747463669,86892.6177500822,8.68926177500821,9.4792,3.15973333333333,"2025",NA
2025,30,"170311610002",0.082881,100034.5,4,125000,24037,0.333333333333333,0.110044785668586,0.200347317429851,0.17603509734028,0.250342747463669,86892.6177500822,8.68926177500821,12.5,4.16666666666667,"2025",NA
2025,30,"170311611001",0.015744,19002.61,1,131667,80589,0.333333333333333,0.110044785668586,0.200347317429851,0.17603509734028,0.250342747463669,86892.6177500822,8.68926177500821,13.1667,4.3889,"2025",NA
2025,30,"170311611002",0.098628,119039.01,2,170500,47200,0.333333333333333,0.110044785668586,0.200347317429851,0.17603509734028,0.250342747463669,86892.6177500822,8.68926177500821,17.05,5.68333333333333,"2025",NA
2025,30,"170311612001",0.002022,2440,1,61250,46355,0.333333333333333,0.110044785668586,0.200347317429851,0.17603509734028,0.250342747463669,86892.6177500822,8.68926177500821,6.125,2.04166666666667,"2025",NA
2025,30,"170311612002",0.005385,6500,1,80250,30309,0.333333333333333,0.110044785668586,0.200347317429851,0.17603509734028,0.250342747463669,86892.6177500822,8.68926177500821,8.025,2.675,"2025",NA
2025,30,"170311613002",0.003314,4000,1,58636,19740,0.333333333333333,0.110044785668586,0.200347317429851,0.17603509734028,0.250342747463669,86892.6177500822,8.68926177500821,5.8636,1.95453333333333,"2025",NA
2025,30,"170311613003",0.032457,39174.26,3,61250,10441,0.333333333333333,0.110044785668586,0.200347317429851,0.17603509734028,0.250342747463669,86892.6177500822,8.68926177500821,6.125,2.04166666666667,"2025",NA
2025,30,"170311613004",0.017452,21063.51,2,55929,25914,0.333333333333333,0.110044785668586,0.200347317429851,0.17603509734028,0.250342747463669,86892.6177500822,8.68926177500821,5.5929,1.8643,"2025",NA
2025,30,"170311711001",0.145211,175262.09,6,139914,38778,0.333333333333333,0.110044785668586,0.200347317429851,0.17603509734028,0.250342747463669,86892.6177500822,8.68926177500821,13.9914,4.6638,"2025",NA
2025,30,"170311711002",0.000497,600,1,78203,19327,0.333333333333333,0.110044785668586,0.200347317429851,0.17603509734028,0.250342747463669,86892.6177500822,8.68926177500821,7.8203,2.60676666666667,"2025",NA
2025,30,"170311904012",0.020614,24880,2,107412,20975,0.333333333333333,0.110044785668586,0.200347317429851,0.17603509734028,0.250342747463669,86892.6177500822,8.68926177500821,10.7412,3.5804,"2025",NA
2025,30,"170311904022",0.004806,5800,2,70218,15413,0.333333333333333,0.110044785668586,0.200347317429851,0.17603509734028,0.250342747463669,86892.6177500822,8.68926177500821,7.0218,2.3406,"2025",NA
2025,30,"170311906022",0.004043,4880,1,64926,28087,0.333333333333333,0.110044785668586,0.200347317429851,0.17603509734028,0.250342747463669,86892.6177500822,8.68926177500821,6.4926,2.1642,"2025",NA
2025,30,"170311906023",0.09735,117496.05,3,56250,48346,0.333333333333333,0.110044785668586,0.200347317429851,0.17603509734028,0.250342747463669,86892.6177500822,8.68926177500821,5.625,1.875,"2025",NA
2025,30,"170311913022",0.027756,33500,1,54917,20048,0.333333333333333,0.110044785668586,0.200347317429851,0.17603509734028,0.250342747463669,86892.6177500822,8.68926177500821,5.4917,1.83056666666667,"2025",NA
2025,30,"170318311002",0.004043,4880,1,111823,21280,0.333333333333333,0.110044785668586,0.200347317429851,0.17603509734028,0.250342747463669,86892.6177500822,8.68926177500821,11.1823,3.72743333333333,"2025",NA
2025,30,"170318311003",0.113852,137412.25,5,93250,28946,0.333333333333333,0.110044785668586,0.200347317429851,0.17603509734028,0.250342747463669,86892.6177500822,8.68926177500821,9.325,3.10833333333333,"2025",NA
2025,31,"170311404004",0.002569,3660,2,124762,47720,0,0.103979820627803,0.191517189835575,0.149476831091181,0.289891629297459,68866.7538485297,6.88667538485297,12.4762,0,"2025",NA
2025,31,"170311510011",0.008564,12200,1,81719,25505,0,0.103979820627803,0.191517189835575,0.149476831091181,0.289891629297459,68866.7538485297,6.88667538485297,8.1719,0,"2025",NA
2025,31,"170311901001",0.042215,60137.74,4,53717,9707,0,0.103979820627803,0.191517189835575,0.149476831091181,0.289891629297459,68866.7538485297,6.88667538485297,5.3717,0,"2025",NA
2025,31,"170311902004",0.015415,21960,1,95809,47815,0,0.103979820627803,0.191517189835575,0.149476831091181,0.289891629297459,68866.7538485297,6.88667538485297,9.5809,0,"2025",NA
2025,31,"170311903003",0.011529,16423.46,1,85375,40357,0,0.103979820627803,0.191517189835575,0.149476831091181,0.289891629297459,68866.7538485297,6.88667538485297,8.5375,0,"2025",NA
2025,31,"170311903004",0.028152,40104.2,2,92714,16198,0,0.103979820627803,0.191517189835575,0.149476831091181,0.289891629297459,68866.7538485297,6.88667538485297,9.2714,0,"2025",NA
2025,31,"170311907011",0.043934,62589.36,4,75662,36678,0,0.103979820627803,0.191517189835575,0.149476831091181,0.289891629297459,68866.7538485297,6.88667538485297,7.5662,0,"2025",NA
2025,31,"170311907012",0.056439,80401.85,3,54444,43625,0,0.103979820627803,0.191517189835575,0.149476831091181,0.289891629297459,68866.7538485297,6.88667538485297,5.4444,0,"2025",NA
2025,31,"170311907023",0.066607,94886.72,5,69468,22592,0,0.103979820627803,0.191517189835575,0.149476831091181,0.289891629297459,68866.7538485297,6.88667538485297,6.9468,0,"2025",NA
2025,31,"170311908004",0.046166,65767.27,4,67188,37728,0,0.103979820627803,0.191517189835575,0.149476831091181,0.289891629297459,68866.7538485297,6.88667538485297,6.7188,0,"2025",NA
2025,31,"170311908005",0.003426,4880,1,41429,17754,0,0.103979820627803,0.191517189835575,0.149476831091181,0.289891629297459,68866.7538485297,6.88667538485297,4.1429,0,"2025",NA
2025,31,"170311909001",0.059665,84996.84,5,64375,25725,0,0.103979820627803,0.191517189835575,0.149476831091181,0.289891629297459,68866.7538485297,6.88667538485297,6.4375,0,"2025",NA
2025,31,"170311911004",0.003426,4880,1,89071,43552,0,0.103979820627803,0.191517189835575,0.149476831091181,0.289891629297459,68866.7538485297,6.88667538485297,8.9071,0,"2025",NA
2025,31,"170311911005",0.027114,38625.97,4,60192,17776,0,0.103979820627803,0.191517189835575,0.149476831091181,0.289891629297459,68866.7538485297,6.88667538485297,6.0192,0,"2025",NA
2025,31,"170312001002",0.073463,104652.38,6,78206,8956,0,0.103979820627803,0.191517189835575,0.149476831091181,0.289891629297459,68866.7538485297,6.88667538485297,7.8206,0,"2025",NA
2025,31,"170312001003",0.031048,44229.44,3,54063,12728,0,0.103979820627803,0.191517189835575,0.149476831091181,0.289891629297459,68866.7538485297,6.88667538485297,5.4063,0,"2025",NA
2025,31,"170312002002",0.003426,4880,2,54750,27131,0,0.103979820627803,0.191517189835575,0.149476831091181,0.289891629297459,68866.7538485297,6.88667538485297,5.475,0,"2025",NA
2025,31,"170312002003",0.049898,71083.83,5,46964,28439,0,0.103979820627803,0.191517189835575,0.149476831091181,0.289891629297459,68866.7538485297,6.88667538485297,4.6964,0,"2025",NA
2025,31,"170312002004",0.093751,133556.33,3,75487,6587,0,0.103979820627803,0.191517189835575,0.149476831091181,0.289891629297459,68866.7538485297,6.88667538485297,7.5487,0,"2025",NA
2025,31,"170312003002",0.031135,44354.21,3,50069,38360,0,0.103979820627803,0.191517189835575,0.149476831091181,0.289891629297459,68866.7538485297,6.88667538485297,5.0069,0,"2025",NA
2025,31,"170312104001",0.001619,2305.86,1,70852,31525,0,0.103979820627803,0.191517189835575,0.149476831091181,0.289891629297459,68866.7538485297,6.88667538485297,7.0852,0,"2025",NA
2025,31,"170312105012",0.268237,382125.47,6,76042,25032,0,0.103979820627803,0.191517189835575,0.149476831091181,0.289891629297459,68866.7538485297,6.88667538485297,7.6042,0,"2025",NA
2025,32,"170310505004",0.001848,2700,1,188300,117035,0,0.0446513849092646,0.0386023559375995,0.0514167462591531,0.121776504297994,167126.912930446,16.7126912930446,18.83,0,"2025",NA
2025,32,"170310505005",0.000924,1350,1,150833,29748,0,0.0446513849092646,0.0386023559375995,0.0514167462591531,0.121776504297994,167126.912930446,16.7126912930446,15.0833,0,"2025",NA
2025,32,"170310508001",0.054519,79637.76,4,157813,44622,0,0.0446513849092646,0.0386023559375995,0.0514167462591531,0.121776504297994,167126.912930446,16.7126912930446,15.7813,0,"2025",NA
2025,32,"170310509001",0.06846,100001.32,4,136053,12566,0,0.0446513849092646,0.0386023559375995,0.0514167462591531,0.121776504297994,167126.912930446,16.7126912930446,13.6053,0,"2025",NA
2025,32,"170310512001",0.078271,114331.7,3,170143,71096,0,0.0446513849092646,0.0386023559375995,0.0514167462591531,0.121776504297994,167126.912930446,16.7126912930446,17.0143,0,"2025",NA
2025,32,"170310513001",0.004203,6139.39,1,143929,39338,0,0.0446513849092646,0.0386023559375995,0.0514167462591531,0.121776504297994,167126.912930446,16.7126912930446,14.3929,0,"2025",NA
2025,32,"170310514001",0.003341,4880,1,178750,31940,0,0.0446513849092646,0.0386023559375995,0.0514167462591531,0.121776504297994,167126.912930446,16.7126912930446,17.875,0,"2025",NA
2025,32,"170310623001",0.02531,36970.23,1,244286,13637,0,0.0446513849092646,0.0386023559375995,0.0514167462591531,0.121776504297994,167126.912930446,16.7126912930446,24.4286,0,"2025",NA
2025,32,"170310624001",0.00167,2440,1,158542,51146,0,0.0446513849092646,0.0386023559375995,0.0514167462591531,0.121776504297994,167126.912930446,16.7126912930446,15.8542,0,"2025",NA
2025,32,"170310625001",0.036879,53869.21,2,169917,52756,0,0.0446513849092646,0.0386023559375995,0.0514167462591531,0.121776504297994,167126.912930446,16.7126912930446,16.9917,0,"2025",NA
2025,32,"170310626001",0.166556,243292.13,2,177045,37796,0,0.0446513849092646,0.0386023559375995,0.0514167462591531,0.121776504297994,167126.912930446,16.7126912930446,17.7045,0,"2025",NA
2025,32,"170310627003",0.002214,3233.72,1,89318,30520,0,0.0446513849092646,0.0386023559375995,0.0514167462591531,0.121776504297994,167126.912930446,16.7126912930446,8.9318,0,"2025",NA
2025,32,"170310628003",0.070955,103645.38,3,173846,62750,0,0.0446513849092646,0.0386023559375995,0.0514167462591531,0.121776504297994,167126.912930446,16.7126912930446,17.3846,0,"2025",NA
2025,32,"170310704002",0.036457,53253.51,1,226806,187060,0,0.0446513849092646,0.0386023559375995,0.0514167462591531,0.121776504297994,167126.912930446,16.7126912930446,22.6806,0,"2025",NA
2025,32,"170310705001",0.022572,32970.83,1,180042,26518,0,0.0446513849092646,0.0386023559375995,0.0514167462591531,0.121776504297994,167126.912930446,16.7126912930446,18.0042,0,"2025",NA
2025,32,"170310705002",0.00167,2440,1,120433,64164,0,0.0446513849092646,0.0386023559375995,0.0514167462591531,0.121776504297994,167126.912930446,16.7126912930446,12.0433,0,"2025",NA
2025,32,"170310705003",0.035601,52003.21,1,250001,NA,0,0.0446513849092646,0.0386023559375995,0.0514167462591531,0.121776504297994,167126.912930446,16.7126912930446,25.0001,0,"2025",NA
2025,32,"170310706001",0.012068,17627.57,1,172188,49658,0,0.0446513849092646,0.0386023559375995,0.0514167462591531,0.121776504297994,167126.912930446,16.7126912930446,17.2188,0,"2025",NA
2025,32,"170310706002",0.031784,46426.83,1,242045,95637,0,0.0446513849092646,0.0386023559375995,0.0514167462591531,0.121776504297994,167126.912930446,16.7126912930446,24.2045,0,"2025",NA
2025,32,"170310707001",0.00334,4880,2,185625,74635,0,0.0446513849092646,0.0386023559375995,0.0514167462591531,0.121776504297994,167126.912930446,16.7126912930446,18.5625,0,"2025",NA
2025,32,"170312215001",0.041055,59969.8,2,46958,43271,0,0.0446513849092646,0.0386023559375995,0.0514167462591531,0.121776504297994,167126.912930446,16.7126912930446,4.6958,0,"2025",NA
2025,32,"170312216001",0.083348,121747.78,4,159750,56022,0,0.0446513849092646,0.0386023559375995,0.0514167462591531,0.121776504297994,167126.912930446,16.7126912930446,15.975,0,"2025",NA
2025,32,"170312216002",0.051749,75591.29,2,123558,25806,0,0.0446513849092646,0.0386023559375995,0.0514167462591531,0.121776504297994,167126.912930446,16.7126912930446,12.3558,0,"2025",NA
2025,32,"170312403001",0.005912,8635.54,3,142292,58358,0,0.0446513849092646,0.0386023559375995,0.0514167462591531,0.121776504297994,167126.912930446,16.7126912930446,14.2292,0,"2025",NA
2025,32,"170314305001",0,0,1,22920,4673,0,0.0446513849092646,0.0386023559375995,0.0514167462591531,0.121776504297994,167126.912930446,16.7126912930446,2.292,0,"2025",NA
2025,32,"170318309001",0.048081,70232.17,1,144621,21233,0,0.0446513849092646,0.0386023559375995,0.0514167462591531,0.121776504297994,167126.912930446,16.7126912930446,14.4621,0,"2025",NA
2025,32,"170318310002",0.002122,3100,1,185769,37965,0,0.0446513849092646,0.0386023559375995,0.0514167462591531,0.121776504297994,167126.912930446,16.7126912930446,18.5769,0,"2025",NA
2025,32,"170318322001",0.001948,2845.41,1,131782,34716,0,0.0446513849092646,0.0386023559375995,0.0514167462591531,0.121776504297994,167126.912930446,16.7126912930446,13.1782,0,"2025",NA
2025,32,"170318322002",0.047895,69961.19,1,153929,23018,0,0.0446513849092646,0.0386023559375995,0.0514167462591531,0.121776504297994,167126.912930446,16.7126912930446,15.3929,0,"2025",NA
2025,32,"170318322003",0.038879,56790.74,1,168750,37461,0,0.0446513849092646,0.0386023559375995,0.0514167462591531,0.121776504297994,167126.912930446,16.7126912930446,16.875,0,"2025",NA
2025,32,"170318323001",0.020369,29752.57,3,131212,17319,0,0.0446513849092646,0.0386023559375995,0.0514167462591531,0.121776504297994,167126.912930446,16.7126912930446,13.1212,0,"2025",NA
2025,33,"170310406002",0.026374,22101.67,1,87350,66627,0.666666666666667,0.0704049325112481,0.143392767872021,0.157057157140477,0.236377270454924,84616.5496990391,8.46165496990391,8.735,5.82333333333333,"2025",NA
2025,33,"170311402001",0.021037,17629.41,1,68209,16045,0.666666666666667,0.0704049325112481,0.143392767872021,0.157057157140477,0.236377270454924,84616.5496990391,8.46165496990391,6.8209,4.54726666666667,"2025",NA
2025,33,"170311403022",0.030714,25738.27,1,88603,37290,0.666666666666667,0.0704049325112481,0.143392767872021,0.157057157140477,0.236377270454924,84616.5496990391,8.46165496990391,8.8603,5.90686666666667,"2025",NA
2025,33,"170311406023",0.079642,66740.33,4,66705,16857,0.666666666666667,0.0704049325112481,0.143392767872021,0.157057157140477,0.236377270454924,84616.5496990391,8.46165496990391,6.6705,4.447,"2025",NA
2025,33,"170311406024",0.049295,41309.32,2,33393,26417,0.666666666666667,0.0704049325112481,0.143392767872021,0.157057157140477,0.236377270454924,84616.5496990391,8.46165496990391,3.3393,2.2262,"2025",NA
2025,33,"170311407011",0.089987,75409.43,3,109119,6804,0.666666666666667,0.0704049325112481,0.143392767872021,0.157057157140477,0.236377270454924,84616.5496990391,8.46165496990391,10.9119,7.2746,"2025",NA
2025,33,"170311407012",0.023384,19596.08,2,75972,34277,0.666666666666667,0.0704049325112481,0.143392767872021,0.157057157140477,0.236377270454924,84616.5496990391,8.46165496990391,7.5972,5.0648,"2025",NA
2025,33,"170311407022",0.075211,63028.18,6,50104,23611,0.666666666666667,0.0704049325112481,0.143392767872021,0.157057157140477,0.236377270454924,84616.5496990391,8.46165496990391,5.0104,3.34026666666667,"2025",NA
2025,33,"170311408001",0.038715,32443.2,2,95486,73305,0.666666666666667,0.0704049325112481,0.143392767872021,0.157057157140477,0.236377270454924,84616.5496990391,8.46165496990391,9.5486,6.36573333333333,"2025",NA
2025,33,"170311408003",0.138921,116416.56,4,114243,21721,0.666666666666667,0.0704049325112481,0.143392767872021,0.157057157140477,0.236377270454924,84616.5496990391,8.46165496990391,11.4243,7.6162,"2025",NA
2025,33,"170311408004",0.003332,2792.5,1,108828,73373,0.666666666666667,0.0704049325112481,0.143392767872021,0.157057157140477,0.236377270454924,84616.5496990391,8.46165496990391,10.8828,7.2552,"2025",NA
2025,33,"170311605022",0.046534,38995.74,2,70375,54492,0.666666666666667,0.0704049325112481,0.143392767872021,0.157057157140477,0.236377270454924,84616.5496990391,8.46165496990391,7.0375,4.69166666666667,"2025",NA
2025,33,"170311605023",0.076214,63867.18,1,104479,72117,0.666666666666667,0.0704049325112481,0.143392767872021,0.157057157140477,0.236377270454924,84616.5496990391,8.46165496990391,10.4479,6.96526666666667,"2025",NA
2025,33,"170311606012",0.071221,59683.54,2,76563,17089,0.666666666666667,0.0704049325112481,0.143392767872021,0.157057157140477,0.236377270454924,84616.5496990391,8.46165496990391,7.6563,5.1042,"2025",NA
2025,33,"170311606021",0.003332,2792.5,1,95625,22520,0.666666666666667,0.0704049325112481,0.143392767872021,0.157057157140477,0.236377270454924,84616.5496990391,8.46165496990391,9.5625,6.375,"2025",NA
2025,33,"170311606023",0.005823,4880,1,122500,34017,0.666666666666667,0.0704049325112481,0.143392767872021,0.157057157140477,0.236377270454924,84616.5496990391,8.46165496990391,12.25,8.16666666666667,"2025",NA
2025,33,"170312101001",0.083174,69699.44,2,143125,43137,0.666666666666667,0.0704049325112481,0.143392767872021,0.157057157140477,0.236377270454924,84616.5496990391,8.46165496990391,14.3125,9.54166666666667,"2025",NA
2025,33,"170312101002",0.062281,52190.94,3,118785,65339,0.666666666666667,0.0704049325112481,0.143392767872021,0.157057157140477,0.236377270454924,84616.5496990391,8.46165496990391,11.8785,7.919,"2025",NA
2025,33,"170312101003",0.033772,28300.7,1,82593,26870,0.666666666666667,0.0704049325112481,0.143392767872021,0.157057157140477,0.236377270454924,84616.5496990391,8.46165496990391,8.2593,5.5062,"2025",NA
2025,34,"170312831002",0.009546,14000,1,76888,25459,0,0.19392999127315,0.20188112091535,0.152235043149423,0.23019489964123,128380.251560562,12.8380251560562,7.6888,0,"2025",NA
2025,34,"170313201021",0.024029,35240.73,1,106980,17178,0,0.19392999127315,0.20188112091535,0.152235043149423,0.23019489964123,128380.251560562,12.8380251560562,10.698,0,"2025",NA
2025,34,"170313201022",0.008455,12399.5,1,123984,84623,0,0.19392999127315,0.20188112091535,0.152235043149423,0.23019489964123,128380.251560562,12.8380251560562,12.3984,0,"2025",NA
2025,34,"170313204001",0.00156,2286.64,2,137917,45112,0,0.19392999127315,0.20188112091535,0.152235043149423,0.23019489964123,128380.251560562,12.8380251560562,13.7917,0,"2025",NA
2025,34,"170318329001",0.009489,13916.66,2,73182,14559,0,0.19392999127315,0.20188112091535,0.152235043149423,0.23019489964123,128380.251560562,12.8380251560562,7.3182,0,"2025",NA
2025,34,"170318329002",0.024973,36624.41,3,90000,37346,0,0.19392999127315,0.20188112091535,0.152235043149423,0.23019489964123,128380.251560562,12.8380251560562,9,0,"2025",NA
2025,34,"170318330001",0.05416,79429.22,3,202670,69561,0,0.19392999127315,0.20188112091535,0.152235043149423,0.23019489964123,128380.251560562,12.8380251560562,20.267,0,"2025",NA
2025,34,"170318331001",0.060621,88905.49,3,145517,125808,0,0.19392999127315,0.20188112091535,0.152235043149423,0.23019489964123,128380.251560562,12.8380251560562,14.5517,0,"2025",NA
2025,34,"170318331002",0.001347,1975.12,1,223514,40619,0,0.19392999127315,0.20188112091535,0.152235043149423,0.23019489964123,128380.251560562,12.8380251560562,22.3514,0,"2025",NA
2025,34,"170318331003",0.171685,251791.31,5,180025,29466,0,0.19392999127315,0.20188112091535,0.152235043149423,0.23019489964123,128380.251560562,12.8380251560562,18.0025,0,"2025",NA
2025,34,"170318331004",0.044702,65559.56,1,151959,21394,0,0.19392999127315,0.20188112091535,0.152235043149423,0.23019489964123,128380.251560562,12.8380251560562,15.1959,0,"2025",NA
2025,34,"170318333001",0.495912,727296.92,11,90806,22166,0,0.19392999127315,0.20188112091535,0.152235043149423,0.23019489964123,128380.251560562,12.8380251560562,9.0806,0,"2025",NA
2025,34,"170318390001",0.027327,40078.01,3,123818,19302,0,0.19392999127315,0.20188112091535,0.152235043149423,0.23019489964123,128380.251560562,12.8380251560562,12.3818,0,"2025",NA
2025,34,"170318391001",0.000385,564.65,1,124641,34480,0,0.19392999127315,0.20188112091535,0.152235043149423,0.23019489964123,128380.251560562,12.8380251560562,12.4641,0,"2025",NA
2025,34,"170318391002",0.001159,1700,1,165132,63827,0,0.19392999127315,0.20188112091535,0.152235043149423,0.23019489964123,128380.251560562,12.8380251560562,16.5132,0,"2025",NA
2025,34,"170318419001",0.059126,86713.4,3,128696,22419,0,0.19392999127315,0.20188112091535,0.152235043149423,0.23019489964123,128380.251560562,12.8380251560562,12.8696,0,"2025",NA
2025,35,"170310207011",0.020194,28224.13,2,93846,56958,0.666666666666667,0.116970191175138,0.208480565371025,0.139802482558666,0.2107456736432,89778.162107582,8.9778162107582,9.3846,6.2564,"2025",NA
2025,35,"170311607001",0.041957,58640.31,1,23902,3924,0.666666666666667,0.116970191175138,0.208480565371025,0.139802482558666,0.2107456736432,89778.162107582,8.9778162107582,2.3902,1.59346666666667,"2025",NA
2025,35,"170311608002",0.025075,35045.28,1,71797,28700,0.666666666666667,0.116970191175138,0.208480565371025,0.139802482558666,0.2107456736432,89778.162107582,8.9778162107582,7.1797,4.78646666666667,"2025",NA
2025,35,"170312003001",0.06856,95822.79,3,36591,10481,0.666666666666667,0.116970191175138,0.208480565371025,0.139802482558666,0.2107456736432,89778.162107582,8.9778162107582,3.6591,2.4394,"2025",NA
2025,35,"170312004012",0.047637,66580.09,2,74451,15391,0.666666666666667,0.116970191175138,0.208480565371025,0.139802482558666,0.2107456736432,89778.162107582,8.9778162107582,7.4451,4.9634,"2025",NA
2025,35,"170312004021",0.015549,21732.02,1,73929,55193,0.666666666666667,0.116970191175138,0.208480565371025,0.139802482558666,0.2107456736432,89778.162107582,8.9778162107582,7.3929,4.9286,"2025",NA
2025,35,"170312004023",0.009597,13413.43,2,86534,20813,0.666666666666667,0.116970191175138,0.208480565371025,0.139802482558666,0.2107456736432,89778.162107582,8.9778162107582,8.6534,5.76893333333333,"2025",NA
2025,35,"170312101001",0.001359,1900,1,143125,43137,0.666666666666667,0.116970191175138,0.208480565371025,0.139802482558666,0.2107456736432,89778.162107582,8.9778162107582,14.3125,9.54166666666667,"2025",NA
2025,35,"170312105011",5e-04,700,2,65625,24951,0.666666666666667,0.116970191175138,0.208480565371025,0.139802482558666,0.2107456736432,89778.162107582,8.9778162107582,6.5625,4.375,"2025",NA
2025,35,"170312105012",0.00025,350,1,76042,25032,0.666666666666667,0.116970191175138,0.208480565371025,0.139802482558666,0.2107456736432,89778.162107582,8.9778162107582,7.6042,5.06946666666667,"2025",NA
2025,35,"170312106011",0.027472,38396.54,3,184792,119032,0.666666666666667,0.116970191175138,0.208480565371025,0.139802482558666,0.2107456736432,89778.162107582,8.9778162107582,18.4792,12.3194666666667,"2025",NA
2025,35,"170312106012",0.04611,64445.5,3,62782,58432,0.666666666666667,0.116970191175138,0.208480565371025,0.139802482558666,0.2107456736432,89778.162107582,8.9778162107582,6.2782,4.18546666666667,"2025",NA
2025,35,"170312106013",0.02092,29238.98,2,73026,24779,0.666666666666667,0.116970191175138,0.208480565371025,0.139802482558666,0.2107456736432,89778.162107582,8.9778162107582,7.3026,4.8684,"2025",NA
2025,35,"170312106021",0.163645,228714.45,8,88393,14199,0.666666666666667,0.116970191175138,0.208480565371025,0.139802482558666,0.2107456736432,89778.162107582,8.9778162107582,8.8393,5.89286666666667,"2025",NA
2025,35,"170312106022",0.00025,350,1,82443,27778,0.666666666666667,0.116970191175138,0.208480565371025,0.139802482558666,0.2107456736432,89778.162107582,8.9778162107582,8.2443,5.4962,"2025",NA
2025,35,"170312106023",0.08145,113838.09,6,120260,28014,0.666666666666667,0.116970191175138,0.208480565371025,0.139802482558666,0.2107456736432,89778.162107582,8.9778162107582,12.026,8.01733333333333,"2025",NA
2025,35,"170312109002",0.003492,4880,1,97647,36672,0.666666666666667,0.116970191175138,0.208480565371025,0.139802482558666,0.2107456736432,89778.162107582,8.9778162107582,9.7647,6.5098,"2025",NA
2025,35,"170312206022",0.039637,55397.62,2,73405,17500,0.666666666666667,0.116970191175138,0.208480565371025,0.139802482558666,0.2107456736432,89778.162107582,8.9778162107582,7.3405,4.89366666666667,"2025",NA
2025,35,"170312206024",0.011799,16491.58,2,76094,51638,0.666666666666667,0.116970191175138,0.208480565371025,0.139802482558666,0.2107456736432,89778.162107582,8.9778162107582,7.6094,5.07293333333333,"2025",NA
2025,35,"170312207011",0.000358,500,1,61484,46039,0.666666666666667,0.116970191175138,0.208480565371025,0.139802482558666,0.2107456736432,89778.162107582,8.9778162107582,6.1484,4.09893333333333,"2025",NA
2025,35,"170312207012",0.016911,23634.98,1,87813,18298,0.666666666666667,0.116970191175138,0.208480565371025,0.139802482558666,0.2107456736432,89778.162107582,8.9778162107582,8.7813,5.8542,"2025",NA
2025,35,"170312207021",0.000251,350.71,1,70682,20295,0.666666666666667,0.116970191175138,0.208480565371025,0.139802482558666,0.2107456736432,89778.162107582,8.9778162107582,7.0682,4.71213333333333,"2025",NA
2025,35,"170312207022",0.02417,33781.21,3,98938,27977,0.666666666666667,0.116970191175138,0.208480565371025,0.139802482558666,0.2107456736432,89778.162107582,8.9778162107582,9.8938,6.59586666666667,"2025",NA
2025,35,"170312209012",0.042294,59111.58,3,64375,49595,0.666666666666667,0.116970191175138,0.208480565371025,0.139802482558666,0.2107456736432,89778.162107582,8.9778162107582,6.4375,4.29166666666667,"2025",NA
2025,35,"170312209021",0.015447,21589.08,1,94070,26945,0.666666666666667,0.116970191175138,0.208480565371025,0.139802482558666,0.2107456736432,89778.162107582,8.9778162107582,9.407,6.27133333333333,"2025",NA
2025,35,"170312210001",0.020708,28942.45,1,108542,21185,0.666666666666667,0.116970191175138,0.208480565371025,0.139802482558666,0.2107456736432,89778.162107582,8.9778162107582,10.8542,7.23613333333333,"2025",NA
2025,35,"170312211001",0.002862,4000,1,100729,23824,0.666666666666667,0.116970191175138,0.208480565371025,0.139802482558666,0.2107456736432,89778.162107582,8.9778162107582,10.0729,6.71526666666667,"2025",NA
2025,35,"170312211002",0.057239,80000,1,73229,50267,0.666666666666667,0.116970191175138,0.208480565371025,0.139802482558666,0.2107456736432,89778.162107582,8.9778162107582,7.3229,4.88193333333333,"2025",NA
2025,35,"170312211003",0.057239,80000,1,118393,66531,0.666666666666667,0.116970191175138,0.208480565371025,0.139802482558666,0.2107456736432,89778.162107582,8.9778162107582,11.8393,7.89286666666667,"2025",NA
2025,35,"170318309003",0.036848,51500,2,116125,99917,0.666666666666667,0.116970191175138,0.208480565371025,0.139802482558666,0.2107456736432,89778.162107582,8.9778162107582,11.6125,7.74166666666667,"2025",NA
2025,35,"170318311001",0.046189,64555.01,2,68542,46949,0.666666666666667,0.116970191175138,0.208480565371025,0.139802482558666,0.2107456736432,89778.162107582,8.9778162107582,6.8542,4.56946666666667,"2025",NA
2025,35,"170318311004",0.042448,59327.06,1,89922,47472,0.666666666666667,0.116970191175138,0.208480565371025,0.139802482558666,0.2107456736432,89778.162107582,8.9778162107582,8.9922,5.9948,"2025",NA
2025,36,"170311801001",0.009435,14055.12,2,107740,36991,0,0.0854591836734694,0.21921768707483,0.173639455782313,0.279421768707483,82364.7638950356,8.23647638950356,10.774,0,"2025",NA
2025,36,"170311801002",0.021632,32225.34,3,100889,63671,0,0.0854591836734694,0.21921768707483,0.173639455782313,0.279421768707483,82364.7638950356,8.23647638950356,10.0889,0,"2025",NA
2025,36,"170311801004",0.000325,483.43,1,84609,52678,0,0.0854591836734694,0.21921768707483,0.173639455782313,0.279421768707483,82364.7638950356,8.23647638950356,8.4609,0,"2025",NA
2025,36,"170311906023",0.214802,320000,1,56250,48346,0,0.0854591836734694,0.21921768707483,0.173639455782313,0.279421768707483,82364.7638950356,8.23647638950356,5.625,0,"2025",NA
2025,36,"170311911005",0.019306,28760.31,1,60192,17776,0,0.0854591836734694,0.21921768707483,0.173639455782313,0.279421768707483,82364.7638950356,8.23647638950356,6.0192,0,"2025",NA
2025,36,"170311912001",0.036678,54639.44,6,78889,21510,0,0.0854591836734694,0.21921768707483,0.173639455782313,0.279421768707483,82364.7638950356,8.23647638950356,7.8889,0,"2025",NA
2025,36,"170311913011",0.012775,19030.97,4,109225,16750,0,0.0854591836734694,0.21921768707483,0.173639455782313,0.279421768707483,82364.7638950356,8.23647638950356,10.9225,0,"2025",NA
2025,36,"170311913012",0.000487,725,1,48565,11388,0,0.0854591836734694,0.21921768707483,0.173639455782313,0.279421768707483,82364.7638950356,8.23647638950356,4.8565,0,"2025",NA
2025,36,"170311913013",0.031019,46210.54,2,51827,34608,0,0.0854591836734694,0.21921768707483,0.173639455782313,0.279421768707483,82364.7638950356,8.23647638950356,5.1827,0,"2025",NA
2025,36,"170311913021",0.035792,53320.6,3,82596,61783,0,0.0854591836734694,0.21921768707483,0.173639455782313,0.279421768707483,82364.7638950356,8.23647638950356,8.2596,0,"2025",NA
2025,36,"170312307002",0.021072,31391.42,2,30068,16518,0,0.0854591836734694,0.21921768707483,0.173639455782313,0.279421768707483,82364.7638950356,8.23647638950356,3.0068,0,"2025",NA
2025,36,"170312307003",0.008306,12373.59,2,74058,8450,0,0.0854591836734694,0.21921768707483,0.173639455782313,0.279421768707483,82364.7638950356,8.23647638950356,7.4058,0,"2025",NA
2025,36,"170312312001",0,0,1,35417,12556,0,0.0854591836734694,0.21921768707483,0.173639455782313,0.279421768707483,82364.7638950356,8.23647638950356,3.5417,0,"2025",NA
2025,36,"170312409001",0.003276,4880,1,98145,21524,0,0.0854591836734694,0.21921768707483,0.173639455782313,0.279421768707483,82364.7638950356,8.23647638950356,9.8145,0,"2025",NA
2025,36,"170312422002",0.043996,65542.12,3,170781,16551,0,0.0854591836734694,0.21921768707483,0.173639455782313,0.279421768707483,82364.7638950356,8.23647638950356,17.0781,0,"2025",NA
2025,36,"170312423002",0.021907,32634.63,4,119141,84100,0,0.0854591836734694,0.21921768707483,0.173639455782313,0.279421768707483,82364.7638950356,8.23647638950356,11.9141,0,"2025",NA
2025,36,"170312424001",0.001638,2440,1,122778,27094,0,0.0854591836734694,0.21921768707483,0.173639455782313,0.279421768707483,82364.7638950356,8.23647638950356,12.2778,0,"2025",NA
2025,36,"170312425001",0.021374,31841.8,4,94918,30998,0,0.0854591836734694,0.21921768707483,0.173639455782313,0.279421768707483,82364.7638950356,8.23647638950356,9.4918,0,"2025",NA
2025,36,"170312425002",0.047513,70781.16,6,84667,27389,0,0.0854591836734694,0.21921768707483,0.173639455782313,0.279421768707483,82364.7638950356,8.23647638950356,8.4667,0,"2025",NA
2025,36,"170312426002",0.063992,95330.42,8,70977,19560,0,0.0854591836734694,0.21921768707483,0.173639455782313,0.279421768707483,82364.7638950356,8.23647638950356,7.0977,0,"2025",NA
2025,36,"170312426004",0.037778,56279.44,4,83646,61303,0,0.0854591836734694,0.21921768707483,0.173639455782313,0.279421768707483,82364.7638950356,8.23647638950356,8.3646,0,"2025",NA
2025,36,"170312427001",0.05814,86614.36,4,80227,15675,0,0.0854591836734694,0.21921768707483,0.173639455782313,0.279421768707483,82364.7638950356,8.23647638950356,8.0227,0,"2025",NA
2025,36,"170312428001",0.045789,68213.43,3,165375,33712,0,0.0854591836734694,0.21921768707483,0.173639455782313,0.279421768707483,82364.7638950356,8.23647638950356,16.5375,0,"2025",NA
2025,36,"170312429001",0.007738,11527.76,2,124034,32692,0,0.0854591836734694,0.21921768707483,0.173639455782313,0.279421768707483,82364.7638950356,8.23647638950356,12.4034,0,"2025",NA
2025,36,"170312430002",0.098116,146169.17,5,99243,25761,0,0.0854591836734694,0.21921768707483,0.173639455782313,0.279421768707483,82364.7638950356,8.23647638950356,9.9243,0,"2025",NA
2025,36,"170312431002",0.001639,2442.25,1,81439,35661,0,0.0854591836734694,0.21921768707483,0.173639455782313,0.279421768707483,82364.7638950356,8.23647638950356,8.1439,0,"2025",NA
2025,36,"170318313001",0.007905,11776.68,1,45583,21586,0,0.0854591836734694,0.21921768707483,0.173639455782313,0.279421768707483,82364.7638950356,8.23647638950356,4.5583,0,"2025",NA
2025,36,"170318315001",0.072178,107523.46,8,78472,20514,0,0.0854591836734694,0.21921768707483,0.173639455782313,0.279421768707483,82364.7638950356,8.23647638950356,7.8472,0,"2025",NA
2025,36,"170318315002",0.003294,4907.2,1,79250,73949,0,0.0854591836734694,0.21921768707483,0.173639455782313,0.279421768707483,82364.7638950356,8.23647638950356,7.925,0,"2025",NA
2025,36,"170318316004",0.006388,9516.52,4,35764,19558,0,0.0854591836734694,0.21921768707483,0.173639455782313,0.279421768707483,82364.7638950356,8.23647638950356,3.5764,0,"2025",NA
2025,36,"170318316005",0.00645,9609.33,1,82202,66812,0,0.0854591836734694,0.21921768707483,0.173639455782313,0.279421768707483,82364.7638950356,8.23647638950356,8.2202,0,"2025",NA
2025,36,"170318324002",0.009403,14007.32,2,136724,14594,0,0.0854591836734694,0.21921768707483,0.173639455782313,0.279421768707483,82364.7638950356,8.23647638950356,13.6724,0,"2025",NA
2025,36,"170318391001",0.000487,725,1,124641,34480,0,0.0854591836734694,0.21921768707483,0.173639455782313,0.279421768707483,82364.7638950356,8.23647638950356,12.4641,0,"2025",NA
2025,37,"170312306005",0.141123,196441.69,5,52375,33654,0,0.223829143193475,0.25897586815774,0.170268225006306,0.189775498192214,49210.6442663228,4.92106442663228,5.2375,0,"2025",NA
2025,37,"170312307003",0.039002,54289.84,2,74058,8450,0,0.223829143193475,0.25897586815774,0.170268225006306,0.189775498192214,49210.6442663228,4.92106442663228,7.4058,0,"2025",NA
2025,37,"170312315003",0.035326,49172.38,3,37326,16166,0,0.223829143193475,0.25897586815774,0.170268225006306,0.189775498192214,49210.6442663228,4.92106442663228,3.7326,0,"2025",NA
2025,37,"170312502001",0.05329,74180.73,8,47331,15501,0,0.223829143193475,0.25897586815774,0.170268225006306,0.189775498192214,49210.6442663228,4.92106442663228,4.7331,0,"2025",NA
2025,37,"170312502002",0.001302,1812.5,1,31346,28115,0,0.223829143193475,0.25897586815774,0.170268225006306,0.189775498192214,49210.6442663228,4.92106442663228,3.1346,0,"2025",NA
2025,37,"170312503001",0.179018,249190.66,4,95789,52882,0,0.223829143193475,0.25897586815774,0.170268225006306,0.189775498192214,49210.6442663228,4.92106442663228,9.5789,0,"2025",NA
2025,37,"170312503003",0.023691,32976.8,3,70341,33733,0,0.223829143193475,0.25897586815774,0.170268225006306,0.189775498192214,49210.6442663228,4.92106442663228,7.0341,0,"2025",NA
2025,37,"170312503004",0.038332,53357.4,2,61875,27346,0,0.223829143193475,0.25897586815774,0.170268225006306,0.189775498192214,49210.6442663228,4.92106442663228,6.1875,0,"2025",NA
2025,37,"170312508001",0.001753,2440,1,65488,12141,0,0.223829143193475,0.25897586815774,0.170268225006306,0.189775498192214,49210.6442663228,4.92106442663228,6.5488,0,"2025",NA
2025,37,"170312510001",0.041137,57261.43,3,35568,10533,0,0.223829143193475,0.25897586815774,0.170268225006306,0.189775498192214,49210.6442663228,4.92106442663228,3.5568,0,"2025",NA
2025,37,"170318421002",0.010217,14221.97,1,46719,33313,0,0.223829143193475,0.25897586815774,0.170268225006306,0.189775498192214,49210.6442663228,4.92106442663228,4.6719,0,"2025",NA
2025,37,"170318421005",0.021829,30385.74,1,73487,67789,0,0.223829143193475,0.25897586815774,0.170268225006306,0.189775498192214,49210.6442663228,4.92106442663228,7.3487,0,"2025",NA
2025,37,"170318421006",0.009996,13913.96,2,61036,25691,0,0.223829143193475,0.25897586815774,0.170268225006306,0.189775498192214,49210.6442663228,4.92106442663228,6.1036,0,"2025",NA
2025,38,"170311503004",0.035443,52029.04,1,142688,89434,0,0.0607534246575342,0.109452054794521,0.14958904109589,0.266164383561644,88538.0336513566,8.85380336513566,14.2688,0,"2025",NA
2025,38,"170311505021",0.051091,75000,1,67941,43072,0,0.0607534246575342,0.109452054794521,0.14958904109589,0.266164383561644,88538.0336513566,8.85380336513566,6.7941,0,"2025",NA
2025,38,"170311505022",0.02248,33000.08,1,97045,84751,0,0.0607534246575342,0.109452054794521,0.14958904109589,0.266164383561644,88538.0336513566,8.85380336513566,9.7045,0,"2025",NA
2025,38,"170311702003",0.028353,41621.98,1,51466,13928,0,0.0607534246575342,0.109452054794521,0.14958904109589,0.266164383561644,88538.0336513566,8.85380336513566,5.1466,0,"2025",NA
2025,38,"170311704001",0.215351,316131.32,2,87333,27427,0,0.0607534246575342,0.109452054794521,0.14958904109589,0.266164383561644,88538.0336513566,8.85380336513566,8.7333,0,"2025",NA
2025,38,"170311704004",0.00045,660,1,123162,76452,0,0.0607534246575342,0.109452054794521,0.14958904109589,0.266164383561644,88538.0336513566,8.85380336513566,12.3162,0,"2025",NA
2025,38,"170311705002",0.128021,187931.53,3,132141,32479,0,0.0607534246575342,0.109452054794521,0.14958904109589,0.266164383561644,88538.0336513566,8.85380336513566,13.2141,0,"2025",NA
2025,38,"170311705003",0.040416,59329.94,2,95529,44486,0,0.0607534246575342,0.109452054794521,0.14958904109589,0.266164383561644,88538.0336513566,8.85380336513566,9.5529,0,"2025",NA
2025,38,"170311705004",0.081618,119813.4,3,49081,43838,0,0.0607534246575342,0.109452054794521,0.14958904109589,0.266164383561644,88538.0336513566,8.85380336513566,4.9081,0,"2025",NA
2025,38,"170311706002",0.154508,226813.94,4,83750,25943,0,0.0607534246575342,0.109452054794521,0.14958904109589,0.266164383561644,88538.0336513566,8.85380336513566,8.375,0,"2025",NA
2025,38,"170311707001",0.032306,47424.01,1,85192,83069,0,0.0607534246575342,0.109452054794521,0.14958904109589,0.266164383561644,88538.0336513566,8.85380336513566,8.5192,0,"2025",NA
2025,38,"170311708002",0.044644,65536.73,2,86875,37065,0,0.0607534246575342,0.109452054794521,0.14958904109589,0.266164383561644,88538.0336513566,8.85380336513566,8.6875,0,"2025",NA
2025,38,"170311710003",0.039544,58050.05,2,115851,26389,0,0.0607534246575342,0.109452054794521,0.14958904109589,0.266164383561644,88538.0336513566,8.85380336513566,11.5851,0,"2025",NA
2025,38,"170311710004",0.068348,100334.58,2,93646,49878,0,0.0607534246575342,0.109452054794521,0.14958904109589,0.266164383561644,88538.0336513566,8.85380336513566,9.3646,0,"2025",NA
2025,38,"170317608021",0.056977,83641.97,2,93313,16975,0,0.0607534246575342,0.109452054794521,0.14958904109589,0.266164383561644,88538.0336513566,8.85380336513566,9.3313,0,"2025",NA
2025,38,"170318125002",0.00045,660,1,83125,22952,0,0.0607534246575342,0.109452054794521,0.14958904109589,0.266164383561644,88538.0336513566,8.85380336513566,8.3125,0,"2025",NA
2025,39,"170310403001",0.088862,115151.98,2,154412,38968,0.333333333333333,0.079474216380182,0.133602965958881,0.119649477586788,0.226761038085608,96976.7136988952,9.69767136988952,15.4412,5.14706666666667,"2025",NA
2025,39,"170311101005",0.032182,41702.57,2,76750,53907,0.333333333333333,0.079474216380182,0.133602965958881,0.119649477586788,0.226761038085608,96976.7136988952,9.69767136988952,7.675,2.55833333333333,"2025",NA
2025,39,"170311105013",0.071481,92629.22,1,160104,56765,0.333333333333333,0.079474216380182,0.133602965958881,0.119649477586788,0.226761038085608,96976.7136988952,9.69767136988952,16.0104,5.3368,"2025",NA
2025,39,"170311202003",0.022418,29050.74,1,181449,52850,0.333333333333333,0.079474216380182,0.133602965958881,0.119649477586788,0.226761038085608,96976.7136988952,9.69767136988952,18.1449,6.0483,"2025",NA
2025,39,"170311203001",0.088329,114460.75,2,105833,51689,0.333333333333333,0.079474216380182,0.133602965958881,0.119649477586788,0.226761038085608,96976.7136988952,9.69767136988952,10.5833,3.52776666666667,"2025",NA
2025,39,"170311203003",0.092813,120271.51,1,148388,24210,0.333333333333333,0.079474216380182,0.133602965958881,0.119649477586788,0.226761038085608,96976.7136988952,9.69767136988952,14.8388,4.94626666666667,"2025",NA
2025,39,"170311203004",0.004167,5400,1,150000,105630,0.333333333333333,0.079474216380182,0.133602965958881,0.119649477586788,0.226761038085608,96976.7136988952,9.69767136988952,15,5,"2025",NA
2025,39,"170311203005",0.037157,48149.51,1,210368,135283,0.333333333333333,0.079474216380182,0.133602965958881,0.119649477586788,0.226761038085608,96976.7136988952,9.69767136988952,21.0368,7.01226666666667,"2025",NA
2025,39,"170311203006",0.0442,57276.34,1,132000,84159,0.333333333333333,0.079474216380182,0.133602965958881,0.119649477586788,0.226761038085608,96976.7136988952,9.69767136988952,13.2,4.4,"2025",NA
2025,39,"170311301002",0.004745,6147.97,3,21779,3445,0.333333333333333,0.079474216380182,0.133602965958881,0.119649477586788,0.226761038085608,96976.7136988952,9.69767136988952,2.1779,0.725966666666667,"2025",NA
2025,39,"170311302001",0.162864,211048,1,103611,44856,0.333333333333333,0.079474216380182,0.133602965958881,0.119649477586788,0.226761038085608,96976.7136988952,9.69767136988952,10.3611,3.4537,"2025",NA
2025,39,"170311303003",0.000386,500,1,71750,34398,0.333333333333333,0.079474216380182,0.133602965958881,0.119649477586788,0.226761038085608,96976.7136988952,9.69767136988952,7.175,2.39166666666667,"2025",NA
2025,39,"170311303004",0.000386,500,1,70994,8670,0.333333333333333,0.079474216380182,0.133602965958881,0.119649477586788,0.226761038085608,96976.7136988952,9.69767136988952,7.0994,2.36646666666667,"2025",NA
2025,39,"170311404002",0.034018,44082.7,2,126250,105061,0.333333333333333,0.079474216380182,0.133602965958881,0.119649477586788,0.226761038085608,96976.7136988952,9.69767136988952,12.625,4.20833333333333,"2025",NA
2025,39,"170311404004",0.023151,30000,2,124762,47720,0.333333333333333,0.079474216380182,0.133602965958881,0.119649477586788,0.226761038085608,96976.7136988952,9.69767136988952,12.4762,4.15873333333333,"2025",NA
2025,39,"170311404005",0.015434,20000,1,117917,40560,0.333333333333333,0.079474216380182,0.133602965958881,0.119649477586788,0.226761038085608,96976.7136988952,9.69767136988952,11.7917,3.93056666666667,"2025",NA
2025,39,"170311601001",0.190524,246891.39,3,101146,32146,0.333333333333333,0.079474216380182,0.133602965958881,0.119649477586788,0.226761038085608,96976.7136988952,9.69767136988952,10.1146,3.37153333333333,"2025",NA
2025,39,"170318318001",0.037941,49165.36,1,101184,43756,0.333333333333333,0.079474216380182,0.133602965958881,0.119649477586788,0.226761038085608,96976.7136988952,9.69767136988952,10.1184,3.3728,"2025",NA
2025,40,"170310203022",0.054339,81508.75,1,97993,64171,0.666666666666667,0.0890926018763876,0.163575162930602,0.13743464871446,0.246508629950584,78851.8845224198,7.88518845224198,9.7993,6.53286666666667,"2025",NA
2025,40,"170310204003",0.01593,23895.59,1,74205,37872,0.666666666666667,0.0890926018763876,0.163575162930602,0.13743464871446,0.246508629950584,78851.8845224198,7.88518845224198,7.4205,4.947,"2025",NA
2025,40,"170310205002",0.038733,58099.98,1,97782,57105,0.666666666666667,0.0890926018763876,0.163575162930602,0.13743464871446,0.246508629950584,78851.8845224198,7.88518845224198,9.7782,6.5188,"2025",NA
2025,40,"170310208011",0.027974,41960.55,2,55707,22839,0.666666666666667,0.0890926018763876,0.163575162930602,0.13743464871446,0.246508629950584,78851.8845224198,7.88518845224198,5.5707,3.7138,"2025",NA
2025,40,"170310208013",0.034108,51162,1,91406,75347,0.666666666666667,0.0890926018763876,0.163575162930602,0.13743464871446,0.246508629950584,78851.8845224198,7.88518845224198,9.1406,6.09373333333333,"2025",NA
2025,40,"170310208014",0.006828,10241.35,2,58516,48345,0.666666666666667,0.0890926018763876,0.163575162930602,0.13743464871446,0.246508629950584,78851.8845224198,7.88518845224198,5.8516,3.90106666666667,"2025",NA
2025,40,"170310208021",0.017748,26622.12,2,110278,33504,0.666666666666667,0.0890926018763876,0.163575162930602,0.13743464871446,0.246508629950584,78851.8845224198,7.88518845224198,11.0278,7.35186666666667,"2025",NA
2025,40,"170310209021",0.020698,31046.99,2,42452,18572,0.666666666666667,0.0890926018763876,0.163575162930602,0.13743464871446,0.246508629950584,78851.8845224198,7.88518845224198,4.2452,2.83013333333333,"2025",NA
2025,40,"170310209022",0.044039,66058.19,1,52396,13115,0.666666666666667,0.0890926018763876,0.163575162930602,0.13743464871446,0.246508629950584,78851.8845224198,7.88518845224198,5.2396,3.49306666666667,"2025",NA
2025,40,"170310303001",0.038476,57715.74,5,70802,16435,0.666666666666667,0.0890926018763876,0.163575162930602,0.13743464871446,0.246508629950584,78851.8845224198,7.88518845224198,7.0802,4.72013333333333,"2025",NA
2025,40,"170310304001",0.052717,79074.65,3,95703,31719,0.666666666666667,0.0890926018763876,0.163575162930602,0.13743464871446,0.246508629950584,78851.8845224198,7.88518845224198,9.5703,6.3802,"2025",NA
2025,40,"170310304002",0.133845,200767.31,3,111500,33029,0.666666666666667,0.0890926018763876,0.163575162930602,0.13743464871446,0.246508629950584,78851.8845224198,7.88518845224198,11.15,7.43333333333333,"2025",NA
2025,40,"170310309001",0.000782,1173.06,1,95227,54206,0.666666666666667,0.0890926018763876,0.163575162930602,0.13743464871446,0.246508629950584,78851.8845224198,7.88518845224198,9.5227,6.34846666666667,"2025",NA
2025,40,"170310310001",0.0648,97200,2,158636,70589,0.666666666666667,0.0890926018763876,0.163575162930602,0.13743464871446,0.246508629950584,78851.8845224198,7.88518845224198,15.8636,10.5757333333333,"2025",NA
2025,40,"170310401001",0.007148,10721.93,1,97244,23463,0.666666666666667,0.0890926018763876,0.163575162930602,0.13743464871446,0.246508629950584,78851.8845224198,7.88518845224198,9.7244,6.48293333333333,"2025",NA
2025,40,"170310401002",0.0025,3750,1,62885,17223,0.666666666666667,0.0890926018763876,0.163575162930602,0.13743464871446,0.246508629950584,78851.8845224198,7.88518845224198,6.2885,4.19233333333333,"2025",NA
2025,40,"170310402012",0.000272,407.86,1,75247,30903,0.666666666666667,0.0890926018763876,0.163575162930602,0.13743464871446,0.246508629950584,78851.8845224198,7.88518845224198,7.5247,5.01646666666667,"2025",NA
2025,40,"170310402013",0.122489,183733.73,3,102325,19875,0.666666666666667,0.0890926018763876,0.163575162930602,0.13743464871446,0.246508629950584,78851.8845224198,7.88518845224198,10.2325,6.82166666666667,"2025",NA
2025,40,"170310402021",0.002754,4131.42,1,72775,26599,0.666666666666667,0.0890926018763876,0.163575162930602,0.13743464871446,0.246508629950584,78851.8845224198,7.88518845224198,7.2775,4.85166666666667,"2025",NA
2025,40,"170310402022",0.149026,223538.86,3,59786,20197,0.666666666666667,0.0890926018763876,0.163575162930602,0.13743464871446,0.246508629950584,78851.8845224198,7.88518845224198,5.9786,3.98573333333333,"2025",NA
2025,40,"170310403001",0.000242,362.5,1,154412,38968,0.666666666666667,0.0890926018763876,0.163575162930602,0.13743464871446,0.246508629950584,78851.8845224198,7.88518845224198,15.4412,10.2941333333333,"2025",NA
2025,40,"170310403003",0.020426,30640,4,121552,28792,0.666666666666667,0.0890926018763876,0.163575162930602,0.13743464871446,0.246508629950584,78851.8845224198,7.88518845224198,12.1552,8.10346666666667,"2025",NA
2025,40,"170310404014",0.003584,5376.46,1,124792,55096,0.666666666666667,0.0890926018763876,0.163575162930602,0.13743464871446,0.246508629950584,78851.8845224198,7.88518845224198,12.4792,8.31946666666667,"2025",NA
2025,40,"170310404024",0.010044,15066.44,1,43856,25737,0.666666666666667,0.0890926018763876,0.163575162930602,0.13743464871446,0.246508629950584,78851.8845224198,7.88518845224198,4.3856,2.92373333333333,"2025",NA
2025,40,"170310407003",0.024105,36157.38,2,129712,33712,0.666666666666667,0.0890926018763876,0.163575162930602,0.13743464871446,0.246508629950584,78851.8845224198,7.88518845224198,12.9712,8.64746666666667,"2025",NA
2025,40,"170310407004",0.060618,90928.21,2,108636,39063,0.666666666666667,0.0890926018763876,0.163575162930602,0.13743464871446,0.246508629950584,78851.8845224198,7.88518845224198,10.8636,7.2424,"2025",NA
2025,40,"170311408002",0.003253,4880,1,170978,84991,0.666666666666667,0.0890926018763876,0.163575162930602,0.13743464871446,0.246508629950584,78851.8845224198,7.88518845224198,17.0978,11.3985333333333,"2025",NA
2025,40,"170311408005",0.013766,20648.98,3,83881,17900,0.666666666666667,0.0890926018763876,0.163575162930602,0.13743464871446,0.246508629950584,78851.8845224198,7.88518845224198,8.3881,5.59206666666667,"2025",NA
2025,40,"170318306001",0.027281,40921.07,1,81800,33135,0.666666666666667,0.0890926018763876,0.163575162930602,0.13743464871446,0.246508629950584,78851.8845224198,7.88518845224198,8.18,5.45333333333333,"2025",NA
2025,41,"170310902001",0.020626,30080.48,2,132214,48793,0,0.0605648600210123,0.0972745812990544,0.132995488535937,0.222421358383289,105464.363855288,10.5464363855288,13.2214,0,"2025",NA
2025,41,"170311002001",0.147838,215593.13,2,86175,37997,0,0.0605648600210123,0.0972745812990544,0.132995488535937,0.222421358383289,105464.363855288,10.5464363855288,8.6175,0,"2025",NA
2025,41,"170311002005",0.186447,271896.43,4,130417,61311,0,0.0605648600210123,0.0972745812990544,0.132995488535937,0.222421358383289,105464.363855288,10.5464363855288,13.0417,0,"2025",NA
2025,41,"170311002006",0.060737,88573.63,1,162785,80499,0,0.0605648600210123,0.0972745812990544,0.132995488535937,0.222421358383289,105464.363855288,10.5464363855288,16.2785,0,"2025",NA
2025,41,"170311002007",0.103599,151078.48,3,129872,75127,0,0.0605648600210123,0.0972745812990544,0.132995488535937,0.222421358383289,105464.363855288,10.5464363855288,12.9872,0,"2025",NA
2025,41,"170311003002",0.000444,647.58,2,81688,39104,0,0.0605648600210123,0.0972745812990544,0.132995488535937,0.222421358383289,105464.363855288,10.5464363855288,8.1688,0,"2025",NA
2025,41,"170311003005",0.110583,161263.64,1,118229,45090,0,0.0605648600210123,0.0972745812990544,0.132995488535937,0.222421358383289,105464.363855288,10.5464363855288,11.8229,0,"2025",NA
2025,41,"170311004001",0.092475,134857.39,2,146625,73195,0,0.0605648600210123,0.0972745812990544,0.132995488535937,0.222421358383289,105464.363855288,10.5464363855288,14.6625,0,"2025",NA
2025,41,"170311004002",0.126155,183972.54,1,172500,47340,0,0.0605648600210123,0.0972745812990544,0.132995488535937,0.222421358383289,105464.363855288,10.5464363855288,17.25,0,"2025",NA
2025,41,"170311005003",0.000453,660,1,131685,64182,0,0.0605648600210123,0.0972745812990544,0.132995488535937,0.222421358383289,105464.363855288,10.5464363855288,13.1685,0,"2025",NA
2025,41,"170311006001",0.086672,126394.91,1,91274,21069,0,0.0605648600210123,0.0972745812990544,0.132995488535937,0.222421358383289,105464.363855288,10.5464363855288,9.1274,0,"2025",NA
2025,41,"170311006002",0.012432,18129.07,1,82813,20258,0,0.0605648600210123,0.0972745812990544,0.132995488535937,0.222421358383289,105464.363855288,10.5464363855288,8.2813,0,"2025",NA
2025,42,"170310814021",0.031719,33401.16,1,142306,52442,0,0.0234274952919021,0.0473822975517891,0.0281732580037665,0.112241054613936,136642.130783219,13.6642130783219,14.2306,0,"2025",NA
2025,42,"170310814031",0.055854,58815.46,1,125360,26733,0,0.0234274952919021,0.0473822975517891,0.0281732580037665,0.112241054613936,136642.130783219,13.6642130783219,12.536,0,"2025",NA
2025,42,"170310817002",0.038333,40365.28,2,140826,13697,0,0.0234274952919021,0.0473822975517891,0.0281732580037665,0.112241054613936,136642.130783219,13.6642130783219,14.0826,0,"2025",NA
2025,42,"170310818001",0.161648,170220.07,6,197768,70300,0,0.0234274952919021,0.0473822975517891,0.0281732580037665,0.112241054613936,136642.130783219,13.6642130783219,19.7768,0,"2025",NA
2025,42,"170310818002",0.04826,50818.19,4,136155,59085,0,0.0234274952919021,0.0473822975517891,0.0281732580037665,0.112241054613936,136642.130783219,13.6642130783219,13.6155,0,"2025",NA
2025,42,"170313201011",0.027272,28717.68,1,158230,58988,0,0.0234274952919021,0.0473822975517891,0.0281732580037665,0.112241054613936,136642.130783219,13.6642130783219,15.823,0,"2025",NA
2025,42,"170313201013",0.077102,81190.18,2,130642,90070,0,0.0234274952919021,0.0473822975517891,0.0281732580037665,0.112241054613936,136642.130783219,13.6642130783219,13.0642,0,"2025",NA
2025,42,"170313201021",0.559812,589496.39,5,106980,17178,0,0.0234274952919021,0.0473822975517891,0.0281732580037665,0.112241054613936,136642.130783219,13.6642130783219,10.698,0,"2025",NA
2025,43,"170310629002",4e-04,600,1,164861,110675,0,0.0293088363954506,0.032917760279965,0.0365266841644794,0.12237532808399,148068.905169941,14.8068905169941,16.4861,0,"2025",NA
2025,43,"170310701011",0.012561,18842.17,2,74442,44973,0,0.0293088363954506,0.032917760279965,0.0365266841644794,0.12237532808399,148068.905169941,14.8068905169941,7.4442,0,"2025",NA
2025,43,"170310701013",0.018672,28007.53,1,98750,17038,0,0.0293088363954506,0.032917760279965,0.0365266841644794,0.12237532808399,148068.905169941,14.8068905169941,9.875,0,"2025",NA
2025,43,"170310701021",0.07079,106185.8,2,105976,29322,0,0.0293088363954506,0.032917760279965,0.0365266841644794,0.12237532808399,148068.905169941,14.8068905169941,10.5976,0,"2025",NA
2025,43,"170310701022",0.117826,176739.23,3,179375,155358,0,0.0293088363954506,0.032917760279965,0.0365266841644794,0.12237532808399,148068.905169941,14.8068905169941,17.9375,0,"2025",NA
2025,43,"170310701032",0.027547,41320.27,1,78718,8129,0,0.0293088363954506,0.032917760279965,0.0365266841644794,0.12237532808399,148068.905169941,14.8068905169941,7.8718,0,"2025",NA
2025,43,"170310702001",0.014089,21133.99,1,120405,55304,0,0.0293088363954506,0.032917760279965,0.0365266841644794,0.12237532808399,148068.905169941,14.8068905169941,12.0405,0,"2025",NA
2025,43,"170310703001",0.081469,122203.4,3,167813,52642,0,0.0293088363954506,0.032917760279965,0.0365266841644794,0.12237532808399,148068.905169941,14.8068905169941,16.7813,0,"2025",NA
2025,43,"170310703002",0.003454,5180.95,2,202222,104982,0,0.0293088363954506,0.032917760279965,0.0365266841644794,0.12237532808399,148068.905169941,14.8068905169941,20.2222,0,"2025",NA
2025,43,"170310704003",0.059063,88594.96,2,250001,NA,0,0.0293088363954506,0.032917760279965,0.0365266841644794,0.12237532808399,148068.905169941,14.8068905169941,25.0001,0,"2025",NA
2025,43,"170310705001",0.029607,44411.14,1,180042,26518,0,0.0293088363954506,0.032917760279965,0.0365266841644794,0.12237532808399,148068.905169941,14.8068905169941,18.0042,0,"2025",NA
2025,43,"170310710002",0.01506,22589.89,1,210074,56774,0,0.0293088363954506,0.032917760279965,0.0365266841644794,0.12237532808399,148068.905169941,14.8068905169941,21.0074,0,"2025",NA
2025,43,"170310711002",0.007087,10630.31,1,176250,56397,0,0.0293088363954506,0.032917760279965,0.0365266841644794,0.12237532808399,148068.905169941,14.8068905169941,17.625,0,"2025",NA
2025,43,"170310712002",0.0777,116549.89,1,132413,93986,0,0.0293088363954506,0.032917760279965,0.0365266841644794,0.12237532808399,148068.905169941,14.8068905169941,13.2413,0,"2025",NA
2025,43,"170310713002",0.030809,46215.09,3,122712,63959,0,0.0293088363954506,0.032917760279965,0.0365266841644794,0.12237532808399,148068.905169941,14.8068905169941,12.2712,0,"2025",NA
2025,43,"170310717001",0.07814,117210.47,4,250001,NA,0,0.0293088363954506,0.032917760279965,0.0365266841644794,0.12237532808399,148068.905169941,14.8068905169941,25.0001,0,"2025",NA
2025,43,"170310718001",0.014201,21300.96,1,232616,51266,0,0.0293088363954506,0.032917760279965,0.0365266841644794,0.12237532808399,148068.905169941,14.8068905169941,23.2616,0,"2025",NA
2025,43,"170310801006",0.014287,21430.92,1,228389,21970,0,0.0293088363954506,0.032917760279965,0.0365266841644794,0.12237532808399,148068.905169941,14.8068905169941,22.8389,0,"2025",NA
2025,43,"170318326002",0.064447,96669.72,2,250001,NA,0,0.0293088363954506,0.032917760279965,0.0365266841644794,0.12237532808399,148068.905169941,14.8068905169941,25.0001,0,"2025",NA
2025,43,"170318326003",0.166571,249854.89,6,216250,43571,0,0.0293088363954506,0.032917760279965,0.0365266841644794,0.12237532808399,148068.905169941,14.8068905169941,21.625,0,"2025",NA
2025,44,"170310605001",0.391607,587411.07,2,60987,22761,0,0.0425880425880426,0.0325260325260325,0.0515970515970516,0.108927108927109,114552.509751402,11.4552509751402,6.0987,0,"2025",NA
2025,44,"170310610001",0.025333,38000,1,116500,17238,0,0.0425880425880426,0.0325260325260325,0.0515970515970516,0.108927108927109,114552.509751402,11.4552509751402,11.65,0,"2025",NA
2025,44,"170310612001",0.014306,21458.56,1,118398,7904,0,0.0425880425880426,0.0325260325260325,0.0515970515970516,0.108927108927109,114552.509751402,11.4552509751402,11.8398,0,"2025",NA
2025,44,"170310615001",0.047038,70556.3,2,126101,11343,0,0.0425880425880426,0.0325260325260325,0.0515970515970516,0.108927108927109,114552.509751402,11.4552509751402,12.6101,0,"2025",NA
2025,44,"170310619023",0.075132,112698.42,2,102604,21762,0,0.0425880425880426,0.0325260325260325,0.0515970515970516,0.108927108927109,114552.509751402,11.4552509751402,10.2604,0,"2025",NA
2025,44,"170310620001",0.017107,25661.7,2,109375,40652,0,0.0425880425880426,0.0325260325260325,0.0515970515970516,0.108927108927109,114552.509751402,11.4552509751402,10.9375,0,"2025",NA
2025,44,"170310621002",0.045905,68858.16,1,73484,10562,0,0.0425880425880426,0.0325260325260325,0.0515970515970516,0.108927108927109,114552.509751402,11.4552509751402,7.3484,0,"2025",NA
2025,44,"170310622002",0.013333,20000,1,161429,31449,0,0.0425880425880426,0.0325260325260325,0.0515970515970516,0.108927108927109,114552.509751402,11.4552509751402,16.1429,0,"2025",NA
2025,44,"170310623001",0.03784,56759.58,3,244286,13637,0,0.0425880425880426,0.0325260325260325,0.0515970515970516,0.108927108927109,114552.509751402,11.4552509751402,24.4286,0,"2025",NA
2025,44,"170310631001",0.111263,166894.48,4,96958,11427,0,0.0425880425880426,0.0325260325260325,0.0515970515970516,0.108927108927109,114552.509751402,11.4552509751402,9.6958,0,"2025",NA
2025,44,"170310632003",0.008496,12744.13,2,70993,9385,0,0.0425880425880426,0.0325260325260325,0.0515970515970516,0.108927108927109,114552.509751402,11.4552509751402,7.0993,0,"2025",NA
2025,44,"170310632005",0.081154,121730.81,2,71606,2820,0,0.0425880425880426,0.0325260325260325,0.0515970515970516,0.108927108927109,114552.509751402,11.4552509751402,7.1606,0,"2025",NA
2025,44,"170310633021",0.013102,19652.72,1,123287,22754,0,0.0425880425880426,0.0325260325260325,0.0515970515970516,0.108927108927109,114552.509751402,11.4552509751402,12.3287,0,"2025",NA
2025,44,"170310633031",0.013333,20000,1,76750,32980,0,0.0425880425880426,0.0325260325260325,0.0515970515970516,0.108927108927109,114552.509751402,11.4552509751402,7.675,0,"2025",NA
2025,44,"170310814021",0.066667,1e+05,1,142306,52442,0,0.0425880425880426,0.0325260325260325,0.0515970515970516,0.108927108927109,114552.509751402,11.4552509751402,14.2306,0,"2025",NA
2025,45,"170310309004",0.058661,87992.09,1,122386,57745,0,0.0722336428723329,0.120507549443539,0.107535266179911,0.249237966966754,100745.215425526,10.0745215425526,12.2386,0,"2025",NA
2025,45,"170311001004",0.003143,4714.69,1,93370,39703,0,0.0722336428723329,0.120507549443539,0.107535266179911,0.249237966966754,100745.215425526,10.0745215425526,9.337,0,"2025",NA
2025,45,"170311002003",0.021618,32427.67,1,153695,5887,0,0.0722336428723329,0.120507549443539,0.107535266179911,0.249237966966754,100745.215425526,10.0745215425526,15.3695,0,"2025",NA
2025,45,"170311101002",0.015052,22577.46,1,84076,38769,0,0.0722336428723329,0.120507549443539,0.107535266179911,0.249237966966754,100745.215425526,10.0745215425526,8.4076,0,"2025",NA
2025,45,"170311102001",0.002226,3339.42,1,73750,56413,0,0.0722336428723329,0.120507549443539,0.107535266179911,0.249237966966754,100745.215425526,10.0745215425526,7.375,0,"2025",NA
2025,45,"170311103001",0.003143,4714.69,1,152891,46873,0,0.0722336428723329,0.120507549443539,0.107535266179911,0.249237966966754,100745.215425526,10.0745215425526,15.2891,0,"2025",NA
2025,45,"170311103002",0.041208,61811.48,1,119828,33354,0,0.0722336428723329,0.120507549443539,0.107535266179911,0.249237966966754,100745.215425526,10.0745215425526,11.9828,0,"2025",NA
2025,45,"170311104001",0.029711,44566.41,1,90302,29256,0,0.0722336428723329,0.120507549443539,0.107535266179911,0.249237966966754,100745.215425526,10.0745215425526,9.0302,0,"2025",NA
2025,45,"170311104002",0.081347,122020.89,2,84881,18762,0,0.0722336428723329,0.120507549443539,0.107535266179911,0.249237966966754,100745.215425526,10.0745215425526,8.4881,0,"2025",NA
2025,45,"170311105011",0.058661,87992.09,1,76188,41407,0,0.0722336428723329,0.120507549443539,0.107535266179911,0.249237966966754,100745.215425526,10.0745215425526,7.6188,0,"2025",NA
2025,45,"170311105012",0.066835,100252.3,4,125521,44594,0,0.0722336428723329,0.120507549443539,0.107535266179911,0.249237966966754,100745.215425526,10.0745215425526,12.5521,0,"2025",NA
2025,45,"170311105014",0.038772,58159.08,2,99145,20217,0,0.0722336428723329,0.120507549443539,0.107535266179911,0.249237966966754,100745.215425526,10.0745215425526,9.9145,0,"2025",NA
2025,45,"170311105022",0.052627,78941.16,4,87829,36005,0,0.0722336428723329,0.120507549443539,0.107535266179911,0.249237966966754,100745.215425526,10.0745215425526,8.7829,0,"2025",NA
2025,45,"170311201001",0.043824,65735.85,1,168477,34456,0,0.0722336428723329,0.120507549443539,0.107535266179911,0.249237966966754,100745.215425526,10.0745215425526,16.8477,0,"2025",NA
2025,45,"170311201002",0.207815,311722.32,3,170795,55512,0,0.0722336428723329,0.120507549443539,0.107535266179911,0.249237966966754,100745.215425526,10.0745215425526,17.0795,0,"2025",NA
2025,45,"170311201003",0.024165,36247.11,1,161875,88765,0,0.0722336428723329,0.120507549443539,0.107535266179911,0.249237966966754,100745.215425526,10.0745215425526,16.1875,0,"2025",NA
2025,45,"170311201004",0.020104,30155.98,1,140233,38217,0,0.0722336428723329,0.120507549443539,0.107535266179911,0.249237966966754,100745.215425526,10.0745215425526,14.0233,0,"2025",NA
2025,45,"170311502004",0.02449,36734.99,2,117931,51214,0,0.0722336428723329,0.120507549443539,0.107535266179911,0.249237966966754,100745.215425526,10.0745215425526,11.7931,0,"2025",NA
2025,45,"170311503002",0.037134,55701.29,2,87279,20346,0,0.0722336428723329,0.120507549443539,0.107535266179911,0.249237966966754,100745.215425526,10.0745215425526,8.7279,0,"2025",NA
2025,45,"170311504011",0.039005,58507.41,1,70114,48669,0,0.0722336428723329,0.120507549443539,0.107535266179911,0.249237966966754,100745.215425526,10.0745215425526,7.0114,0,"2025",NA
2025,45,"170311504013",0.06896,103439.69,2,83967,46585,0,0.0722336428723329,0.120507549443539,0.107535266179911,0.249237966966754,100745.215425526,10.0745215425526,8.3967,0,"2025",NA
2025,45,"170311508001",0.003253,4880,1,71000,52440,0,0.0722336428723329,0.120507549443539,0.107535266179911,0.249237966966754,100745.215425526,10.0745215425526,7.1,0,"2025",NA
2025,45,"170311602004",0.058244,87365.91,1,102119,54738,0,0.0722336428723329,0.120507549443539,0.107535266179911,0.249237966966754,100745.215425526,10.0745215425526,10.2119,0,"2025",NA
2025,46,"170310312001",0.080964,114226.37,9,64176,12074,0,0.149429807314196,0.146021759077205,0.106829204351815,0.16764975750426,76047.3951987084,7.60473951987084,6.4176,0,"2025",NA
2025,46,"170310313004",0.045264,63860.44,4,62500,24604,0,0.149429807314196,0.146021759077205,0.106829204351815,0.16764975750426,76047.3951987084,7.60473951987084,6.25,0,"2025",NA
2025,46,"170310314001",0.084362,119019.94,2,100714,13434,0,0.149429807314196,0.146021759077205,0.106829204351815,0.16764975750426,76047.3951987084,7.60473951987084,10.0714,0,"2025",NA
2025,46,"170310314002",0.047673,67257.9,1,73262,11070,0,0.149429807314196,0.146021759077205,0.106829204351815,0.16764975750426,76047.3951987084,7.60473951987084,7.3262,0,"2025",NA
2025,46,"170310314003",0.005677,8009.88,1,91424,24139,0,0.149429807314196,0.146021759077205,0.106829204351815,0.16764975750426,76047.3951987084,7.60473951987084,9.1424,0,"2025",NA
2025,46,"170310314004",0.018879,26634.49,2,91123,21228,0,0.149429807314196,0.146021759077205,0.106829204351815,0.16764975750426,76047.3951987084,7.60473951987084,9.1123,0,"2025",NA
2025,46,"170310314005",0.021297,30046.99,3,62248,60703,0,0.149429807314196,0.146021759077205,0.106829204351815,0.16764975750426,76047.3951987084,7.60473951987084,6.2248,0,"2025",NA
2025,46,"170310315013",0.01217,17170.49,2,34570,31930,0,0.149429807314196,0.146021759077205,0.106829204351815,0.16764975750426,76047.3951987084,7.60473951987084,3.457,0,"2025",NA
2025,46,"170310315021",0.002429,3425.27,4,58750,35292,0,0.149429807314196,0.146021759077205,0.106829204351815,0.16764975750426,76047.3951987084,7.60473951987084,5.875,0,"2025",NA
2025,46,"170310315022",0.003459,4880,1,48386,34784,0,0.149429807314196,0.146021759077205,0.106829204351815,0.16764975750426,76047.3951987084,7.60473951987084,4.8386,0,"2025",NA
2025,46,"170310317002",0.035364,49891.28,3,107794,38236,0,0.149429807314196,0.146021759077205,0.106829204351815,0.16764975750426,76047.3951987084,7.60473951987084,10.7794,0,"2025",NA
2025,46,"170310317003",0.091963,129743.99,6,64388,21376,0,0.149429807314196,0.146021759077205,0.106829204351815,0.16764975750426,76047.3951987084,7.60473951987084,6.4388,0,"2025",NA
2025,46,"170310317004",0.059273,83622.79,5,118469,41083,0,0.149429807314196,0.146021759077205,0.106829204351815,0.16764975750426,76047.3951987084,7.60473951987084,11.8469,0,"2025",NA
2025,46,"170310321001",0.003636,5129.8,1,82700,10114,0,0.149429807314196,0.146021759077205,0.106829204351815,0.16764975750426,76047.3951987084,7.60473951987084,8.27,0,"2025",NA
2025,46,"170310321002",0.087201,123026,2,80878,35290,0,0.149429807314196,0.146021759077205,0.106829204351815,0.16764975750426,76047.3951987084,7.60473951987084,8.0878,0,"2025",NA
2025,46,"170310321003",0.092132,129983.76,9,68647,33536,0,0.149429807314196,0.146021759077205,0.106829204351815,0.16764975750426,76047.3951987084,7.60473951987084,6.8647,0,"2025",NA
2025,46,"170310321005",0.016032,22617.3,4,135057,73864,0,0.149429807314196,0.146021759077205,0.106829204351815,0.16764975750426,76047.3951987084,7.60473951987084,13.5057,0,"2025",NA
2025,46,"170310604001",0.005188,7320,1,96472,50191,0,0.149429807314196,0.146021759077205,0.106829204351815,0.16764975750426,76047.3951987084,7.60473951987084,9.6472,0,"2025",NA
2025,46,"170310608001",0.005937,8376.25,1,102879,13121,0,0.149429807314196,0.146021759077205,0.106829204351815,0.16764975750426,76047.3951987084,7.60473951987084,10.2879,0,"2025",NA
2025,46,"170310608004",0.022727,32065.29,4,74110,10444,0,0.149429807314196,0.146021759077205,0.106829204351815,0.16764975750426,76047.3951987084,7.60473951987084,7.411,0,"2025",NA
2025,46,"170310609001",0.040828,57600.22,2,89455,6679,0,0.149429807314196,0.146021759077205,0.106829204351815,0.16764975750426,76047.3951987084,7.60473951987084,8.9455,0,"2025",NA
2025,46,"170310609003",0.020534,28970.68,3,110337,81124,0,0.149429807314196,0.146021759077205,0.106829204351815,0.16764975750426,76047.3951987084,7.60473951987084,11.0337,0,"2025",NA
2025,46,"170310618001",0.000468,660,1,76393,10479,0,0.149429807314196,0.146021759077205,0.106829204351815,0.16764975750426,76047.3951987084,7.60473951987084,7.6393,0,"2025",NA
2025,46,"170310619011",0.029121,41085.69,3,47149,26780,0,0.149429807314196,0.146021759077205,0.106829204351815,0.16764975750426,76047.3951987084,7.60473951987084,4.7149,0,"2025",NA
2025,46,"170310619023",0.029121,41085.69,3,102604,21762,0,0.149429807314196,0.146021759077205,0.106829204351815,0.16764975750426,76047.3951987084,7.60473951987084,10.2604,0,"2025",NA
2025,46,"170318307001",0.034733,49003.05,3,59813,41278,0,0.149429807314196,0.146021759077205,0.106829204351815,0.16764975750426,76047.3951987084,7.60473951987084,5.9813,0,"2025",NA
2025,46,"170318307002",0.010428,14711.32,2,96087,43854,0,0.149429807314196,0.146021759077205,0.106829204351815,0.16764975750426,76047.3951987084,7.60473951987084,9.6087,0,"2025",NA
2025,46,"170318307003",0.002939,4146.28,1,33891,22935,0,0.149429807314196,0.146021759077205,0.106829204351815,0.16764975750426,76047.3951987084,7.60473951987084,3.3891,0,"2025",NA
2025,46,"170318307004",0.00701,9889.75,1,72917,33934,0,0.149429807314196,0.146021759077205,0.106829204351815,0.16764975750426,76047.3951987084,7.60473951987084,7.2917,0,"2025",NA
2025,46,"170318321001",0.003732,5265.63,1,52126,34900,0,0.149429807314196,0.146021759077205,0.106829204351815,0.16764975750426,76047.3951987084,7.60473951987084,5.2126,0,"2025",NA
2025,46,"170318321003",0.056149,79215.2,4,93405,25935,0,0.149429807314196,0.146021759077205,0.106829204351815,0.16764975750426,76047.3951987084,7.60473951987084,9.3405,0,"2025",NA
2025,47,"170310311003",0.088852,133276.05,3,83993,11527,0.116666666666667,0.0296630280018984,0.0448504983388704,0.0654168644201867,0.157886410378105,116673.972372262,11.6673972372262,8.3993,0.979918333333333,"2025",NA
2025,47,"170310319001",0.001627,2440,1,83036,21343,0.116666666666667,0.0296630280018984,0.0448504983388704,0.0654168644201867,0.157886410378105,116673.972372262,11.6673972372262,8.3036,0.968753333333333,"2025",NA
2025,47,"170310319002",0.009763,14643.78,1,119625,52868,0.116666666666667,0.0296630280018984,0.0448504983388704,0.0654168644201867,0.157886410378105,116673.972372262,11.6673972372262,11.9625,1.395625,"2025",NA
2025,47,"170310404023",0.097848,146770.57,1,126302,70990,0.116666666666667,0.0296630280018984,0.0448504983388704,0.0654168644201867,0.157886410378105,116673.972372262,11.6673972372262,12.6302,1.47352333333333,"2025",NA
2025,47,"170310404025",0.031989,47983.09,1,105333,28952,0.116666666666667,0.0296630280018984,0.0448504983388704,0.0654168644201867,0.157886410378105,116673.972372262,11.6673972372262,10.5333,1.228885,"2025",NA
2025,47,"170310407001",0.092303,138451.65,3,102868,6739,0.116666666666667,0.0296630280018984,0.0448504983388704,0.0654168644201867,0.157886410378105,116673.972372262,11.6673972372262,10.2868,1.20012666666667,"2025",NA
2025,47,"170310407003",0.003333,5000,1,129712,33712,0.116666666666667,0.0296630280018984,0.0448504983388704,0.0654168644201867,0.157886410378105,116673.972372262,11.6673972372262,12.9712,1.51330666666667,"2025",NA
2025,47,"170310409002",0.005833,8750,1,103250,28896,0.116666666666667,0.0296630280018984,0.0448504983388704,0.0654168644201867,0.157886410378105,116673.972372262,11.6673972372262,10.325,1.20458333333333,"2025",NA
2025,47,"170310501002",0.004305,6456.28,2,114620,47976,0.116666666666667,0.0296630280018984,0.0448504983388704,0.0654168644201867,0.157886410378105,116673.972372262,11.6673972372262,11.462,1.33723333333333,"2025",NA
2025,47,"170310502001",0.002266,3399.13,1,172109,138846,0.116666666666667,0.0296630280018984,0.0448504983388704,0.0654168644201867,0.157886410378105,116673.972372262,11.6673972372262,17.2109,2.00793833333333,"2025",NA
2025,47,"170310502002",0.001208,1812.5,3,132455,83654,0.116666666666667,0.0296630280018984,0.0448504983388704,0.0654168644201867,0.157886410378105,116673.972372262,11.6673972372262,13.2455,1.54530833333333,"2025",NA
2025,47,"170310502003",0.113912,170865.98,4,97091,15714,0.116666666666667,0.0296630280018984,0.0448504983388704,0.0654168644201867,0.157886410378105,116673.972372262,11.6673972372262,9.7091,1.13272833333333,"2025",NA
2025,47,"170310505001",0.024799,37197.39,2,123529,29847,0.116666666666667,0.0296630280018984,0.0448504983388704,0.0654168644201867,0.157886410378105,116673.972372262,11.6673972372262,12.3529,1.44117166666667,"2025",NA
2025,47,"170310505002",0.002333,3500,1,118250,53415,0.116666666666667,0.0296630280018984,0.0448504983388704,0.0654168644201867,0.157886410378105,116673.972372262,11.6673972372262,11.825,1.37958333333333,"2025",NA
2025,47,"170310505003",0.035656,53483.28,2,200718,56936,0.116666666666667,0.0296630280018984,0.0448504983388704,0.0654168644201867,0.157886410378105,116673.972372262,11.6673972372262,20.0718,2.34171,"2025",NA
2025,47,"170310505005",0.052191,78285.56,4,150833,29748,0.116666666666667,0.0296630280018984,0.0448504983388704,0.0654168644201867,0.157886410378105,116673.972372262,11.6673972372262,15.0833,1.75971833333333,"2025",NA
2025,47,"170310601001",0.017131,25695.96,3,230302,90793,0.116666666666667,0.0296630280018984,0.0448504983388704,0.0654168644201867,0.157886410378105,116673.972372262,11.6673972372262,23.0302,2.68685666666667,"2025",NA
2025,47,"170310601003",0.016243,24364.54,3,157031,68067,0.116666666666667,0.0296630280018984,0.0448504983388704,0.0654168644201867,0.157886410378105,116673.972372262,11.6673972372262,15.7031,1.83202833333333,"2025",NA
2025,47,"170310602001",0.00246,3690.71,1,80625,27521,0.116666666666667,0.0296630280018984,0.0448504983388704,0.0654168644201867,0.157886410378105,116673.972372262,11.6673972372262,8.0625,0.940625,"2025",NA
2025,47,"170310602002",0.055488,83230.13,2,123594,53575,0.116666666666667,0.0296630280018984,0.0448504983388704,0.0654168644201867,0.157886410378105,116673.972372262,11.6673972372262,12.3594,1.44193,"2025",NA
2025,47,"170310603002",0.126365,189545.28,3,109152,53253,0.116666666666667,0.0296630280018984,0.0448504983388704,0.0654168644201867,0.157886410378105,116673.972372262,11.6673972372262,10.9152,1.27344,"2025",NA
2025,47,"170318308001",0.051727,77590.85,2,88990,34932,0.116666666666667,0.0296630280018984,0.0448504983388704,0.0654168644201867,0.157886410378105,116673.972372262,11.6673972372262,8.899,1.03821666666667,"2025",NA
2025,47,"170318319002",0.083334,125000,1,130759,20366,0.116666666666667,0.0296630280018984,0.0448504983388704,0.0654168644201867,0.157886410378105,116673.972372262,11.6673972372262,13.0759,1.52552166666667,"2025",NA
2025,47,"170318437001",0.063547,95318.4,3,198103,32117,0.116666666666667,0.0296630280018984,0.0448504983388704,0.0654168644201867,0.157886410378105,116673.972372262,11.6673972372262,19.8103,2.31120166666667,"2025",NA
2025,48,"170310106003",0.063653,94933.83,1,68454,19111,0.666666666666667,0.12671456564337,0.120444154147616,0.10986283474853,0.234095362508165,69748.4959460919,6.97484959460919,6.8454,4.5636,"2025",NA
2025,48,"170310301023",0.010594,15799.65,1,62472,14623,0.666666666666667,0.12671456564337,0.120444154147616,0.10986283474853,0.234095362508165,69748.4959460919,6.97484959460919,6.2472,4.1648,"2025",NA
2025,48,"170310301031",0.018687,27869.93,2,38945,23775,0.666666666666667,0.12671456564337,0.120444154147616,0.10986283474853,0.234095362508165,69748.4959460919,6.97484959460919,3.8945,2.59633333333333,"2025",NA
2025,48,"170310301032",0.010594,15799.65,2,58462,14237,0.666666666666667,0.12671456564337,0.120444154147616,0.10986283474853,0.234095362508165,69748.4959460919,6.97484959460919,5.8462,3.89746666666667,"2025",NA
2025,48,"170310302001",0.012147,18116.86,1,83107,22827,0.666666666666667,0.12671456564337,0.120444154147616,0.10986283474853,0.234095362508165,69748.4959460919,6.97484959460919,8.3107,5.54046666666667,"2025",NA
2025,48,"170310302002",0.017733,26447.4,2,69821,32061,0.666666666666667,0.12671456564337,0.120444154147616,0.10986283474853,0.234095362508165,69748.4959460919,6.97484959460919,6.9821,4.65473333333333,"2025",NA
2025,48,"170310302003",0.031394,46821.65,6,202411,121646,0.666666666666667,0.12671456564337,0.120444154147616,0.10986283474853,0.234095362508165,69748.4959460919,6.97484959460919,20.2411,13.4940666666667,"2025",NA
2025,48,"170310302004",0.067018,99950.98,6,118125,39568,0.666666666666667,0.12671456564337,0.120444154147616,0.10986283474853,0.234095362508165,69748.4959460919,6.97484959460919,11.8125,7.875,"2025",NA
2025,48,"170310305001",0.034699,51751.08,4,137731,26972,0.666666666666667,0.12671456564337,0.120444154147616,0.10986283474853,0.234095362508165,69748.4959460919,6.97484959460919,13.7731,9.18206666666667,"2025",NA
2025,48,"170310305002",0.023522,35081.49,1,112467,15039,0.666666666666667,0.12671456564337,0.120444154147616,0.10986283474853,0.234095362508165,69748.4959460919,6.97484959460919,11.2467,7.4978,"2025",NA
2025,48,"170310305003",0.167626,250000,1,114080,21027,0.666666666666667,0.12671456564337,0.120444154147616,0.10986283474853,0.234095362508165,69748.4959460919,6.97484959460919,11.408,7.60533333333333,"2025",NA
2025,48,"170310305004",0.008266,12329.3,2,136579,30334,0.666666666666667,0.12671456564337,0.120444154147616,0.10986283474853,0.234095362508165,69748.4959460919,6.97484959460919,13.6579,9.10526666666667,"2025",NA
2025,48,"170310306031",0.002065,3079.47,1,59615,32018,0.666666666666667,0.12671456564337,0.120444154147616,0.10986283474853,0.234095362508165,69748.4959460919,6.97484959460919,5.9615,3.97433333333333,"2025",NA
2025,48,"170310306032",0.004023,6000,1,53830,10357,0.666666666666667,0.12671456564337,0.120444154147616,0.10986283474853,0.234095362508165,69748.4959460919,6.97484959460919,5.383,3.58866666666667,"2025",NA
2025,48,"170310307011",0.043731,65220.11,4,51625,10249,0.666666666666667,0.12671456564337,0.120444154147616,0.10986283474853,0.234095362508165,69748.4959460919,6.97484959460919,5.1625,3.44166666666667,"2025",NA
2025,48,"170310307033",0.069752,104028.82,3,83092,13873,0.666666666666667,0.12671456564337,0.120444154147616,0.10986283474853,0.234095362508165,69748.4959460919,6.97484959460919,8.3092,5.53946666666667,"2025",NA
2025,48,"170310307061",0.002237,3335.77,1,46377,3234,0.666666666666667,0.12671456564337,0.120444154147616,0.10986283474853,0.234095362508165,69748.4959460919,6.97484959460919,4.6377,3.0918,"2025",NA
2025,48,"170310307062",0.061686,92000,2,95878,17608,0.666666666666667,0.12671456564337,0.120444154147616,0.10986283474853,0.234095362508165,69748.4959460919,6.97484959460919,9.5878,6.39186666666667,"2025",NA
2025,48,"170310308001",0.003737,5573.16,1,64306,50954,0.666666666666667,0.12671456564337,0.120444154147616,0.10986283474853,0.234095362508165,69748.4959460919,6.97484959460919,6.4306,4.28706666666667,"2025",NA
2025,48,"170310308002",0.006544,9760,2,108676,22553,0.666666666666667,0.12671456564337,0.120444154147616,0.10986283474853,0.234095362508165,69748.4959460919,6.97484959460919,10.8676,7.24506666666667,"2025",NA
2025,48,"170310308003",0.028461,42446.35,2,106757,33665,0.666666666666667,0.12671456564337,0.120444154147616,0.10986283474853,0.234095362508165,69748.4959460919,6.97484959460919,10.6757,7.11713333333333,"2025",NA
2025,48,"170310308004",0.04023,60000,1,84704,16800,0.666666666666667,0.12671456564337,0.120444154147616,0.10986283474853,0.234095362508165,69748.4959460919,6.97484959460919,8.4704,5.64693333333333,"2025",NA
2025,48,"170310309004",0.00848,12646.79,2,122386,57745,0.666666666666667,0.12671456564337,0.120444154147616,0.10986283474853,0.234095362508165,69748.4959460919,6.97484959460919,12.2386,8.15906666666667,"2025",NA
2025,48,"170310311001",0.054586,81408.77,4,100762,12339,0.666666666666667,0.12671456564337,0.120444154147616,0.10986283474853,0.234095362508165,69748.4959460919,6.97484959460919,10.0762,6.71746666666667,"2025",NA
2025,48,"170310312003",0.010064,15009.75,4,17036,14076,0.666666666666667,0.12671456564337,0.120444154147616,0.10986283474853,0.234095362508165,69748.4959460919,6.97484959460919,1.7036,1.13573333333333,"2025",NA
2025,48,"170313501002",0.077108,115000,2,64808,18423,0.666666666666667,0.12671456564337,0.120444154147616,0.10986283474853,0.234095362508165,69748.4959460919,6.97484959460919,6.4808,4.32053333333333,"2025",NA
2025,48,"170318428004",0.010058,15000,1,21058,10852,0.666666666666667,0.12671456564337,0.120444154147616,0.10986283474853,0.234095362508165,69748.4959460919,6.97484959460919,2.1058,1.40386666666667,"2025",NA
2025,49,"170310101002",0.001545,1976.94,1,30865,29270,0.666666666666667,0.110345526395785,0.204276015807073,0.151585773634613,0.244502989157969,59098.0177236303,5.90980177236303,3.0865,2.05766666666667,"2025",NA
2025,49,"170310102012",0.062523,80000,1,39212,5481,0.666666666666667,0.110345526395785,0.204276015807073,0.151585773634613,0.244502989157969,59098.0177236303,5.90980177236303,3.9212,2.61413333333333,"2025",NA
2025,49,"170310102021",0.012676,16219.88,2,46319,7389,0.666666666666667,0.110345526395785,0.204276015807073,0.151585773634613,0.244502989157969,59098.0177236303,5.90980177236303,4.6319,3.08793333333333,"2025",NA
2025,49,"170310102022",0.143883,184102.89,1,78333,34643,0.666666666666667,0.110345526395785,0.204276015807073,0.151585773634613,0.244502989157969,59098.0177236303,5.90980177236303,7.8333,5.2222,"2025",NA
2025,49,"170310103002",0.177225,226764.13,1,74906,25228,0.666666666666667,0.110345526395785,0.204276015807073,0.151585773634613,0.244502989157969,59098.0177236303,5.90980177236303,7.4906,4.99373333333333,"2025",NA
2025,49,"170310105013",0.028662,36673.86,1,60152,10741,0.666666666666667,0.110345526395785,0.204276015807073,0.151585773634613,0.244502989157969,59098.0177236303,5.90980177236303,6.0152,4.01013333333333,"2025",NA
2025,49,"170310105021",0.017098,21877.65,1,61154,20099,0.666666666666667,0.110345526395785,0.204276015807073,0.151585773634613,0.244502989157969,59098.0177236303,5.90980177236303,6.1154,4.07693333333333,"2025",NA
2025,49,"170310106003",0.281095,359669.12,7,68454,19111,0.666666666666667,0.110345526395785,0.204276015807073,0.151585773634613,0.244502989157969,59098.0177236303,5.90980177236303,6.8454,4.5636,"2025",NA
2025,49,"170310106004",0.060747,77728.18,1,72865,26981,0.666666666666667,0.110345526395785,0.204276015807073,0.151585773634613,0.244502989157969,59098.0177236303,5.90980177236303,7.2865,4.85766666666667,"2025",NA
2025,49,"170310107012",0.011285,14440,2,74422,11968,0.666666666666667,0.110345526395785,0.204276015807073,0.151585773634613,0.244502989157969,59098.0177236303,5.90980177236303,7.4422,4.96146666666667,"2025",NA
2025,49,"170310204003",0.182366,233342.7,1,74205,37872,0.666666666666667,0.110345526395785,0.204276015807073,0.151585773634613,0.244502989157969,59098.0177236303,5.90980177236303,7.4205,4.947,"2025",NA
2025,49,"170310306013",0.000516,660,1,54028,26479,0.666666666666667,0.110345526395785,0.204276015807073,0.151585773634613,0.244502989157969,59098.0177236303,5.90980177236303,5.4028,3.60186666666667,"2025",NA
2025,49,"170318306002",0.000547,700,1,52966,24894,0.666666666666667,0.110345526395785,0.204276015807073,0.151585773634613,0.244502989157969,59098.0177236303,5.90980177236303,5.2966,3.53106666666667,"2025",NA
2025,49,"170318306003",0.001907,2440,1,53036,34660,0.666666666666667,0.110345526395785,0.204276015807073,0.151585773634613,0.244502989157969,59098.0177236303,5.90980177236303,5.3036,3.53573333333333,"2025",NA
2025,50,"170310202001",0.035335,52550.62,2,89000,46509,0,0.109561752988048,0.189907038512616,0.170281835620481,0.210417588903645,77670.1866175201,7.76701866175201,8.9,0,"2025",NA
2025,50,"170310202003",0.062134,92408.03,4,119688,44437,0,0.109561752988048,0.189907038512616,0.170281835620481,0.210417588903645,77670.1866175201,7.76701866175201,11.9688,0,"2025",NA
2025,50,"170310202004",0.040089,59622.07,3,151650,31621,0,0.109561752988048,0.189907038512616,0.170281835620481,0.210417588903645,77670.1866175201,7.76701866175201,15.165,0,"2025",NA
2025,50,"170310203013",0.248785,370000,1,115000,82385,0,0.109561752988048,0.189907038512616,0.170281835620481,0.210417588903645,77670.1866175201,7.76701866175201,11.5,0,"2025",NA
2025,50,"170310203023",0.026636,39614.5,3,72330,21211,0,0.109561752988048,0.189907038512616,0.170281835620481,0.210417588903645,77670.1866175201,7.76701866175201,7.233,0,"2025",NA
2025,50,"170310204001",0.202299,300864.39,3,94038,55920,0,0.109561752988048,0.189907038512616,0.170281835620481,0.210417588903645,77670.1866175201,7.76701866175201,9.4038,0,"2025",NA
2025,50,"170310206011",0.124393,185000,1,111518,38759,0,0.109561752988048,0.189907038512616,0.170281835620481,0.210417588903645,77670.1866175201,7.76701866175201,11.1518,0,"2025",NA
2025,50,"170310206021",0.021234,31580.32,2,66596,10199,0,0.109561752988048,0.189907038512616,0.170281835620481,0.210417588903645,77670.1866175201,7.76701866175201,6.6596,0,"2025",NA
2025,50,"170310206023",0.000336,500,1,88250,52545,0,0.109561752988048,0.189907038512616,0.170281835620481,0.210417588903645,77670.1866175201,7.76701866175201,8.825,0,"2025",NA
2025,50,"170310207011",0.065102,96821.84,1,93846,56958,0,0.109561752988048,0.189907038512616,0.170281835620481,0.210417588903645,77670.1866175201,7.76701866175201,9.3846,0,"2025",NA
2025,50,"170310207012",0.035873,53351.86,3,107500,14164,0,0.109561752988048,0.189907038512616,0.170281835620481,0.210417588903645,77670.1866175201,7.76701866175201,10.75,0,"2025",NA
2025,50,"170310207022",0.03943,58640.56,3,67031,33857,0,0.109561752988048,0.189907038512616,0.170281835620481,0.210417588903645,77670.1866175201,7.76701866175201,6.7031,0,"2025",NA
2025,50,"170310209013",0.014366,21365.83,1,60452,24753,0,0.109561752988048,0.189907038512616,0.170281835620481,0.210417588903645,77670.1866175201,7.76701866175201,6.0452,0,"2025",NA
2025,50,"170310403001",0.023534,35000,1,154412,38968,0,0.109561752988048,0.189907038512616,0.170281835620481,0.210417588903645,77670.1866175201,7.76701866175201,15.4412,0,"2025",NA
2025,50,"170311301001",0.007265,10804.3,1,87083,78588,0,0.109561752988048,0.189907038512616,0.170281835620481,0.210417588903645,77670.1866175201,7.76701866175201,8.7083,0,"2025",NA
2025,50,"170311301002",0.047922,71270.84,2,21779,3445,0,0.109561752988048,0.189907038512616,0.170281835620481,0.210417588903645,77670.1866175201,7.76701866175201,2.1779,0,"2025",NA
2025,50,"170311301003",0.001647,2450,2,78819,77056,0,0.109561752988048,0.189907038512616,0.170281835620481,0.210417588903645,77670.1866175201,7.76701866175201,7.8819,0,"2025",NA
