ward,menu_package,address,cost_numeric,cost_share,lat,lon,Tract,Block_Group,GEOID_Full
1,Alley Apron Menu (2025),1300 N BELL AVE,23832.91,0.015966,41.905031181828,-87.683773165421,241200,1,170312412001
1,Alley Apron Menu (2025),1300 N LEAVITT ST,18964.45,0.012704,41.905055447437,-87.682469444202,241200,1,170312412001
1,Alley Apron Menu (2025),1383 N WOLCOTT AVE,105424.65,0.070624,41.906820184989,-87.67311836008,241400,2,170312414002
1,Alley Resurfacing Menu (2025),N CALIFORNIA AVE & W FULLERTON AVE & W ALTGELD ST & N MOZART ST,32875.8,0.022024,41.924870015087,-87.697404989832,220300,2,170312203002
1,Alley Resurfacing Menu (2025),W ERIE ST & N ASHLAND AVE & N PAULINA ST & W HURON ST,44029.02,0.029495,41.893360890398,-87.667280513638,243200,1,170312432001
1,Alley Resurfacing Menu (2025),W NORTH AVE & N CAMPBELL AVE & N MAPLEWOOD AVE & W LE MOYNE ST,57437.05,0.038477,41.908444083253,-87.6908545325,241100,2,170312411002
1,Alley Speed Hump Menu (2025),W DIVISION ST & N HONORE ST & N WOLCOTT AVE & W THOMAS ST,725.0,0.000486,41.935066348843,-87.67425341889,051300,2,170310513002
1,Alley Speed Hump Replacement (2025),N CALIFORNIA AVE & W FULLERTON AVE & W ALTGELD ST & N MOZART ST,0.0,0.0,41.924870015087,-87.697404989832,220300,2,170312203002
1,Alley Speed Hump Replacement (2025),W ERIE ST & N ASHLAND AVE & N PAULINA ST & W HURON ST,0.0,0.0,41.893360890398,-87.667280513638,243200,1,170312432001
1,Alley Speed Hump Replacement (2025),W NORTH AVE & N CAMPBELL AVE & N MAPLEWOOD AVE & W LE MOYNE ST,0.0,0.0,41.908444083253,-87.6908545325,241100,2,170312411002
1,Arterial Street Bump Outs Menu (2025),N CALIFORNIA AVE & W SHAKESPEARE AVE,160000.0,0.107184,41.920648008548,-87.697271969028,221400,2,170312214002
1,Curb & Gutter Menu (2025),1703 W AUGUSTA BLVD,73099.04,0.048969,41.89949925146,-87.670085517536,242100,3,170312421003
1,Pavement Markings Menu (2025),N WESTERN AVE & W LOGAN BLVD,4100.0,0.002747,41.928228015047,-87.68798398212,830900,3,170318309003
1,Pavement Markings Menu (2025),2130-2200 N Western Ave,2250.0,0.001507,41.921868162193,-87.687877364311,221500,1,170312215001
1,Public restroom pilot with JCDecaux in the Polish Triangle,1204 N MILWAUKEE AVE,315659.0,0.211461,41.903480307991,-87.666700945765,241600,2,170312416002
1,Sidewalk Menu (2025),2743-2700 N Washtenaw Ave,19091.61,0.01279,41.930602276707,-87.695213704606,220300,1,170312203001
1,Sidewalk Menu (2025),2200-2300 W Potomac Ave,76348.62,0.051146,41.905144798525,-87.68484847978,241200,2,170312412002
1,Street Bump Outs Menu (2025),W EVERGREEN AVE & W SCHILLER ST,20000.0,0.013398,41.906495290765,-87.639921730217,080400,2,170310804002
1,Street Resurfacing Menu (2025),2100-2200 N Campbell Ave,56827.71,0.038069,41.920088139325,-87.689522731905,221500,2,170312215002
1,Street Resurfacing Menu (2025),1100-1200 N Leavitt St,61699.26,0.041332,41.903384012125,-87.682294010968,241200,1,170312412001
1,Street Resurfacing Menu (2025),1200-800 N Marshfield Ave,218627.27,0.146459,41.896162937071,-87.66861053906,242100,3,170312421003
1,Street Resurfacing Menu (2025),1370-1400 N Wolcott Ave,27310.55,0.018295,41.906793057875,-87.673674648476,241400,2,170312414002
1,Street Resurfacing Menu (2025),2620-2800 W Medill Ave,100773.05,0.067508,41.923924281036,-87.697286461431,221400,1,170312214001
1,Street Speed Hump Menu (2025),1400 N PAULINA ST,2440.0,0.001635,41.906919540794,-87.670200517248,241500,2,170312415002
1,Street Speed Hump Menu (2025),2020-2100 N Campbell Ave,4880.0,0.003269,41.920088139325,-87.689522731905,221500,2,170312215002
1,Street Speed Hump Menu (2025),800-1000 N Marshfield Ave,4880.0,0.003269,41.899761982215,-87.668774001146,242100,1,170312421001
1,Street Speed Hump Menu (2025),2000-2200 N Mozart St,9760.0,0.006538,41.917542631683,-87.698659883479,221300,2,170312213002
1,Street Speed Hump Menu (2025),2500-2563 N Richmond St,4880.0,0.003269,41.926720236394,-87.701505584503,220400,2,170312204002
1,Street Speed Hump Menu (2025),1800-2000 N Washtenaw Ave,9760.0,0.006538,41.914005643648,-87.694932663671,832400,1,170318324001
1,Street Speed Hump Menu (2025),1200-1340 W Erie St,2440.0,0.001635,41.893601828205,-87.661208243883,243400,1,170312434001
1,Street Speed Hump Menu (2025),1600-1800 W Le Moyne St,9760.0,0.006538,41.90923298798,-87.667784014562,241500,1,170312415001
1,Street Speed Hump Menu (2025),2100-2200 W Schiller St,4880.0,0.003269,41.907211985396,-87.679894020632,241300,1,170312413001
1,Street Speed Hump Replacement (2025),1200-800 N Marshfield Ave,0.0,0.0,41.896162937071,-87.66861053906,242100,3,170312421003
1,,N WICKER PARK AVE & W SCHILLER ST,20000.0,0.013398,41.907154988454,-87.674600010586,241400,2,170312414002
2,Alley Resurfacing Menu (2025),N JANSSEN AVE & W BELDEN AVE & W FULLERTON AVE & N SOUTHPORT AVE,47273.12,0.031515,41.925232993404,-87.663301037468,070500,2,170310705002
2,Alley Resurfacing Menu (2025),N RACINE AVE & W DICKENS AVE & W WEBSTER AVE & N CLIFTON AVE,51323.4,0.034216,41.92169700373,-87.657113013629,071000,1,170310710001
2,Alley Speed Hump Replacement (2025),N JANSSEN AVE & W BELDEN AVE & W FULLERTON AVE & N SOUTHPORT AVE,0.0,0.0,41.925232993404,-87.663301037468,070500,2,170310705002
2,Concrete Alley Menu (2025),E CHICAGO AVE & N MICHIGAN AVE & N FAIRBANKS CT & E SUPERIOR ST,14734.17,0.009823,41.89581498592,-87.620353003787,081401,1,170310814011
2,Concrete Alley Menu (2025),N GREENVIEW AVE & W FULLERTON AVE & N CLYBOURN AVE & N BOSWORTH AVE,154036.73,0.102691,41.925193011726,-87.66573598034,070600,2,170310706002
2,Curb & Gutter Menu (2025),111 W DELAWARE PL,2798.18,0.001865,41.899224985228,-87.631710437745,081000,2,170310810002
2,Curb & Gutter Menu (2025),1320 N STATE PKWY,22260.15,0.01484,41.906498014883,-87.629037661305,080202,3,170310802023
2,Curb & Gutter Menu (2025),1356 N CLEVELAND AVE,5579.29,0.00372,41.907359758349,-87.641198126432,080400,3,170310804003
2,Curb & Gutter Menu (2025),1514 N WELLS ST,2667.02,0.001778,41.909649568568,-87.634983029047,080300,4,170310803004
2,Curb & Gutter Menu (2025),2187 N CLYBOURN AVE,13830.0,0.00922,41.921316800602,-87.663716696046,832500,1,170318325001
2,Curb & Gutter Menu (2025),270 E CHESTNUT ST,11901.31,0.007934,41.898512462445,-87.61923537514,081300,4,170310813004
2,Floodlight Menu (2025),777 N MICHIGAN AVE,1150.0,0.000767,41.896540146273,-87.623829230491,081401,1,170310814011
2,Miscellaneous CDOT Projects (2025),1420 N DEARBORN ST,660.0,0.00044,41.908421745481,-87.630730219013,080201,1,170310802011
2,Miscellaneous CDOT Projects (2025),6800 S LOOMIS BLVD,660.0,0.00044,41.770285718036,-87.659469837164,671600,1,170316716001
2,"North Wells St from W Division St to W North Av. Including Burton Place from Wells St East to Cul de Sac. Two teardrops at North Av and Two Acorns, East side of Wells N",1200-1600 N Wells St,279032.03,0.186021,41.903981725641,-87.634757388213,080300,2,170310803002
2,Sidewalk Menu (2025),2069 N CLYBOURN AVE,42053.26,0.028036,41.919219857975,-87.660406933939,832500,2,170318325002
2,Sidewalk Menu (2025),33 E DIVISION ST,7342.31,0.004895,41.903756378174,-87.627354491329,081202,3,170310812023
2,Street Bump Outs Menu (2025),E ERIE ST & N LAKE SHORE DR,22000.0,0.014667,41.894320911679,-87.615377422243,081401,2,170310814012
2,Street Bump Outs Menu (2025),W BELDEN AVE & N MAGNOLIA AVE,70000.0,0.046667,41.923452006617,-87.659587016171,832500,2,170318325002
2,Street Light Pole Painting Menu (2025),129-130 W NORTH AVE,1392.29,0.000928,41.911344766576,-87.632777666502,071500,5,170310715005
2,Street Light Pole Painting Menu (2025),1599-1700 N Clark St,21336.0,0.014224,41.91371282841,-87.63323882284,071500,2,170310715002
2,Street Light Pole Painting Menu (2025),2132-2330 N Clybourn Ave,38467.0,0.025645,41.919603120498,-87.662245839677,832500,2,170318325002
2,Street Light Pole Painting Menu (2025),528-628 N Fairbanks Ct,16267.0,0.010845,41.893278535188,-87.620403970936,081403,2,170310814032
2,Street Light Pole Painting Menu (2025),1600-1710 N La Salle St,16983.0,0.011322,41.911389821385,-87.633290053989,071500,5,170310715005
2,Street Light Pole Painting Menu (2025),1300-1500 N State Pkwy,17965.0,0.011977,41.909889919641,-87.628054883158,080100,4,170310801004
2,Street Light Pole Painting Menu (2025),300-800 W North Ave,47454.0,0.031636,41.911479338031,-87.637079175393,071500,4,170310715004
2,Street Light Upgrade Menu (2025),1742-1744 N CLYBOURN AVE,500.0,0.000333,41.912597693462,-87.652302052664,832600,1,170318326001
2,Street Light Upgrade Menu (2025),1760 N CLYBOURN AVE,500.0,0.000333,41.912962892984,-87.652697007941,832600,1,170318326001
2,Street Resurfacing Menu (2025),250-300 E Chestnut St,67356.85,0.044905,41.898516204606,-87.61991906002,081300,4,170310813004
2,Street Resurfacing Menu (2025),200-300 E Huron St,70163.16,0.046775,41.895404105026,-87.618470512153,081401,2,170310814012
2,Street Resurfacing Menu (2025),2200-2400 N Southport Ave,72850.23,0.048567,41.925295019488,-87.663443026907,070600,2,170310706002
2,Street Resurfacing Menu (2025),1232-1400 N State Pkwy,116763.57,0.077842,41.907966230953,-87.629179902202,080201,3,170310802013
2,Street Resurfacing Menu (2025),900-1000 W Concord Ln,55910.27,0.037274,41.911825409468,-87.65303614814,832600,1,170318326001
2,Street Resurfacing Menu (2025),1200-1300 W Dickens Ave,76768.97,0.051179,41.919951011389,-87.658366024335,832500,2,170318325002
2,Street Speed Hump Menu (2025),849 N FRANKLIN ST,1220.0,0.000813,41.897762395394,-87.635284274647,081800,1,170310818001
2,Street Speed Hump Replacement (2025),1232-1400 N State Pkwy,0.0,0.0,41.907966230953,-87.629179902202,080201,3,170310802013
2,Street Speed Hump Replacement (2025),1200-1300 W Dickens Ave,0.0,0.0,41.919951011389,-87.658366024335,832500,2,170318325002
2,Traffic Signal Pole Painting menu (2025),2132-2400 N Southport Ave,18830.0,0.012553,41.925295019488,-87.663443026907,070600,2,170310706002
2,Viaduct Improvement Menu (2025),E DIVISION ST & N LAKE SHORE DR,20446.77,0.013631,41.904026987918,-87.624996997241,081202,3,170310812023
2,accent areas along existing walking path Sidewalk Menu (2025),148 W BURTON PL,12418.85,0.008279,41.909233500046,-87.633882546948,080300,4,170310803004
2,"of North Av, Upgrading Street Light Controller to Smart function. Replacement of grass with turf and replacement of granite",2210 N SOUTHPORT AVE,50000.0,0.033333,41.921996336327,-87.663252529784,832500,1,170318325001
2,,777 N MICHIGAN AVE,14734.17,0.009823,41.896540146273,-87.623829230491,081401,1,170310814011
2,,107 E DELAWARE PL,2798.18,0.001865,41.899075001431,-87.62579696608,081201,2,170310812012
2,,15 E DIVISION ST,1392.29,0.000928,41.903770292133,-87.628063767975,081202,3,170310812023
2,,1024 N STATE ST,1392.29,0.000928,41.901370558582,-87.628416425952,081100,1,170310811001
2,,317 E ONTARIO ST,1392.29,0.000928,41.893094220149,-87.619518585326,081403,2,170310814032
2,,1642 N NORTH PARK AVE,1392.29,0.000928,41.912416267168,-87.636914470995,071500,4,170310715004
2,,N FAIRBANKS CT & E ONTARIO ST,1392.29,0.000928,41.893410511265,-87.620320482003,081401,1,170310814011
2,,534 N FAIRBANKS CT,1392.29,0.000928,41.892683078322,-87.620413668027,081403,2,170310814032
2,,830-860 N Franklin St,1220.0,0.000813,41.898372472217,-87.63607778942,081800,1,170310818001
3,Alley Resurfacing Menu (2025),S CALUMET AVE & E 40TH ST & E 41ST ST & S PRAIRIE AVE,37129.36,0.024986,41.822037013165,-87.618495993139,380600,1,170313806001
3,Alley Resurfacing Menu (2025),S MICHIGAN AVE & E 21ST ST & E CERMAK RD & S WABASH AVE,12883.19,0.008669,41.854309016771,-87.62388295849,330103,3,170313301033
3,Alley Resurfacing Menu (2025),S MICHIGAN AVE & E 40TH ST & E 41ST ST & S INDIANA AVE,32105.62,0.021605,41.821985003456,-87.623146021563,380600,3,170313806003
3,Alley Resurfacing Menu (2025),S PRAIRIE AVE & E PERSHING RD & E 40TH ST & S INDIANA AVE,52768.75,0.03551,41.823794279165,-87.620466494756,839600,2,170318396002
3,Alley Speed Hump Menu (2025),S STATE ST & W 43RD ST & E 44TH ST & S WABASH AVE,2175.0,0.001464,41.814739812079,-87.624650321726,844600,1,170318446001
3,Alley Speed Hump Replacement (2025),S MICHIGAN AVE & E 21ST ST & E CERMAK RD & S WABASH AVE,0.0,0.0,41.854309016771,-87.62388295849,330103,3,170313301033
3,Alley Speed Hump Replacement (2025),S PRAIRIE AVE & E PERSHING RD & E 40TH ST & S INDIANA AVE,0.0,0.0,41.823794279165,-87.620466494756,839600,2,170318396002
3,Curb & Gutter Menu (2025),10 W 35TH PL,5270.63,0.003547,41.830124124806,-87.627119881859,351500,2,170313515002
3,Floodlight Menu (2025),346 W SWANN ST,1150.0,0.000774,41.81000709618,-87.635262146422,835500,2,170318355002
3,Miscellaneous CDOT Projects (2025),1920 S PRAIRIE AVE,4600.0,0.003095,41.85642997355,-87.620914088386,330103,2,170313301032
3,Miscellaneous CDOT Projects (2025),306 E PERSHING RD,150.0,0.000101,41.824023608036,-87.618571681724,839600,2,170318396002
3,Miscellaneous CDOT Projects (2025),3663 S INDIANA AVE,300.0,0.000202,41.827748567717,-87.621336620125,839600,2,170318396002
3,Miscellaneous CDOT Projects (2025),3859 S GILES AVE,660.0,0.000444,41.824047747917,-87.618961775498,839600,2,170318396002
3,Miscellaneous CDOT Projects (2025),430-432 E 48TH ST,150.0,0.000101,41.807903322302,-87.614951621562,381200,2,170313812002
3,Miscellaneous CDOT Projects (2025),4510 S VINCENNES AVE,150.0,0.000101,41.81268201294,-87.614296575829,836000,1,170318360001
3,Miscellaneous CDOT Projects (2025),4521-4523 S PRAIRIE AVE,150.0,0.000101,41.812264049338,-87.619270816268,835800,1,170318358001
3,Miscellaneous CDOT Projects (2025),4644 S VINCENNES AVE,150.0,0.000101,41.809771061786,-87.61436480452,381200,2,170313812002
3,Miscellaneous CDOT Projects (2025),4715 S WABASH AVE,100.0,6.7e-05,41.808631961145,-87.623958227981,381400,1,170313814001
3,Miscellaneous CDOT Projects (2025),4757 S PRAIRIE AVE,150.0,0.000101,41.807721393093,-87.619211137117,381400,1,170313814001
3,Miscellaneous CDOT Projects (2025),5031 S PRAIRIE AVE,150.0,0.000101,41.802901924496,-87.618964625345,381800,2,170313818002
3,Miscellaneous CDOT Projects (2025),5037 S INDIANA AVE,150.0,0.000101,41.802745853459,-87.620564143928,381800,2,170313818002
3,Miscellaneous CDOT Projects (2025),5111 S MICHIGAN AVE,300.0,0.000202,41.801615008992,-87.622356194827,836100,2,170318361002
3,Miscellaneous CDOT Projects (2025),5121 S WABASH AVE,150.0,0.000101,41.801288575773,-87.623771898273,836100,2,170318361002
3,Miscellaneous CDOT Projects (2025),5217 S CALUMET AVE,100.0,6.7e-05,41.79981457619,-87.617244323537,836100,1,170318361001
3,Miscellaneous CDOT Projects (2025),601 E 45TH ST,150.0,0.000101,41.81284307121,-87.611318653268,836000,3,170318360003
3,Pavement Markings Menu (2025),E PERSHING RD & S RHODES AVE,2500.0,0.001682,41.823887988843,-87.614356003522,351100,2,170313511002
3,Sidewalk Menu (2025),2001-2018 S PRAIRIE AVE,11456.16,0.007709,41.855406962268,-87.620537824752,330103,3,170313301033
3,Sidewalk Menu (2025),4100-4112 S DR MARTIN LUTHER KING JR DR,25000.0,0.016823,41.819714597342,-87.617401232765,380600,2,170313806002
3,Sidewalk Menu (2025),4543 S PRINCETON AVE,8430.67,0.005673,41.811253527091,-87.633141860195,835500,2,170318355002
3,Sidewalk Menu (2025),4747 S DR MARTIN LUTHER KING JR DR,8527.72,0.005739,41.807866693385,-87.615732563481,381200,2,170313812002
3,Sidewalk Menu (2025),40-60 W 29th St,45978.89,0.030941,41.842116040124,-87.628106533622,350400,1,170313504001
3,Street Light Residential Staggered Piggy Back Menu (2025),0-300 E 40th St,47000.0,0.031628,41.822096621401,-87.618732619269,380600,1,170313806001
3,Street Resurfacing Menu (2025),0-50 E 37th Pl,46065.06,0.030999,41.826536056662,-87.623950170874,351400,1,170313514001
3,Street Resurfacing Menu (2025),400-499 E 42nd Pl,81125.51,0.054592,41.817545027151,-87.613492949106,380100,1,170313801001
3,Street Resurfacing Menu (2025),200-380 E 44th St,141333.18,0.095107,41.814892371119,-87.617365366665,835800,1,170318358001
3,Street Resurfacing Menu (2025),300-340 E 46th St,30893.2,0.020789,41.811241781226,-87.617855313638,835800,1,170318358001
3,Street Resurfacing Menu (2025),3800-3900 S Calumet Ave,65792.97,0.044274,41.825518939563,-87.61848719214,839600,2,170318396002
3,Street Resurfacing Menu (2025),3900-4100 S Calumet Ave,139080.47,0.093592,41.82004723317,-87.618803608985,380600,2,170313806002
3,Street Resurfacing Menu (2025),4400-4500 S Evans Ave,33477.48,0.022528,41.813085741347,-87.608379560244,836000,3,170318360003
3,Street Resurfacing Menu (2025),4700-4800 S Forrestville Ave,79082.95,0.053217,41.807480371468,-87.612948430522,381200,1,170313812001
3,Street Resurfacing Menu (2025),4900-5100 S Prairie Ave,135422.52,0.09113,41.805651454087,-87.61955418994,381800,1,170313818001
3,Street Resurfacing Menu (2025),4400-4600 S Wabash Ave,212839.32,0.143226,41.814479092981,-87.625096071337,844600,1,170318446001
3,Street Resurfacing Menu (2025),0-100 W 24th St,87912.76,0.059159,41.84923433499,-87.631418407032,841100,2,170318411002
3,Street Resurfacing Menu (2025),40-60 W 29th St,27392.41,0.018433,41.842116040124,-87.628106533622,350400,1,170313504001
3,Street Resurfacing Menu (2025),0-100 W 30th St,85612.3,0.057611,41.839581073397,-87.629086419773,350400,1,170313504001
3,Street Speed Hump Menu (2025),3799-3900 S Prairie Ave,4880.0,0.003284,41.826744778038,-87.620382145367,839600,2,170318396002
3,Street Speed Hump Menu (2025),1-99 W 35th Pl,4880.0,0.003284,41.829893063918,-87.628806690755,351500,2,170313515002
3,Street Speed Hump Menu (2025),1-99 W 36th St,4880.0,0.003284,41.829103780084,-87.628774467782,351500,2,170313515002
3,Street Speed Hump Menu (2025),0-30 W Root St,2440.0,0.001642,41.819289958468,-87.626712011357,380600,4,170313806004
3,Street Speed Hump Menu (2025),232-300 W Swann St,2440.0,0.001642,41.810070966282,-87.63235714642,835500,2,170318355002
3,Street Speed Hump Replacement (2025),300-340 E 46th St,0.0,0.0,41.811241781226,-87.617855313638,835800,1,170318358001
3,Street Speed Hump Replacement (2025),3800-3900 S Calumet Ave,0.0,0.0,41.825518939563,-87.61848719214,839600,2,170318396002
3,Street Speed Hump Replacement (2025),3900-4100 S Calumet Ave,0.0,0.0,41.82004723317,-87.618803608985,380600,2,170313806002
3,Street Speed Hump Replacement (2025),4400-4500 S Evans Ave,0.0,0.0,41.813085741347,-87.608379560244,836000,3,170318360003
3,Street Speed Hump Replacement (2025),4700-4800 S Forrestville Ave,0.0,0.0,41.807480371468,-87.612948430522,381200,1,170313812001
3,,4736 S WABASH AVE,100.0,6.7e-05,41.808171585113,-87.624906640325,381400,1,170313814001
3,,4724 S WABASH AVE,100.0,6.7e-05,41.808431843206,-87.624822402198,381400,1,170313814001
3,,5115 S WABASH AVE,150.0,0.000101,41.801446574648,-87.623917994846,836100,2,170318361002
3,,5219 S CALUMET AVE,100.0,6.7e-05,41.799655781034,-87.616957997725,836100,1,170318361001
3,,5213 S CALUMET AVE,100.0,6.7e-05,41.799992943089,-87.617248682127,836100,1,170318361001
4,Alley Apron Menu (2025),4715 S LANGLEY AVE,14526.92,0.009685,41.809010362164,-87.608693189737,843600,1,170318436001
4,Alley Resurfacing Menu (2025),E 43RD ST & S COTTAGE GROVE AVE & S DREXEL BLVD & E 44TH ST,92628.08,0.061752,41.816842999224,-87.606696033667,836400,3,170318364003
4,Alley Speed Hump Replacement (2025),E 43RD ST & S COTTAGE GROVE AVE & S DREXEL BLVD & E 44TH ST,0.0,0.0,41.816842999224,-87.606696033667,836400,3,170318364003
4,Arterial Street Bump Outs Menu (2025),E PERSHING RD & S RHODES AVE,60000.0,0.04,41.823887988843,-87.614356003522,351100,2,170313511002
4,Concrete Alley Menu (2025),S COTTAGE GROVE AVE & E 40TH ST & E 41ST ST & S LANGLEY AVE,9786.97,0.006525,41.821534979074,-87.606815978702,380100,1,170313801001
4,Concrete Alley Menu (2025),S ELLIS AVE & E 45TH ST & E 46TH ST & S GREENWOOD AVE,10795.0,0.007197,41.813242217439,-87.60177786816,390300,2,170313903002
4,Curb & Gutter Menu (2025),4306 S ELLIS AVE,334020.17,0.22268,41.816570252095,-87.602264521458,390300,2,170313903002
4,Curb & Gutter Menu (2025),E 49TH ST & S BLACKSTONE AVE,113791.93,0.075861,41.806063117369,-87.590506974417,390700,2,170313907002
4,Curb & Gutter Menu (2025),E 50TH ST & S BLACKSTONE AVE,187425.25,0.12495,41.804224002084,-87.590537987459,390700,2,170313907002
4,Miscellaneous CDOT Projects (2025),4220 S BERKELEY AVE,150.0,0.0001,41.817369173196,-87.600968595408,836400,2,170318364002
4,Miscellaneous CDOT Projects (2025),E OAKWOOD BLVD & S LSD OAKWOOD BL ER,548.23,0.000365,41.825259980664,-87.600479008444,836400,1,170318364001
4,Miscellaneous CDOT Projects (2025),4300-5100 S Drexel Blvd,24000.0,0.016,41.816469292071,-87.604847488741,390300,2,170313903002
4,Pavement Markings Menu (2025),3600 S DR MARTIN LUTHER KING JR DR,7000.0,0.004667,41.829191905685,-87.617436945264,839600,1,170318396001
4,Sidewalk Menu (2025),4832 S DORCHESTER AVE,30000.0,0.02,41.806857554152,-87.592318471331,390600,1,170313906001
4,Street Bump Outs Menu (2025),5015 S BLACKSTONE AVE,13598.19,0.009065,41.803440419866,-87.589847821551,390700,2,170313907002
4,Street Light Pole Painting Menu (2025),3198-3500 S Dr Martin Luther King Jr Dr,21167.59,0.014112,41.830906743105,-87.618206566022,839600,1,170318396001
4,Street Resurfacing Menu (2025),1300-1200 E 53rd St,74173.21,0.049449,41.800035816524,-87.595372920667,410700,1,170314107001
4,Street Resurfacing Menu (2025),5100-5200 S Kenwood Ave,46509.29,0.031006,41.802154971195,-87.593776587208,410200,1,170314102001
4,Street Resurfacing Menu (2025),4100-4140 S St Lawrence Ave,19056.1,0.012704,41.81910023715,-87.611839494711,380100,1,170313801001
4,Street Resurfacing Menu (2025),4700-5300 S Woodlawn Ave,230775.46,0.15385,41.799234716128,-87.597065394557,410600,1,170314106001
4,Street Resurfacing Menu (2025),4900-5000 S Woodlawn Ave,94984.25,0.063323,41.804028619921,-87.597087774238,390500,1,170313905001
4,Street Speed Hump Menu (2025),720-800 E 44th St,2440.0,0.001627,41.815034604836,-87.608243597806,836000,3,170318360003
4,Street Speed Hump Menu (2025),800-1000 E 45th St,7320.0,0.00488,41.813301985785,-87.601332009909,390200,2,170313902002
4,Street Speed Hump Menu (2025),1000-1200 E 45th St,9760.0,0.006507,41.813301985785,-87.601332009909,390200,2,170313902002
4,Street Speed Hump Menu (2025),600-634 E 48th St,2440.0,0.001627,41.807742245079,-87.610560944136,843600,2,170318436002
4,Street Speed Hump Menu (2025),1300-1400 E 49th St,4880.0,0.003253,41.806131723815,-87.591809126491,390700,2,170313907002
4,Street Speed Hump Menu (2025),4300-4400 S Berkeley Ave,4880.0,0.003253,41.814945210617,-87.600875388645,390200,2,170313902002
4,Street Speed Hump Menu (2025),4900-5200 S Blackstone Ave,12200.0,0.008133,41.800791696553,-87.590873431224,410800,1,170314108001
4,Street Speed Hump Menu (2025),4700-4799 S Champlain Ave,4880.0,0.003253,41.80774029812,-87.610091663799,843600,2,170318436002
4,Street Speed Hump Menu (2025),4600-4700 S Ellis Ave,4880.0,0.003253,41.811171677807,-87.602304419317,390300,2,170313903002
4,Street Speed Hump Menu (2025),4700-4800 S Greenwood Ave,4880.0,0.003253,41.807634305119,-87.599583821185,390500,1,170313905001
4,Street Speed Hump Menu (2025),4032-4100 S Oakenwald Ave,2440.0,0.001627,41.819941288287,-87.599637740207,836400,1,170318364001
4,Street Speed Hump Menu (2025),4200-4299 S Vincennes Ave,4880.0,0.003253,41.803624382821,-87.609975306332,843600,1,170318436001
4,Street Speed Hump Menu (2025),4440-4625 S Woodlawn Ave,12200.0,0.008133,41.810597891951,-87.596746319419,390100,1,170313901001
4,,4030 S COTTAGE GROVE AVE,9786.97,0.006525,41.820636648601,-87.607089480202,380100,1,170313801001
4,,S BLACKSTONE AVE & E 50TH ST,13598.19,0.009065,41.804224002084,-87.590537987459,390700,2,170313907002
4,,S BLACKSTONE AVE & E 49TH ST,13598.19,0.009065,41.806063117369,-87.590506974417,390700,2,170313907002
5,Alley Resurfacing Menu (2025),E 52ND ST & S INGLESIDE AVE & S ELLIS AVE & E 53RD ST,29013.25,0.019372,41.800867007953,-87.602870030144,836300,1,170318363001
5,Alley Resurfacing Menu (2025),S BLACKSTONE AVE & E 65TH ST & E 65TH PL & S STONY ISLAND AVE,29911.68,0.019972,41.776952097089,-87.588872670936,843900,1,170318439001
5,Alley Speed Hump Replacement (2025),E 52ND ST & S INGLESIDE AVE & S ELLIS AVE & E 53RD ST,0.0,0.0,41.800867007953,-87.602870030144,836300,1,170318363001
5,Sidewalk Menu (2025),1701 E 56TH ST,12066.27,0.008057,41.793374655054,-87.58381532537,411000,3,170314110003
5,Sidewalk Menu (2025),2327 E 68TH ST,2868.11,0.001915,41.771487682951,-87.568858949267,843900,4,170318439004
5,Sidewalk Menu (2025),6744 S PAXTON AVE,9038.59,0.006035,41.772157271287,-87.571870986173,430101,4,170314301014
5,Street Bump Outs Menu (2025),S CORNELL AVE & E 50TH ST,16127.8,0.010768,41.804376007898,-87.5864933839,390700,1,170313907001
5,Street Bump Outs Menu (2025),S PAXTON AVE & E 73RD ST,29880.43,0.019951,41.762595992425,-87.571334963465,430600,2,170314306002
5,Street Resurfacing Menu (2025),930-1000 E 54th St,36477.67,0.024356,41.797987891441,-87.600920648648,410600,1,170314106001
5,Street Resurfacing Menu (2025),1140-1200 E 54th St,42228.3,0.028196,41.798068684297,-87.59629603014,410700,1,170314107001
5,Street Resurfacing Menu (2025),1150-1200 E 56th St,35336.9,0.023594,41.793325481178,-87.596394786986,411200,1,170314112001
5,Street Resurfacing Menu (2025),5400-5500 S Cornell Ave,48766.13,0.032561,41.795038106756,-87.586084347026,411000,3,170314110003
5,Street Resurfacing Menu (2025),6800-6900 S Crandon Ave,61300.86,0.04093,41.769635659535,-87.570359393754,430102,3,170314301023
5,Street Resurfacing Menu (2025),7130-7200 S Cyril Ave,40233.73,0.026864,41.765126614722,-87.577365239885,430500,1,170314305001
5,Street Resurfacing Menu (2025),7100-7300 S Dobson Ave,146468.38,0.097796,41.765742894153,-87.599772665463,841800,2,170318418002
5,Street Resurfacing Menu (2025),5800-5900 S Dorchester Ave,51173.61,0.034168,41.78782534367,-87.591580497735,411200,2,170314112002
5,Street Resurfacing Menu (2025),6000-6100 S Dorchester Ave,71012.4,0.047415,41.784075331774,-87.591908847723,420200,1,170314202001
5,Street Resurfacing Menu (2025),7100-7299 S Ellis Ave,127720.15,0.085278,41.765788701254,-87.601011175476,841800,2,170318418002
5,Street Resurfacing Menu (2025),6800-6900 S Euclid Ave,47632.67,0.031804,41.769618560453,-87.577910566506,430200,2,170314302002
5,Street Resurfacing Menu (2025),7100-7300 S Euclid Ave,120843.57,0.080687,41.762382631079,-87.578380791274,430900,1,170314309001
5,Street Resurfacing Menu (2025),7100-7200 S Greenwood Ave,57561.38,0.038433,41.765814014601,-87.598613615892,841800,2,170318418002
5,Street Resurfacing Menu (2025),7100-7200 S Ingleside Ave,78959.23,0.052721,41.764067812713,-87.602448252776,841800,2,170318418002
5,Street Resurfacing Menu (2025),7100-7300 S Luella Ave,130632.65,0.087223,41.762429988832,-87.570426029884,430800,1,170314308001
5,Street Resurfacing Menu (2025),6000-6100 S University Ave,55665.54,0.037168,41.783993021484,-87.598149090818,420300,1,170314203001
5,Street Resurfacing Menu (2025),7100-7300 S University Ave,155263.21,0.103668,41.762171658577,-87.597271505556,841800,1,170318418001
5,Street Resurfacing Menu (2025),7200-7231 S Woodlawn Ave,51748.52,0.034552,41.764015970642,-87.596183366885,841800,2,170318418002
5,Street Speed Hump Menu (2025),5400-5500 S Dorchester Ave,4880.0,0.003258,41.797886864188,-87.592150917087,410700,1,170314107001
5,Street Speed Hump Menu (2025),7300-7400 S University Ave,4880.0,0.003258,41.762171658577,-87.597271505556,841800,1,170318418001
5,Street Speed Hump Replacement (2025),6800-6900 S Crandon Ave,0.0,0.0,41.769635659535,-87.570359393754,430102,3,170314301023
5,Street Speed Hump Replacement (2025),7100-7300 S Dobson Ave,0.0,0.0,41.765742894153,-87.599772665463,841800,2,170318418002
5,Street Speed Hump Replacement (2025),7100-7299 S Ellis Ave,0.0,0.0,41.765788701254,-87.601011175476,841800,2,170318418002
5,Street Speed Hump Replacement (2025),7100-7300 S Euclid Ave,0.0,0.0,41.762382631079,-87.578380791274,430900,1,170314309001
5,Street Speed Hump Replacement (2025),7100-7200 S Ingleside Ave,0.0,0.0,41.764067812713,-87.602448252776,841800,2,170318418002
5,Street Speed Hump Replacement (2025),7100-7300 S Luella Ave,0.0,0.0,41.762429988832,-87.570426029884,430800,1,170314308001
5,Street Speed Hump Replacement (2025),7100-7300 S University Ave,0.0,0.0,41.762171658577,-87.597271505556,841800,1,170318418001
6,Academy Miscellaneous CDOT Projects (2025),401 E 75TH ST,660.0,0.000459,41.75822906278,-87.614946257144,691400,5,170316914005
6,Floodlight Menu (2025),S VINCENNES AVE & W 70TH ST,2300.0,0.001599,41.767302892062,-87.627108817746,690300,2,170316903002
6,Floor repairs for Neil Elementary School,8555 S MICHIGAN AVE,12500.0,0.008688,41.738567422954,-87.620247224169,440300,3,170314403003
6,Improvements to Hamilton Park tech center,513 W 72ND ST,50000.0,0.034754,41.762813879998,-87.637677224184,681300,2,170316813002
6,Improvements to Tuley Park - outdoor plaza and senior,501 E 90TH PL,50000.0,0.034754,41.729887165935,-87.611317228345,440900,3,170314409003
6,Improvements to Tuley Park for miniature soccer field,501 E 90TH ST,250000.0,0.173768,41.729887165935,-87.611317228345,440900,3,170314409003
6,Miscellaneous CDOT Projects (2025),615 W MARQUETTE RD,660.0,0.000459,41.772489338608,-87.640461398815,681200,2,170316812002
6,New lockers for Lenart School,8101 S LA SALLE ST,50000.0,0.034754,41.746661659212,-87.627603433853,842400,2,170318424002
6,Pavement Markings Menu (2025),S VINCENNES AVE & W 83RD ST,1600.0,0.001112,41.744138999723,-87.635971003974,842400,1,170318424001
6,Projector screen for Manor Park School,7037 S RHODES AVE,30000.0,0.020852,41.766785016175,-87.611313121212,690500,1,170316905001
6,Street Cul-de-Sac Menu (2025),8100-8500 S Dr Martin Luther King Jr Dr,250000.0,0.173768,41.739836107818,-87.6154314017,440300,2,170314403002
6,Street Light Pole Painting Menu (2025),6900-7100 S Vincennes Ave,12600.0,0.008758,41.768995030676,-87.627105464985,690300,2,170316903002
6,Street Speed Hump Menu (2025),400-800 E 74th St,19520.0,0.013568,41.760452297043,-87.604721609651,841800,1,170318418001
6,Street Speed Hump Menu (2025),0-800 E 77th St,34160.0,0.023744,41.754978544234,-87.604889909443,691500,1,170316915001
6,Street Speed Hump Menu (2025),0-800 E 80th St,8418.03,0.005851,41.749513791786,-87.604839884799,440101,4,170314401014
6,Street Speed Hump Menu (2025),410-800 E 80th St,9760.0,0.006784,41.749513791786,-87.604839884799,440101,4,170314401014
6,Street Speed Hump Menu (2025),0-800 E 82nd St,34160.0,0.023744,41.745861063152,-87.604487459985,440101,2,170314401012
6,Street Speed Hump Menu (2025),50-100 E 84th St,2440.0,0.001696,41.741937066042,-87.621139679549,440300,1,170314403001
6,Street Speed Hump Menu (2025),0-400 E 93rd St,17080.0,0.011872,41.725601679501,-87.613877247662,490200,3,170314902003
6,Street Speed Hump Menu (2025),0-400 E 94th St,17080.0,0.011872,41.723774164911,-87.61412545231,490200,3,170314902003
6,Street Speed Hump Menu (2025),9100-9500 S Michigan Ave,19520.0,0.013568,41.728964234576,-87.621172837737,490200,2,170314902002
6,Street Speed Hump Menu (2025),8300-8400 S Vernon Ave,4880.0,0.003392,41.741883136212,-87.613349001675,440202,3,170314402023
6,Street Speed Hump Menu (2025),8000-8100 S Wabash Ave,4880.0,0.003392,41.747202375786,-87.623270409006,440300,5,170314403005
6,Street Speed Hump Menu (2025),430-800 W 81st St,4880.0,0.003392,41.747034833845,-87.644033181833,710800,2,170317108002
6,Tuley Park baseball field improvement,501 E 90TH PL,50000.0,0.034754,41.729887165935,-87.611317228345,440900,3,170314409003
6,Walking track at Cole Park,361 E 85TH ST,100000.0,0.069507,41.740088264113,-87.615366180812,440300,2,170314403002
6,Walking track installation at Cole Park,361 E 85TH ST,100000.0,0.069507,41.740088264113,-87.615366180812,440300,2,170314403002
6,seating area Installation of a structure and locker room at Simeon Career,8147 S VINCENNES AVE,300000.0,0.208522,41.746388492988,-87.634711036289,842400,1,170318424001
6,,W 83RD ST & S STEWART AVE,1600.0,0.001112,41.743495018102,-87.634121034124,710900,2,170317109002
7,Curb & Gutter Menu (2025),3000-3030 E 80th Pl,6419.17,0.004334,41.749392650905,-87.551523078024,460100,2,170314601002
7,Sidewalk Menu (2025),2114 E 100TH ST,7757.85,0.005238,41.713647312351,-87.572213722194,510300,4,170315103004
7,Sidewalk Menu (2025),2309 E 83RD ST,11082.86,0.007483,41.744240588389,-87.568078426443,460500,3,170314605003
7,Sidewalk Menu (2025),7129 S CORNELL AVE,7127.94,0.004813,41.765211188125,-87.584474937797,430500,3,170314305003
7,Sidewalk Menu (2025),7711 S OGLESBY AVE,5037.51,0.003401,41.754928311219,-87.567250126771,431200,1,170314312001
7,Sidewalk Menu (2025),9020 S PAXTON AVE,11111.2,0.007502,41.730991900773,-87.570983258808,480400,1,170314804001
7,Street Bump Outs Menu (2025),E 75TH ST & S EUCLID AVE,21435.46,0.014474,41.758839013874,-87.577374962893,834200,2,170318342002
7,Street Bump Outs Menu (2025),S PAXTON AVE & E 73RD ST,10544.43,0.00712,41.762595992425,-87.571334963465,430600,2,170314306002
7,Street Light Upgrade Menu (2025),3021 E 80TH PL,500.0,0.000338,41.749052555183,-87.55078069286,460100,2,170314601002
7,Street Light Upgrade Menu (2025),7700 S CRANDON AVE,250.0,0.000169,41.755153658686,-87.569026503511,431200,1,170314312001
7,Street Light Upgrade Menu (2025),7720 S COLES AVE,500.0,0.000338,41.75552380353,-87.554722282828,431400,3,170314314003
7,Street Light Upgrade Menu (2025),8139 S SOUTH SHORE DR,500.0,0.000338,41.747223833458,-87.547701516909,460100,3,170314601003
7,Street Light Upgrade Menu (2025),E 77TH ST & S OGLESBY AVE & S CRANDON AVE & E 78TH ST,250.0,0.000169,41.755340994222,-87.567519018225,431200,1,170314312001
7,Street Resurfacing Menu (2025),1730-1820 E 72nd Pl,34291.9,0.023155,41.763395962579,-87.581903316257,430500,2,170314305002
7,Street Resurfacing Menu (2025),2030-2130 E 74th St,74014.33,0.049976,41.760776107911,-87.572042144295,430800,1,170314308001
7,Street Resurfacing Menu (2025),2130-2230 E 77th St,45096.02,0.03045,41.755338955464,-87.570099320014,431200,2,170314312002
7,Street Resurfacing Menu (2025),3000-3030 E 80th Pl,24415.31,0.016486,41.749392650905,-87.551523078024,460100,2,170314601002
7,Street Resurfacing Menu (2025),9899-10000 S Bensley Ave,64311.31,0.043424,41.713341163338,-87.563645405492,510200,3,170315102003
7,Street Resurfacing Menu (2025),8700-8890 S Colfax Ave,106437.24,0.071868,41.732477110929,-87.560661459825,480500,3,170314805003
7,Street Resurfacing Menu (2025),10100-10200 S Crandon Ave,59311.68,0.040048,41.709732879749,-87.567255575008,510300,3,170315103003
7,Street Resurfacing Menu (2025),10300-10400 S Crandon Ave,65184.41,0.044014,41.708004170383,-87.567018048612,838800,2,170318388002
7,Street Resurfacing Menu (2025),8000-8100 S Crandon Ave,46940.44,0.031695,41.747920076245,-87.568947713621,460500,2,170314605002
7,Street Resurfacing Menu (2025),8300-8400 S Crandon Ave,59157.76,0.039944,41.742471545815,-87.56877471114,460500,3,170314605003
7,Street Resurfacing Menu (2025),8900-9100 S Crandon Ave,122875.55,0.082968,41.729720156514,-87.568561643161,480400,2,170314804002
7,Street Resurfacing Menu (2025),9300-9400 S Essex Ave,63402.52,0.042811,41.719887471627,-87.542472047518,520200,3,170315202003
7,Street Resurfacing Menu (2025),8100-8200 S Houston Ave,56513.06,0.038159,41.746377303147,-87.550626884937,460100,4,170314601004
7,Street Resurfacing Menu (2025),9300-9400 S Muskegon Ave,53639.81,0.036219,41.726296822767,-87.555395580219,480500,2,170314805002
7,Street Resurfacing Menu (2025),10000-10100 S Oglesby Ave,68129.4,0.046002,41.711537671141,-87.566006336159,510300,4,170315103004
7,Street Resurfacing Menu (2025),10100-10300 S Oglesby Ave,121487.7,0.082031,41.711537671141,-87.566006336159,510300,4,170315103004
7,Street Resurfacing Menu (2025),8900-9000 S Phillips Ave,58865.76,0.039747,41.731588021727,-87.564941163904,480500,1,170314805001
7,Street Resurfacing Menu (2025),9300-9400 S Saginaw Ave,53639.81,0.036219,41.725942477773,-87.559547553877,480500,2,170314805002
7,Street Resurfacing Menu (2025),8900-9100 S Yates Ave,156197.89,0.105468,41.729764790148,-87.566195767171,480400,2,170314804002
7,Street Speed Hump Menu (2025),2400-2500 E 102nd St,4880.0,0.003295,41.709965508031,-87.563254884213,510200,3,170315102003
7,Street Speed Hump Menu (2025),2000-3000 E 94th St,41480.0,0.028008,41.724406405746,-87.570177205016,480400,3,170314804003
7,Street Speed Hump Menu (2025),8000-8100 S Crandon Ave,4880.0,0.003295,41.747920076245,-87.568947713621,460500,2,170314605002
7,Street Speed Hump Menu (2025),8600-8700 S Essex Ave,4880.0,0.003295,41.737072384794,-87.563931479847,460800,4,170314608004
7,Street Speed Hump Menu (2025),8200-8300 S Kingston Ave,3071.67,0.002074,41.746192230725,-87.562832612341,460400,2,170314604002
7,Street Speed Hump Menu (2025),10000-10100 S Oglesby Ave,4880.0,0.003295,41.711537671141,-87.566006336159,510300,4,170315103004
7,Street Speed Hump Replacement (2025),9899-10000 S Bensley Ave,0.0,0.0,41.713341163338,-87.563645405492,510200,3,170315102003
7,Street Speed Hump Replacement (2025),10300-10400 S Crandon Ave,0.0,0.0,41.708004170383,-87.567018048612,838800,2,170318388002
7,Street Speed Hump Replacement (2025),8300-8400 S Crandon Ave,0.0,0.0,41.742471545815,-87.56877471114,460500,3,170314605003
7,Street Speed Hump Replacement (2025),8900-9100 S Crandon Ave,0.0,0.0,41.729720156514,-87.568561643161,480400,2,170314804002
7,Street Speed Hump Replacement (2025),10100-10300 S Oglesby Ave,0.0,0.0,41.711537671141,-87.566006336159,510300,4,170315103004
7,,E 77TH ST & S LUELLA AVE & S CRANDON AVE & E 78TH ST,250.0,0.000169,41.766143989175,-87.569979525902,430600,1,170314306001
7,,7701 S CRANDON AVE,250.0,0.000169,41.755202022267,-87.568425269596,431200,1,170314312001
8,Alley Apron Menu (2025),9132 S CREGIER AVE,34046.83,0.022698,41.728626695335,-87.580724622859,480400,5,170314804005
8,Alley Resurfacing Menu (2025),E 88TH ST & S DANTE AVE & S BLACKSTONE AVE & E 89TH ST,10166.26,0.006778,41.7777241961,-87.589038884076,843900,1,170318439001
8,Grand Crossing Park Improvements,7655 S INGLESIDE AVE,50000.0,0.033333,41.755666379703,-87.600443050079,691500,2,170316915002
8,Jesse Owens Park Improvements,8800 S CLYDE AVE,50000.0,0.033333,41.735268347773,-87.574038965429,480100,2,170314801002
8,Sidewalk Menu (2025),1235 E 97TH PL,4834.78,0.003223,41.717482494059,-87.593235619177,500100,2,170315001002
8,Sidewalk Menu (2025),7200 S DORCHESTER AVE,38601.05,0.025734,41.763836858467,-87.590997604494,430400,2,170314304002
8,Sidewalk Menu (2025),7943-7945 S JEFFERY BLVD,9260.45,0.006174,41.750286077964,-87.575482412975,460500,7,170314605007
8,Sidewalk Menu (2025),8135 S EUCLID AVE,9050.39,0.006034,41.746929251471,-87.57686358298,460500,5,170314605005
8,Sidewalk Menu (2025),8458 S MARYLAND AVE,46168.46,0.030779,41.740447819112,-87.604022960925,440102,3,170314401023
8,Sidewalk Menu (2025),8815 S CORNELL AVE,1656.39,0.001104,41.734656720299,-87.58370941858,480100,2,170314801002
8,Sidewalk Menu (2025),8918 S CHAPPEL AVE,15007.46,0.010005,41.732847276951,-87.574726784404,480400,7,170314804007
8,Sidewalk Menu (2025),8944 S CLYDE AVE,2242.05,0.001495,41.732143741908,-87.573442173923,480400,7,170314804007
8,Sidewalk Menu (2025),9156 S BENNETT AVE,17989.84,0.011993,41.728100856639,-87.578276688037,480400,5,170314804005
8,Sidewalk Menu (2025),9305 S DR MARTIN LUTHER KING JR DR,4262.35,0.002842,41.725330344273,-87.613964401006,490200,3,170314902003
8,Sidewalk Menu (2025),9314 S EAST END AVE,5935.17,0.003957,41.725487756415,-87.582912802502,480400,3,170314804003
8,Sidewalk Menu (2025),9600 S UNIVERSITY AVE,26176.2,0.017451,41.720206403043,-87.596236591971,500100,1,170315001001
8,Street Resurfacing Menu (2025),1400-1500 E 72nd Pl,66426.55,0.044284,41.763543357031,-87.588338408427,430400,2,170314304002
8,Street Resurfacing Menu (2025),1330-1400 E 74th St,29593.93,0.019729,41.760578368245,-87.590784668548,430400,3,170314304003
8,Street Resurfacing Menu (2025),2130-2230 E 82nd St,56814.09,0.037876,41.746279900605,-87.569649935277,460500,2,170314605002
8,Street Resurfacing Menu (2025),1700-1800 E 85th St,47436.99,0.031625,41.740686286437,-87.579684033789,450300,2,170314503002
8,Street Resurfacing Menu (2025),950-930 E 86th St,19024.96,0.012683,41.738734348555,-87.600449587964,440102,1,170314401021
8,Street Resurfacing Menu (2025),1600-1800 E 92nd St,124400.38,0.082934,41.728115399241,-87.584339905337,480400,5,170314804005
8,Street Resurfacing Menu (2025),400-430 E 94th St,21461.79,0.014308,41.723785310623,-87.613164025155,490200,3,170314902003
8,Street Resurfacing Menu (2025),9858-9800 S Avalon Ave,54638.03,0.036425,41.716614422256,-87.593658318554,500100,2,170315001002
8,Street Resurfacing Menu (2025),8600-8700 S Blackstone Ave,61169.21,0.040779,41.738501583104,-87.588112599956,834300,4,170318343004
8,Street Resurfacing Menu (2025),8000-8100 S Chappel Ave,62835.52,0.04189,41.747848955797,-87.574996430229,460500,5,170314605005
8,Street Resurfacing Menu (2025),8900-9000 S Clyde Ave,57867.44,0.038578,41.731459317604,-87.573477210278,480400,6,170314804006
8,Street Resurfacing Menu (2025),9000-9200 S Constance Ave,109737.85,0.073159,41.727706446186,-87.57949876952,480400,4,170314804004
8,Street Resurfacing Menu (2025),7800-7900 S Cornell Ave,48912.93,0.032609,41.753138062429,-87.584773082093,834200,3,170318342003
8,Street Resurfacing Menu (2025),9500-9600 S Dobson Ave,55548.17,0.037032,41.72017983241,-87.598582099936,500100,3,170315001003
8,Street Resurfacing Menu (2025),9300-9400 S East End Ave,57867.57,0.038578,41.725646043893,-87.582698764026,480400,3,170314804003
8,Street Resurfacing Menu (2025),8300-8400 S Ellis Ave,56926.05,0.037951,41.743637007542,-87.60048797708,440102,1,170314401021
8,Street Resurfacing Menu (2025),8530-8700 S Kenwood Ave,49500.47,0.033,41.736808497823,-87.591859648603,480200,2,170314802002
8,Street Resurfacing Menu (2025),8400-8500 S Luella Ave,54080.2,0.036053,41.742538101964,-87.569819607019,460500,3,170314605003
8,Street Resurfacing Menu (2025),8900-9000 S Ridgeland Ave,62506.31,0.041671,41.731365607926,-87.581901274427,480400,6,170314804006
8,Street Speed Hump Menu (2025),1600-1700 E 84th St,4880.0,0.003253,41.742652385376,-87.582725047871,450300,1,170314503001
8,Street Speed Hump Menu (2025),1700-1800 E 85th St,4880.0,0.003253,41.740686286437,-87.579684033789,450300,2,170314503002
8,Street Speed Hump Menu (2025),400-500 E 89th Pl,4880.0,0.003253,41.73202862943,-87.611914112222,440900,3,170314409003
8,Street Speed Hump Menu (2025),400-500 E 89th St,4880.0,0.003253,41.733112773734,-87.611853586329,440700,2,170314407002
8,Street Speed Hump Menu (2025),400-500 E 91st Pl,4880.0,0.003253,41.728550545745,-87.611716206936,440900,3,170314409003
8,Street Speed Hump Menu (2025),8200-8300 S Dorchester Ave,4880.0,0.003253,41.743949778259,-87.590792629677,834300,5,170318343005
8,Street Speed Hump Menu (2025),8500-8700 S Dorchester Ave,9760.0,0.006507,41.740329089454,-87.590650556418,834300,5,170318343005
8,Street Speed Hump Menu (2025),7700-7800 S Maryland Ave,4880.0,0.003253,41.754829656219,-87.604324541802,691500,3,170316915003
8,Street Speed Hump Menu (2025),7500-7600 S Merrill Ave,4880.0,0.003253,41.756960336006,-87.572748739073,431200,2,170314312002
8,Street Speed Hump Menu (2025),9000-9099 S Woodlawn Ave,4880.0,0.003253,41.731179278219,-87.59528784435,470100,2,170314701002
8,Street Speed Hump Replacement (2025),8000-8100 S Chappel Ave,0.0,0.0,41.747848955797,-87.574996430229,460500,5,170314605005
8,,1239 E 97TH PL,4834.78,0.003223,41.717462000306,-87.593089187328,500100,2,170315001002
8,,1247 E 97TH PL,4834.78,0.003223,41.717488109934,-87.592777548168,500100,2,170315001002
8,,1251 E 97TH PL,4834.78,0.003223,41.717469334471,-87.592631451596,500100,2,170315001002
8,,1254 E 97TH PL,4834.78,0.003223,41.717882771845,-87.592483678643,500100,2,170315001002
8,,1257 E 97TH PL,4834.78,0.003223,41.717493893447,-87.592451659773,500100,2,170315001002
9,Alley Resurfacing Menu (2025),S PARNELL AVE & W 123RD ST & W 124TH ST & S WALLACE ST,59989.82,0.040301,41.670596013624,-87.635667998174,530503,2,170315305032
9,Alley Resurfacing Menu (2025),W 128TH PL & S PARNELL AVE & S PARNELL AVE & W 128TH ST,12756.52,0.00857,41.660542214131,-87.635348563844,530503,1,170315305031
9,Alley Speed Hump Menu (2025),S HARVARD AVE & W 126TH ST & W 127TH ST & S PRINCETON AVE,1450.0,0.000974,41.66521701108,-87.630660984493,530503,3,170315305033
9,Curb & Gutter Menu (2025),10000-10100 S Prairie Ave,260350.12,0.174903,41.710776259057,-87.617803983212,490800,4,170314908004
9,Sidewalk Menu (2025),10047 S EBERHART AVE,3721.46,0.0025,41.711468101345,-87.611183704627,490800,2,170314908002
9,Sidewalk Menu (2025),10356 S EBERHART AVE,12453.51,0.008366,41.705669207361,-87.61157044564,490902,4,170314909024
9,Sidewalk Menu (2025),10437 S INDIANA AVE,5624.98,0.003779,41.704310039852,-87.618299018414,490902,3,170314909023
9,Sidewalk Menu (2025),12835 S LOWE AVE,6879.92,0.004622,41.660404876648,-87.637383019383,530503,1,170315305031
9,Sidewalk Menu (2025),12835 S UNION AVE,20162.04,0.013545,41.660382664604,-87.638634605165,530503,1,170315305031
9,Sidewalk Menu (2025),225 W 118TH ST,10829.88,0.007275,41.679578144885,-87.628553187302,530200,2,170315302002
9,Sidewalk Menu (2025),551 E 106TH ST,1509.04,0.001014,41.701710224944,-87.609153859135,490902,1,170314909021
9,Sidewalk Menu (2025),58 W 108TH PL,16262.98,0.010925,41.697326824859,-87.625468646933,491000,2,170314910002
9,Sidewalk Menu (2025),711 E 105TH PL,7244.91,0.004867,41.702646148253,-87.605843007381,500200,2,170315002002
9,Sidewalk Menu (2025),9400 S NORMAL AVE,13732.37,0.009225,41.723282519599,-87.636307788843,730100,1,170317301001
9,Sidewalk Menu (2025),11110-11200 S Corliss Ave,2562.2,0.001721,41.690855869879,-87.601567230933,500300,1,170315003001
9,Street Light Upgrade Menu (2025),140 E 121ST PL,500.0,0.000336,41.673677997512,-87.618751557366,530600,3,170315306003
9,Street Resurfacing Menu (2025),500-530 E 109th St,44622.83,0.029978,41.696656817429,-87.610838202578,490901,1,170314909011
9,Street Resurfacing Menu (2025),0-100 E 114th St,45826.13,0.030786,41.688337633736,-87.557557410637,838800,2,170318388002
9,Street Resurfacing Menu (2025),100-200 E 120th Pl,81752.55,0.054921,41.675381102784,-87.617539553016,530600,1,170315306001
9,Street Resurfacing Menu (2025),130-200 E 125th Pl,18261.61,0.012268,41.666227871652,-87.617831313714,530600,1,170315306001
9,Street Resurfacing Menu (2025),10200-10300 S Calumet Ave,54403.15,0.036548,41.708990452676,-87.615280275985,490800,4,170314908004
9,Street Resurfacing Menu (2025),11110-11200 S Corliss Ave,59699.35,0.040106,41.690855869879,-87.601567230933,500300,1,170315003001
9,Street Resurfacing Menu (2025),10600-10700 S Forest Ave,58654.21,0.039404,41.701669656533,-87.616342682213,490902,3,170314909023
9,Street Resurfacing Menu (2025),9500-9600 S Harvard Ave,57666.73,0.03874,41.721771063314,-87.632220575504,834000,1,170318340001
9,Street Resurfacing Menu (2025),11100-11200 S Indiana Ave,68769.95,0.0462,41.690702522961,-87.618543183253,491400,2,170314914002
9,Street Resurfacing Menu (2025),12400-12500 S La Salle St,54256.36,0.036449,41.667001036424,-87.625911795268,530502,1,170315305021
9,Street Resurfacing Menu (2025),9500-9600 S Normal Ave,62775.61,0.042173,41.719616945702,-87.636195471341,730500,1,170317305001
9,Street Resurfacing Menu (2025),9200-9300 S Perry Ave,59701.31,0.040107,41.725221421442,-87.626622835,834000,2,170318340002
9,Street Resurfacing Menu (2025),10000-10100 S Prairie Ave,58681.48,0.039422,41.710776259057,-87.617803983212,490800,4,170314908004
9,Street Resurfacing Menu (2025),12720-12830 S Union Ave,71529.53,0.048053,41.660432095129,-87.639009486547,530503,1,170315305031
9,Street Resurfacing Menu (2025),10800-10900 S Vernon Ave,65985.99,0.044329,41.69617192433,-87.612465465261,490901,1,170314909011
9,Street Resurfacing Menu (2025),9200-9300 S Wallace St,53412.51,0.035882,41.725099925188,-87.638517682009,730100,2,170317301002
9,Street Resurfacing Menu (2025),9500-9700 S Wallace St,103433.52,0.069486,41.717776447403,-87.638567969035,730500,4,170317305004
9,Street Resurfacing Menu (2025),600-630 W 129th Pl,33080.2,0.022223,41.658402649527,-87.636657984758,530503,1,170315305031
10,Alley Resurfacing Menu (2025),8745 S COMMERCIAL AVE,19127.41,0.013805,41.736059431795,-87.55103432925,460800,2,170314608002
10,Alley Resurfacing Menu (2025),9858 S MARQUETTE AVE,21181.13,0.015288,41.715584118718,-87.558185014668,510200,1,170315102001
10,Alley Resurfacing Menu (2025),S AVENUE M & E 95TH ST & E 96TH ST & S AVENUE N,50453.54,0.036416,41.722908980084,-87.537705007725,520200,1,170315202001
10,Alley Speed Hump Menu (2025),S AVENUE L & E 97TH ST & E 98TH ST & S AVENUE M,1450.0,0.001047,41.719513010103,-87.536500025325,520200,3,170315202003
10,Alley Speed Hump Menu (2025),S AVENUE N & E 97TH ST & E 98TH ST & S AVENUE M,1450.0,0.001047,41.719500982072,-87.538889035368,520200,1,170315202001
10,Alley Speed Hump Replacement (2025),9858 S MARQUETTE AVE,0.0,0.0,41.715584118718,-87.558185014668,510200,1,170315102001
10,Alley Speed Hump Replacement (2025),S AVENUE M & E 95TH ST & E 96TH ST & S AVENUE N,0.0,0.0,41.722908980084,-87.537705007725,520200,1,170315202001
10,Curb & Gutter Menu (2025),11113-11115 S EWING AVE,3254.02,0.002349,41.693169400884,-87.534993126772,520500,1,170315205001
10,Curb & Gutter Menu (2025),11131-11143 S AVENUE L,36018.37,0.025997,41.692398223883,-87.536229206033,520600,1,170315206001
10,Miscellaneous CDOT Projects (2025),13300 S BALTIMORE AVE,660.0,0.000476,41.653564573104,-87.547450227452,550100,4,170315501004
10,Miscellaneous CDOT Projects (2025),3306 E 91ST ST,225.0,0.000162,41.730460069017,-87.543922452044,833900,2,170318339002
10,Miscellaneous CDOT Projects (2025),ESCANABA AVE,160.71,0.000116,41.629950488745,-87.552973189183,825802,3,170318258023
10,Miscellaneous CDOT Projects (2025),BUFFALO AVE,160.71,0.000116,41.699130056676,-87.543733212975,520300,4,170315203004
10,Miscellaneous CDOT Projects (2025),BUFFALO AVE,160.71,0.000116,41.699130056676,-87.543733212975,520300,4,170315203004
10,Miscellaneous CDOT Projects (2025),MACKINAW AVE,660.0,0.000476,41.638278823143,-87.542055408773,825700,1,170318257001
10,Pavement Markings Menu (2025),E 133RD ST & S GREEN BAY AVE,1900.0,0.001371,41.653676303874,-87.54110495911,550100,1,170315501001
10,Sidewalk Menu (2025),10302 S AVENUE J,21498.46,0.015517,41.708072215183,-87.534358868159,520400,4,170315204004
10,Sidewalk Menu (2025),10428 S AVENUE L,4962.05,0.003581,41.705539371681,-87.536739831575,520300,1,170315203001
10,Sidewalk Menu (2025),10446 S AVENUE G,6555.14,0.004731,41.705021160517,-87.531945382958,520400,4,170315204004
10,Sidewalk Menu (2025),10616 S AVENUE H,5794.71,0.004182,41.702144533257,-87.533143156922,520400,3,170315204003
10,Sidewalk Menu (2025),10636-10652 S AVENUE O,31012.55,0.022384,41.701216572757,-87.540368608916,520300,2,170315203002
10,Sidewalk Menu (2025),10701 S AVENUE O,18711.49,0.013505,41.700829454558,-87.539802578995,520300,3,170315203003
10,Sidewalk Menu (2025),10754 S AVENUE O,5364.23,0.003872,41.699380894052,-87.54039165915,520300,3,170315203003
10,Sidewalk Menu (2025),11100 S EWING AVE,20928.24,0.015105,41.693531918197,-87.53558111728,520600,1,170315206001
10,Sidewalk Menu (2025),11329 S AVENUE N,5576.35,0.004025,41.689150487859,-87.538639841386,520600,1,170315206001
10,Sidewalk Menu (2025),11509 S AVENUE L,478.99,0.000346,41.686083591397,-87.536194169678,520600,1,170315206001
10,Sidewalk Menu (2025),13104 S AVENUE O,5226.68,0.003772,41.65710035323,-87.540139363864,550100,1,170315501001
10,Sidewalk Menu (2025),13116 S MUSKEGON AVE,4406.64,0.003181,41.656786911961,-87.55472555177,550200,2,170315502002
10,Sidewalk Menu (2025),13293 S RIVERDALE AVE,16961.14,0.012242,41.653476563121,-87.608993848604,540102,3,170315401023
10,Sidewalk Menu (2025),13431 S BURLEY AVE,4469.37,0.003226,41.650914173411,-87.544424611863,550100,3,170315501003
10,Sidewalk Menu (2025),3248 E 133RD ST,56717.03,0.040936,41.653740932677,-87.544913941326,550100,6,170315501006
10,Sidewalk Menu (2025),9523-9527 S MUSKEGON AVE,29682.0,0.021423,41.721834881102,-87.554907774345,510100,1,170315101001
10,Sidewalk Menu (2025),9811-9823 S MUSKEGON AVE,40776.48,0.029431,41.716608219648,-87.554832840131,510100,2,170315101002
10,Street Light Upgrade Menu (2025),2700-2900 E 96th St,14800.0,0.010682,41.721415618305,-87.553596928508,510100,1,170315101001
10,Street Resurfacing Menu (2025),344-200 E 136th Pl,84114.97,0.060711,41.647390002221,-87.612919010042,540101,1,170315401011
10,Street Resurfacing Menu (2025),2900-2940 E 97th St,35143.05,0.025365,41.719554123338,-87.55220125781,510100,1,170315101001
10,Street Resurfacing Menu (2025),10599-10700 S Avenue E,59398.04,0.042871,41.700757034915,-87.529531981577,520400,3,170315204003
10,Street Resurfacing Menu (2025),11600-11700 S Avenue H,78560.11,0.056702,41.684454233239,-87.533132008991,520500,3,170315205003
10,Street Resurfacing Menu (2025),11500-11600 S Avenue J,61662.7,0.044506,41.684439816365,-87.5343414338,520500,3,170315205003
10,Street Resurfacing Menu (2025),13500-13600 S Avenue K,36934.25,0.026658,41.64986760898,-87.535291354887,550100,2,170315501002
10,Street Resurfacing Menu (2025),10000-10100 S Avenue L,68323.52,0.049313,41.711796797678,-87.536795738869,520200,2,170315202002
10,Street Resurfacing Menu (2025),10100-10400 S Avenue L,234251.93,0.169075,41.706259209526,-87.536755086638,520300,1,170315203001
10,Street Resurfacing Menu (2025),10300-10400 S Avenue M,75641.32,0.054595,41.70625627586,-87.53797121697,520300,1,170315203001
10,Street Resurfacing Menu (2025),8500-8600 S Escanaba Ave,63592.93,0.045899,41.739054201981,-87.554171005056,460301,2,170314603012
10,Street Resurfacing Menu (2025),13000-13100 S Exchange Ave,60071.81,0.043358,41.657152656306,-87.552283149004,550200,2,170315502002
10,Street Speed Hump Menu (2025),3900-3930 E 108th St,2440.0,0.001761,41.699121318103,-87.528026712295,520400,2,170315204002
10,Street Speed Hump Menu (2025),2500-2630 E 109th St,7320.0,0.005283,41.69795609624,-87.563005279546,838800,2,170318388002
10,Street Speed Hump Menu (2025),3230-3300 E 131st St,2440.0,0.001761,41.657385397007,-87.543736568594,550100,6,170315501006
10,Street Speed Hump Menu (2025),600-699 E 131st St,2440.0,0.001761,41.657258216571,-87.605204816322,540101,2,170315401012
10,Street Speed Hump Menu (2025),11500-11600 S Avenue J,4880.0,0.003522,41.684439816365,-87.5343414338,520500,3,170315205003
10,Street Speed Hump Menu (2025),8300-8500 S Baker Ave,12200.0,0.008806,41.743277642504,-87.55034593603,460200,2,170314602002
10,Street Speed Hump Menu (2025),13100-13300 S Forrestville Ave,4880.0,0.003522,41.657243013222,-87.608794610765,540102,3,170315401023
10,Street Speed Hump Menu (2025),10500-10600 S Green Bay Ave,4880.0,0.003522,41.7043820404,-87.544822500807,520200,2,170315202002
10,Street Speed Hump Menu (2025),13000-13100 S Houston Ave,4880.0,0.003522,41.65722763243,-87.548619838221,550100,6,170315501006
10,Street Speed Hump Replacement (2025),8500-8600 S Escanaba Ave,0.0,0.0,41.739054201981,-87.554171005056,460301,2,170314603012
10,Street Speed Hump Replacement (2025),13000-13100 S Exchange Ave,0.0,0.0,41.657152656306,-87.552283149004,550200,2,170315502002
10,,S COMMERCIAL AVE & E 87TH ST & E 88TH ST & S HOUSTON AVE,19127.41,0.013805,41.73737400758,-87.551438001707,460800,2,170314608002
10,,S MARQUETTE AVE & E 98TH ST & E 99TH ST & S MARQUETTE AVE,21181.13,0.015288,41.717290003652,-87.557915033567,510200,1,170315102001
10,,S MARQUETTE AVE & E 98TH ST & E 99TH ST & S MARQUETTE AVE,0.0,0.0,41.717290003652,-87.557915033567,510200,1,170315102001
10,,8700 S HOUSTON AVE,225.0,0.000162,41.737243166071,-87.550445835828,460800,2,170314608002
10,,8812 S HOUSTON AVE,225.0,0.000162,41.735064457979,-87.550392526924,460800,1,170314608001
10,,8927 S BRANDON AVE,225.0,0.000162,41.733599762308,-87.546654701022,833900,1,170318339001
10,,8537 S,225.0,0.000162,41.728236,-87.551216,461000,1,170314610001
10,,9116 S HOUSTON AVE,160.71,0.000116,41.729482571468,-87.550256572454,461000,1,170314610001
10,,9224 S BURLEY AVE 8401 S BURLEY AVE,160.71,0.000116,41.742793620444,-87.545084686738,460200,1,170314602001
10,,8319 S BUFFALO AVE,160.71,0.000116,41.744227135435,-87.54390543678,460200,1,170314602001
10,,8449 S BURLEY AVE,160.71,0.000116,41.741497359118,-87.545056858819,460200,1,170314602001
10,,8454 S BURLEY AVE,160.71,0.000116,41.741285045511,-87.545749455479,460200,2,170314602002
10,,8458 S,160.71,0.000116,41.728236,-87.551216,461000,1,170314610001
10,,8415 S BAKER AVE,160.71,0.000116,41.741896714895,-87.547176139218,460200,2,170314602002
10,,8406 S BAKER AVE 8735 S BURLEY AVE,160.71,0.000116,41.736391229432,-87.545433122453,460800,3,170314608003
10,,8809 S BURLEY AVE,160.71,0.000116,41.735263905365,-87.54540571363,460800,3,170314608003
10,,8819 S BURLEY AVE,160.71,0.000116,41.734989146579,-87.545399091926,460800,3,170314608003
10,,8818 S BUFFALO AVE,160.71,0.000116,41.734996899839,-87.544813029256,460800,3,170314608003
10,,8911 S,160.71,0.000116,41.728236,-87.551216,461000,1,170314610001
10,,3318 E 88TH ST,160.71,0.000116,41.735947114293,-87.543597150381,460800,3,170314608003
10,,8840 S BUFFALO AVE 9220 S BURLEY AVE,160.71,0.000116,41.734399102505,-87.544970357579,460800,3,170314608003
10,,9907 S AVENUE L,160.71,0.000116,41.715431903356,-87.538542946586,520200,3,170315202003
10,,12600 S TORRENCE AVE,160.71,0.000116,41.663752944052,-87.5614389533,838800,2,170318388002
10,,3304 E 92ND ST,160.71,0.000116,41.728661899329,-87.543965702664,461000,1,170314610001
10,,9118 S,160.71,0.000116,41.728236,-87.551216,461000,1,170314610001
10,,10442 S AVENUE G,6555.14,0.004731,41.705125347574,-87.531933229199,520400,4,170315204004
11,Alley Apron Menu (2025),2812 S PRINCETON AVE,9296.81,0.006438,41.842125669048,-87.634528059342,340300,1,170313403001
11,Alley Apron Menu (2025),842 W 34TH ST,9350.14,0.006475,41.832989729863,-87.647905409172,839700,2,170318397002
11,Alley Apron Menu (2025),630-600 W 36th St,33482.96,0.023185,41.829061799659,-87.642490571931,839900,1,170318399001
11,Alley Resurfacing Menu (2025),3402 S MORGAN ST,25975.47,0.017987,41.832559025768,-87.651340816008,839700,3,170318397003
11,Alley Resurfacing Menu (2025),S BONFIELD ST & W 31ST ST & S LYMAN ST & S KEELEY ST,4078.87,0.002824,41.837987984455,-87.652515958833,600600,1,170316006001
11,Alley Resurfacing Menu (2025),S LOWE AVE & W 25TH PL & W 26TH ST & S WALLACE ST,37137.74,0.025716,41.846203800219,-87.643528295515,840200,1,170318402001
11,Alley Resurfacing Menu (2025),S MORGAN ST & W 32ND PL & W 32ND ST & S ABERDEEN ST,13333.57,0.009233,41.836138307972,-87.653530336755,600900,2,170316009002
11,Alley Speed Hump Menu (2025),S ASHLAND AVE & W 32ND ST & W 32ND PL & S PAULINA ST,3625.0,0.00251,41.835598010493,-87.665743021139,840400,1,170318404001
11,Alley Speed Hump Replacement (2025),3402 S MORGAN ST,0.0,0.0,41.832559025768,-87.651340816008,839700,3,170318397003
11,Alley Speed Hump Replacement (2025),S LOWE AVE & W 25TH PL & W 26TH ST & S WALLACE ST,0.0,0.0,41.846203800219,-87.643528295515,840200,1,170318402001
11,Concrete Alley Menu (2025),W 35TH ST & S LOWE AVE & S UNION AVE & W 36TH ST,33514.26,0.023207,41.830832018438,-87.64246303944,839800,3,170318398003
11,Curb & Gutter Menu (2025),3402 S MAY ST,15512.81,0.010742,41.832519463185,-87.654911087665,839700,1,170318397001
11,Curb & Gutter Menu (2025),1338-1320 W 32nd Pl,87035.49,0.060268,41.835376434883,-87.659202119177,839700,1,170318397001
11,Floodlight Menu (2025),424 W 42ND PL,950.0,0.000658,41.817420679991,-87.637113625015,842600,1,170318426001
11,Mark Sheridan Academy playground resurfacing - turf,533 W 27TH ST,10000.0,0.006925,41.844209661635,-87.641115816143,840100,1,170318401001
11,Pedestrian Refuge Island Menu (2025),2210-2300 S Canal St,50000.0,0.034623,41.851835181868,-87.63868087327,841100,3,170318411003
11,Sidewalk Menu (2025),1231 W 31ST PL,3533.84,0.002447,41.836836520506,-87.657293811281,600900,4,170316009004
11,Sidewalk Menu (2025),1738 W 34TH ST,4142.11,0.002868,41.832521139566,-87.669585285554,840400,2,170318404002
11,Sidewalk Menu (2025),2223 S PRINCETON AVE,3898.83,0.0027,41.852350668913,-87.634591594168,841100,4,170318411004
11,Sidewalk Menu (2025),232 W 25TH PL,3833.87,0.002655,41.846590331684,-87.633242023938,841100,3,170318411003
11,Sidewalk Menu (2025),256 W 25TH PL,11499.78,0.007963,41.846596408564,-87.634040567854,841100,3,170318411003
11,Sidewalk Menu (2025),3055 S BROAD ST,4124.74,0.002856,41.838403475396,-87.660760231158,600700,2,170316007002
11,Sidewalk Menu (2025),336 W 25TH PL,3660.43,0.002535,41.846579351391,-87.636069407517,841100,3,170318411003
11,Sidewalk Menu (2025),3529 S UNION AVE,7254.69,0.005024,41.829882306899,-87.643397789282,839900,1,170318399001
11,Sidewalk Menu (2025),3637 S HALSTED ST,3801.36,0.002632,41.827822328465,-87.645699543713,839900,3,170318399003
11,Sidewalk Menu (2025),3640 S MARSHFIELD AVE,4178.88,0.002894,41.82755783751,-87.66691070407,590700,2,170315907002
11,Sidewalk Menu (2025),3801 S EMERALD AVE,3269.86,0.002264,41.825155751698,-87.644453154711,839900,5,170318399005
11,Sidewalk Menu (2025),3818 S LOWE AVE,2629.25,0.001821,41.82472446087,-87.642653560099,839900,5,170318399005
11,Street Bump Outs Menu (2025),W 33RD ST & S WOOD ST,16000.0,0.011079,41.83414999481,-87.670478964071,840400,1,170318404001
11,Street Bump Outs Menu (2025),W 37TH ST & S LOWE AVE,38147.85,0.026416,41.827175999911,-87.642354661432,839900,3,170318399003
11,Street Cul-de-Sac Menu (2025),W 23RD ST & S CANAL ST,156440.0,0.108328,41.850863006828,-87.638479037042,841100,3,170318411003
11,Street Light Upgrade Menu (2025),3408-3421 S ABERDEEN ST,500.0,0.000346,41.832089597281,-87.653174692603,839700,3,170318397003
11,Street Light Upgrade Menu (2025),3741 S PARNELL AVE,500.0,0.000346,41.825972903439,-87.639655353334,840000,2,170318400002
11,Street Light Upgrade Menu (2025),449 W 42ND PL,7400.0,0.005124,41.817033058879,-87.637937063183,842600,1,170318426001
11,Street Light Upgrade Menu (2025),715 W 37TH ST,250.0,0.000173,41.827014606365,-87.644317703156,839900,4,170318399004
11,Street Resurfacing Menu (2025),3700-3800 S Lowe Ave,69761.58,0.048307,41.825171048672,-87.642717262564,839900,5,170318399005
11,Street Resurfacing Menu (2025),2900-3090 S Lyman St,276462.84,0.191438,41.83821406788,-87.659180183731,600700,1,170316007001
11,Street Resurfacing Menu (2025),2700-2730 S Mary St,22548.1,0.015614,41.844348882206,-87.651893552471,840200,1,170318402001
11,Street Resurfacing Menu (2025),4130-4300 S Normal Ave,127802.98,0.088498,41.819355703591,-87.638586498381,842600,1,170318426001
11,Street Resurfacing Menu (2025),800-900 W 32nd St,90575.21,0.062719,41.83655400846,-87.648906040773,600900,2,170316009002
11,Street Speed Hump Menu (2025),3300-3500 S Lowe Ave,9760.0,0.006758,41.830671127807,-87.642728578133,839900,1,170318399001
11,Street Speed Hump Menu (2025),3100-3200 S Normal Ave,4880.0,0.003379,41.838099002763,-87.639113966208,840000,1,170318400001
11,Street Speed Hump Menu (2025),4150-4300 S Wallace St,7320.0,0.005069,41.816227531754,-87.641298638541,842600,3,170318426003
11,Street Speed Hump Menu (2025),409-500 W 37th St,4880.0,0.003379,41.827406208882,-87.638888409193,840000,2,170318400002
11,Street Speed Hump Menu (2025),414-500 W 38th St,2440.0,0.00169,41.825613864616,-87.636916566471,840000,2,170318400002
11,Viaduct Improvement Menu (2025),S CLARK ST & W CERMAK RD,18778.95,0.013004,41.852986017174,-87.630064025349,330200,1,170313302001
11,placement Miscellaneous CDOT Projects (2025),800-920 W 29th St,101517.73,0.070297,41.841759002694,-87.647097980439,840200,1,170318402001
11,,W 34TH PL & S MORGAN ST,25975.47,0.017987,41.831732779663,-87.650991374464,839700,3,170318397003
11,,W 32ND PL & S CARPENTER ST,25975.47,0.017987,41.83524768885,-87.652277661326,839700,3,170318397003
11,,3216 S MORGAN ST,13333.57,0.009233,41.835589209495,-87.651352466853,600900,2,170316009002
11,,W 34TH PL & S MORGAN ST,0.0,0.0,41.831732779663,-87.650991374464,839700,3,170318397003
11,,W 32ND PL & S CARPENTER ST,0.0,0.0,41.83524768885,-87.652277661326,839700,3,170318397003
11,,3549 S UNION AVE,33514.26,0.023207,41.829353199261,-87.643386222256,839900,1,170318399001
11,,3700 S UNION AVE,250.0,0.000173,41.827025670478,-87.643749996854,839900,4,170318399004
12,Alley Resurfacing Menu (2025),S CHRISTIANA AVE & S ARCHER AVE & W 46TH ST & S SPAULDING AVE,70693.36,0.067015,41.81172199166,-87.708142040161,580400,4,170315804004
12,Alley Resurfacing Menu (2025),S WINCHESTER AVE & W 35TH ST & W 36TH ST & S WOLCOTT AVE,6627.62,0.006283,41.83041547976,-87.674068514106,840400,2,170318404002
12,Alley Speed Hump Replacement (2025),S CHRISTIANA AVE & S ARCHER AVE & W 46TH ST & S SPAULDING AVE,0.0,0.0,41.81172199166,-87.708142040161,580400,4,170315804004
12,Concrete Alley Menu (2025),S SEELEY AVE & W 33RD ST & W 34TH ST & S DAMEN AVE,16901.74,0.016022,41.83403398927,-87.676622060908,840300,2,170318403002
12,Curb & Gutter Menu (2025),4637 S HOMAN AVE,4301.67,0.004078,41.808750439346,-87.708391988514,580400,3,170315804003
12,Curb & Gutter Menu (2025),4200-4300 S Marshfield Ave,160000.0,0.151675,41.815844928856,-87.666438837987,610300,1,170316103001
12,Sidewalk Menu (2025),4101 S ALBANY AVE,16295.26,0.015447,41.818908593533,-87.701691327478,580501,3,170315805013
12,Sidewalk Menu (2025),4226 S CALIFORNIA AVE,4819.31,0.004569,41.816503532145,-87.694731414176,580502,3,170315805023
12,Street Cul-de-Sac Menu (2025),2350-2400 W 36th St,130000.0,0.123236,41.828576348887,-87.684321872523,590500,1,170315905001
12,Street Light Upgrade Menu (2025),3610 S SEELEY AVE,500.0,0.000474,41.82816296901,-87.676696156932,590500,1,170315905001
12,Street Resurfacing Menu (2025),3800-3900 S Campbell Ave,47802.51,0.045315,41.824521115899,-87.687716767046,580100,2,170315801002
12,Street Resurfacing Menu (2025),3300-3500 S Hamilton Ave,113556.34,0.107648,41.833868237135,-87.679287506118,840300,3,170318403003
12,Street Resurfacing Menu (2025),4200-4300 S Marshfield Ave,101730.41,0.096438,41.815844928856,-87.666438837987,610300,1,170316103001
12,Street Resurfacing Menu (2025),3600-3640 S Oakley Ave,41027.35,0.038893,41.828199492209,-87.682257571008,590500,1,170315905001
12,Street Resurfacing Menu (2025),3850-3730 S Rockwell St,92511.78,0.087699,41.825519802736,-87.689845116464,580100,2,170315801002
12,Street Resurfacing Menu (2025),3300-3400 S Seeley Ave,55653.68,0.052758,41.833890491088,-87.676863711177,840300,2,170318403002
12,Street Resurfacing Menu (2025),4200-4300 S Talman Ave,65066.98,0.061682,41.817308320579,-87.691133901333,580600,3,170315806003
12,Street Resurfacing Menu (2025),1600-1700 W 37th Pl,52387.13,0.049661,41.825996035281,-87.665618298799,590700,2,170315907002
12,Street Speed Hump Menu (2025),4100-4130 S Albany Ave,2440.0,0.002313,41.818918065084,-87.702197007696,580501,3,170315805013
12,Street Speed Hump Menu (2025),3300-3400 S Hoyne Ave,4880.0,0.004626,41.833880474714,-87.678099538981,840300,3,170318403003
12,Street Speed Hump Menu (2025),3400-3500 S Leavitt St,4880.0,0.004626,41.832035073001,-87.68050447464,840300,3,170318403003
12,Street Speed Hump Menu (2025),3100-3200 W 42nd Pl,4880.0,0.004626,41.816465981219,-87.70207203352,580502,3,170315805023
12,Street Speed Hump Replacement (2025),4200-4300 S Talman Ave,0.0,0.0,41.817308320579,-87.691133901333,580600,3,170315806003
12,,3345-3349 S SEELEY AVE,16901.74,0.016022,41.832587566149,-87.676282677649,840300,2,170318403002
12,,2300-2400 W 36th St,41027.35,0.038893,41.828700919556,-87.682721236573,590500,1,170315905001
13,Alley Apron Menu (2025),5556 S KOSTNER AVE,32111.86,0.021408,41.791440593913,-87.733193118001,620300,4,170316203004
13,Alley Speed Hump Menu (2025),S KILBOURN AVE & W 58TH ST & W 59TH ST & S KENNETH AVE,1812.5,0.001208,41.787616015313,-87.735236039262,620300,5,170316203005
13,Concrete Alley Menu (2025),5915 S NORMANDY AVE,2554.56,0.001703,41.784387934853,-87.788553744456,640400,2,170316404002
13,Concrete Alley Menu (2025),6027 S RUTHERFORD AVE,11670.46,0.00778,41.78226639134,-87.78972117593,640400,2,170316404002
13,Concrete Alley Menu (2025),6121 S KOSTNER AVE,18946.7,0.012631,41.78149848328,-87.732352580751,650200,3,170316502003
13,Concrete Alley Menu (2025),6126 W 60TH ST,13411.75,0.008941,41.783490987394,-87.775371944427,640300,6,170316403006
13,Curb & Gutter Menu (2025),5626 S OAK PARK AVE,15640.64,0.010427,41.78952771788,-87.791771473266,561000,4,170315610004
13,Curb & Gutter Menu (2025),5702 S KEELER AVE,3991.93,0.002661,41.789319804771,-87.728248381861,620300,3,170316203003
13,Curb & Gutter Menu (2025),5736 S KENNETH AVE,5624.01,0.003749,41.788353161788,-87.734317550312,620300,6,170316203006
13,Curb & Gutter Menu (2025),5746 S MERRIMAC AVE,5628.59,0.003752,41.787382327852,-87.77824232717,561100,6,170315611006
13,Curb & Gutter Menu (2025),5805 S NOTTINGHAM AVE,5384.19,0.00359,41.786342468945,-87.798472804855,561000,6,170315610006
13,Curb & Gutter Menu (2025),6105 S MCVICKER AVE,9114.68,0.006077,41.781297610971,-87.772573059319,640300,5,170316403005
13,Curb & Gutter Menu (2025),6147 W 64TH ST,545.42,0.000364,41.775769787736,-87.775690037653,640600,3,170316406003
13,Curb & Gutter Menu (2025),6155 S MOODY AVE,4137.58,0.002758,41.779862796785,-87.774974642217,640300,6,170316403006
13,Curb & Gutter Menu (2025),6159 S MONITOR AVE,11482.98,0.007655,41.7799099869,-87.767626646798,640300,2,170316403002
13,Curb & Gutter Menu (2025),6243 S KOLMAR AVE,3213.93,0.002143,41.779052434386,-87.735926875722,650200,6,170316502006
13,Curb & Gutter Menu (2025),6245 S RUTHERFORD AVE,5790.43,0.00386,41.778074056738,-87.789557728818,640400,2,170316404002
13,Curb & Gutter Menu (2025),6504 W 60TH ST,9359.7,0.00624,41.783355116743,-87.784249972452,640400,1,170316404001
13,Curb & Gutter Menu (2025),6846 W 64TH PL,6870.6,0.00458,41.774981218285,-87.792790125959,640500,2,170316405002
13,Curb & Gutter Menu (2025),7055 W 64TH ST,4822.03,0.003215,41.775405929319,-87.798062091599,640500,2,170316405002
13,Floodlight Menu (2025),5813-5817 S NASHVILLE AVE,1150.0,0.000767,41.786239790631,-87.786226928135,561000,2,170315610002
13,Floodlight Menu (2025),5857 S MASSASOIT AVE,1150.0,0.000767,41.785557880898,-87.765418685863,561100,1,170315611001
13,Floodlight Menu (2025),6158 S MOODY AVE,1150.0,0.000767,41.779758819276,-87.77551192221,640300,6,170316403006
13,Hale Park Improvements,6258 W 62ND ST,50000.0,0.033334,41.78059998517,-87.7770260292,640300,6,170316403006
13,Sidewalk Menu (2025),4249 W 59TH ST,4174.28,0.002783,41.785654021327,-87.729793501892,650200,4,170316502004
13,Sidewalk Menu (2025),4538 W 64TH PL,10662.31,0.007108,41.775991489075,-87.736453594517,650301,2,170316503012
13,Sidewalk Menu (2025),4543 W 64TH ST,8987.81,0.005992,41.776463474043,-87.736636487644,650301,2,170316503012
13,Sidewalk Menu (2025),5111 W 63RD PL,2204.16,0.001469,41.777292108991,-87.749558532494,640700,2,170316407002
13,Sidewalk Menu (2025),5524 S KARLOV AVE,3993.19,0.002662,41.792417211361,-87.725867250807,620300,1,170316203001
13,Sidewalk Menu (2025),5531 S NEW ENGLAND AVE,3649.99,0.002433,41.791183814309,-87.793707022347,561000,4,170315610004
13,Sidewalk Menu (2025),5540 S MERRIMAC AVE,15557.44,0.010372,41.791274296954,-87.778397643835,561100,6,170315611006
13,Sidewalk Menu (2025),5544 S RUTHERFORD AVE,8696.24,0.005798,41.790836342513,-87.790582332663,561000,3,170315610003
13,Sidewalk Menu (2025),5550 S NEWLAND AVE,3202.89,0.002135,41.790561416089,-87.795477364117,561000,5,170315610005
13,Sidewalk Menu (2025),5550 S TRIPP AVE,832.22,0.000555,41.791611249462,-87.729542380073,620300,3,170316203003
13,Sidewalk Menu (2025),5600 S NASHVILLE AVE,10657.32,0.007105,41.790289800516,-87.786912232538,561000,2,170315610002
13,Sidewalk Menu (2025),5601 S MOODY AVE,1307.91,0.000872,41.79051372306,-87.775378314674,561100,5,170315611005
13,Sidewalk Menu (2025),5604 S SAYRE AVE,6551.67,0.004368,41.790033356189,-87.796667259092,561000,5,170315610005
13,Sidewalk Menu (2025),5612 S MASON AVE,8168.35,0.005446,41.790286447755,-87.771041937066,561100,4,170315611004
13,Sidewalk Menu (2025),5616 S MEADE AVE,9553.82,0.006369,41.790114325373,-87.774717736884,561100,5,170315611005
13,Sidewalk Menu (2025),5633 S NATOMA AVE,7115.55,0.004744,41.789425039566,-87.787516148662,561000,2,170315610002
13,Sidewalk Menu (2025),5658 S NOTTINGHAM AVE,15938.51,0.010626,41.788534504263,-87.799139082338,561000,6,170315610006
13,Sidewalk Menu (2025),5700 W 63RD PL,2955.39,0.00197,41.777361343511,-87.76432652388,640600,1,170316406001
13,Sidewalk Menu (2025),5713 S MOODY AVE,7356.37,0.004904,41.788349096565,-87.775299105689,561100,5,170315611005
13,Sidewalk Menu (2025),5724 S MERRIMAC AVE,3064.34,0.002043,41.787961140176,-87.778265545041,561100,6,170315611006
13,Sidewalk Menu (2025),5729 S NORDICA AVE,1847.12,0.001231,41.787531274272,-87.797328675071,561000,5,170315610005
13,Sidewalk Menu (2025),5738 S OAK PARK AVE,1543.68,0.001029,41.787372730573,-87.79168371474,561000,4,170315610004
13,Sidewalk Menu (2025),5746 W 59TH ST,8715.96,0.005811,41.785527496499,-87.766301300268,561100,2,170315611002
13,Sidewalk Menu (2025),5751 S NASHVILLE AVE,2945.93,0.001964,41.787146167731,-87.786210918699,561000,2,170315610002
13,Sidewalk Menu (2025),5755 W 55TH ST,3557.88,0.002372,41.792445416466,-87.766902115087,561100,3,170315611003
13,Sidewalk Menu (2025),5759 W 63RD PL,15376.17,0.010251,41.776814466238,-87.766389896984,640600,1,170316406001
13,Sidewalk Menu (2025),5805 S NORDICA AVE,2931.18,0.001954,41.786360448127,-87.797244939859,561000,5,170315610005
13,Sidewalk Menu (2025),5818 S MERRIMAC AVE,4029.58,0.002686,41.786205550556,-87.778303263606,561100,6,170315611006
13,Sidewalk Menu (2025),5818 S NEWLAND AVE,13111.42,0.008741,41.78598187947,-87.795325735489,561000,5,170315610005
13,Sidewalk Menu (2025),5819 S AUSTIN AVE,3767.03,0.002511,41.786466060107,-87.77155063477,561100,4,170315611004
13,Sidewalk Menu (2025),5842 S NATCHEZ AVE,672.54,0.000448,41.785530220617,-87.784289618854,561000,1,170315610001
13,Sidewalk Menu (2025),5915 S MOODY AVE,4193.01,0.002795,41.7846409426,-87.775142196461,640300,6,170316403006
13,Sidewalk Menu (2025),5920 S MOBILE AVE,5941.24,0.003961,41.784403902378,-87.779348738389,640300,3,170316403003
13,Sidewalk Menu (2025),5924 S KEELER AVE,5469.96,0.003647,41.785123824042,-87.728094490118,650200,1,170316502001
13,Sidewalk Menu (2025),5949 S NATOMA AVE,4697.04,0.003131,41.783491783675,-87.787302074855,640400,2,170316404002
13,Sidewalk Menu (2025),6005 S NORMANDY AVE,5978.72,0.003986,41.782858111794,-87.788517450815,640400,2,170316404002
13,Sidewalk Menu (2025),6012 S MASON AVE,5767.47,0.003845,41.782924789834,-87.77072820243,640300,4,170316403004
13,Sidewalk Menu (2025),6027 S TRIPP AVE,10421.06,0.006948,41.783198123697,-87.728708464526,650200,1,170316502001
13,Sidewalk Menu (2025),6034 S MULLIGAN AVE,9608.08,0.006406,41.78212004331,-87.780499573695,640300,3,170316403003
13,Sidewalk Menu (2025),6036 S NATOMA AVE,12864.43,0.008576,41.781963259812,-87.787819405919,640400,2,170316404002
13,Sidewalk Menu (2025),6046 S KILPATRICK AVE,6656.06,0.004437,41.782574132915,-87.740245232238,640100,1,170316401001
13,Sidewalk Menu (2025),6046 S MAYFIELD AVE,5335.29,0.003557,41.782052652809,-87.769495224473,640300,4,170316403004
13,Sidewalk Menu (2025),6105 S KEELER AVE,3277.37,0.002185,41.782039996135,-87.727486383043,650200,2,170316502002
13,Sidewalk Menu (2025),6108 S RUTHERFORD AVE,2481.68,0.001654,41.780886897715,-87.790224006302,640400,2,170316404002
13,Sidewalk Menu (2025),6113 S NAGLE AVE,4420.84,0.002947,41.780866781148,-87.782377371463,640400,1,170316404001
13,Sidewalk Menu (2025),6126 S TRIPP AVE,3935.94,0.002624,41.781457076679,-87.729229735084,650200,3,170316502003
13,Sidewalk Menu (2025),6134 S KEELER AVE,620.89,0.000414,41.78122586188,-87.728012431286,650200,2,170316502002
13,Sidewalk Menu (2025),6138 W 60TH ST,746.53,0.000498,41.783487383175,-87.775697665185,640300,6,170316403006
13,Sidewalk Menu (2025),6152 W 59TH ST,14865.86,0.009911,41.78533177906,-87.776293367043,561100,5,170315611005
13,Sidewalk Menu (2025),6200 S KEDVALE AVE,4729.31,0.003153,41.780314288,-87.72674994903,650200,2,170316502002
13,Sidewalk Menu (2025),6208 S NEENAH AVE,4622.46,0.003082,41.779100839877,-87.785266362031,640400,1,170316404001
13,Sidewalk Menu (2025),6210 S MCVICKER AVE,7523.57,0.005016,41.779273213716,-87.77302744229,640300,5,170316403005
13,Sidewalk Menu (2025),6214 W 63RD PL,6241.95,0.004161,41.777105360188,-87.776982610941,640600,3,170316406003
13,Sidewalk Menu (2025),6217 W 55TH ST,8936.53,0.005958,41.79223205512,-87.777650480986,561100,5,170315611005
13,Sidewalk Menu (2025),6219 S MENARD AVE,5236.07,0.003491,41.779146563159,-87.766414288323,640300,2,170316403002
13,Sidewalk Menu (2025),6219 S NAGLE AVE,8212.17,0.005475,41.778808101909,-87.782288271832,640400,1,170316404001
13,Sidewalk Menu (2025),6221 S NATCHEZ AVE,13682.93,0.009122,41.77881141276,-87.78349610408,640400,1,170316404001
13,Sidewalk Menu (2025),6226 W 59TH ST,5159.11,0.003439,41.785299592551,-87.777713093803,561100,5,170315611005
13,Sidewalk Menu (2025),6243 S NASHVILLE AVE,1133.19,0.000755,41.778196097248,-87.785878576239,640400,1,170316404001
13,Sidewalk Menu (2025),6250 W 60TH ST,13035.86,0.008691,41.783446437578,-87.778557738186,640300,3,170316403003
13,Sidewalk Menu (2025),6258 W 64TH ST,5621.78,0.003748,41.776131005853,-87.778591433437,640600,3,170316406003
13,Sidewalk Menu (2025),6331 S KILDARE AVE,8209.35,0.005473,41.777583547764,-87.72981009806,650301,1,170316503011
13,Sidewalk Menu (2025),6346 S KEDVALE AVE,10526.96,0.007018,41.777281338245,-87.726661771409,650301,3,170316503013
13,Sidewalk Menu (2025),6354 S KARLOV AVE,3900.87,0.002601,41.777050291084,-87.725437007717,650301,3,170316503013
13,Sidewalk Menu (2025),6358 S TRIPP AVE,1304.58,0.00087,41.776906415716,-87.729117501401,650301,1,170316503011
13,Sidewalk Menu (2025),6407 S KARLOV AVE,4251.89,0.002835,41.776518124052,-87.724890675268,650301,3,170316503013
13,Sidewalk Menu (2025),6449 S TRIPP AVE,2577.76,0.001719,41.775330282643,-87.728510986887,650301,3,170316503013
13,Sidewalk Menu (2025),6459 W 63RD PL,4266.8,0.002845,41.776499139041,-87.783505072716,640500,1,170316405001
13,Sidewalk Menu (2025),6516 W 61ST ST,5509.49,0.003673,41.781503428603,-87.784591618825,640400,1,170316404001
13,Sidewalk Menu (2025),6532 S KNOX AVE,5709.43,0.003806,41.773846434324,-87.738759288443,640800,2,170316408002
13,Sidewalk Menu (2025),6536 W 61ST ST,12724.16,0.008483,41.781508751112,-87.785285975684,640400,1,170316404001
13,Sidewalk Menu (2025),6641 S KEDVALE AVE,3924.39,0.002616,41.771956943801,-87.725978897757,650301,4,170316503014
13,Sidewalk Menu (2025),6716 W 63RD PL,4966.74,0.003311,41.776922089875,-87.789290010831,640500,1,170316405001
13,Sidewalk Menu (2025),6732 W 64TH ST,6877.37,0.004585,41.775934869319,-87.789918988845,640500,1,170316405001
13,Sidewalk Menu (2025),7111 W 63RD PL,2305.47,0.001537,41.77622563754,-87.798926433455,640500,2,170316405002
13,Sidewalk Menu (2025),S NATCHEZ AVE & W 63RD PL,2241.11,0.001494,41.776773017727,-87.783682014692,640500,1,170316405001
13,Sidewalk Menu (2025),W 62ND ST & S TRIPP AVE,5231.4,0.003488,41.780383019606,-87.728913988792,650200,2,170316502002
13,Sidewalk Menu (2025),W 64TH ST & S KILDARE AVE,2618.87,0.001746,41.776729012736,-87.730020986744,650301,1,170316503011
13,Street Light Upgrade Menu (2025),4021 W 58TH PL,500.0,0.000333,41.78669258104,-87.723833633458,620300,2,170316203002
13,Street Light Upgrade Menu (2025),4625 W 63RD ST,500.0,0.000333,41.778217387282,-87.738452007872,640800,1,170316408001
13,Street Light Upgrade Menu (2025),5543 W 64TH PL,500.0,0.000333,41.7751574478,-87.760923219733,640700,4,170316407004
13,Street Light Upgrade Menu (2025),5759 W 55TH ST,500.0,0.000333,41.792447470032,-87.76701443259,561100,3,170315611003
13,Street Light Upgrade Menu (2025),6040 S KOMENSKY AVE,500.0,0.000333,41.782880198109,-87.72439966338,650200,1,170316502001
13,Street Light Upgrade Menu (2025),6232 W 63RD ST,500.0,0.000333,41.777955997632,-87.777634974466,640300,6,170316403006
13,Street Light Upgrade Menu (2025),6400 S LAPORTE AVE,500.0,0.000333,41.776409285039,-87.746153468148,640700,1,170316407001
13,Street Resurfacing Menu (2025),5600-5700 S Kildare Ave,56898.57,0.037933,41.79120367942,-87.730730179572,620300,4,170316203004
13,Street Resurfacing Menu (2025),6600-6700 S Kildare Ave,61749.35,0.041167,41.772987792163,-87.730202203491,650301,2,170316503012
13,Street Resurfacing Menu (2025),6600-6700 S Knox Ave,55965.53,0.037311,41.772886287315,-87.738740429161,640800,2,170316408002
13,Street Resurfacing Menu (2025),5700-5899 S Newcastle Ave,105451.37,0.070302,41.788361082686,-87.793013168402,561000,4,170315610004
13,Street Resurfacing Menu (2025),5600-5700 S New England Ave,54638.03,0.036426,41.788343815966,-87.794152771958,561000,5,170315610005
13,Street Resurfacing Menu (2025),5500-5600 S Nordica Ave,53400.95,0.035601,41.790123419738,-87.797964777703,561000,6,170315610006
13,Street Resurfacing Menu (2025),5800-5899 S Nottingham Ave,55045.08,0.036697,41.786430562747,-87.799075044598,561000,6,170315610006
13,Street Resurfacing Menu (2025),5500-5600 S Rutherford Ave,58002.44,0.038669,41.790249232105,-87.790565652675,561000,3,170315610003
13,Street Resurfacing Menu (2025),5600-5700 S Sayre Ave,54549.95,0.036367,41.788308947249,-87.796610345969,561000,5,170315610005
13,Street Speed Hump Menu (2025),6430-6500 S Linder Ave,2440.0,0.001627,41.775675234968,-87.759287209157,640700,4,170316407004
13,Street Speed Hump Replacement (2025),6600-6700 S Kildare Ave,0.0,0.0,41.772987792163,-87.730202203491,650301,2,170316503012
13,Street Speed Hump Replacement (2025),6600-6700 S Knox Ave,0.0,0.0,41.772886287315,-87.738740429161,640800,2,170316408002
13,Wentworth Park Improvements,5625 S MOBILE AVE,50000.0,0.033334,41.789448131709,-87.778930649058,561100,6,170315611006
13,,5819 S KILBOURN AVE,1812.5,0.001208,41.786996299302,-87.73497217695,620300,5,170316203005
13,,6144 W 60TH ST,13411.75,0.008941,41.783481934938,-87.775914002106,640300,6,170316403006
13,,5834 S NOTTINGHAM AVE,5384.19,0.00359,41.785534118202,-87.799026764836,561000,6,170315610006
13,,6148 S MCVICKER AVE,9114.68,0.006077,41.780049755136,-87.773057952418,640300,5,170316403005
13,,6128 S MOODY AVE,4137.58,0.002758,41.780585149201,-87.775521393761,640300,6,170316403006
13,,6842 W 64TH PL,6870.6,0.00458,41.774984487228,-87.79268007157,640500,2,170316405002
13,,5549 S NEW ENGLAND AVE,3649.99,0.002433,41.790680481023,-87.793705513605,561000,4,170315610004
13,,5616 S MOODY AVE,1307.91,0.000872,41.790293260247,-87.775679990052,561100,5,170315611005
13,,5643 S MEADE AVE,9553.82,0.006369,41.789361798106,-87.774119436636,561100,4,170315611004
13,,5649 S NATOMA AVE,7115.55,0.004744,41.788968812576,-87.787428222498,561000,2,170315610002
13,,5736 S MOODY AVE,7356.37,0.004904,41.78767598783,-87.775836218044,561100,5,170315611005
13,,5754 W 59TH ST,8715.96,0.005811,41.785521251981,-87.766631295796,561100,2,170315611002
13,,5914-5922 S MOBILE AVE,5941.24,0.003961,41.784320167165,-87.779351755874,640300,3,170316403003
13,,6022 S TRIPP AVE,10421.06,0.006948,41.783349584687,-87.729272985705,650200,4,170316502004
13,,6024 S MULLIGAN AVE,9608.08,0.006406,41.782402764905,-87.780511811273,640300,3,170316403003
13,,6042 S NATOMA AVE,12864.43,0.008576,41.781797968681,-87.787816220796,640400,2,170316404002
13,,6050 S NATOMA AVE,12864.43,0.008576,41.781551247361,-87.787802055379,640400,2,170316404002
13,,6144 S RUTHERFORD AVE,2481.68,0.001654,41.779888068223,-87.790174385435,640400,2,170316404002
13,,6125 W 59TH ST,14865.86,0.009911,41.784939003077,-87.775268176466,640300,6,170316403006
13,,W 62ND ST & S KEDVALE AVE,4729.31,0.003153,41.780404016273,-87.7264529782,650200,2,170316502002
13,,6238 S MCVICKER AVE,7523.57,0.005016,41.778525086948,-87.773009924112,640300,5,170316403005
13,,S MERRIMAC AVE & W 59TH ST,5159.11,0.003439,41.785079902869,-87.777884336085,640300,3,170316403003
13,,6245 S NASHVILLE AVE,1133.19,0.000755,41.778126150266,-87.785880252619,640400,1,170316404001
13,,6336 S KILDARE AVE,8209.35,0.005473,41.777486443416,-87.7303295246,650301,1,170316503011
13,,6441 S KARLOV AVE,4251.89,0.002835,41.775619835488,-87.724879443517,650301,3,170316503013
13,,6500 W 63RD PL,2241.11,0.001494,41.776991994948,-87.783868847314,640500,1,170316405001
13,,6200 S TRIPP AVE,5231.4,0.003488,41.780286418172,-87.729168798648,650200,3,170316502003
13,,6400 S KILDARE AVE,2618.87,0.001746,41.776630106278,-87.730329356962,650301,1,170316503011
13,,4045 W 58TH PL,500.0,0.000333,41.786621334863,-87.72458574163,620300,2,170316203002
13,,4619 W 63RD ST,500.0,0.000333,41.778184823589,-87.738168951002,640800,1,170316408001
13,,6300 W 63RD ST,500.0,0.000333,41.777976239928,-87.779019161956,640300,6,170316403006
13,,6252 W 63RD ST,500.0,0.000333,41.77707832855,-87.778408121214,640600,3,170316406003
13,,6324 W 63RD ST,500.0,0.000333,41.778000128352,-87.779884174364,640300,6,170316403006
14,Alley Apron Menu (2025),2957 W 53RD ST,29378.11,0.019849,41.797207294251,-87.698265396081,630400,2,170316304002
14,Alley Apron Menu (2025),3143 W 54TH PL,17036.61,0.011511,41.794263157898,-87.702886922147,630400,3,170316304003
14,Alley Apron Menu (2025),3355 W 65TH PL,22859.8,0.015445,41.774132341041,-87.707645663855,660500,2,170316605002
14,Alley Apron Menu (2025),5400 S FRANCISCO AVE,28029.63,0.018938,41.795352511944,-87.696577025436,630400,2,170316304002
14,Alley Resurfacing Menu (2025),S FRANCISCO AVE & W 53RD ST & W 54TH ST & S MOZART ST,42668.94,0.028829,41.79728680374,-87.696309139811,630400,2,170316304002
14,Alley Resurfacing Menu (2025),S KEDZIE AVE & W 56TH ST & S SAWYER AVE & W 55TH ST,5267.38,0.003559,41.79173601409,-87.703492011737,630800,1,170316308001
14,Alley Resurfacing Menu (2025),W 51ST ST & S WASHTENAW AVE & S FAIRFIELD AVE & W 52ND ST,56029.91,0.037857,41.801064988506,-87.691575040897,630600,1,170316306001
14,Alley Resurfacing Menu (2025),W 52ND ST & S FAIRFIELD AVE & S CALIFORNIA AVE & W 53RD ST,5790.45,0.003912,41.779605786679,-87.693104025765,835000,3,170318350003
14,Alley Resurfacing Menu (2025),W 53RD ST & S FAIRFIELD AVE & S CALIFORNIA AVE & W 54TH ST,47689.1,0.032221,41.779605786679,-87.693104025765,835000,3,170318350003
14,Alley Speed Hump Menu (2025),W 53RD ST & S FAIRFIELD AVE & S CALIFORNIA AVE & W 54TH ST,0.0,0.0,41.779605786679,-87.693104025765,835000,3,170318350003
14,Alley Speed Hump Replacement (2025),S FRANCISCO AVE & W 53RD ST & W 54TH ST & S MOZART ST,0.0,0.0,41.79728680374,-87.696309139811,630400,2,170316304002
14,Alley Speed Hump Replacement (2025),S KEDZIE AVE & W 56TH ST & S SAWYER AVE & W 55TH ST,0.0,0.0,41.79173601409,-87.703492011737,630800,1,170316308001
14,Alley Speed Hump Replacement (2025),W 51ST ST & S WASHTENAW AVE & S FAIRFIELD AVE & W 52ND ST,0.0,0.0,41.801064988506,-87.691575040897,630600,1,170316306001
14,Curb & Gutter Menu (2025),5084 S ARCHER AVE,1086.4,0.000734,41.80121523412,-87.728094993033,570300,2,170315703002
14,Curb & Gutter Menu (2025),5640 S SPAULDING AVE,3015.97,0.002038,41.790470765806,-87.706186542151,630900,1,170316309001
14,Diagonal Parking Menu (2025),5443-5500 S Homan Ave,44249.62,0.029897,41.793972389677,-87.708188224448,630300,2,170316303002
14,Miscellaneous CDOT Projects (2025),5426 S ST LOUIS AVE,660.0,0.000446,41.795145686531,-87.711003050367,630300,2,170316303002
14,Sidewalk Menu (2025),3301 W 65TH ST,9118.77,0.006161,41.775085992075,-87.705639539149,660500,2,170316605002
14,Sidewalk Menu (2025),3401 W 60TH ST,13416.43,0.009065,41.78415613332,-87.708315042643,660400,4,170316604004
14,Sidewalk Menu (2025),3402-3410 W 60TH PL,17278.37,0.011674,41.783678197201,-87.708628358184,660400,4,170316604004
14,Sidewalk Menu (2025),3432-3436 W 62ND ST,6815.96,0.004605,41.780916527743,-87.709496639534,660400,3,170316604003
14,Sidewalk Menu (2025),3441 W 60TH PL,7189.43,0.004858,41.783217024888,-87.709744660049,660400,4,170316604004
14,Sidewalk Menu (2025),3456 W 65TH ST,14852.72,0.010035,41.775479731977,-87.710149841248,660500,4,170316605004
14,Sidewalk Menu (2025),4317-4325 S KEDVALE AVE,9260.05,0.006257,41.814367026936,-87.72723039972,570200,1,170315702001
14,Sidewalk Menu (2025),4518 S AVERS AVE,7456.38,0.005038,41.81095156903,-87.720395544414,570100,1,170315701001
14,Sidewalk Menu (2025),4536 S KOMENSKY AVE,6773.77,0.004577,41.81047970979,-87.725203404075,570200,1,170315702001
14,Sidewalk Menu (2025),4701 S RIDGEWAY AVE,10115.53,0.006835,41.807836644262,-87.717162979635,570400,1,170315704001
14,Sidewalk Menu (2025),5201 S ALBANY AVE,7359.48,0.004972,41.7989315846,-87.701018009196,630400,4,170316304004
14,Sidewalk Menu (2025),5257 S TRUMBULL AVE,14803.09,0.010002,41.797288899216,-87.709537543221,630300,1,170316303001
14,Sidewalk Menu (2025),5401 S FRANCISCO AVE,5872.38,0.003968,41.795356619077,-87.696027926959,630400,2,170316304002
14,Sidewalk Menu (2025),5412 S CHRISTIANA AVE,12234.55,0.008266,41.794891884455,-87.707553379101,630300,2,170316303002
14,Sidewalk Menu (2025),5703-5707 S SAWYER AVE,6688.28,0.004519,41.789590749792,-87.704162563991,630900,1,170316309001
14,Sidewalk Menu (2025),5725 S SAWYER AVE,6306.23,0.004261,41.789097181423,-87.704393066328,630900,1,170316309001
14,Sidewalk Menu (2025),5808 S TRUMBULL AVE,3980.53,0.002689,41.787626911787,-87.709775253995,630900,2,170316309002
14,Sidewalk Menu (2025),5859 S WHIPPLE ST,14531.13,0.009818,41.786551262153,-87.699515720689,630800,4,170316308004
14,Sidewalk Menu (2025),5915-5923 S KEDZIE AVE,113427.36,0.076637,41.785522634995,-87.703072581302,660302,2,170316603022
14,Sidewalk Menu (2025),5919 S SPAULDING AVE,4469.37,0.00302,41.785612614726,-87.705497465891,660400,1,170316604001
14,Sidewalk Menu (2025),5958 S SAWYER AVE,7762.69,0.005245,41.784552303974,-87.704801432651,660400,1,170316604001
14,Sidewalk Menu (2025),6542-6544 S TROY ST,4123.55,0.002786,41.773990770697,-87.702061053227,660800,5,170316608005
14,Sidewalk Menu (2025),S SAWYER AVE & W 60TH ST,3206.78,0.002167,41.784417020057,-87.704513011363,660400,1,170316604001
14,Street Resurfacing Menu (2025),5700-5800 S Homan Ave,60721.77,0.041027,41.787858000858,-87.708581587164,630900,2,170316309002
14,Street Resurfacing Menu (2025),5000-5050 S Keeler Ave,37286.57,0.025193,41.802171567363,-87.728605618574,570300,3,170315703003
14,Street Resurfacing Menu (2025),5200-5300 S Maplewood Ave,58712.93,0.03967,41.797318696881,-87.688174586598,630500,2,170316305002
14,Street Resurfacing Menu (2025),4700-4832 S Whipple St,90251.1,0.060978,41.808154586148,-87.700383327488,842800,4,170318428004
14,Street Resurfacing Menu (2025),4130-4200 W 49th St,46929.78,0.031708,41.804221583802,-87.727848290199,570300,1,170315703001
14,Street Resurfacing Menu (2025),3500-3600 W 57th Pl,62432.9,0.042183,41.78907492747,-87.710967244446,630900,2,170316309002
14,Street Resurfacing Menu (2025),3400-3430 W 58th St,25446.73,0.017193,41.788044816031,-87.709181704039,630900,3,170316309003
14,Street Resurfacing Menu (2025),3430-3600 W 58th St,105059.95,0.070984,41.788108284486,-87.713524646924,620400,2,170316204002
14,Street Resurfacing Menu (2025),3600-3400 W 60th Pl,120501.84,0.081417,41.783677652377,-87.708300039036,660400,4,170316604004
14,Street Resurfacing Menu (2025),3400-3500 W 60th St,65616.71,0.044334,41.784543628704,-87.710765743493,660400,4,170316604004
14,Street Resurfacing Menu (2025),3500-3600 W 61st Pl,53958.78,0.036457,41.781809996712,-87.710716290265,660400,3,170316604003
14,Street Resurfacing Menu (2025),3500-3400 W 61st Pl,58566.13,0.03957,41.781853792156,-87.708272462575,660400,3,170316604003
14,Street Resurfacing Menu (2025),3400-3500 W 62nd Pl,56534.46,0.038198,41.780079552801,-87.708192499219,660400,3,170316604003
14,Street Speed Hump Menu (2025),5200-5300 S Maplewood Ave,4880.0,0.003297,41.797318696881,-87.688174586598,630500,2,170316305002
14,Street Speed Hump Menu (2025),5700-6000 S St Louis Ave,12200.0,0.008243,41.789599760338,-87.711046369612,630900,2,170316309002
14,Street Speed Hump Menu (2025),3330-3300 W 58th St,2440.0,0.001649,41.788083137254,-87.70594688177,630900,1,170316309001
14,Street Speed Hump Menu (2025),3430-3500 W 58th St,2440.0,0.001649,41.788156061335,-87.710931202262,630900,2,170316309002
14,Street Speed Hump Replacement (2025),5700-5800 S Homan Ave,0.0,0.0,41.787858000858,-87.708581587164,630900,2,170316309002
14,Street Speed Hump Replacement (2025),3430-3600 W 58th St,0.0,0.0,41.788108284486,-87.713524646924,620400,2,170316204002
14,Street Speed Hump Replacement (2025),3600-3400 W 60th Pl,0.0,0.0,41.783677652377,-87.708300039036,660400,4,170316604004
14,Street Speed Hump Replacement (2025),3400-3500 W 60th St,0.0,0.0,41.784543628704,-87.710765743493,660400,4,170316604004
14,,5543-5559 S SAWYER AVE,5267.38,0.003559,41.792386533596,-87.704436819863,630900,1,170316309001
14,,5558 S KEDZIE AVE,0.0,0.0,41.79184082979,-87.703706001725,630900,1,170316309001
15,Alley Resurfacing Menu (2025),S SACRAMENTO AVE & W 66TH ST & W MARQUETTE RD & S WHIPPLE ST,28372.23,0.019371,41.771732979348,-87.699312962452,660800,5,170316608005
15,Alley Resurfacing Menu (2025),W 43RD ST & S ASHLAND AVE & S MARSHFIELD AVE & W 44TH ST,48863.33,0.033361,41.877160012665,-87.666771983573,838100,2,170318381002
15,Alley Resurfacing Menu (2025),W 44TH ST & S NORMAL AVE & S WALLACE ST & W 44TH PL,42870.95,0.02927,41.814457719128,-87.638383231889,610800,1,170316108001
15,Alley Resurfacing Menu (2025),W 45TH PL & S NORMAL AVE & S WALLACE ST & W 46TH ST,28487.94,0.01945,41.811762895347,-87.638318775053,610800,1,170316108001
15,Alley Resurfacing Menu (2025),W 47TH ST & S DAMEN AVE & S SEELEY AVE & W 48TH ST,42885.25,0.02928,41.867959822896,-87.676718936622,838200,2,170318382002
15,Alley Resurfacing Menu (2025),W 47TH ST & S HONORE ST & S WOLCOTT AVE & W 48TH ST,26371.25,0.018005,41.806715983807,-87.672199014422,611400,1,170316114001
15,Alley Resurfacing Menu (2025),W 50TH PL & S OAKLEY AVE & S WESTERN BLVD & W 51ST ST,29726.28,0.020295,41.800232686458,-87.68330406746,630600,2,170316306002
15,Alley Resurfacing Menu (2025),W 54TH ST & S MAPLEWOOD AVE & S ROCKWELL ST & W 55TH ST,47888.79,0.032696,41.795216012651,-87.68772598714,630500,2,170316305002
15,Alley Resurfacing Menu (2025),W 62ND ST & S WHIPPLE ST & S ALBANY AVE & W 63RD ST,40769.72,0.027835,41.780830990421,-87.699538016552,660301,1,170316603011
15,Alley Resurfacing Menu (2025),W 64TH ST & S ALBANY AVE & S TROY ST & W 65TH ST,35041.17,0.023924,41.77719001741,-87.700623975927,660600,5,170316606005
15,Alley Resurfacing Menu (2025),W 64TH ST & S CALIFORNIA AVE & S MOZART ST & W 65TH ST,36227.35,0.024734,41.777254180879,-87.693361727378,660600,3,170316606003
15,Alley Resurfacing Menu (2025),W 64TH ST & S MOZART ST & S FRANCISCO AVE & W 65TH ST,34979.37,0.023882,41.77542231594,-87.69574042768,660800,4,170316608004
15,Alley Resurfacing Menu (2025),W 66TH ST & S ALBANY AVE & S TROY ST & W MARQUETTE RD,27451.61,0.018742,41.77169899073,-87.701752012457,660800,5,170316608005
15,Alley Speed Hump Menu (2025),S SACRAMENTO AVE & W 66TH ST & W MARQUETTE RD & S WHIPPLE ST,0.0,0.0,41.771732979348,-87.699312962452,660800,5,170316608005
15,Alley Speed Hump Menu (2025),S WESTERN AVE & W 46TH PL & W 46TH ST & S ROCKWELL ST,5800.0,0.00396,41.809367012144,-87.684483028801,580800,1,170315808001
15,Alley Speed Hump Menu (2025),S WOLCOTT AVE & W 65TH ST & W 66TH ST & S HONORE ST,1450.0,0.00099,41.775730979524,-87.671372977864,671300,1,170316713001
15,Alley Speed Hump Menu (2025),W 55TH ST & S WASHTENAW AVE & S FAIRFIELD AVE & W 56TH ST,2175.0,0.001485,41.793764015564,-87.691342023989,630500,3,170316305003
15,Alley Speed Hump Menu (2025),W 56TH ST & S ARTESIAN AVE & S CAMPBELL AVE & W 57TH ST,2175.0,0.001485,41.824903228087,-87.687037828069,580100,2,170315801002
15,Alley Speed Hump Menu (2025),W 58TH ST & S CALIFORNIA AVE & S FAIRFIELD AVE & W 59TH ST,2900.0,0.00198,41.788250986388,-87.693669091767,630800,3,170316308003
15,Alley Speed Hump Replacement (2025),W 43RD ST & S ASHLAND AVE & S MARSHFIELD AVE & W 44TH ST,0.0,0.0,41.877160012665,-87.666771983573,838100,2,170318381002
15,Alley Speed Hump Replacement (2025),W 44TH ST & S NORMAL AVE & S WALLACE ST & W 44TH PL,0.0,0.0,41.814457719128,-87.638383231889,610800,1,170316108001
15,Alley Speed Hump Replacement (2025),W 45TH PL & S NORMAL AVE & S WALLACE ST & W 46TH ST,0.0,0.0,41.811762895347,-87.638318775053,610800,1,170316108001
15,Alley Speed Hump Replacement (2025),W 47TH ST & S DAMEN AVE & S SEELEY AVE & W 48TH ST,0.0,0.0,41.867959822896,-87.676718936622,838200,2,170318382002
15,Alley Speed Hump Replacement (2025),W 47TH ST & S HONORE ST & S WOLCOTT AVE & W 48TH ST,0.0,0.0,41.806715983807,-87.672199014422,611400,1,170316114001
15,Alley Speed Hump Replacement (2025),W 54TH ST & S MAPLEWOOD AVE & S ROCKWELL ST & W 55TH ST,0.0,0.0,41.795216012651,-87.68772598714,630500,2,170316305002
15,Alley Speed Hump Replacement (2025),W 62ND ST & S WHIPPLE ST & S ALBANY AVE & W 63RD ST,0.0,0.0,41.780830990421,-87.699538016552,660301,1,170316603011
15,Alley Speed Hump Replacement (2025),W 64TH ST & S CALIFORNIA AVE & S MOZART ST & W 65TH ST,0.0,0.0,41.777254180879,-87.693361727378,660600,3,170316606003
15,Alley Speed Hump Replacement (2025),W 66TH ST & S ALBANY AVE & S TROY ST & W MARQUETTE RD,0.0,0.0,41.77169899073,-87.701752012457,660800,5,170316608005
15,Bollard Menu (2025),2501 W 54TH ST,2833.58,0.001935,41.794369021335,-87.686776149872,630500,2,170316305002
15,Bollard Menu (2025),4501 S WALLACE ST,1455.73,0.000994,41.812472884456,-87.640505697411,610800,1,170316108001
15,Sidewalk Menu (2025),2834 W 57TH ST,33102.09,0.0226,41.790241562664,-87.695096781335,630800,2,170316308002
15,Sidewalk Menu (2025),5640 S SEELEY AVE,3393.26,0.002317,41.790894261464,-87.675690580008,670500,1,170316705001
15,Sidewalk Menu (2025),5654 S WASHTENAW AVE,11379.86,0.00777,41.790336571536,-87.691572358688,835100,4,170318351004
15,Sidewalk Menu (2025),5658 S CAMPBELL AVE,14946.01,0.010204,41.790314694769,-87.686695515964,835100,1,170318351001
15,Sidewalk Menu (2025),5700 S MOZART ST,18393.3,0.012558,41.789900544933,-87.695217732198,630800,3,170316308003
15,Sidewalk Menu (2025),5920 S HERMITAGE AVE,4818.26,0.00329,41.786050108162,-87.66827242806,670700,1,170316707001
15,Sidewalk Menu (2025),6345 S HERMITAGE AVE,4617.29,0.003152,41.778097693705,-87.667589135313,671200,1,170316712001
15,Sidewalk Menu (2025),6427 S SACRAMENTO AVE,8939.13,0.006103,41.776384181239,-87.697927014762,660600,4,170316606004
15,Street Bump Outs Menu (2025),W 49TH ST & S HALSTED ST,26831.75,0.018319,41.805247013366,-87.645421013071,843800,1,170318438001
15,Street Light Residential Staggered Piggy Back Menu (2025),6500-6700 S Mozart St,370000.0,0.252615,41.775332797214,-87.694808527685,660800,4,170316608004
15,Street Light Upgrade Menu (2025),5023 S HOYNE AVE,500.0,0.000341,41.80232759649,-87.676685847191,611500,2,170316115002
15,Street Light Upgrade Menu (2025),5702 S DAMEN AVE,500.0,0.000341,41.790085240169,-87.674451231805,670500,1,170316705001
15,Street Light Upgrade Menu (2025),5816 S HONORE ST,500.0,0.000341,41.788019394403,-87.670849276553,670400,1,170316704001
15,Street Light Upgrade Menu (2025),W 51ST ST & S CENTRAL PARK AVE & S WESTERN AVE & W 73RD ST,178555.35,0.121908,41.761057997011,-87.683248961197,661000,3,170316610003
15,Street Resurfacing Menu (2025),5700-5900 S Francisco Ave,118325.11,0.080786,41.786202419516,-87.696106396561,660302,1,170316603021
15,Street Resurfacing Menu (2025),2600-2700 W 56th St,74756.14,0.051039,41.791971851795,-87.69137836984,835100,4,170318351004
15,Street Resurfacing Menu (2025),2700-2730 W 57th St,26940.08,0.018393,41.790141758038,-87.692714222655,835100,4,170318351004
15,Street Resurfacing Menu (2025),3000-3030 W 64th St,23957.35,0.016357,41.777257582803,-87.699514786356,660600,5,170316606005
15,Street Speed Hump Menu (2025),5400-5500 S Artesian Ave,2440.0,0.001666,41.795066228041,-87.686122277605,630500,2,170316305002
15,Street Speed Hump Menu (2025),5500-5700 S Fairfield Ave,4880.0,0.003332,41.789948237962,-87.692751441008,835100,4,170318351004
15,Street Speed Hump Menu (2025),5800-5900 S Fairfield Ave,4880.0,0.003332,41.786284508084,-87.692641973352,835000,3,170318350003
15,Street Speed Hump Menu (2025),6400-6500 S Hermitage Ave,962.19,0.000657,41.775626834377,-87.668134461934,671200,1,170316712001
15,Street Speed Hump Menu (2025),5000-5100 S Maplewood Ave,4880.0,0.003332,41.800708522914,-87.68797880709,630500,1,170316305001
15,Street Speed Hump Menu (2025),6100-6200 S Richmond St,4880.0,0.003332,41.780761336806,-87.697374563523,660301,1,170316603011
15,Street Speed Hump Menu (2025),5500-5600 S Talman Ave,4880.0,0.003332,41.793729503557,-87.69020824072,835100,2,170318351002
15,Street Speed Hump Menu (2025),6000-6100 S Whipple St,162.32,0.000111,41.782545508716,-87.699859881634,660302,4,170316603024
15,Street Speed Hump Replacement (2025),5700-5900 S Francisco Ave,0.0,0.0,41.786202419516,-87.696106396561,660302,1,170316603021
15,Street Speed Hump Replacement (2025),2600-2700 W 56th St,0.0,0.0,41.791971851795,-87.69137836984,835100,4,170318351004
15,,1841 W 47TH ST,26371.25,0.018005,41.80835883683,-87.671488648128,611400,1,170316114001
15,,1841 W 47TH ST,0.0,0.0,41.80835883683,-87.671488648128,611400,1,170316114001
15,,5715 S DAMEN AVE,500.0,0.000341,41.789828292928,-87.673963153583,670400,1,170316704001
15,,5740 S DAMEN AVE,500.0,0.000341,41.789323873744,-87.674257673599,670500,1,170316705001
15,,6000 S WHIPPLE ST,162.32,0.000111,41.784356251259,-87.699870107556,660302,3,170316603023
16,Alley Resurfacing Menu (2025),5414 S HONORE ST,26774.12,0.020777,41.795305908562,-87.670977268215,611700,1,170316117001
16,Alley Resurfacing Menu (2025),S HALSTED ST & W 59TH ST & W 60TH ST & S GREEN ST,54598.85,0.042369,41.787053212424,-87.645003091379,834700,1,170318347001
16,Alley Resurfacing Menu (2025),S HOYNE AVE & W 66TH ST & W MARQUETTE RD & S SEELEY AVE,38052.8,0.029529,41.772079990139,-87.674930006114,671400,2,170316714002
16,Alley Resurfacing Menu (2025),S ROCKWELL ST & W 60TH ST & W 61ST ST & S TALMAN AVE,57665.67,0.044749,41.784670991723,-87.688682027016,835000,5,170318350005
16,Alley Resurfacing Menu (2025),S WOLCOTT AVE & W 52ND ST & W 53RD ST & S WINCHESTER AVE,32754.53,0.025418,41.799461991433,-87.672040009718,611700,3,170316117003
16,Alley Resurfacing Menu (2025),W 51ST ST & S WINCHESTER AVE & S DAMEN AVE & W 52ND ST,20144.81,0.015632,41.801281995979,-87.673279022646,611400,2,170316114002
16,Alley Resurfacing Menu (2025),W 51ST ST & S WOLCOTT AVE & S WINCHESTER AVE & W 52ND ST,39954.35,0.031005,41.87310560228,-87.674725822953,838200,2,170318382002
16,Alley Resurfacing Menu (2025),W 56TH ST & S ADA ST & S LOOMIS BLVD & W 57TH ST,47615.34,0.03695,41.790488996445,-87.659631021162,670100,2,170316701002
16,Alley Resurfacing Menu (2025),W 61ST ST & S LOOMIS BLVD & S ADA ST & W 62ND ST,35980.15,0.027921,41.783182994362,-87.659457012852,670800,1,170316708001
16,Alley Resurfacing Menu (2025),W 63RD ST & S CAMPBELL AVE & S ARTESIAN AVE & W 64TH ST,32305.31,0.025069,41.824903228087,-87.687037828069,580100,2,170315801002
16,Alley Resurfacing Menu (2025),W 63RD ST & S CLAREMONT AVE & S WESTERN AVE & W 64TH ST,38903.73,0.030189,41.779189981417,-87.68231898904,660700,1,170316607001
16,Alley Resurfacing Menu (2025),W 66TH ST & S ARTESIAN AVE & S CAMPBELL AVE & W MARQUETTE RD,34634.81,0.026877,41.824903228087,-87.687037828069,580100,2,170315801002
16,Alley Resurfacing Menu (2025),W 66TH ST & S WASHTENAW AVE & S TALMAN AVE & W MARQUETTE RD,35858.86,0.027826,41.779632189674,-87.690659611342,835000,4,170318350004
16,Alley Resurfacing Menu (2025),W 68TH ST & S CAMPBELL AVE & S MAPLEWOOD AVE & W LITHUANIAN PLAZA CT,32645.21,0.025333,41.768278000768,-87.687047974992,660900,1,170316609001
16,Alley Speed Hump Replacement (2025),S ROCKWELL ST & W 60TH ST & W 61ST ST & S TALMAN AVE,0.0,0.0,41.784670991723,-87.688682027016,835000,5,170318350005
16,Alley Speed Hump Replacement (2025),W 51ST ST & S WINCHESTER AVE & S DAMEN AVE & W 52ND ST,0.0,0.0,41.801281995979,-87.673279022646,611400,2,170316114002
16,Alley Speed Hump Replacement (2025),W 61ST ST & S LOOMIS BLVD & S ADA ST & W 62ND ST,0.0,0.0,41.783182994362,-87.659457012852,670800,1,170316708001
16,Alley Speed Hump Replacement (2025),W 66TH ST & S ARTESIAN AVE & S CAMPBELL AVE & W MARQUETTE RD,0.0,0.0,41.824903228087,-87.687037828069,580100,2,170315801002
16,Arterial Street Bump Outs Menu (2025),S RACINE AVE & W 69TH ST,83591.64,0.064867,41.768693994623,-87.654223017234,834900,2,170318349002
16,Miscellaneous CDOT Projects (2025),6241 S LOOMIS BLVD,369.82,0.000287,41.780076619135,-87.65911704286,670900,2,170316709002
16,Sidewalk Menu (2025),5200 S LAFLIN ST,16692.02,0.012953,41.79940159982,-87.662650434143,611900,1,170316119001
16,Sidewalk Menu (2025),5400 S WINCHESTER AVE,16776.13,0.013018,41.795681250186,-87.673393351805,611700,2,170316117002
16,Sidewalk Menu (2025),6001 S TALMAN AVE,18090.31,0.014038,41.784528289821,-87.689622308914,835000,5,170318350005
16,Sidewalk Menu (2025),6354 S TALMAN AVE,5350.26,0.004152,41.777476133675,-87.689986167331,660600,2,170316606002
16,Street Light Upgrade Menu (2025),2015-2017 W 51ST ST,500.0,0.000388,41.801031293255,-87.675313226727,611600,1,170316116001
16,Street Resurfacing Menu (2025),6100-6400 S Ada St,170207.02,0.132081,41.782772656191,-87.658362141558,670900,2,170316709002
16,Street Resurfacing Menu (2025),5400-5500 S Honore St,59518.03,0.046186,41.795762712409,-87.670810059938,611700,1,170316117001
16,Street Resurfacing Menu (2025),5100-5200 S Justine St,55489.46,0.04306,41.799394936207,-87.663774112083,611900,1,170316119001
16,Street Resurfacing Menu (2025),6300-6500 S Maplewood Ave,103968.6,0.08068,41.775458777219,-87.687468746532,660800,2,170316608002
16,Street Resurfacing Menu (2025),6000-6100 S Marshfield Ave,46841.52,0.036349,41.782933087918,-87.665866151296,670700,2,170316707002
16,Street Resurfacing Menu (2025),5500-5600 S Marshfield Ave,41621.98,0.032299,41.792067727909,-87.66609874911,670300,1,170316703001
16,Street Resurfacing Menu (2025),700-800 W 60th Pl,65555.04,0.050871,41.784295654122,-87.642562966056,834800,3,170318348003
16,Street Speed Hump Menu (2025),6600-6700 S Hoyne Ave,4880.0,0.003787,41.773735793202,-87.676431791706,671400,1,170316714001
16,Street Speed Hump Menu (2025),5100-5200 S Justine St,4880.0,0.003787,41.799394936207,-87.663774112083,611900,1,170316119001
16,Street Speed Hump Menu (2025),6700-6900 S May St,9760.0,0.007574,41.768663174492,-87.653071723126,681100,5,170316811005
16,Street Speed Hump Menu (2025),6500-6600 S Morgan St,4880.0,0.003787,41.774103339656,-87.649859146983,681000,3,170316810003
16,Street Speed Hump Menu (2025),2151-2000 W 53rd Pl,4880.0,0.003787,41.796359220425,-87.678599770963,611600,2,170316116002
16,Street Speed Hump Replacement (2025),6100-6400 S Ada St,0.0,0.0,41.782772656191,-87.658362141558,670900,2,170316709002
16,Street Speed Hump Replacement (2025),5400-5500 S Honore St,0.0,0.0,41.795762712409,-87.670810059938,611700,1,170316117001
16,Street Speed Hump Replacement (2025),6300-6500 S Maplewood Ave,0.0,0.0,41.775458777219,-87.687468746532,660800,2,170316608002
16,Street Speed Hump Replacement (2025),6000-6100 S Marshfield Ave,0.0,0.0,41.782933087918,-87.665866151296,670700,2,170316707002
16,Street Speed Hump Replacement (2025),700-800 W 60th Pl,0.0,0.0,41.784295654122,-87.642562966056,834800,3,170318348003
16,,W 54TH ST & S HONORE ST & S WOLCOTT AVE & W GARFIELD BLVD,26774.12,0.020777,41.793973018319,-87.671862983923,611700,1,170316117001
16,,1935-1953 W 51ST ST,20144.81,0.015632,41.801013942715,-87.674181166885,611700,3,170316117003
16,,1935-1953 W 51ST ST,0.0,0.0,41.801013942715,-87.674181166885,611700,3,170316117003
17,Alley Resurfacing Menu (2025),S WESTERN AVE & W 70TH ST & W 71ST ST & S ARTESIAN AVE,10062.37,0.006864,41.764681996668,-87.684466013538,660900,2,170316609002
17,Alley Resurfacing Menu (2025),W 70TH ST & S HOYNE AVE & S HAMILTON AVE & W 70TH PL,21860.94,0.014913,41.779770302484,-87.676355432568,670500,1,170316705001
17,Curb & Gutter Menu (2025),1818 W 78TH ST,31825.68,0.02171,41.752206791077,-87.669206926445,710400,3,170317104003
17,Curb & Gutter Menu (2025),1230-1400 W 84th St,8036.59,0.005482,41.741418044499,-87.658407642312,711100,3,170317111003
17,Miscellaneous CDOT Projects (2025),6944-6948 S BELL AVE,300.0,0.000205,41.766897459406,-87.679903911278,661000,1,170316610001
17,Miscellaneous CDOT Projects (2025),732 W 79TH ST,415.32,0.000283,41.750887898612,-87.642990764064,710100,1,170317101001
17,Sidewalk Menu (2025),2139-2141 W 72ND ST,9366.79,0.00639,41.76273923915,-87.677544573172,672000,4,170316720004
17,Sidewalk Menu (2025),450 W WINNECONNA PKWY,28138.19,0.019195,41.753055039678,-87.635993383655,691200,3,170316912003
17,Sidewalk Menu (2025),6904 S TALMAN AVE,16732.93,0.011415,41.767957099605,-87.689617195953,660900,3,170316609003
17,Sidewalk Menu (2025),6958 S FAIRFIELD AVE,24433.61,0.016668,41.766506569351,-87.692149033627,660900,3,170316609003
17,Sidewalk Menu (2025),7700 S ABERDEEN ST,160785.79,0.109682,41.754028052908,-87.651697382169,710200,4,170317102004
17,Sidewalk Menu (2025),8100 S MORGAN ST,583.53,0.000398,41.746788980321,-87.649074936122,710800,3,170317108003
17,Sidewalk Menu (2025),8156 S MAY ST,34079.6,0.023248,41.745215236091,-87.652686865839,710800,6,170317108006
17,Street Light Upgrade Menu (2025),2100 W 72ND ST,3700.0,0.002524,41.763171619625,-87.6760877984,672000,4,170316720004
17,Street Resurfacing Menu (2025),8600-8700 S Elizabeth St,53952.97,0.036805,41.737610167702,-87.65484143405,711100,2,170317111002
17,Street Resurfacing Menu (2025),7400-7600 S Emerald Ave,100254.73,0.06839,41.755964607818,-87.643217997459,710100,1,170317101001
17,Street Resurfacing Menu (2025),6800-6900 S Hermitage Ave,56068.48,0.038248,41.770198043329,-87.66795475393,671500,3,170316715003
17,Street Resurfacing Menu (2025),7200-7300 S Hermitage Ave,56417.02,0.038486,41.762937974074,-87.667669853041,672000,2,170316720002
17,Street Resurfacing Menu (2025),6900-7100 S Laflin St,113068.92,0.077131,41.764880168296,-87.662295749111,671900,1,170316719001
17,Street Resurfacing Menu (2025),7200-7300 S Paulina St,53489.03,0.036488,41.761128656455,-87.666402509281,672000,1,170316720001
17,Street Resurfacing Menu (2025),8100-8200 S Paulina St,53964.41,0.036812,41.744701215878,-87.666100006395,711200,1,170317112001
17,Street Resurfacing Menu (2025),7200-7300 S Spaulding Ave,53434.29,0.036451,41.762394156196,-87.705471230534,661100,4,170316611004
17,Street Resurfacing Menu (2025),7000-7100 S Throop St,60193.3,0.041062,41.766706435833,-87.657027685855,834900,1,170318349001
17,Street Resurfacing Menu (2025),6700-6800 S Throop St,67740.58,0.04621,41.770346696382,-87.657034726654,834900,2,170318349002
17,Street Resurfacing Menu (2025),7800-7900 S Union Ave,55683.03,0.037985,41.752356533777,-87.641935482454,710100,1,170317101001
17,Street Resurfacing Menu (2025),7600-7900 S Wallace St,126199.23,0.086088,41.751002470556,-87.639844329725,710100,1,170317101001
17,Street Resurfacing Menu (2025),1700-2000 W 72nd St,259429.3,0.176973,41.76303958351,-87.673727826802,672000,3,170316720003
17,Street Speed Hump Menu (2025),7800-7900 S Union Ave,4880.0,0.003329,41.752356533777,-87.641935482454,710100,1,170317101001
17,Street Speed Hump Replacement (2025),7000-7100 S Throop St,0.0,0.0,41.766706435833,-87.657027685855,834900,1,170318349001
17,Street Speed Hump Replacement (2025),6700-6800 S Throop St,0.0,0.0,41.770346696382,-87.657034726654,834900,2,170318349002
17,Street Speed Hump Replacement (2025),1700-2000 W 72nd St,0.0,0.0,41.76303958351,-87.673727826802,672000,3,170316720003
17,,8140 S RACINE AVE,415.32,0.000283,41.745630475574,-87.653889333668,710700,3,170317107003
17,,7751 S EMERALD AVE,415.32,0.000283,41.753002359417,-87.642519449649,710100,1,170317101001
18,Curb & Gutter Menu (2025),8055 S TALMAN AVE,7220.05,0.004814,41.746741538749,-87.68857867815,700501,1,170317005011
18,Miscellaneous CDOT Projects (2025),1701 W 87TH ST,660.0,0.00044,41.735509076033,-87.665775123828,711300,1,170317113001
18,Sidewalk Menu (2025),3642 W 80TH ST,4664.73,0.00311,41.748009594971,-87.713842572511,700401,2,170317004012
18,Sidewalk Menu (2025),3757 W 82ND PL,29993.96,0.019999,41.742978231862,-87.71660415815,700401,3,170317004013
18,Sidewalk Menu (2025),3828 W 77TH PL,11970.14,0.007981,41.752313995619,-87.719507733229,700200,3,170317002003
18,Sidewalk Menu (2025),3845 W 82ND ST,8239.66,0.005494,41.743858331695,-87.718679936472,700401,3,170317004013
18,Sidewalk Menu (2025),3939 W 85TH PL,6329.21,0.00422,41.737427861307,-87.720698969309,700402,1,170317004021
18,Sidewalk Menu (2025),8100-8200 S Christiana Ave,60180.8,0.040126,41.744118715517,-87.706171203268,700401,4,170317004014
18,Sidewalk Menu (2025),7600-7810 S Hamilton Ave,25525.37,0.017019,41.755495598426,-87.677178367822,710400,5,170317104005
18,Sidewalk Menu (2025),3600-3700 W 79th Pl,160940.8,0.107307,41.748941578785,-87.71479752274,700401,2,170317004012
18,Street Cul-de-Sac Menu (2025),S KILBOURN AVE & W 87TH ST,22476.12,0.014986,41.7347249909,-87.733579020823,700302,1,170317003021
18,Street Resurfacing Menu (2025),8425-8400 S Hamilton Ave,41683.49,0.027793,41.740268907389,-87.67630078256,711200,4,170317112004
18,Street Resurfacing Menu (2025),8500-8700 S Kildare Ave,110510.99,0.073683,41.738245348324,-87.729192351796,700302,2,170317003022
18,Street Resurfacing Menu (2025),8500-8600 S Kolmar Ave,53904.04,0.035941,41.736310176429,-87.735147274907,700302,1,170317003021
18,Street Resurfacing Menu (2025),8500-8600 S Kostner Ave,54189.68,0.036131,41.736389259685,-87.731492597485,700302,2,170317003022
18,Street Resurfacing Menu (2025),8800-8900 S Paulina St,71825.64,0.04789,41.731967260936,-87.665692142987,711300,2,170317113002
18,Street Resurfacing Menu (2025),8630-8700 S Springfield Ave,24278.21,0.016188,41.747214174419,-87.719465530092,700401,2,170317004012
18,Street Resurfacing Menu (2025),7900-8000 S Talman Ave,59369.98,0.039585,41.748035034047,-87.689217379172,700501,3,170317005013
18,Street Resurfacing Menu (2025),7200-7300 S Troy St,54223.02,0.036153,41.760625742264,-87.701789898659,661100,2,170316611002
18,Street Resurfacing Menu (2025),7800-7900 S Trumbull Ave,50619.78,0.033751,41.75140229601,-87.708805635436,700100,1,170317001001
18,Street Resurfacing Menu (2025),8200-8300 S Washtenaw Ave,57415.25,0.038282,41.744394019127,-87.690317420145,700501,6,170317005016
18,Street Resurfacing Menu (2025),7900-8000 S Whipple St,54344.43,0.036234,41.747902180882,-87.698963017994,700501,5,170317005015
18,Street Resurfacing Menu (2025),3750-3800 W 77th Pl,45256.4,0.030175,41.75232426345,-87.718477681148,700200,3,170317002003
18,Street Resurfacing Menu (2025),2300-2400 W 79th Pl,50846.68,0.033902,41.749296260885,-87.680537141644,700501,2,170317005012
18,Street Resurfacing Menu (2025),2300-2400 W 80th Pl,53870.7,0.035918,41.747654579462,-87.680584018901,700501,2,170317005012
18,Street Resurfacing Menu (2025),2216-2300 W 81st St,38431.59,0.025624,41.746733156846,-87.680575972274,700501,2,170317005012
18,Street Resurfacing Menu (2025),2900-2930 W 82nd St,29086.89,0.019394,41.744581019387,-87.695012962304,700501,4,170317005014
18,Street Resurfacing Menu (2025),2600-2700 W 83rd Pl,66373.4,0.044255,41.742018503948,-87.69000963666,700502,1,170317005021
18,Street Resurfacing Menu (2025),3030-3100 W 83rd Pl,19962.26,0.01331,41.741911928049,-87.699534244695,700502,2,170317005022
18,Street Resurfacing Menu (2025),3400-3500 W 84th Pl,53434.29,0.035627,41.73987407784,-87.709616081654,700402,3,170317004023
18,Street Resurfacing Menu (2025),2900-2960 W 86th Pl,59893.24,0.039934,41.736461134505,-87.69488253989,700502,2,170317005022
18,Street Resurfacing Menu (2025),2900-2960 W 86th St,57892.96,0.0386,41.737363907386,-87.694891508527,700502,2,170317005022
18,Street Speed Hump Menu (2025),7920-8040 S Keeler Ave,4880.0,0.003254,41.746303332851,-87.726639727003,700301,1,170317003011
18,Street Speed Hump Menu (2025),8400-8500 S Lawndale Ave,4880.0,0.003254,41.738586679502,-87.71433035167,700402,2,170317004022
18,Street Speed Hump Menu (2025),8530-8700 S Lawndale Ave,9760.0,0.006507,41.737671673392,-87.714305378569,700402,2,170317004022
18,Street Speed Hump Menu (2025),7200-7300 S Rockwell St,4880.0,0.003254,41.760809222125,-87.688329316531,661000,4,170316610004
18,Street Speed Hump Menu (2025),8100-8200 S Talman Ave,4880.0,0.003254,41.744409860924,-87.689121741657,700501,6,170317005016
18,Street Speed Hump Menu (2025),3900-4000 W 77th St,2440.0,0.001627,41.753013842624,-87.720563433934,700200,1,170317002001
18,Street Speed Hump Replacement (2025),2600-2700 W 83rd Pl,0.0,0.0,41.742018503948,-87.69000963666,700502,1,170317005021
18,,8642 S KILBOURN AVE,22476.12,0.014986,41.735236119356,-87.733885379384,700302,1,170317003021
19,Bollard Menu (2025),S MALTA ST & W 100TH PL,1923.73,0.00129,41.711425688915,-87.659024674287,720200,2,170317202002
19,Miscellaneous CDOT Projects (2025),9243 S BELL AVE,660.0,0.000443,41.725185672625,-87.678224932253,720100,1,170317201001
19,Street Bump Outs Menu (2025),S WALDEN PKWY & W 101ST ST,3452.27,0.002315,41.710228417865,-87.668579960088,720200,3,170317202003
19,Street Resurfacing Menu (2025),2500-2600 E 110th St,57246.91,0.038392,41.696482012838,-87.560223996434,838800,2,170318388002
19,Street Resurfacing Menu (2025),2300-2400 E 114th St,45366.75,0.030425,41.688334754437,-87.556445500649,838800,2,170318388002
19,Street Resurfacing Menu (2025),10500-10600 S Campbell Ave,56426.87,0.037842,41.700705234753,-87.684258645253,720500,2,170317205002
19,Street Resurfacing Menu (2025),11630-11700 S Central Park Ave,53439.73,0.035839,41.681166094809,-87.71024789399,740400,4,170317404004
19,Street Resurfacing Menu (2025),10000-10300 S Charles St,165328.03,0.110876,41.706705008383,-87.658702723478,720700,2,170317207002
19,Street Resurfacing Menu (2025),11300-11400 S Church St,52083.75,0.03493,41.687103291828,-87.668221046994,750500,3,170317505003
19,Street Resurfacing Menu (2025),8930-9000 S Claremont Ave,26863.94,0.018016,41.729933853135,-87.681404858679,720100,2,170317201002
19,Street Resurfacing Menu (2025),9435-9400 S Claremont Ave,34086.38,0.02286,41.722630114165,-87.681226827056,720100,1,170317201001
19,Street Resurfacing Menu (2025),10900-11000 S Drake Ave,63533.96,0.042609,41.693120366751,-87.709732254832,740300,3,170317403003
19,Street Resurfacing Menu (2025),10300-10400 S Hamilton Ave,44567.72,0.029889,41.70447642063,-87.675871964393,720600,1,170317206001
19,Street Resurfacing Menu (2025),11040-11100 S Hoyne Ave,19230.47,0.012897,41.691814668431,-87.674060999997,750500,1,170317505001
19,Street Resurfacing Menu (2025),10930-11040 S Hoyne Ave,33205.53,0.022269,41.694571777105,-87.674377051962,750200,4,170317502004
19,Street Resurfacing Menu (2025),11100-11200 S Maplewood Ave,69229.95,0.046429,41.689633117844,-87.685084933268,750400,1,170317504001
19,Street Resurfacing Menu (2025),10000-10100 S Oakley Ave,22137.06,0.014846,41.709838701277,-87.680610757172,720300,3,170317203003
19,Street Resurfacing Menu (2025),9700-9800 S Oakley Ave,56244.84,0.03772,41.715434292199,-87.679793437794,720300,4,170317203004
19,Street Resurfacing Menu (2025),9900-10000 S Prospect Ave,68574.82,0.045989,41.712001232296,-87.663098195411,720200,2,170317202002
19,Street Resurfacing Menu (2025),10400-10500 S Springfield Ave,87370.23,0.058594,41.702054427798,-87.718514812979,740200,2,170317402002
19,Street Resurfacing Menu (2025),10600-10700 S Springfield Ave,62463.02,0.04189,41.700284253666,-87.718597039449,740200,2,170317402002
19,Street Resurfacing Menu (2025),11000-11100 S St Louis Ave,64128.83,0.043008,41.693072003169,-87.708514196662,740300,3,170317403003
19,Street Resurfacing Menu (2025),11000-11200 S Washtenaw Ave,112657.96,0.075553,41.689769156133,-87.6887647564,750400,1,170317504001
19,Street Resurfacing Menu (2025),9100-9100 S Winchester Ave,54282.59,0.036404,41.72823584719,-87.671768268417,720100,2,170317201002
19,Street Resurfacing Menu (2025),1600-1799 W 104th Pl,117338.05,0.078692,41.703858296529,-87.666962509792,720700,3,170317207003
19,Street Resurfacing Menu (2025),3930-4000 W 106th St,49204.52,0.032999,41.700469037999,-87.719555358282,740200,2,170317402002
19,Street Resurfacing Menu (2025),2230-2300 W 115th St,65179.63,0.043712,41.684517666906,-87.679312555855,750500,1,170317505001
19,Street Speed Hump Menu (2025),3300-3400 W 110th St,4880.0,0.003273,41.693590214333,-87.703578512978,740300,2,170317403002
19,Street Speed Hump Replacement (2025),2300-2400 E 114th St,0.0,0.0,41.688334754437,-87.556445500649,838800,2,170318388002
19,Street Speed Hump Replacement (2025),10000-10300 S Charles St,0.0,0.0,41.706705008383,-87.658702723478,720700,2,170317207002
19,Street Speed Hump Replacement (2025),11100-11200 S Maplewood Ave,0.0,0.0,41.689633117844,-87.685084933268,750400,1,170317504001
19,Street Speed Hump Replacement (2025),2230-2300 W 115th St,0.0,0.0,41.684517666906,-87.679312555855,750500,1,170317505001
20,Miscellaneous CDOT Projects (2025),717 E 61ST ST,660.0,0.000478,41.783877183583,-87.607484854575,420500,2,170314205002
20,Pavement Markings Menu (2025),S DR MARTIN LUTHER KING JR DR & E GARFIELD BLVD,750.0,0.000543,41.794823991039,-87.615973040283,400300,1,170314003001
20,Pavement Markings Menu (2025),S STATE ST & E 63RD ST,5000.0,0.003618,41.780065303566,-87.6253434213,400800,2,170314008002
20,Sidewalk Menu (2025),4747 S PAULINA ST,1667.62,0.001207,41.807192872189,-87.667101308548,611300,1,170316113001
20,Street Bump Outs Menu (2025),S ELLIS AVE & E 61ST ST,21654.12,0.015669,41.784113008428,-87.601141011157,420300,1,170314203001
20,Street Bump Outs Menu (2025),W 51ST PL & S MORGAN ST,14371.36,0.010399,41.800595979113,-87.650166008459,612100,1,170316121001
20,Street Light Upgrade Menu (2025),1001 W 47TH PL,500.0,0.000362,41.807672610417,-87.650537075312,842600,2,170318426002
20,Street Resurfacing Menu (2025),5100-5300 S Aberdeen St,158114.8,0.114414,41.797710299398,-87.652890797543,612000,2,170316120002
20,Street Resurfacing Menu (2025),5100-5300 S Carpenter St,150426.36,0.108851,41.801283378993,-87.65153628199,612000,1,170316120001
20,Street Resurfacing Menu (2025),6300-6500 S Champlain Ave,147086.12,0.106434,41.776593016357,-87.609782082778,420700,3,170314207003
20,Street Resurfacing Menu (2025),6100-6200 S Dorchester Ave,8199.86,0.005934,41.784075331774,-87.591908847723,420200,1,170314202001
20,Street Resurfacing Menu (2025),6300-6400 S Evans Ave,54714.17,0.039592,41.778412098893,-87.607483262013,420700,1,170314207001
20,Street Resurfacing Menu (2025),6300-6400 S Langley Ave,54013.52,0.039085,41.778423163005,-87.608595456746,420700,1,170314207001
20,Street Resurfacing Menu (2025),4800-4900 S Paulina St,7585.44,0.005489,41.806498305782,-87.667832545781,611300,3,170316113003
20,Street Resurfacing Menu (2025),6300-6400 S Rhodes Ave,64891.53,0.046957,41.778364657321,-87.612247535778,420700,4,170314207004
20,Street Resurfacing Menu (2025),6300-6400 S St Lawrence Ave,64244.84,0.046489,41.778389383936,-87.611080607218,420700,4,170314207004
20,Street Resurfacing Menu (2025),6300-6500 S Vernon Ave,187010.16,0.135323,41.776486189001,-87.614609723731,420700,5,170314207005
20,Street Resurfacing Menu (2025),5900-6000 S Wabash Ave,83348.69,0.060312,41.785392883134,-87.624210020352,400800,2,170314008002
20,Street Resurfacing Menu (2025),700-800 W 50th Pl,54890.33,0.039719,41.8025779462,-87.645807815584,612200,3,170316122003
20,Street Resurfacing Menu (2025),800-1000 W 51st Pl,133369.43,0.096508,41.801734995936,-87.650414699526,612200,3,170316122003
20,Street Resurfacing Menu (2025),400-500 W 61st Pl,58012.28,0.041979,41.783758747291,-87.637788871135,834600,1,170318346001
20,Street Resurfacing Menu (2025),400-600 W 62nd St,105558.75,0.076384,41.7818716037,-87.642143269834,834800,2,170318348002
20,Street Speed Hump Menu (2025),6130-6200 S Ellis Ave,4880.0,0.003531,41.783177168939,-87.601460277849,420400,1,170314204001
20,Street Speed Hump Replacement (2025),5100-5300 S Aberdeen St,0.0,0.0,41.797710299398,-87.652890797543,612000,2,170316120002
20,Street Speed Hump Replacement (2025),5100-5300 S Carpenter St,0.0,0.0,41.801283378993,-87.65153628199,612000,1,170316120001
20,Street Speed Hump Replacement (2025),6100-6200 S Dorchester Ave,0.0,0.0,41.784075331774,-87.591908847723,420200,1,170314202001
20,Street Speed Hump Replacement (2025),4800-4900 S Paulina St,0.0,0.0,41.806498305782,-87.667832545781,611300,3,170316113003
20,Street Speed Hump Replacement (2025),6300-6400 S Rhodes Ave,0.0,0.0,41.778364657321,-87.612247535778,420700,4,170314207004
20,Street Speed Hump Replacement (2025),6300-6400 S St Lawrence Ave,0.0,0.0,41.778389383936,-87.611080607218,420700,4,170314207004
20,Street Speed Hump Replacement (2025),6300-6500 S Vernon Ave,0.0,0.0,41.776486189001,-87.614609723731,420700,5,170314207005
20,Street Speed Hump Replacement (2025),600-699 W 62nd St,0.0,0.0,41.7818716037,-87.642143269834,834800,2,170318348002
20,,1007 W 47TH PL,500.0,0.000362,41.807681285687,-87.650723488839,842600,2,170318426002
20,,1011 W 47TH PL,500.0,0.000362,41.807708023958,-87.650898838253,842600,2,170318426002
21,Pavement Markings Menu (2025),8860-9100 S Ashland Ave,3750.0,0.002581,41.728320462503,-87.663229707472,730300,1,170317303001
21,Pavement Markings Menu (2025),800-1400 W 95th St,11000.0,0.007571,41.721563977991,-87.658144658272,730201,5,170317302015
21,Pavement Markings Menu (2025),W 103RD ST & S MORGAN ST,1955.33,0.001346,41.706868992982,-87.647698962897,730700,2,170317307002
21,Pavement Markings Menu (2025),W 85TH ST & S LAFAYETTE AVE,3910.66,0.002692,41.73997101455,-87.625522039656,842400,1,170318424001
21,Pavement Markings Menu (2025),W 88TH ST & S VINCENNES AVE,1955.33,0.001346,41.734229997608,-87.645871959462,711400,2,170317114002
21,Sidewalk Menu (2025),830-900 W 103rd St,15751.53,0.010842,41.707179332947,-87.645667105748,730600,3,170317306003
21,Street Light Upgrade Menu (2025),12245 S BISHOP ST,500.0,0.000344,41.670836490426,-87.657226839875,530400,2,170315304002
21,Street Light Upgrade Menu (2025),9029 S BISHOP ST,500.0,0.000344,41.729529803493,-87.658967090612,730201,3,170317302013
21,Street Light Upgrade Menu (2025),9637 S BISHOP ST,500.0,0.000344,41.718522981609,-87.658337190588,730400,2,170317304002
21,Street Resurfacing Menu (2025),11255-11240 S Ada St,17916.98,0.012332,41.689147679763,-87.655734978058,750600,3,170317506003
21,Street Resurfacing Menu (2025),8700-8900 S Carpenter St,98442.75,0.067757,41.732554623897,-87.649682020345,711400,2,170317114002
21,Street Resurfacing Menu (2025),9700-9832 S Carpenter St,93192.11,0.064143,41.715520658042,-87.649334212401,730400,3,170317304003
21,Street Resurfacing Menu (2025),11500-11600 S Justine St,58335.69,0.040152,41.682903245875,-87.660634334972,530300,4,170315303004
21,Street Resurfacing Menu (2025),11430-11500 S Laflin St,25526.85,0.01757,41.685796075527,-87.660107337543,750600,4,170317506004
21,Street Resurfacing Menu (2025),11500-11600 S Laflin St,57873.9,0.039834,41.682918626667,-87.659452821901,530300,4,170315303004
21,Street Resurfacing Menu (2025),11200-11240 S Loomis St,34676.52,0.023867,41.689468868277,-87.656974067675,750600,4,170317506004
21,Street Resurfacing Menu (2025),8858-9300 S Loomis St,281917.61,0.194041,41.724795075937,-87.658189417635,730201,5,170317302015
21,Street Resurfacing Menu (2025),10300-10330 S Morgan St,48417.51,0.033325,41.706005055217,-87.647735903404,730700,2,170317307002
21,Street Resurfacing Menu (2025),10500-10600 S Morgan St,59547.32,0.040986,41.703173027756,-87.647642862946,730700,2,170317307002
21,Street Resurfacing Menu (2025),8700-8900 S Morgan St,111362.86,0.07665,41.736096918974,-87.648571251004,711000,3,170317110003
21,Street Resurfacing Menu (2025),9800-9832 S Morgan St,23575.68,0.016227,41.715653017962,-87.648233979777,730400,3,170317304003
21,Street Resurfacing Menu (2025),10000-10100 S Peoria St,58813.4,0.040481,41.710374556347,-87.64566693811,730600,3,170317306003
21,Street Resurfacing Menu (2025),8700-8800 S Peoria St,47601.21,0.032763,41.73450810415,-87.645844808357,711400,2,170317114002
21,Street Resurfacing Menu (2025),11700-11800 S Racine Ave,58747.54,0.040435,41.67877784077,-87.651876251982,530300,3,170315303003
21,Street Resurfacing Menu (2025),9000-9100 S Throop St,69669.76,0.047953,41.72841417218,-87.655808538038,730201,3,170317302013
21,Street Resurfacing Menu (2025),930-1100 W 108th St,122031.81,0.083993,41.697750628467,-87.652349572737,750100,4,170317501004
21,Street Resurfacing Menu (2025),1000-1100 W 113th Pl,49345.22,0.033964,41.68766849191,-87.649603521111,750600,3,170317506003
21,Street Resurfacing Menu (2025),1565-1500 W 114th Pl,35428.99,0.024385,41.685470287542,-87.66125090777,750600,4,170317506004
21,Street Resurfacing Menu (2025),1200-1300 W 98th St,58190.12,0.040052,41.716149394268,-87.655445853088,730400,4,170317304004
21,Street Speed Hump Menu (2025),1400-1450 W 112th Pl,2440.0,0.001679,41.689565266338,-87.658982261857,750600,4,170317506004
21,Street Speed Hump Replacement (2025),11500-11600 S Justine St,0.0,0.0,41.682903245875,-87.660634334972,530300,4,170315303004
21,Street Speed Hump Replacement (2025),11500-11600 S Laflin St,0.0,0.0,41.682918626667,-87.659452821901,530300,4,170315303004
21,Street Speed Hump Replacement (2025),11200-11240 S Loomis St,0.0,0.0,41.689468868277,-87.656974067675,750600,4,170317506004
21,Street Speed Hump Replacement (2025),8858-9300 S Loomis St,0.0,0.0,41.724795075937,-87.658189417635,730201,5,170317302015
21,Street Speed Hump Replacement (2025),10500-10600 S Morgan St,0.0,0.0,41.703173027756,-87.647642862946,730700,2,170317307002
21,Street Speed Hump Replacement (2025),8700-8900 S Morgan St,0.0,0.0,41.736096918974,-87.648571251004,711000,3,170317110003
21,Street Speed Hump Replacement (2025),10000-10100 S Peoria St,0.0,0.0,41.710374556347,-87.64566693811,730600,3,170317306003
21,Street Speed Hump Replacement (2025),11700-11800 S Racine Ave,0.0,0.0,41.67877784077,-87.651876251982,530300,3,170315303003
21,Street Speed Hump Replacement (2025),9000-9100 S Throop St,0.0,0.0,41.72841417218,-87.655808538038,730201,3,170317302013
21,Street Speed Hump Replacement (2025),930-1100 W 108th St,0.0,0.0,41.697750628467,-87.652349572737,750100,4,170317501004
22,Alley Apron Menu (2025),2501 S SPRINGFIELD AVE,20000.0,0.016771,41.845956324528,-87.721808146556,300500,2,170313005002
22,Alley Resurfacing Menu (2025),4123-4157 W CERMAK RD,24215.37,0.020306,41.85117183805,-87.729434504979,843400,1,170318434001
22,Alley Resurfacing Menu (2025),W 24TH PL & S KEELER AVE & S KEDVALE AVE & W 25TH ST,22291.23,0.018692,41.84372099668,-87.729408604898,301802,3,170313018023
22,Alley Resurfacing Menu (2025),W 24TH ST & S AVERS AVE & S SPRINGFIELD AVE & W 25TH ST,40814.91,0.034225,41.849672441301,-87.721356822979,300500,1,170313005001
22,Alley Resurfacing Menu (2025),W 24TH ST & S KARLOV AVE & S KEDVALE AVE & W 24TH PL,21411.72,0.017955,41.843746016661,-87.726964693389,301802,3,170313018023
22,Alley Resurfacing Menu (2025),W 27TH ST & S KOLIN AVE & S KOSTNER AVE & W 28TH ST,31271.31,0.026222,41.840441996157,-87.734161982189,301801,2,170313018012
22,Alley Resurfacing Menu (2025),W 27TH ST & S TRUMBULL AVE & S ST LOUIS AVE & W 28TH ST,21365.37,0.017916,41.842614501641,-87.711072185874,301600,1,170313016001
22,Alley Resurfacing Menu (2025),W 30TH ST & S KILDARE AVE & S TRIPP AVE & W 31ST ST,27142.6,0.02276,41.838662979118,-87.73166702489,301801,1,170313018011
22,Alley Resurfacing Menu (2025),W 43RD ST & S KEATING AVE & S CICERO AVE & W 44TH ST,34760.74,0.029148,41.81495958558,-87.742120683073,560100,1,170315601001
22,Alley Speed Hump Menu (2025),S LAWNDALE AVE & W 27TH ST & W 26TH ST & S RIDGEWAY AVE,2900.0,0.002432,41.842524018997,-87.717176977413,301701,1,170313017011
22,Alley Speed Hump Menu (2025),W 27TH ST & S KOLIN AVE & S KOSTNER AVE & W 28TH ST,1450.0,0.001216,41.840441996157,-87.734161982189,301801,2,170313018012
22,Alley Speed Hump Replacement (2025),4123-4157 W CERMAK RD,0.0,0.0,41.85117183805,-87.729434504979,843400,1,170318434001
22,Alley Speed Hump Replacement (2025),W 24TH PL & S KEELER AVE & S KEDVALE AVE & W 25TH ST,0.0,0.0,41.84372099668,-87.729408604898,301802,3,170313018023
22,Alley Speed Hump Replacement (2025),W 24TH ST & S AVERS AVE & S SPRINGFIELD AVE & W 25TH ST,0.0,0.0,41.849672441301,-87.721356822979,300500,1,170313005001
22,Alley Speed Hump Replacement (2025),W 24TH ST & S KARLOV AVE & S KEDVALE AVE & W 24TH PL,0.0,0.0,41.843746016661,-87.726964693389,301802,3,170313018023
22,Alley Speed Hump Replacement (2025),W 27TH ST & S TRUMBULL AVE & S ST LOUIS AVE & W 28TH ST,0.0,0.0,41.842614501641,-87.711072185874,301600,1,170313016001
22,Alley Speed Hump Replacement (2025),W 30TH ST & S KILDARE AVE & S TRIPP AVE & W 31ST ST,0.0,0.0,41.838662979118,-87.73166702489,301801,1,170313018011
22,Alley Speed Hump Replacement (2025),W 43RD ST & S KEATING AVE & S CICERO AVE & W 44TH ST,0.0,0.0,41.81495958558,-87.742120683073,560100,1,170315601001
22,Arterial Street Bump Outs Menu (2025),S PULASKI RD & W 32ND ST,74314.4,0.062316,41.835072004159,-87.724306037521,830500,2,170318305002
22,Arterial Street Bump Outs Menu (2025),W CERMAK RD & S KENNETH AVE,13829.8,0.011597,41.851304984582,-87.735625965398,843400,1,170318434001
22,Curb & Gutter Menu (2025),2300-2306 S TRUMBULL AVE,6467.15,0.005423,41.849607708427,-87.711328066906,300700,1,170313007001
22,Curb & Gutter Menu (2025),3100-3200 S Lawndale Ave,17814.65,0.014938,41.835050965582,-87.717332042622,830500,3,170318305003
22,Miscellaneous CDOT Projects (2025),1958 W NEWPORT AVE,600.0,0.000503,41.944188478664,-87.677967212208,050700,1,170310507001
22,Miscellaneous CDOT Projects (2025),3112 S KOSTNER AVE,600.0,0.000503,41.834875519715,-87.734041644562,830500,1,170318305001
22,Miscellaneous CDOT Projects (2025),4000-4400 W Cermak Rd,22800.0,0.019119,41.851893478004,-87.734778974082,292500,3,170312925003
22,Pavement Markings Menu (2025),W 26TH ST & S KOMENSKY AVE,3100.0,0.002599,41.844237992467,-87.725756022951,301802,1,170313018021
22,Pavement Markings Menu (2025),W OGDEN AVE & S KOSTNER AVE,12000.0,0.010062,41.847681990754,-87.734381001319,843400,1,170318434001
22,Pedestrian Refuge Island Menu (2025),3350 S KEDZIE AVE,185.29,0.000155,41.832438116815,-87.705104103175,830500,3,170318305003
22,Sidewalk Menu (2025),3010 S KOLIN AVE,478.99,0.000402,41.838227078243,-87.733129080261,301801,2,170313018012
22,Sidewalk Menu (2025),3138-3140 S RIDGEWAY AVE,11275.15,0.009455,41.83575756002,-87.718707596752,830500,2,170318305002
22,Sidewalk Menu (2025),4317-4319 S KEATING AVE,7565.92,0.006344,41.814390160988,-87.741848522677,560100,1,170315601001
22,Sidewalk Menu (2025),4538 S KEATING AVE,10188.93,0.008544,41.810140242712,-87.742254458248,560100,1,170315601001
22,Sidewalk Menu (2025),4541 S LAVERGNE AVE,7207.65,0.006044,41.810017657378,-87.747849797713,560200,2,170315602002
22,Sidewalk Menu (2025),4614 S LECLAIRE AVE,6847.81,0.005742,41.808851189822,-87.75080114964,560200,2,170315602002
22,Sidewalk Menu (2025),4626-4634 S KEATING AVE,19373.06,0.016245,41.808384655306,-87.742011583829,560100,1,170315601001
22,Sidewalk Menu (2025),4727 S LAPORTE AVE,9407.01,0.007888,41.806738782584,-87.746541885541,560300,1,170315603001
22,Sidewalk Menu (2025),4824 S LA CROSSE AVE,6037.66,0.005063,41.804999495766,-87.744589740292,560300,1,170315603001
22,Sidewalk Menu (2025),4937 S LAMON AVE,923.99,0.000775,41.802839018313,-87.745213521526,560300,2,170315603002
22,Speed Indicator Signs (2025),2521-2525 S KOSTNER AVE,14150.35,0.011866,41.845202755581,-87.734223857778,301801,2,170313018012
22,Speed Indicator Signs (2025),2641 S LAWNDALE AVE,16310.35,0.013677,41.843174664231,-87.716983858364,301701,1,170313017011
22,Speed Indicator Signs (2025),2707 S KOSTNER AVE,15150.35,0.012704,41.841960126461,-87.733952518429,301801,2,170313018012
22,Speed Indicator Signs (2025),3018 S LAWNDALE AVE,16310.35,0.013677,41.837763201793,-87.717119689489,301702,3,170313017023
22,Speed Indicator Signs (2025),3223 S PULASKI RD,15230.35,0.012771,41.83428850576,-87.72404033119,830500,3,170318305003
22,Street Bump Outs Menu (2025),W 46TH ST & S KNOX AVE,10901.89,0.009142,41.809495590538,-87.739497566474,560100,1,170315601001
22,Street Bump Outs Menu (2025),W CERMAK RD & S KEELER AVE,24000.0,0.020125,41.851578988997,-87.729600969576,843400,1,170318434001
22,Street Light Pole for High Definition Camera Menu (2025),2641 S LAWNDALE AVE,3000.0,0.002516,41.843174664231,-87.716983858364,301701,1,170313017011
22,Street Light Pole for High Definition Camera Menu (2025),3018 S LAWNDALE AVE,3000.0,0.002516,41.837763201793,-87.717119689489,301702,3,170313017023
22,Street Light Pole for High Definition Camera Menu (2025),3223 S PULASKI RD,3000.0,0.002516,41.83428850576,-87.72404033119,830500,3,170318305003
22,Street Resurfacing Menu (2025),4299-4500 S Keating Ave,122221.13,0.102487,41.811156632291,-87.742306509867,560100,1,170315601001
22,Street Resurfacing Menu (2025),3100-3200 S Keeler Ave,59522.25,0.049912,41.834985502919,-87.730743590617,830500,1,170318305001
22,Street Resurfacing Menu (2025),4600-4700 S Lawler Ave,58079.41,0.048702,41.809219029643,-87.749588707345,560200,2,170315602002
22,Street Resurfacing Menu (2025),2500-2600 S Ridgeway Ave,62169.85,0.052132,41.846067761931,-87.718784626442,300600,2,170313006002
22,Street Resurfacing Menu (2025),3330-3400 W 28th St,42091.67,0.035296,41.840858791683,-87.709865823356,301600,1,170313016001
22,Street Resurfacing Menu (2025),S HAMLIN AVE & W 27TH ST,37329.73,0.031302,41.842487012894,-87.719635976348,301701,1,170313017011
22,Street Resurfacing Menu (2025),S SPRINGFIELD AVE & W 27TH ST,21397.97,0.017943,41.84245101262,-87.722049964462,301701,3,170313017013
22,Street Speed Hump Menu (2025),3330-3400 W 28th St,2440.0,0.002046,41.840858791683,-87.709865823356,301600,1,170313016001
22,Street Speed Hump Menu (2025),4630-4700 W 46th St,2440.0,0.002046,41.809373890124,-87.752578226486,560200,2,170315602002
22,Street Speed Hump Replacement (2025),3121 S KEELER AVE,0.0,0.0,41.836191574967,-87.728933350988,830500,1,170318305001
22,Street Speed Hump Replacement (2025),4600-4700 S Lawler Ave,0.0,0.0,41.809219029643,-87.749588707345,560200,2,170315602002
22,Street Speed Hump Replacement (2025),2500-2600 S Ridgeway Ave,0.0,0.0,41.846067761931,-87.718784626442,300600,2,170313006002
22,Street Traffic Circle Menu (2025),W 46TH ST & S KILPATRICK AVE,25004.93,0.020968,41.809484694064,-87.740772118671,560100,1,170315601001
22,,S KEDVALE AVE & W CERMAK RD & W OGDEN AVE & S KEELER AVE,24215.37,0.020306,41.85142899484,-87.72792903135,843400,1,170318434001
22,,2700-2758 S TRUMBULL AVE,21365.37,0.017916,41.842477415615,-87.711353398725,301600,1,170313016001
22,,S KEDVALE AVE & W CERMAK RD & W OGDEN AVE & S KEELER AVE,0.0,0.0,41.85142899484,-87.72792903135,843400,1,170318434001
22,,2700-2758 S TRUMBULL AVE,0.0,0.0,41.842477415615,-87.711353398725,301600,1,170313016001
22,,4322 S KEATING AVE,7565.92,0.006344,41.814233377489,-87.742387814327,560100,1,170315601001
22,,4536-4542 S LAVERGNE AVE,7207.65,0.006044,41.809930737042,-87.74839537579,560200,2,170315602002
22,,4509 S LAVERGNE AVE,7207.65,0.006044,41.810841808007,-87.74787594925,560200,2,170315602002
22,,4601-4603 S KEATING AVE,19373.06,0.016245,41.809251425699,-87.741674598186,560100,1,170315601001
22,,4600-4604 S KEATING AVE,19373.06,0.016245,41.80923055476,-87.74226552236,560100,1,170315601001
22,,2636 S LAWNDALE AVE,16310.35,0.013677,41.843469914559,-87.717283534909,301701,1,170313017011
22,,3023 S LAWNDALE AVE,16310.35,0.013677,41.838084208704,-87.71682577567,301702,3,170313017023
22,,3140 S PULASKI RD,15230.35,0.012771,41.835671477875,-87.724577275908,830500,1,170318305001
22,,2636 S LAWNDALE AVE,3000.0,0.002516,41.843469914559,-87.717283534909,301701,1,170313017011
22,,3023 S LAWNDALE AVE,3000.0,0.002516,41.838084208704,-87.71682577567,301702,3,170313017023
23,Alley Apron Menu (2025),3653 W 58TH PL,19917.26,0.014746,41.786779669014,-87.71544242637,620400,2,170316204002
23,Alley Apron Menu (2025),3701 W 58TH PL,19293.0,0.014284,41.786769904097,-87.71578700641,620400,2,170316204002
23,Alley Apron Menu (2025),5200 S NAGLE AVE,35289.4,0.026128,41.797708078193,-87.783483531225,560900,1,170315609001
23,Alley Apron Menu (2025),5401 S NEVA AVE,25442.67,0.018837,41.793851857909,-87.800043070596,560900,6,170315609006
23,Alley Apron Menu (2025),5429 S MCVICKER AVE,10227.62,0.007572,41.793054822736,-87.773021826415,560800,3,170315608003
23,Alley Apron Menu (2025),6400 W 52ND ST,32749.22,0.024247,41.798000438976,-87.782320039245,560900,1,170315609001
23,Alley Apron Menu (2025),6401 W 52ND ST,19891.23,0.014727,41.797707030455,-87.782298162478,560900,1,170315609001
23,Alley Speed Hump Menu (2025),W 54TH ST & S KOSTNER AVE & S KENNETH AVE & W 55TH ST,3625.0,0.002684,41.794952401796,-87.733037214602,620200,2,170316202002
23,Alley Speed Hump Menu (2025),W 56TH ST & S HAMLIN AVE & S SPRINGFIELD AVE & W 56TH PL,1450.0,0.001074,41.790560996994,-87.72062696876,620400,4,170316204004
23,Alley Speed Hump Menu (2025),W 60TH ST & S KOMENSKY AVE & S PULASKI RD & W 61ST ST,2175.0,0.00161,41.784094987337,-87.72413303504,650200,1,170316502001
23,Alley Speed Hump Menu (2025),W 66TH PL & S SPRINGFIELD AVE & S PULASKI RD & W MARQUETTE RD,1450.0,0.001074,41.772309989562,-87.720167975742,650302,2,170316503022
23,Curb & Gutter Menu (2025),3724 W 65TH PL,4948.94,0.003664,41.774424534186,-87.716328812631,650302,2,170316503022
23,Curb & Gutter Menu (2025),5145 S SPRINGFIELD AVE,7812.87,0.005785,41.799294018093,-87.72062613057,620100,1,170316201001
23,Curb & Gutter Menu (2025),6857 S PULASKI RD,21150.01,0.015659,41.767918542851,-87.721992716064,650400,5,170316504005
23,Diagonal Parking Menu (2025),3701 W 59TH ST,63775.92,0.047219,41.785834651341,-87.715764794366,650100,1,170316501001
23,Floodlight Menu (2025),5100 S KEATING AVE,1150.0,0.000851,41.800205130968,-87.742018675311,835200,1,170318352001
23,Floodlight Menu (2025),5100 S LA CROSSE AVE,2300.0,0.001703,41.800151402969,-87.744442805529,835200,1,170318352001
23,Floodlight Menu (2025),5301 S KILDARE AVE,1150.0,0.000851,41.796670650037,-87.730320555964,620200,1,170316202001
23,Floodlight Menu (2025),5444 S NARRAGANSETT AVE,1725.0,0.001277,41.792876623474,-87.782169500264,560900,1,170315609001
23,Pavement Markings Menu (2025),6700 S KEATING AVE,1500.0,0.001111,41.770582563137,-87.74095400597,650500,3,170316505003
23,Pavement Markings Menu (2025),S ARCHER AVE & S LARAMIE AVE,5921.34,0.004384,41.797269998024,-87.752617005144,835200,1,170318352001
23,Pavement Markings Menu (2025),W ARCHER AVE & S NARRAGANSETT AVE,15000.0,0.011106,41.79232299877,-87.781778987395,561100,6,170315611006
23,Sidewalk Menu (2025),3610 W 62ND PL,5524.91,0.004091,41.779936473714,-87.713717682154,650100,2,170316501002
23,Sidewalk Menu (2025),3721 W 61ST PL,9389.58,0.006952,41.781308255988,-87.716394023838,650100,2,170316501002
23,Sidewalk Menu (2025),3745-3747 W 60TH ST,10180.78,0.007538,41.78400555243,-87.717477217185,650100,1,170316501001
23,Sidewalk Menu (2025),3752 W 64TH PL,11267.09,0.008342,41.776205940068,-87.717485934364,650302,1,170316503021
23,Sidewalk Menu (2025),3935 W 63RD PL,6615.58,0.004898,41.777576674604,-87.721714604516,650302,1,170316503021
23,Sidewalk Menu (2025),3944 W 67TH PL,16291.62,0.012062,41.77069224034,-87.721861706917,650400,5,170316504005
23,Sidewalk Menu (2025),5107 S NASHVILLE AVE,2106.24,0.001559,41.79930470502,-87.786639736866,560900,2,170315609002
23,Sidewalk Menu (2025),5121 S AVERS AVE,591.59,0.000438,41.799992482085,-87.719421734903,620100,1,170316201001
23,Sidewalk Menu (2025),5128 S SAYRE AVE,2172.79,0.001609,41.798603726457,-87.796922907139,560900,5,170315609005
23,Sidewalk Menu (2025),5130 S NORDICA AVE,4260.71,0.003155,41.798538054246,-87.798193436022,560900,5,170315609005
23,Sidewalk Menu (2025),5134 S MELVINA AVE,2217.21,0.001642,41.798743075597,-87.777408076347,560800,4,170315608004
23,Sidewalk Menu (2025),5135 S MERRIMAC AVE,5860.35,0.004339,41.798718809988,-87.778077119858,560800,4,170315608004
23,Sidewalk Menu (2025),5145 S MELVINA AVE,3705.88,0.002744,41.798458719532,-87.776834837988,560800,4,170315608004
23,Sidewalk Menu (2025),5211 S OAK PARK AVE,4406.64,0.003263,41.797355367708,-87.791461678125,560900,3,170315609003
23,Sidewalk Menu (2025),5214 S PARKSIDE AVE,781.22,0.000578,41.797731379884,-87.763895526418,560800,1,170315608001
23,Sidewalk Menu (2025),5241 S NEW ENGLAND AVE,11929.91,0.008833,41.796468101347,-87.793865272679,560900,4,170315609004
23,Sidewalk Menu (2025),5338 S NORMANDY AVE,4995.02,0.003698,41.794750439839,-87.789507772675,560900,3,170315609003
23,Sidewalk Menu (2025),5340 S LARAMIE AVE,14897.21,0.01103,41.79600039115,-87.753149758909,560700,2,170315607002
23,Sidewalk Menu (2025),5355 S NATOMA AVE,12368.5,0.009157,41.794404392966,-87.787753607979,560900,2,170315609002
23,Sidewalk Menu (2025),5358 S MERRIMAC AVE,14264.89,0.010562,41.794442237259,-87.778500154511,560800,5,170315608005
23,Sidewalk Menu (2025),5980 S ARCHER AVE,35488.63,0.026275,41.795371622683,-87.765815317522,560800,1,170315608001
23,Sidewalk Menu (2025),6200 S ARCHER AVE,46920.08,0.034739,41.794008557589,-87.774733830138,560800,3,170315608003
23,Sidewalk Menu (2025),6738 S KOMENSKY AVE,4657.97,0.003449,41.770187398312,-87.724038822448,650500,1,170316505001
23,Sidewalk Menu (2025),6742 S KILBOURN AVE,6335.02,0.00469,41.769981245403,-87.735026659321,650500,3,170316505003
23,Street Bump Outs Menu (2025),5100-5101 S MEADE AVE,11362.06,0.008412,41.799688680004,-87.774426298111,560800,3,170315608003
23,Street Bump Outs Menu (2025),5100-5101 S MERRIMAC AVE,4594.7,0.003402,41.7996362512,-87.77808131081,560800,4,170315608004
23,Street Light Upgrade Menu (2025),5218 S PARKSIDE AVE,500.0,0.00037,41.797634233626,-87.76390835073,560800,1,170315608001
23,Street Light Upgrade Menu (2025),6759 S KEELER AVE,500.0,0.00037,41.76965259098,-87.727145323403,650500,2,170316505002
23,Street Resurfacing Menu (2025),5300-5500 S Harding Ave,101701.31,0.075298,41.796779321412,-87.722323549782,620100,2,170316201002
23,Street Resurfacing Menu (2025),5900-6000 S Karlov Ave,63873.02,0.047291,41.783182198081,-87.726439231879,650200,1,170316502001
23,Street Resurfacing Menu (2025),6700-6800 S Karlov Ave,54638.03,0.040453,41.76940151107,-87.7252739797,650500,1,170316505001
23,Street Resurfacing Menu (2025),6700-6800 S Kildare Ave,52347.99,0.038758,41.76933831152,-87.730121821039,650500,2,170316505002
23,Street Resurfacing Menu (2025),5100-5200 S Latrobe Ave,63769.09,0.047214,41.798218955192,-87.754162879546,560700,2,170315607002
23,Street Resurfacing Menu (2025),7200-7300 S Lawndale Ave,56106.0,0.04154,41.762243994401,-87.715295323969,650400,3,170316504003
23,Street Resurfacing Menu (2025),6270-5400 S Melvina Ave,20518.31,0.015191,41.794152474866,-87.777274804086,560800,4,170315608004
23,Street Resurfacing Menu (2025),5400-5500 S Mobile Ave,33931.62,0.025123,41.794141117388,-87.779702287065,560800,5,170315608005
23,Street Resurfacing Menu (2025),5000-5200 W 52nd St,131625.48,0.097454,41.799394936207,-87.663774112083,611900,1,170316119001
23,Street Resurfacing Menu (2025),3930-4000 W 54th St,21193.58,0.015691,41.795148220242,-87.723635972527,620200,1,170316202001
23,Street Resurfacing Menu (2025),3800-3900 W 55th Pl,60539.15,0.044822,41.792519847766,-87.720865014811,620400,4,170316204004
23,Street Resurfacing Menu (2025),3900-4000 W 64th Pl,65275.84,0.048329,41.776170652256,-87.720457989592,650302,1,170316503021
23,Street Speed Hump Menu (2025),5300-5400 S Hamlin Ave,4880.0,0.003613,41.794996867792,-87.718582454938,620100,3,170316201003
23,Street Speed Hump Menu (2025),5900-6000 S Karlov Ave,0.0,0.0,41.783182198081,-87.726439231879,650200,1,170316502001
23,Street Speed Hump Menu (2025),5100-5200 S Latrobe Ave,0.0,0.0,41.798218955192,-87.754162879546,560700,2,170315607002
23,Street Speed Hump Menu (2025),6930-7000 S Lawndale Ave,2440.0,0.001807,41.765964688607,-87.715179371813,650400,2,170316504002
23,Street Speed Hump Menu (2025),5300-5400 S Meade Ave,4880.0,0.003613,41.796063297333,-87.774866850942,560800,3,170315608003
23,Street Speed Hump Menu (2025),5300-5400 S Moody Ave,4880.0,0.003613,41.796012503,-87.776119274914,560800,4,170315608004
23,Street Speed Hump Menu (2025),5300-5400 S Normandy Ave,4880.0,0.003613,41.793997074381,-87.789496708563,560900,3,170315609003
23,Street Speed Hump Menu (2025),5200-5300 S Tripp Ave,4880.0,0.003613,41.796675218175,-87.729689231017,620200,1,170316202001
23,Street Speed Hump Menu (2025),3800-3900 W 56th Pl,4880.0,0.003613,41.790891327798,-87.720817070324,620400,4,170316204004
23,Street Speed Hump Menu (2025),3700-3800 W 65th Pl,4880.0,0.003613,41.774399514205,-87.717928331214,650302,2,170316503022
23,,5238 S AUSTIN AVE,10227.62,0.007572,41.796916616986,-87.772445235295,560800,3,170315608003
23,,5300 S KILDARE AVE,1150.0,0.000851,41.79668770721,-87.730904942253,620200,2,170316202002
23,,6410 W ARCHER AVE,1725.0,0.001277,41.792612761163,-87.782319871607,560900,1,170315609001
23,,5245 S NEW ENGLAND AVE,11929.91,0.008833,41.796366512681,-87.793860746452,560900,4,170315609004
23,,W 51ST ST & S MEADE AVE,11362.06,0.008412,41.799820988346,-87.774678006663,820800,3,170318208003
24,Alley Apron Menu (2025),3547 W GRENSHAW ST,5460.09,0.00364,41.867226292048,-87.714099645598,843000,1,170318430001
24,Alley Resurfacing Menu (2025),S KEDVALE AVE & W 14TH ST & W 15TH ST & S KEELER AVE,31777.67,0.021185,41.86246900906,-87.728711984925,290900,2,170312909002
24,Alley Resurfacing Menu (2025),S KOSTNER AVE & W 21ST PL & W 21ST ST & S KILDARE AVE,58226.18,0.038817,41.852453011951,-87.734539000194,292500,3,170312925003
24,Alley Resurfacing Menu (2025),W 22ND PL & S CALIFORNIA AVE & S CALIFORNIA AVE & W CERMAK RD,49626.2,0.033084,41.851922982303,-87.695458041362,840700,1,170318407001
24,Alley Resurfacing Menu (2025),W GRENSHAW ST & S CENTRAL PARK AVE & S INDEPENDENCE BLVD & W ROOSEVELT RD,69393.22,0.046262,41.866249582668,-87.720106117297,843000,1,170318430001
24,Alley Resurfacing Menu (2025),W OGDEN AVE & S LAWNDALE AVE & S RIDGEWAY AVE & W CERMAK RD,62245.56,0.041497,41.853701580248,-87.717522982376,844700,2,170318447002
24,Alley Speed Hump Replacement (2025),S KEDVALE AVE & W 14TH ST & W 15TH ST & S KEELER AVE,0.0,0.0,41.86246900906,-87.728711984925,290900,2,170312909002
24,Alley Speed Hump Replacement (2025),S KOSTNER AVE & W 21ST PL & W 21ST ST & S KILDARE AVE,0.0,0.0,41.852453011951,-87.734539000194,292500,3,170312925003
24,Alley Speed Hump Replacement (2025),W GRENSHAW ST & S CENTRAL PARK AVE & S INDEPENDENCE BLVD & W ROOSEVELT RD,0.0,0.0,41.866249582668,-87.720106117297,843000,1,170318430001
24,Curb & Gutter Menu (2025),1610-1900 S Albany Ave,380000.0,0.253333,41.855261955343,-87.703269472208,843100,2,170318431002
24,Miscellaneous CDOT Projects (2025),3500 W ARTHINGTON ST,660.0,0.00044,41.870064748435,-87.713187943256,271500,1,170312715001
24,Sidewalk Menu (2025),2253 S ALBANY AVE,4858.28,0.003239,41.850267556426,-87.702500935505,300900,3,170313009003
24,Sidewalk Menu (2025),3532 W ARTHINGTON ST,9873.14,0.006582,41.870394685245,-87.714512035118,271500,1,170312715001
24,Sidewalk Menu (2025),4020 W POLK ST,6866.06,0.004577,41.871139375433,-87.726292548574,261000,2,170312610002
24,Street Resurfacing Menu (2025),1400-1500 S Drake Ave,45037.47,0.030025,41.814450003862,-87.712729210188,580400,1,170315804001
24,Street Resurfacing Menu (2025),900-1000 S Karlov Ave,33251.28,0.022168,41.868123972053,-87.727788202012,843000,2,170318430002
24,Street Resurfacing Menu (2025),1130-1200 S Karlov Ave,22489.38,0.014993,41.865388466894,-87.727667242604,290900,1,170312909001
24,Street Resurfacing Menu (2025),1200-1400 S Kilbourn Ave,37209.7,0.024806,41.862281637028,-87.737327799559,290900,4,170312909004
24,Street Resurfacing Menu (2025),1300-1400 S Kildare Ave,55741.75,0.037161,41.864137301158,-87.732756085569,290900,4,170312909004
24,Street Resurfacing Menu (2025),1900-2100 S Sawyer Ave,57174.96,0.038117,41.853178717128,-87.706874025849,841700,1,170318417001
24,Street Resurfacing Menu (2025),800-900 S St Louis Ave,27957.1,0.018638,41.870066124412,-87.71318614945,271500,1,170312715001
24,Street Resurfacing Menu (2025),3100-3500 W 21st St,280817.48,0.187212,41.853629769814,-87.711265648029,844700,1,170318447001
24,Street Resurfacing Menu (2025),3799-3900 W Arthington St,16183.52,0.010789,41.870099348887,-87.723078004887,260900,2,170312609002
24,Street Resurfacing Menu (2025),3100-3200 W Flournoy St,56141.69,0.037428,41.873013736621,-87.703612878781,837300,1,170318373001
24,Street Resurfacing Menu (2025),3400-3600 W Flournoy St,115691.68,0.077128,41.872870070801,-87.71582849683,270500,1,170312705001
24,Street Resurfacing Menu (2025),3800-3900 W Grenshaw St,46805.37,0.031204,41.867371081313,-87.722946492826,843000,2,170318430002
24,Street Speed Hump Menu (2025),900-1000 S Keeler Ave,2440.0,0.001627,41.868907735622,-87.730516860136,843000,2,170318430002
24,Street Speed Hump Menu (2025),1300-1400 S Kildare Ave,4880.0,0.003253,41.864137301158,-87.732756085569,290900,4,170312909004
24,Street Speed Hump Replacement (2025),900-1000 S Karlov Ave,0.0,0.0,41.868123972053,-87.727788202012,843000,2,170318430002
24,Street Speed Hump Replacement (2025),1900-2100 S Sawyer Ave,0.0,0.0,41.853178717128,-87.706874025849,841700,1,170318417001
24,Street Speed Hump Replacement (2025),3799-3900 W Arthington St,0.0,0.0,41.870099348887,-87.723078004887,260900,2,170312609002
24,Street Speed Hump Replacement (2025),3100-3200 W Flournoy St,0.0,0.0,41.873013736621,-87.703612878781,837300,1,170318373001
24,Street Speed Hump Replacement (2025),3400-3600 W Flournoy St,0.0,0.0,41.872870070801,-87.71582849683,270500,1,170312705001
24,Street Speed Hump Replacement (2025),3800-3900 W Grenshaw St,0.0,0.0,41.867371081313,-87.722946492826,843000,2,170318430002
24,,3549 W GRENSHAW ST,5460.09,0.00364,41.867130017777,-87.714970022307,843000,1,170318430001
24,,4022 W POLK ST,6866.06,0.004577,41.871134304382,-87.726384749509,261000,2,170312610002
24,,4018 W POLK ST,6866.06,0.004577,41.871144907489,-87.726201772562,261000,2,170312610002
25,(2025) New electric slide gate system for Fink Elementary,2332 S WESTERN AVE,52000.0,0.034769,41.849245550972,-87.686966251436,841300,2,170318413002
25,Alley Apron Menu (2025),2147 W 23RD ST,32086.4,0.021454,41.850117143174,-87.680089738071,841300,1,170318413001
25,Alley Resurfacing Menu (2025),S ASHLAND AVE & W 18TH PL & W 19TH ST & S LAFLIN ST,28875.35,0.019307,41.856903006256,-87.6662000025,310800,2,170313108002
25,Alley Resurfacing Menu (2025),S ASHLAND AVE & W 18TH ST & W 17TH ST & S PAULINA ST,67679.4,0.045253,41.857816005059,-87.6662259864,310800,1,170313108001
25,Alley Resurfacing Menu (2025),S ASHLAND AVE & W 21ST PL & W 21ST ST & S PAULINA ST,68363.85,0.045711,41.853257004103,-87.666092965596,310800,3,170313108003
25,Alley Resurfacing Menu (2025),S BISHOP ST & W 18TH ST & W 18TH ST & S BLUE ISLAND AVE,11346.47,0.007587,41.857884988123,-87.661166669643,310600,1,170313106001
25,Alley Resurfacing Menu (2025),S THROOP ST & W 18TH ST & W 16TH ST & S BLUE ISLAND AVE,24425.68,0.016332,41.85972301376,-87.659643007284,842900,1,170318429001
25,Alley Resurfacing Menu (2025),S UNION AVE & W 17TH PL & W 17TH ST & S HALSTED ST,16344.03,0.010928,41.859173999102,-87.646718028768,310300,1,170313103001
25,Alley Resurfacing Menu (2025),W 17TH ST & S LOOMIS ST & S LAFLIN ST & W 18TH ST,28579.47,0.019109,41.858777996087,-87.661331960774,310600,1,170313106001
25,Alley Resurfacing Menu (2025),W 18TH PL & S HOYNE AVE & S DAMEN AVE & W 19TH ST,29935.46,0.020016,41.85673209925,-87.678427187576,841200,2,170318412002
25,Alley Resurfacing Menu (2025),W 18TH ST & S MAY ST & S CARPENTER ST & W 18TH PL,12985.35,0.008683,41.857344020092,-87.653196988466,310400,1,170313104001
25,Alley Resurfacing Menu (2025),W 23RD PL & S WESTERN AVE & S OAKLEY AVE & W 24TH ST,64838.87,0.043354,41.849326981161,-87.685658003989,841300,2,170318413002
25,Alley Resurfacing Menu (2025),W 28TH ST & S TROY ST & S KEDZIE AVE & W 30TH ST,17273.38,0.01155,41.738452087966,-87.702093910287,700502,2,170317005022
25,Alley Speed Hump Replacement (2025),S ASHLAND AVE & W 18TH ST & W 17TH ST & S PAULINA ST,0.0,0.0,41.857816005059,-87.6662259864,310800,1,170313108001
25,Alley Speed Hump Replacement (2025),S BISHOP ST & W 18TH ST & W 18TH ST & S BLUE ISLAND AVE,0.0,0.0,41.857884988123,-87.661166669643,310600,1,170313106001
25,Alley Speed Hump Replacement (2025),S THROOP ST & W 18TH ST & W 16TH ST & S BLUE ISLAND AVE,0.0,0.0,41.85972301376,-87.659643007284,842900,1,170318429001
25,Alley Speed Hump Replacement (2025),S UNION AVE & W 17TH PL & W 17TH ST & S HALSTED ST,0.0,0.0,41.859173999102,-87.646718028768,310300,1,170313103001
25,Alley Speed Hump Replacement (2025),W 17TH ST & S LOOMIS ST & S LAFLIN ST & W 18TH ST,0.0,0.0,41.858777996087,-87.661331960774,310600,1,170313106001
25,Alley Speed Hump Replacement (2025),W 23RD PL & S WESTERN AVE & S OAKLEY AVE & W 24TH ST,0.0,0.0,41.849326981161,-87.685658003989,841300,2,170318413002
25,Bollard Menu (2025),1413-1417 S UNION AVE,1655.86,0.001107,41.862641031318,-87.644848787794,841900,2,170318419002
25,Bollard Menu (2025),2315 S CALIFORNIA AVE,1746.62,0.001168,41.849580072728,-87.695153107725,301200,3,170313012003
25,Concrete Alley Menu (2025),2150 W 22ND PL,23342.02,0.015607,41.851408501086,-87.680290903747,841300,1,170318413001
25,Concrete Alley Menu (2025),2152 W 18TH ST,160000.0,0.106983,41.857810305365,-87.680524926484,841200,2,170318412002
25,Curb & Gutter Menu (2025),920 W 18TH PL,4047.9,0.002707,41.857551597924,-87.649149199784,310300,1,170313103001
25,Diagonal Parking Menu (2025),1857 W 16TH ST,152428.32,0.10192,41.859276677416,-87.672732774016,310900,1,170313109001
25,"In-Road ""State Law Stop For Pedestrians"" Sign Menu",W COLLEGE PKWY & S PEORIA ST,175.0,0.000117,41.861449979181,-87.648794980556,841900,2,170318419002
25,Pedestrian Refuge Island Menu (2025),S ASHLAND AVE & W CULLERTON ST,75000.0,0.050148,41.85506569308,-87.66612900778,310800,3,170313108003
25,Sidewalk Menu (2025),1508-1512 W 19TH ST,33294.5,0.022262,41.856203620255,-87.664351541393,310700,1,170313107001
25,Sidewalk Menu (2025),1825 S CARPENTER ST,60543.91,0.040482,41.857258774459,-87.653115527261,310400,1,170313104001
25,Sidewalk Menu (2025),1918 W CULLERTON ST,10259.03,0.00686,41.855153074421,-87.674300106091,310900,1,170313109001
25,Sidewalk Menu (2025),1922-1924 S LOOMIS ST,27380.84,0.018308,41.855283748291,-87.66151317752,310600,3,170313106003
25,Sidewalk Menu (2025),2130-2140 W 21ST PL,40113.11,0.026821,41.853248538381,-87.679966607913,841200,1,170318412001
25,Sidewalk Menu (2025),2315 S OAKLEY AVE,8085.61,0.005406,41.849738993612,-87.682934136914,841300,2,170318413002
25,Sidewalk Menu (2025),2623 W 22ND PL,2729.64,0.001825,41.850848548045,-87.691452497473,301200,1,170313012001
25,Sidewalk Menu (2025),2624-2631 S CHRISTIANA AVE,30964.05,0.020704,41.843559686953,-87.708426354317,840800,1,170318408001
25,Sidewalk Menu (2025),2626 W 22ND PL,2035.94,0.001361,41.851258213563,-87.691662547966,301200,1,170313012001
25,Sidewalk Menu (2025),2636 W 24TH PL,12060.79,0.008064,41.847834289934,-87.691883997848,301200,3,170313012003
25,Sidewalk Menu (2025),S RACINE AVE & W 17TH ST,25000.0,0.016716,41.858883985253,-87.656465008695,310600,1,170313106001
25,Street Bump Outs Menu (2025),2230-2310 S Wolcott Ave,40000.0,0.026746,41.850323210214,-87.673403879266,843200,1,170318432001
25,Street Bump Outs Menu (2025),S HALSTED ST & W 14TH ST,10000.0,0.006686,41.863565110538,-87.646806960761,841900,2,170318419002
25,Street Light Piggy Back Only Menu (2025),2600-2800 W 23rd Pl,12600.0,0.008425,41.849426516262,-87.690686810618,301200,3,170313012003
25,Street Light Upgrade Menu (2025),2600-2700 W Cullerton St,5600.0,0.003744,41.854841980084,-87.690971962964,840700,3,170318407003
25,Street Resurfacing Menu (2025),2330-2300 S Wood St,36148.17,0.02417,41.850679793823,-87.670978280794,843200,2,170318432002
25,Street Speed Hump Menu (2025),1800-1900 W 17th St,4880.0,0.003263,41.858874052697,-87.673757629317,310900,1,170313109001
25,Street Speed Hump Menu (2025),700-800 W 19th St,2440.0,0.001631,41.856841986001,-87.647017011255,310300,1,170313103001
25,,1837 S ASHLAND AVE,28875.35,0.019307,41.856745864427,-87.665969923636,310700,1,170313107001
25,,1810 S BLUE ISLAND AVE,11346.47,0.007587,41.85758743056,-87.661851638771,310600,2,170313106002
25,,1702 S UNION AVE,16344.03,0.010928,41.858997434312,-87.645103506579,310200,2,170313102002
25,,1421 W 17TH ST,28579.47,0.019109,41.85862536163,-87.662274002872,310600,1,170313106001
25,,1137 W 18TH ST,12985.35,0.008683,41.857841444136,-87.654667761016,310500,1,170313105001
25,,1810 S BLUE ISLAND AVE,0.0,0.0,41.85758743056,-87.661851638771,310600,2,170313106002
25,,1702 S UNION AVE,0.0,0.0,41.858997434312,-87.645103506579,310200,2,170313102002
25,,1421 W 17TH ST,0.0,0.0,41.85862536163,-87.662274002872,310600,1,170313106001
25,,1709-1800 S Leavitt St,160000.0,0.106983,41.85755801008,-87.681030019969,841200,2,170318412002
25,,1500 S PEORIA ST,175.0,0.000117,41.861591842892,-87.649057166487,841900,2,170318419002
26,Alley Apron Menu (2025),1000 N MOZART ST,88357.81,0.064572,41.899401853746,-87.69835650348,240900,1,170312409001
26,Alley Resurfacing Menu (2025),1501 N SPRINGFIELD AVE,7566.91,0.00553,41.908242708029,-87.723760627082,230700,4,170312307004
26,Alley Resurfacing Menu (2025),N HARDING AVE & W WABANSIA AVE & W NORTH AVE & N SPRINGFIELD AVE,29754.86,0.021745,41.909980989019,-87.724114008119,230400,2,170312304002
26,Alley Resurfacing Menu (2025),N KILBOURN AVE & W PALMER ST & W DICKENS AVE & N KENNETH AVE,42823.44,0.031296,41.918931394778,-87.737627982971,200401,1,170312004011
26,Alley Resurfacing Menu (2025),N KOSTNER AVE & W CORTLAND ST,19701.89,0.014398,41.915242016276,-87.736271036666,831200,2,170318312002
26,Alley Resurfacing Menu (2025),N LAPORTE AVE & W PALMER ST & W DICKENS AVE & N LAVERGNE AVE,41665.83,0.03045,41.918714010119,-87.751073980588,191100,5,170311911005
26,Alley Resurfacing Menu (2025),N LATROBE AVE & W BELDEN AVE & W PALMER ST & N LARAMIE AVE,25616.51,0.018721,41.920477017723,-87.756016034519,191100,5,170311911005
26,Alley Resurfacing Menu (2025),N MOZART ST & W WABANSIA AVE & W BLOOMINGDALE AVE & N FRANCISCO AVE,26864.5,0.019633,41.913934020285,-87.699168039346,222500,1,170312225001
26,Alley Resurfacing Menu (2025),N SPAULDING AVE & W BEACH AVE & W HIRSCH ST & N HOMAN AVE,43332.14,0.031667,41.907352591822,-87.709369318424,230900,1,170312309001
26,Alley Resurfacing Menu (2025),N TALMAN AVE & W NORTH AVE & W WABANSIA AVE & N WASHTENAW AVE,37667.71,0.027528,41.91207499798,-87.694580959014,240700,1,170312407001
26,Alley Resurfacing Menu (2025),N WASHTENAW AVE & W BLOOMINGDALE AVE & W WABANSIA AVE & N FAIRFIELD AVE,33681.55,0.024615,41.913919016679,-87.694620018683,240700,1,170312407001
26,Alley Resurfacing Menu (2025),N WASHTENAW AVE & W LE MOYNE ST & W HIRSCH ST & N FAIRFIELD AVE,33125.34,0.024208,41.908466588663,-87.694511305399,241000,1,170312410001
26,Alley Resurfacing Menu (2025),W CORTEZ ST & N SACRAMENTO AVE & N RICHMOND ST & W AUGUSTA BLVD,19590.92,0.014317,41.98814699286,-87.703545530189,020701,1,170310207011
26,Alley Resurfacing Menu (2025),W CORTLAND ST & N ST LOUIS AVE & N DRAKE AVE & W BLOOMINGDALE AVE,47499.11,0.034713,41.91552301958,-87.713471840934,222800,1,170312228001
26,Alley Resurfacing Menu (2025),W DIVISION ST & N CALIFORNIA AVE & N WASHTENAW AVE & W HADDON AVE,15340.94,0.011211,41.902945009946,-87.696864021801,242600,1,170312426001
26,Alley Resurfacing Menu (2025),W DIVISION ST & N ROCKWELL ST & N WASHTENAW AVE & W HADDON AVE,28566.35,0.020876,41.902034316166,-87.694392030916,242600,2,170312426002
26,Alley Speed Hump Menu (2025),1617 N KEYSTONE AVE,725.0,0.00053,41.910505151334,-87.727050440259,230500,1,170312305001
26,Alley Speed Hump Menu (2025),N HARDING AVE & W WABANSIA AVE & W NORTH AVE & N SPRINGFIELD AVE,0.0,0.0,41.909980989019,-87.724114008119,230400,2,170312304002
26,Alley Speed Hump Menu (2025),N KILBOURN AVE & W PALMER ST & W DICKENS AVE & N KENNETH AVE,0.0,0.0,41.918931394778,-87.737627982971,200401,1,170312004011
26,Alley Speed Hump Menu (2025),N LATROBE AVE & W BELDEN AVE & W PALMER ST & N LARAMIE AVE,1450.0,0.00106,41.920477017723,-87.756016034519,191100,5,170311911005
26,Alley Speed Hump Menu (2025),N LOWELL AVE & W CORTLAND ST,0.0,0.0,41.915249015165,-87.735025988768,831200,2,170318312002
26,Alley Speed Hump Menu (2025),N MOZART ST & W DIVISION ST & W THOMAS ST & N CALIFORNIA AVE,2175.0,0.00159,41.901126095048,-87.696852370955,240900,1,170312409001
26,Alley Speed Hump Menu (2025),N SPAULDING AVE & W BEACH AVE & W HIRSCH ST & N HOMAN AVE,0.0,0.0,41.907352591822,-87.709369318424,230900,1,170312309001
26,Alley Speed Hump Menu (2025),W CORTLAND ST & N ST LOUIS AVE & N DRAKE AVE & W BLOOMINGDALE AVE,2900.0,0.002119,41.91552301958,-87.713471840934,222800,1,170312228001
26,Alley Speed Hump Menu (2025),W MCLEAN AVE & N KILPATRICK AVE,241.67,0.000177,41.917865007146,-87.743716010705,191000,2,170311910002
26,Alley Speed Hump Replacement (2025),N LAPORTE AVE & W PALMER ST & W DICKENS AVE & N LAVERGNE AVE,0.0,0.0,41.918714010119,-87.751073980588,191100,5,170311911005
26,Alley Speed Hump Replacement (2025),W CORTLAND ST & N ST LOUIS AVE & N DRAKE AVE & W BLOOMINGDALE AVE,0.0,0.0,41.91552301958,-87.713471840934,222800,1,170312228001
26,Alley Speed Hump Replacement (2025),W DIVISION ST & N CALIFORNIA AVE & N WASHTENAW AVE & W HADDON AVE,0.0,0.0,41.902945009946,-87.696864021801,242600,1,170312426001
26,Alley Speed Hump Replacement (2025),W DIVISION ST & N ROCKWELL ST & N WASHTENAW AVE & W HADDON AVE,0.0,0.0,41.902034316166,-87.694392030916,242600,2,170312426002
26,Concrete Alley Menu (2025),2113 N CICERO AVE,6498.24,0.004749,41.919198148846,-87.745688607798,191000,2,170311910002
26,Floodlight Menu (2025),1756 N KIMBALL AVE,1150.0,0.00084,41.91347829621,-87.712241964281,230200,1,170312302001
26,Floodlight Menu (2025),1921 N RIDGEWAY AVE,1150.0,0.00084,41.916115745863,-87.720155151431,222900,1,170312229001
26,Pavement Markings Menu (2025),N CALIFORNIA AVE & W WABANSIA AVE,1600.0,0.001169,41.912373016548,-87.697019003191,240700,1,170312407001
26,Pavement Markings Menu (2025),W POTOMAC AVE & N CENTRAL PARK AVE,2500.0,0.001827,41.904600980647,-87.716615976634,230800,1,170312308001
26,Sidewalk Menu (2025),1020 N FRANCISCO AVE,4251.47,0.003107,41.89995158404,-87.699354490727,240900,1,170312409001
26,Sidewalk Menu (2025),1020 N MOZART ST,5571.02,0.004071,41.899964027992,-87.698359353327,240900,1,170312409001
26,Sidewalk Menu (2025),1113 N MOZART ST,4395.16,0.003212,41.901572054206,-87.697881165751,240900,1,170312409001
26,Sidewalk Menu (2025),1118 N CHRISTIANA AVE,1624.46,0.001187,41.901557385876,-87.710840174794,836600,2,170318366002
26,Sidewalk Menu (2025),1223 N CAMPBELL AVE,6396.5,0.004675,41.903759605206,-87.689261384164,241100,1,170312411001
26,Sidewalk Menu (2025),1249 N ARTESIAN AVE,4448.35,0.003251,41.904515359506,-87.688042906899,241100,1,170312411001
26,Sidewalk Menu (2025),1317 N ROCKWELL ST,3824.3,0.002795,41.905347137668,-87.69174100258,241100,2,170312411002
26,Sidewalk Menu (2025),1329 N LAWNDALE AVE,5887.44,0.004303,41.905475632244,-87.718818489331,230700,2,170312307002
26,Sidewalk Menu (2025),1345 N ROCKWELL ST,14443.6,0.010555,41.906297352121,-87.691694483017,241100,2,170312411002
26,Sidewalk Menu (2025),1411 N CALIFORNIA AVE,1928.56,0.001409,41.907004323745,-87.696677524455,241000,2,170312410002
26,Sidewalk Menu (2025),1412 N KEDZIE AVE,5924.45,0.00433,41.906961827496,-87.707257330281,230900,1,170312309001
26,Sidewalk Menu (2025),1438 N LAWNDALE AVE,1831.45,0.001338,41.907485067801,-87.719425674397,230700,1,170312307001
26,Sidewalk Menu (2025),1508 N KEDZIE AVE,6327.3,0.004624,41.908645248929,-87.707321619479,230900,1,170312309001
26,Sidewalk Menu (2025),1649 N KIMBALL AVE,13851.89,0.010123,41.911555906717,-87.711439480871,230200,1,170312302001
26,Sidewalk Menu (2025),1650 N RICHMOND ST,9068.61,0.006627,41.911730669398,-87.700543342019,240800,2,170312408002
26,Sidewalk Menu (2025),1652 N ROCKWELL ST,10234.51,0.007479,41.911835401278,-87.692414320862,240700,1,170312407001
26,Sidewalk Menu (2025),1808 N KEYSTONE AVE,5630.31,0.004115,41.913961429109,-87.727968091018,831200,3,170318312003
26,Sidewalk Menu (2025),1809-1838 N TRIPP AVE,22090.31,0.016144,41.914703562816,-87.732862703378,831200,2,170318312002
26,Sidewalk Menu (2025),1817 N LOWELL AVE,6557.83,0.004792,41.914071902593,-87.734773693483,831200,2,170318312002
26,Sidewalk Menu (2025),1828 N DRAKE AVE,3320.88,0.002427,41.914517191199,-87.715345280112,222800,1,170312228001
26,Sidewalk Menu (2025),1907 N KILBOURN AVE,2675.99,0.001956,41.915490539705,-87.738455612091,831200,2,170318312002
26,Sidewalk Menu (2025),1927 N KILBOURN AVE,8013.19,0.005856,41.916042236572,-87.738495258493,831200,2,170318312002
26,Sidewalk Menu (2025),1929-1939 N TRIPP AVE,22728.97,0.01661,41.916433629541,-87.732358364264,831200,2,170318312002
26,Sidewalk Menu (2025),1941 N KEDVALE AVE,6377.59,0.004661,41.916532787455,-87.729932390028,831200,3,170318312003
26,Sidewalk Menu (2025),2014 N KILBOURN AVE,6478.09,0.004734,41.917529982476,-87.739088864876,200401,1,170312004011
26,Sidewalk Menu (2025),2027 N KEYSTONE AVE,6287.41,0.004595,41.917984197809,-87.727518150456,200402,1,170312004021
26,Sidewalk Menu (2025),2039 N KEYSTONE AVE,6408.5,0.004683,41.918315576351,-87.727537345014,200402,1,170312004021
26,Sidewalk Menu (2025),2104-2106 N KOSTNER AVE,12036.54,0.008796,41.919206405021,-87.736698597547,200401,1,170312004011
26,Sidewalk Menu (2025),2124 N LEAMINGTON AVE,3846.43,0.002811,41.919417000338,-87.755041135361,191100,6,170311911006
26,Sidewalk Menu (2025),2209 N KEATING AVE,13076.39,0.009556,41.920941961892,-87.74470758985,191000,1,170311910001
26,Sidewalk Menu (2025),2230 N KILPATRICK AVE,6506.15,0.004755,41.921581291557,-87.744075007618,191000,1,170311910001
26,Sidewalk Menu (2025),2235 N KILPATRICK AVE,9654.57,0.007056,41.921713809446,-87.743552228316,191000,1,170311910001
26,Sidewalk Menu (2025),2257 N KILBOURN AVE,16358.19,0.011955,41.922392953151,-87.738672619564,200401,2,170312004012
26,Sidewalk Menu (2025),2714 W AUGUSTA BLVD,22712.74,0.016599,41.899532862892,-87.695018829636,242600,4,170312426004
26,Sidewalk Menu (2025),2835 W DIVISION ST,9183.52,0.006711,41.902591209813,-87.698347283387,240900,1,170312409001
26,Sidewalk Menu (2025),3205 W CORTLAND ST,48661.91,0.035562,41.915460406763,-87.70726001249,222700,1,170312227001
26,Sidewalk Menu (2025),3234 W LE MOYNE ST,5375.36,0.003928,41.908492195377,-87.708344127847,230900,1,170312309001
26,Sidewalk Menu (2025),3432 W PIERCE AVE,1677.96,0.001226,41.909319321583,-87.713315350801,230900,3,170312309003
26,Sidewalk Menu (2025),4034 W CORTLAND ST,12798.32,0.009353,41.915483247449,-87.727982507892,831200,3,170318312003
26,Sidewalk Menu (2025),4610 W MCLEAN AVE,1854.03,0.001355,41.918095425664,-87.741990595936,191000,2,170311910002
26,Sidewalk Menu (2025),4648 W MCLEAN AVE,12229.07,0.008937,41.918088552504,-87.743562035143,191000,2,170311910002
26,Street Light Upgrade Menu (2025),1100 N HUMBOLDT DR,1500.0,0.001096,41.900639814703,-87.702454052118,240900,1,170312409001
26,Street Light Upgrade Menu (2025),3331 W DICKENS AVE,500.0,0.000365,41.91897791434,-87.711597563565,221100,2,170312211002
26,Street Resurfacing Menu (2025),1800-1900 N Kilbourn Ave,24947.69,0.018232,41.915142020171,-87.738712014509,831200,2,170318312002
26,Street Resurfacing Menu (2025),2200-2300 N Leclaire Ave,64624.1,0.047228,41.920618336611,-87.753854509328,191100,5,170311911005
26,Street Resurfacing Menu (2025),5200-5230 W Dickens Ave,17300.53,0.012643,41.918735856248,-87.756935659687,191200,1,170311912001
26,Street Speed Hump Menu (2025),1020-1200 N Christiana Ave,7320.0,0.005349,41.900107727896,-87.710645312639,836600,2,170318366002
26,Street Speed Hump Menu (2025),1800-1900 N Harding Ave,4880.0,0.003566,41.915419069178,-87.725365263762,831200,1,170318312001
26,Street Speed Hump Menu (2025),1900-2000 N Keeler Ave,4880.0,0.003566,41.915415815038,-87.73167741845,831200,2,170318312002
26,Street Speed Hump Menu (2025),1800-1900 N Kildare Ave,4880.0,0.003566,41.915377761198,-87.734115797903,831200,2,170318312002
26,Street Speed Hump Menu (2025),2100-2200 N Lawler Ave,4880.0,0.003566,41.920640381016,-87.752647263814,191100,5,170311911005
26,Street Speed Hump Menu (2025),1200-1300 N Maplewood Ave,4880.0,0.003566,41.904932610646,-87.69129860573,241100,2,170312411002
26,Street Speed Hump Menu (2025),1600-1700 N Mozart St,4880.0,0.003566,41.912471755367,-87.698378044971,240800,1,170312408001
26,Street Speed Hump Menu (2025),1800-2000 N Ridgeway Ave,7320.0,0.005349,41.914381940102,-87.720422680516,222900,1,170312229001
26,Street Speed Hump Menu (2025),2000-2100 N Sawyer Ave,4880.0,0.003566,41.919324128851,-87.709360517426,221100,2,170312211002
26,Street Speed Hump Menu (2025),1600-1700 N Sawyer Ave,4880.0,0.003566,41.911972906186,-87.708550849995,230200,1,170312302001
26,Street Speed Hump Menu (2025),2000-2100 N Spaulding Ave,4880.0,0.003566,41.903649921331,-87.709327875575,230900,2,170312309002
26,Street Speed Hump Menu (2025),1030-1200 N Spaulding Ave,7320.0,0.005349,41.902428512437,-87.709519403434,836600,2,170318366002
26,Street Speed Hump Menu (2025),1700-1900 N Talman Ave,4880.0,0.003566,41.912202109542,-87.69365677037,240700,1,170312407001
26,Street Speed Hump Menu (2025),1700-1800 N Washtenaw Ave,4880.0,0.003566,41.914005643648,-87.694932663671,832400,1,170318324001
26,Street Speed Hump Menu (2025),3700-3730 W Cortland St,2440.0,0.001783,41.915695686785,-87.719351326916,222900,1,170312229001
26,Street Speed Hump Menu (2025),3200-3250 W Dickens Ave,2440.0,0.001783,41.919269068776,-87.708898838436,221100,2,170312211002
26,Street Speed Hump Menu (2025),3500-3600 W Hirsch St,4880.0,0.003566,41.906634723724,-87.714412793384,230800,1,170312308001
26,Street Speed Hump Menu (2025),2700-2800 W Potomac Ave,4880.0,0.003566,41.904880014204,-87.694686990089,242600,1,170312426001
26,Street Speed Hump Menu (2025),4200-4400 W Wabansia Ave,9760.0,0.007133,41.911699234002,-87.73208650024,230500,2,170312305002
26,Street Speed Hump Menu (2025),3400-3500 W Wabansia Ave,2440.0,0.001783,41.91205425277,-87.713547948614,230300,1,170312303001
26,Street Traffic Circle Menu (2025),N FRANCISCO AVE & W WABANSIA AVE,22109.18,0.016158,41.912364006002,-87.699134008819,240800,1,170312408001
26,Street Traffic Circle Menu (2025),N ROCKWELL ST & W WABANSIA AVE,5000.0,0.003654,41.912157895003,-87.692164540147,240700,1,170312407001
26,Street Traffic Circle Menu (2025),N TALMAN AVE & W WABANSIA AVE,4499.94,0.003289,41.912128390703,-87.693393830067,240700,1,170312407001
26,Street Traffic Circle Menu (2025),N WASHTENAW AVE & W WABANSIA AVE,20000.0,0.014616,41.91207499798,-87.694580959014,240700,1,170312407001
26,Street Traffic Circle Menu (2025),W HIRSCH ST & N LAWNDALE AVE,19310.11,0.014112,41.906376016283,-87.71911898056,230700,1,170312307001
26,Street Traffic Circle Menu (2025),W HIRSCH ST & N ST LOUIS AVE,21000.0,0.015347,41.90640220973,-87.714238198341,230900,3,170312309003
26,Street Traffic Circle Menu (2025),W LE MOYNE ST & N HAMLIN AVE,26188.61,0.019139,41.908147992523,-87.721592983101,230700,1,170312307001
26,Viaduct Improvement Menu (2025),W HIRSCH ST & N MONTICELLO AVE,22197.61,0.016222,41.906389008233,-87.718151038381,230700,1,170312307001
26,,N SPRINGFIELD AVE & W NORTH AVE & W LE MOYNE ST & N AVERS AVE,7566.91,0.00553,41.909980989019,-87.724114008119,230400,2,170312304002
26,,N LOWELL AVE & W CORTLAND ST,19701.89,0.014398,41.915249015165,-87.735025988768,831200,2,170318312002
26,,1806 N LOWELL AVE,19701.89,0.014398,41.913801334758,-87.735263196628,831200,2,170318312002
26,,1806 N LOWELL AVE,0.0,0.0,41.913801334758,-87.735263196628,831200,2,170318312002
26,,N KOSTNER AVE & W CORTLAND ST,0.0,0.0,41.915242016276,-87.736271036666,831200,2,170318312002
26,,W DICKENS AVE & N KILPATRICK AVE,241.67,0.000177,41.918824483603,-87.743744341537,191000,2,170311910002
26,,4644 W MCLEAN AVE,241.67,0.000177,41.918074890002,-87.743339076519,191000,2,170311910002
26,,N CICERO AVE & W SHAKESPEARE AVE & W DICKENS AVE & N KILPATRICK AVE,6498.24,0.004749,41.919500903189,-87.789460834018,831500,2,170318315002
26,,1807 N TRIPP AVE,22090.31,0.016144,41.91382459454,-87.732023423413,831200,2,170318312002
26,,1813 N LOWELL AVE,6557.83,0.004792,41.913993992803,-87.734733544167,831200,2,170318312002
27,(2025) Miscellaneous CDOT Projects (2025),100 N HERMITAGE AVE,660.0,0.000444,41.883725431694,-87.670993361469,280400,1,170312804001
27,Alley Resurfacing Menu (2025),2826 W FULTON ST,12117.76,0.008151,41.88674266538,-87.69752803617,837100,2,170318371002
27,Alley Resurfacing Menu (2025),W AUGUSTA BLVD & N RIDGEWAY AVE & N LAWNDALE AVE & W IOWA ST,42809.15,0.028794,41.899097003927,-87.720109972972,231200,4,170312312004
27,Alley Resurfacing Menu (2025),W CARROLL AVE & N WHIPPLE ST & N SACRAMENTO BLVD & W FULTON BLVD,22742.77,0.015297,41.890375989904,-87.702622012097,836700,2,170318367002
27,Alley Resurfacing Menu (2025),W GLADYS AVE & S CALIFORNIA AVE & S WASHTENAW AVE & W VAN BUREN ST,28613.86,0.019246,41.876714807878,-87.696188272767,837000,1,170318370001
27,Alley Resurfacing Menu (2025),W WARREN BLVD & N ASHLAND AVE & N PAULINA ST & W WASHINGTON BLVD,11556.79,0.007773,41.883278005702,-87.669354028846,280400,1,170312804001
27,Alley Speed Hump Menu (2025),W IOWA ST & N CENTRAL PARK AVE & N DRAKE AVE & W AUGUSTA BLVD,1450.0,0.000975,41.939700996475,-87.717408737036,831100,1,170318311001
27,Alley Speed Hump Replacement (2025),W AUGUSTA BLVD & N RIDGEWAY AVE & N LAWNDALE AVE & W IOWA ST,0.0,0.0,41.899097003927,-87.720109972972,231200,4,170312312004
27,Curb & Gutter Menu (2025),2841 W JACKSON BLVD,15967.04,0.01074,41.877206490318,-87.697836909302,837000,1,170318370001
27,"In-Road ""State Law Stop For Pedestrians"" Sign Menu",N WELLS ST & W HILL ST,350.0,0.000235,41.902093995317,-87.63440098969,081000,5,170310810005
27,Miscellaneous CDOT Projects (2025),1300 W JACKSON BLVD,660.0,0.000444,41.878414029199,-87.660321606165,833100,1,170318331001
27,Miscellaneous CDOT Projects (2025),1500 N CLYBOURN AVE,22063.06,0.01484,41.908115009734,-87.646747030153,842200,1,170318422001
27,Miscellaneous CDOT Projects (2025),2700 W MONROE ST,660.0,0.000444,41.880438468363,-87.694056587151,837400,1,170318374001
27,Pavement Markings Menu (2025),N WELLS ST & W HILL ST,2300.0,0.001547,41.902093995317,-87.63440098969,081000,5,170310810005
27,Pavement Markings Menu (2025),100-300 S Oakley Ave,2500.0,0.001682,41.880144632276,-87.684023275542,280900,1,170312809001
27,Pavement Markings Menu (2025),1500-1630 W Monroe St,8250.0,0.005549,41.880473085623,-87.664949422546,833100,2,170318331002
27,Sidewalk Menu (2025),2817 W FIFTH AVE,21588.55,0.014521,41.880628152525,-87.69780794857,837000,2,170318370002
27,Sidewalk Menu (2025),1300-1500 N Mohawk St,147007.86,0.09888,41.909317393745,-87.642464212907,080400,3,170310804003
27,Sidewalk Menu (2025),1000-1100 N Orleans St,35530.41,0.023898,41.900928701228,-87.637660376559,838300,1,170318383001
27,Sidewalk Menu (2025),900-1000 N Racine Ave,60605.96,0.040765,41.89770096437,-87.657599033531,842300,1,170318423001
27,Sidewalk Menu (2025),1400-1450 W Superior St,28617.38,0.019249,41.895446685094,-87.662538703374,243300,1,170312433001
27,Street Bump Outs Menu (2025),W MONROE ST & S LAFLIN ST,32000.0,0.021524,41.880684896317,-87.664409292706,833100,2,170318331002
27,Street Bump Outs Menu (2025),W WASHINGTON BLVD & N DAMEN AVE,2361.51,0.001588,41.883143895251,-87.676734126954,837800,2,170318378002
27,Street Light Upgrade Menu (2025),731 N SPAULDING AVE,500.0,0.000336,41.894656439263,-87.708690635724,836700,1,170318367001
27,Street Resurfacing Menu (2025),440-500 N Carpenter St,13701.01,0.009216,41.890357989767,-87.653583980935,243500,1,170312435001
27,Street Resurfacing Menu (2025),150-340 N Elizabeth St,87085.72,0.058575,41.887818985566,-87.659033978199,833000,2,170318330002
27,Street Resurfacing Menu (2025),440-500 N Green St,46420.05,0.031223,41.891231482279,-87.648878781453,243500,2,170312435002
27,Street Resurfacing Menu (2025),800-900 N Lawndale Ave,69585.89,0.046805,41.895212102672,-87.71881905212,231500,4,170312315004
27,Street Resurfacing Menu (2025),0-100 N Loomis St,27979.6,0.01882,41.882657024979,-87.662381877933,833000,2,170318330002
27,Street Resurfacing Menu (2025),670-800 N May St,40633.55,0.027331,41.896459374337,-87.655322941028,842300,2,170318423002
27,Street Resurfacing Menu (2025),440-500 N May St,36891.1,0.024814,41.890269979783,-87.655912976552,243500,1,170312435001
27,Street Resurfacing Menu (2025),440-500 N Morgan St,40702.05,0.027377,41.890230040015,-87.652526855307,243500,1,170312435001
27,Street Resurfacing Menu (2025),640-660 N Peoria St,12694.93,0.008539,41.893951018291,-87.650291988463,243500,2,170312435002
27,Street Resurfacing Menu (2025),700-800 N Throop St,57784.17,0.038867,41.894425014916,-87.660517994156,243400,1,170312434001
27,Street Resurfacing Menu (2025),300-400 S Mozart St,42483.2,0.028575,41.877386853451,-87.697504756689,837000,1,170318370001
27,Street Resurfacing Menu (2025),40-0 S Seeley Ave,39870.06,0.026817,41.88073333271,-87.677931892209,838000,1,170318380001
27,Street Resurfacing Menu (2025),200-300 S Throop St,45229.2,0.030422,41.878360007833,-87.660275086602,833100,1,170318331001
27,Street Resurfacing Menu (2025),1349-1300 W Cortez St,53121.12,0.03573,41.901400770015,-87.661899415619,842300,1,170318423001
27,Street Resurfacing Menu (2025),2200-2300 W Ferdinand St,32532.25,0.021882,41.890341366785,-87.68430992682,242900,2,170312429002
27,Street Resurfacing Menu (2025),2000-2200 W Grenshaw St,155603.51,0.104661,41.867625318327,-87.683703827557,282800,1,170312828001
27,Street Speed Hump Menu (2025),700-800 N Avers Ave,4880.0,0.003282,41.893363564015,-87.722437187129,231500,4,170312315004
27,Street Speed Hump Menu (2025),200-300 S Francisco Ave,2440.0,0.001641,41.877277987952,-87.698797978321,837000,1,170318370001
27,Street Speed Hump Menu (2025),0-400 S Oakley Ave,9760.0,0.006565,41.876069225502,-87.683917443677,838000,2,170318380002
27,Street Speed Hump Menu (2025),40-0 S Seeley Ave,2440.0,0.001641,41.88073333271,-87.677931892209,838000,1,170318380001
27,Street Speed Hump Replacement (2025),440-500 N Green St,0.0,0.0,41.891231482279,-87.648878781453,243500,2,170312435002
27,Street Speed Hump Replacement (2025),800-900 N Lawndale Ave,0.0,0.0,41.895212102672,-87.71881905212,231500,4,170312315004
27,cm,2299-2400 W Warren Ave,79141.2,0.053232,41.882100697592,-87.683895445633,837800,1,170318378001
27,,W FULTON ST & N FRANCISCO AVE,12117.76,0.008151,41.886513797513,-87.698884395742,837100,2,170318371002
27,,W FULTON ST & N CALIFORNIA AVE,12117.76,0.008151,41.886537979304,-87.696413997419,837100,2,170318371002
27,,918 N RACINE AVE,60605.96,0.040765,41.898167280217,-87.657624179472,842300,1,170318423001
28,Alley Resurfacing Menu (2025),2420 W GRENSHAW ST,21643.47,0.014745,41.867734772092,-87.68695812099,282700,1,170312827001
28,Alley Resurfacing Menu (2025),FILLMORE ST 2420 W TAYLOR ST,21744.49,0.014813,41.869580215714,-87.687033558119,282700,1,170312827001
28,Alley Resurfacing Menu (2025),S SACRAMENTO BLVD & W ROOSEVELT RD & W FILLMORE ST & S WHIPPLE ST,47641.6,0.032456,41.866478995358,-87.700775017823,838600,2,170318386002
28,Alley Resurfacing Menu (2025),W 12TH PL & S FAIRFIELD AVE & S CALIFORNIA BLVD & W 14TH ST,65782.52,0.044814,41.864221237448,-87.694865248293,843300,1,170318433001
28,Alley Resurfacing Menu (2025),W 12TH PL & S WASHTENAW AVE & S FAIRFIELD AVE & W 14TH ST,34311.52,0.023375,41.865675003205,-87.693378994099,843300,1,170318433001
28,Alley Resurfacing Menu (2025),W BOWLER ST & W POLK ST & S LEAVITT ST & W OGDEN AVE,53419.99,0.036392,41.86907802941,-87.681110600105,838200,1,170318382001
28,Alley Resurfacing Menu (2025),W CONGRESS PKWY & S SPAULDING AVE & S HOMAN AVE & W VAN BUREN ST,14106.63,0.00961,41.874613003747,-87.708439010991,271300,1,170312713001
28,Alley Resurfacing Menu (2025),W FIFTH AVE & S WHIPPLE ST & S SACRAMENTO BLVD & W JACKSON BLVD,31738.47,0.021622,41.877403004038,-87.701115993644,271200,1,170312712001
28,Alley Resurfacing Menu (2025),W FILLMORE ST & S MOZART ST & S FRANCISCO AVE & W ROOSEVELT RD,40988.35,0.027923,41.866514995632,-87.698337979474,838600,2,170318386002
28,Alley Resurfacing Menu (2025),W FILLMORE ST & S WHIPPLE ST & S ALBANY AVE & W ROOSEVELT RD,46210.53,0.031481,41.866461016176,-87.703195962917,838600,1,170318386001
28,Alley Resurfacing Menu (2025),W FULTON ST & N KOSTNER AVE & N KILBOURN AVE & W LAKE ST,10705.86,0.007293,41.885384880884,-87.735628060873,260300,1,170312603001
28,Alley Resurfacing Menu (2025),W HARRISON ST & S CALIFORNIA AVE & S FRANCISCO AVE & W FLOURNOY ST,34822.54,0.023723,41.873817980231,-87.696108979963,837000,1,170318370001
28,Alley Resurfacing Menu (2025),W HARRISON ST & S WASHTENAW AVE & S CALIFORNIA AVE & W FLOURNOY ST,33588.84,0.022882,41.872901000023,-87.696080984406,271800,1,170312718001
28,Alley Resurfacing Menu (2025),W JACKSON BLVD & S ALBANY AVE & S TROY ST & W FIFTH AVE,63802.38,0.043465,41.877365997935,-87.703583961215,271200,1,170312712001
28,Alley Resurfacing Menu (2025),W TAYLOR ST & S LOOMIS ST & S ADA ST & W ARTHINGTON ST,5253.09,0.003579,41.87030600471,-87.660120021394,283200,1,170312832001
28,Alley Resurfacing Menu (2025),W VAN BUREN ST & S ST LOUIS AVE & S CENTRAL PARK AVE & W CONGRESS PKWY,51463.62,0.03506,41.874502991268,-87.715693967284,270500,1,170312705001
28,Alley Speed Hump Menu (2025),W LEXINGTON ST & S CAMPBELL AVE & S MAPLEWOOD AVE & W POLK ST,725.0,0.000494,41.872043992333,-87.688625700627,282700,2,170312827002
28,Alley Speed Hump Menu (2025),W WASHINGTON BLVD & N CICERO AVE & N LAMON AVE & W MADISON ST,1450.0,0.000988,41.881829990019,-87.745303962261,251800,3,170312518003
28,Alley Speed Hump Menu (2025),W WILCOX ST & S SPRINGFIELD AVE & S HAMLIN BLVD & W ADAMS ST,2175.0,0.001482,41.878910992238,-87.723152017092,260800,1,170312608001
28,Alley Speed Hump Replacement (2025),S SACRAMENTO BLVD & W ROOSEVELT RD & W FILLMORE ST & S WHIPPLE ST,0.0,0.0,41.866478995358,-87.700775017823,838600,2,170318386002
28,Alley Speed Hump Replacement (2025),W 12TH PL & S FAIRFIELD AVE & S CALIFORNIA BLVD & W 14TH ST,0.0,0.0,41.864221237448,-87.694865248293,843300,1,170318433001
28,Alley Speed Hump Replacement (2025),W 12TH PL & S WASHTENAW AVE & S FAIRFIELD AVE & W 14TH ST,0.0,0.0,41.865675003205,-87.693378994099,843300,1,170318433001
28,Alley Speed Hump Replacement (2025),W BOWLER ST & W POLK ST & S LEAVITT ST & W OGDEN AVE,0.0,0.0,41.86907802941,-87.681110600105,838200,1,170318382001
28,Alley Speed Hump Replacement (2025),W CONGRESS PKWY & S SPAULDING AVE & S HOMAN AVE & W VAN BUREN ST,0.0,0.0,41.874613003747,-87.708439010991,271300,1,170312713001
28,Alley Speed Hump Replacement (2025),W GRENSHAW ST & S WESTERN AVE & S CAMPBELL AVE & W FILLMORE ST,0.0,0.0,41.692233016571,-87.683660931738,750300,2,170317503002
28,Alley Speed Hump Replacement (2025),W HARRISON ST & S CALIFORNIA AVE & S FRANCISCO AVE & W FLOURNOY ST,0.0,0.0,41.873817980231,-87.696108979963,837000,1,170318370001
28,Alley Speed Hump Replacement (2025),W JACKSON BLVD & S ALBANY AVE & S TROY ST & W FIFTH AVE,0.0,0.0,41.877365997935,-87.703583961215,271200,1,170312712001
28,Alley Speed Hump Replacement (2025),W TAYLOR ST & S WESTERN AVE & S CAMPBELL AVE & W ARTHINGTON ST,0.0,0.0,41.870271010264,-87.688598040346,282700,1,170312827001
28,Miscellaneous CDOT Projects (2025),1101 S DESPLAINES ST,660.0,0.00045,41.86849844729,-87.643386473713,841900,2,170318419002
28,Miscellaneous CDOT Projects (2025),3521 W MADISON ST,300.0,0.000204,41.880833146845,-87.714087901704,271400,1,170312714001
28,Miscellaneous CDOT Projects (2025),3842 W WEST END AVE,150.0,0.000102,41.883279514445,-87.722559835633,260100,1,170312601001
28,Miscellaneous CDOT Projects (2025),4937 W ADAMS ST,150.0,0.000102,41.878287755828,-87.748677426832,252202,2,170312522022
28,"New Receptacle controller, Smart fixtures with outlets. Street Cul-de-Sac Menu (2025)",2440 W WASHBURNE AVE,36660.41,0.024975,41.86550398238,-87.687236787738,842900,1,170318429001
28,Sidewalk Menu (2025),440 N KILBOURN AVE,40410.11,0.027529,41.888493803884,-87.73825232139,842100,5,170318421005
28,Sidewalk Menu (2025),300-400 S Sacramento Ave,155944.77,0.106237,41.875583955022,-87.701150773454,271200,1,170312712001
28,"Special Lighting Upgrade, People Plaza at Bishop & Taylor;",S BISHOP ST & W TAYLOR ST,145000.0,0.098781,41.869318993701,-87.662870040006,283100,1,170312831001
28,Street Cul-de-Sac Menu (2025),2900 W TAYLOR ST,4369.88,0.002977,41.869503269843,-87.698627574229,271800,1,170312718001
28,Street Light Pole Painting Menu (2025),S CENTRAL PARK AVE & W FIFTH AVE,4060.0,0.002766,41.875701980607,-87.715736966448,270500,1,170312705001
28,Street Resurfacing Menu (2025),340-400 S Christiana Ave,30184.23,0.020563,41.876085787954,-87.709790173783,271300,1,170312713001
28,Street Resurfacing Menu (2025),500-600 S Claremont Ave,34325.92,0.023384,41.874833112524,-87.685365559387,838000,2,170318380002
28,Street Resurfacing Menu (2025),500-520 S Millard Ave,19079.56,0.012998,41.874668869132,-87.717249564695,270500,1,170312705001
28,Street Resurfacing Menu (2025),1200-1400 S Morgan St,15293.23,0.010418,41.863146937389,-87.651234952571,283800,2,170312838002
28,Street Resurfacing Menu (2025),1100-1200 S Richmond St,45869.33,0.031248,41.868160908049,-87.69996406869,838600,2,170318386002
28,Street Resurfacing Menu (2025),330-500 S St Louis Ave,38183.3,0.026012,41.876199949475,-87.713287439064,271400,1,170312714001
28,Street Resurfacing Menu (2025),2300-2400 W 13th St,73502.19,0.050073,41.864923020762,-87.684427037688,842900,1,170318429001
28,Street Resurfacing Menu (2025),2730-2800 W 14th St,21758.55,0.014823,41.862836774356,-87.694453729021,843300,1,170318433001
28,Street Resurfacing Menu (2025),2800-2900 W Fillmore St,71331.04,0.048594,41.868513660444,-87.698608547309,838600,2,170318386002
28,Street Speed Hump Menu (2025),2300-2400 W Polk St,1632.92,0.001112,41.871490912452,-87.684015402423,282800,1,170312828001
28,Street Speed Hump Replacement (2025),330-500 S St Louis Ave,0.0,0.0,41.876199949475,-87.713287439064,271400,1,170312714001
28,Street Speed Hump Replacement (2025),2730-2800 W 14th St,0.0,0.0,41.862836774356,-87.694453729021,843300,1,170318433001
28,Street Speed Hump Replacement (2025),2800-2900 W Fillmore St,0.0,0.0,41.868513660444,-87.698608547309,838600,2,170318386002
28,Viaduct Improvement Menu (2025),2543 W OGDEN AVE,68266.39,0.046506,41.863153098087,-87.689167423029,843300,1,170318433001
28,,W GRENSHAW ST & S WESTERN AVE & S CAMPBELL AVE & W,21643.47,0.014745,41.86752711044,-87.686142226535,282700,1,170312827001
28,,W TAYLOR ST & S WESTERN AVE & S CAMPBELL AVE & W ARTHINGTON ST,21744.49,0.014813,41.870271010264,-87.688598040346,282700,1,170312827001
28,,3010 W JACKSON BLVD,31738.47,0.021622,41.877578479181,-87.701648160676,271200,1,170312712001
28,,2420 W GRENSHAW ST,0.0,0.0,41.867734772092,-87.68695812099,282700,1,170312827001
28,,2420 W TAYLOR ST,0.0,0.0,41.869580215714,-87.687033558119,282700,1,170312827001
28,,S CENTRAL PARK BLVD & W JACKSON BLVD,4060.0,0.002766,41.877235994617,-87.715782983096,270500,1,170312705001
29,Alley Resurfacing Menu (2025),5825 W AUGUSTA BLVD,13239.7,0.008869,41.898184591857,-87.771405795483,251300,3,170312513003
29,Alley Resurfacing Menu (2025),N MAJOR AVE & W NORTH AVE & W WABANSIA AVE & N MANGO AVE,42034.32,0.028159,41.911143391352,-87.769171263915,250400,2,170312504002
29,Alley Resurfacing Menu (2025),N MAYFIELD AVE & W LE MOYNE ST & W NORTH AVE & N MASON AVE,57824.47,0.038737,41.907484481068,-87.773103466152,250600,4,170312506004
29,Alley Resurfacing Menu (2025),N MAYFIELD AVE & W THOMAS ST & W AUGUSTA BLVD & N MONITOR AVE,35347.85,0.02368,41.898428002325,-87.771601010008,251300,4,170312513004
29,Alley Resurfacing Menu (2025),N MONITOR AVE & W POTOMAC AVE & W HIRSCH ST & N MAYFIELD AVE,42961.33,0.02878,41.903888015963,-87.771760014711,250600,3,170312506003
29,Alley Resurfacing Menu (2025),N NATCHEZ AVE & W CORTLAND ST & W BLOOMINGDALE AVE & N NAGLE AVE,34639.46,0.023205,41.912786998745,-87.78670603772,250500,1,170312505001
29,Alley Resurfacing Menu (2025),S MAYFIELD AVE & W FILLMORE ST & W ARTHINGTON ST & S MASON AVE,43657.75,0.029246,41.867315299747,-87.771736796839,831400,2,170318314002
29,Alley Resurfacing Menu (2025),W POTOMAC AVE & N MENARD AVE & N MASSASOIT AVE & W DIVISION ST,47417.94,0.031765,41.902110004752,-87.769276959714,250600,2,170312506002
29,Alley Speed Hump Menu (2025),852 N WALLER AVE,725.0,0.000486,41.896370873738,-87.768148420271,251300,2,170312513002
29,Alley Speed Hump Menu (2025),W POTOMAC AVE & N WALLER AVE & N PARKSIDE AVE & W DIVISION ST,1450.0,0.000971,41.902139006137,-87.766868000742,250600,2,170312506002
29,Alley Speed Hump Replacement (2025),5825 W AUGUSTA BLVD,0.0,0.0,41.898184591857,-87.771405795483,251300,3,170312513003
29,Alley Speed Hump Replacement (2025),N MAJOR AVE & W NORTH AVE & W WABANSIA AVE & N MANGO AVE,0.0,0.0,41.911143391352,-87.769171263915,250400,2,170312504002
29,Alley Speed Hump Replacement (2025),N MAYFIELD AVE & W LE MOYNE ST & W NORTH AVE & N MASON AVE,0.0,0.0,41.907484481068,-87.773103466152,250600,4,170312506004
29,Alley Speed Hump Replacement (2025),N MAYFIELD AVE & W THOMAS ST & W AUGUSTA BLVD & N MONITOR AVE,0.0,0.0,41.898428002325,-87.771601010008,251300,4,170312513004
29,Alley Speed Hump Replacement (2025),N MONITOR AVE & W POTOMAC AVE & W HIRSCH ST & N MAYFIELD AVE,0.0,0.0,41.903888015963,-87.771760014711,250600,3,170312506003
29,Alley Speed Hump Replacement (2025),S MAYFIELD AVE & W FILLMORE ST & W ARTHINGTON ST & S MASON AVE,0.0,0.0,41.867315299747,-87.771736796839,831400,2,170318314002
29,Alley Speed Hump Replacement (2025),W POTOMAC AVE & N MENARD AVE & N MASSASOIT AVE & W DIVISION ST,0.0,0.0,41.902110004752,-87.769276959714,250600,2,170312506002
29,Bollard Menu (2025),7039 W GRAND AVE,646.17,0.000433,41.9232665151,-87.80235580532,831600,4,170318316004
29,Harambee Community Garden - 445 N Waller Ave -,445 N WALLER AVE,10650.0,0.007134,41.888867519744,-87.767399832498,251400,4,170312514004
29,Miscellaneous CDOT Projects (2025),48 N PINE AVE,150.0,0.0001,41.881661429946,-87.763705341035,251900,4,170312519004
29,Miscellaneous CDOT Projects (2025),5500 W NORTH AVE,660.0,0.000442,41.909669559407,-87.763331927249,250300,3,170312503003
29,Rutherford Sayer Park - Nature Play Space,6871 W BELDEN AVE,25000.0,0.016748,41.921076144652,-87.798520760512,831600,4,170318316004
29,Sidewalk Menu (2025),5837-5839 W ARTHINGTON ST,26311.1,0.017626,41.869026004276,-87.770882010353,831400,2,170318314002
29,Speed Indicator Signs (2025),2052 N OAK PARK AVE,32620.7,0.021853,41.917819954417,-87.795360436568,250500,5,170312505005
29,Street Bump Outs Menu (2025),N WALLER AVE & W WASHINGTON BLVD,20000.0,0.013398,41.882203990539,-87.768152024489,252000,2,170312520002
29,Street Bump Outs Menu (2025),S AUSTIN BLVD & W ARTHINGTON ST,20000.0,0.013398,41.869115020088,-87.774248098849,831400,2,170318314002
29,Street Bump Outs Menu (2025),W FILLMORE ST & S MENARD AVE,25135.24,0.016838,41.867362783229,-87.769260363546,831400,2,170318314002
29,Street Light Pole for High Definition Camera Menu (2025),2052 N OAK PARK AVE,3000.0,0.00201,41.917819954417,-87.795360436568,250500,5,170312505005
29,Street Light Upgrade Menu (2025),1836 N NORMANDY AVE,500.0,0.000335,41.913811812137,-87.792770931401,250500,1,170312505001
29,Street Light Upgrade Menu (2025),5026-5028 W CONGRESS PKWY,500.0,0.000335,41.8742309566,-87.750409463304,252201,3,170312522013
29,Street Light Upgrade Menu (2025),5508 W JACKSON BLVD,500.0,0.000335,41.876793472039,-87.762096183264,252102,1,170312521021
29,Street Resurfacing Menu (2025),1400-1500 N Mason Ave,52993.9,0.035501,41.907605222383,-87.774703822925,250600,4,170312506004
29,Street Resurfacing Menu (2025),0-100 N Mason Ave,9684.86,0.006488,41.881652016869,-87.773312620266,252000,3,170312520003
29,Street Resurfacing Menu (2025),100-300 N Mason Ave,61771.06,0.041381,41.885739980212,-87.773695144697,252000,4,170312520004
29,Street Resurfacing Menu (2025),1600-1700 N Melvina Ave,54211.01,0.036316,41.911142804619,-87.780475266176,250400,5,170312504005
29,Street Resurfacing Menu (2025),1000-1100 N Menard Ave,55706.99,0.037318,41.900383919431,-87.77074119438,251300,4,170312513004
29,Street Resurfacing Menu (2025),1500-1600 N Menard Ave,41367.47,0.027712,41.907635145778,-87.770996088055,250600,4,170312506004
29,Street Resurfacing Menu (2025),1000-1200 N Monitor Ave,101605.27,0.068066,41.898568022018,-87.771899238123,251300,4,170312513004
29,Street Resurfacing Menu (2025),1700-1800 N Moody Ave,55342.66,0.037074,41.911171596456,-87.779228877173,250400,5,170312504005
29,Street Resurfacing Menu (2025),1800-1900 N Natoma Ave,66211.86,0.044355,41.914665508976,-87.791550945394,250500,1,170312505001
29,Street Resurfacing Menu (2025),3000-3200 N Oconto Ave,99277.12,0.066506,41.934632291987,-87.808132864446,170900,1,170311709001
29,Street Resurfacing Menu (2025),3100-3200 N Oketo Ave,56779.64,0.038037,41.938042952588,-87.811362284787,170800,2,170311708002
29,Street Resurfacing Menu (2025),5000-5100 W Congress Pkwy,105439.45,0.070634,41.874179617443,-87.753523927067,252201,3,170312522013
29,Street Resurfacing Menu (2025),5709-5900 W Midway Park,109739.7,0.073515,41.888788897492,-87.768234418597,251400,4,170312514004
29,Street Resurfacing Menu (2025),5900-6000 W Ohio St,58630.92,0.039277,41.891270276108,-87.772349765418,251400,3,170312514003
29,Street Resurfacing Menu (2025),6000-5900 W Superior St,22636.17,0.015164,41.89407062805,-87.772453868656,251400,3,170312514003
29,Street Speed Hump Menu (2025),1600-1700 N Meade Ave,4880.0,0.003269,41.911188611719,-87.778020458193,250400,4,170312504004
29,Street Speed Hump Menu (2025),2500-2600 N Nordica Ave,4880.0,0.003269,41.92735600375,-87.803060723377,831600,3,170318316003
29,Street Speed Hump Menu (2025),1700-1800 N Nordica Ave,4880.0,0.003269,41.912731259089,-87.802645232437,250500,7,170312505007
29,Street Speed Hump Menu (2025),420-500 N Parkside Ave,2440.0,0.001635,41.889718405795,-87.766577520647,251400,2,170312514002
29,Street Speed Hump Menu (2025),500-600 S Lavergne Ave,2440.0,0.001635,41.872981250745,-87.749187343354,831400,1,170318314001
29,Street Speed Hump Menu (2025),7100-7150 W Dickens Ave,2440.0,0.001635,41.918211095928,-87.802834160534,250500,7,170312505007
29,Street Speed Hump Menu (2025),6930-7000 W Wabansia Ave,2440.0,0.001635,41.910828483683,-87.800771478916,250500,3,170312505003
29,Street Speed Hump Menu (2025),7100-7150 W Wabansia Ave,2440.0,0.001635,41.910795038721,-87.80408529789,250500,7,170312505007
29,Street Speed Hump Replacement (2025),0-100 N Mason Ave,0.0,0.0,41.881652016869,-87.773312620266,252000,3,170312520003
29,Street Speed Hump Replacement (2025),100-300 N Mason Ave,0.0,0.0,41.885739980212,-87.773695144697,252000,4,170312520004
29,Street Speed Hump Replacement (2025),1000-1100 N Menard Ave,0.0,0.0,41.900383919431,-87.77074119438,251300,4,170312513004
29,Street Speed Hump Replacement (2025),1000-1200 N Monitor Ave,0.0,0.0,41.898568022018,-87.771899238123,251300,4,170312513004
29,Street Speed Hump Replacement (2025),1800-1900 N Natoma Ave,0.0,0.0,41.914665508976,-87.791550945394,250500,1,170312505001
29,Street Speed Hump Replacement (2025),3100-3200 N Oketo Ave,0.0,0.0,41.938042952588,-87.811362284787,170800,2,170311708002
29,Street Speed Hump Replacement (2025),5000-5100 W Congress Pkwy,0.0,0.0,41.874179617443,-87.753523927067,252201,3,170312522013
29,Veteran's Peace Community Garden Improvements -,5413 W MADISON ST,15000.0,0.010049,41.880050595794,-87.760544441529,252102,4,170312521024
29,installation of pergola and lighting Miscellaneous CDOT Projects (2025),1204 N MASON AVE,660.0,0.000442,41.902178148225,-87.774212525469,250600,3,170312506003
29,,W AUGUSTA BLVD & N MAYFIELD AVE & N MENARD AVE & W WALTON ST,13239.7,0.008869,41.898405999829,-87.772790988801,251300,5,170312513005
29,,W AUGUSTA BLVD & N MAYFIELD AVE & N MENARD AVE & W WALTON ST,0.0,0.0,41.898405999829,-87.772790988801,251300,5,170312513005
29,,2379 N NORDICA AVE,646.17,0.000433,41.923227081211,-87.80249852899,831600,4,170318316004
30,(2025) Miscellaneous CDOT Projects (2025),3600 N LINDER AVE,660.0,0.000547,41.94604944994,-87.764607485274,150700,3,170311507003
30,Alley Apron Menu (2025),4014 W PATTERSON AVE,18400.44,0.015245,41.947494448138,-87.728114858143,161000,2,170311610002
30,Alley Apron Menu (2025),4252-4256 W GRACE ST,19002.61,0.015744,41.950149374059,-87.734719211112,161100,1,170311611001
30,Alley Resurfacing Menu (2025),4140 W HENDERSON ST,21063.51,0.017452,41.941966331537,-87.731380699077,161300,4,170311613004
30,Alley Resurfacing Menu (2025),W ADDISON ST & N MEADE AVE & N MELVINA AVE & W EDDY ST,14631.39,0.012123,41.945743803841,-87.778938108952,171100,1,170311711001
30,Alley Resurfacing Menu (2025),W PATTERSON AVE & N LECLAIRE AVE & N LARAMIE AVE & W ADDISON ST,13471.45,0.011162,41.946970998285,-87.75451399747,150800,3,170311508003
30,Alley Speed Hump Menu (2025),N MAJOR AVE & W DIVERSEY AVE & W GEORGE ST & N PARKSIDE AVE,2900.0,0.002403,41.933097984611,-87.767521034818,190402,2,170311904022
30,Alley Speed Hump Removal Menu (2025),N MAJOR AVE & W DIVERSEY AVE & W GEORGE ST & N PARKSIDE AVE,2900.0,0.002403,41.933097984611,-87.767521034818,190402,2,170311904022
30,Alley Speed Hump Replacement (2025),4140 W HENDERSON ST,0.0,0.0,41.941966331537,-87.731380699077,161300,4,170311613004
30,Alley Speed Hump Replacement (2025),ROSCOE ST W PATTERSON AVE & N LECLAIRE AVE & N LARAMIE AVE & W ADDISON ST,0.0,0.0,41.946970998285,-87.75451399747,150800,3,170311508003
30,Bollard Menu (2025),5943 W ROSCOE ST,2182.48,0.001808,41.941898815307,-87.775627257198,151200,3,170311512003
30,"In-Road ""State Law Stop For Pedestrians"" Sign Menu",W BELMONT AVE & N MEADE AVE,600.0,0.000497,41.938430006587,-87.778615992413,171100,2,170311711002
30,Miscellaneous CDOT Projects (2025),3600 N MILWAUKEE AVE,660.0,0.000547,41.946278130932,-87.735746381003,161100,2,170311611002
30,Miscellaneous CDOT Projects (2025),3701 N HARDING AVE,660.0,0.000547,41.948270222512,-87.725955435271,160900,2,170311609002
30,Miscellaneous CDOT Projects (2025),5601 W GRAND AVE,33500.0,0.027756,41.918474329598,-87.765983542318,191302,2,170311913022
30,Pavement Markings Menu (2025),2941 N MCVICKER AVE,20000.0,0.016571,41.934203096635,-87.776891415835,190401,2,170311904012
30,Pavement Markings Menu (2025),4000-4500 W Belmont Ave,6500.0,0.005385,41.939705983708,-87.739967036871,161200,2,170311612002
30,Pavement Markings Menu (2025),W BELMONT AVE & N KARLOV AVE,4000.0,0.003314,41.939082998754,-87.729642962911,161300,2,170311613002
30,Sidewalk Menu (2025),3633 N SPRINGFIELD AVE,12048.43,0.009983,41.947383387921,-87.724697891495,160900,2,170311609002
30,Sidewalk Menu (2025),3663 N AVERS AVE,10996.13,0.009111,41.948253136104,-87.72346642228,160900,2,170311609002
30,Sidewalk Menu (2025),4157-4200 W HENDERSON ST,18110.75,0.015005,41.941548409845,-87.731949411208,161300,3,170311613003
30,Sidewalk Menu (2025),5637 W SCHOOL ST,2178.59,0.001805,41.940174029181,-87.768030822169,151200,2,170311512002
30,Sidewalk Menu (2025),5835 W DIVERSEY AVE,56727.46,0.047001,41.930955025335,-87.772491671039,190602,3,170311906023
30,Sidewalk Menu (2025),3600-3700 N Harding Ave,36115.76,0.029923,41.948385821631,-87.726546855516,160900,2,170311609002
30,Street Bump Outs Menu (2025),N KEELER AVE & W GRACE ST,21901.8,0.018146,41.949971593893,-87.732359370092,161000,2,170311610002
30,Street Bump Outs Menu (2025),N KEELER AVE & W WAVELAND AVE,4255.64,0.003526,41.948148990957,-87.732306983197,161000,2,170311610002
30,Street Light Upgrade Menu (2025),6046 W CORNELIA AVE,500.0,0.000414,41.944129114013,-87.778266047956,171100,1,170311711001
30,Street Resurfacing Menu (2025),3800-3900 N Lawndale Ave,59364.63,0.049186,41.952263834864,-87.720843305681,160900,1,170311609001
30,Street Resurfacing Menu (2025),3700-3900 N Lowell Ave,118379.01,0.098081,41.948134574084,-87.737067485106,161100,2,170311611002
30,Street Resurfacing Menu (2025),2700-2800 N Meade Ave,53455.69,0.04429,41.92941028249,-87.778585482286,190601,1,170311906011
30,Street Resurfacing Menu (2025),3200-3400 N Melvina Ave,140619.31,0.116508,41.942773604534,-87.7813372505,171100,1,170311711001
30,Street Resurfacing Menu (2025),2500-2600 N Menard Ave,60768.59,0.050349,41.925862641971,-87.771234888477,190602,3,170311906023
30,Street Resurfacing Menu (2025),3900-4000 W Dakin St,38310.17,0.031741,41.952989707679,-87.725243385753,160900,2,170311609002
30,Street Resurfacing Menu (2025),3900-4000 W Eddy St,50299.15,0.041675,41.945717819941,-87.725128218404,831100,3,170318311003
30,Street Resurfacing Menu (2025),5300-5400 W Melrose St,53904.04,0.044661,41.939803674789,-87.759364772476,151100,2,170311511002
30,Street Resurfacing Menu (2025),4058-4000 W Patterson Ave,55476.62,0.045964,41.947466326853,-87.729792412245,161000,2,170311610002
30,Street Resurfacing Menu (2025),3700-3800 W Roscoe St,67113.1,0.055606,41.942865848228,-87.722467955603,831100,3,170318311003
30,Street Speed Hump Menu (2025),3500-3580 N Kildare Ave,2440.0,0.002022,41.944500013229,-87.734935967128,161200,1,170311612001
30,Street Speed Hump Menu (2025),3800-3900 N Lawndale Ave,4880.0,0.004043,41.952263834864,-87.720843305681,160900,1,170311609001
30,Street Speed Hump Menu (2025),3530-3600 N Major Ave,2440.0,0.002022,41.94500576006,-87.769199259572,151200,1,170311512001
30,Street Speed Hump Menu (2025),2600-2700 N Major Ave,4880.0,0.004043,41.929554660772,-87.768876556199,190602,2,170311906022
30,Street Speed Hump Menu (2025),2700-2800 N Meade Ave,4880.0,0.004043,41.92941028249,-87.778585482286,190601,1,170311906011
30,Street Speed Hump Menu (2025),2900-3000 N Melvina Ave,4880.0,0.004043,41.933033402047,-87.781192086535,190401,2,170311904012
30,Street Speed Hump Menu (2025),3300-3400 N Ridgeway Ave,4880.0,0.004043,41.942971615094,-87.721477229018,831100,2,170318311002
30,Street Speed Hump Menu (2025),6100-6200 W Cornelia Ave,4880.0,0.004043,41.94409474821,-87.781482351842,171100,1,170311711001
30,Street Speed Hump Menu (2025),4800-4900 W Warwick Ave,4880.0,0.004043,41.949043256207,-87.749945273506,150800,2,170311508002
30,Street Speed Hump Replacement (2025),3200-3400 N Melvina Ave,0.0,0.0,41.942773604534,-87.7813372505,171100,1,170311711001
30,Street Speed Hump Replacement (2025),2500-2600 N Menard Ave,0.0,0.0,41.925862641971,-87.771234888477,190602,3,170311906023
30,Street Speed Hump Replacement (2025),3900-4000 W Eddy St,0.0,0.0,41.945717819941,-87.725128218404,831100,3,170318311003
30,,W HENDERSON ST & N KEDVALE AVE & N KEELER AVE & W ROSCOE ST,21063.51,0.017452,41.941760304357,-87.730740070218,161300,3,170311613003
30,,6101 W ADDISON ST,14631.39,0.012123,41.945510745023,-87.779089486124,171100,1,170311711001
30,,5101 W PATTERSON AVE,13471.45,0.011162,41.946750763779,-87.754685323571,150800,3,170311508003
30,,W HENDERSON ST & N KEDVALE AVE & N KEELER AVE & W,0.0,0.0,41.941760304357,-87.730740070218,161300,3,170311613003
30,,5101 W PATTERSON AVE,0.0,0.0,41.946750763779,-87.754685323571,150800,3,170311508003
30,,3231 N SPRINGFIELD AVE,20000.0,0.016571,41.939863228211,-87.724506029731,831100,3,170318311003
30,,3815 N KEDVALE AVE,20000.0,0.016571,41.950469059847,-87.730246040844,161000,1,170311610001
30,,3642 N SPRINGFIELD AVE,12048.43,0.009983,41.947682328498,-87.7252999636,160900,2,170311609002
30,,3652 N SPRINGFIELD AVE,12048.43,0.009983,41.947939946292,-87.725273728243,160900,2,170311609002
30,,3600 N AVERS AVE,10996.13,0.009111,41.946590669428,-87.72409833396,160900,2,170311609002
30,,3634 N AVERS AVE,10996.13,0.009111,41.947554211108,-87.724119540175,160900,2,170311609002
30,,3640 N AVERS AVE,10996.13,0.009111,41.947694901353,-87.724131023383,160900,2,170311609002
30,,3900 W EDDY ST,0.0,0.0,41.945717819941,-87.725128218404,831100,3,170318311003
31,Alley Apron Menu (2025),2951 N LONG AVE,16423.46,0.011529,41.93462420345,-87.761278528609,190300,3,170311903003
31,Alley Resurfacing Menu (2025),2300-2358 N KOSTNER AVE,2380.61,0.001671,41.922679698059,-87.73681695002,200300,2,170312003002
31,Alley Resurfacing Menu (2025),2800 N LONG AVE,20052.1,0.014076,41.931400418274,-87.761414866251,190300,4,170311903004
31,Alley Resurfacing Menu (2025),5400 W FULLERTON AVE,23327.55,0.016375,41.92430708647,-87.761245336272,190702,3,170311907023
31,Alley Resurfacing Menu (2025),N KENNETH AVE & W GEORGE ST & W WELLINGTON AVE & N KILBOURN AVE,41789.44,0.029335,41.935281009383,-87.739345015837,200100,3,170312001003
31,Alley Resurfacing Menu (2025),N KENNETH AVE & W WELLINGTON AVE & W BARRY AVE & N KILBOURN AVE,34544.44,0.024249,41.935304017707,-87.738123018173,200100,2,170312001002
31,Alley Resurfacing Menu (2025),W ALTGELD ST & N KILPATRICK AVE & N CICERO AVE & W DEMING PL,39393.49,0.027653,41.926268996637,-87.743928994864,190900,1,170311909001
31,Alley Resurfacing Menu (2025),W BELDEN AVE & N LAMON AVE & N LAVERGNE AVE & W MEDILL AVE,31375.97,0.022025,41.923287679406,-87.75120540883,191100,5,170311911005
31,Alley Resurfacing Menu (2025),W DEMING PL & N KILBOURN AVE & N KENTON AVE & W WRIGHTWOOD AVE,43163.35,0.030299,41.928493386101,-87.742006270095,190900,1,170311909001
31,Alley Resurfacing Menu (2025),W DEMING PL & N KOSTNER AVE & N KILBOURN AVE & W WRIGHTWOOD AVE,34591.95,0.024282,41.928648996134,-87.739144017798,200200,4,170312002004
31,Alley Resurfacing Menu (2025),W NELSON ST & N LAVERGNE AVE & N LECLAIRE AVE & W BARRY AVE,37339.77,0.026211,41.936029890522,-87.75168761972,190200,2,170311902002
31,Alley Speed Hump Replacement (2025),5400 W FULLERTON AVE,0.0,0.0,41.92430708647,-87.761245336272,190702,3,170311907023
31,Alley Speed Hump Replacement (2025),N KENNETH AVE & W GEORGE ST & W WELLINGTON AVE & N KILBOURN AVE,0.0,0.0,41.935281009383,-87.739345015837,200100,3,170312001003
31,Alley Speed Hump Replacement (2025),N KENNETH AVE & W WELLINGTON AVE & W BARRY AVE & N KILBOURN AVE,0.0,0.0,41.935304017707,-87.738123018173,200100,2,170312001002
31,Alley Speed Hump Replacement (2025),W ALTGELD ST & N KILPATRICK AVE & N CICERO AVE & W DEMING PL,0.0,0.0,41.926268996637,-87.743928994864,190900,1,170311909001
31,Alley Speed Hump Replacement (2025),W BELDEN AVE & N LAMON AVE & N LAVERGNE AVE & W MEDILL AVE,0.0,0.0,41.923287679406,-87.75120540883,191100,5,170311911005
31,Alley Speed Hump Replacement (2025),W DEMING PL & N KILBOURN AVE & N KENTON AVE & W WRIGHTWOOD AVE,0.0,0.0,41.928493386101,-87.742006270095,190900,1,170311909001
31,Alley Speed Hump Replacement (2025),W DEMING PL & N KOSTNER AVE & N KILBOURN AVE & W WRIGHTWOOD AVE,0.0,0.0,41.928648996134,-87.739144017798,200200,4,170312002004
31,Alley Speed Hump Replacement (2025),W NELSON ST & N LAVERGNE AVE & N LECLAIRE AVE & W BARRY AVE,0.0,0.0,41.936029890522,-87.75168761972,190200,2,170311902002
31,Curb & Gutter Menu (2025),5307 W SCHUBERT AVE,24817.99,0.017421,41.929336186465,-87.759206270687,190701,2,170311907012
31,Floodlight Menu (2025),2318 N LAVERGNE AVE,5750.0,0.004036,41.922880109364,-87.751878559474,191100,5,170311911005
31,Sidewalk Menu (2025),3111 N KOSTNER AVE,5715.44,0.004012,41.937538800732,-87.736741848167,200100,2,170312001002
31,Sidewalk Menu (2025),4175 W FLETCHER ST,2305.86,0.001619,41.937909322762,-87.732488451401,210400,1,170312104001
31,Sidewalk Menu (2025),5019 W WRIGHTWOOD AVE,4755.95,0.003338,41.927619027871,-87.752203777317,190800,4,170311908004
31,Sidewalk Menu (2025),5420 W DRUMMOND PL,1883.94,0.001322,41.92880427089,-87.762169944012,190701,1,170311907011
31,Sidewalk Menu (2025),3000-3110 N Avers Ave,128764.34,0.090388,41.935614525311,-87.723523838317,210501,2,170312105012
31,Sidewalk Menu (2025),3072-3030 N Haussen Ct,66170.42,0.046449,41.93705763758,-87.723170792555,210501,2,170312105012
31,Street Light Upgrade Menu (2025),2318 N LAVERGNE AVE,1500.0,0.001053,41.922880109364,-87.751878559474,191100,5,170311911005
31,Street Resurfacing Menu (2025),3000-3070 N Hamlin Ave,54849.87,0.038502,41.935616914153,-87.722429916133,210501,2,170312105012
31,Street Resurfacing Menu (2025),2300-2400 N Kilbourn Ave,66203.83,0.046473,41.924549910205,-87.739159691957,200200,3,170312002003
31,Street Resurfacing Menu (2025),2570-2740 N Kilbourn Ave,98964.38,0.069469,41.93088238615,-87.739285554103,200200,4,170312002004
31,Street Resurfacing Menu (2025),3100-3200 N Knox Ave,52817.74,0.037076,41.937129338515,-87.743245534898,190100,1,170311901001
31,Street Resurfacing Menu (2025),2900-3000 N Kostner Ave,29756.25,0.020888,41.93543879871,-87.737249875319,200100,2,170312001002
31,Street Resurfacing Menu (2025),2400-2500 N Lorel Ave,48231.62,0.033857,41.924213795887,-87.760043455176,190702,3,170311907023
31,Street Resurfacing Menu (2025),4400-4430 W Belden Ave,39592.99,0.027793,41.922584826314,-87.739186293514,200300,2,170312003002
31,Street Resurfacing Menu (2025),5000-5100 W Deming Pl,56131.32,0.039402,41.927114018205,-87.754008987804,190800,4,170311908004
31,Street Resurfacing Menu (2025),5100-5200 W Parker Ave,55583.86,0.039018,41.930574239312,-87.756470362849,190701,2,170311907012
31,Street Resurfacing Menu (2025),5400-5500 W Parker Ave,56937.54,0.039968,41.930603781683,-87.763933580259,190701,1,170311907011
31,Street Speed Hump Menu (2025),2520 N KILBOURN AVE,1220.0,0.000856,41.927140882205,-87.739271255089,200200,3,170312002003
31,Street Speed Hump Menu (2025),PL (2530 N) 2700-2759 N KILPATRICK AVE,2440.0,0.001713,41.932121124861,-87.744090077365,190100,1,170311901001
31,Street Speed Hump Menu (2025),4500 W ALTGELD ST,2440.0,0.001713,41.926597525331,-87.739239822952,200200,3,170312002003
31,Street Speed Hump Menu (2025),AVE (4600 W) 5028 W DEMING PL,2440.0,0.001713,41.927136900801,-87.752514829744,190800,4,170311908004
31,Street Speed Hump Menu (2025),3000-3070 N Hamlin Ave,0.0,0.0,41.935616914153,-87.722429916133,210501,2,170312105012
31,Street Speed Hump Menu (2025),2430-2500 N Kilbourn Ave,1220.0,0.000856,41.926654701695,-87.739150247743,200200,3,170312002003
31,Street Speed Hump Menu (2025),3000-3100 N Kilbourn Ave,2440.0,0.001713,41.937239399151,-87.739730751021,200100,3,170312001003
31,Street Speed Hump Menu (2025),3100-3200 N Knox Ave,2440.0,0.001713,41.937129338515,-87.743245534898,190100,1,170311901001
31,Street Speed Hump Menu (2025),2800-3400 N Lamon Ave,21960.0,0.015415,41.931678949323,-87.749127325714,190200,4,170311902004
31,Street Speed Hump Menu (2025),2400-2500 N Tripp Ave,2440.0,0.001713,41.926370082389,-87.733283894012,200200,2,170312002002
31,Street Speed Hump Menu (2025),5000-5200 W Drummond Pl,4880.0,0.003426,41.928961473484,-87.751594329137,190800,5,170311908005
31,Street Speed Hump Menu (2025),4310-4400 W George St,4880.0,0.003426,41.933561203944,-87.736926791853,200100,2,170312001002
31,Street Speed Hump Menu (2025),4800-4900 W Medill Ave,4880.0,0.003426,41.923513445968,-87.748925698804,191100,4,170311911004
31,Street Speed Hump Menu (2025),4800-5000 W Newport Ave,12200.0,0.008564,41.943413006115,-87.752165974934,151001,1,170311510011
31,Street Speed Hump Menu (2025),4800-4900 W Parker Ave,4880.0,0.003426,41.930832733368,-87.749251671019,190800,1,170311908001
31,Street Speed Hump Replacement (2025),2300-2400 N Kilbourn Ave,0.0,0.0,41.924549910205,-87.739159691957,200200,3,170312002003
31,Street Speed Hump Replacement (2025),5100-5200 W Parker Ave,0.0,0.0,41.930574239312,-87.756470362849,190701,2,170311907012
31,,N KOSTNER AVE & W BELDEN AVE & W FULLERTON AVE & N KENNETH AVE,2380.61,0.001671,41.924318988772,-87.737810959917,200300,2,170312003002
31,,N LONG AVE & W DIVERSEY AVE & W GEORGE ST & N LOTUS AVE,20052.1,0.014076,41.931342981724,-87.761338040122,190300,4,170311903004
31,,W FULLERTON AVE & N LONG AVE & N LOTUS AVE & W ALTGELD ST,23327.55,0.016375,41.924096994067,-87.761071998515,190702,3,170311907023
31,,W FULLERTON AVE & N LONG AVE & N LOTUS AVE & W ALTGELD ST,0.0,0.0,41.924096994067,-87.761071998515,190702,3,170311907023
31,,5434 W DRUMMOND PL,1883.94,0.001322,41.928803265062,-87.762665565946,190701,1,170311907011
31,,5418 W DRUMMOND PL,1883.94,0.001322,41.928794589792,-87.762073719763,190701,1,170311907011
31,,3040-3102 N HAUSSEN CT,66170.42,0.046449,41.937508081057,-87.722685145085,210501,2,170312105012
31,,3037-3107 N HAUSSEN CT,66170.42,0.046449,41.93737279714,-87.722106374671,210501,2,170312105012
31,,2920-2930 N KOSTNER AVE,29756.25,0.020888,41.93444587846,-87.737187513959,200100,2,170312001002
31,,ON N KILBOURN AVE FROM W ALTGELD ST (2500 N) TO W DEMING,1220.0,0.000856,41.972019189772,-87.740530543806,140400,4,170311404004
31,,2699-2800 N Kilpatrick Ave,2440.0,0.001713,41.929507044818,-87.744001263744,190900,1,170311909001
31,,ON W ALTGELD ST FROM N KILBOURN AVE (4500 W) TO N KENTON,2440.0,0.001713,41.972019189772,-87.740530543806,140400,4,170311404004
31,,5000-5100 W Deming Pl,2440.0,0.001713,41.927114018205,-87.754008987804,190800,4,170311908004
31,,2462 N,1220.0,0.000856,42.3194045,-87.8560966,,,
31,,3002 N,2440.0,0.001713,42.3194045,-87.8560966,,,
31,,3132 N KNOX AVE,2440.0,0.001713,41.938039158442,-87.743470337122,190100,1,170311901001
31,,2400 N TRIPP AVE,2440.0,0.001713,41.925217934481,-87.732986191021,200200,2,170312002002
32,Alley Apron Menu (2025),2114 W LYNDALE ST,2845.41,0.001948,41.922945488208,-87.680961958915,832200,1,170318322001
32,Alley Apron Menu (2025),3542 N SEELEY AVE,34496.73,0.023616,41.946328818773,-87.680016396418,050800,1,170310508001
32,Alley Resurfacing Menu (2025),1900-1930 W NORTH AVE,4317.77,0.002956,41.910715369466,-87.675208955852,240300,1,170312403001
32,Alley Resurfacing Menu (2025),N LINCOLN AVE & W BARRY AVE & N ASHLAND AVE & N LINCOLN AVE,53869.21,0.036879,41.939711515764,-87.6687139029,062500,1,170310625001
32,Alley Resurfacing Menu (2025),N WINCHESTER AVE & N ELSTON CT & N LISTER AVE & N DAMEN AVE,24872.57,0.017028,41.923831203917,-87.677824612557,832300,1,170318323001
32,Alley Resurfacing Menu (2025),1300-1399 W Wellington Ave,23831.42,0.016315,41.936363448359,-87.66141452252,062800,3,170310628003
32,Alley Resurfacing Menu (2025),W ADDISON ST & N BELL AVE & N OAKLEY AVE & W CORNELIA AVE,54102.12,0.037038,41.944955988761,-87.685750959295,050900,1,170310509001
32,Alley Resurfacing Menu (2025),W ALTGELD ST & N GREENVIEW AVE & N BOSWORTH AVE & W WRIGHTWOOD AVE,17627.57,0.012068,41.928790985573,-87.667053028786,070600,1,170310706001
32,Alley Resurfacing Menu (2025),W ALTGELD ST & N JANSSEN AVE & N GREENVIEW AVE & W FULLERTON AVE,46426.83,0.031784,41.925193011726,-87.66573598034,070600,2,170310706002
32,Alley Resurfacing Menu (2025),W ALTGELD ST & N RACINE AVE & N SURREY CT & W MONTANA ST,53253.51,0.036457,41.927104001831,-87.65850499629,070400,2,170310704002
32,Alley Resurfacing Menu (2025),W CHARLESTON ST & N OAKLEY AVE & N WESTERN AVE & W DICKENS AVE,81915.96,0.056079,41.919895020276,-87.685017961862,221600,1,170312216001
32,Alley Resurfacing Menu (2025),W CORNELIA AVE & N BELL AVE & N OAKLEY AVE & W ROSCOE ST,45899.2,0.031422,41.944980002914,-87.684525022136,050900,1,170310509001
32,Alley Resurfacing Menu (2025),W CORNELIA AVE & N LEAVITT ST & N BELL AVE & W ROSCOE ST,40261.03,0.027562,41.944976985429,-87.683331020029,050800,1,170310508001
32,Alley Resurfacing Menu (2025),W DIVERSEY PKWY & N RACINE AVE & N MAGNOLIA AVE & W SCHUBERT AVE,32970.83,0.022572,41.930712997881,-87.659837970352,070500,1,170310705001
32,Alley Resurfacing Menu (2025),W MCLEAN AVE & N OAKLEY AVE & N WESTERN AVE & W ARMITAGE AVE,57719.8,0.039515,41.917582998014,-87.687438990775,221500,1,170312215001
32,Alley Resurfacing Menu (2025),W MONTANA ST & N OAKLEY AVE & N WESTERN AVE & W FULLERTON AVE,70232.17,0.048081,41.925210320356,-87.682283030675,830900,1,170318309001
32,Alley Resurfacing Menu (2025),W WRIGHTWOOD AVE & N WAYNE AVE & N SOUTHPORT AVE & W ALTGELD ST,52003.21,0.035601,41.928854017485,-87.662219017587,070500,3,170310705003
32,Alley Speed Hump Replacement (2025),N LINCOLN AVE & W BARRY AVE & N ASHLAND AVE & N LINCOLN AVE,0.0,0.0,41.939711515764,-87.6687139029,062500,1,170310625001
32,Alley Speed Hump Replacement (2025),N WINCHESTER AVE & N ELSTON CT & N LISTER AVE & N DAMEN AVE,0.0,0.0,41.923831203917,-87.677824612557,832300,1,170318323001
32,Alley Speed Hump Replacement (2025),W ADDISON ST & N BELL AVE & N OAKLEY AVE & W CORNELIA AVE,0.0,0.0,41.944955988761,-87.685750959295,050900,1,170310509001
32,Alley Speed Hump Replacement (2025),W CHARLESTON ST & N OAKLEY AVE & N WESTERN AVE & W DICKENS AVE,0.0,0.0,41.919895020276,-87.685017961862,221600,1,170312216001
32,Alley Speed Hump Replacement (2025),W CORNELIA AVE & N BELL AVE & N OAKLEY AVE & W ROSCOE ST,0.0,0.0,41.944980002914,-87.684525022136,050900,1,170310509001
32,Alley Speed Hump Replacement (2025),W CORNELIA AVE & N LEAVITT ST & N BELL AVE & W ROSCOE ST,0.0,0.0,41.944976985429,-87.683331020029,050800,1,170310508001
32,Alley Speed Hump Replacement (2025),W WABANSIA AVE & N WOLCOTT AVE & N WINCHESTER AVE & W NORTH AVE,0.0,0.0,41.910511018667,-87.67626096852,240300,1,170312403001
32,Arterial Street Bump Outs Menu (2025),1730-2000 W Armitage Ave,69961.19,0.047895,41.917948365173,-87.677823103814,832200,2,170318322002
32,Curb & Gutter Menu (2025),2247 N OAKLEY AVE,9639.01,0.006599,41.923225024679,-87.684894244971,221600,1,170312216001
32,Curb & Gutter Menu (2025),3104 N WOLCOTT AVE,6139.39,0.004203,41.937973653869,-87.676063155605,051300,1,170310513001
32,Pavement Markings Menu (2025),1901 N DAMEN AVE,3100.0,0.002122,41.916239043659,-87.677228826879,831000,2,170318310002
32,Pavement Markings Menu (2025),2130-2200 N Western Ave,2250.0,0.00154,41.921868162193,-87.687877364311,221500,1,170312215001
32,Pavement Markings Menu (2025),2100-2330 W Addison St,2700.0,0.001848,41.947087967744,-87.681156502888,050500,4,170310505004
32,Pavement Markings Menu (2025),W ADDISON ST & N OAKLEY AVE,1350.0,0.000924,41.946785003853,-87.685810973721,050500,5,170310505005
32,Sidewalk Menu (2025),3057 N ASHLAND AVE,3233.72,0.002214,41.937729991943,-87.668202020073,062700,3,170310627003
32,Street Bump Outs Menu (2025),N WOLCOTT AVE & W SCHOOL ST,256.84,0.000176,41.941429009634,-87.675971038489,051200,1,170310512001
32,Street Bump Outs Menu (2025),W BARRY AVE & N RAVENSWOOD AVE,24000.0,0.01643,41.937799980835,-87.673381030407,062600,1,170310626001
32,Street Resurfacing Menu (2025),3130-3200 N Lakewood Ave,36970.23,0.02531,41.939886990907,-87.661532958812,062300,1,170310623001
32,Street Resurfacing Menu (2025),3000-3030 N Lakewood Ave,55982.54,0.038325,41.93725826463,-87.661347047432,062800,3,170310628003
32,Street Resurfacing Menu (2025),2230-2300 N Oakley Ave,30192.81,0.02067,41.923462526295,-87.685211981005,221600,1,170312216001
32,Street Resurfacing Menu (2025),2800-3100 N Paulina St,219292.13,0.150126,41.932463013536,-87.670963018979,062600,1,170310626001
32,Street Resurfacing Menu (2025),2000-2100 W Cortland St,56790.74,0.038879,41.916357982865,-87.677674995585,832200,3,170318322003
32,Street Resurfacing Menu (2025),1800-1900 W Henderson St,53823.51,0.036847,41.942446991774,-87.676348978503,051200,1,170310512001
32,Street Resurfacing Menu (2025),2300-2400 W Medill Ave,75591.29,0.051749,41.924288604373,-87.685375030937,221600,2,170312216002
32,Street Resurfacing Menu (2025),1900-2000 W School St,60251.35,0.041248,41.941610184471,-87.6761622297,051200,1,170310512001
32,Street Speed Hump Menu (2025),ON N HERMITAGE AVE FROM W WABANSIA AVE (1700 N) TO W BLOOMINGDALE AVE (1800,4880.0,0.003341,41.91432719302,-87.670311679562,832300,1,170318323001
32,Street Speed Hump Menu (2025),2600-2800 N Marshfield Ave,2440.0,0.00167,41.928998563406,-87.669678157042,070700,1,170310707001
32,Street Speed Hump Menu (2025),1200-1300 W Altgeld St,2440.0,0.00167,41.927578375641,-87.660763332462,070500,2,170310705002
32,Street Speed Hump Menu (2025),2100-2200 W Barry Ave,4880.0,0.003341,41.937942431279,-87.680918205381,051400,1,170310514001
32,Street Speed Hump Menu (2025),2000-2100 W Cornelia Ave,4880.0,0.003341,41.945061094037,-87.680984558091,050800,1,170310508001
32,Street Speed Hump Menu (2025),1500-1600 W School St,2440.0,0.00167,41.941865874427,-87.666427738809,062400,1,170310624001
32,Street Speed Hump Menu (2025),1600-1630 W Wrightwood Ave,2440.0,0.00167,41.928819299359,-87.669354922151,070700,1,170310707001
32,Street Speed Hump Replacement (2025),2300-2400 W Medill Ave,0.0,0.0,41.924288604373,-87.685375030937,221600,2,170312216002
32,,W WABANSIA AVE & N WOLCOTT AVE & N WINCHESTER AVE & W NORTH AVE,4317.77,0.002956,41.910511018667,-87.67626096852,240300,1,170312403001
32,,2940 N LAKEWOOD AVE,23831.42,0.016315,41.935549272194,-87.661533797002,062800,3,170310628003
32,,1900-1930 W,0.0,0.0,41.762504710185,-87.579262032644,430500,1,170314305001
33,Alley Resurfacing Menu (2025),3221 N SACRAMENTO AVE,9919.06,0.011837,41.940098885419,-87.701931049908,210100,2,170312101002
33,Alley Resurfacing Menu (2025),3921 N TROY ST,17193.8,0.020518,41.952762935289,-87.706415535745,160700,5,170311607005
33,Alley Resurfacing Menu (2025),N SPAULDING AVE & W LELAND AVE & W LAWRENCE AVE & N SAWYER AVE,50258.5,0.059974,41.966648982822,-87.710889041289,140701,1,170311407011
33,Alley Resurfacing Menu (2025),N WHIPPLE ST & W SCHOOL ST & W ROSCOE ST & N ALBANY AVE,32352.82,0.038607,41.942740987028,-87.70525598326,210100,2,170312101002
33,Alley Resurfacing Menu (2025),3756-3800 W Windsor Ave,13881.47,0.016565,41.963918871229,-87.72285437571,140602,3,170311406023
33,Alley Resurfacing Menu (2025),W AGATITE AVE & N LAWNDALE AVE & N HAMLIN AVE & W MONTROSE AVE,41309.32,0.049295,41.961958008801,-87.720530241598,140602,4,170311406024
33,Alley Resurfacing Menu (2025),W WILSON AVE & N KEDZIE AVE & N TROY ST & W SUNNYSIDE AVE,32443.2,0.038715,41.964722989111,-87.708349995179,140800,1,170311408001
33,Alley Speed Hump Replacement (2025),3921 N TROY ST,0.0,0.0,41.952762935289,-87.706415535745,160700,5,170311607005
33,Alley Speed Hump Replacement (2025),W AGATITE AVE & N LAWNDALE AVE & N HAMLIN AVE & W MONTROSE AVE,0.0,0.0,41.961958008801,-87.720530241598,140602,4,170311406024
33,Alley Speed Hump Replacement (2025),W WILSON AVE & N KEDZIE AVE & N TROY ST & W SUNNYSIDE AVE,0.0,0.0,41.964722989111,-87.708349995179,140800,1,170311408001
33,Curb & Gutter Menu (2025),3434 W LELAND AVE,6492.69,0.007748,41.966701914541,-87.714771203564,140701,2,170311407012
33,Miscellaneous CDOT Projects (2025),3705 W LAWRENCE AVE,2792.5,0.003332,41.968153282985,-87.720972638447,140602,3,170311406023
33,Sidewalk Menu (2025),3311 W LAWRENCE AVE,20270.93,0.02419,41.968230899409,-87.712836408854,140701,1,170311407011
33,Sidewalk Menu (2025),4702 N KIMBALL AVE,13103.39,0.015636,41.966769263133,-87.713798232243,140701,2,170311407012
33,Sidewalk Menu (2025),5008 N KEDZIE AVE,17629.41,0.021037,41.972480566228,-87.708849053694,140200,1,170311402001
33,Speed Indicator Signs (2025),N ELSTON AVE & N ALBANY AVE,28300.7,0.033772,41.944206981894,-87.705266963553,210100,3,170312101003
33,Street Resurfacing Menu (2025),3999-4099 N Central Park Ave,63867.18,0.076214,41.955567363868,-87.717781110895,160502,3,170311605023
33,Street Resurfacing Menu (2025),4400-4500 N Christiana Ave,49770.68,0.059392,41.963095307333,-87.712321843818,140702,2,170311407022
33,Street Resurfacing Menu (2025),4400-4500 N Francisco Ave,58871.4,0.070252,41.963233608735,-87.70128941522,140800,3,170311408003
33,Street Resurfacing Menu (2025),4600-4630 N Hamilton Ave,22101.67,0.026374,41.966022016465,-87.682486962379,040600,2,170310406002
33,Street Resurfacing Menu (2025),4630-4700 N Hamlin Ave,36184.89,0.04318,41.965600951559,-87.723340106999,140602,3,170311406023
33,Street Resurfacing Menu (2025),4100-4200 N Richmond St,59683.54,0.071221,41.957804398592,-87.702614342655,160601,2,170311606012
33,Street Resurfacing Menu (2025),4400-4500 N Richmond St,57545.16,0.068669,41.963270992024,-87.702350983258,140800,3,170311408003
33,Street Resurfacing Menu (2025),3900-4000 N Spaulding Ave,38995.74,0.046534,41.954008850283,-87.710532210253,160502,2,170311605022
33,Street Resurfacing Menu (2025),3700-3630 W Ainslie St,25738.27,0.030714,41.970229063662,-87.719724387643,140302,2,170311403022
33,Street Resurfacing Menu (2025),2800-3000 W Roscoe St,34849.72,0.041587,41.942905984792,-87.697994991996,210100,1,170312101001
33,Street Speed Hump Menu (2025),4000-4100 N Mozart St,4880.0,0.005823,41.955903005766,-87.699862982938,160602,3,170311606023
33,Street Speed Hump Menu (2025),4500-4600 N Spaulding Ave,4880.0,0.005823,41.963203266246,-87.711234627157,140702,2,170311407022
33,Street Speed Hump Menu (2025),3200-3300 W Eastwood Ave,4880.0,0.005823,41.96562517828,-87.710933245766,140701,1,170311407011
33,Street Speed Hump Replacement (2025),4400-4500 N Christiana Ave,0.0,0.0,41.963095307333,-87.712321843818,140702,2,170311407022
33,Street Speed Hump Replacement (2025),4400-4500 N Francisco Ave,0.0,0.0,41.963233608735,-87.70128941522,140800,3,170311408003
33,Street Speed Hump Replacement (2025),4100-4200 N Richmond St,0.0,0.0,41.957804398592,-87.702614342655,160601,2,170311606012
33,Street Speed Hump Replacement (2025),4400-4500 N Richmond St,0.0,0.0,41.963270992024,-87.702350983258,140800,3,170311408003
33,Street Speed Hump Replacement (2025),3900-4000 N Spaulding Ave,0.0,0.0,41.954008850283,-87.710532210253,160502,2,170311605022
33,,N SACRAMENTO AVE & W BELMONT AVE & W SCHOOL ST & N RICHMOND ST,9919.06,0.011837,41.93937598818,-87.702694976564,210100,2,170312101002
33,,N TROY ST & W BYRON ST & W IRVING PARK RD & N ALBANY AVE,17193.8,0.020518,41.952137980588,-87.706724995611,160700,5,170311607005
33,,3720-3756 W WINDSOR AVE,13881.47,0.016565,41.963918871229,-87.72285437571,140602,3,170311406023
33,,N TROY ST & W BYRON ST & W IRVING PARK RD & N ALBANY AVE,0.0,0.0,41.952137980588,-87.706724995611,160700,5,170311607005
33,,4410 N KIMBALL AVE,2792.5,0.003332,41.961331670314,-87.713227516227,140702,2,170311407022
33,,W IRVING PARK RD & N SACRAMENTO AVE,2792.5,0.003332,41.954020011217,-87.703135026481,160602,1,170311606021
33,,N KIMBALL AVE & W MONTROSE AVE,2792.5,0.003332,41.96114601193,-87.713145030529,140702,2,170311407022
33,,3054 W MONTROSE AVE,2792.5,0.003332,41.961383345519,-87.705533256617,140800,4,170311408004
33,,3358 W MONTROSE AVE,2792.5,0.003332,41.961292946693,-87.712914528192,140702,2,170311407022
33,,2861 W ROSCOE ST,34849.72,0.041587,41.94257464816,-87.700238240743,210100,1,170312101001
34,Alley Apron Menu (2025),166 W WASHINGTON ST,564.65,0.000385,41.883466137519,-87.633055023678,839100,1,170318391001
34,Alley Apron Menu (2025),722 S ABERDEEN ST,15752.34,0.010741,41.872270387538,-87.65449777602,833300,1,170318333001
34,Alley Apron Menu (2025),926 S MAY ST,27935.29,0.019048,41.87043249808,-87.65540293441,833300,1,170318333001
34,Alley Resurfacing Menu (2025),618 S RACINE AVE,4588.73,0.003129,41.873661867284,-87.657159114097,832900,2,170318329002
34,Alley Resurfacing Menu (2025),S ABERDEEN ST & W MONROE ST & W ADAMS ST & S RACINE AVE,43859.77,0.029906,41.880385997649,-87.654664994988,833100,3,170318331003
34,Alley Resurfacing Menu (2025),S MICHIGAN AVE & E ADAMS ST & E JACKSON BLVD & S WABASH AVE,1143.32,0.00078,41.878249995354,-87.626068036829,320400,1,170313204001
34,Alley Resurfacing Menu (2025),W ARTHINGTON ST & S CARPENTER ST & S ABERDEEN ST & W TAYLOR ST,28673.33,0.019551,41.870702007725,-87.653240993457,833300,1,170318333001
34,Alley Speed Hump Menu (2025),1061-1143 W TILDEN ST,1450.0,0.000989,41.876156024327,-87.655217509098,833300,1,170318333001
34,Alley Speed Hump Menu (2025),S ABERDEEN ST & W MONROE ST & W ADAMS ST & S RACINE AVE,0.0,0.0,41.880385997649,-87.654664994988,833100,3,170318331003
34,Alley Speed Hump Replacement (2025),S ABERDEEN ST & W MONROE ST & W ADAMS ST & S RACINE AVE,0.0,0.0,41.880385997649,-87.654664994988,833100,3,170318331003
34,Arterial Street Bump Outs Menu (2025),S JEFFERSON ST & W TILDEN ST,79273.4,0.054053,41.875806880126,-87.642451304776,841900,1,170318419001
34,Arterial Street Bump Outs Menu (2025),W VAN BUREN ST & S ABERDEEN ST,9601.67,0.006547,41.876586019935,-87.654529962528,833100,1,170318331001
34,Arterial Street Bump Outs Menu (2025),W VAN BUREN ST & S PEORIA ST,19493.27,0.013292,41.876638616378,-87.649601990194,833100,1,170318331001
34,Curb & Gutter Menu (2025),1016-1040 W MONROE ST,119993.34,0.081818,41.880855929051,-87.652966150852,833100,3,170318331003
34,Curb & Gutter Menu (2025),107 S ABERDEEN ST,87938.2,0.059961,41.880081776474,-87.654270458805,833100,3,170318331003
34,Curb & Gutter Menu (2025),1131-1135 W VERNON PARK PL,56022.21,0.038199,41.872879123256,-87.65559194966,833300,1,170318333001
34,Pavement Markings Menu (2025),400-800 S Jefferson St,5000.0,0.003409,41.876494908648,-87.643140381036,841900,1,170318419001
34,Pavement Markings Menu (2025),S FRANKLIN ST & W VAN BUREN ST,1700.0,0.001159,41.876845020743,-87.635180003771,839100,2,170318391002
34,Sidewalk Menu (2025),1059 W VERNON PARK PL,52794.17,0.035998,41.872865041659,-87.653432184669,833300,1,170318333001
34,Sidewalk Menu (2025),1456-1458 W FLOURNOY ST,6596.66,0.004498,41.873478094057,-87.664066389047,832900,1,170318329001
34,Sidewalk Menu (2025),1628 W ADAMS ST,8103.3,0.005525,41.879081102963,-87.66795643031,838100,2,170318381002
34,Sidewalk Menu (2025),837 S CARPENTER ST,12021.13,0.008197,41.870788215599,-87.653062291282,833300,1,170318333001
34,Sidewalk Menu (2025),200-300 S Sangamon St,59810.55,0.040782,41.877680663597,-87.650834490601,833100,1,170318331001
34,Speed Indicator Signs (2025),800 S LOOMIS ST,14000.0,0.009546,41.871579592988,-87.662011565483,283100,2,170312831002
34,Street Bump Outs Menu (2025),S FINANCIAL PL & W POLK ST,17437.69,0.01189,41.872158698678,-87.632876237683,839000,1,170318390001
34,Street Bump Outs Menu (2025),W MONROE ST & S GREEN ST,65559.56,0.044702,41.880483018179,-87.64848300612,833100,4,170318331004
34,Street Bump Outs Menu (2025),W MONROE ST & S LAFLIN ST,1975.12,0.001347,41.880684896317,-87.664409292706,833100,2,170318331002
34,Street Light Pole Painting Menu (2025),100-200 S Green St,1688.0,0.001151,41.885859003237,-87.649147523404,833000,1,170318330001
34,Street Light Residential Staggered Piggy Back Menu (2025),1050-1200 W Polk St,370000.0,0.252287,41.871939008996,-87.652990039276,833300,1,170318333001
34,Street Resurfacing Menu (2025),100-150 N Garland Ct,35240.73,0.024029,41.884586080098,-87.625296701918,320102,1,170313201021
34,Street Resurfacing Menu (2025),0-100 N Green St,30225.89,0.02061,41.88321506466,-87.648645808745,833000,1,170318330001
34,Street Resurfacing Menu (2025),1-100 N Holden Ct,12399.5,0.008455,41.883143162159,-87.627070749753,320102,2,170313201022
34,Street Resurfacing Menu (2025),0-100 N Peoria St,47515.33,0.032399,41.883800100788,-87.649862861681,833000,1,170318330001
34,Street Resurfacing Menu (2025),700-730 S Ada St,27446.95,0.018715,41.872370216005,-87.660384638077,832900,2,170318329002
34,Street Resurfacing Menu (2025),1010-1200 W Polk St,157768.45,0.107575,41.872101450279,-87.65175530112,833300,1,170318333001
34,Street Resurfacing Menu (2025),160-200 W Polk St,5202.63,0.003547,41.87221398272,-87.633234460859,839000,1,170318390001
34,Street Speed Hump Menu (2025),300-400 S Green St,2440.0,0.001664,41.876293952519,-87.648699091584,841900,1,170318419001
34,Street Speed Hump Menu (2025),800-600 S Loomis St,7320.0,0.004991,41.874012147018,-87.66199019163,832900,1,170318329001
34,Street Speed Hump Menu (2025),1054-1000 W Tilden St,4880.0,0.003327,41.876043220931,-87.65194699357,833300,1,170318333001
34,Street Speed Hump Replacement (2025),1010-1200 W Polk St,0.0,0.0,41.872101450279,-87.65175530112,833300,1,170318333001
34,,S RACINE AVE & W HARRISON ST & W FLOURNOY ST & W WESTGATE TER,4588.73,0.003129,41.873446028973,-87.658402911102,832900,2,170318329002
34,,200 S MICHIGAN AVE,1143.32,0.00078,41.879313239772,-87.624919129361,320400,1,170313204001
34,,S LA SALLE ST & W POLK ST,17437.69,0.01189,41.872190885186,-87.631671339102,839000,1,170318390001
35,"(2025) In-Road ""State Law Stop For Pedestrians"" Sign Menu",N MILWAUKEE AVE & N HAMLIN AVE,350.0,0.00025,41.937926002749,-87.721891965588,210501,2,170312105012
35,"(2025) In-Road ""State Law Stop For Pedestrians"" Sign Menu",N MILWAUKEE AVE & N MONTICELLO AVE,350.0,0.00025,41.935899007104,-87.718577006701,210501,1,170312105011
35,"(2025) In-Road ""State Law Stop For Pedestrians"" Sign Menu",N MILWAUKEE AVE & N WISNER AVE,350.0,0.00025,41.933371402292,-87.714419415088,210602,2,170312106022
35,(2025) Logan Square Skate Park,W LOGAN BLVD & N KENNEDY WESTERN AV ER,50000.0,0.035775,41.9282485088,-87.687827491987,830900,3,170318309003
35,Alley Apron Menu (2025),2301 N KARLOV AVE,89000.0,0.063679,41.922776383312,-87.728906445079,200300,1,170312003001
35,Alley Apron Menu (2025),2500 N SAWYER AVE,15831.58,0.011327,41.926645847003,-87.70958959484,220602,4,170312206024
35,Alley Apron Menu (2025),2837 N WOODARD ST,27152.89,0.019428,41.933171418511,-87.711706343226,210602,1,170312106021
35,Alley Apron Menu (2025),3950 W BELDEN AVE,21589.08,0.015447,41.922721549648,-87.726291027424,220902,1,170312209021
35,Alley Resurfacing Menu (2025),N CENTRAL PARK AVE & W DIVERSEY AVE & W SCHUBERT AVE & N DRAKE AVE,57498.85,0.04114,41.931932019969,-87.717187035697,210602,3,170312106023
35,Alley Resurfacing Menu (2025),N CENTRAL PARK AVE & W SHAKESPEARE AVE & W DICKENS AVE & N LAWNDALE AVE,58411.58,0.041793,41.920050001666,-87.716861985492,220901,2,170312209012
35,Alley Resurfacing Menu (2025),N KIMBALL AVE & N ALLEN AVE,42445.5,0.030369,41.936657988437,-87.712395017833,210601,2,170312106012
35,Alley Resurfacing Menu (2025),W ALTGELD ST & N DRAKE AVE & N ST LOUIS AVE & W WRIGHTWOOD AVE,55397.62,0.039637,41.928301985342,-87.714661987366,220602,2,170312206022
35,Alley Resurfacing Menu (2025),W GEORGE ST & N SACRAMENTO AVE & N WHIPPLE ST & W DIVERSEY AVE,28224.13,0.020194,41.988859999454,-87.704825991627,020701,1,170310207011
35,Alley Speed Hump Menu (2025),W ALTGELD ST & N DRAKE AVE & N ST LOUIS AVE & W WRIGHTWOOD AVE,0.0,0.0,41.928301985342,-87.714661987366,220602,2,170312206022
35,Alley Speed Hump Menu (2025),W DIVERSEY AVE & N SPAULDING AVE,1087.5,0.000778,41.932011019407,-87.709861000865,210602,1,170312106021
35,Alley Speed Hump Menu (2025),W GEORGE ST & N SACRAMENTO AVE & N WHIPPLE ST & W DIVERSEY AVE,0.0,0.0,41.988859999454,-87.704825991627,020701,1,170310207011
35,Alley Speed Hump Replacement (2025),N CENTRAL PARK AVE & W DIVERSEY AVE & W SCHUBERT AVE & N DRAKE AVE,0.0,0.0,41.931932019969,-87.717187035697,210602,3,170312106023
35,Alley Speed Hump Replacement (2025),N CENTRAL PARK AVE & W SHAKESPEARE AVE & W DICKENS AVE & N LAWNDALE AVE,0.0,0.0,41.920050001666,-87.716861985492,220901,2,170312209012
35,Alley Speed Hump Replacement (2025),N KIMBALL AVE & N ALLEN AVE,0.0,0.0,41.936657988437,-87.712395017833,210601,2,170312106012
35,Arterial Street Bump Outs Menu (2025),N KIMBALL AVE & W BELDEN AVE,80000.0,0.057239,41.922858986968,-87.712053958192,221100,3,170312211003
35,Arterial Street Bump Outs Menu (2025),N KIMBALL AVE & W DICKENS AVE,80000.0,0.057239,41.919168979823,-87.711911968753,221100,2,170312211002
35,Arterial Street Bump Outs Menu (2025),3100-3200 N Central Park Ave,59327.06,0.042448,41.939548823023,-87.717823389786,831100,4,170318311004
35,Curb & Gutter Menu (2025),3110 N KEDZIE AVE,9157.56,0.006552,41.937989621394,-87.707956129549,210601,1,170312106011
35,"In-Road ""State Law Stop For Pedestrians"" Sign Menu",N CENTRAL PARK AVE & W SHAKESPEARE AVE,700.0,0.000501,41.920050001666,-87.716861985492,220901,2,170312209012
35,"In-Road ""State Law Stop For Pedestrians"" Sign Menu",N MILWAUKEE AVE & N LAWNDALE AVE,350.0,0.00025,41.936761002027,-87.719994973261,210501,1,170312105011
35,Miscellaneous CDOT Projects (2025),2559 N KIMBALL AVE,660.0,0.000472,41.927547850735,-87.712087140827,220602,4,170312206024
35,Miscellaneous CDOT Projects (2025),2934 N MILWAUKEE AVE,101.0,7.2e-05,41.934617372199,-87.716933315488,210602,3,170312106023
35,Miscellaneous CDOT Projects (2025),3251 W FULLERTON AVE,4000.0,0.002862,41.924350001814,-87.709534022822,221100,1,170312211001
35,Pavement Markings Menu (2025),N ELSTON AVE & N CENTRAL PARK AVE,5000.0,0.003577,41.952806018271,-87.717783994841,160800,4,170311608004
35,Pavement Markings Menu (2025),N ELSTON AVE & N DRAKE AVE,8000.0,0.005724,41.951916991711,-87.716526038813,160800,4,170311608004
35,Pavement Markings Menu (2025),N WESTERN AVE & W LOGAN BLVD,1500.0,0.001073,41.928228015047,-87.68798398212,830900,3,170318309003
35,Pavement Markings Menu (2025),W ADDISON ST & N ST LOUIS AVE,2100.0,0.001503,41.946548005541,-87.715160962062,160800,3,170311608003
35,Pavement Markings Menu (2025),W BELMONT AVE & N WASHTENAW AVE,1900.0,0.001359,41.939419993171,-87.695243967555,210100,1,170312101001
35,Sidewalk Menu (2025),2249 N KEELER AVE,12395.53,0.008869,41.922209305653,-87.731344656894,200402,3,170312004023
35,Sidewalk Menu (2025),2322 N KARLOV AVE,5804.89,0.004153,41.923419652471,-87.729460069784,200300,1,170312003001
35,Sidewalk Menu (2025),2628 N SPRINGFIELD AVE,1058.6,0.000757,41.929132170942,-87.724756564817,220702,2,170312207022
35,Sidewalk Menu (2025),2822-2828 N KEDZIE AVE,20750.11,0.014847,41.932957210547,-87.707726884497,210602,1,170312106021
35,Sidewalk Menu (2025),3055 N GRESHAM AVE,13792.74,0.009869,41.936978721962,-87.713190292806,210602,3,170312106023
35,Sidewalk Menu (2025),3123-3129 N KIMBALL AVE,14619.49,0.01046,41.938353102626,-87.712228972331,210601,1,170312106011
35,Sidewalk Menu (2025),3341 W WAVELAND AVE,35045.28,0.025075,41.948356694724,-87.711735776684,160800,2,170311608002
35,Sidewalk Menu (2025),3435 N KIMBALL AVE,15239.25,0.010904,41.943800124314,-87.712166024238,831100,1,170318311001
35,Sidewalk Menu (2025),3537 W BELDEN AVE,28942.45,0.020708,41.92260254264,-87.715163476633,221000,1,170312210001
35,Sidewalk Menu (2025),3601-3609 W ALTGELD ST,23634.98,0.016911,41.926355571787,-87.717743817985,220701,2,170312207012
35,Sidewalk Menu (2025),3702 W WRIGHTWOOD AVE,350.71,0.000251,41.928427085247,-87.719809146468,220702,1,170312207021
35,Sidewalk Menu (2025),4306 W ARMITAGE AVE,24498.14,0.017528,41.917264192327,-87.73421386617,200401,2,170312004012
35,Sidewalk Menu (2025),2200-2300 N Keeler Ave,1017.9,0.000728,41.922682384952,-87.731691752715,200300,1,170312003001
35,Street Bump Outs Menu (2025),N KILDARE AVE & W DICKENS AVE,21732.02,0.015549,41.918887599334,-87.733935000251,200402,1,170312004021
35,Street Light Upgrade Menu (2025),2437 N HAMLIN AVE,500.0,0.000358,41.925704685005,-87.721612512936,220701,1,170312207011
35,Street Resurfacing Menu (2025),3200-3300 N Drake Ave,49315.76,0.035285,41.941181240576,-87.716467952224,831100,1,170318311001
35,Street Resurfacing Menu (2025),4230-4300 W Dickens Ave,42081.95,0.030109,41.91893825545,-87.734243824937,200401,2,170312004012
35,Street Resurfacing Menu (2025),3200-3230 W George St,29295.78,0.020961,41.933948111839,-87.70885678016,210602,1,170312106021
35,Street Resurfacing Menu (2025),2999-3200 W George St,108927.95,0.077937,41.933955161377,-87.707534180154,210602,1,170312106021
35,Street Resurfacing Menu (2025),2800-2900 W Grace St,58640.31,0.041957,41.95083585193,-87.698835361609,160700,1,170311607001
35,Street Resurfacing Menu (2025),3830-3900 W Schubert Ave,32722.61,0.023413,41.930094109818,-87.724672947709,220702,2,170312207022
35,Street Speed Hump Menu (2025),2900-3000 N Fairfield Ave,4880.0,0.003492,41.934088893204,-87.696787830301,210900,2,170312109002
35,Street Speed Hump Replacement (2025),3200-3230 W George St,0.0,0.0,41.933948111839,-87.70885678016,210602,1,170312106021
35,Street Speed Hump Replacement (2025),3830-3900 W Schubert Ave,0.0,0.0,41.930094109818,-87.724672947709,220702,2,170312207022
35,Street Traffic Circle Menu (2025),W BARRY AVE & N SAWYER AVE,22000.0,0.015741,41.937504015834,-87.708778980984,210601,2,170312106012
35,,N MILWAUKEE AVE & N GRESHAM AVE,42445.5,0.030369,41.934453212626,-87.716241221743,210602,3,170312106023
35,,N MILWAUKEE AVE & N SAWYER AVE,1087.5,0.000778,41.930394988475,-87.709624966471,220602,1,170312206021
35,,N MILWAUKEE AVE & N GRESHAM AVE,0.0,0.0,41.934453212626,-87.716241221743,210602,3,170312106023
35,,2848-2850 N KEDZIE AVE,20750.11,0.014847,41.93352738951,-87.707724202288,210602,1,170312106021
35,,2844 N KEDZIE AVE,20750.11,0.014847,41.933355225219,-87.7078114579,210602,1,170312106021
35,,3137 N KIMBALL AVE,14619.49,0.01046,41.938591735409,-87.712211035058,210601,1,170312106011
35,,3122-3128 N KIMBALL AVE,14619.49,0.01046,41.938305367687,-87.712820650876,210601,3,170312106013
35,,3112-3116 N KIMBALL AVE,14619.49,0.01046,41.93799691365,-87.712755020574,210601,3,170312106013
35,,2256 N KEELER AVE,1017.9,0.000728,41.922480879315,-87.731869699309,200402,3,170312004023
36,ADA - Alley Resurfacing Menu (2025),N LARAMIE AVE & W PALMER ST & W BELDEN AVE & N LEAMINGTON AVE,28760.31,0.019306,41.920477017723,-87.756016034519,191100,5,170311911005
36,Alley Apron Menu (2025),6517 W GEORGE ST,8880.14,0.005961,41.932726832055,-87.789015339554,831500,1,170318315001
36,Alley Apron Menu (2025),6520 W GEORGE ST,26096.72,0.017518,41.932839512357,-87.789110869417,831500,1,170318315001
36,Alley Resurfacing Menu (2025),N DAMEN AVE & W RICE ST & W IOWA ST & N HOYNE AVE,10094.16,0.006776,41.896844996091,-87.677128998412,242300,2,170312423002
36,Alley Resurfacing Menu (2025),N LOREL AVE & W PALMER ST & W BELDEN AVE & N LOCKWOOD AVE,24879.72,0.016701,41.920418009125,-87.759702982269,191200,1,170311912001
36,Alley Resurfacing Menu (2025),N MERRIMAC AVE & W PALMER ST & W DICKENS AVE & N MELVINA AVE,45485.54,0.030532,41.918293490037,-87.780402259799,191301,3,170311913013
36,Alley Resurfacing Menu (2025),N MONTICELLO AVE & W THOMAS ST & W DIVISION ST & N LAWNDALE AVE,31391.42,0.021072,41.902757003858,-87.718979002777,230700,2,170312307002
36,Alley Resurfacing Menu (2025),MONTICELLO AVE N WASHTENAW AVE & W IOWA ST & W CHICAGO AVE & N FAIRFIELD AVE,28139.72,0.018889,41.897506998804,-87.694326987348,242600,4,170312426004
36,Alley Resurfacing Menu (2025),N WESTERN AVE & W IOWA ST & W WALTON ST & N CAMPBELL AVE,28386.92,0.019055,41.898443089751,-87.689371019457,242500,2,170312425002
36,Alley Resurfacing Menu (2025),W CORTEZ ST & N CAMPBELL AVE & N WESTERN AVE & W AUGUSTA BLVD,15920.9,0.010687,41.89939799807,-87.687043029669,242500,1,170312425001
36,Alley Resurfacing Menu (2025),W DICKENS AVE & N MARMORA AVE & N MONITOR AVE & W GRAND AVE,47981.5,0.032208,41.917958004362,-87.773059964074,191302,1,170311913021
36,Alley Resurfacing Menu (2025),W THOMAS ST & N ROCKWELL ST & N WASHTENAW AVE & W HADDON AVE,25504.87,0.01712,41.902034316166,-87.694392030916,242600,2,170312426002
36,Alley Resurfacing Menu (2025),ST W WALTON ST & N CAMPBELL AVE & N ROCKWELL ST & W AUGUSTA BLVD,14007.32,0.009403,41.916172994262,-87.692254980883,832400,2,170318324002
36,Alley Speed Hump Menu (2025),2839 N NEENAH AVE,1450.0,0.000973,41.932127905047,-87.789127066633,831500,1,170318315001
36,Alley Speed Hump Menu (2025),6135 W GRAND AVE,725.0,0.000487,41.921041077897,-87.779476981507,191301,2,170311913012
36,Alley Speed Hump Replacement (2025),W GRAND AVE 1142 N MONTICELLO AVE,0.0,0.0,41.90222274135,-87.717995554077,231200,1,170312312001
36,Alley Speed Hump Replacement (2025),N LOREL AVE & W PALMER ST & W BELDEN AVE & N LOCKWOOD AVE,0.0,0.0,41.920418009125,-87.759702982269,191200,1,170311912001
36,Alley Speed Hump Replacement (2025),N WASHTENAW AVE & W IOWA ST & W CHICAGO AVE & N FAIRFIELD AVE,0.0,0.0,41.897506998804,-87.694326987348,242600,4,170312426004
36,Alley Speed Hump Replacement (2025),N WESTERN AVE & W IOWA ST & W WALTON ST & N CAMPBELL AVE,0.0,0.0,41.898443089751,-87.689371019457,242500,2,170312425002
36,Alley Speed Hump Replacement (2025),W CORTEZ ST & N CAMPBELL AVE & N WESTERN AVE & W AUGUSTA BLVD,0.0,0.0,41.89939799807,-87.687043029669,242500,1,170312425001
36,Alley Speed Hump Replacement (2025),W DICKENS AVE & N MARMORA AVE & N MONITOR AVE & W GRAND AVE,0.0,0.0,41.917958004362,-87.773059964074,191302,1,170311913021
36,Alley Speed Hump Replacement (2025),W THOMAS ST & N ROCKWELL ST & N WASHTENAW AVE & W HADDON AVE,0.0,0.0,41.902034316166,-87.694392030916,242600,2,170312426002
36,Alley Speed Hump Replacement (2025),ST W WALTON ST & N CAMPBELL AVE & N ROCKWELL ST & W AUGUSTA BLVD,0.0,0.0,41.916172994262,-87.692254980883,832400,2,170318324002
36,Bollard Menu (2025),2342 N AUSTIN AVE,2856.41,0.001917,41.923313872853,-87.775975441456,191301,1,170311913011
36,Commercial Park Improvements - improvements to ball field,1845 W RICE ST,50000.0,0.033563,41.896659756031,-87.674227770266,242200,2,170312422002
36,Curb & Gutter Menu (2025),2846 N NATOMA AVE,17946.3,0.012047,41.932312977469,-87.79210440246,180100,2,170311801002
36,Sidewalk Menu (2025),1047 N CALIFORNIA AVE,11080.17,0.007438,41.90068357247,-87.696510305487,242600,2,170312426002
36,Sidewalk Menu (2025),1824 W GRAND AVE,2442.25,0.001639,41.891106158444,-87.673244740662,243100,2,170312431002
36,Sidewalk Menu (2025),2125 W WALTON ST,2352.15,0.001579,41.898381985677,-87.680626598969,242300,2,170312423002
36,Sidewalk Menu (2025),2155 N NATCHEZ AVE,4907.2,0.003294,41.91980809994,-87.7875180765,831500,2,170318315002
36,Sidewalk Menu (2025),2316 W HURON ST,6713.88,0.004507,41.894354900296,-87.685133129212,242900,1,170312429001
36,Sidewalk Menu (2025),2317 N AUSTIN AVE,4923.04,0.003305,41.922578025573,-87.775406896963,191301,1,170311913011
36,Sidewalk Menu (2025),2321 N MONITOR AVE,5339.1,0.003584,41.922646254265,-87.771705699978,191302,1,170311913021
36,Sidewalk Menu (2025),2324 N NORMANDY AVE,2798.83,0.001879,41.921989196875,-87.792690968044,831600,4,170318316004
36,Sidewalk Menu (2025),2325 N MOBILE AVE,4936.8,0.003314,41.922719763556,-87.78273687129,191301,1,170311913011
36,Sidewalk Menu (2025),2331 N MEADE AVE,6314.72,0.004239,41.922960324177,-87.777859944747,191301,1,170311913011
36,Sidewalk Menu (2025),2344 W SUPERIOR ST,4813.88,0.003231,41.895063799757,-87.686102496314,242900,1,170312429001
36,Sidewalk Menu (2025),2358 N RUTHERFORD AVE,4277.69,0.002871,41.922919085213,-87.794078005382,831600,4,170318316004
36,Sidewalk Menu (2025),2536 N RUTHERFORD AVE,9609.33,0.00645,41.926545138437,-87.794386627057,831600,5,170318316005
36,Sidewalk Menu (2025),2613 W SUPERIOR ST,3516.47,0.00236,41.894603381816,-87.692343074685,242800,1,170312428001
36,Sidewalk Menu (2025),2845 N OAK PARK AVE,8350.25,0.005605,41.932274253076,-87.795205203721,180100,2,170311801002
36,Sidewalk Menu (2025),2846 N NORMANDY AVE,5928.79,0.00398,41.932294285825,-87.793325226658,180100,2,170311801002
36,Sidewalk Menu (2025),3029 N NATOMA AVE,4677.32,0.00314,41.93545870573,-87.791640128843,180100,1,170311801001
36,Sidewalk Menu (2025),3120-3124 N NEW ENGLAND AVE,483.43,0.000325,41.937080562085,-87.798372557293,180100,4,170311801004
36,Sidewalk Menu (2025),3142 N RUTHERFORD AVE,9377.8,0.006295,41.937663900637,-87.794707318672,180100,1,170311801001
36,Sidewalk Menu (2025),3144 N NEENAH AVE,4699.41,0.003155,41.937747007207,-87.789861656628,831500,1,170318315001
36,Sidewalk Menu (2025),4700 W GRAND AVE,11776.68,0.007905,41.913273065311,-87.743510067343,831300,1,170318313001
36,Sidewalk Menu (2025),808 N WOOD ST,11129.69,0.007471,41.896173899014,-87.67234804466,242200,2,170312422002
36,Sidewalk Menu (2025),931 N WINCHESTER AVE,4412.43,0.002962,41.898706742515,-87.675639198942,242200,2,170312422002
36,Street Resurfacing Menu (2025),870 N MOZART ST,43307.18,0.02907,41.897735950489,-87.698320545116,242700,1,170312427001
36,Street Resurfacing Menu (2025),6432-6400 W George St,26720.92,0.017937,41.932905695519,-87.78651508117,831500,1,170318315001
36,Street Resurfacing Menu (2025),2000-2100 W Ohio St,71695.49,0.048126,41.892585773902,-87.679570562988,243000,2,170312430002
36,Street Resurfacing Menu (2025),2100-2200 W Ohio St,37236.84,0.024995,41.892585773902,-87.679570562988,243000,2,170312430002
36,Street Resurfacing Menu (2025),2300-2400 W Ohio St,59816.96,0.040153,41.892211019011,-87.687014028284,242800,1,170312428001
36,Street Resurfacing Menu (2025),4000-3940 W Potomac Ave,12373.59,0.008306,41.904547839381,-87.725545972458,230700,3,170312307003
36,Street Speed Hump Menu (2025),2100-2200 N Lockwood Ave,2440.0,0.001638,41.920559705198,-87.758829168863,191200,1,170311912001
36,Street Speed Hump Menu (2025),930-1000 N Oakley Ave,2440.0,0.001638,41.899542208714,-87.684733815344,242400,1,170312424001
36,Street Speed Hump Menu (2025),831-1000 N Sacramento Ave,4880.0,0.003276,41.899724424533,-87.701836362174,240900,1,170312409001
36,Street Speed Hump Menu (2025),2400-2340 N Sayre Ave,1220.0,0.000819,41.92249257207,-87.801150236186,831600,4,170318316004
36,Street Speed Hump Menu (2025),2300-2400 W Ohio St,4880.0,0.003276,41.892211019011,-87.687014028284,242800,1,170312428001
36,Street Speed Hump Menu (2025),4000-3940 W Potomac Ave,0.0,0.0,41.904547839381,-87.725545972458,230700,3,170312307003
36,Street Speed Hump Replacement (2025),POTOMAC AVE 870 N MOZART ST,0.0,0.0,41.897735950489,-87.698320545116,242700,1,170312427001
36,Street Speed Hump Replacement (2025),2100-2200 W Ohio St,0.0,0.0,41.892585773902,-87.679570562988,243000,2,170312430002
36,and playground Concrete Alley Menu (2025),N MONITOR AVE & W BELDEN AVE & W FULLERTON AVE & N MARMORA AVE,320000.0,0.214802,41.923922985757,-87.773280994861,190602,3,170311906023
36,,6520 W GEORGE ST,8880.14,0.005961,41.932839512357,-87.789110869417,831500,1,170318315001
36,,6517 W GEORGE ST,26096.72,0.017518,41.932726832055,-87.789015339554,831500,1,170318315001
36,,846 N DAMEN AVE,10094.16,0.006776,41.897281693247,-87.677357824369,242300,2,170312423002
36,,2009 W IOWA ST,10094.16,0.006776,41.897553350729,-87.677528060823,242300,2,170312423002
36,,2255 N LOREL AVE,24879.72,0.016701,41.921987143309,-87.75933409471,191200,1,170311912001
36,,1142 N,31391.42,0.021072,42.3194045,-87.8560966,,,
36,,827 N FAIRFIELD AVE,28139.72,0.018889,41.896573212881,-87.695250756897,242600,4,170312426004
36,,900 N WESTERN AVE,28386.92,0.019055,41.897684527513,-87.687312926951,242500,2,170312425002
36,,2441 W CORTEZ ST,15920.9,0.010687,41.900082338555,-87.688585802768,242500,1,170312425001
36,,2638 W THOMAS,25504.87,0.01712,41.901361836075,-87.693483097336,242600,2,170312426002
36,,2500 W WALTON ST,14007.32,0.009403,41.898666760837,-87.689554247861,242500,2,170312425002
36,,W GRAND AVE & N MOODY AVE & N MELVINA AVE & W PALMER ST,725.0,0.000487,41.920876583048,-87.780489766868,191301,3,170311913013
36,,6155,725.0,0.000487,41.883229,-87.632398,839100,1,170318391001
36,,N MONTICELLO AVE & W THOMAS ST & W DIVISION ST & N LAWNDALE AVE,0.0,0.0,41.902757003858,-87.718979002777,230700,2,170312307002
36,,2255 N LOREL AVE,0.0,0.0,41.921987143309,-87.75933409471,191200,1,170311912001
36,,827 N FAIRFIELD AVE,0.0,0.0,41.896573212881,-87.695250756897,242600,4,170312426004
36,,900 N WESTERN AVE,0.0,0.0,41.897684527513,-87.687312926951,242500,2,170312425002
36,,2441 W CORTEZ ST,0.0,0.0,41.900082338555,-87.688585802768,242500,1,170312425001
36,,2638 W THOMAS,0.0,0.0,41.901361836075,-87.693483097336,242600,2,170312426002
36,,2500 W WALTON ST,0.0,0.0,41.898666760837,-87.689554247861,242500,2,170312425002
36,,1053 N CALIFORNIA AVE,11080.17,0.007438,41.900832183613,-87.696517597743,242600,2,170312426002
36,,1045 N CALIFORNIA AVE,11080.17,0.007438,41.900626743166,-87.696473425113,242600,2,170312426002
36,,1043 N CALIFORNIA AVE,11080.17,0.007438,41.900550719304,-87.696521956332,242600,2,170312426002
36,,3140 N NEENAH AVE,4699.41,0.003155,41.937635402166,-87.789867607779,831500,1,170318315001
36,,800-900 N Mozart St,43307.18,0.02907,41.898190668737,-87.698333956161,242700,1,170312427001
36,,2124 W OHIO ST,37236.84,0.024995,41.892442485268,-87.680452003926,243000,2,170312430002
36,,3940 W,12373.59,0.008306,41.8846568,-88.2049027,,,
36,,2141 N LOCKWOOD AVE,2440.0,0.001638,41.919811159335,-87.758184432871,191200,1,170311912001
36,,2359 N SAYRE AVE,1220.0,0.000819,41.922857268677,-87.800311459135,831600,4,170318316004
36,,3940 W,0.0,0.0,41.8846568,-88.2049027,,,
36,,800-900 N Mozart St,0.0,0.0,41.898190668737,-87.698333956161,242700,1,170312427001
36,,2124 W OHIO ST,0.0,0.0,41.892442485268,-87.680452003926,243000,2,170312430002
37,Alley Resurfacing Menu (2025),1754 N LECLAIRE AVE,29530.24,0.021214,41.912984350656,-87.753045236577,250200,1,170312502001
37,Alley Resurfacing Menu (2025),N KEDVALE AVE & W DIVISION ST & W THOMAS ST & N KEELER AVE,17592.08,0.012638,41.902631987772,-87.729983016723,230600,2,170312306002
37,Alley Resurfacing Menu (2025),N LONG AVE & W NORTH AVE & W WABANSIA AVE & N LOTUS AVE,20655.44,0.014839,41.911261115182,-87.761832823866,250300,3,170312503003
37,Alley Resurfacing Menu (2025),N SPRINGFIELD AVE & W DIVISION ST & W POTOMAC AVE & N HARDING AVE,27144.92,0.019501,41.902721003584,-87.723890965676,230700,3,170312307003
37,Alley Resurfacing Menu (2025),N SPRINGFIELD AVE & W FERDINAND ST & W FERDINAND ST & N HARDING AVE,44292.38,0.03182,41.889878502996,-87.723498022055,231500,3,170312315003
37,Alley Resurfacing Menu (2025),W CHICAGO AVE & N LAWLER AVE & N LECLAIRE AVE & W IOWA ST,40660.41,0.02921,41.894932706791,-87.751932874206,251600,1,170312516001
37,Alley Resurfacing Menu (2025),W CRYSTAL ST & N KILDARE AVE & N KEELER AVE & W POTOMAC AVE,20014.06,0.014378,41.903464687943,-87.733718830968,230600,5,170312306005
37,Alley Resurfacing Menu (2025),W ERIE ST & N LAVERGNE AVE & N LECLAIRE AVE & W OHIO ST,38454.51,0.027626,41.892237380097,-87.750605935115,251600,1,170312516001
37,Alley Resurfacing Menu (2025),W WALTON ST & N CICERO AVE & N LAMON AVE & W IOWA ST,57111.43,0.041029,41.897779494476,-87.745862699927,251000,1,170312510001
37,Alley Speed Hump Menu (2025),N LECLAIRE AVE & W ST PAUL AVE,1812.5,0.001302,41.912299088162,-87.752751869966,250200,1,170312502001
37,Alley Speed Hump Replacement (2025),1118 N KEDVALE AVE,0.0,0.0,41.901389663993,-87.730244029188,842100,4,170318421004
37,Alley Speed Hump Replacement (2025),1754 N LECLAIRE AVE,0.0,0.0,41.912984350656,-87.753045236577,250200,1,170312502001
37,Alley Speed Hump Replacement (2025),N SPRINGFIELD AVE & W FERDINAND ST & W FERDINAND ST & N HARDING AVE,0.0,0.0,41.889878502996,-87.723498022055,231500,3,170312315003
37,Alley Speed Hump Replacement (2025),W CHICAGO AVE & N LAWLER AVE & N LECLAIRE AVE & W IOWA ST,0.0,0.0,41.894932706791,-87.751932874206,251600,1,170312516001
37,Alley Speed Hump Replacement (2025),W CRYSTAL ST & N KILDARE AVE & N KEELER AVE & W POTOMAC AVE,0.0,0.0,41.903464687943,-87.733718830968,230600,5,170312306005
37,Alley Speed Hump Replacement (2025),W WALTON ST & N CICERO AVE & N LAMON AVE & W IOWA ST,0.0,0.0,41.897779494476,-87.745862699927,251000,1,170312510001
37,Curb & Gutter Menu (2025),1805 N LUNA AVE,9964.27,0.007158,41.913273023401,-87.764052016551,250300,4,170312503004
37,Curb & Gutter Menu (2025),N KOLIN AVE & W IOWA ST,14221.97,0.010217,41.897072019939,-87.734750978525,842100,2,170318421002
37,Miscellaneous CDOT Projects (2025),1020-1024 N CICERO AVE,150.0,0.000108,41.899469579523,-87.746254470081,251000,1,170312510001
37,Sidewalk Menu (2025),1101 N KEELER AVE,9033.96,0.00649,41.9009008314,-87.730895386883,842100,4,170318421004
37,Sidewalk Menu (2025),1421 N LINDER AVE,3514.76,0.002525,41.906495416493,-87.763030765468,250700,5,170312507005
37,Sidewalk Menu (2025),1748 N LUNA AVE,7441.36,0.005346,41.912671412301,-87.764658782522,250300,3,170312503003
37,Sidewalk Menu (2025),1827 N LECLAIRE AVE,5867.75,0.004215,41.914274954197,-87.752547519166,250200,1,170312502001
37,Sidewalk Menu (2025),4059 W POTOMAC AVE,33417.74,0.024007,41.904250617094,-87.728641912215,230600,2,170312306002
37,Sidewalk Menu (2025),5444 W LE MOYNE ST,26134.36,0.018775,41.907668301595,-87.762240762352,250700,5,170312507005
37,Sidewalk Menu (2025),838-841 N KEYSTONE AVE,30385.74,0.021829,41.896655984175,-87.727075250692,842100,5,170318421005
37,Sidewalk Menu (2025),1700-1600 N Lockwood Ave,146459.58,0.105216,41.911437638063,-87.758455838896,250300,1,170312503001
37,Sidewalk Menu (2025),4100-4200 W Kamerling Ave,222978.96,0.160188,41.905532880642,-87.731474157298,230600,4,170312306004
37,Street Light Upgrade Menu (2025),5100 W BLOOMINGDALE AVE,5000.0,0.003592,41.913254492583,-87.75260940234,250200,1,170312502001
37,Street Resurfacing Menu (2025),1100-1300 N Keeler Ave,156413.57,0.112367,41.904929945423,-87.731369235911,230600,5,170312306005
37,Street Resurfacing Menu (2025),1700-1800 N Lockwood Ave,59572.77,0.042797,41.911437638063,-87.758455838896,250300,1,170312503001
37,Street Resurfacing Menu (2025),1800-1850 N Luna Ave,43393.13,0.031174,41.913179146085,-87.764673534671,250300,4,170312503004
37,Street Resurfacing Menu (2025),4000-4100 W Crystal St,61341.72,0.044068,41.903749840289,-87.728965705134,230600,2,170312306002
37,Street Resurfacing Menu (2025),4000-4100 W Potomac Ave,61204.77,0.043969,41.904693726406,-87.729032844179,230600,2,170312306002
37,Street Speed Hump Menu (2025),800-900 N Kedvale Ave,4880.0,0.003506,41.897270210039,-87.730115115517,842100,3,170318421003
37,Street Speed Hump Menu (2025),900-1000 N Keystone Ave,4880.0,0.003506,41.899125753855,-87.727776983626,842100,6,170318421006
37,Street Speed Hump Menu (2025),1400-1500 N Leamington Ave,2440.0,0.001753,41.907822104128,-87.754986401533,250800,1,170312508001
37,Street Speed Hump Menu (2025),1700-1730 N Leclaire Ave,2440.0,0.001753,41.911510267254,-87.752979270999,250200,1,170312502001
37,Street Speed Hump Menu (2025),1700-1800 N Lockwood Ave,0.0,0.0,41.911437638063,-87.758455838896,250300,1,170312503001
37,Street Speed Hump Menu (2025),3900-3999 W Ferdinand St,4880.0,0.003506,41.889810483561,-87.725814004661,231500,3,170312315003
37,Street Speed Hump Menu (2025),4100-4200 W Iowa St,4880.0,0.003506,41.897317651611,-87.731243738779,842100,3,170318421003
37,Street Speed Hump Menu (2025),5300-5400 W Wabansia Ave,4880.0,0.003506,41.911327494926,-87.761293705821,250300,3,170312503003
37,Viaduct Improvement Menu (2025),1800 N LARAMIE AVE,43158.31,0.031005,41.913495246437,-87.755899576201,250300,1,170312503001
37,,N LECLAIRE AVE & W BLOOMINGDALE AVE & W ST PAUL AVE & N LARAMIE AVE,29530.24,0.021214,41.913197292906,-87.752751869966,250200,1,170312502001
37,,1118 N KEDVALE AVE,17592.08,0.012638,41.901389663993,-87.730244029188,842100,4,170318421004
37,,1644 N LONG AVE,20655.44,0.014839,41.910813144367,-87.760940905549,250300,2,170312503002
37,,1216 N SPRINGFIELD AVE,27144.92,0.019501,41.903206064321,-87.724165724462,230700,3,170312307003
37,,4201 W POTOMAC AVE,20014.06,0.014378,41.904138718687,-87.73142545844,230600,5,170312306005
37,,N LAMON AVE & W WABANSIA AVE,1812.5,0.001302,41.911426993046,-87.749226022395,250200,2,170312502002
37,,N KEDVALE AVE & W DIVISION ST & W THOMAS ST & N KEELER AVE,0.0,0.0,41.902631987772,-87.729983016723,230600,2,170312306002
37,,N LECLAIRE AVE & W BLOOMINGDALE AVE & W ST PAUL AVE & N LARAMIE AVE,0.0,0.0,41.913197292906,-87.752751869966,250200,1,170312502001
37,,4201 W POTOMAC AVE,0.0,0.0,41.904138718687,-87.73142545844,230600,5,170312306005
37,,W THOMAS ST & N KEELER AVE,9033.96,0.00649,41.900718818372,-87.731163104871,842100,6,170318421006
38,Miscellaneous CDOT Projects (2025),3940 N OKETO AVE,660.0,0.00045,41.951760753035,-87.812498746353,170400,4,170311704004
38,Miscellaneous CDOT Projects (2025),420 N AUSTIN BLVD,660.0,0.00045,41.888318882272,-87.775072794303,812500,2,170318125002
38,N Harlem Ave from W Grace St to W Irving Park Road. Each,3800-4000 N Harlem Ave,260000.0,0.177114,41.949045225954,-87.807444039643,170400,1,170311704001
38,Street Resurfacing Menu (2025),4400-4500 N Chester Ave,56288.79,0.038344,41.959600415077,-87.839555515602,760802,1,170317608021
38,Street Resurfacing Menu (2025),4038-4000 N Mcvicker Ave,33000.08,0.02248,41.95423102563,-87.778296977178,150502,2,170311505022
38,Street Resurfacing Menu (2025),4000-3930 N Melvina Ave,41621.98,0.028353,41.952151391633,-87.781890131432,170200,3,170311702003
38,Street Resurfacing Menu (2025),3500-3600 N Natoma Ave,54835.59,0.037354,41.943852134023,-87.79256062945,171000,4,170311710004
38,Street Resurfacing Menu (2025),3200-3300 N Normandy Ave,58050.05,0.039544,41.940185805755,-87.793630160295,171000,3,170311710003
38,Street Resurfacing Menu (2025),3800-3900 N Octavia Ave,56131.32,0.038237,41.950800228841,-87.809893147931,170400,1,170311704001
38,Street Resurfacing Menu (2025),3600-3500 N Oketo Ave,65536.73,0.044644,41.943493723843,-87.811983259307,170800,2,170311708002
38,Street Resurfacing Menu (2025),3500-3600 N Ozark Ave,47424.01,0.032306,41.943342807676,-87.820721812463,170700,1,170311707001
38,Street Resurfacing Menu (2025),3600-3499 N Paris Ave,62865.01,0.042824,41.945199063954,-87.830518664713,170500,4,170311705004
38,Street Resurfacing Menu (2025),3300-3400 N Paris Ave,58677.7,0.039972,41.941213091808,-87.830431157644,170600,2,170311706002
38,Street Resurfacing Menu (2025),3300-3447 N Pioneer Ave,95500.84,0.065056,41.939456077264,-87.831581657674,170600,2,170311706002
38,Street Resurfacing Menu (2025),4041-4100 N Pittsburgh Ave,58718.86,0.04,41.954099136383,-87.833288799894,170500,2,170311705002
38,Street Resurfacing Menu (2025),4200-4100 N Pittsburgh Ave,64271.79,0.043783,41.954099136383,-87.833288799894,170500,2,170311705002
38,Street Resurfacing Menu (2025),3900-4000 N Pittsburgh Ave,59329.94,0.040416,41.950469520851,-87.833242280331,170500,3,170311705003
38,Street Resurfacing Menu (2025),3300-3400 N Pittsburgh Ave,72635.4,0.04948,41.939438684815,-87.83285713188,170600,2,170311706002
38,Street Resurfacing Menu (2025),3600-3700 N Pontiac Ave,56948.39,0.038794,41.94673161113,-87.835562726406,170500,4,170311705004
38,Street Resurfacing Menu (2025),4000-4100 N Pontiac Ave,64940.88,0.044238,41.9540353501,-87.835744362248,170500,2,170311705002
38,Street Resurfacing Menu (2025),3300-3400 N Pontiac Ave,27353.18,0.018633,41.941354731878,-87.835001347691,760802,1,170317608021
38,Street Resurfacing Menu (2025),6530-6630 W Roscoe St,45498.99,0.030994,41.941951704204,-87.792247523895,171000,4,170311710004
38,Street Resurfacing Menu (2025),5300-5400 W Warner Ave,52029.04,0.035443,41.956241718473,-87.75988906052,150300,4,170311503004
38,Street Speed Hump Replacement (2025),3200-3300 N Normandy Ave,0.0,0.0,41.940185805755,-87.793630160295,171000,3,170311710003
38,Street Speed Hump Replacement (2025),3600-3500 N Oketo Ave,0.0,0.0,41.943493723843,-87.811983259307,170800,2,170311708002
38,Street Speed Hump Replacement (2025),3600-3499 N Paris Ave,0.0,0.0,41.945199063954,-87.830518664713,170500,4,170311705004
38,Street Speed Hump Replacement (2025),3300-3447 N Pioneer Ave,0.0,0.0,41.939456077264,-87.831581657674,170600,2,170311706002
38,Street Speed Hump Replacement (2025),3900-4000 N Pittsburgh Ave,0.0,0.0,41.950469520851,-87.833242280331,170500,3,170311705003
38,"block at $500,000; total of $1,000,000 Smyser Elementary Gym Renovations",4310 N MELVINA AVE,75000.0,0.051091,41.959251240808,-87.782619692284,150502,1,170311505021
39,Alley Resurfacing Menu (2025),N TRIPP AVE & W GRANVILLE AVE & W ROSEMONT AVE & N KILDARE AVE,4047.97,0.003124,41.993719512594,-87.723323929926,130100,2,170311301002
39,Install Gates in the Openings in the Fence Around North,4533 W CARMEN AVE,20000.0,0.015434,41.973484063933,-87.742563026571,140400,5,170311404005
39,Mayfair Park Mayfair Park Field House Restroom Improvements,4550 W SUNNYSIDE AVE,200000.0,0.154338,41.962654100912,-87.742229648378,160100,1,170311601001
39,Miscellaneous CDOT Projects (2025),4900 N KEELER AVE,660.0,0.000509,41.970142853432,-87.733346171553,140400,2,170311404002
39,Miscellaneous CDOT Projects (2025),N PULASKI RD & W BERTEAU AVE,4000.0,0.003087,41.95731200369,-87.727706994735,160400,3,170311604003
39,Miscellaneous CDOT Projects (2025),W BRYN MAWR AVE & N MOZART ST,35000.0,0.027009,41.983114980153,-87.700381990383,040300,1,170310403001
39,Palmer Elementary Outdoor Education Space,5051 N KENNETH AVE,30000.0,0.023151,41.972956155414,-87.738951653121,140400,4,170311404004
39,Pavement Markings Menu (2025),3730 W BRYN MAWR AVE,1600.0,0.001235,41.983460482202,-87.72134295093,130100,2,170311301002
39,Pavement Markings Menu (2025),6040 N KILPATRICK AVE,5400.0,0.004167,41.991452417332,-87.746214153127,120300,4,170311203004
39,Pavement Markings Menu (2025),W FOSTER AVE & N KOSTNER AVE,3000.0,0.002315,41.975386907335,-87.738076330972,140400,3,170311404003
39,Sidewalk Menu (2025),5407 N VIRGINIA AVE,80151.98,0.061853,41.979736276893,-87.703747911241,040300,1,170310403001
39,Street Light Upgrade Menu (2025),5638 N BERNARD ST,500.0,0.000386,41.984172608696,-87.715325750278,130300,4,170311303004
39,Street Light Upgrade Menu (2025),5942 N KIMBALL AVE,500.0,0.000386,41.989762374195,-87.714275330172,130300,3,170311303003
39,Street Light Upgrade Menu (2025),6030 N MARMORA AVE,500.0,0.000386,41.991168186996,-87.775712584972,110100,5,170311101005
39,Street Light Upgrade Menu (2025),6131 N HARDING AVE,500.0,0.000386,41.992865564298,-87.727338107176,130100,2,170311301002
39,Street Resurfacing Menu (2025),5400-5500 N Bernard St,56424.91,0.043543,41.981310901223,-87.715282834934,831800,5,170318318005
39,Street Resurfacing Menu (2025),6100-6200 N Karlov Ave,59834.66,0.046174,41.993838074614,-87.73164623777,120300,1,170311203001
39,Street Resurfacing Menu (2025),6200-6300 N Kedvale Ave,54626.09,0.042155,41.995482981203,-87.732858093331,120300,1,170311203001
39,Street Resurfacing Menu (2025),4800-4900 N Keeler Ave,43422.7,0.033509,41.970142853432,-87.733346171553,140400,2,170311404002
39,Street Resurfacing Menu (2025),5730-5800 N Kercheval Ave,120271.51,0.092813,41.984503585545,-87.743850409614,120300,3,170311203003
39,Street Resurfacing Menu (2025),6145-6252 N Kostner Ave,48149.51,0.037157,41.994334745931,-87.73867290497,120300,5,170311203005
39,Street Resurfacing Menu (2025),4500-4600 N Kostner Ave,46891.39,0.036186,41.962802485546,-87.738821146888,160100,1,170311601001
39,Street Resurfacing Menu (2025),6130-6230 N Lemont Ave,57276.34,0.0442,41.994480421764,-87.744903474927,120300,6,170311203006
39,Street Resurfacing Menu (2025),6300-6400 N Lenox Ave,29050.74,0.022418,41.99559601501,-87.753681241652,120200,3,170311202003
39,Street Resurfacing Menu (2025),5585-5500 N Lynch Ave,92629.22,0.071481,41.98084304063,-87.761643123561,110501,3,170311105013
39,Street Resurfacing Menu (2025),5900-5800 N Major Ave,41202.57,0.031796,41.986520505504,-87.770734907952,110100,5,170311101005
39,Street Resurfacing Menu (2025),5200-5300 N Sawyer Ave,49165.36,0.037941,41.977597005655,-87.710228966414,831800,1,170318318001
39,Street Resurfacing Menu (2025),4357-4000 W Bryn Mawr Ave,211048.0,0.162864,41.98289964074,-87.728742012743,130200,1,170311302001
39,Street Speed Hump Replacement (2025),4414 W ARGYLE ST,0.0,0.0,41.971839470025,-87.738264702038,140400,4,170311404004
39,Street Speed Hump Replacement (2025),4500-4600 N Kostner Ave,0.0,0.0,41.962802485546,-87.738821146888,160100,1,170311601001
40,"(2025) In-Road ""State Law Stop For Pedestrians"" Sign Menu",W DEVON AVE & N RAVENSWOOD AVE,350.0,0.000233,41.997930999844,-87.674998989177,030300,1,170310303001
40,(2025) LED Traffic Signal Upgrades & Pedestrian Countdown,W BERWYN AVE & N WESTERN AVE,207867.42,0.138578,41.977707018134,-87.689301030566,040202,2,170310402022
40,"2024 Menu - Ward 40 - CPL garden installation, sidewalk",5630 N LINCOLN AVE,51162.0,0.034108,41.983375741161,-87.69634551727,020801,3,170310208013
40,Alley Resurfacing Menu (2025),N ARTESIAN AVE & W ARDMORE AVE & W THORNDALE AVE & N WESTERN AVE,33634.03,0.022423,41.988251280452,-87.669926909195,030400,1,170310304001
40,Alley Resurfacing Menu (2025),N ARTESIAN AVE & W HOLLYWOOD AVE & W ARDMORE AVE & N WESTERN AVE,41960.55,0.027974,41.98497299663,-87.690715979641,020801,1,170310208011
40,Alley Resurfacing Menu (2025),W EASTWOOD AVE & N MANOR AVE & N FRANCISCO AVE & W WILSON AVE,18692.47,0.012462,41.964771017416,-87.701035024459,140800,5,170311408005
40,Alley Speed Hump Menu (2025),W RASCHER AVE & N WASHTENAW AVE & N CALIFORNIA AVE & W BALMORAL AVE,362.5,0.000242,41.979469983829,-87.699049016321,040300,1,170310403001
40,Alley Speed Hump Replacement (2025),N ARTESIAN AVE & W ARDMORE AVE & W THORNDALE AVE & N WESTERN AVE,0.0,0.0,41.988251280452,-87.669926909195,030400,1,170310304001
40,Alley Speed Hump Replacement (2025),N ARTESIAN AVE & W HOLLYWOOD AVE & W ARDMORE AVE & N WESTERN AVE,0.0,0.0,41.98497299663,-87.690715979641,020801,1,170310208011
40,Alley Speed Hump Replacement (2025),W EASTWOOD AVE & N MANOR AVE & N FRANCISCO AVE & W WILSON AVE,0.0,0.0,41.964771017416,-87.701035024459,140800,5,170311408005
40,Bollard Menu (2025),1740 W CATALPA AVE,1173.06,0.000782,41.981830998315,-87.673925183562,030900,1,170310309001
40,Bollard Menu (2025),2844 W EASTWOOD AVE,1956.51,0.001304,41.965883715062,-87.700083929906,140800,5,170311408005
40,Concrete Alley Menu (2025),W LAWRENCE AVE & N ROCKWELL ST & N TALMAN AVE & W LELAND AVE,147706.97,0.098471,41.968614581026,-87.693794987953,040201,3,170310402013
40,Curb & Gutter Menu (2025),2031 W BALMORAL AVE,10721.93,0.007148,41.979441233901,-87.680804546774,040100,1,170310401001
40,Curb & Gutter Menu (2025),2633-2635 W BRYN MAWR AVE,4131.42,0.002754,41.982898307956,-87.695722741864,040202,1,170310402021
40,Curb & Gutter Menu (2025),4705-4709 N WASHTENAW AVE,6634.07,0.004423,41.967082955859,-87.695883422948,040700,3,170310407003
40,Curb & Gutter Menu (2025),6114 N RAVENSWOOD AVE W,17746.08,0.011831,41.992389136922,-87.675544651074,020902,1,170310209021
40,"In-Road ""State Law Stop For Pedestrians"" Sign Menu",W DEVON AVE & N HERMITAGE AVE,350.0,0.000233,41.997962012886,-87.673588985425,030300,1,170310303001
40,Miscellaneous CDOT Projects (2025),5100-5700 N Clark St,27200.0,0.018133,41.974690832186,-87.668625138546,031000,1,170310310001
40,Miscellaneous CDOT Projects (2025),W FOSTER AVE & N PAULINA ST,70000.0,0.046667,41.976130004961,-87.672079320844,031000,1,170310310001
40,Pavement Markings Menu (2025),N CALIFORNIA AVE & W WINNEMAC AVE,1000.0,0.000667,41.97309500164,-87.698840977484,040300,3,170310403003
40,Pavement Markings Menu (2025),1800-2000 W Foster Ave,3750.0,0.0025,41.976122000244,-87.67942496933,040100,2,170310401002
40,Sidewalk Menu (2025),2621 W CARMEN AVE,407.86,0.000272,41.973633077915,-87.694862423323,040201,2,170310402012
40,Sidewalk Menu (2025),2726 W BALMORAL AVE,1846.38,0.001231,41.979706856413,-87.697695925691,040202,3,170310402023
40,Sidewalk Menu (2025),4674 N VIRGINIA AVE,14721.68,0.009814,41.966720358212,-87.698131111223,040700,4,170310407004
40,Sidewalk Menu (2025),4861 N TALMAN AVE,8818.39,0.005879,41.97037423587,-87.69479595483,040201,3,170310402013
40,Sidewalk Menu (2025),4901-4903 N LEAVITT ST,5376.46,0.003584,41.970733148964,-87.683764951156,040401,4,170310404014
40,Sidewalk Menu (2025),5811 N ROCKWELL ST,3569.28,0.00238,41.9871692229,-87.694155325971,020801,4,170310208014
40,Sidewalk Menu (2025),5928 N MAPLEWOOD AVE,6672.07,0.004448,41.989506516601,-87.693583847812,020801,4,170310208014
40,Sidewalk Menu (2025),6043 N ARTESIAN AVE,6622.12,0.004415,41.991701988499,-87.690628724029,020802,1,170310208021
40,Sidewalk Menu (2025),6114 N RAVENSWOOD AVE W,13300.91,0.008867,41.992389136922,-87.675544651074,020902,1,170310209021
40,Sidewalk Menu (2025),6116-6146 N DAMEN AVE,66058.19,0.044039,41.993222759102,-87.680342955366,020902,2,170310209022
40,Sidewalk Menu (2025),6901 N BELL AVE,23895.59,0.01593,42.006518678743,-87.685725478309,020400,3,170310204003
40,Sidewalk Menu (2025),5609-5600 N Hermitage Ave,6701.9,0.004468,41.983762440264,-87.672861939144,030400,2,170310304002
40,Sidewalk Menu (2025),6199-6300 N Ravenswood Ave,18615.2,0.01241,41.994969876638,-87.67479705298,030300,1,170310303001
40,Speed Indicator Signs (2025),W DEVON AVE & N RAVENSWOOD AVE,28300.7,0.018867,41.997930999844,-87.674998989177,030300,1,170310303001
40,Street Bump Outs Menu (2025),N HOYNE AVE & W ARGYLE ST,15066.44,0.010044,41.972350018086,-87.681715994925,040402,4,170310404024
40,Street Bump Outs Menu (2025),N RAVENSWOOD AVE & W DEVON AVE,10099.84,0.006733,41.997930999844,-87.674998989177,030300,1,170310303001
40,Street Bump Outs Menu (2025),N WASHTENAW AVE & W LELAND AVE,29523.31,0.019682,41.966722995027,-87.696228002988,040700,3,170310407003
40,Street Resurfacing Menu (2025),4800-4840 N Fairfield Ave,27208.37,0.018139,41.968825008706,-87.697619985648,040201,3,170310402013
40,Street Resurfacing Menu (2025),5800-5900 N Paulina St,45440.62,0.030294,41.9886322841,-87.67181218959,030400,1,170310304001
40,Street Resurfacing Menu (2025),6830-6930 N Rockwell St,81508.75,0.054339,42.007764456711,-87.695050154513,020302,2,170310203022
40,Street Resurfacing Menu (2025),4800-4700 N Virginia Ave,76206.53,0.050804,41.966738081302,-87.698148734183,040700,4,170310407004
40,Street Resurfacing Menu (2025),2300-2400 W Arthur Ave,58099.98,0.038733,41.999840397388,-87.687718108151,020500,2,170310205002
40,Street Resurfacing Menu (2025),1600-1799 W Bryn Mawr Ave,150000.0,0.1,41.983524592757,-87.67033822703,030400,2,170310304002
40,Street Resurfacing Menu (2025),1700-1800 W Olive Ave,44065.41,0.029377,41.984302901814,-87.673144823216,030400,2,170310304002
40,Street Resurfacing Menu (2025),1740-1800 W Schreiber Ave,40921.07,0.027281,41.99907964406,-87.669746992136,830600,1,170318306001
40,Street Speed Hump Menu (2025),4400-4500 N Manor Ave,4880.0,0.003253,41.961344998312,-87.697389986225,140800,2,170311408002
40,Street Speed Hump Menu (2025),2900-3030 W Argyle St,1220.0,0.000813,41.973608016024,-87.702799498896,040300,3,170310403003
40,Street Traffic Circle Menu (2025),N CAMPBELL AVE & W GLENLAKE AVE,20000.0,0.013333,41.992253014814,-87.692168982556,020802,1,170310208021
40,improvements Alley Apron Menu (2025),2514 W FARRAGUT AVE,7835.72,0.005224,41.977018067603,-87.69314857558,040202,2,170310402022
40,,2743 W RASCHER AVE,362.5,0.000242,41.980199209405,-87.698373518744,040202,3,170310402023
40,,N LINCOLN AVE & W FARRAGUT AVE & W BERWYN AVE & N ROCKWELL ST,7835.72,0.005224,41.976784002956,-87.692423960051,040202,2,170310402022
40,,W LAWRENCE AVE & N CALIFORNIA AVE,27200.0,0.018133,41.968574012615,-87.698691025236,040300,3,170310403003
40,,2923 W ARGYLE ST,1220.0,0.000813,41.971985531026,-87.702148727934,040300,3,170310403003
41,Alley Resurfacing Menu (2025),7301 W GREENLEAF AVE,15040.24,0.010313,42.008860360847,-87.809183267175,090200,1,170310902001
41,Curb & Gutter Menu (2025),5429-5400 N Natchez Ave,126394.91,0.086672,41.979416842563,-87.789303757152,100600,1,170311006001
41,Curb & Gutter Menu (2025),6440-6400 N New England Ave,10440.29,0.007159,41.999886162579,-87.798494933079,100200,7,170311002007
41,Curb & Gutter Menu (2025),6210-6360 N Nordica Ave,54601.32,0.037442,41.996782827904,-87.80295331835,100200,5,170311002005
41,Curb & Gutter Menu (2025),6300-6360 N Sayre Ave,70942.43,0.048647,41.997371465898,-87.801218967792,100200,5,170311002005
41,Miscellaneous CDOT Projects (2025),5331 N ORIOLE AVE,660.0,0.000453,41.977015217755,-87.816605878908,100500,3,170311005003
41,Sidewalk Menu (2025),5225 N OAK PARK AVE,18129.07,0.012432,41.976390095417,-87.7959203477,100600,2,170311006002
41,Street Resurfacing Menu (2025),6400-6600 N Natoma Ave,112126.69,0.076888,41.997623391226,-87.792388600753,100200,1,170311002001
41,Street Resurfacing Menu (2025),6400-6500 N Newark Ave,88573.63,0.060737,42.001196739252,-87.799820826497,100200,6,170311002006
41,Street Resurfacing Menu (2025),6440-6400 N New England Ave,44215.27,0.03032,41.999886162579,-87.798494933079,100200,7,170311002007
41,Street Resurfacing Menu (2025),5900-6000 N Nickerson Ave,75160.12,0.051539,41.990240352224,-87.804182473479,100300,4,170311003004
41,Street Resurfacing Menu (2025),6210-6360 N Nordica Ave,95888.06,0.065753,41.996782827904,-87.80295331835,100200,5,170311002005
41,Street Resurfacing Menu (2025),6199-6400 N Oak Park Ave,96422.92,0.06612,41.997488938271,-87.79581037713,100200,7,170311002007
41,Street Resurfacing Menu (2025),6100-6180 N Ozark Ave,183972.54,0.126155,41.991827002817,-87.821062588216,100400,2,170311004002
41,Street Resurfacing Menu (2025),6300-6360 N Sayre Ave,50464.62,0.034605,41.997371465898,-87.801218967792,100200,5,170311002005
41,Street Resurfacing Menu (2025),7200-7500 W Myrtle Ave,161263.64,0.110583,41.993767624718,-87.807020166799,100300,5,170311003005
41,Street Resurfacing Menu (2025),7500-7600 W Myrtle Ave,78311.13,0.0537,41.993490560909,-87.81693813755,100400,1,170311004001
41,Street Resurfacing Menu (2025),7600-7700 W Palatine Ave,56546.26,0.038775,41.995389690621,-87.816909303803,100400,1,170311004001
41,Street Resurfacing Menu (2025),6600-6800 W Schreiber Ave,103466.44,0.07095,41.998445732518,-87.792552582823,100200,1,170311002001
41,Street Speed Hump Menu (2025),5800-5900 N Odell Ave,323.79,0.000222,41.987694181496,-87.810464709909,100300,2,170311003002
41,,W GREENLEAF AVE & N OCTAVIA AVE & N ODELL AVE & W LUNT AVE,15040.24,0.010313,42.008919004355,-87.809108015061,090200,1,170310902001
41,,5800 N ODELL AVE,323.79,0.000222,41.985495105379,-87.810928061516,100300,2,170311003002
42,Alley Resurfacing Menu (2025),N FRANKLIN ST & W CHICAGO AVE & W SUPERIOR ST & N ORLEANS ST,35718.64,0.03392,41.896599993062,-87.635665986517,081800,1,170310818001
42,Alley Resurfacing Menu (2025),N FRANKLIN ST & W CHICAGO AVE & W SUPERIOR ST & N WELLS ST,12916.41,0.012266,41.896599993062,-87.635665986517,081800,1,170310818001
42,Alley Resurfacing Menu (2025),N FRANKLIN ST & W ERIE ST & W ONTARIO ST & N WELLS ST,20130.51,0.019117,41.893971302497,-87.635606726462,081800,1,170310818001
42,Alley Resurfacing Menu (2025),N FRANKLIN ST & W HURON ST & W ERIE ST & N WELLS ST,13225.41,0.012559,41.894771480884,-87.635636733675,081800,1,170310818001
42,Alley Resurfacing Menu (2025),N FRANKLIN ST & W ILLINOIS ST & W HUBBARD ST & N WELLS ST,26246.49,0.024925,41.890757010267,-87.635551992634,081800,2,170310818002
42,Alley Resurfacing Menu (2025),N FRANKLIN ST & W ONTARIO ST & W OHIO ST & N WELLS ST,16271.23,0.015452,41.893193084697,-87.635591387579,081800,1,170310818001
42,Alley Speed Hump Replacement (2025),N FRANKLIN ST & W ILLINOIS ST & W HUBBARD ST & N WELLS ST,0.0,0.0,41.890757010267,-87.635551992634,081800,2,170310818002
42,Miscellaneous CDOT Projects (2025),101 W HUBBARD ST,660.0,0.000627,41.889957313613,-87.631150395397,081700,2,170310817002
42,Miscellaneous CDOT Projects (2025),300-349 N Stetson Ave,124519.02,0.118249,41.887404396709,-87.622198106429,320102,1,170313201021
42,Right-turn arrow installation for the northbound to eastbound,N STREETER DR & E GRAND AVE,33401.16,0.031719,41.891965010153,-87.611601039586,081402,1,170310814021
42,Street Light Residential Staggered Piggy Back Menu (2025),300-400 W Superior St,71957.87,0.068334,41.895752331193,-87.638900982048,081800,1,170310818001
42,Street Resurfacing Menu (2025),154-241 E South Water St,40656.87,0.03861,41.886693276825,-87.621650921096,320102,1,170313201021
42,Street Resurfacing Menu (2025),150-225 N Harbor Dr,81190.18,0.077102,41.88611009817,-87.615685700008,320101,3,170313201013
42,Street Resurfacing Menu (2025),420-600 N Michigan Lower Ave,152398.36,0.144724,41.887523233061,-87.624687253883,320102,1,170313201021
42,Street Resurfacing Menu (2025),440-480 N Park Dr,58815.46,0.055854,41.890646368264,-87.619676521127,081403,1,170310814031
42,Street Resurfacing Menu (2025),140-349 N Stetson Ave,200935.14,0.190817,41.887404396709,-87.622198106429,320102,1,170313201021
42,Street Resurfacing Menu (2025),50-0 W Erie St,39705.28,0.037706,41.89413188868,-87.630050192973,081700,2,170310817002
42,Street Speed Hump Replacement (2025),150-225 N Harbor Dr,0.0,0.0,41.88611009817,-87.615685700008,320101,3,170313201013
42,Viaduct Improvement Menu (2025),360 E RANDOLPH ST,28717.68,0.027272,41.884817006944,-87.617958796964,320101,1,170313201011
42,Viaduct Improvement Menu (2025),140-349 N Stetson Ave,70987.0,0.067412,41.887404396709,-87.622198106429,320102,1,170313201021
42,Viaduct Improvement Menu (2025),W KINZIE ST & N ORLEANS ST,24271.0,0.023049,41.889140979335,-87.636971970851,081800,2,170310818002
42,movement at Streeter-Grand. Speed Indicator Signs (2025),320-500 N Orleans St,300.7,0.000286,41.890793010542,-87.637155031616,081800,2,170310818002
43,(2025) Lincoln Park Arch Project,2560 N LINCOLN AVE,86492.95,0.057662,41.928205090541,-87.653131022888,070300,1,170310703001
43,Alley Apron Menu (2025),2000 N SEMINARY AVE,22589.89,0.01506,41.918382002934,-87.6559330093,071000,2,170310710002
43,Alley Apron Menu (2025),2727 N LEHMANN CT,78654.12,0.052436,41.932665981321,-87.64321104048,070102,2,170310701022
43,Alley Resurfacing Menu (2025),N DAYTON ST & W WISCONSIN ST,20718.78,0.013813,41.916027987337,-87.649648006842,832600,3,170318326003
43,Alley Resurfacing Menu (2025),N HAMPDEN CT & W WRIGHTWOOD AVE & W DIVERSEY PKWY & N LEHMANN CT,8336.0,0.005557,41.930647996222,-87.641456037593,070101,1,170310701011
43,Alley Resurfacing Menu (2025),W WISCONSIN ST & N FREMONT ST & N BISSELL ST & W WILLOW ST,7694.22,0.005129,41.915997016205,-87.650846032263,832600,3,170318326003
43,Alley Resurfacing Menu (2025),W WRIGHTWOOD AVE & N HAMPDEN CT & N LAKEVIEW AVE & W DEMING PL,10506.17,0.007004,41.930647996222,-87.641456037593,070101,1,170310701011
43,Arterial Street Bump Outs Menu (2025),N CLYBOURN AVE & N KENMORE AVE,12038.3,0.008026,41.915508015973,-87.655896967117,832600,2,170318326002
43,Arterial Street Bump Outs Menu (2025),N HALSTED ST & W DICKENS AVE,116549.89,0.0777,41.920016013049,-87.648571016103,071200,2,170310712002
43,Arterial Street Bump Outs Menu (2025),N SHEFFIELD AVE & W MONTANA ST,3710.45,0.002474,41.9263379797,-87.653624968442,070300,1,170310703001
43,Curb & Gutter Menu (2025),1875 N DAYTON ST,92804.34,0.06187,41.915923339276,-87.64937031439,832600,3,170318326003
43,Curb & Gutter Menu (2025),2731 N HAMPDEN CT,89749.11,0.059833,41.931563719144,-87.641735238788,070102,2,170310701022
43,Curb & Gutter Menu (2025),300 W WEBSTER AVE,45453.08,0.030302,41.922092000918,-87.63690198196,071400,4,170310714004
43,"In-Road ""State Law Stop For Pedestrians"" Sign Menu",W DIVERSEY PKWY & N SEMINARY AVE,600.0,0.0004,41.9326280113,-87.656279014263,062900,2,170310629002
43,Miscellaneous CDOT Projects (2025),2400 N LINCOLN AVE,660.0,0.00044,41.925613950903,-87.649510711268,070300,2,170310703002
43,Pavement Markings Menu (2025),2720-2600 N Sheffield Ave,3000.0,0.002,41.931760065226,-87.654216479349,070400,1,170310704001
43,Sidewalk Menu (2025),1134-1138 W SCHUBERT AVE,19130.2,0.012753,41.931003011731,-87.657754983594,070400,3,170310704003
43,Sidewalk Menu (2025),1301 N STATE PKWY,21430.92,0.014287,41.90594858113,-87.628340706056,080100,6,170310801006
43,Sidewalk Menu (2025),2121-2127 N BISSELL ST,10630.31,0.007087,41.920760661327,-87.651913383814,071100,2,170310711002
43,Sidewalk Menu (2025),2717 N HALSTED ST,21133.99,0.014089,41.93207916428,-87.648698085755,070200,1,170310702001
43,Sidewalk Menu (2025),424 W EUGENIE ST,81560.61,0.054374,41.913058698137,-87.639706482943,071700,1,170310717001
43,Sidewalk Menu (2025),515 W WRIGHTWOOD AVE,8681.12,0.005787,41.930194702898,-87.642099851576,070102,1,170310701021
43,Sidewalk Menu (2025),659 W ARMITAGE AVE,21300.96,0.014201,41.91804039847,-87.645948989152,071800,1,170310718001
43,Sidewalk Menu (2025),830 W ALTGELD ST,4520.95,0.003014,41.927480852198,-87.650110939355,070300,2,170310703002
43,Sidewalk Menu (2025),849-900 W Willow St,15114.43,0.010076,41.914030705539,-87.651143170731,832600,3,170318326003
43,Street Bump Outs Menu (2025),N SHEFFIELD AVE & W SCHUBERT AVE,32000.0,0.021333,41.930815005643,-87.653772992852,070300,1,170310703001
43,Street Bump Outs Menu (2025),W BELDEN AVE & N COMMONWEALTH AVE,28272.2,0.018848,41.923786989378,-87.638029012661,071400,4,170310714004
43,Street Light Upgrade Menu (2025),2001 N MOHAWK ST,500.0,0.000333,41.9183211558,-87.642371231221,071300,2,170310713002
43,Street Resurfacing Menu (2025),2200-2300 N LINCOLN PARK WEST,67603.13,0.045069,41.924101310747,-87.636981693859,071400,4,170310714004
43,Street Resurfacing Menu (2025),1900-2000 N Kenmore Ave,84631.42,0.056421,41.916257777212,-87.6551574318,832600,2,170318326002
43,Street Resurfacing Menu (2025),1700-1740 N St Michaels Ct,12673.24,0.008449,41.913015028421,-87.640588594433,071700,1,170310717001
43,Street Resurfacing Menu (2025),400-500 W Arlington Pl,41320.27,0.027547,41.927075000446,-87.641512028706,070103,2,170310701032
43,Street Resurfacing Menu (2025),410-500 W Belden Ave,40835.09,0.027223,41.923876885289,-87.641738591549,071300,2,170310713002
43,Street Resurfacing Menu (2025),500-700 W Deming Pl,97504.68,0.065003,41.928904015538,-87.642041010615,070102,1,170310701021
43,Street Resurfacing Menu (2025),440-450 W Eugenie St,3611.22,0.002407,41.913034306799,-87.640211911704,071700,1,170310717001
43,Street Resurfacing Menu (2025),1100-1200 W Schubert Ave,44411.14,0.029607,41.930839983714,-87.658725021248,070500,1,170310705001
43,Street Resurfacing Menu (2025),420-452 W Willow St,19365.4,0.01291,41.914049367737,-87.639967597295,071700,1,170310717001
43,Street Resurfacing Menu (2025),400-430 W Wrightwood Ave,28007.53,0.018672,41.931467411076,-87.639595003631,070101,3,170310701013
43,Street Resurfacing Menu (2025),1100-1200 W Wrightwood Ave,69464.76,0.04631,41.929184767385,-87.656325366188,070400,3,170310704003
43,Street Speed Hump Menu (2025),2000-2100 N Mohawk St,4880.0,0.003253,41.91839709036,-87.642813151536,071300,2,170310713002
43,,N HALSTED ST & W WILLOW ST,20718.78,0.013813,41.913845591207,-87.648367084399,832600,3,170318326003
43,,2754 N HAMPDEN CT,8336.0,0.005557,41.932166838987,-87.642770320011,070102,2,170310701022
43,,N DAYTON ST & W WISCONSIN ST,92804.34,0.06187,41.916027987337,-87.649648006842,832600,3,170318326003
44,Abraham Lincoln Park - Lakeview Dog Park,500-5700 N LAKE SHORE DR,100000.0,0.066667,41.891331883097,-87.614601090371,081402,1,170310814021
44,Alley Resurfacing Menu (2025),N CAMBRIDGE AVE & W BRIAR PL & W BELMONT AVE & N PINE GROVE AVE,12744.13,0.008496,41.940098005319,-87.641935985369,061901,4,170310619014
44,Alley Resurfacing Menu (2025),N COMMONWEALTH AVE & W SURF ST & W OAKDALE AVE & N SHERIDAN RD,19652.72,0.013102,41.934389384433,-87.638003866951,063302,1,170310633021
44,Alley Resurfacing Menu (2025),N JANSSEN AVE & W CORNELIA AVE & W ADDISON ST & N SOUTHPORT AVE,21458.56,0.014306,41.947096014371,-87.664007967182,061200,1,170310612001
44,Alley Resurfacing Menu (2025),N LAKEWOOD AVE & W HENDERSON ST & W SCHOOL ST & N RACINE AVE,15172.15,0.010115,41.942561991486,-87.661446038476,062300,1,170310623001
44,Alley Resurfacing Menu (2025),W BUCKINGHAM PL & N HALSTED ST & N CLARK ST & W ALDINE AVE,24936.7,0.016624,41.942729000907,-87.649335026578,062000,1,170310620001
44,Alley Resurfacing Menu (2025),W SCHOOL ST & N LAKEWOOD AVE & N RACINE AVE & W MELROSE ST,41587.43,0.027725,41.941615004065,-87.661428017384,062300,1,170310623001
44,Alley Speed Hump Menu (2025),N BROADWAY & W ALDINE AVE & W MELROSE ST & N HALSTED ST,725.0,0.000483,41.941104001338,-87.649288004101,062000,1,170310620001
44,Alley Speed Hump Replacement (2025),N CAMBRIDGE AVE & W BRIAR PL & W BELMONT AVE & N PINE GROVE AVE,0.0,0.0,41.940098005319,-87.641935985369,061901,4,170310619014
44,Alley Speed Hump Replacement (2025),W SCHOOL ST & N LAKEWOOD AVE & N RACINE AVE & W MELROSE ST,0.0,0.0,41.941615004065,-87.661428017384,062300,1,170310623001
44,Bollard Menu (2025),W ROSCOE ST & N LAKE SHORE DR,18865.46,0.012577,41.943400014166,-87.640505026859,061902,3,170310619023
44,Curb & Gutter Menu (2025),1225 W EDDY ST,16934.3,0.01129,41.945996937317,-87.660178527078,061500,1,170310615001
44,Curb & Gutter Menu (2025),829-837 W NEWPORT AVE,68858.16,0.045905,41.94430689418,-87.650908225985,062100,2,170310621002
44,LED Traffic Signal Upgrades & Pedestrian Countdown,N CLARK ST & W WELLINGTON AVE,75129.66,0.050086,41.936447309301,-87.647796612069,063100,1,170310631001
44,Pavement Markings Menu (2025),W BARRY AVE & N CLARK ST,4000.0,0.002667,41.93817699884,-87.649197982461,063100,1,170310631001
44,Signal (2025) LED Traffic Signal Upgrades & Pedestrian Countdown,N HALSTED ST & W WELLINGTON AVE,87104.82,0.05807,41.936410009831,-87.64912103659,063100,1,170310631001
44,Signal (2025) Miscellaneous Other Projects (2025),600 W WELLINGTON AVE,660.0,0.00044,41.936591980949,-87.644515013157,063100,1,170310631001
44,Speed Indicator Signs (2025),W ADDISON ST & N FREMONT ST,38000.0,0.025333,41.947300993813,-87.651884969162,061000,1,170310610001
44,Street Bump Outs Menu (2025),N SEMINARY AVE & W CORNELIA AVE,20000.0,0.013333,41.945346711178,-87.656712107201,062200,2,170310622002
44,Street Bump Outs Menu (2025),W OAKDALE AVE & N LAKE SHORE DR,20000.0,0.013333,41.935640006296,-87.636762004177,063303,1,170310633031
44,Street Light Residential Staggered Piggy Back Menu (2025),3331-3801 N Southport Ave,582531.07,0.388354,41.951039187205,-87.6640321627,060500,1,170310605001
44,Street Resurfacing Menu (2025),2800-2900 N Pine Grove Ave,44829.93,0.029887,41.933170404254,-87.641580508855,063301,3,170310633013
44,Street Resurfacing Menu (2025),400-600 W Briar Pl,121730.81,0.081154,41.938968166681,-87.639922484588,063200,5,170310632005
44,Street Resurfacing Menu (2025),1200-1300 W Cornelia Ave,53622.0,0.035748,41.94539499094,-87.661806041217,061500,1,170310615001
44,Street Resurfacing Menu (2025),500-599 W Hawthorne Pl,93832.96,0.062555,41.945174002063,-87.642057774422,061902,3,170310619023
44,Street Speed Hump Menu (2025),3800-3900 N Wayne Ave,4880.0,0.003253,41.95123399233,-87.663030972547,060500,1,170310605001
44,Street Speed Hump Replacement (2025),400-600 W Briar Pl,0.0,0.0,41.938968166681,-87.639922484588,063200,5,170310632005
44,,3167 N CAMBRIDGE AVE,12744.13,0.008496,41.939633689793,-87.642998978329,063200,3,170310632003
44,,3167 N CAMBRIDGE AVE,0.0,0.0,41.939633689793,-87.642998978329,063200,3,170310632003
45,Alley Resurfacing Menu (2025),N MULLIGAN AVE & W BRYN MAWR AVE & W BRYN MAWR AVE & N AVONDALE AVE,4714.69,0.003143,41.982857991002,-87.786581817915,110300,1,170311103001
45,Street Resurfacing Menu (2025),6430-6458 N Algonquin Ave,36247.11,0.024165,41.998781124994,-87.766780633819,120100,3,170311201003
45,Street Resurfacing Menu (2025),6530-6630 N Chicora Ave,57008.19,0.038005,42.000590912998,-87.77128568281,120100,2,170311201002
45,Street Resurfacing Menu (2025),6540-6700 N Hiawatha Ave,137476.16,0.091651,42.002272993327,-87.768562821564,120100,2,170311201002
45,Street Resurfacing Menu (2025),4700-4770 N Leamington Ave,31854.99,0.021237,41.966182194634,-87.756559768578,150200,4,170311502004
45,Street Resurfacing Menu (2025),5300-5200 N Leclaire Ave,75600.93,0.050401,41.975430493232,-87.755550000703,110501,2,170311105012
45,Street Resurfacing Menu (2025),6620-6800 N Loron Ave,117237.97,0.078159,42.00181136001,-87.774593097984,120100,2,170311201002
45,Street Resurfacing Menu (2025),4125-4000 N Lowell Ave,87365.91,0.058244,41.953784563557,-87.737107550603,160200,4,170311602004
45,Street Resurfacing Menu (2025),5230-5300 N Ludlam Ave,29079.54,0.019386,41.978037013662,-87.763971298823,110501,4,170311105014
45,Street Resurfacing Menu (2025),AVE FROM W FARRAGUT AVE (5230 N) TO N LYNCH AVE (5300 N),87992.09,0.058661,41.977040336431,-87.672017435354,030900,4,170310309004
45,Street Resurfacing Menu (2025),5400-5400 N Manila Ave,3339.42,0.002226,41.979345775808,-87.771306934332,110200,1,170311102001
45,Street Resurfacing Menu (2025),7000-7030 N Mcalpin Ave,30155.98,0.020104,42.008620692421,-87.782463202152,120100,4,170311201004
45,Street Resurfacing Menu (2025),5200-5300 N Melvina Ave,61811.48,0.041208,41.977610751976,-87.78388996971,110300,2,170311103002
45,Street Resurfacing Menu (2025),4800-4630 N Menard Ave,103439.69,0.06896,41.965388029385,-87.772360031068,150401,3,170311504013
45,Street Resurfacing Menu (2025),7030-7110 N Monon Ave,65735.85,0.043824,42.009779280987,-87.777116553754,120100,1,170311201001
45,Street Resurfacing Menu (2025),6160-6200 N Neola Ave,32427.67,0.021618,41.99351725727,-87.792234489597,100200,3,170311002003
45,Street Resurfacing Menu (2025),5700-5730 N Parkside Ave,22577.46,0.015052,41.984887040213,-87.76980191831,110100,2,170311101002
45,Street Resurfacing Menu (2025),5100-5199 W Ainslie St,73986.16,0.049324,41.969979573959,-87.755278007945,110502,2,170311105022
45,Street Resurfacing Menu (2025),5700-5820 W Ainslie St,88692.58,0.059128,41.969894036637,-87.774910353019,110400,2,170311104002
45,Street Resurfacing Menu (2025),5400-5300 W Carmen Ave,24651.37,0.016434,41.973583750414,-87.76041100163,110501,2,170311105012
45,Street Resurfacing Menu (2025),5400-5440 W Carmen Ave,44566.41,0.029711,41.9733960603,-87.764310790273,110400,1,170311104001
45,Street Resurfacing Menu (2025),5600-5700 W Giddings St,58507.41,0.039005,41.967053283922,-87.770079443124,150401,1,170311504011
45,Street Resurfacing Menu (2025),5930-5999 W Gunnison St,33328.31,0.022219,41.968750996501,-87.776873981476,110400,2,170311104002
45,Street Resurfacing Menu (2025),5200-5300 W Pensacola Ave,55701.29,0.037134,41.959894929063,-87.760006574802,150300,2,170311503002
45,Street Speed Hump Menu (2025),4600-4700 N Leamington Ave,4880.0,0.003253,41.966182194634,-87.756559768578,150200,4,170311502004
45,Street Speed Hump Menu (2025),5000-5099 N Northwest Hwy,75.0,5e-05,41.970724641332,-87.761407190823,110502,2,170311105022
45,Street Speed Hump Menu (2025),4800-5000 W Ainslie St,4880.0,0.003253,41.969993907013,-87.75282420579,110502,2,170311105022
45,Street Speed Hump Menu (2025),4700-4800 W Byron St,4880.0,0.003253,41.951635242369,-87.74761426797,150800,1,170311508001
45,Street Speed Hump Replacement (2025),5300-5200 N Leclaire Ave,0.0,0.0,41.975430493232,-87.755550000703,110501,2,170311105012
45,Street Speed Hump Replacement (2025),4800-4630 N Menard Ave,0.0,0.0,41.965388029385,-87.772360031068,150401,3,170311504013
45,Street Speed Hump Replacement (2025),5100-5199 W Ainslie St,0.0,0.0,41.969979573959,-87.755278007945,110502,2,170311105022
45,Street Speed Hump Replacement (2025),5400-5300 W Carmen Ave,0.0,0.0,41.973583750414,-87.76041100163,110501,2,170311105012
45,Street Speed Hump Replacement (2025),5200-5300 W Pensacola Ave,0.0,0.0,41.959894929063,-87.760006574802,150300,2,170311503002
45,,5621 N MULLIGAN AVE,4714.69,0.003143,41.983606243498,-87.786203374987,100100,4,170311001004
45,,ON N LORING,29079.54,0.019386,41.976519712534,-87.765555585741,110501,4,170311105014
45,,5300-5410 N Lynch Ave,87992.09,0.058661,41.977474085045,-87.766402637477,110501,1,170311105011
46,Alley Speed Hump Menu (2025),900 W MONTROSE AVE,483.33,0.000343,41.962072170322,-87.652557281615,031502,1,170310315021
46,Curb & Gutter Menu (2025),3801 N PINE GROVE AVE,8548.59,0.006059,41.951913219854,-87.647545825526,060800,4,170310608004
46,Miscellaneous CDOT Projects (2025),739 W BROMPTON AVE,660.0,0.000468,41.946220566494,-87.648299358621,061800,1,170310618001
46,Miscellaneous CDOT Projects (2025),N LAKE SHORE DR & W GRACE ST,2000.0,0.001418,41.952389018588,-87.644998984246,060800,2,170310608002
46,Miscellaneous CDOT Projects (2025),N MARINE DR & W WILSON AVE,4000.0,0.002835,41.965543284065,-87.648614266724,031400,5,170310314005
46,Sidewalk Menu (2025),1002 W BUENA AVE,49024.83,0.034749,41.958503642867,-87.654834960799,032100,2,170310321002
46,Sidewalk Menu (2025),1024-1026 W BUENA AVE,74001.17,0.052452,41.958619035761,-87.655508465905,032100,2,170310321002
46,Sidewalk Menu (2025),1060 W LAWRENCE AVE,37069.82,0.026275,41.969249803559,-87.657273778532,031200,1,170310312001
46,Sidewalk Menu (2025),1200 W MONTROSE AVE,10259.2,0.007272,41.961795371727,-87.659647257128,031700,4,170310317004
46,Sidewalk Menu (2025),1227 W LELAND AVE,30411.21,0.021556,41.967133535533,-87.66084087307,031700,2,170310317002
46,Sidewalk Menu (2025),1249-1255 W WILSON AVE,24583.03,0.017425,41.965098246916,-87.662084990955,031700,3,170310317003
46,Sidewalk Menu (2025),1321 W WILSON AVE,18213.26,0.01291,41.965151849187,-87.663288213156,031700,3,170310317003
46,Sidewalk Menu (2025),1403-1409 W SUNNYSIDE AVE,19072.2,0.013518,41.963416742122,-87.665726036975,031700,4,170310317004
46,Sidewalk Menu (2025),3601-3603 N BROADWAY,22510.55,0.015956,41.947625583013,-87.647253213286,060900,1,170310609001
46,Sidewalk Menu (2025),3753 N PINE GROVE AVE,13485.34,0.009558,41.951258635126,-87.647075349301,060900,3,170310609003
46,Sidewalk Menu (2025),3835-3859 N FREMONT ST,5265.63,0.003732,41.952279634752,-87.651791091846,832100,1,170318321001
46,Sidewalk Menu (2025),3932 N CLARENDON AVE,34925.67,0.024756,41.953751047147,-87.649728250868,832100,3,170318321003
46,Sidewalk Menu (2025),3934 N PINE GROVE AVE,8376.25,0.005937,41.953480165845,-87.647973959075,060800,1,170310608001
46,Sidewalk Menu (2025),3949 N BROADWAY,15686.66,0.011119,41.954219542422,-87.650116722868,832100,3,170318321003
46,Sidewalk Menu (2025),4018 N KENMORE AVE,11702.02,0.008294,41.955078687498,-87.656473558236,830700,1,170318307001
46,Sidewalk Menu (2025),4135-4149 N CLARENDON AVE,67257.9,0.047673,41.956644325899,-87.649668792153,031400,2,170310314002
46,Sidewalk Menu (2025),4136 N SHERIDAN RD,11524.64,0.008169,41.957605160753,-87.655135638851,032100,3,170310321003
46,Sidewalk Menu (2025),4142 N BROADWAY,5877.72,0.004166,41.957770996707,-87.652701031255,032100,3,170310321003
46,Sidewalk Menu (2025),4155 N CLARK ST,25599.01,0.018145,41.957728427232,-87.664226162277,830700,1,170318307001
46,Sidewalk Menu (2025),4247 N HAZEL ST,5129.8,0.003636,41.959853690099,-87.651394376369,032100,1,170310321001
46,Sidewalk Menu (2025),4407 N MALDEN ST,13871.96,0.009833,41.961835884471,-87.661914838321,031700,4,170310317004
46,Sidewalk Menu (2025),4419 N RACINE AVE,9889.75,0.00701,41.962424922717,-87.659303540205,830700,4,170318307004
46,Sidewalk Menu (2025),4440-4442 N HAZEL ST,1975.28,0.0014,41.962902607379,-87.652556694882,031502,1,170310315021
46,Sidewalk Menu (2025),4450-4454 N MALDEN ST,30160.23,0.021378,41.963346219605,-87.662702401943,031700,4,170310317004
46,Sidewalk Menu (2025),4520 N BEACON ST,14451.34,0.010243,41.964111193998,-87.664167893894,031700,3,170310317003
46,Sidewalk Menu (2025),4526-4528 N MAGNOLIA AVE,9759.96,0.006918,41.964414325526,-87.661354675731,031700,3,170310317003
46,Sidewalk Menu (2025),4555 N MALDEN ST,43664.2,0.030949,41.965146275221,-87.661975690938,031700,3,170310317003
46,Sidewalk Menu (2025),4638 N MALDEN ST,15333.79,0.010869,41.966514579005,-87.662966767169,031700,2,170310317002
46,Sidewalk Menu (2025),4646 N MARINE DR,20588.52,0.014593,41.967085679978,-87.649616574705,031400,5,170310314005
46,Sidewalk Menu (2025),4728 N KENMORE AVE,7355.66,0.005214,41.968125874162,-87.656581098054,830700,2,170318307002
46,Sidewalk Menu (2025),4813 N WINTHROP AVE,1530.65,0.001085,41.969483030014,-87.657361620878,031200,1,170310312001
46,Sidewalk Menu (2025),4820 N MARINE DR,8421.41,0.005969,41.970314593905,-87.650084982968,031300,4,170310313004
46,Sidewalk Menu (2025),4827 N KENMORE AVE,6534.85,0.004632,41.969978190945,-87.655857572172,031200,1,170310312001
46,Sidewalk Menu (2025),4835 N SHERIDAN RD,21065.42,0.014931,41.970275245593,-87.654531974185,031300,4,170310313004
46,Sidewalk Menu (2025),4840-4850 N MARINE DR,13308.19,0.009433,41.970261205905,-87.650572111667,031300,4,170310313004
46,Sidewalk Menu (2025),622-632 W STRATFORD PL,13695.23,0.009707,41.945238710356,-87.645595272838,061901,1,170310619011
46,Sidewalk Menu (2025),627-645 W PATTERSON AVE,35089.67,0.024872,41.94852097982,-87.64684602043,060900,1,170310609001
46,Sidewalk Menu (2025),650 W GRACE ST,6591.86,0.004672,41.952122474067,-87.647083563566,060800,4,170310608004
46,Sidewalk Menu (2025),653 W BITTERSWEET PL,10321.6,0.007316,41.955494094619,-87.647156150847,031400,4,170310314004
46,Sidewalk Menu (2025),655 W JUNIOR TER,12503.85,0.008863,41.960797743854,-87.647446332335,031400,1,170310314001
46,Sidewalk Menu (2025),709 W MONTROSE AVE,5458.47,0.003869,41.96165072823,-87.64787875472,031400,5,170310314005
46,Sidewalk Menu (2025),712 W BITTERSWEET PL,16312.89,0.011563,41.95586021615,-87.647914629266,031400,4,170310314004
46,Sidewalk Menu (2025),807-811 W LELAND AVE,11005.04,0.0078,41.967254369414,-87.650985286502,031501,3,170310315013
46,Sidewalk Menu (2025),910 W CUYLER AVE,15312.39,0.010854,41.955505603628,-87.651558024903,032100,5,170310321005
46,Sidewalk Menu (2025),911 W EASTWOOD AVE,6165.45,0.00437,41.966193174928,-87.65297931044,031501,3,170310315013
46,Sidewalk Menu (2025),915 W DAKIN ST,5978.14,0.004237,41.953387428985,-87.652787448677,832100,3,170318321003
46,Sidewalk Menu (2025),920 W EASTWOOD AVE,11435.48,0.008106,41.966642822123,-87.653326321232,031501,1,170310315011
46,Sidewalk Menu (2025),924 W CUYLER AVE,2434.97,0.001726,41.955670910867,-87.652165343823,032100,5,170310321005
46,Sidewalk Menu (2025),AVE 924 W GORDON TER,15481.24,0.010973,41.957848613131,-87.653689760554,032100,3,170310321003
46,Sidewalk Menu (2025),929 W DAKIN ST,22624.73,0.016037,41.953559843975,-87.653217098132,832100,3,170318321003
46,Sidewalk Menu (2025),N RACINE AVE & W WILSON AVE,4146.28,0.002939,41.965395008198,-87.659619035041,830700,3,170318307003
46,Sidewalk Menu (2025),N SHERIDAN RD & W IRVING PARK RD,32740.23,0.023206,41.954493588747,-87.654552761304,032100,3,170310321003
46,Street Resurfacing Menu (2025),640-900 W Hutchinson St,106516.09,0.075499,41.959421669136,-87.64734818899,031400,1,170310314001
46,Street Speed Hump Menu (2025),1400-1600 W Byron St,7320.0,0.005188,41.952781668842,-87.664363443695,060400,1,170310604001
46,Street Speed Hump Menu (2025),800-900 W Sunnyside Ave,4880.0,0.003459,41.963937981969,-87.652605980473,031502,2,170310315022
46,Viaduct Improvement Menu (2025),N MARINE DR & W BUENA AVE,8009.88,0.005677,41.958566984142,-87.646463973283,031400,3,170310314003
46,,W MONTROSE AVE & N HAZEL ST & N SHERIDAN RD & W AGATITE AVE,483.33,0.000343,41.962692892162,-87.654738839555,031502,1,170310315021
46,,913 W AGATITE AVE,483.33,0.000343,41.962481249106,-87.652917284357,031502,1,170310315021
46,,W GRACE ST & N PINE GROVE AVE,8548.59,0.006059,41.951654009498,-87.647822009236,060800,4,170310608004
46,,3750 N LAKE SHORE DR,2000.0,0.001418,41.951730829641,-87.645365441053,060900,3,170310609003
46,,W MONTROSE AVE & N MAGNOLIA AVE,10259.2,0.007272,41.961722016317,-87.660952009103,031700,4,170310317004
46,,1440-1400 W Sunnyside Ave,19072.2,0.013518,41.963531261315,-87.665731506832,031700,3,170310317003
46,,3727 N PINE GROVE AVE,13485.34,0.009558,41.950565996557,-87.646922966301,060900,3,170310609003
46,,3927 N PINE GROVE AVE,8376.25,0.005937,41.9536838969,-87.647347342059,060800,4,170310608004
46,,4036 N KENMORE AVE,11702.02,0.008294,41.955547235885,-87.656449083079,830700,1,170318307001
46,,4832 N KENMORE AVE,7355.66,0.005214,41.970058741034,-87.656636418615,031200,1,170310312001
46,,4718 N KENMORE AVE,7355.66,0.005214,41.967807529479,-87.656585456644,830700,2,170318307002
46,,4869 N KENMORE AVE,6534.85,0.004632,41.971092020148,-87.655883388434,031200,1,170310312001
46,,4883 N KENMORE AVE,6534.85,0.004632,41.971443263801,-87.655834521938,031200,1,170310312001
46,,4857 N KENMORE AVE,6534.85,0.004632,41.970739100115,-87.655925968502,031200,1,170310312001
46,,4878 N SHERIDAN RD,21065.42,0.014931,41.97131602651,-87.655335128147,031200,1,170310312001
46,,4855 N SHERIDAN RD,21065.42,0.014931,41.970894223547,-87.65480297026,031300,4,170310313004
46,,4840 N SHERIDAN RD,21065.42,0.014931,41.970360950553,-87.65524393304,031200,1,170310312001
46,,606 W STRATFORD PL,13695.23,0.009707,41.945392183003,-87.644934443592,061901,1,170310619011
46,,558 W STRATFORD PL,13695.23,0.009707,41.945521976773,-87.644294652922,061901,1,170310619011
46,,534 W STRATFORD PL,13695.23,0.009707,41.945932019477,-87.64296603745,061902,3,170310619023
46,,520 W STRATFORD PL,13695.23,0.009707,41.945980005872,-87.643158988861,061902,3,170310619023
46,,506-512 W STRATFORD PL,13695.23,0.009707,41.946028507683,-87.642472394687,061902,3,170310619023
46,,928 W EASTWOOD AVE,11435.48,0.008106,41.966607115216,-87.653617843824,031501,1,170310315011
46,,W CUYLER AVE & N SHERIDAN RD,2434.97,0.001726,41.955453987213,-87.654572458777,032100,3,170310321003
46,,976 W CUYLER AVE,2434.97,0.001726,41.95562045181,-87.654070801872,032100,5,170310321005
46,,970 W CUYLER,2434.97,0.001726,41.955686375478,-87.653807861569,032100,5,170310321005
46,,909-911 W GORDON TER,15481.24,0.010973,41.957361666466,-87.652948129761,032100,3,170310321003
46,,906-912 W GORDON TER,15481.24,0.010973,41.957907496001,-87.653403350922,032100,3,170310321003
46,,941-945 W GORDON TER,15481.24,0.010973,41.956875055077,-87.654202062476,032100,3,170310321003
46,,903 W GORDON TER,15481.24,0.010973,41.95746434478,-87.652627102869,032100,3,170310321003
46,,1200 W WILSON AVE,4146.28,0.002939,41.965633515253,-87.659971242612,031700,2,170310317002
46,,N LAKE SHORE DR & N MARINE DR,8009.88,0.005677,41.952389018588,-87.644998984246,060800,2,170310608002
47,Alley Apron Menu (2025),3745 N PAULINA ST,27545.28,0.018364,41.950123851164,-87.671111127209,060300,2,170310603002
47,Alley Resurfacing Menu (2025),1454 W WARNER AVE,2811.95,0.001875,41.957317871022,-87.66657308101,060100,1,170310601001
47,Alley Resurfacing Menu (2025),W ADDISON ST & N OAKLEY AVE & N CLAREMONT AVE & W WAVELAND AVE,48371.24,0.032248,41.948585981479,-87.687077982205,050500,5,170310505005
47,Alley Speed Hump Menu (2025),W BERTEAU AVE & N DAMEN AVE & N LINCOLN AVE & W WARNER AVE,725.0,0.000483,41.956886999289,-87.680632969216,050200,2,170310502002
47,Alley Speed Hump Removal Menu (2025),AVE W BERTEAU AVE & N DAMEN AVE & N LINCOLN AVE & W WARNER AVE,362.5,0.000242,41.95417298095,-87.678740000203,050100,2,170310501002
47,Alley Speed Hump Replacement (2025),W ADDISON ST & N OAKLEY AVE & N CLAREMONT AVE & W WAVELAND AVE,0.0,0.0,41.948585981479,-87.687077982205,050500,5,170310505005
47,Arterial Street Bump Outs Menu (2025),W ADDISON ST & N HERMITAGE AVE,160000.0,0.106668,41.946958215883,-87.672415770438,060300,2,170310603002
47,Bollard Menu (2025),5025 N CLARK ST,8870.43,0.005914,41.973236655804,-87.667824080059,031100,3,170310311003
47,Curb & Gutter Menu (2025),1466 W HUTCHINSON ST,5054.19,0.003369,41.959124967437,-87.666992259988,060100,1,170310601001
47,Curb & Gutter Menu (2025),1805 W CUYLER AVE,6093.78,0.004063,41.95497462617,-87.674514431355,050100,2,170310501002
47,Curb & Gutter Menu (2025),2206 W CULLOM AVE,3399.13,0.002266,41.959740576316,-87.684161331358,050200,1,170310502001
47,Curb & Gutter Menu (2025),4046 N LEAVITT ST,57221.51,0.038148,41.955441079082,-87.684002745749,050200,3,170310502003
47,Curb & Gutter Menu (2025),W MONTROSE AVE & N HERMITAGE AVE,14643.78,0.009763,41.961563011613,-87.67239397749,031900,2,170310319002
47,Hamilton ES HVAC system,1650 W CORNELIA AVE,125000.0,0.083334,41.945495699507,-87.670656576599,831900,2,170318319002
47,LED Traffic Signal Upgrades & Pedestrian Countdown,W LAWRENCE AVE & N DAMEN AVE,146770.57,0.097848,41.968793995664,-87.679195472821,040402,3,170310404023
47,Miscellaneous CDOT Projects (2025),4500-4600 N Ravenswood Ave W,30556.93,0.020371,41.965881493858,-87.675094123778,830800,1,170318308001
47,Miscellaneous CDOT Projects (2025),W BERTEAU AVE & N RAVENSWOOD AVE,3690.71,0.00246,41.957881679739,-87.673877825809,060200,1,170310602001
47,Miscellaneous CDOT Projects (2025),W IRVING PARK RD & N HOYNE AVE,3500.0,0.002333,41.954091005937,-87.681167986096,050500,2,170310505002
47,Pavement Markings Menu (2025),4500-4600 N Rockwell St,5000.0,0.003333,41.964889547816,-87.693754609771,040700,3,170310407003
47,Pavement Markings Menu (2025),W ADDISON ST & N HERMITAGE AVE,2000.0,0.001333,41.946958215883,-87.672415770438,060300,2,170310603002
47,Pavement Markings Menu (2025),W ADDISON ST & N OAKLEY AVE,1350.0,0.0009,41.946785003853,-87.685810973721,050500,5,170310505005
47,Sidewalk Menu (2025),1600 W IRVING PARK RD,66919.78,0.044614,41.954526864902,-87.669483277793,060200,2,170310602002
47,Sidewalk Menu (2025),2437 W LELAND AVE,5777.48,0.003852,41.966589722767,-87.690316581954,040700,1,170310407001
47,Sidewalk Menu (2025),2455-2457 W LELAND AVE,1558.09,0.001039,41.966510094687,-87.691044634064,040700,1,170310407001
47,Sidewalk Menu (2025),3701 N HOYNE AVE,33770.0,0.022514,41.948929639509,-87.680798427984,050500,3,170310505003
47,Sidewalk Menu (2025),3749-3753 N HOYNE AVE,19713.28,0.013142,41.950204778439,-87.680906219259,050500,3,170310505003
47,Sidewalk Menu (2025),4144 N CLAREMONT AVE,3088.69,0.002059,41.957222149687,-87.68763856389,050200,3,170310502003
47,Sidewalk Menu (2025),4715 N HAMILTON AVE,23233.78,0.015489,41.967541529782,-87.682212287412,040600,1,170310406001
47,Signal (2025) Left-Turn Arrow Menu (2025),N WESTERN AVE & W WILSON AVE,131116.08,0.087412,41.964886017127,-87.688827033941,040700,1,170310407001
47,Speed Indicator Signs (2025),2301 W IRVING PARK RD,14150.35,0.009434,41.953773164169,-87.686279354471,050500,1,170310505001
47,Speed Indicator Signs (2025),2444 W ADDISON ST,14150.35,0.009434,41.946945182023,-87.690088510369,843700,1,170318437001
47,Speed Indicator Signs (2025),2603 W ADDISON ST,14150.35,0.009434,41.946664076326,-87.694257930586,843700,1,170318437001
47,Speed Indicator Signs (2025),4015 N ASHLAND AVE,16310.35,0.010874,41.955254372188,-87.668604602883,060100,3,170310601003
47,Speed Indicator Signs (2025),4148-4150 N ASHLAND AVE,16310.35,0.010874,41.95761232728,-87.669513452644,060200,2,170310602002
47,Street Light Pole for High Definition Camera Menu (2025),4015 N ASHLAND AVE,3000.0,0.002,41.955254372188,-87.668604602883,060100,3,170310601003
47,Street Resurfacing Menu (2025),3900-4000 N Hoyne Ave,53334.27,0.035557,41.954249004812,-87.681309975535,050200,3,170310502003
47,Street Resurfacing Menu (2025),4500-4600 N Ravenswood Ave,47033.92,0.031356,41.965881493858,-87.675094123778,830800,1,170318308001
47,Street Resurfacing Menu (2025),4900-5000 N Wolcott Ave,47983.09,0.031989,41.972571090782,-87.676555508597,040402,5,170310404025
47,Street Resurfacing Menu (2025),2300-2330 W Byron St,23047.04,0.015365,41.952357921727,-87.686354791599,050500,1,170310505001
47,Street Resurfacing Menu (2025),2400-2500 W Grace St,67017.7,0.044679,41.950490014605,-87.688755033393,843700,1,170318437001
47,Street Resurfacing Menu (2025),1400-1500 W Warner Ave,17829.82,0.011887,41.957311333137,-87.664536865272,060100,1,170310601001
47,Street Resurfacing Menu (2025),2230-2300 W Waveland Ave,28564.32,0.019043,41.948693982302,-87.686661988351,050500,5,170310505005
47,Street Resurfacing Menu (2025),1200-1400 W Winnemac Ave,124405.62,0.082938,41.973600933316,-87.664848001518,031100,3,170310311003
47,Street Speed Hump Menu (2025),1400-1440 W Sunnyside Ave,2440.0,0.001627,41.963507668039,-87.666684729381,031900,1,170310319001
47,Street Speed Hump Replacement (2025),1200-1400 W Winnemac Ave,0.0,0.0,41.973600933316,-87.664848001518,031100,3,170310311003
47,Welles Park Nature Play Area,2333 W SUNNYSIDE AVE,8750.0,0.005833,41.962817614881,-87.686410195979,040900,2,170310409002
47,,2031 W BERTEAU,725.0,0.000483,41.957489029485,-87.680109100267,050200,2,170310502002
47,,2031 W BERTEAU AVE,362.5,0.000242,41.957489029485,-87.680109100267,050200,2,170310502002
47,,4226 N GREENVIEW AVE,5054.19,0.003369,41.958737807329,-87.668027844125,060100,3,170310601003
47,,N LEAVITT ST & W CUYLER AVE,57221.51,0.038148,41.955045998076,-87.683653974758,050200,3,170310502003
48,2025 Menu- 48th ward-Connection of the Berwyn Greenway,4830 S WESTERN AVE,15000.0,0.010058,41.805873662952,-87.684450067236,842800,4,170318428004
48,Alley Apron Menu (2025),1058 W BALMORAL AVE,10693.05,0.00717,41.980033018857,-87.657380994713,030703,3,170310307033
48,Alley Apron Menu (2025),1316 W BERWYN AVE,14950.82,0.010025,41.978168439693,-87.662924312081,030800,3,170310308003
48,Alley Apron Menu (2025),1317 W BALMORAL AVE,27495.53,0.018436,41.979862774739,-87.663307006652,030800,3,170310308003
48,Alley Apron Menu (2025),1410 W ROSEMONT AVE,21210.46,0.014222,41.996460521577,-87.665862130464,030200,4,170310302004
48,Alley Apron Menu (2025),5863 N GLENWOOD AVE,11426.25,0.007661,41.988503789524,-87.664842888557,030500,1,170310305001
48,Alley Apron Menu (2025),6205 N WAYNE AVE,18116.86,0.012147,41.994831623507,-87.663894895308,030200,1,170310302001
48,Alley Apron Menu (2025),6246 N GREENVIEW AVE,16598.3,0.011129,41.99586150795,-87.667973361755,030200,4,170310302004
48,Alley Resurfacing Menu (2025),N BROADWAY & W ELMDALE AVE,20447.4,0.01371,41.990923393513,-87.660306267282,030200,2,170310302002
48,Alley Resurfacing Menu (2025),N RIDGE AVE & W HOLLYWOOD AVE & N GLENWOOD AVE & N RIDGE AVE,6164.65,0.004133,41.985497200855,-87.66499929487,030500,4,170310305004
48,Alley Resurfacing Menu (2025),N WINTHROP AVE & W ARGYLE ST & N KENMORE AVE & W WINONA ST,12175.12,0.008163,41.973285187023,-87.657735537578,031200,3,170310312003
48,Alley Resurfacing Menu (2025),W CATALPA AVE & N WINTHROP AVE & N KENMORE AVE & W BRYN MAWR AVE,35423.94,0.023752,41.981842188156,-87.657970985238,030701,1,170310307011
48,Alley Resurfacing Menu (2025),W GRANVILLE AVE & N WINTHROP AVE & N KENMORE AVE & W GLENLAKE AVE,27869.93,0.018687,41.994584986006,-87.658341632997,030103,1,170310301031
48,Alley Resurfacing Menu (2025),W HIGHLAND AVE & N GREENVIEW AVE & N CLARK ST & W ROSEMONT AVE,40864.74,0.0274,41.997258016838,-87.667845034817,030200,4,170310302004
48,Alley Resurfacing Menu (2025),W WINONA ST & N SHERIDAN RD & N MARINE DR & W FOSTER AVE,58273.69,0.039073,41.975282887917,-87.654986776251,031200,4,170310312004
48,Alley Speed Hump Replacement (2025),N WINTHROP AVE & W ARGYLE ST & N KENMORE AVE & W WINONA ST,0.0,0.0,41.973285187023,-87.657735537578,031200,3,170310312003
48,Alley Speed Hump Replacement (2025),W CATALPA AVE & N WINTHROP AVE & N KENMORE AVE & W BRYN MAWR AVE,0.0,0.0,41.981842188156,-87.657970985238,030701,1,170310307011
48,Alley Speed Hump Replacement (2025),W GRANVILLE AVE & N WINTHROP AVE & N KENMORE AVE & W GLENLAKE AVE,0.0,0.0,41.994584986006,-87.658341632997,030103,1,170310301031
48,Alley Speed Hump Replacement (2025),W WINONA ST & N SHERIDAN RD & N MARINE DR & W FOSTER AVE,0.0,0.0,41.975282887917,-87.654986776251,031200,4,170310312004
48,Arterial Street Bump Outs Menu (2025),W FOSTER AVE & N WAYNE AVE,60000.0,0.04023,41.976267593902,-87.663557858981,030800,4,170310308004
48,Bollard Menu (2025),N BROADWAY & W ARGYLE ST,12819.99,0.008596,41.973255682724,-87.65983461759,031100,1,170310311001
48,Bollard Menu (2025),1000-1200 W Argyle St,15000.0,0.010058,41.972813118237,-87.660108957281,031100,1,170310311001
48,LED Traffic Signal Upgrades & Pedestrian Countdown,N SHERIDAN RD & W BALMORAL AVE,90000.0,0.060345,41.980010993769,-87.655109990228,030703,3,170310307033
48,Miscellaneous CDOT Projects (2025),N BROADWAY & W THORNDALE AVE,6000.0,0.004023,41.990021500732,-87.660268213442,030200,2,170310302002
48,Miscellaneous CDOT Projects (2025),5200-5800 N Clark St,9246.79,0.0062,41.976321657177,-87.668769726375,030900,4,170310309004
48,Miscellaneous CDOT Projects (2025),1000-1200 W Argyle St,52928.78,0.035489,41.972813118237,-87.660108957281,031100,1,170310311001
48,Pavement Markings Menu (2025),N SHERIDAN RD & W CATALPA AVE,2000.0,0.001341,41.981884893953,-87.655163131494,030706,2,170310307062
48,Pavement Markings Menu (2025),998-1200 W Bryn Mawr Ave,250000.0,0.167626,41.983676191122,-87.660627610752,030500,3,170310305003
48,Pavement Markings Menu (2025),1199-1500 W Foster Ave,3400.0,0.00228,41.976247016329,-87.66879101641,030900,4,170310309004
48,Sidewalk Menu (2025),1057 W FOSTER AVE,1272.95,0.000854,41.976189893659,-87.657217368324,031200,3,170310312003
48,Sidewalk Menu (2025),1126 W ARGYLE ST,1561.68,0.001047,41.973516024637,-87.658840691512,031200,3,170310312003
48,Sidewalk Menu (2025),1436 W GRANVILLE AVE,9522.1,0.006385,41.994684563016,-87.666818754592,030200,4,170310302004
48,Sidewalk Menu (2025),1439 W GREGORY ST,5573.16,0.003737,41.982403230845,-87.666489932531,030800,1,170310308001
48,Sidewalk Menu (2025),4910 N SHERIDAN RD,31098.46,0.020852,41.972017046982,-87.655341666031,031200,4,170310312004
48,Sidewalk Menu (2025),5300 N SHERIDAN RD,3335.77,0.002237,41.978451121588,-87.65541886336,030706,1,170310307061
48,Sidewalk Menu (2025),5509 N KENMORE AVE,3081.16,0.002066,41.982090460128,-87.656251773078,030701,1,170310307011
48,Sidewalk Menu (2025),5517 N KENMORE AVE,26715.01,0.017913,41.982440949409,-87.656203660954,030701,1,170310307011
48,Sidewalk Menu (2025),5609 N BROADWAY,3079.47,0.002065,41.984003755257,-87.659773094421,030603,1,170310306031
48,Signal (2025) Miscellaneous CDOT Projects (2025),N BROADWAY & W ARGYLE ST,660.0,0.000443,41.973255682724,-87.65983461759,031100,1,170310311001
48,Street Bump Outs Menu (2025),W ELMDALE AVE & N MAGNOLIA AVE,17437.43,0.011692,41.990872012447,-87.661558691255,030500,1,170310305001
48,Street Resurfacing Menu (2025),6107-6129 N KENMORE AVE,15799.65,0.010594,41.992530665357,-87.656610350896,030102,3,170310301023
48,Street Resurfacing Menu (2025),5850-5900 N Glenwood Ave,35081.49,0.023522,41.989015127527,-87.666682045752,030500,2,170310305002
48,Street Resurfacing Menu (2025),6100-6130 N Glenwood Ave,32181.65,0.021578,41.992859948423,-87.665454851308,030200,3,170310302003
48,Street Resurfacing Menu (2025),6130-6200 N Glenwood Ave,11755.38,0.007882,41.994679617693,-87.66555417686,030200,4,170310302004
48,Street Resurfacing Menu (2025),6300-6400 N Glenwood Ave,94933.83,0.063653,41.998336893506,-87.665849806585,010600,3,170310106003
48,Street Resurfacing Menu (2025),1000-1100 W Ardmore Ave,75361.03,0.05053,41.987355248235,-87.658195217467,030601,2,170310306012
48,Street Speed Hump Menu (2025),1401 W NORWOOD ST,2440.0,0.001636,41.99156171735,-87.66538452714,030200,3,170310302003
48,Street Speed Hump Menu (2025),6054 N GLENWOOD AVE,2440.0,0.001636,41.992335089448,-87.665318077995,030200,3,170310302003
48,Street Speed Hump Menu (2025),5400-5500 N Wayne Ave,4880.0,0.003272,41.980085299341,-87.663970500074,030800,2,170310308002
48,Street Speed Hump Menu (2025),5300-5400 N Wayne Ave,4880.0,0.003272,41.980085299341,-87.663970500074,030800,2,170310308002
48,Street Speed Hump Menu (2025),1300-1400 W Ardmore Ave,2440.0,0.001636,41.988340342412,-87.663481080748,030500,1,170310305001
48,Street Speed Hump Menu (2025),1500-1600 W Hood Ave,4880.0,0.003272,41.9937371565,-87.667881328458,030200,3,170310302003
48,Street Speed Hump Menu (2025),1500-1600 W Norwood St,4880.0,0.003272,41.991945985701,-87.667815279061,030200,3,170310302003
48,Street Speed Hump Replacement (2025),6100-6130 N Glenwood Ave,0.0,0.0,41.992859948423,-87.665454851308,030200,3,170310302003
48,Street Speed Hump Replacement (2025),6130-6200 N Glenwood Ave,0.0,0.0,41.994679617693,-87.66555417686,030200,4,170310302004
48,Street Speed Hump Replacement (2025),6100-6200 N Kenmore Ave,0.0,0.0,41.995007392017,-87.657419958924,030103,2,170310301032
48,to Lakefront Trail via Meadows 2025 Menu- 48th ward- Lakefront Bunches,400 S JEAN BAPTISTE POINTE DUSABLE LAKE SHORE DR SB,100000.0,0.06705,41.842443331785,-87.610297716052,350100,2,170313501002
48,,100 S JEAN BAPTISTE POINTE DUSABLE LAKE SHORE DR SB,15000.0,0.010058,41.842443331785,-87.610297716052,350100,2,170313501002
48,,W THORNDALE AVE & N MAGNOLIA AVE,20447.4,0.01371,41.989981309506,-87.661536982125,030500,1,170310305001
48,,1328 W HOLLYWOOD AVE,6164.65,0.004133,41.985573068944,-87.664398643217,030500,4,170310305004
48,,5400 N SHERIDAN RD,90000.0,0.060345,41.980297403401,-87.655514417056,030706,2,170310307062
48,,N BROADWAY & W HOLLYWOOD AVE,6000.0,0.004023,41.985462583595,-87.660123541793,030603,2,170310306032
48,,W FOSTER AVE & N KENMORE AVE & N WINTHROP AVE & W WINONA ST,1272.95,0.000854,42.000801508315,-87.658151531433,010400,3,170310104003
48,,1018 W BERWYN AVE,3335.77,0.002237,41.978385868472,-87.656029904101,030703,3,170310307033
48,,6100-6200 N Kenmore Ave,15799.65,0.010594,41.995007392017,-87.657419958924,030103,2,170310301032
49,Arterial Street Bump Outs Menu (2025),N ROGERS AVE & N HONORE ST,80000.0,0.062523,42.015306307941,-87.676891539095,010201,2,170310102012
49,Arterial Street Bump Outs Menu (2025),W TOUHY AVE & N PAULINA ST,184102.89,0.143883,42.012702008715,-87.672399006631,010202,2,170310102022
49,Curb & Gutter Menu (2025),N SHERIDAN RD & W NORTH SHORE AVE,22934.38,0.017924,42.003687984312,-87.660803984693,010400,3,170310104003
49,Left-Turn Arrow Menu (2025),N RIDGE BLVD & W PRATT BLVD,233342.7,0.182366,42.005238007757,-87.68019199729,020400,3,170310204003
49,Miscellaneous CDOT Projects (2025),5900 N SHERIDAN RD,660.0,0.000516,41.989264447237,-87.655717678208,030601,3,170310306013
49,Miscellaneous CDOT Projects (2025),7500-7510 N Rogers Ave,226764.13,0.177225,42.018528143884,-87.670662443932,010300,2,170310103002
49,Pollard Family Exhibit at Paschen Park,1932 W LUNT AVE,12000.0,0.009378,42.009205833082,-87.679364954903,010701,2,170310107012
49,Sidewalk Menu (2025),1560 W HOWARD ST,1976.94,0.001545,42.019451796203,-87.670709209592,010100,2,170310101002
49,Sidewalk Menu (2025),1617 W HOWARD ST,1976.94,0.001545,42.019186877654,-87.672144699689,010202,1,170310102021
49,Sidewalk Menu (2025),7434-7442 N HERMITAGE AVE,14242.94,0.011131,42.017210131519,-87.674364814383,010202,1,170310102021
49,Street Bump Outs Menu (2025),N GLENWOOD AVE & W ARTHUR AVE,44076.58,0.034447,42.000392219983,-87.665585776635,010600,3,170310106003
49,Street Bump Outs Menu (2025),N GLENWOOD AVE & W NORTH SHORE AVE,21877.65,0.017098,42.003629604356,-87.66566590763,010502,1,170310105021
49,Street Bump Outs Menu (2025),N NEWGARD AVE & W ARTHUR AVE,30000.0,0.023446,42.000005604699,-87.666792267778,010600,3,170310106003
49,Street Light Upgrade Menu (2025),N CLARK ST & W WALLEN AVE,700.0,0.000547,42.002629014665,-87.672183004987,830600,2,170318306002
49,Street Resurfacing Menu (2025),6400-6800 N Glenwood Ave,255832.54,0.199943,41.998336893506,-87.665849806585,010600,3,170310106003
49,Street Resurfacing Menu (2025),6800-6900 N Lakewood Ave,36673.86,0.028662,42.006921848285,-87.663886848681,010501,3,170310105013
49,Street Resurfacing Menu (2025),1200-1400 W Lunt Ave,77728.18,0.060747,42.009293214422,-87.666366299459,010600,4,170310106004
49,Street Speed Hump Menu (2025),6600-6740 N Glenwood Ave,7320.0,0.005721,42.001928916202,-87.665889872082,010600,3,170310106003
49,Street Speed Hump Menu (2025),6500-6550 N Glenwood Ave,2440.0,0.001907,42.001465355047,-87.665911916488,010600,3,170310106003
49,Street Speed Hump Menu (2025),7040-7100 N Wolcott Ave,2440.0,0.001907,42.011437557444,-87.678239099292,010701,2,170310107012
49,Street Speed Hump Menu (2025),1530-1600 W Arthur Ave,2440.0,0.001907,42.000654002143,-87.671677199834,830600,3,170318306003
49,Street Speed Hump Replacement (2025),6400-6800 N Glenwood Ave,0.0,0.0,41.998336893506,-87.665849806585,010600,3,170310106003
49,Street Traffic Circle Menu (2025),N NEWGARD AVE & W ALBION AVE,20000.0,0.015631,42.00177238416,-87.666852114567,010600,3,170310106003
50,Alley Apron Menu (2025),2956 W JEROME ST,35203.28,0.02367,42.018545075328,-87.704152757164,020200,3,170310202003
50,Alley Resurfacing Menu (2025),2414-2418 W LUNT AVE,2441.14,0.001641,42.008868964393,-87.690988978227,020302,3,170310203023
50,Alley Resurfacing Menu (2025),AVE 6608 N ARTESIAN AVE,15790.16,0.010617,42.001683913172,-87.691504465272,020602,1,170310206021
50,Alley Resurfacing Menu (2025),N BELL AVE & W GRANVILLE AVE & W ROSEMONT AVE & N OAKLEY AVE,38516.31,0.025898,41.993719512594,-87.723323929926,130100,2,170311301002
50,Alley Resurfacing Menu (2025),N CAMPBELL AVE & W GRANVILLE AVE & W ROSEMONT AVE & N MAPLEWOOD AVE,32754.53,0.022024,41.993719512594,-87.723323929926,130100,2,170311301002
50,Alley Resurfacing Menu (2025),N VIRGINIA AVE & W BRYN MAWR AVE & W HOLLYWOOD AVE & N SACRAMENTO AVE,47971.86,0.032256,41.984912982203,-87.70405100086,020701,2,170310207012
50,Alley Resurfacing Menu (2025),W GREENLEAF AVE & N HAMILTON AVE & N BELL AVE & W LUNT AVE,45390.5,0.03052,42.010094608185,-87.683992184551,020400,1,170310204001
50,Alley Speed Hump Menu (2025),N CENTRAL PARK AVE & W DEVON AVE & W ROSEMONT AVE & N DRAKE AVE,1450.0,0.000975,41.997241588308,-87.719078663606,130100,3,170311301003
50,Bollard Menu (2025),W DEVON AVE & N RICHMOND ST,2768.59,0.001862,41.997493003494,-87.70329696485,020702,2,170310207022
50,Concrete Alley Menu (2025),N RIDGE BLVD & W ESTES AVE & W GREENLEAF AVE & N BELL AVE,40473.89,0.027214,42.010127381426,-87.683121723907,020400,1,170310204001
50,Curb & Gutter Menu (2025),2200-2300 W Greenleaf Ave,215000.0,0.144565,42.010211619553,-87.686266613978,020400,1,170310204001
50,Miscellaneous CDOT Projects (2025),W BRYN MAWR AVE & N MOZART ST,35000.0,0.023534,41.983114980153,-87.700381990383,040300,1,170310403001
50,Pavement Markings Menu (2025),W TOUHY AVE & N ALBANY AVE,18200.0,0.012238,42.01193200518,-87.706831026686,020200,1,170310202001
50,Sidewalk Menu (2025),5742 N SACRAMENTO AVE,96821.84,0.065102,41.986198975698,-87.704388875377,020701,1,170310207011
50,Street Light Residential Staggered Piggy Back Menu (2025),6600-6700 N Washtenaw Ave,185000.0,0.124393,42.003100673121,-87.697420272751,020601,1,170310206011
50,Street Light Upgrade Menu (2025),2701 W CHASE AVE,500.0,0.000336,42.013709639205,-87.697564497449,020200,4,170310202004
50,Street Light Upgrade Menu (2025),5618 N CALIFORNIA AVE,500.0,0.000336,41.983746263191,-87.699499292159,020701,2,170310207012
50,Street Light Upgrade Menu (2025),6336 N LINCOLN AVE,1000.0,0.000672,41.996300971134,-87.717579224947,130100,3,170311301003
50,Street Light Upgrade Menu (2025),6504 N ROCKWELL ST,500.0,0.000336,41.999689062126,-87.695141289241,020602,3,170310206023
50,Street Light Upgrade Menu (2025),6558 N CAMPBELL AVE,500.0,0.000336,42.001206018963,-87.692698048285,020602,2,170310206022
50,Street Resurfacing Menu (2025),2724 W SHERWIN AVE,5108.55,0.003435,42.015047349043,-87.698292214283,020200,4,170310202004
50,Street Resurfacing Menu (2025),6200-6300 N Mozart St,53103.38,0.035706,41.995811910171,-87.700888523232,020702,2,170310207022
50,Street Resurfacing Menu (2025),6340-6400 N Ridgeway Ave,10804.3,0.007265,41.996745589188,-87.723013128956,130100,1,170311301001
50,Street Resurfacing Menu (2025),3100-3200 W Fargo Ave,52324.75,0.035183,42.01669326146,-87.706892801312,020200,3,170310202003
50,Street Resurfacing Menu (2025),2600-2700 W Fargo Ave,54013.52,0.036318,42.016722869868,-87.697374156622,020200,4,170310202004
50,Street Resurfacing Menu (2025),2458-2400 W Greenleaf Ave,34732.22,0.023354,42.010047208522,-87.69140941449,020302,3,170310203023
50,Street Resurfacing Menu (2025),2835-2800 W Jarlath St,34350.62,0.023097,42.01312407945,-87.699996339018,020200,1,170310202001
50,Street Resurfacing Menu (2025),2200-2230 W Thome Ave,21365.83,0.014366,41.995131329689,-87.685533788338,020901,3,170310209013
50,Street Speed Hump Menu (2025),5750-5700 N Francisco Ave,4880.0,0.003281,41.986449385056,-87.701976982738,020701,2,170310207012
50,Street Speed Hump Menu (2025),6200-6300 N Troy St,4880.0,0.003281,41.995777186004,-87.708380589126,020702,1,170310207021
50,Street Speed Hump Menu (2025),2700-2800 W Birchwood Ave,4880.0,0.003281,42.017639536419,-87.699895839998,020200,3,170310202003
50,Street Speed Hump Menu (2025),3100-3200 W Fargo Ave,0.0,0.0,42.01669326146,-87.706892801312,020200,3,170310202003
50,W Greenleaf Ave from N Rockwell St to N California Ave; Including N Washtenaw Av and N Rockwell St from Alley,2600-2800 W Greenleaf Ave,370000.0,0.248785,42.009581468073,-87.699945209408,020301,3,170310203013
50,,W LUNT AVE & N WESTERN AVE & N WESTERN AVE & W GREENLEAF,2441.14,0.001641,42.008654387672,-87.690238462617,020302,3,170310203023
50,,N ARTESIAN AVE & W ALBION AVE & W NORTH SHORE AVE & N CAMPBELL AVE,15790.16,0.010617,42.003123002128,-87.692484980306,020602,1,170310206021
50,,2927 W DEVON AVE,2768.59,0.001862,41.997309607452,-87.703113317351,020702,2,170310207022
