ward,menu_package,address,cost_numeric,cost_share,lat,lon,Tract,Block_Group,GEOID_Full
1,Alley Resurfacing Menu (2023),W SUPERIOR ST & N PAULINA ST & N WOOD ST & W HURON ST,19358.0,0.012905,41.895129597697,-87.669698692704,243200,1,170312432001
1,Alley Speed Hump Replacement (2023),W SUPERIOR ST & N PAULINA ST & N WOOD ST & W HURON ST,0.0,0.0,41.895129597697,-87.669698692704,243200,1,170312432001
1,Arterial Street Bump Outs Menu (2023),N ASHLAND AVE & W HURON ST,150000.0,0.1,41.894270117345,-87.667300881663,243200,1,170312432001
1,Arterial Street Bump Outs Menu (2023),N ASHLAND AVE & W OHIO ST,100000.0,0.066667,41.892422913524,-87.667318232203,243200,2,170312432002
1,Bike Lane/Marked Shared Lane Menu (2023),500-1000 N Paulina St,100000.0,0.066667,41.899745008862,-87.66999599881,242100,2,170312421002
1,Concrete Alley Menu (2023),W ARMITAGE AVE & N WHIPPLE ST & N ALBANY AVE & W CORTLAND ST,43441.95,0.028961,41.917438996917,-87.703926026683,221200,1,170312212001
1,Curb & Gutter Menu (2023),W BELDEN AVE & N TALMAN AVE,94353.88,0.062903,41.922977004164,-87.693689040697,221400,1,170312214001
1,Logan Square Skate Park Renovation (Haas Park),2402 N WASHTENAW AVE,100000.0,0.066667,41.925166860188,-87.695176325596,220300,2,170312203002
1,Miscellaneous CDOT Projects (2023),1900 W OHIO ST,660.0,0.00044,41.89250803175,-87.674678549019,243100,2,170312431002
1,Miscellaneous CDOT Projects (2023),1958 W DIVISION ST,660.0,0.00044,41.903492096767,-87.677051465808,241400,4,170312414004
1,Miscellaneous CDOT Projects (2023),827 N WOOD ST,761.0,0.000507,41.896846923929,-87.67197840273,242100,3,170312421003
1,Pavement Markings Menu (2023),500-800 N Ashland Ave,8000.0,0.005333,41.896124990609,-87.667518978784,242100,3,170312421003
1,Pavement Markings Menu (2023),W FULLERTON AVE & N CAMPBELL AVE,10000.0,0.006667,41.924921982887,-87.690081972485,830900,2,170318309002
1,Pavement Markings Menu (2023),W FULLERTON AVE & N TALMAN AVE,50000.0,0.033333,41.924895998987,-87.69373296187,220300,2,170312203002
1,Pedestrian Refuge Island Menu (2023),N WESTERN AVE & W CHARLESTON ST,28149.75,0.018767,41.919976785742,-87.687523228902,221500,1,170312215001
1,Protected Bike Lane Menu (2023),1800-2600 N California Ave,375000.0,0.25,41.914066789632,-87.697372803324,222500,1,170312225001
1,Sidewalk Menu (2023),1056 N PAULINA ST,5062.01,0.003375,41.901307395613,-87.670183166708,242100,2,170312421002
1,Sidewalk Menu (2023),2221 W SUPERIOR ST,7034.99,0.00469,41.894681333515,-87.682679578514,242900,1,170312429001
1,Sidewalk Menu (2023),N CALIFORNIA AVE & W NORTH AVE,8165.46,0.005444,41.910185004543,-87.697022020676,241000,2,170312410002
1,Street Bump Outs Menu (2023),1310-1314 N OAKLEY BLVD,10535.38,0.007024,41.905406271995,-87.684942776191,241200,2,170312412002
1,Street Bump Outs Menu (2023),1700 W LE MOYNE ST,10466.69,0.006978,41.909179008524,-87.670161038484,241500,1,170312415001
1,Street Bump Outs Menu (2023),W CRYSTAL ST & N WOOD ST,29913.24,0.019942,41.904082518026,-87.672396659699,241400,3,170312414003
1,Street Bump Outs Menu (2023),W LE MOYNE ST & N WOOD ST,14871.92,0.009915,41.909039994659,-87.672521969151,241500,1,170312415001
1,Street Bump Outs Menu (2023),W PIERCE AVE & N PAULINA ST,10668.51,0.007112,41.909828983205,-87.670109992693,241500,1,170312415001
1,Street Bump Outs Menu (2023),W POTOMAC AVE & N WOOD ST,30232.73,0.020155,41.904837015041,-87.672405795973,241400,3,170312414003
1,Street Resurfacing Menu (2023),500-600 N Hermitage Ave,10748.74,0.007166,41.891164999405,-87.67057602651,243200,2,170312432002
1,Street Resurfacing Menu (2023),1400-1550 N Wicker Park Ave,95717.96,0.063812,41.908835956064,-87.677354602101,241400,1,170312414001
1,Street Resurfacing Menu (2023),1900-2000 W Schiller St,84704.56,0.05647,41.907259007873,-87.677554966732,241400,1,170312414001
1,Street Speed Hump Menu (2023),1370 N DEAN ST,2440.0,0.001627,41.907173009546,-87.67130835339,241500,3,170312415003
1,Street Speed Hump Menu (2023),2500-2600 N Artesian Ave,2440.0,0.001627,41.926837918315,-87.689203129937,830900,2,170318309002
1,Street Speed Hump Menu (2023),1500-1600 N Campbell Ave,4880.0,0.003253,41.908598980824,-87.689926320543,241100,2,170312411002
1,Street Speed Hump Menu (2023),2500-2610 N Maplewood Ave,4880.0,0.003253,41.926901788417,-87.691753323978,830900,2,170318309002
1,Street Speed Hump Menu (2023),2300-2500 N Maplewood Ave,4880.0,0.003253,41.926901788417,-87.691753323978,830900,2,170318309002
1,Street Speed Hump Menu (2023),1900-2000 N Richmond St,4880.0,0.003253,41.91761799246,-87.700213011215,221300,3,170312213003
1,Street Speed Hump Menu (2023),1900-2000 N Sawyer Ave,4880.0,0.003253,41.917608479,-87.709098331495,221100,2,170312211002
1,Street Speed Hump Menu (2023),1320-1370 N Wicker Park Ave,4880.0,0.003253,41.906050169797,-87.672953469526,241400,2,170312414002
1,Street Speed Hump Menu (2023),2100-2200 W Haddon Ave,4880.0,0.003253,41.902342015832,-87.679751025364,242300,1,170312423001
1,Street Speed Hump Menu (2023),1400-1600 W Huron St,7320.0,0.00488,41.894363994661,-87.667659040386,243200,1,170312432001
1,Street Speed Hump Menu (2023),1600-1800 W Pearson St,9760.0,0.006507,41.897421000478,-87.6677079907,242100,3,170312421003
1,Street Speed Hump Menu (2023),2200-2300 W Potomac Ave,2440.0,0.001627,41.905144798525,-87.68484847978,241200,2,170312412002
1,Street Speed Hump Menu (2023),2900-3000 W Schubert Ave,2440.0,0.001627,41.930356012625,-87.700117960433,220400,2,170312204002
1,Street Speed Hump Replacement (2023),500-600 N Hermitage Ave,0.0,0.0,41.891164999405,-87.67057602651,243200,2,170312432002
1,Street Speed Hump Replacement (2023),1400-1550 N Wicker Park Ave,0.0,0.0,41.908835956064,-87.677354602101,241400,1,170312414001
1,Street Speed Hump Replacement (2023),1900-2000 W Schiller St,0.0,0.0,41.907259007873,-87.677554966732,241400,1,170312414001
1,,1757 W SUPERIOR ST,19358.0,0.012905,41.894894485313,-87.671890560385,243200,1,170312432001
1,,1757 W SUPERIOR ST,0.0,0.0,41.894894485313,-87.671890560385,243200,1,170312432001
1,,W LE MOYNE ST & N PAULINA ST,10466.69,0.006978,41.909077000762,-87.670081997137,241500,1,170312415001
1,,1700 W PIERCE AVE,10668.51,0.007112,41.909885514562,-87.6701879962,241500,1,170312415001
2,Alley Apron Menu (2023),2353 N LAKEWOOD AVE,50503.65,0.0349,41.924944562596,-87.660814089481,832500,2,170318325002
2,Concrete Alley Menu (2023),N LARRABEE ST & W NORTH AVE & W BLACKHAWK ST & N MOHAWK ST,318000.0,0.219748,41.909199083182,-87.642157099974,080400,3,170310804003
2,Pavement Markings Menu (2023),E CHICAGO AVE & N MIES VAN DER ROHE WAY,900.0,0.000622,41.896774797652,-87.621817909005,081300,4,170310813004
2,Sidewalk Menu (2023),1030 N CLARK ST,38759.53,0.026784,41.901604282624,-87.631840821184,081000,3,170310810003
2,Sidewalk Menu (2023),121 W GOETHE ST,12220.67,0.008445,41.905631368005,-87.632396876641,080202,1,170310802021
2,Sidewalk Menu (2023),1259 W WEBSTER AVE,10960.72,0.007574,41.921401499734,-87.660588402143,832500,2,170318325002
2,Sidewalk Menu (2023),1636 N WELLS ST,4605.21,0.003182,41.912142598029,-87.635035080665,071500,1,170310715001
2,Sidewalk Menu (2023),530 E GRAND AVE,94103.81,0.065029,41.892000691195,-87.612673984323,081402,1,170310814021
2,Sidewalk Menu (2023),808 N LAKE SHORE DR,50194.51,0.034686,41.897220002439,-87.617877576322,081300,4,170310813004
2,Street Bump Outs Menu (2023),W BELDEN AVE & N CLIFTON AVE,28247.62,0.01952,41.923497981356,-87.657166993086,071000,1,170310710001
2,Street Light Upgrade Menu (2023),1542 N HUDSON AVE,500.0,0.000346,41.910524262074,-87.640026420187,080400,1,170310804001
2,Street Resurfacing Menu (2023),140-500 E Superior St,182535.41,0.126138,41.895810564663,-87.623808042189,081401,1,170310814011
2,Street Resurfacing Menu (2023),830-900 N Dewitt Pl,43408.43,0.029997,41.899514422705,-87.620412766757,081300,5,170310813005
2,Street Resurfacing Menu (2023),830-860 N Franklin St,27270.72,0.018845,41.898372472217,-87.63607778942,081800,1,170310818001
2,Street Resurfacing Menu (2023),150-1100 N Lake Shore Dr,33602.68,0.023221,41.902609272815,-87.625120546494,081202,2,170310812022
2,Street Resurfacing Menu (2023),830-930 N Mies Van Der Rohe Way,62414.72,0.043131,41.899525032272,-87.621946647751,081300,3,170310813003
2,Street Resurfacing Menu (2023),800-900 N Sedgwick St,43393.13,0.029986,41.896792986382,-87.638819007035,081800,1,170310818001
2,Street Resurfacing Menu (2023),1400-1600 N Wieland St,99331.29,0.068641,41.907704003112,-87.63573496958,080300,3,170310803003
2,Street Resurfacing Menu (2023),0-40 W Burton Pl,23457.96,0.01621,41.909528653958,-87.629957698255,080201,2,170310802012
2,Street Resurfacing Menu (2023),1-150 W Elm St,108613.16,0.075055,41.90297014548,-87.633657942041,081000,4,170310810004
2,Street Resurfacing Menu (2023),200-400 W Goethe St,88647.6,0.061258,41.905964967751,-87.631908379324,080202,2,170310802022
2,Street Resurfacing Menu (2023),50-100 W Maple St,36902.63,0.025501,41.901954017534,-87.631490038536,081000,1,170310810001
2,Street Resurfacing Menu (2023),800-830 W Weed St,27768.94,0.019189,41.909989999565,-87.648316038609,842200,1,170318422001
2,Street Resurfacing Menu (2023),160-200 W Wendell St,25202.11,0.017415,41.901561870194,-87.633875779637,081000,5,170310810005
2,Street Speed Hump Menu (2023),2300-2400 N Lakewood Ave,2440.0,0.001686,41.923696297185,-87.661085616639,832500,2,170318325002
2,Street Speed Hump Menu (2023),2100-2200 N Magnolia Ave,4880.0,0.003372,41.919951011389,-87.659850040292,832500,2,170318325002
2,Street Speed Hump Replacement (2023),1400-1600 N Wieland St,0.0,0.0,41.907704003112,-87.63573496958,080300,3,170310803003
2,Street Speed Hump Replacement (2023),200-400 W Goethe St,0.0,0.0,41.905964967751,-87.631908379324,080202,2,170310802022
2,,W BELDEN AVE & N RACINE AVE,28247.62,0.01952,41.923487001063,-87.658385973265,071000,1,170310710001
3,Alley Resurfacing Menu (2023),E 37TH ST & S INDIANA AVE & S GILES AVE & E 38TH ST,15373.0,0.010249,41.82741500988,-87.621677009213,839600,2,170318396002
3,Alley Resurfacing Menu (2023),E 45TH ST & S ST LAWRENCE AVE & S CHAMPLAIN AVE & E 46TH ST,58492.31,0.038995,41.813108190807,-87.611529961047,836000,3,170318360003
3,Alley Resurfacing Menu (2023),E 47TH ST & S ST LAWRENCE AVE & S FORRESTVILLE AVE & E 48TH ST,40648.44,0.027099,41.809492992149,-87.611443962721,843600,2,170318436002
3,Alley Resurfacing Menu (2023),E 48TH ST & S VINCENNES AVE & E 49TH ST & S FORRESTVILLE AVE,41200.0,0.027467,41.805808097965,-87.612610304548,381200,1,170313812001
3,Alley Resurfacing Menu (2023),S CALUMET AVE & E 40TH ST & E 41ST ST & S DR MARTIN LUTHER KING JR DR W,30746.0,0.020497,41.822037013165,-87.618495993139,380600,1,170313806001
3,Alley Resurfacing Menu (2023),S CALUMET AVE & E 41ST ST & E 42ND ST & S DR MARTIN LUTHER KING JR DR W,30807.8,0.020539,41.820197981699,-87.618433967055,380600,2,170313806002
3,Alley Resurfacing Menu (2023),S INDIANA AVE & E 33RD BLVD & E 35TH ST & S PRAIRIE AVE,59607.06,0.039738,41.834722017792,-87.621831990602,839500,1,170318395001
3,Alley Resurfacing Menu (2023),S MICHIGAN AVE & E 52ND ST & E 53RD ST & S INDIANA AVE,30320.53,0.020214,41.799561316985,-87.622600275847,836100,2,170318361002
3,Alley Resurfacing Menu (2023),S PRAIRIE AVE & E 40TH ST & E PERSHING RD & S CALUMET AVE,66286.55,0.044191,41.823828016326,-87.618192987339,839600,1,170318396001
3,Alley Resurfacing Menu (2023),S STATE ST & E 41ST ST & E 42ND ST & S WABASH AVE,30715.1,0.020477,41.818356016566,-87.624725423579,380600,3,170313806003
3,Alley Resurfacing Menu (2023),S VINCENNES AVE & E 43RD ST & E 44TH ST & S FORRESTVILLE AVE,39426.7,0.026284,41.814907994966,-87.612817589013,836000,2,170318360002
3,Alley Speed Hump Menu (2023),E 48TH PL & S VINCENNES AVE & S DR MARTIN LUTHER KING JR DR & E 48TH ST,3625.0,0.002417,41.806708104818,-87.613860213949,381200,1,170313812001
3,Alley Speed Hump Menu (2023),E PERSHING RD & S DR MARTIN LUTHER KING JR DR & S VINCENNES AVE & E OAKWOOD BLVD,1450.0,0.000967,41.82385098274,-87.616985993281,839600,1,170318396001
3,Alley Speed Hump Replacement (2023),E 48TH ST & S VINCENNES AVE & E 49TH ST & S FORRESTVILLE AVE,0.0,0.0,41.805808097965,-87.612610304548,381200,1,170313812001
3,Alley Speed Hump Replacement (2023),S PRAIRIE AVE & E 40TH ST & E PERSHING RD & S CALUMET AVE,0.0,0.0,41.823828016326,-87.618192987339,839600,1,170318396001
3,Arterial Street Bump Outs Menu (2023),S STATE ST & E 14TH PL,100000.0,0.066667,41.862433008786,-87.627375026991,330200,2,170313302002
3,Curb & Gutter Menu (2023),529 E 44TH ST,86582.13,0.057721,41.814682815138,-87.612871903746,836000,2,170318360002
3,Miscellaneous CDOT Projects (2023),3950 S MICHIGAN AVE,15678.37,0.010452,41.822561259299,-87.623696796421,380600,3,170313806003
3,Miscellaneous CDOT Projects (2023),417 E 43RD ST,300.0,0.0002,41.816421850499,-87.615771706968,836000,1,170318360001
3,Miscellaneous CDOT Projects (2023),4236 S VINCENNES AVE,150.0,0.0001,41.817410118793,-87.614307556122,380200,1,170313802001
3,Miscellaneous CDOT Projects (2023),4257 S CALUMET AVE,300.0,0.0002,41.807817996799,-87.618023352217,835800,1,170318358001
3,Miscellaneous CDOT Projects (2023),4311 S VERNON AVE,150.0,0.0001,41.816212973472,-87.614956147789,836000,1,170318360001
3,Miscellaneous CDOT Projects (2023),4334 S DR MARTIN LUTHER KING JR DR W,150.0,0.0001,41.815583324905,-87.617299811736,835800,1,170318358001
3,Miscellaneous CDOT Projects (2023),437 E 42ND PL,150.0,0.0001,41.818268048492,-87.615090677335,380200,1,170313802001
3,Miscellaneous CDOT Projects (2023),4423 S WELLS ST,150.0,0.0001,41.813871237363,-87.631952468134,835500,2,170318355002
3,Miscellaneous CDOT Projects (2023),444 E 43RD ST,150.0,0.0001,41.816946096633,-87.614760262712,380200,1,170313802001
3,Miscellaneous CDOT Projects (2023),4451 S VINCENNES AVE,300.0,0.0002,41.813288527454,-87.613631220355,836000,2,170318360002
3,Miscellaneous CDOT Projects (2023),4702 S DR MARTIN LUTHER KING JR DR W,300.0,0.0002,41.80902800607,-87.617123959408,835800,1,170318358001
3,Miscellaneous CDOT Projects (2023),4731 S MICHIGAN AVE,15828.37,0.010552,41.808360806577,-87.622562054369,381400,1,170313814001
3,Miscellaneous CDOT Projects (2023),4909 S WABASH AVE,150.0,0.0001,41.805211935102,-87.62400072423,381800,1,170313818001
3,Miscellaneous CDOT Projects (2023),4933-4937 S MICHIGAN AVE,150.0,0.0001,41.804532959035,-87.622234657231,381800,1,170313818001
3,Miscellaneous CDOT Projects (2023),5403-5405 S WABASH AVE,150.0,0.0001,41.796366303133,-87.623649941582,400300,1,170314003001
3,Miscellaneous CDOT Projects (2023),S STATE ST & E 14TH PL,12679.54,0.008453,41.862433008786,-87.627375026991,330200,2,170313302002
3,Sidewalk Menu (2023),1932 S WABASH AVE,24909.09,0.016606,41.855695467375,-87.625897129823,330103,1,170313301031
3,Sidewalk Menu (2023),300 E 38TH ST,12036.37,0.008024,41.825719979511,-87.619123965324,839600,2,170318396002
3,Sidewalk Menu (2023),430 E 41ST ST,3571.9,0.002381,41.821284779264,-87.615352779448,380200,1,170313802001
3,Sidewalk Menu (2023),4533 S WABASH AVE,10568.75,0.007046,41.812096201727,-87.624243547965,844600,1,170318446001
3,Sidewalk Menu (2023),4641-4700 S VINCENNES AVE,20043.86,0.013363,41.81002960159,-87.613615210919,381200,2,170313812002
3,Sidewalk Menu (2023),4801 S WABASH AVE,31276.62,0.020851,41.807338968761,-87.624040454451,381400,1,170313814001
3,Sidewalk Menu (2023),4805 S WABASH AVE,3714.25,0.002476,41.807155321262,-87.624058894638,381400,1,170313814001
3,Sidewalk Menu (2023),4807 S WABASH AVE,5499.33,0.003666,41.807120494455,-87.624060654838,381400,1,170313814001
3,Sidewalk Menu (2023),4835 S DR MARTIN LUTHER KING JR DR E,12434.95,0.00829,41.806540592483,-87.615910427466,381200,1,170313812001
3,Sidewalk Menu (2023),4934 S MICHIGAN AVE,37686.88,0.025125,41.804595027028,-87.623154235828,381800,1,170313818001
3,Sidewalk Menu (2023),5000 S PRAIRIE AVE,6652.56,0.004435,41.80349800354,-87.619891999112,381800,2,170313818002
3,Sidewalk Menu (2023),5018 S MICHIGAN AVE,7513.04,0.005009,41.803223454302,-87.623104614961,381800,2,170313818002
3,Sidewalk Menu (2023),4500-4600 S St Lawrence Ave,17793.38,0.011862,41.811135936998,-87.611556167907,381200,2,170313812002
3,Speed Indicator Signs (2023),1200-1600 S Clark St,7479.86,0.004987,41.863845955312,-87.630381105721,330200,2,170313302002
3,Street Light Residential Staggered Piggy Back Menu (2023),1208-1400 S Federal St,29955.78,0.019971,41.863872977842,-87.629691785029,330200,2,170313302002
3,Street Light Upgrade Menu (2023),2138 S INDIANA AVE,500.0,0.000333,41.85321748343,-87.623042169783,330103,3,170313301033
3,Street Light Upgrade Menu (2023),3400 S INDIANA AVE,500.0,0.000333,41.83236754119,-87.622195429924,842000,1,170318420001
3,Street Light Upgrade Menu (2023),3432 S GILES AVE,500.0,0.000333,41.831946727741,-87.619633668857,839500,1,170318395001
3,Street Light Upgrade Menu (2023),421 E 41ST ST,500.0,0.000333,41.819979633121,-87.615771790787,380200,1,170313802001
3,Street Light Upgrade Menu (2023),515 E PERSHING RD,500.0,0.000333,41.823528908111,-87.613502558141,380200,1,170313802001
3,Street Light Upgrade Menu (2023),521 E 41ST ST,500.0,0.000333,41.820085873744,-87.612544758065,380100,1,170313801001
3,Street Light Upgrade Menu (2023),4600-4700 S Calumet Ave,500.0,0.000333,41.809135252521,-87.618334641502,381400,1,170313814001
3,Street Resurfacing Menu (2023),0-100 E 36th Pl,109098.99,0.072733,41.828818649888,-87.623283047958,351400,1,170313514001
3,Street Resurfacing Menu (2023),340-400 E 54th Pl,23033.42,0.015356,41.796843811618,-87.60510075089,410500,2,170314105002
3,Street Resurfacing Menu (2023),4500-4530 S Portland Ave,36421.55,0.024281,41.811779613774,-87.633010838603,835500,2,170318355002
3,Street Resurfacing Menu (2023),3500-3700 S Prairie Ave,156440.06,0.104293,41.827267697932,-87.620811326253,839600,2,170318396002
3,Street Resurfacing Menu (2023),3600-3630 S Wabash Ave,47102.31,0.031402,41.828471716414,-87.624911166553,351400,1,170313514001
3,Street Resurfacing Menu (2023),4800-4900 S Wabash Ave,101446.63,0.067631,41.807205277405,-87.624900018622,381400,1,170313814001
3,Street Resurfacing Menu (2023),0-40 W 15th St,35409.9,0.023607,41.862007375397,-87.628638587198,330200,2,170313302002
3,Street Speed Hump Replacement (2023),3500-3700 S Prairie Ave,0.0,0.0,41.827267697932,-87.620811326253,839600,2,170318396002
3,Street Speed Hump Replacement (2023),0-40 W 15th St,0.0,0.0,41.862007375397,-87.628638587198,330200,2,170313302002
3,,3715 S INDIANA AVE,15373.0,0.010249,41.826381018304,-87.621506018388,839600,2,170318396002
3,,447 E 42ND PL,150.0,0.0001,41.817329987799,-87.614682730108,380200,1,170313802001
3,,5036 S PRINCETON AVE,150.0,0.0001,41.802478512657,-87.633536564016,835600,1,170318356001
3,,300 E 50TH ST,6652.56,0.004435,41.803952786206,-87.619841382161,381800,1,170313818001
3,,E 50TH ST & S PRAIRIE AVE,6652.56,0.004435,41.803898993788,-87.619435017751,381800,1,170313818001
3,,1443 S CLARK ST,7479.86,0.004987,41.862684130605,-87.629956234074,330200,2,170313302002
3,,1446 S CLARK ST,7479.86,0.004987,41.862292360969,-87.630336197146,330200,2,170313302002
3,,1211-1400 S Plymouth Ct,29955.78,0.019971,41.867062962552,-87.628238027742,330200,2,170313302002
3,,4628 S CALUMET AVE,500.0,0.000333,41.810237975703,-87.618456346737,381400,1,170313814001
4,Alley Resurfacing Menu (2023),E 37TH ST & S ELLIS AVE & S LAKE PARK AVE & E 37TH ST,13857.71,0.009242,41.828651005322,-87.606282973479,836500,2,170318365002
4,Alley Resurfacing Menu (2023),E 41ST PL & S BERKELEY AVE & S LAKE PARK AVE & E 42ND PL,46626.52,0.031095,41.818040898916,-87.599629586376,836400,1,170318364001
4,Alley Resurfacing Menu (2023),E 42ND ST & S COTTAGE GROVE AVE & S DREXEL BLVD & E BOWEN AVE,11216.88,0.00748,41.81865001182,-87.606743978153,380100,1,170313801001
4,Alley Resurfacing Menu (2023),S EVANS AVE & E 46TH ST & E 47TH ST & S COTTAGE GROVE AVE,7725.97,0.005152,41.809562310488,-87.606565862711,843600,2,170318436002
4,Alley Resurfacing Menu (2023),S LANGLEY AVE & E 42ND ST & E BOWEN AVE & S ST LAWRENCE AVE,34513.54,0.023017,41.819421607917,-87.61176088248,380100,1,170313801001
4,Alley Resurfacing Menu (2023),S LANGLEY AVE & E 47TH ST & E 48TH ST & S CHAMPLAIN AVE,59866.22,0.039924,41.809547600248,-87.608997201365,843600,2,170318436002
4,Alley Speed Hump Menu (2023),E 43RD ST & S LAKE PARK AVE & S OAKENWALD AVE & E 44TH PL,2900.0,0.001934,41.811228004196,-87.594243962129,390100,1,170313901001
4,Alley Speed Hump Menu (2023),S DORCHESTER AVE & E HYDE PARK BLVD & E 52ND ST & S BLACKSTONE AVE,362.5,0.000242,41.802452989762,-87.591862998713,390600,2,170313906002
4,Alley Speed Hump Replacement (2023),S LANGLEY AVE & E 42ND ST & E BOWEN AVE & S ST LAWRENCE AVE,0.0,0.0,41.819421607917,-87.61176088248,380100,1,170313801001
4,Concrete Alley Menu (2023),716 E BOWEN AVE,2133.42,0.001423,41.819698504088,-87.608740966585,380100,1,170313801001
4,Curb & Gutter Menu (2023),1371 E 48TH ST,48904.95,0.032614,41.807684345081,-87.59227614272,390600,1,170313906001
4,Curb & Gutter Menu (2023),3137 S GILES AVE,70837.26,0.047241,41.837282353936,-87.619142656969,842000,1,170318420001
4,Curb & Gutter Menu (2023),3337 S PRAIRIE AVE,42332.49,0.028231,41.833574158062,-87.620290055694,839500,1,170318395001
4,Curb & Gutter Menu (2023),1178-900 S Plymouth Ct,83537.87,0.05571,41.867894070161,-87.629224745384,839000,2,170318390002
4,Dog Friendly Area: 4954 S. St. Lawrence Ave,4954 S ST LAWRENCE AVE,250000.0,0.166722,41.805197979233,-87.611633980466,381900,1,170313819001
4,Kenwood Gardens 4131-4149 S. Drexel Blvd.,4131-4149 S DREXEL BLVD,150000.0,0.100033,41.818558355709,-87.603909972871,836400,3,170318364003
4,Miscellaneous CDOT Projects (2023),4043 S DREXEL BLVD,150.0,0.0001,41.820392735219,-87.604204764405,836400,3,170318364003
4,Miscellaneous CDOT Projects (2023),4232 S COTTAGE GROVE AVE,150.0,0.0001,41.817564136264,-87.607051677819,380100,1,170313801001
4,Miscellaneous CDOT Projects (2023),4621 S LAKE PARK AVE,150.0,0.0001,41.811208725819,-87.59376426581,390100,1,170313901001
4,Miscellaneous CDOT Projects (2023),4847 S LANGLEY AVE,300.0,0.0002,41.806273042134,-87.608574753445,843600,1,170318436001
4,Miscellaneous CDOT Projects (2023),E 49TH ST & S KENWOOD AVE,28770.36,0.019187,41.806051005519,-87.593497134556,390600,1,170313906001
4,Sidewalk Menu (2023),4406 S LAKE PARK AVE,4399.87,0.002934,41.81493967856,-87.597823537699,390200,1,170313902001
4,Sidewalk Menu (2023),4801 S KIMBARK AVE,32774.75,0.021857,41.807685644276,-87.594845447501,390600,1,170313906001
4,Sidewalk Menu (2023),5131 S BLACKSTONE AVE,5140.59,0.003428,41.801440833044,-87.590206818464,410100,1,170314101001
4,Sidewalk Menu (2023),715 E BOWEN AVE,3705.44,0.002471,41.819264992056,-87.608596294936,380100,1,170313801001
4,Sidewalk Menu (2023),820-882 S PARK TER,118944.55,0.079323,41.870756029091,-87.630313386968,839000,3,170318390003
4,Sidewalk Menu (2023),899 S PLYMOUTH CT,17057.0,0.011375,41.870841985508,-87.628152029416,839000,3,170318390003
4,Sidewalk Menu (2023),E 44TH ST & S ELLIS AVE,24278.43,0.016191,41.815055390734,-87.601807121002,390200,2,170313902002
4,Sidewalk Menu (2023),1200-1300 E 48th St,20989.92,0.013998,41.808007006444,-87.594690969025,390600,1,170313906001
4,Sidewalk Menu (2023),4900-5000 S Champlain Ave,30745.53,0.020504,41.803874225264,-87.610293127415,843600,1,170318436001
4,Street Bump Outs Menu (2023),4584 S OAKENWALD AVE,3051.76,0.002035,41.811659043567,-87.593846911375,390100,1,170313901001
4,Street Cul-de-Sac Menu (2023),4950 S GREENWOOD AVE,15981.83,0.010658,41.804444529956,-87.599590191431,390500,1,170313905001
4,Street Resurfacing Menu (2023),800-844 E 38th Pl,37826.63,0.025226,41.825686403669,-87.605921150354,836500,2,170318365002
4,Street Resurfacing Menu (2023),40-100 E 9th St,20991.87,0.013999,41.870780504248,-87.626415718173,320600,2,170313206002
4,Street Resurfacing Menu (2023),4300-4400 S Berkeley Ave,68150.77,0.045449,41.814945210617,-87.600875388645,390200,2,170313902002
4,Street Resurfacing Menu (2023),4800-4900 S Evans Ave,74161.75,0.049458,41.807675622368,-87.607821411424,843600,1,170318436001
4,Street Resurfacing Menu (2023),4700-4800 S Langley Ave,60703.65,0.040483,41.807572572402,-87.609226865512,843600,2,170318436002
4,Street Resurfacing Menu (2023),1178-900 S Plymouth Ct,31625.62,0.021091,41.867894070161,-87.629224745384,839000,2,170318390002
4,Street Speed Hump Menu (2023),1000-1200 E 45th St,9760.0,0.006509,41.813301985785,-87.601332009909,390200,2,170313902002
4,Street Speed Hump Menu (2023),1200-1300 E 46th St,4880.0,0.003254,41.810821764989,-87.59675214001,390100,1,170313901001
4,Street Speed Hump Menu (2023),1300-1400 E 50th St,7050.0,0.004702,41.804276042116,-87.591082722754,390700,2,170313907002
4,Street Speed Hump Menu (2023),5200-5300 S Dorchester Ave,2440.0,0.001627,41.799287480209,-87.591948997039,410700,1,170314107001
4,Street Speed Hump Menu (2023),4400-4499 S Ellis Ave,4880.0,0.003254,41.813300197887,-87.601701922095,390200,2,170313902002
4,Street Speed Hump Menu (2023),3946-4300 S Ellis Ave,14640.0,0.009763,41.81684178923,-87.601919637085,390300,2,170313903002
4,Street Speed Hump Menu (2023),4500-4700 S Greenwood Ave,9760.0,0.006509,41.809319780119,-87.59948642347,390500,1,170313905001
4,Street Speed Hump Menu (2023),4900-5000 S Kimbark Ave,4880.0,0.003254,41.805858640841,-87.595514993926,390600,2,170313906002
4,,5125 S DORCHESTER AVE,362.5,0.000242,41.801625905466,-87.591572565768,410100,1,170314101001
4,,S GREENWOOD AVE & E HYDE PARK BLVD,15981.83,0.010658,41.802372020577,-87.599131030775,390500,1,170313905001
5,Street Light Residential Staggered Piggy Back Menu (2023),1758-1830 E 69th St,168000.0,0.112,41.769821476689,-87.579684608618,430200,1,170314302001
5,Street Light Residential Staggered Piggy Back Menu (2023),6600-6700 S Dorchester Ave,15971.0,0.010647,41.773117418295,-87.591481957394,430300,3,170314303003
5,Street Light Residential Staggered Piggy Back Menu (2023),6700-6900 S Paxton Ave,338000.0,0.225333,41.769667594586,-87.571767804945,430101,1,170314301011
5,Street Resurfacing Menu (2023),5700-5900 S Blackstone Ave,140573.29,0.093716,41.791396295555,-87.590599678266,411100,2,170314111002
5,Street Resurfacing Menu (2023),6300-6400 S Blackstone Ave,47157.05,0.031438,41.780305361273,-87.589239882114,843900,1,170318439001
5,Street Resurfacing Menu (2023),5040-5100 S Cornell Ave,26202.03,0.017468,41.802221355868,-87.586766298668,410100,2,170314101002
5,Street Resurfacing Menu (2023),5600-5800 S Drexel Ave,147641.45,0.098428,41.789249438694,-87.604022122735,836200,1,170318362001
5,Street Resurfacing Menu (2023),6000-6100 S Drexel Ave,74462.06,0.049641,41.784649995055,-87.604859977777,420400,1,170314204001
5,Street Resurfacing Menu (2023),5499-5700 S Ellis Ave,106175.59,0.070784,41.795119378654,-87.601246336732,410600,2,170314106002
5,Street Resurfacing Menu (2023),5200-5300 S Ingleside Ave,43862.96,0.029242,41.800708757621,-87.603098939919,410500,1,170314105001
5,Street Resurfacing Menu (2023),7200-7300 S Paxton Ave,54238.38,0.036159,41.762442016863,-87.571584827998,430800,1,170314308001
5,Street Resurfacing Menu (2023),5200-5500 S University Ave,245478.75,0.163653,41.800679798145,-87.598602132685,410600,1,170314106001
5,Street Resurfacing Menu (2023),5800-5900 S University Ave,55415.31,0.036944,41.789961785436,-87.598100151524,836200,1,170318362001
5,Street Speed Hump Menu (2023),5700-5800 S Blackstone Ave,4880.0,0.003253,41.789579350403,-87.590606467608,411100,2,170314111002
5,,1400-1500 E 66th Pl,15971.0,0.010647,41.774466359883,-87.590869575548,843900,2,170318439002
5,,6600-6700 S Blackstone Ave,15971.0,0.010647,41.773236397748,-87.588854009879,430300,1,170314303001
6,Alley Apron Menu (2023),8501 S WABASH AVE,10630.86,0.007087,41.739879526077,-87.622312525111,440300,1,170314403001
6,Arterial Street Bump Outs Menu (2023),S CHAMPLAIN AVE & E 75TH ST,75833.04,0.050555,41.758495020568,-87.609052019012,691400,4,170316914004
6,Arterial Street Bump Outs Menu (2023),S CHAMPLAIN AVE & E 76TH ST,148596.42,0.099064,41.756671998537,-87.60899502207,691400,1,170316914001
6,Brown Memorial Park Skate Park Project,634 E 86TH ST,100000.0,0.066667,41.738498235829,-87.608387271182,440202,2,170314402022
6,Miscellaneous CDOT Projects (2023),201 E 75TH ST,660.0,0.00044,41.758149686157,-87.619591424065,691300,1,170316913001
6,Miscellaneous CDOT Projects (2023),501 E 78TH ST,244.14,0.000163,41.752910840241,-87.612474661998,691400,3,170316914003
6,Miscellaneous CDOT Projects (2023),58 W 79TH ST,660.0,0.00044,41.751225437853,-87.626790724521,691200,2,170316912002
6,Miscellaneous CDOT Projects (2023),659 E 75TH ST,660.0,0.00044,41.758361748307,-87.608003359105,691400,1,170316914001
6,Nat King Cole Park Walking Track,361 E 85TH ST,25000.0,0.016667,41.740088264113,-87.615366180812,440300,2,170314403002
6,Sidewalk Menu (2023),344 E 80TH ST,20251.22,0.013501,41.74942253239,-87.616154089391,440300,2,170314403002
6,Sidewalk Menu (2023),7735 S RHODES AVE,4367.73,0.002912,41.753868084286,-87.611102567805,691400,3,170316914003
6,Sidewalk Menu (2023),7759 S CALUMET AVE,14004.09,0.009336,41.753053908121,-87.616260623381,691300,2,170316913002
6,Sidewalk Menu (2023),7955-7959 S CALUMET AVE,9785.84,0.006524,41.749409833806,-87.616046717212,440300,2,170314403002
6,Sidewalk Menu (2023),8501 S VERNON AVE,5712.86,0.003809,41.740049511073,-87.612647268741,440202,3,170314402023
6,Sidewalk Menu (2023),8546 S WABASH AVE,5614.34,0.003743,41.738638166217,-87.623010150913,440300,1,170314403001
6,Street Light Residential Staggered Piggy Back Menu (2023),7100-7400 S Prairie Ave,489000.0,0.326,41.765518720153,-87.618818277316,691000,1,170316910001
6,Street Light Upgrade Menu (2023),7120 S VINCENNES AVE,500.0,0.000333,41.764729745332,-87.628424067031,691100,4,170316911004
6,Street Resurfacing Menu (2023),0-40 E 94th St,27832.81,0.018555,41.723618238667,-87.622969644125,490200,2,170314902002
6,Street Resurfacing Menu (2023),7800-7900 S Champlain Ave,57456.54,0.038304,41.752869170975,-87.609164755609,691400,3,170316914003
6,Street Resurfacing Menu (2023),8755-8700 S Prairie Ave,66260.21,0.044173,41.734914421912,-87.617359490887,440600,1,170314406001
6,Street Resurfacing Menu (2023),8900-9000 S Prairie Ave,78704.61,0.05247,41.732516317504,-87.617952426718,440600,1,170314406001
6,Street Resurfacing Menu (2023),8930-9000 S Wabash Ave,35814.61,0.023876,41.733367476454,-87.622611866655,440600,2,170314406002
6,Street Resurfacing Menu (2023),9100-9500 S Wabash Ave,246047.61,0.164032,41.728991453988,-87.622429101704,490200,2,170314902002
6,Street Resurfacing Menu (2023),9112-9200 S Williams Ave,45477.87,0.030319,41.72878385602,-87.618544189082,490200,1,170314902001
6,Street Speed Hump Menu (2023),340-300 E 74th St,4880.0,0.003253,41.760235685721,-87.617469311121,691000,2,170316910002
6,Street Speed Hump Menu (2023),7300-7400 S Evans Ave,4880.0,0.003253,41.760261548571,-87.607004739161,690900,2,170316909002
6,Street Speed Hump Menu (2023),7200-7300 S Morgan St,4880.0,0.003253,41.761372737475,-87.649499144242,681400,3,170316814003
6,Street Speed Hump Replacement (2023),9100-9500 S Wabash Ave,0.0,0.0,41.728991453988,-87.622429101704,490200,2,170314902002
6,,50-100 E 85th St,10630.86,0.007087,41.740115843643,-87.621664584656,440300,1,170314403001
6,,8554 S WABASH AVE,5614.34,0.003743,41.738444669982,-87.623007049609,440300,1,170314403001
7,Alley Apron Menu (2023),2658 E 78TH ST,17220.96,0.011481,41.753806561117,-87.559149436447,431301,2,170314313012
7,Alley Resurfacing Menu (2023),8041 S MUSKEGON AVE,23684.06,0.015789,41.748851766693,-87.554992096291,460302,2,170314603022
7,Alley Resurfacing Menu (2023),E 84TH ST & S MANISTEE AVE & S MARQUETTE AVE & E 85TH ST,34128.44,0.022752,41.751839998994,-87.558109996635,460302,1,170314603021
7,Alley Resurfacing Menu (2023),S CORNELL AVE & E 72ND ST & E 73RD ST & S STONY ISLAND AVE,24594.47,0.016396,41.764256992268,-87.584745002717,430500,3,170314305003
7,Alley Speed Hump Replacement (2023),S CORNELL AVE & E 72ND ST & E 73RD ST & S STONY ISLAND AVE,0.0,0.0,41.764256992268,-87.584745002717,430500,3,170314305003
7,Concrete Alley Menu (2023),E 101ST ST & S VAN VLISSINGEN RD & S PAXTON AVE & S VAN VLISSINGEN RD,268207.98,0.178805,41.709827008522,-87.569017031961,510300,3,170315103003
7,Concrete Alley Menu (2023),E 83RD ST & E 83RD PL & S CLYDE AVE & S SOUTH CHICAGO AVE,62528.41,0.041686,41.74388561001,-87.606076334935,440202,2,170314402022
7,Miscellaneous CDOT Projects (2023),7100 S BENNETT AVE,660.0,0.00044,41.765818290022,-87.579432432267,430500,2,170314305002
7,Pavement Markings Menu (2023),S VAN VLISSINGEN RD & E 102ND ST,4000.0,0.002667,41.709827008522,-87.569017031961,510300,3,170315103003
7,Pavement Markings Menu (2023),S VAN VLISSINGEN RD & S PAXTON AVE,4000.0,0.002667,41.709827008522,-87.569017031961,510300,3,170315103003
7,Sidewalk Menu (2023),10119 S YATES AVE,8430.67,0.00562,41.711103740014,-87.564255440405,510200,3,170315102003
7,Sidewalk Menu (2023),2905 E 91ST ST,8647.93,0.005765,41.729807831221,-87.55358552912,461000,1,170314610001
7,Sidewalk Menu (2023),8043 S KINGSTON AVE,8392.44,0.005595,41.748716315138,-87.56229164431,460400,1,170314604001
7,Sidewalk Menu (2023),8059 S YATES BLVD,12251.63,0.008168,41.748242025146,-87.565888654238,460400,1,170314604001
7,Sidewalk Menu (2023),8313 S LUELLA AVE,8332.9,0.005555,41.743997052193,-87.569494884261,460500,3,170314605003
7,Sidewalk Menu (2023),8338 S LUELLA AVE,4998.25,0.003332,41.743270634554,-87.570029482045,460500,3,170314605003
7,Sidewalk Menu (2023),8400 S COLFAX AVE,17374.81,0.011583,41.742586294069,-87.561476588045,460400,3,170314604003
7,Sidewalk Menu (2023),8905-8907 S OGLESBY AVE,4029.81,0.002687,41.733241938862,-87.566842933915,480400,1,170314804001
7,Street Bump Outs Menu (2023),S VAN VLISSINGEN RD & E 102ND ST,8557.65,0.005705,41.709827008522,-87.569017031961,510300,3,170315103003
7,Street Light Upgrade Menu (2023),8316 S COLFAX AVE,500.0,0.000333,41.743942117658,-87.561336665666,460400,3,170314604003
7,Street Light Upgrade Menu (2023),9553 S CALHOUN AVE,500.0,0.000333,41.720967312213,-87.562093160843,510200,1,170315102001
7,Street Resurfacing Menu (2023),2917-2900 E 77th St,28881.86,0.019255,41.757294187209,-87.552724540025,431400,3,170314314003
7,Street Resurfacing Menu (2023),8234-8300 S Burley Ave,26533.1,0.017689,41.744605117359,-87.545818522361,460200,2,170314602002
7,Street Resurfacing Menu (2023),8100-8200 S Burnham Ave,66924.31,0.044616,41.748109507257,-87.556741650941,460302,4,170314603024
7,Street Resurfacing Menu (2023),8000-8100 S Coles Ave,53336.2,0.035557,41.748201750102,-87.54945098774,460100,3,170314601003
7,Street Resurfacing Menu (2023),7900-8100 S Colfax Ave,99476.31,0.066318,41.748032268019,-87.561614889447,460400,2,170314604002
7,Street Resurfacing Menu (2023),7900-8000 S Crandon Ave,54101.6,0.036068,41.749817623809,-87.56871383746,460500,1,170314605001
7,Street Resurfacing Menu (2023),7100-7200 S East End Ave,20166.0,0.013444,41.765654800351,-87.584153910905,430500,3,170314305003
7,Street Resurfacing Menu (2023),7900-8200 S Essex Ave,194312.2,0.129541,41.751510003466,-87.564125017991,460400,1,170314604001
7,Street Resurfacing Menu (2023),8100-8300 S Kingston Ave,123162.76,0.082109,41.748021036269,-87.562822386419,460400,2,170314604002
7,Street Resurfacing Menu (2023),8700-8800 S Kingston Ave,42395.74,0.028264,41.737090154429,-87.562693388929,460800,4,170314608004
7,Street Resurfacing Menu (2023),9100-9200 S Kingston Ave,49091.49,0.032728,41.727973242164,-87.562343863567,480500,1,170314805001
7,Street Resurfacing Menu (2023),9200-9300 S Manistee Ave,58542.5,0.039028,41.726278288759,-87.556782849191,480500,2,170314805002
7,Street Resurfacing Menu (2023),8000-8100 S Oglesby Ave,52335.37,0.03489,41.747945724869,-87.567681124233,460500,2,170314605002
7,Street Resurfacing Menu (2023),7200-7300 S Ridgeland Ave,56736.07,0.037824,41.762326514238,-87.582593116715,430900,1,170314309001
7,Street Speed Hump Menu (2023),7900-8000 S Colfax Ave,4880.0,0.003253,41.749835173483,-87.561640286614,460400,1,170314604001
7,Street Speed Hump Menu (2023),7800-7900 S Essex Ave,4880.0,0.003253,41.751510003466,-87.564125017991,460400,1,170314604001
7,Street Speed Hump Menu (2023),7600-7700 S Luella Ave,4880.0,0.003253,41.755149425825,-87.570233832845,431200,1,170314312001
7,Street Speed Hump Menu (2023),10100-10160 S Paxton Ave,2440.0,0.001627,41.71151441136,-87.569721028008,510300,4,170315103004
7,Street Speed Hump Menu (2023),7800-7900 S Phillips Ave,4880.0,0.003253,41.753426525627,-87.56527820023,431301,3,170314313013
7,Street Speed Hump Menu (2023),10100-10200 S Van Vlissingen Rd,7320.0,0.00488,41.711403518781,-87.570855183327,510300,3,170315103003
7,Street Speed Hump Replacement (2023),8100-8200 S Burnham Ave,0.0,0.0,41.748109507257,-87.556741650941,460302,4,170314603024
7,Street Speed Hump Replacement (2023),7900-8100 S Colfax Ave,0.0,0.0,41.748032268019,-87.561614889447,460400,2,170314604002
7,Street Speed Hump Replacement (2023),7900-8200 S Essex Ave,0.0,0.0,41.751510003466,-87.564125017991,460400,1,170314604001
7,Street Speed Hump Replacement (2023),8700-8800 S Kingston Ave,0.0,0.0,41.737090154429,-87.562693388929,460800,4,170314608004
7,Street Speed Hump Replacement (2023),8000-8100 S Oglesby Ave,0.0,0.0,41.747945724869,-87.567681124233,460500,2,170314605002
7,,S MUSKEGON AVE & E 80TH ST & E 81ST ST & S ESCANABA AVE,23684.06,0.015789,41.750058006379,-87.555299963595,460302,2,170314603022
8,Bollard Menu (2023),8201 S JEFFERY BLVD,1629.66,0.001086,41.745991903239,-87.575568076025,460500,4,170314605004
8,Bollard Menu (2023),8459 S JEFFERY BLVD,1487.11,0.000991,41.740852120212,-87.575509151246,450300,2,170314503002
8,Collector Street - Miscellaneous Concrete (2023),2100-2330 W 88th St,7781.64,0.005188,41.734152104923,-87.650944248003,711400,2,170317114002
8,Curb & Gutter Menu (2023),8811-8819 S BLACKSTONE AVE,23214.17,0.015476,41.734500942628,-87.587814623298,480200,1,170314802001
8,Floodlight Menu (2023),7300 S DORCHESTER AVE,950.0,0.000633,41.762202713528,-87.591141568306,430400,3,170314304003
8,Floodlight Menu (2023),8901 S CHAPPEL AVE,950.0,0.000633,41.733293655204,-87.574072073947,480400,7,170314804007
8,Floodlight Menu (2023),8919 S CHAPPEL AVE,950.0,0.000633,41.732873805674,-87.574106020655,480400,7,170314804007
8,Floodlight Menu (2023),8955 S CHAPPEL AVE,950.0,0.000633,41.731928620363,-87.574057657073,480400,7,170314804007
8,Floodlight Menu (2023),E 92ND ST & S CONSTANCE AVE,950.0,0.000633,41.727890009865,-87.579143041549,480400,4,170314804004
8,Miscellaneous CDOT Projects (2023),1014 E 79TH ST,150.0,0.0001,41.751606395352,-87.599577115662,691500,2,170316915002
8,Miscellaneous CDOT Projects (2023),8101 S BLACKSTONE AVE,660.0,0.00044,41.747678635524,-87.587953008519,834300,6,170318343006
8,Miscellaneous CDOT Projects (2023),S AVALON AVE & E 95TH ST,7300.0,0.004867,41.722168019843,-87.593584976901,500100,1,170315001001
8,Sidewalk Menu (2023),1500 E 87TH ST,58040.19,0.038693,41.737141577405,-87.587665425422,834300,4,170318343004
8,Sidewalk Menu (2023),1700 E 86TH PL,19506.69,0.013004,41.738062874292,-87.582569563567,450300,4,170314503004
8,Sidewalk Menu (2023),8401 S MARYLAND AVE,4572.47,0.003048,41.741971146195,-87.603483166361,440102,3,170314401023
8,Sidewalk Menu (2023),8459 S JEFFERY BLVD,8383.96,0.005589,41.740852120212,-87.575509151246,450300,2,170314503002
8,Sidewalk Menu (2023),8819 S CREGIER AVE,8546.42,0.005698,41.73459603532,-87.580141326217,480100,2,170314801002
8,Sidewalk Menu (2023),8933-8945 S CHAPPEL AVE,36423.62,0.024282,41.732112603137,-87.574070397566,480400,7,170314804007
8,Sidewalk Menu (2023),8952 S CORNELL AVE,9038.67,0.006026,41.731811315628,-87.584196323335,480400,7,170314804007
8,Sidewalk Menu (2023),9159 S DREXEL AVE,18846.73,0.012564,41.727717552207,-87.600726106949,470100,1,170314701001
8,Speed Indicator Signs (2023),1215 E 83RD ST,14000.0,0.009333,41.743648281202,-87.594172464495,834300,5,170318343005
8,Speed Indicator Signs (2023),E 83RD ST & S KENWOOD AVE,7000.0,0.004667,41.744123996116,-87.591677004281,834300,5,170318343005
8,Street Bump Outs Menu (2023),E 81ST ST & S JEFFERY BLVD,18307.76,0.012205,41.747973007964,-87.575930006605,460500,6,170314605006
8,Street Light Pole for High Definition Camera Menu (2023),S BLACKSTONE AVE & E 92ND ST,3000.0,0.002,41.727784691252,-87.587932137581,480300,1,170314803001
8,Street Light Pole for High Definition Camera Menu (2023),S DOBSON AVE & E 93RD ST,6000.0,0.004,41.725791013672,-87.598526025004,470100,1,170314701001
8,Street Light Residential Staggered Piggy Back Menu (2023),9327-9200 S Constance Ave,260000.0,0.173333,41.727706446186,-87.57949876952,480400,4,170314804004
8,Street Light Upgrade Menu (2023),1222 E 87TH PL,500.0,0.000333,41.736131809529,-87.594147151147,480200,2,170314802002
8,Street Light Upgrade Menu (2023),8448 S CHAPPEL AVE,500.0,0.000333,41.740994349296,-87.574686203589,450300,2,170314503002
8,Street Light Upgrade Menu (2023),8826 S HARPER AVE,500.0,0.000333,41.734262058388,-87.58714440632,480200,1,170314802001
8,Street Resurfacing Menu (2023),1600 E 86TH PL,32371.9,0.021581,41.737894303375,-87.584811186477,450300,4,170314503004
8,Street Resurfacing Menu (2023),1700-1800 E 86th St,33766.59,0.022511,41.738852771873,-87.579776092489,450300,3,170314503003
8,Street Resurfacing Menu (2023),1630-1760 E 87th Pl,117791.1,0.078527,41.736278953839,-87.583824837387,480100,2,170314801002
8,Street Resurfacing Menu (2023),700-800 E 90th Pl,48854.21,0.032569,41.730437437878,-87.606941791068,440900,1,170314409001
8,Street Resurfacing Menu (2023),7900-8000 S Avalon Ave,52383.67,0.034922,41.749429740826,-87.594526013171,834300,2,170318343002
8,Street Resurfacing Menu (2023),8000-8100 S Avalon Ave,4700.0,0.003133,41.747575202839,-87.594689125006,834300,1,170318343001
8,Street Resurfacing Menu (2023),8900-9000 S Bennett Ave,57603.27,0.038402,41.731353328438,-87.578219691095,480400,6,170314804006
8,Street Resurfacing Menu (2023),8730-8800 S Cornell Ave,44208.61,0.029472,41.734984955627,-87.584278968901,480100,2,170314801002
8,Street Resurfacing Menu (2023),8900-9000 S Cornell Ave,61984.23,0.041323,41.731335055889,-87.584226665825,480400,6,170314804006
8,Street Resurfacing Menu (2023),9000-9100 S Cregier Ave,61390.71,0.040927,41.731382497461,-87.58071674387,480400,6,170314804006
8,Street Resurfacing Menu (2023),7700-7800 S Dobson Ave,83550.19,0.0557,41.753108756725,-87.599260548178,691500,2,170316915002
8,Street Resurfacing Menu (2023),9000-9100 S East End Ave,59368.75,0.039579,41.731353496076,-87.583017073378,480400,6,170314804006
8,Street Resurfacing Menu (2023),8900-9000 S Euclid Ave,62187.26,0.041458,41.731379773343,-87.577087547433,480400,6,170314804006
8,Street Resurfacing Menu (2023),8500-8700 S Maryland Ave,113817.19,0.075878,41.740167025356,-87.604145169074,440102,2,170314401022
8,Street Resurfacing Menu (2023),8200-8300 S Paxton Ave,60539.22,0.040359,41.746081338146,-87.571315098354,460500,4,170314605004
8,Street Resurfacing Menu (2023),9300-9400 S University Ave,35334.15,0.023556,41.725598381902,-87.596169722305,470100,1,170314701001
8,Street Speed Hump Menu (2023),1560-1700 E 83rd Pl,2367.94,0.001579,41.74337952577,-87.582812873101,450300,1,170314503001
8,Street Speed Hump Menu (2023),1400-1430 E 89th St,2440.0,0.001627,41.73327019129,-87.589355032583,480200,2,170314802002
8,Street Speed Hump Menu (2023),8000-8100 S Woodlawn Ave,4880.0,0.003253,41.747602695482,-87.595716578698,834300,1,170318343001
8,Street Speed Hump Replacement (2023),1600 E 86TH PL,0.0,0.0,41.737894303375,-87.584811186477,450300,4,170314503004
8,Street Speed Hump Replacement (2023),1700-1800 E 86th St,0.0,0.0,41.738852771873,-87.579776092489,450300,3,170314503003
8,Street Speed Hump Replacement (2023),1630-1760 E 87th Pl,0.0,0.0,41.736278953839,-87.583824837387,480100,2,170314801002
8,Street Speed Hump Replacement (2023),7900-8000 S Avalon Ave,0.0,0.0,41.749429740826,-87.594526013171,834300,2,170318343002
8,Street Speed Hump Replacement (2023),8900-9000 S Cornell Ave,0.0,0.0,41.731335055889,-87.584226665825,480400,6,170314804006
8,Street Speed Hump Replacement (2023),8500-8700 S Maryland Ave,0.0,0.0,41.740167025356,-87.604145169074,440102,2,170314401022
8,,7359 S DORCHESTER AVE,950.0,0.000633,41.760708723106,-87.590484762374,430400,3,170314304003
8,,1324 E 83RD ST X,7000.0,0.004667,41.744181919164,-87.591869563809,834300,1,170318343001
8,,1560-1700 E 86th Pl,32371.9,0.021581,41.738062874292,-87.582569563567,450300,4,170314503004
8,,1560-1700 E 86th Pl,0.0,0.0,41.738062874292,-87.582569563567,450300,4,170314503004
9,Alley Resurfacing Menu (2023),E 108TH ST & S STATE ST & S WABASH AVE & E 109TH ST,35283.72,0.023594,41.743203998424,-87.624348992307,842400,2,170318424002
9,Alley Resurfacing Menu (2023),E 114TH PL & S MICHIGAN AVE & S INDIANA AVE & E 115TH ST,54038.0,0.036135,41.686251983832,-87.620875028717,491400,2,170314914002
9,Alley Resurfacing Menu (2023),E 115TH ST & S INDIANA AVE & S PRAIRIE AVE & E KENSINGTON AVE,28010.14,0.01873,41.683965484465,-87.616792119861,530100,1,170315301001
9,Alley Resurfacing Menu (2023),S STATE ST & E 99TH PL & E 99TH PL & E 99TH ST,6901.83,0.004615,41.713525607117,-87.623659077857,490700,1,170314907001
9,Alley Resurfacing Menu (2023),W 122ND ST & S STATE ST & S LAFAYETTE AVE & W 123RD ST,46840.5,0.031322,41.684898809383,-87.622886266384,530200,1,170315302001
9,Alley Speed Hump Replacement (2023),E 108TH ST & S STATE ST & S WABASH AVE & E 109TH ST,0.0,0.0,41.743203998424,-87.624348992307,842400,2,170318424002
9,Alley Speed Hump Replacement (2023),E 114TH PL & S MICHIGAN AVE & S INDIANA AVE & E 115TH ST,0.0,0.0,41.686251983832,-87.620875028717,491400,2,170314914002
9,Alley Speed Hump Replacement (2023),W 122ND ST & S STATE ST & S LAFAYETTE AVE & W 123RD ST,0.0,0.0,41.684898809383,-87.622886266384,530200,1,170315302001
9,Bollard Menu (2023),10314 S INDIANA AVE,465.01,0.000311,41.706736055998,-87.618922715829,490902,2,170314909022
9,Curb & Gutter Menu (2023),10557 S INDIANA AVE,10233.14,0.006843,41.701989551867,-87.618252917946,490902,3,170314909023
9,Curb & Gutter Menu (2023),10800-10900 S FOREST AVE,95905.69,0.064132,41.697982415416,-87.616262635037,490901,3,170314909013
9,Curb & Gutter Menu (2023),11346 S PRAIRIE AVE,33913.68,0.022678,41.687705531571,-87.617145165623,491400,3,170314914003
9,Left-Turn Arrow Menu (2023),E 100TH ST & S DR MARTIN LUTHER KING JR DR,66503.0,0.044471,41.712505990505,-87.613955013274,490800,3,170314908003
9,Miscellaneous CDOT Projects (2023),10605 S EDBROOKE AVE,150.0,0.0001,41.701444686251,-87.619425546201,490902,2,170314909022
9,Miscellaneous CDOT Projects (2023),25-27 E 119TH ST,150.0,0.0001,41.677777753993,-87.62145824154,530600,3,170315306003
9,Sidewalk Menu (2023),10023 S PRINCETON AVE,2509.31,0.001678,41.7118312473,-87.630554199047,490700,3,170314907003
9,Sidewalk Menu (2023),10053 S PRINCETON AVE,11419.96,0.007637,41.710990165226,-87.630525784395,490700,3,170314907003
9,Sidewalk Menu (2023),10108 S DR MARTIN LUTHER KING JR DR,8214.28,0.005493,41.710633389517,-87.614175122052,490800,4,170314908004
9,Sidewalk Menu (2023),12157 S YALE AVE,26699.87,0.017854,41.672641575184,-87.628213552585,530501,3,170315305013
9,Sidewalk Menu (2023),311 E 113TH ST,18118.05,0.012116,41.688878327463,-87.615124624043,491400,3,170314914003
9,Sidewalk Menu (2023),346 W 100TH ST,4412.76,0.002951,41.712737750128,-87.632723603227,490700,3,170314907003
9,Sidewalk Menu (2023),54 E 104TH ST,8136.94,0.005441,41.705594105509,-87.621362352567,490902,2,170314909022
9,Sidewalk Menu (2023),556 W 127TH ST,17702.2,0.011837,41.663564937964,-87.636388674209,530503,2,170315305032
9,Sidewalk Menu (2023),650 E 101ST PL,9630.27,0.00644,41.710385788097,-87.606959225427,490800,1,170314908001
9,Sidewalk Menu (2023),9824 S INDIANA AVE,4632.09,0.003097,41.715566265264,-87.61917719041,490500,2,170314905002
9,Street Light Pole Painting Menu (2023),12200 S YALE AVE,1500.0,0.001003,41.672350806963,-87.628766925833,530501,3,170315305013
9,Street Light Upgrade Menu (2023),9916 S LAFAYETTE AVE,500.0,0.000334,41.713912390039,-87.625106967811,490700,1,170314907001
9,Street Resurfacing Menu (2023),600-700 E 102nd St,40281.23,0.026936,41.709278970088,-87.608870088583,490800,1,170314908001
9,Street Resurfacing Menu (2023),640-800 E 105th St,82911.09,0.055443,41.703855280737,-87.603698181023,500200,1,170315002001
9,Street Resurfacing Menu (2023),151-200 E 116th St,68613.01,0.045882,41.682809955293,-87.617743465871,530100,1,170315301001
9,Street Resurfacing Menu (2023),0-100 E 121st Pl,56943.57,0.038078,41.673581586783,-87.618973241896,530600,3,170315306003
9,Street Resurfacing Menu (2023),0-100 E 123rd St,44450.28,0.029724,41.670838178359,-87.619917423037,530600,2,170315306002
9,Street Resurfacing Menu (2023),10700-10800 S Calumet Ave,58190.32,0.038912,41.698029605531,-87.614995542734,490901,3,170314909013
9,Street Resurfacing Menu (2023),10600-10729 S Langley Ave,61772.25,0.041307,41.701813867177,-87.606556055884,500200,2,170315002002
9,Street Resurfacing Menu (2023),11100-11200 S Langley Ave,59423.63,0.039737,41.690933877314,-87.606046534387,500300,1,170315003001
9,Street Resurfacing Menu (2023),12700-12830 S Lowe Ave,85512.15,0.057182,41.660442700113,-87.637817966469,530503,1,170315305031
9,Street Resurfacing Menu (2023),12000-12100 S Prairie Ave,25612.73,0.017127,41.67617739722,-87.616804441259,530600,1,170315306001
9,Street Resurfacing Menu (2023),10100-10200 S Rhodes Ave,57779.36,0.038637,41.709045186503,-87.610481217322,490800,2,170314908002
9,Street Resurfacing Menu (2023),10100-10200 S Vernon Ave,58161.03,0.038892,41.708982573687,-87.612936276762,490800,2,170314908002
9,Street Resurfacing Menu (2023),12700-12830 S Wallace St,88694.91,0.05931,41.660429190683,-87.636616388448,530503,1,170315305031
9,Street Resurfacing Menu (2023),12600-12700 S Yale Ave,38133.94,0.0255,41.665118230351,-87.628539273342,530502,1,170315305021
9,Street Resurfacing Menu (2023),300-400 W 101st Pl,57221.6,0.038264,41.709846170973,-87.63082823094,490700,3,170314907003
9,Street Resurfacing Menu (2023),468-430 W 126th Pl,32635.97,0.021824,41.664510249004,-87.634493274444,530503,2,170315305032
9,Street Resurfacing Menu (2023),480-430 W 126th St,40486.75,0.027074,41.665377063521,-87.634971042925,530503,2,170315305032
9,Street Resurfacing Menu (2023),500-600 W 126th St,34960.23,0.023378,41.665159884121,-87.638218297776,530503,2,170315305032
9,Street Speed Hump Menu (2023),12600-12700 S Union Ave,4880.0,0.003263,41.663148608833,-87.639315048065,530503,3,170315305033
9,,9911 S STATE ST,6901.83,0.004615,41.714074915142,-87.623328747052,490800,3,170314908003
10,Alley Resurfacing Menu (2023),S AVENUE B & E 108TH ST & E 109TH ST & S AVENUE C,39904.51,0.026732,41.699040002049,-87.525754006359,520500,2,170315205002
10,Alley Resurfacing Menu (2023),S BRANDON AVE & E 92ND ST & E 93RD ST & S BALTIMORE AVE,40362.4,0.027039,41.72647418069,-87.548409536271,461000,1,170314610001
10,Alley Resurfacing Menu (2023),S BURLEY AVE & E 130TH ST & E 131ST ST & S BRANDON AVE,41729.96,0.027955,41.657338315461,-87.545906783801,550100,6,170315501006
10,Alley Resurfacing Menu (2023),S TORRENCE AVE & E 105TH ST & E 106TH ST & S HOXIE AVE,36457.94,0.024423,41.704586014014,-87.55964002924,838800,2,170318388002
10,Alley Speed Hump Replacement (2023),S AVENUE B & E 108TH ST & E 109TH ST & S AVENUE C,0.0,0.0,41.699040002049,-87.525754006359,520500,2,170315205002
10,Alley Speed Hump Replacement (2023),S TORRENCE AVE & E 105TH ST & E 106TH ST & S HOXIE AVE,0.0,0.0,41.704586014014,-87.55964002924,838800,2,170318388002
10,Bollard Menu (2023),9601 S EWING AVE,2783.64,0.001865,41.721239137333,-87.535089267201,520100,1,170315201001
10,Curb & Gutter Menu (2023),11052 S EWING AVE,87425.24,0.058566,41.693958137973,-87.535605676256,520600,1,170315206001
10,Diagonal Parking Menu (2023),3325 E 106TH ST,23017.48,0.015419,41.702565220977,-87.542734149631,520300,4,170315203004
10,Miscellaneous CDOT Projects (2023),10359 S EWING AVE,660.0,0.000442,41.707117085683,-87.535214894537,520400,4,170315204004
10,Sidewalk Menu (2023),10015-10035 S EXCHANGE AVE,33382.22,0.022363,41.712280684948,-87.551920966968,510100,2,170315101002
10,Sidewalk Menu (2023),10022-10032 S EXCHANGE AVE,13731.22,0.009199,41.71238696748,-87.552651114554,510100,2,170315101002
10,Sidewalk Menu (2023),10121 S EWING AVE,17534.15,0.011746,41.711459719442,-87.535063786216,520100,1,170315201001
10,Sidewalk Menu (2023),10204 S AVENUE M,5170.37,0.003464,41.709811250544,-87.537990160071,520200,2,170315202002
10,Sidewalk Menu (2023),10340-10342 S AVENUE M,20595.42,0.013797,41.706944304382,-87.53798596912,520300,1,170315203001
10,Sidewalk Menu (2023),10455 S AVENUE L,4759.86,0.003189,41.70484086578,-87.536267427512,520300,1,170315203001
10,Sidewalk Menu (2023),10501 S HOXIE AVE,3228.03,0.002162,41.70446430878,-87.560490960051,838800,2,170318388002
10,Sidewalk Menu (2023),10620-10624 S AVENUE O,6448.95,0.00432,41.701971782233,-87.540391407693,520300,2,170315203002
10,Sidewalk Menu (2023),10620 S AVENUE F,1276.87,0.000855,41.702010422806,-87.530740400558,520400,2,170315204002
10,Sidewalk Menu (2023),10646 S AVENUE G,871.21,0.000584,41.701350180293,-87.531958291089,520400,3,170315204003
10,Sidewalk Menu (2023),10746 S AVENUE G,5565.56,0.003728,41.699551759148,-87.531911100974,520400,3,170315204003
10,Sidewalk Menu (2023),10753 S AVENUE H,5171.49,0.003464,41.69930746858,-87.532638566351,520400,3,170315204003
10,Sidewalk Menu (2023),10811 S AVENUE O,9654.05,0.006467,41.69870577366,-87.539844656149,520300,3,170315203003
10,Sidewalk Menu (2023),10842 S AVENUE O,1724.55,0.001155,41.697918293857,-87.540427449877,520300,3,170315203003
10,Sidewalk Menu (2023),11257 S GREEN BAY AVE,13257.98,0.008882,41.690163105582,-87.541067072908,520600,1,170315206001
10,Sidewalk Menu (2023),11357 S AVENUE H,17949.28,0.012024,41.688353033591,-87.532619874707,520500,3,170315205003
10,Sidewalk Menu (2023),11357 S EWING AVE,35040.58,0.023474,41.688375287544,-87.53494224862,520500,3,170315205003
10,Sidewalk Menu (2023),11535 S AVENUE L,498.94,0.000334,41.685338063019,-87.536169610702,520600,1,170315206001
10,Sidewalk Menu (2023),13000 S AVENUE N,18196.27,0.01219,41.658994789077,-87.538942679548,550100,1,170315501001
10,Sidewalk Menu (2023),13056 S AVENUE N,15657.02,0.010489,41.657492458661,-87.538951564366,550100,1,170315501001
10,Sidewalk Menu (2023),13100 S AVENUE N,5337.54,0.003576,41.657148381536,-87.538944775024,550100,1,170315501001
10,Sidewalk Menu (2023),13300-13304 S AVENUE K,19314.42,0.012939,41.653384152638,-87.535291354887,550100,1,170315501001
10,Sidewalk Menu (2023),13357 S AVENUE O,35808.38,0.023988,41.651967694821,-87.539528406942,550100,1,170315501001
10,Sidewalk Menu (2023),3200 E 91ST ST,3677.73,0.002464,41.730443514758,-87.54668345095,833900,2,170318339002
10,Sidewalk Menu (2023),3254-3256 E 136TH ST,5107.26,0.003421,41.648419760935,-87.543693793725,550100,3,170315501003
10,Sidewalk Menu (2023),3365 E 89TH ST,25686.81,0.017208,41.733771232857,-87.54309407525,833900,1,170318339001
10,Sidewalk Menu (2023),8524-8528 S HOUSTON AVE,4746.89,0.00318,41.740148375621,-87.5505175011,460200,2,170314602002
10,Sidewalk Menu (2023),8634-8638 S MUSKEGON AVE,7099.29,0.004756,41.738006715541,-87.555351428481,460301,2,170314603012
10,Sidewalk Menu (2023),8840 S ESCANABA AVE,7865.78,0.005269,41.734269937377,-87.554439561234,460800,1,170314608001
10,Sidewalk Menu (2023),9749 S AVENUE H,6217.79,0.004165,41.718196632209,-87.532632699019,520100,1,170315201001
10,Sidewalk Menu (2023),9757 S EWING AVE,39687.12,0.026586,41.718490257923,-87.535203187383,520100,1,170315201001
10,Sidewalk Menu (2023),9821 S EXCHANGE AVE,13136.9,0.0088,41.716628671492,-87.552088605031,510100,2,170315101002
10,Sidewalk Menu (2023),9825 S MARQUETTE AVE,5895.27,0.003949,41.716522430869,-87.557602807673,510200,1,170315102001
10,Street Light Upgrade Menu (2023),13015 S BURLEY AVE,500.0,0.000335,41.658643754972,-87.544458139476,550100,6,170315501006
10,Street Light Upgrade Menu (2023),E 122ND ST & S STONY ISLAND AVE,1425.0,0.000955,41.673668484052,-87.575342099916,838800,2,170318388002
10,Street Resurfacing Menu (2023),3340-3400 E 90th St,37580.16,0.025175,41.732073654102,-87.541451470942,833900,1,170318339001
10,Street Resurfacing Menu (2023),10500-10600 S Avenue J,54138.92,0.036268,41.70444788025,-87.534367082424,520400,4,170315204004
10,Street Resurfacing Menu (2023),11200-11300 S Avenue J,58895.16,0.039454,41.689877366503,-87.534390048838,520500,3,170315205003
10,Street Resurfacing Menu (2023),11600-11800 S Avenue J,124088.61,0.083127,41.684439816365,-87.5343414338,520500,3,170315205003
10,Street Resurfacing Menu (2023),10200-10300 S Avenue M,75295.04,0.05044,41.708098031445,-87.537990579166,520300,1,170315203001
10,Street Resurfacing Menu (2023),10400-10599 S Avenue M,134393.43,0.09003,41.70625627586,-87.53797121697,520300,1,170315203001
10,Street Resurfacing Menu (2023),9900-10100 S Escanaba Ave,116897.66,0.07831,41.71178532948,-87.553768250726,510100,2,170315101002
10,Street Resurfacing Menu (2023),10600-10800 S State Line Rd,153663.98,0.10294,41.698899060348,-87.52487432562,520500,2,170315205002
10,Street Speed Hump Menu (2023),3130-3630 E 135th St,21960.0,0.014711,41.650094137981,-87.53586659024,550100,2,170315501002
10,Street Speed Hump Menu (2023),10800-11000 S Avenue E,4880.0,0.003269,41.698930785851,-87.529541453128,520500,2,170315205002
10,Street Speed Hump Menu (2023),9700-9800 S Avenue H,2356.43,0.001579,41.717668320852,-87.533137708685,520100,1,170315201001
10,Street Speed Hump Menu (2023),10900-11000 S Buffalo Ave,4880.0,0.003269,41.697201431588,-87.544046252754,520300,4,170315203004
10,Street Speed Hump Menu (2023),10500-10600 S Calhoun Ave,4880.0,0.003269,41.704469924655,-87.562330117245,838800,2,170318388002
10,Street Speed Hump Menu (2023),12800-12900 S Exchange Ave,4880.0,0.003269,41.660864749765,-87.552275018558,550200,1,170315502001
10,Street Speed Hump Menu (2023),9500-9600 S Muskegon Ave,4880.0,0.003269,41.720810895855,-87.555267679551,510100,1,170315101001
10,,10500-10600 S Hoxie Ave,3228.03,0.002162,41.704474450883,-87.561115076561,838800,2,170318388002
10,,10642 S AVENUE G,871.21,0.000584,41.701431568573,-87.531954183957,520400,3,170315204003
10,,E 122ND ST & S TORRENCE AVE,1425.0,0.000955,41.673776987788,-87.559260999579,838800,2,170318388002
11,Alley Apron Menu (2023),2812 S PRINCETON AVE,40710.41,0.034126,41.842125669048,-87.634528059342,340300,1,170313403001
11,Alley Apron Menu (2023),617 W 36TH ST,23609.91,0.019791,41.828960890442,-87.641868348083,839900,3,170318399003
11,Alley Resurfacing Menu (2023),3017 S POPLAR AVE,17622.04,0.014772,41.839521621279,-87.647795606241,840200,1,170318402001
11,Alley Resurfacing Menu (2023),3353 S RACINE AVE,27653.62,0.023181,41.83271388143,-87.655353987429,839700,1,170318397001
11,Alley Resurfacing Menu (2023),S HALSTED ST & W 33RD ST & W 33RD PL & S LITUANICA AVE,80562.58,0.067533,41.833797410053,-87.648591635585,839700,2,170318397002
11,Alley Resurfacing Menu (2023),S WALLACE ST & W 41ST ST & S NORMAL AVE & W ROOT ST,39999.53,0.03353,41.819910901515,-87.640963516962,842600,1,170318426001
11,Alley Resurfacing Menu (2023),W 29TH PL & S SHIELDS AVE & S STEWART AVE & W 30TH ST,12683.49,0.010632,41.840391998105,-87.635360969061,340300,1,170313403001
11,Alley Resurfacing Menu (2023),W 29TH ST & S LOWE AVE & S UNION AVE & W 30TH ST,45514.1,0.038153,41.841737880298,-87.642725895924,600400,1,170316004001
11,Alley Speed Hump Replacement (2023),3017 S POPLAR AVE,0.0,0.0,41.839521621279,-87.647795606241,840200,1,170318402001
11,Alley Speed Hump Replacement (2023),3353 S RACINE AVE,0.0,0.0,41.83271388143,-87.655353987429,839700,1,170318397001
11,Alley Speed Hump Replacement (2023),S HALSTED ST & W 33RD ST & W 33RD PL & S LITUANICA AVE,0.0,0.0,41.833797410053,-87.648591635585,839700,2,170318397002
11,Arterial Street Bump Outs Menu (2023),W 31ST ST & S QUINN ST,11974.3,0.010038,41.838045987225,-87.648169020027,840200,1,170318402001
11,CPD - Pedestrian Path Repaving - Armour Square Park,3309 S SHIELDS AVE,100000.0,0.083827,41.834228072238,-87.634780857542,340500,1,170313405001
11,Concrete Alley Menu (2023),W 36TH ST & S WALLACE ST & S LOWE AVE & W 37TH ST,30255.26,0.025362,41.829034980307,-87.641188990158,839900,1,170318399001
11,Curb & Gutter Menu (2023),1559 W 33RD ST,50000.0,0.041913,41.834057123323,-87.665067272105,840400,1,170318404001
11,Curb & Gutter Menu (2023),3723 S EMERALD AVE,50000.0,0.041913,41.826352184558,-87.644458016215,839900,4,170318399004
11,High Definition Camera Menu (2023),S WELLS ST & S TAN CT,3000.0,0.002515,41.855769018575,-87.633120989256,841100,1,170318411001
11,Miscellaneous CDOT Projects (2023),1032 W 32ND PL,660.0,0.000553,41.836365499458,-87.652414621623,600900,2,170316009002
11,Miscellaneous CDOT Projects (2023),1059 W 32ND PL,660.0,0.000553,41.835885300225,-87.653361357587,600900,2,170316009002
11,Pavement Markings Menu (2023),799-960 E 31st St,8000.0,0.006706,41.838531067274,-87.60873461883,351000,1,170313510001
11,Pavement Markings Menu (2023),W FULLER ST & S LOCK ST,500.0,0.000419,41.842568191626,-87.663451576449,600700,2,170316007002
11,Pedestrian Refuge Island Menu (2023),S ARCHER AVE & S ARCH ST,75000.0,0.06287,41.840954004713,-87.659439997589,600700,2,170316007002
11,Sidewalk Menu (2023),1101-1109 W 34TH PL,38699.21,0.03244,41.83129675306,-87.654008272874,839700,1,170318397001
11,Sidewalk Menu (2023),2630 S WALLACE ST,11057.72,0.009269,41.844482031578,-87.641836492178,600400,1,170316004001
11,Sidewalk Menu (2023),2940 S EMERALD AVE,3132.65,0.002626,41.840471039452,-87.645379019736,600400,3,170316004003
11,Sidewalk Menu (2023),3019 S UNION AVE,3432.44,0.002877,41.839278252721,-87.643607755957,600400,2,170316004002
11,Sidewalk Menu (2023),3250 S RACINE AVE,2303.56,0.001931,41.834596331154,-87.65622654355,839700,1,170318397001
11,Sidewalk Menu (2023),3311 S RACINE AVE,505.45,0.000424,41.833906626251,-87.65563788249,839700,1,170318397001
11,Sidewalk Menu (2023),3725 S LOWE AVE,2173.69,0.001822,41.826381814585,-87.642095241529,839900,4,170318399004
11,Sidewalk Menu (2023),3756-3766 S SANGAMON ST,2520.61,0.002113,41.825704347261,-87.649534851149,839900,2,170318399002
11,Sidewalk Menu (2023),650 W 43RD PL,2868.9,0.002405,41.815535673786,-87.642865538431,842600,3,170318426003
11,Street Light Pole for High Definition Camera Menu (2023),W 24TH ST & S PRINCETON AVE,3500.0,0.002934,41.849148991447,-87.634708018803,841100,2,170318411002
11,Street Light Upgrade Menu (2023),3152 S UNION AVE,500.0,0.000419,41.836522031499,-87.644087536095,839800,1,170318398001
11,Street Light Upgrade Menu (2023),3153 S LOWE AVE,500.0,0.000419,41.836519894114,-87.642320547086,839800,2,170318398002
11,Street Light Upgrade Menu (2023),3422 S WOOD ST,500.0,0.000419,41.831490291204,-87.670906357314,840400,2,170318404002
11,Street Light Upgrade Menu (2023),3443 S WALLACE ST,500.0,0.000419,41.831368795518,-87.640978017655,840000,1,170318400001
11,Street Light Upgrade Menu (2023),935 W 35TH PL,500.0,0.000419,41.829488944183,-87.649056244478,839900,2,170318399002
11,Street Resurfacing Menu (2023),3600-3700 S Emerald Ave,72659.04,0.060908,41.827003877529,-87.645055981188,839900,4,170318399004
11,Street Resurfacing Menu (2023),2044-2100 S Grove St,43129.11,0.036154,41.853748225539,-87.638978347014,841100,1,170318411001
11,Street Resurfacing Menu (2023),2930-3100 S Haynes Ct,126216.28,0.105803,41.84049819585,-87.65798757376,600700,1,170316007001
11,Street Resurfacing Menu (2023),3400-3500 S Union Ave,71041.96,0.059552,41.830667942684,-87.644002543597,839900,1,170318399001
11,Street Resurfacing Menu (2023),135-120 W 19th St,10422.62,0.008737,41.856661784781,-87.630275300781,841100,1,170318411001
11,Street Resurfacing Menu (2023),1800-1830 W 33rd St,18560.9,0.015559,41.834248985087,-87.670649032886,840400,1,170318404001
11,Street Resurfacing Menu (2023),1350-1400 W Fuller St,44853.97,0.0376,41.842526072563,-87.661216793424,600700,2,170316007002
11,Street Speed Hump Menu (2023),2930-3100 S Farrell St,9760.0,0.008182,41.840354991487,-87.652785312375,600600,1,170316006001
11,Street Speed Hump Menu (2023),2600-3000 S Lowe Ave,14640.0,0.012272,41.83976478029,-87.642978526486,600400,2,170316004002
11,,S POPLAR AVE & W 31ST ST,17622.04,0.014772,41.838058979175,-87.647324040368,840200,1,170318402001
11,,W 30TH ST & S HALSTED ST,17622.04,0.014772,41.839881288744,-87.646321816205,600400,2,170316004002
11,,S RACINE AVE & W 32ND PL,27653.62,0.023181,41.83518101081,-87.655930997644,839700,1,170318397001
11,,S MAY ST & W 32ND PL,27653.62,0.023181,41.835204983053,-87.654716040778,839700,1,170318397001
11,,S POPLAR AVE & W 31ST ST,0.0,0.0,41.838058979175,-87.647324040368,840200,1,170318402001
11,,W 30TH ST & S HALSTED ST,0.0,0.0,41.839881288744,-87.646321816205,600400,2,170316004002
11,,S RACINE AVE & W 32ND PL,0.0,0.0,41.83518101081,-87.655930997644,839700,1,170318397001
11,,S MAY ST & W 32ND PL,0.0,0.0,41.835204983053,-87.654716040778,839700,1,170318397001
12,Alley Resurfacing Menu (2023),S WINCHESTER AVE & W 35TH ST & W 36TH ST & S WOLCOTT AVE,47658.2,0.032905,41.83041547976,-87.674068514106,840400,2,170318404002
12,Alley Resurfacing Menu (2023),W 35TH ST & S WOLCOTT AVE & S HONORE ST & W 36TH ST,48090.81,0.033203,41.830425496134,-87.67285623945,840400,2,170318404002
12,Alley Speed Hump Replacement (2023),S WINCHESTER AVE & W 35TH ST & W 36TH ST & S WOLCOTT AVE,0.0,0.0,41.83041547976,-87.674068514106,840400,2,170318404002
12,Alley Speed Hump Replacement (2023),W 35TH ST & S WOLCOTT AVE & S HONORE ST & W 36TH ST,0.0,0.0,41.830425496134,-87.67285623945,840400,2,170318404002
12,Concrete Alley Menu (2023),S ARCHER AVE & S BLAKE ST,131500.0,0.090792,41.828076006765,-87.681588003264,590500,1,170315905001
12,Concrete Alley Menu (2023),S SEELEY AVE & W 33RD ST & W 34TH ST & S DAMEN AVE,141000.0,0.097351,41.83403398927,-87.676622060908,840300,2,170318403002
12,Sidewalk Menu (2023),2801-2825 W 31ST ST,1637.17,0.00113,41.836815942934,-87.696562524744,843500,1,170318435001
12,Sidewalk Menu (2023),3100-3130 S CALIFORNIA AVE,75263.14,0.051964,41.83736600533,-87.695157969229,843500,1,170318435001
12,Sidewalk Menu (2023),3100-3136 W 31ST ST,29466.1,0.020344,41.833971753639,-87.700354581559,843500,1,170318435001
12,Speed Indicator Signs (2023),S DAMEN AVE & W 33RD ST,20755.0,0.01433,41.834054105838,-87.675398386864,840300,2,170318403002
12,Street Light Upgrade Menu (2023),3840 S WASHTENAW AVE,250.0,0.000173,41.823374471545,-87.692417170709,580100,2,170315801002
12,Street Light Upgrade Menu (2023),2100-2300 S Marshall Blvd,39401.68,0.027204,41.84991664805,-87.69964463436,301100,1,170313011001
12,Street Light Upgrade Menu (2023),S WOLCOTT AVE & W 38TH ST & W PERSHING RD & S WINCHESTER AVE,250.0,0.000173,41.823226405225,-87.673899199662,590600,3,170315906003
12,Street Light Upgrade Menu (2023),W 40TH ST & S ROCKWELL ST & S MAPLEWOOD AVE & W 42ND ST,250.0,0.000173,41.824143008247,-87.68974300832,580100,2,170315801002
12,Street Resurfacing Menu (2023),3644-3600 S Artesian Ave,416.07,0.000287,41.827069801198,-87.68653131448,840300,1,170318403001
12,Street Resurfacing Menu (2023),3800-3900 S Artesian Ave,74850.59,0.051679,41.822838993661,-87.686221016425,580700,2,170315807002
12,Street Resurfacing Menu (2023),4300-4500 S Christiana Ave,109096.63,0.075324,41.815267871979,-87.708178836716,580400,1,170315804001
12,Street Resurfacing Menu (2023),4600-4700 S Homan Ave,59708.45,0.041225,41.809752747328,-87.708953743665,580400,3,170315804003
12,Street Resurfacing Menu (2023),4200-4400 S Maplewood Ave,107565.25,0.074267,41.813692158001,-87.688570547704,580700,1,170315807001
12,Street Resurfacing Menu (2023),4306-4400 S Mozart St,61216.9,0.042266,41.813590778882,-87.695862803467,580502,2,170315805022
12,Street Resurfacing Menu (2023),4500-4700 S Talman Ave,113061.8,0.078062,41.81186741768,-87.690996941035,842800,1,170318428001
12,Street Resurfacing Menu (2023),3800-3920 S Winchester Ave,57601.7,0.03977,41.824804843322,-87.674186196026,590600,3,170315906003
12,Street Resurfacing Menu (2023),2800-2900 W 39th Pl,56076.58,0.038717,41.822026284329,-87.697274902695,580501,4,170315805014
12,Street Speed Hump Replacement (2023),3800-3900 S Artesian Ave,0.0,0.0,41.822838993661,-87.686221016425,580700,2,170315807002
12,Street Speed Hump Replacement (2023),4300-4500 S Christiana Ave,0.0,0.0,41.815267871979,-87.708178836716,580400,1,170315804001
12,Street Speed Hump Replacement (2023),4600-4700 S Homan Ave,0.0,0.0,41.809752747328,-87.708953743665,580400,3,170315804003
12,Street Speed Hump Replacement (2023),4306-4400 S Mozart St,0.0,0.0,41.813590778882,-87.695862803467,580502,2,170315805022
12,Street Speed Hump Replacement (2023),4500-4700 S Talman Ave,0.0,0.0,41.81186741768,-87.690996941035,842800,1,170318428001
12,Street Speed Hump Replacement (2023),3800-3920 S Winchester Ave,0.0,0.0,41.824804843322,-87.674186196026,590600,3,170315906003
12,,W 37TH ST & S ARCHER AVE,131500.0,0.090792,41.831838098276,-87.675339713541,840300,2,170318403002
12,,3345-3349 S SEELEY AVE,141000.0,0.097351,41.832587566149,-87.676282677649,840300,2,170318403002
12,,S WASHTENAW AVE & W 38TH PL & W PERSHING RD & S CALIFORNIA AVE,250.0,0.000173,41.822822020307,-87.694640973441,580200,2,170315802002
12,,3840 S WOLCOTT AVE,250.0,0.000173,41.823750274174,-87.67294533908,590600,3,170315906003
12,,4135 S ROCKWELL ST,250.0,0.000173,41.818230916661,-87.689333887626,580700,2,170315807002
13,Alley Apron Menu (2023),5554 S NOTTINGHAM AVE,13923.22,0.009285,41.790386569589,-87.799233378749,561000,6,170315610006
13,Alley Apron Menu (2023),5658 S MOODY AVE,860.22,0.000574,41.788933105668,-87.775860944658,561100,5,170315611005
13,Alley Apron Menu (2023),5659 S MEADE AVE,17367.45,0.011582,41.788956533088,-87.774106193229,561100,4,170315611004
13,Alley Apron Menu (2023),5758 W 63RD PL,22803.04,0.015207,41.777315075406,-87.766412025209,640600,1,170316406001
13,Alley Apron Menu (2023),5801 S MELVINA AVE,25844.37,0.017235,41.786792493326,-87.77644340311,561100,5,170315611005
13,Alley Apron Menu (2023),5848 S MASON AVE,11651.8,0.00777,41.785630929184,-87.770852338416,561100,4,170315611004
13,Alley Apron Menu (2023),6058 S PARKSIDE AVE,19520.96,0.013018,41.781834052774,-87.763391438761,640300,1,170316403001
13,Alley Apron Menu (2023),6100 S KILBOURN AVE,25278.01,0.016858,41.782044648091,-87.735344501089,650200,6,170316502006
13,Alley Apron Menu (2023),6234 W 59TH ST,10913.36,0.007278,41.785297832352,-87.778064127908,561100,6,170315611006
13,Alley Apron Menu (2023),6244 S NASHVILLE AVE,14031.96,0.009358,41.778119444744,-87.786669324984,640400,2,170316404002
13,Alley Apron Menu (2023),6258 W 63RD PL,17588.37,0.011729,41.777083190054,-87.778623033212,640600,3,170316406003
13,Alley Apron Menu (2023),6401 S KARLOV AVE,16070.84,0.010717,41.776692467638,-87.724867205939,650301,3,170316503013
13,Alley Apron Menu (2023),6401 S KOLIN AVE,12726.91,0.008487,41.776620760456,-87.730892788493,650301,1,170316503011
13,Alley Apron Menu (2023),6706 W 63RD ST,34938.46,0.0233,41.777795400367,-87.788988765231,640400,2,170316404002
13,Alley Apron Menu (2023),6742 W 64TH ST,18672.18,0.012452,41.775930678368,-87.79024923583,640500,1,170316405001
13,Alley Apron Menu (2023),7001 W 63RD PL,12622.79,0.008418,41.776316874556,-87.796103576103,640500,2,170316405002
13,Alley Speed Hump Menu (2023),6314 S LA CROSSE AVE,725.0,0.000483,41.777904113651,-87.743784323215,640700,1,170316407001
13,Alley Speed Hump Menu (2023),6325 S KILBOURN AVE,1087.5,0.000725,41.777760866926,-87.734674451749,650301,1,170316503011
13,Alley Speed Hump Menu (2023),W 63RD ST & S KOLIN AVE & S KILDARE AVE & W 62ND ST,1343.94,0.000896,41.741576987198,-87.730180326724,700302,4,170317003024
13,Bollard Menu (2023),5526 S PARKSIDE AVE,2850.17,0.001901,41.791875614688,-87.763775832841,561100,1,170315611001
13,Bollard Menu (2023),5914 S RUTHERFORD AVE,2217.22,0.001479,41.784363585424,-87.790361218057,640400,2,170316404002
13,Bollard Menu (2023),5914 S TRIPP AVE,1418.66,0.000946,41.785360528988,-87.729345489167,650200,4,170316502004
13,Bollard Menu (2023),5915 S MOODY AVE,1409.65,0.00094,41.7846409426,-87.775142196461,640300,6,170316403006
13,Bollard Menu (2023),5915 S NORMANDY AVE,2217.22,0.001479,41.784387934853,-87.788553744456,640400,2,170316404002
13,Bollard Menu (2023),6243 S KEELER AVE,685.63,0.000457,41.779151424663,-87.727368282027,650200,2,170316502002
13,Concrete Alley Menu (2023),5725 S MCVICKER AVE,73943.39,0.049312,41.788068260899,-87.772848907752,561100,4,170315611004
13,Concrete Alley Menu (2023),5758 S MOODY AVE,6474.22,0.004318,41.787106688967,-87.775797828928,561100,5,170315611005
13,Concrete Alley Menu (2023),5917-5925 W 59TH ST,40369.98,0.026922,41.785028228436,-87.770384795857,640300,4,170316403004
13,Concrete Alley Menu (2023),6022 S MAYFIELD AVE,14663.75,0.009779,41.782710757937,-87.769515927774,640300,4,170316403004
13,Concrete Alley Menu (2023),6132 W 60TH ST,8507.03,0.005673,41.783314635298,-87.775416361335,640300,6,170316403006
13,Concrete Alley Menu (2023),6218 S NATOMA AVE,1315.39,0.000877,41.778785177404,-87.787701807817,640400,2,170316404002
13,Concrete Alley Menu (2023),7136 W 64TH PL,50702.76,0.033813,41.774872840277,-87.799858752545,640500,2,170316405002
13,Concrete Alley Menu (2023),S KOLMAR AVE & W 55TH ST & W 56TH ST & S KOLMAR AVE,19693.91,0.013134,41.793093798586,-87.736638918396,620200,2,170316202002
13,Curb & Gutter Menu (2023),5527 S MULLIGAN AVE,2866.06,0.001911,41.791571100145,-87.780295474352,561100,6,170315611006
13,Curb & Gutter Menu (2023),5529 S KILDARE AVE,4906.09,0.003272,41.792221074827,-87.730001959824,620300,3,170316203003
13,Curb & Gutter Menu (2023),5554 S NEVA AVE,4365.27,0.002911,41.790390089988,-87.800474738609,561000,6,170315610006
13,Curb & Gutter Menu (2023),5615 S MASON AVE,5020.75,0.003348,41.790217548511,-87.77049183276,561100,3,170315611003
13,Curb & Gutter Menu (2023),5633 S NORMANDY AVE,14260.67,0.00951,41.789498087852,-87.788759771636,561000,3,170315610003
13,Curb & Gutter Menu (2023),5649 S NAGLE AVE,955.84,0.000637,41.789095630771,-87.782627571273,561000,1,170315610001
13,Curb & Gutter Menu (2023),5707 S MASON AVE,3998.98,0.002667,41.788644642471,-87.770410947395,561100,2,170315611002
13,Curb & Gutter Menu (2023),5716 S KOLMAR AVE,910.03,0.000607,41.788905529207,-87.736807981383,620300,6,170316203006
13,Curb & Gutter Menu (2023),5724 S NAGLE AVE,1449.5,0.000967,41.787865167385,-87.783147836003,561000,1,170315610001
13,Curb & Gutter Menu (2023),5742 S NORMANDY AVE,4638.8,0.003094,41.787303076958,-87.789216836816,561000,3,170315610003
13,Curb & Gutter Menu (2023),5750 S KENNETH AVE,2279.6,0.00152,41.787945005013,-87.734286788727,620300,6,170316203006
13,Curb & Gutter Menu (2023),5811 S AUSTIN AVE,3604.56,0.002404,41.786663579655,-87.771578965602,561100,4,170315611004
13,Curb & Gutter Menu (2023),5849 S NASHVILLE AVE,5598.98,0.003734,41.785316733543,-87.786149060254,561000,2,170315610002
13,Curb & Gutter Menu (2023),5859 S NATOMA AVE,7875.34,0.005252,41.785053583693,-87.787365861138,561000,2,170315610002
13,Curb & Gutter Menu (2023),5905 S NEWCASTLE AVE,5521.69,0.003682,41.78459069309,-87.7922481521,640400,2,170316404002
13,Curb & Gutter Menu (2023),5919 S KILBOURN AVE,5173.65,0.00345,41.78522788537,-87.734887603547,650200,5,170316502005
13,Curb & Gutter Menu (2023),6012 S MERRIMAC AVE,3668.13,0.002446,41.782767545331,-87.778053901986,640300,3,170316403003
13,Curb & Gutter Menu (2023),6047 S NATOMA AVE,6279.64,0.004188,41.781725171852,-87.787249101227,640400,2,170316404002
13,Curb & Gutter Menu (2023),6058 S MASON AVE,11576.48,0.00772,41.781696170467,-87.770697776121,640300,4,170316403004
13,Curb & Gutter Menu (2023),6153 S NARRAGANSETT AVE,2424.02,0.001617,41.779817576418,-87.781061496484,640300,3,170316403003
13,Curb & Gutter Menu (2023),6243 S KOLMAR AVE,6269.41,0.004181,41.779052434386,-87.735926875722,650200,6,170316502006
13,Curb & Gutter Menu (2023),6452 S LA CROSSE AVE,2825.31,0.001884,41.775054266572,-87.743685668215,640700,1,170316407001
13,Curb & Gutter Menu (2023),6617-6619 W 59TH ST,4683.33,0.003123,41.784717176009,-87.787256812578,640400,2,170316404002
13,Floodlight Menu (2023),5701 S SAYRE AVE,950.0,0.000634,41.788327303616,-87.796040963287,561000,5,170315610005
13,Floodlight Menu (2023),5923 S NASHVILLE AVE,950.0,0.000634,41.784236892957,-87.786072868754,640400,1,170316404001
13,Miscellaneous CDOT Projects (2023),5501 S MERRIMAC AVE,247.78,0.000165,41.791917064751,-87.778053438747,561100,5,170315611005
13,Miscellaneous CDOT Projects (2023),5601 S MEADE AVE,660.0,0.00044,41.790474831029,-87.774110132723,561100,4,170315611004
13,Miscellaneous CDOT Projects (2023),5958 W 63RD PL,660.0,0.00044,41.777157435957,-87.771005347322,640600,2,170316406002
13,Pavement Markings Menu (2023),6000-6360 W 55th St,19000.0,0.012671,41.792755337336,-87.772251613332,560800,3,170315608003
13,Pavement Markings Menu (2023),6000-6300 W 55th St,8400.0,0.005602,41.792755337336,-87.772251613332,560800,3,170315608003
13,Sidewalk Menu (2023),4067 W 58TH ST,1105.47,0.000737,41.787580098858,-87.72528957004,620300,2,170316203002
13,Sidewalk Menu (2023),4200 W 62ND ST,3044.81,0.002031,41.780451537055,-87.727774866169,650200,2,170316502002
13,Sidewalk Menu (2023),4500 W 64TH PL,6723.77,0.004484,41.776010180719,-87.735083237167,650301,2,170316503012
13,Sidewalk Menu (2023),4509 W 66TH PL,7513.18,0.00501,41.771940473361,-87.735264034819,650301,2,170316503012
13,Sidewalk Menu (2023),4543 W 65TH PL,5975.54,0.003985,41.773708091012,-87.7365468851,650301,2,170316503012
13,Sidewalk Menu (2023),4559 W 64TH ST,3484.95,0.002324,41.776470137656,-87.73710604186,650301,2,170316503012
13,Sidewalk Menu (2023),5153 W 64TH ST,4286.89,0.002859,41.77584736225,-87.751254191506,640700,2,170316407002
13,Sidewalk Menu (2023),5253 W 64TH PL,3717.86,0.002479,41.775044459745,-87.753870937859,640700,3,170316407003
13,Sidewalk Menu (2023),5520 S KOLMAR AVE,2302.3,0.001535,41.792411721215,-87.736885849264,620300,6,170316203006
13,Sidewalk Menu (2023),5524 S KENNETH AVE,2142.38,0.001429,41.792355772011,-87.734414528932,620300,6,170316203006
13,Sidewalk Menu (2023),5525 S AUSTIN AVE,2886.16,0.001925,41.791781444006,-87.771756829588,561100,4,170315611004
13,Sidewalk Menu (2023),5526 S NEWLAND AVE,2122.58,0.001416,41.791224801816,-87.795529331917,561000,5,170315610005
13,Sidewalk Menu (2023),5537 S PARKSIDE AVE,5693.48,0.003797,41.791656679377,-87.763222459593,561100,1,170315611001
13,Sidewalk Menu (2023),5539 S MONITOR AVE,3468.67,0.002313,41.791423872016,-87.768090166044,561100,3,170315611003
13,Sidewalk Menu (2023),5540 S NORDICA AVE,420.13,0.00028,41.79077427452,-87.797961844037,561000,6,170315610006
13,Sidewalk Menu (2023),5547 S MOODY AVE,2849.31,0.0019,41.791113364413,-87.77538208653,561100,5,170315611005
13,Sidewalk Menu (2023),5551 S MOBILE AVE,4297.45,0.002866,41.790882023885,-87.779031231896,561100,6,170315611006
13,Sidewalk Menu (2023),5554 S MAYFIELD AVE,4124.86,0.002751,41.790976404115,-87.769866123688,561100,3,170315611003
13,Sidewalk Menu (2023),5558 S KEDVALE AVE,13203.87,0.008806,41.791495076284,-87.727064438037,620300,1,170316203001
13,Sidewalk Menu (2023),5600 S MASSASOIT AVE,5130.03,0.003421,41.79071019487,-87.766158137362,561100,3,170315611003
13,Sidewalk Menu (2023),5600 S NATCHEZ AVE,6567.9,0.00438,41.790328063904,-87.784476451475,561000,1,170315610001
13,Sidewalk Menu (2023),5601 S KILDARE AVE,10576.85,0.007054,41.791206487357,-87.730198934549,620300,3,170316203003
13,Sidewalk Menu (2023),5601 S NATOMA AVE,21519.57,0.014351,41.790282466351,-87.787572642689,561000,2,170315610002
13,Sidewalk Menu (2023),5601 S NEWLAND AVE,11547.77,0.007701,41.790175303719,-87.79488241663,561000,5,170315610005
13,Sidewalk Menu (2023),5604 S KOLIN AVE,1869.57,0.001247,41.791093415483,-87.731987465048,620300,4,170316203004
13,Sidewalk Menu (2023),5608 S NASHVILLE AVE,6091.48,0.004062,41.790087293736,-87.786925308307,561000,2,170315610002
13,Sidewalk Menu (2023),5611 S MENARD AVE,4067.74,0.002713,41.790394113301,-87.766841513927,561100,3,170315611003
13,Sidewalk Menu (2023),5612 S MEADE AVE,2883.58,0.001923,41.790197809129,-87.774683538719,561100,5,170315611005
13,Sidewalk Menu (2023),5616 S NORDICA AVE,4523.4,0.003017,41.789663043707,-87.797898309211,561000,6,170315610006
13,Sidewalk Menu (2023),5617 S AUSTIN AVE,1139.74,0.00076,41.790169562115,-87.771695725513,561100,4,170315611004
13,Sidewalk Menu (2023),5619 S NEWCASTLE AVE,2506.64,0.001672,41.789722597129,-87.792441774063,561000,4,170315610004
13,Sidewalk Menu (2023),5631 S NEW ENGLAND AVE,6208.06,0.00414,41.789423027909,-87.793648013749,561000,4,170315610004
13,Sidewalk Menu (2023),5643 S NEW ENGLAND AVE,7122.93,0.00475,41.789084692387,-87.793623370954,561000,4,170315610004
13,Sidewalk Menu (2023),5645 S MCVICKER AVE,11033.72,0.007358,41.789399810037,-87.772903725399,561100,4,170315611004
13,Sidewalk Menu (2023),5645 S MOODY AVE,2917.85,0.001946,41.789276135056,-87.775322742656,561100,5,170315611005
13,Sidewalk Menu (2023),5652 S RUTHERFORD AVE,3497.38,0.002332,41.788839689358,-87.790481749824,561000,3,170315610003
13,Sidewalk Menu (2023),5653 S OAK PARK AVE,5040.57,0.003362,41.788788266382,-87.791212819419,561000,3,170315610003
13,Sidewalk Menu (2023),5659 S MELVINA AVE,3191.98,0.002129,41.788919694623,-87.776534514398,561100,5,170315611005
13,Sidewalk Menu (2023),5708 S SAYRE AVE,9214.61,0.006145,41.788095208718,-87.796588720659,561000,5,170315610005
13,Sidewalk Menu (2023),5720 S MEADE AVE,3831.03,0.002555,41.78811926478,-87.774579770758,561100,5,170315611005
13,Sidewalk Menu (2023),5723 S MASSASOIT AVE,944.3,0.00063,41.788296122937,-87.765523962567,561100,1,170315611001
13,Sidewalk Menu (2023),5724 S MERRIMAC AVE,1722.96,0.001149,41.787961140176,-87.778265545041,561100,6,170315611006
13,Sidewalk Menu (2023),5725 S NEWCASTLE AVE,3954.78,0.002637,41.787732356129,-87.792361475431,561000,4,170315610004
13,Sidewalk Menu (2023),5729 S NEWCASTLE AVE,2575.17,0.001717,41.787606627581,-87.792369270601,561000,4,170315610004
13,Sidewalk Menu (2023),5729 S RUTHERFORD AVE,4279.05,0.002854,41.78764480715,-87.789929047129,561000,3,170315610003
13,Sidewalk Menu (2023),5747 S AUSTIN AVE,2202.08,0.001469,41.787523311464,-87.771581396354,561100,4,170315611004
13,Sidewalk Menu (2023),5748-5752 S CENTRAL AVE,6305.6,0.004205,41.787497537112,-87.762409498804,561100,1,170315611001
13,Sidewalk Menu (2023),5755 S MAYFIELD AVE,4078.02,0.00272,41.78732713302,-87.769154248652,561100,2,170315611002
13,Sidewalk Menu (2023),5808 S NORDICA AVE,750.34,0.0005,41.786239748721,-87.797771910111,561000,6,170315610006
13,Sidewalk Menu (2023),5812 S MCVICKER AVE,2940.69,0.001961,41.786546735925,-87.773341344564,561100,4,170315611004
13,Sidewalk Menu (2023),5812 S OAK PARK AVE,2673.41,0.001783,41.786217788135,-87.791640547938,561000,4,170315610004
13,Sidewalk Menu (2023),5812 W 64TH PL,3054.97,0.002037,41.775418041169,-87.767130270492,640600,2,170316406002
13,Sidewalk Menu (2023),5815-5817 S NORMANDY AVE,3580.61,0.002388,41.786198886943,-87.788648962876,561000,3,170315610003
13,Sidewalk Menu (2023),5818 S MERRIMAC AVE,1125.79,0.000751,41.786205550556,-87.778303263606,561100,6,170315611006
13,Sidewalk Menu (2023),5820 W 59TH ST,3161.62,0.002108,41.785501847875,-87.767843318995,561100,2,170315611002
13,Sidewalk Menu (2023),5822 S MCVICKER AVE,3286.01,0.002191,41.786301229981,-87.773327262967,561100,4,170315611004
13,Sidewalk Menu (2023),5824 S RUTHERFORD AVE,8599.86,0.005735,41.785959541698,-87.790405809782,561000,3,170315610003
13,Sidewalk Menu (2023),5849 W 64TH ST,5773.74,0.00385,41.775915297575,-87.768468189877,640600,2,170316406002
13,Sidewalk Menu (2023),5854 W 64TH ST,3215.2,0.002144,41.776314988628,-87.768704140451,640600,2,170316406002
13,Sidewalk Menu (2023),5901 W 55TH ST,18553.33,0.012373,41.792402710669,-87.769792111483,561100,3,170315611003
13,Sidewalk Menu (2023),5914 S NASHVILLE AVE,3826.71,0.002552,41.784420498546,-87.786693381046,640400,2,170316404002
13,Sidewalk Menu (2023),5914 S NATOMA AVE,949.77,0.000633,41.78440029816,-87.787913115596,640400,2,170316404002
13,Sidewalk Menu (2023),5922 S NARRAGANSETT AVE,2959.62,0.001974,41.784307007577,-87.781808407876,640400,1,170316404001
13,Sidewalk Menu (2023),5923 S MOODY AVE,2963.53,0.001976,41.784393131633,-87.775139598071,640300,6,170316403006
13,Sidewalk Menu (2023),5923 W 59TH ST,5721.47,0.003816,41.785034221497,-87.770277507496,640300,4,170316403004
13,Sidewalk Menu (2023),5926 S NARRAGANSETT AVE,3179.92,0.002121,41.784184464153,-87.781801367077,640400,1,170316404001
13,Sidewalk Menu (2023),5949 S KILDARE AVE,3343.06,0.002229,41.784446063351,-87.72996683965,650200,4,170316502004
13,Sidewalk Menu (2023),5959 S OAK PARK AVE,10706.0,0.00714,41.78319435184,-87.791019784189,640400,2,170316404002
13,Sidewalk Menu (2023),6001 S MCVICKER AVE,8890.82,0.005929,41.783219246093,-87.77264221002,640300,4,170316403004
13,Sidewalk Menu (2023),6005 S NAGLE AVE,752.64,0.000502,41.7829277235,-87.782429423082,640400,1,170316404001
13,Sidewalk Menu (2023),6011 S MOBILE AVE,3087.92,0.002059,41.782855597224,-87.778729483382,640300,3,170316403003
13,Sidewalk Menu (2023),6039 S KEATING AVE,3708.22,0.002473,41.782811466503,-87.740975798918,640100,1,170316401001
13,Sidewalk Menu (2023),6041 S NORMANDY AVE,522.93,0.000349,41.78184909829,-87.7884720209,640400,2,170316404002
13,Sidewalk Menu (2023),6047 S KEATING AVE,1811.13,0.001208,41.782543832335,-87.740911258264,640100,1,170316401001
13,Sidewalk Menu (2023),6053 S MENARD AVE,3510.55,0.002341,41.781939874302,-87.766526522006,640300,4,170316403004
13,Sidewalk Menu (2023),6056 S RUTHERFORD AVE,4678.51,0.00312,41.781416005353,-87.790231885291,640400,2,170316404002
13,Sidewalk Menu (2023),6058 S TRIPP AVE,5130.36,0.003421,41.782361442122,-87.729242810853,650200,4,170316502004
13,Sidewalk Menu (2023),6059 S MAJOR AVE,5358.47,0.003574,41.781796920943,-87.764026535565,640300,1,170316403001
13,Sidewalk Menu (2023),6100 S KILPATRICK AVE,5112.25,0.003409,41.781986268136,-87.740258056549,640100,1,170316401001
13,Sidewalk Menu (2023),6101 S KOSTNER AVE,4029.24,0.002687,41.782073817114,-87.73235693934,650200,3,170316502003
13,Sidewalk Menu (2023),6105 S MAYFIELD AVE,3009.22,0.002007,41.781370659257,-87.768906647232,640300,2,170316403002
13,Sidewalk Menu (2023),6110-6112 S MONITOR AVE,2402.43,0.001602,41.781137265163,-87.768244979795,640300,2,170316403002
13,Sidewalk Menu (2023),6118 S MASSASOIT AVE,3317.63,0.002212,41.781019080328,-87.765781370814,640300,2,170316403002
13,Sidewalk Menu (2023),6123 S MONITOR AVE,5944.2,0.003964,41.780900979313,-87.767653468888,640300,2,170316403002
13,Sidewalk Menu (2023),6137 S NAGLE AVE,1583.95,0.001056,41.780205365168,-87.782318698141,640400,1,170316404001
13,Sidewalk Menu (2023),6139 S KEELER AVE,3732.8,0.002489,41.781058559092,-87.727439444385,650200,2,170316502002
13,Sidewalk Menu (2023),6141 S TRIPP AVE,7788.58,0.005194,41.781044561314,-87.728658424564,650200,2,170316502002
13,Sidewalk Menu (2023),6143 S NATCHEZ AVE,1448.14,0.000966,41.780064758742,-87.783543964747,640400,1,170316404001
13,Sidewalk Menu (2023),6158 S MENARD AVE,13351.82,0.008904,41.779940664666,-87.767034297701,640300,2,170316403002
13,Sidewalk Menu (2023),6201 S TRIPP AVE,7241.99,0.00483,41.780285538072,-87.728627495341,650200,2,170316502002
13,Sidewalk Menu (2023),6204 S KILPATRICK AVE,4644.47,0.003097,41.780084330486,-87.74017574626,640100,1,170316401001
13,Sidewalk Menu (2023),6205 S NAGLE AVE,2620.86,0.001748,41.779272710802,-87.78229195987,640400,1,170316404001
13,Sidewalk Menu (2023),6210 S PARKSIDE AVE,3562.3,0.002376,41.779456442119,-87.763257831225,640300,1,170316403001
13,Sidewalk Menu (2023),6211 S MASSASOIT AVE,3156.45,0.002105,41.779425890082,-87.765149459133,640300,2,170316403002
13,Sidewalk Menu (2023),6224 S KEATING AVE,2540.91,0.001695,41.779527646387,-87.741374274595,640100,1,170316401001
13,Sidewalk Menu (2023),6235 S KILBOURN AVE,2804.94,0.001871,41.779290312798,-87.734508909161,650200,6,170316502006
13,Sidewalk Menu (2023),6255 W 63RD PL,1297.13,0.000865,41.776601859264,-87.778500070692,640600,3,170316406003
13,Sidewalk Menu (2023),6317 W 63RD PL,2095.43,0.001397,41.776568918385,-87.779501540484,640600,3,170316406003
13,Sidewalk Menu (2023),6332 S KENNETH AVE,4248.19,0.002833,41.77755186417,-87.733973640825,650301,1,170316503011
13,Sidewalk Menu (2023),6342 S KNOX AVE,2232.5,0.001489,41.777224928037,-87.738856769977,640800,1,170316408001
13,Sidewalk Menu (2023),6343 S KEATING AVE,1175.6,0.000784,41.777198231675,-87.740744039296,640800,1,170316408001
13,Sidewalk Menu (2023),6346 S KOMENSKY AVE,2643.71,0.001763,41.777314153396,-87.724441489076,650301,3,170316503013
13,Sidewalk Menu (2023),6351 S KARLOV AVE,3867.23,0.002579,41.777133565292,-87.724885729945,650301,3,170316503013
13,Sidewalk Menu (2023),6400 S OAK PARK AVE,16617.09,0.011082,41.775577213511,-87.791240814976,640500,2,170316405002
13,Sidewalk Menu (2023),6411 S KARLOV AVE,1424.68,0.00095,41.776435101301,-87.724884556478,650301,3,170316503013
13,Sidewalk Menu (2023),6436-6440 S LAMON AVE,4581.75,0.003056,41.775363265432,-87.744909928993,640700,1,170316407001
13,Sidewalk Menu (2023),6457 S KOSTNER AVE,11322.68,0.007551,41.775040101155,-87.732147978494,650301,1,170316503011
13,Sidewalk Menu (2023),6507 S KOMENSKY AVE,3261.3,0.002175,41.774712620198,-87.723608495539,650301,3,170316503013
13,Sidewalk Menu (2023),6527 S KILPATRICK AVE,4317.86,0.00288,41.774002295814,-87.739464877052,640800,2,170316408002
13,Sidewalk Menu (2023),6534 W 63RD ST,9830.08,0.006556,41.777850804747,-87.785127306257,640400,1,170316404001
13,Sidewalk Menu (2023),6536 S KARLOV AVE,2115.12,0.001411,41.773867137625,-87.725354362151,650301,4,170316503014
13,Sidewalk Menu (2023),6539 S KEELER AVE,547.1,0.000365,41.773764752678,-87.727260909848,650301,4,170316503014
13,Sidewalk Menu (2023),6554 S KNOX AVE,2740.52,0.001828,41.773257018893,-87.738768340898,640800,2,170316408002
13,Sidewalk Menu (2023),6642 S KOMENSKY AVE,4159.12,0.002774,41.771897348469,-87.724053826055,650301,4,170316503014
13,Sidewalk Menu (2023),6647 S KEELER AVE,1105.47,0.000737,41.771760974904,-87.727219000332,650301,4,170316503014
13,Sidewalk Menu (2023),6712 W 63RD PL,2119.6,0.001414,41.776921335504,-87.78918967945,640500,1,170316405001
13,Sidewalk Menu (2023),6725 W 64TH ST,2518.69,0.00168,41.775531154953,-87.78957315152,640500,1,170316405001
13,Sidewalk Menu (2023),6823 W 64TH ST,3670.8,0.002448,41.77550018382,-87.791931986712,640500,2,170316405002
13,Sidewalk Menu (2023),6835 W ARCHER AVE,6079.96,0.004055,41.791964337133,-87.792977293857,561000,4,170315610004
13,Sidewalk Menu (2023),6837 W 63RD PL,3123.51,0.002083,41.776385354705,-87.792505141251,640500,2,170316405002
13,Sidewalk Menu (2023),6853 W 64TH PL,4692.59,0.003129,41.774549508362,-87.792981820085,640500,2,170316405002
13,Sidewalk Menu (2023),6918 W 63RD PL,3260.52,0.002174,41.776834163711,-87.794331893229,640500,2,170316405002
13,Street Bump Outs Menu (2023),6000 S NATOMA AVE,7983.68,0.005324,41.782950061272,-87.787860058149,640400,2,170316404002
13,Street Light Upgrade Menu (2023),3835 W 66TH PL,500.0,0.000333,41.772125587693,-87.719119902569,650302,2,170316503022
13,Street Light Upgrade Menu (2023),4035 W 58TH ST,500.0,0.000333,41.787548457173,-87.724316682538,620300,2,170316203002
13,Street Light Upgrade Menu (2023),4114 W 56TH PL,500.0,0.000333,41.790659526266,-87.726237144194,620300,1,170316203001
13,Street Light Upgrade Menu (2023),4123 W 57TH PL,500.0,0.000333,41.788429520926,-87.726432023443,620300,2,170316203002
13,Street Light Upgrade Menu (2023),4658 W 63RD ST,500.0,0.000333,41.77873698146,-87.739671993879,640100,1,170316401001
13,Street Light Upgrade Menu (2023),5737 S PARKSIDE AVE,500.0,0.000333,41.788380796467,-87.763232620316,561100,1,170315611001
13,Street Light Upgrade Menu (2023),5905 W 59TH ST,500.0,0.000333,41.785040591743,-87.769626233619,640300,4,170316403004
13,Street Light Upgrade Menu (2023),5917-5919 S KEDVALE AVE,500.0,0.000333,41.785307178174,-87.726333619899,650200,1,170316502001
13,Street Light Upgrade Menu (2023),6015 W 64TH ST,500.0,0.000333,41.775681861572,-87.772141978039,640600,2,170316406002
13,Street Light Upgrade Menu (2023),6052 S TRIPP AVE,500.0,0.000333,41.7825295831,-87.729249516376,650200,4,170316502004
13,Street Light Upgrade Menu (2023),6220 S KEATING AVE,500.0,0.000333,41.779604843715,-87.741390200211,640100,1,170316401001
13,Street Light Upgrade Menu (2023),6334 S LOREL AVE,500.0,0.000333,41.777085201711,-87.75588091824,640700,3,170316407003
13,Street Light Upgrade Menu (2023),6356 S KOSTNER AVE,500.0,0.000333,41.776936716296,-87.73292833368,650301,1,170316503011
13,Street Light Upgrade Menu (2023),6738 S KOMENSKY AVE,500.0,0.000333,41.770187398312,-87.724038822448,650500,1,170316505001
13,Street Light Upgrade Menu (2023),6801 W 63RD ST,500.0,0.000333,41.777333683231,-87.791212484143,640500,2,170316405002
13,Street Resurfacing Menu (2023),5800-5899 S Newland Ave,56601.14,0.037747,41.786483284918,-87.795402010807,561000,5,170315610005
13,Street Speed Hump Menu (2023),5522 S OAK PARK AVE,2440.0,0.001627,41.791411299161,-87.791827883474,561000,4,170315610004
13,Street Speed Hump Menu (2023),5400-5500 W 64th St,2440.0,0.001627,41.776491092414,-87.7594371083,640700,4,170316407004
13,,6245 S NASHVILLE AVE,14031.96,0.009358,41.778126150266,-87.785880252619,640400,1,170316404001
13,,W 63RD ST & S KILBOURN AVE & S KENNETH AVE & W 64TH ST,1087.5,0.000725,41.778497007572,-87.73497301514,650301,1,170316503011
13,,5547 S MULLIGAN AVE,2866.06,0.001911,41.790964417994,-87.78025582795,561100,6,170315611006
13,,5523 S NEVA AVE,4365.27,0.002911,41.79123565638,-87.799966795277,561000,6,170315610006
13,,5535 S NEVA AVE,4365.27,0.002911,41.790899458244,-87.799955312069,561000,6,170315610006
13,,5658 S NORMANDY AVE,14260.67,0.00951,41.788717481209,-87.78928053928,561000,3,170315610003
13,,5718 S MASON AVE,3998.98,0.002667,41.788316700509,-87.770963063357,561100,4,170315611004
13,,5720 S MASON AVE,3998.98,0.002667,41.78821532139,-87.770944036437,561100,4,170315611004
13,,5704 S NORMANDY AVE,4638.8,0.003094,41.788348300284,-87.789285819879,561000,3,170315610003
13,,5710 S KENNETH AVE,2279.6,0.00152,41.7890957565,-87.734341019641,620300,6,170316203006
13,,5706 S KENNETH AVE,2279.6,0.00152,41.78917706096,-87.734369015197,620300,6,170316203006
13,,6031 S MERRIMAC AVE,3668.13,0.002446,41.782298745486,-87.777511844308,640300,6,170316403006
13,,6017 S NATOMA AVE,6279.64,0.004188,41.782547478463,-87.78728003045,640400,2,170316404002
13,,6115 S NARRAGANSETT AVE,2424.02,0.001617,41.780875624055,-87.781105585294,640300,3,170316403003
13,,6149 S NARRAGANSETT AVE,2424.02,0.001617,41.779909022981,-87.781068872558,640300,3,170316403003
13,,6621 W 59TH ST,4683.33,0.003123,41.784724971179,-87.787358485063,640400,2,170316404002
13,,4530 W 64TH PL,6723.77,0.004484,41.775979628682,-87.736176488798,650301,2,170316503012
13,,4517 W 64TH PL,6723.77,0.004484,41.775566149398,-87.735636694234,650301,2,170316503012
13,,5240 W 64TH PL,3717.86,0.002479,41.775344154693,-87.75343625236,640700,3,170316407003
13,,5623 S NEWLAND AVE,11547.77,0.007701,41.789626791975,-87.794867077747,561000,5,170315610005
13,,5756 S SAYRE AVE,9214.61,0.006145,41.786763911036,-87.796556953246,561000,5,170315610005
13,,5753 S MEADE AVE,3831.03,0.002555,41.787303454144,-87.774014746665,561100,4,170315611004
13,,5700 S MERRIMAC AVE,1722.96,0.001149,41.788605163707,-87.778293205322,561100,6,170315611006
13,,5820 S NORDICA AVE,750.34,0.0005,41.785912812588,-87.797781633119,561000,6,170315610006
13,,5825 S OAK PARK AVE,2673.41,0.001783,41.78595329718,-87.791065381743,561000,3,170315610003
13,,5834 S OAK PARK AVE,2673.41,0.001783,41.785629420441,-87.791637027539,561000,4,170315610004
13,,5835 S OAK PARK AVE,2673.41,0.001783,41.785639688273,-87.791068147771,561000,3,170315610003
13,,5859 S NORMANDY AVE,3580.61,0.002388,41.785032838483,-87.788566987863,561000,3,170315610003
13,,5859 S RUTHERFORD AVE,8599.86,0.005735,41.785037951444,-87.789839276946,561000,3,170315610003
13,,5848 W 64TH ST,3215.2,0.002144,41.776334686101,-87.768470033895,640600,2,170316406002
13,,5925 S NATOMA AVE,949.77,0.000633,41.784160156634,-87.787328561669,640400,2,170316404002
13,,5955 S NATOMA AVE,949.77,0.000633,41.78335457192,-87.787299644103,640400,2,170316404002
13,,5959 S KILDARE AVE,3343.06,0.002229,41.784180859935,-87.729958290108,650200,4,170316502004
13,,5901 S OAK PARK AVE,10706.0,0.00714,41.784654311735,-87.791085749767,640400,2,170316404002
13,,6056 S KEATING AVE,3708.22,0.002473,41.782273348319,-87.741532189651,640100,1,170316401001
13,,6115 S KILPATRICK AVE,5112.25,0.003409,41.78165866145,-87.739677442117,640100,1,170316401001
13,,6111 S KOSTNER AVE,4029.24,0.002687,41.781834807145,-87.732359118635,650200,3,170316502003
13,,6136 S KOSTNER AVE,4029.24,0.002687,41.781071970137,-87.732870079453,650200,3,170316502003
13,,6144 S TRIPP AVE,7788.58,0.005194,41.780876252698,-87.72921196545,650200,3,170316502003
13,,6158 S TRIPP AVE,7788.58,0.005194,41.780541563304,-87.729210875802,650200,3,170316502003
13,,6221 S PARKSIDE AVE,3562.3,0.002376,41.77921831225,-87.762759275624,640300,1,170316403001
13,,6415 S KARLOV AVE,1424.68,0.00095,41.776358867891,-87.724856560922,650301,3,170316503013
13,,6516 S KOMENSKY AVE,3261.3,0.002175,41.774463929131,-87.724147954827,650301,4,170316503014
13,,6518 S KOMENSKY AVE,3261.3,0.002175,41.77438350477,-87.724134543782,650301,4,170316503014
13,,6521 S KILPATRICK AVE,4317.86,0.00288,41.774177393771,-87.739478288097,640800,2,170316408002
13,,6541 S KARLOV AVE,2115.12,0.001411,41.773789479292,-87.724801659456,650301,4,170316503014
13,,6529 S KNOX AVE,2740.52,0.001828,41.773934067122,-87.738243214664,640800,2,170316408002
13,,6536 S KNOX AVE,2740.52,0.001828,41.773763285844,-87.738790972037,640800,2,170316408002
13,,6742 W 64TH ST,2518.69,0.00168,41.775930678368,-87.79024923583,640500,1,170316405001
13,,6815 W 64TH ST,3670.8,0.002448,41.775491005637,-87.791624538503,640500,2,170316405002
13,,6854 W 64TH PL,4692.59,0.003129,41.774967052869,-87.79311903184,640500,2,170316405002
13,,5759 S PARKSIDE AVE,500.0,0.000333,41.787361666461,-87.763032944763,561100,1,170315611001
13,,5701 S PARKSIDE AVE,500.0,0.000333,41.78892514286,-87.763085666934,561100,1,170315611001
14,Alley Resurfacing Menu (2023),3307 W 66TH PL,20237.5,0.01359,41.772363088919,-87.705791670692,660500,2,170316605002
14,Alley Resurfacing Menu (2023),S SACRAMENTO AVE & W 58TH ST & W 59TH ST & S WHIPPLE ST,12906.94,0.008668,41.788180997497,-87.698495978349,630800,3,170316308003
14,Alley Resurfacing Menu (2023),W 52ND ST & S CAMPBELL AVE & S MAPLEWOOD AVE & W 53RD ST,40382.3,0.027118,41.720420183484,-87.685772416967,821900,1,170318219001
14,Alley Resurfacing Menu (2023),W 52ND ST & S FAIRFIELD AVE & S CALIFORNIA AVE & W 53RD ST,47689.1,0.032025,41.779605786679,-87.693104025765,835000,3,170318350003
14,Alley Resurfacing Menu (2023),W 52ND ST & S FRANCISCO AVE & S RICHMOND ST & W 53RD ST,40598.6,0.027264,41.799146999511,-87.696394970499,630400,1,170316304001
14,Alley Resurfacing Menu (2023),W 52ND ST & S SACRAMENTO AVE & S WHIPPLE ST & W 53RD ST,40598.6,0.027264,41.799105006177,-87.698837037989,630400,4,170316304004
14,Alley Resurfacing Menu (2023),W 56TH ST & S WHIPPLE ST & S ALBANY AVE & W 57TH ST,34977.04,0.023489,41.791788987718,-87.69985502013,630800,1,170316308001
14,Alley Resurfacing Menu (2023),W 60TH ST & S TROY ST & S KEDZIE AVE & W 61ST ST,5390.5,0.00362,41.738452087966,-87.702093910287,700502,2,170317005022
14,Alley Speed Hump Menu (2023),W 54TH ST & S SAWYER AVE & S KEDZIE AVE & W 55TH ST,1450.0,0.000974,41.795360013747,-87.704812999677,630300,2,170316303002
14,Alley Speed Hump Replacement (2023),3307 W 66TH PL,0.0,0.0,41.772363088919,-87.705791670692,660500,2,170316605002
14,Alley Speed Hump Replacement (2023),S SACRAMENTO AVE & W 58TH ST & W 59TH ST & S WHIPPLE ST,0.0,0.0,41.788180997497,-87.698495978349,630800,3,170316308003
14,Alley Speed Hump Replacement (2023),W 52ND ST & S CAMPBELL AVE & S MAPLEWOOD AVE & W 53RD ST,0.0,0.0,41.720420183484,-87.685772416967,821900,1,170318219001
14,Alley Speed Hump Replacement (2023),W 52ND ST & S FAIRFIELD AVE & S CALIFORNIA AVE & W 53RD ST,0.0,0.0,41.779605786679,-87.693104025765,835000,3,170318350003
14,Alley Speed Hump Replacement (2023),W 52ND ST & S FRANCISCO AVE & S RICHMOND ST & W 53RD ST,0.0,0.0,41.799146999511,-87.696394970499,630400,1,170316304001
14,Alley Speed Hump Replacement (2023),W 52ND ST & S SACRAMENTO AVE & S WHIPPLE ST & W 53RD ST,0.0,0.0,41.799105006177,-87.698837037989,630400,4,170316304004
14,Alley Speed Hump Replacement (2023),W 56TH ST & S WHIPPLE ST & S ALBANY AVE & W 57TH ST,0.0,0.0,41.791788987718,-87.69985502013,630800,1,170316308001
14,Curb & Gutter Menu (2023),4557 S SPRINGFIELD AVE,31370.37,0.021067,41.809880990446,-87.720930142198,570100,1,170315701001
14,Miscellaneous CDOT Projects (2023),3200 W 48TH PL,660.0,0.000443,41.80579258085,-87.703982677427,842800,4,170318428004
14,Sidewalk Menu (2023),2846 W 55TH ST,907.74,0.00061,41.793848588967,-87.695626852892,630400,2,170316304002
14,Sidewalk Menu (2023),2958 W 53RD ST,16254.07,0.010915,41.797472085709,-87.698626484582,630400,1,170316304001
14,Sidewalk Menu (2023),3044 W 55TH ST,8512.45,0.005716,41.793764560387,-87.700428761402,630400,3,170316304003
14,Sidewalk Menu (2023),3433 W 54TH PL,961.05,0.000645,41.794146397987,-87.70985018821,630300,2,170316303002
14,Sidewalk Menu (2023),3435 W 55TH ST,4305.06,0.002891,41.793224849642,-87.709851361676,630900,3,170316309003
14,Sidewalk Menu (2023),3802 W 45TH PL,4043.77,0.002716,41.810863433318,-87.719073718283,570100,1,170315701001
14,Sidewalk Menu (2023),3823 W 45TH PL,5815.45,0.003905,41.81047283663,-87.719718118999,570100,1,170315701001
14,Sidewalk Menu (2023),3840 W 42ND ST,14589.96,0.009798,41.817053389694,-87.720456645128,570100,1,170315701001
14,Sidewalk Menu (2023),4201 W 47TH ST,7072.65,0.00475,41.80760048414,-87.728700669356,570300,3,170315703003
14,Sidewalk Menu (2023),4301 S KOMENSKY AVE,25269.41,0.016969,41.815044829536,-87.724799396342,570200,1,170315702001
14,Sidewalk Menu (2023),4316 S KARLOV AVE,2929.54,0.001967,41.814567186783,-87.72656730736,570200,1,170315702001
14,Sidewalk Menu (2023),4545 S HARDING AVE,1566.5,0.001052,41.810193761163,-87.722193965559,570100,1,170315701001
14,Sidewalk Menu (2023),4553 S HARDING AVE,4393.0,0.00295,41.809946914115,-87.722177369391,570100,1,170315701001
14,Sidewalk Menu (2023),4557 S HARDING AVE,3629.38,0.002437,41.80985731157,-87.722175441553,570100,1,170315701001
14,Sidewalk Menu (2023),4723-4725 S KARLOV AVE,7080.25,0.004755,41.807080135591,-87.725750490895,570300,1,170315703001
14,Sidewalk Menu (2023),4736 S KEELER AVE,11643.01,0.007819,41.806706093162,-87.728741321586,570300,3,170315703003
14,Sidewalk Menu (2023),4800-4822 S KOLIN AVE,37225.06,0.024998,41.80523632644,-87.732597667599,570300,4,170315703004
14,Sidewalk Menu (2023),4845 S RIDGEWAY AVE,16998.81,0.011415,41.804556302635,-87.717064324635,570400,2,170315704002
14,Sidewalk Menu (2023),4856 S TRIPP AVE,20225.13,0.013582,41.804272365665,-87.729877823838,570300,3,170315703003
14,Sidewalk Menu (2023),4859 S KEELER AVE,9491.16,0.006374,41.804293949066,-87.728089628615,570300,1,170315703001
14,Sidewalk Menu (2023),4901 S KILBOURN AVE,10052.05,0.00675,41.803485682143,-87.735171498607,570300,4,170315703004
14,Sidewalk Menu (2023),5105 S AUSTIN AVE,2360.79,0.001585,41.799648488778,-87.771999820961,560800,2,170315608002
14,Sidewalk Menu (2023),5119 S HOMAN AVE,2940.26,0.001975,41.800183170382,-87.708401124789,630300,1,170316303001
14,Sidewalk Menu (2023),5130-5132 S SACRAMENTO AVE,3001.05,0.002015,41.799895671103,-87.699133338267,630400,4,170316304004
14,Sidewalk Menu (2023),5143-5147 S RICHMOND ST,3474.2,0.002333,41.799536087457,-87.697368528553,630400,1,170316304001
14,Sidewalk Menu (2023),5159 S WHIPPLE ST,9902.71,0.00665,41.799190962594,-87.699740355695,630400,4,170316304004
14,Sidewalk Menu (2023),5243 S SACRAMENTO AVE,12704.27,0.008531,41.797781755122,-87.698522213706,630400,1,170316304001
14,Sidewalk Menu (2023),5318 S ALBANY AVE,16620.76,0.011162,41.79658125704,-87.701393015544,630400,3,170316304003
14,Sidewalk Menu (2023),5326-5330 S RICHMOND ST,5979.7,0.004016,41.796295308413,-87.697801370033,630400,2,170316304002
14,Sidewalk Menu (2023),5408 S SPAULDING AVE,2531.43,0.0017,41.794988821165,-87.706310761956,630300,2,170316303002
14,Sidewalk Menu (2023),5416-5418 S SPAULDING AVE,5883.37,0.003951,41.794741848388,-87.706304726985,630300,2,170316303002
14,Sidewalk Menu (2023),5433 S RICHMOND ST,6918.43,0.004646,41.794453133733,-87.69721036204,630400,2,170316304002
14,Sidewalk Menu (2023),5600 S WHIPPLE ST,6334.96,0.004254,41.791633754872,-87.700215609605,630800,2,170316308002
14,Sidewalk Menu (2023),5700 S WHIPPLE ST,11544.88,0.007753,41.789819114744,-87.70008527101,630800,3,170316308003
14,Sidewalk Menu (2023),5754 S SACRAMENTO AVE,2229.8,0.001497,41.788369213132,-87.698821447649,630800,3,170316308003
14,Sidewalk Menu (2023),4700-4800 S Harding Ave,23861.64,0.016024,41.805928210637,-87.72258858556,570400,2,170315704002
14,Sidewalk Menu (2023),4700-4800 S Kenneth Ave,31023.34,0.020834,41.807615823023,-87.734891794498,570300,4,170315703004
14,Sidewalk Menu (2023),5700-5800 S St Louis Ave,43718.28,0.029359,41.789599760338,-87.711046369612,630900,2,170316309002
14,Street Resurfacing Menu (2023),5500-5700 S Francisco Ave,118834.01,0.079802,41.789953729553,-87.696223815143,630800,3,170316308003
14,Street Resurfacing Menu (2023),4700-5150 S Kolin Ave,221131.32,0.148499,41.799079441372,-87.732193240771,570500,1,170315705001
14,Street Resurfacing Menu (2023),6100-6300 S St Louis Ave,182307.18,0.122427,41.778330712592,-87.710470229769,660500,4,170316605004
14,Street Resurfacing Menu (2023),4332-4500 W 51st St,68231.48,0.04582,41.800918389019,-87.736392238986,570300,4,170315703004
14,Street Resurfacing Menu (2023),3000-3030 W 56th St,25689.56,0.017252,41.791844984156,-87.699933572131,630800,1,170316308001
14,Street Speed Hump Menu (2023),5100-5200 S Campbell Ave,2661.61,0.001787,41.799172899592,-87.686876984167,630500,1,170316305001
14,Street Speed Hump Menu (2023),2400-2800 W 53rd St,19520.0,0.013109,41.797575948229,-87.683855664081,630600,2,170316306002
14,Street Speed Hump Menu (2023),3200-3500 W 56th St,14640.0,0.009831,41.791661833598,-87.710359450042,630900,3,170316309003
14,Street Speed Hump Replacement (2023),5500-5700 S Francisco Ave,0.0,0.0,41.789953729553,-87.696223815143,630800,3,170316308003
14,Street Speed Hump Replacement (2023),6100-6300 S St Louis Ave,0.0,0.0,41.778330712592,-87.710470229769,660500,4,170316605004
14,,W MARQUETTE RD & S SPAULDING AVE & S HOMAN AVE & W 66TH PL,20237.5,0.01359,41.771632019324,-87.705393027377,660900,3,170316609003
14,,5800 S SACRAMENTO AVE,12906.94,0.008668,41.788008875115,-87.698812059918,630800,4,170316308004
14,,W MARQUETTE RD & S SPAULDING AVE & S HOMAN AVE & W 66TH PL,0.0,0.0,41.771632019324,-87.705393027377,660900,3,170316609003
14,,5800 S SACRAMENTO AVE,0.0,0.0,41.788008875115,-87.698812059918,630800,4,170316308004
14,,3000 W 55TH ST,8512.45,0.005716,41.793828053304,-87.698866793746,630400,3,170316304003
14,,3032 W 55TH ST,8512.45,0.005716,41.793906549827,-87.700008744234,630400,3,170316304003
14,,3431 W 54TH PL,961.05,0.000645,41.794142081306,-87.709771985053,630300,2,170316303002
14,,3812 W 45TH PL,4043.77,0.002716,41.810875000344,-87.719407653305,570100,1,170315701001
14,,3818 W 45TH PL,4043.77,0.002716,41.811000142158,-87.719647208098,570100,1,170315701001
14,,3807-3809 W 45TH PL,5815.45,0.003905,41.810475518839,-87.719280248377,570100,1,170315701001
14,,3815 W 45TH PL,5815.45,0.003905,41.810460012318,-87.719500943888,570100,1,170315701001
14,,4309-4311 S KARLOV AVE,2929.54,0.001967,41.814792911436,-87.726028686262,570200,1,170315702001
14,,4358 S KARLOV AVE,2929.54,0.001967,41.813471462491,-87.726534534118,570200,1,170315702001
14,,4719 S KARLOV AVE,7080.25,0.004755,41.807224723421,-87.725770356006,570300,1,170315703001
14,,4729-4731 S KARLOV AVE,7080.25,0.004755,41.806911868885,-87.725768428168,570300,1,170315703001
14,,4735-4737 S KARLOV AVE,7080.25,0.004755,41.806745446197,-87.725728362671,570300,1,170315703001
14,,4741-4743 S KARLOV AVE,7080.25,0.004755,41.806666907764,-87.725729452318,570300,1,170315703001
14,,5122-5124 S HOMAN AVE,2940.26,0.001975,41.79996775547,-87.70890479335,630300,1,170316303001
14,,5136 S SACRAMENTO AVE,3001.05,0.002015,41.79981369609,-87.699129314953,630400,4,170316304004
14,,5121-5123 S RICHMOND ST,3474.2,0.002333,41.800217913371,-87.697393171348,630400,1,170316304001
14,,5129 S RICHMOND ST,3474.2,0.002333,41.800039965566,-87.697389818587,630400,1,170316304001
14,,5320 S RICHMOND ST,5979.7,0.004016,41.796629872078,-87.697785779693,630400,2,170316304002
14,,5434-5438 S SPAULDING AVE,5883.37,0.003951,41.794164712445,-87.706289471922,630300,2,170316303002
14,,5440 S SPAULDING AVE,5883.37,0.003951,41.794081522056,-87.706289807198,630300,2,170316303002
14,,5437-5439 S RICHMOND ST,6918.43,0.004646,41.794270240606,-87.697213463344,630400,2,170316304002
14,,5443 S RICHMOND ST,6918.43,0.004646,41.794170998872,-87.697210194402,630400,2,170316304002
14,,3041 W 56TH ST,6334.96,0.004254,41.791728157427,-87.700065512876,630800,2,170316308002
15,Alley Speed Hump Menu (2023),S FRANCISCO AVE & W 65TH ST & W 66TH ST & S MOZART ST,1450.0,0.001036,41.77542231594,-87.69574042768,660800,4,170316608004
15,Alley Speed Hump Menu (2023),S WALLACE ST & W 47TH ST & W 47TH PL & S UNION AVE,2175.0,0.001554,41.80901501412,-87.640658415687,610800,1,170316108001
15,Alley Speed Hump Menu (2023),W 44TH PL & S WALLACE ST & S NORMAL AVE & W 45TH ST,1450.0,0.001036,41.813538098621,-87.640781126749,610800,1,170316108001
15,Alley Speed Hump Menu (2023),W 45TH PL & S WALLACE ST & S NORMAL AVE & W 46TH ST,1450.0,0.001036,41.811692906456,-87.640770397913,610800,1,170316108001
15,Alley Speed Hump Menu (2023),W 45TH ST & S EMERALD AVE & S UNION AVE & W 46TH ST,1450.0,0.001036,41.812550500879,-87.644337735905,842600,4,170318426004
15,Alley Speed Hump Menu (2023),W 46TH PL & S WALLACE ST & S NORMAL AVE & W 47TH ST,1450.0,0.001036,41.809907016256,-87.640693032947,610800,1,170316108001
15,Alley Speed Hump Menu (2023),W 46TH PL & S WALLACE ST & S UNION AVE & W 47TH ST,1450.0,0.001036,41.809907016256,-87.640693032947,610800,1,170316108001
15,Alley Speed Hump Menu (2023),W 46TH ST & S HALSTED ST & S EMERALD AVE & W 47TH ST,1450.0,0.001036,41.777078705736,-87.644666641785,680900,4,170316809004
15,Alley Speed Hump Menu (2023),W 46TH ST & S WALLACE ST & S NORMAL AVE & W 46TH PL,1450.0,0.001036,41.81078531398,-87.640738211405,842600,3,170318426003
15,Alley Speed Hump Menu (2023),W 46TH ST & S WALLACE ST & S UNION AVE & W 46TH PL,1450.0,0.001036,41.81078531398,-87.640738211405,842600,3,170318426003
15,Alley Speed Hump Menu (2023),W 47TH PL & S UNION AVE & S HALSTED ST & W 48TH ST,4350.0,0.003109,41.782096112977,-87.644948106094,834800,2,170318348002
15,Alley Speed Hump Menu (2023),W 47TH ST & S HALSTED ST & S UNION AVE & W 47TH PL,3625.0,0.002591,41.808905295007,-87.645536767154,842600,4,170318426004
15,Alley Speed Hump Menu (2023),W 48TH PL & S UNION AVE & S HALSTED ST & W 49TH ST,4350.0,0.003109,41.782096112977,-87.644948106094,834800,2,170318348002
15,Alley Speed Hump Menu (2023),W 48TH ST & S UNION AVE & S HALSTED ST & W 48TH PL,4350.0,0.003109,41.782096112977,-87.644948106094,834800,2,170318348002
15,Alley Speed Hump Menu (2023),W 49TH ST & S WALLACE ST & S UNION AVE & W 48TH PL,1450.0,0.001036,41.805385314769,-87.64066847397,843800,1,170318438001
15,Diagonal Parking Menu (2023),S WASHTENAW AVE & W 51ST ST,85000.0,0.060749,41.801064988506,-87.691575040897,630600,1,170316306001
15,Sidewalk Menu (2023),1730-1758 W 61ST ST,10167.48,0.007267,41.783102011218,-87.669014789103,670700,1,170316707001
15,Sidewalk Menu (2023),6515 S WOLCOTT AVE,902.58,0.000645,41.775240680098,-87.671135015633,671300,1,170316713001
15,Sidewalk Menu (2023),5500-5900 S California Ave,442152.25,0.316002,41.786058448155,-87.693958518884,660302,1,170316603021
15,Street Bump Outs Menu (2023),437 W 45TH ST,20076.07,0.014348,41.812463580543,-87.637423252518,610800,1,170316108001
15,Street Bump Outs Menu (2023),4644 S NORMAL AVE,29433.14,0.021036,41.809870660812,-87.638318921386,610800,1,170316108001
15,Street Bump Outs Menu (2023),S EMERALD AVE & W 47TH ST,41844.99,0.029906,41.808917993591,-87.64430697432,842600,4,170318426004
15,Street Bump Outs Menu (2023),S UNION AVE & W 44TH ST,31826.15,0.022746,41.814450007777,-87.643227971924,842600,3,170318426003
15,Street Bump Outs Menu (2023),S WALLACE ST & W 47TH ST,36184.46,0.025861,41.80901501412,-87.640658415687,610800,1,170316108001
15,Street Light Arterial Menu (2023),2650 W 51ST ST,100000.0,0.071469,41.801240673196,-87.6911852824,630600,1,170316306001
15,Street Speed Hump Menu (2023),4400-4600 S Lowe Ave,9760.0,0.006975,41.814279310319,-87.642318200153,842600,3,170318426003
15,Street Speed Hump Menu (2023),4600-4630 S Normal Ave,2440.0,0.001744,41.809887589848,-87.638319364441,610800,1,170316108001
15,Street Speed Hump Menu (2023),4900-5000 S Seeley Ave,4880.0,0.003488,41.80292233443,-87.676139682381,611500,2,170316115002
15,Street Speed Hump Menu (2023),4600-4900 S Union Ave,7320.0,0.005232,41.810614113608,-87.64341530746,842600,4,170318426004
15,Street Speed Hump Menu (2023),4400-4900 S Wallace St,14640.0,0.010463,41.814311329189,-87.641069464218,842600,3,170318426003
15,Street Speed Hump Menu (2023),500-600 W 44th Pl,4880.0,0.003488,41.813765625383,-87.638541146945,610800,1,170316108001
15,Street Speed Hump Menu (2023),500-700 W 46th Pl,9760.0,0.006975,41.810089155012,-87.638446096163,610800,1,170316108001
15,Street Speed Hump Menu (2023),500-800 W 46th St,14640.0,0.010463,41.81104326705,-87.638467889111,610800,1,170316108001
15,Street Speed Hump Menu (2023),600-800 W 47th Pl,7320.0,0.005232,41.808273928151,-87.640810631048,843800,1,170318438001
15,Street Speed Hump Menu (2023),700-800 W 48th Pl,2440.0,0.001744,41.806265972924,-87.643363254011,843800,1,170318438001
15,Street Speed Hump Menu (2023),700-800 W 48th St,2440.0,0.001744,41.807167089697,-87.642979574087,843800,1,170318438001
15,Street Speed Hump Menu (2023),600-700 W 49th St,2440.0,0.001744,41.80559901139,-87.640746844765,843800,1,170318438001
15,Street Traffic Circle Menu (2023),4700 S HALSTED ST,251732.7,0.179911,41.808563439086,-87.646258281379,612200,3,170316122003
15,Street Traffic Circle Menu (2023),S NORMAL AVE & W 45TH ST,26307.25,0.018802,41.812662483106,-87.638318775053,610800,1,170316108001
15,Street Traffic Circle Menu (2023),S UNION AVE & W 47TH PL,49529.0,0.035398,41.808028380297,-87.643093190921,843800,1,170318438001
15,Street Traffic Circle Menu (2023),S UNION AVE & W 48TH PL,48868.93,0.034926,41.80621801494,-87.643022028563,843800,1,170318438001
15,Street Traffic Circle Menu (2023),S WALLACE ST & W 45TH ST,42264.98,0.030206,41.812610515306,-87.640794537794,610800,1,170316108001
15,Street Traffic Circle Menu (2023),S WALLACE ST & W 46TH ST,56439.02,0.040336,41.81078531398,-87.640738211405,842600,3,170318426003
15,,1730-1800 W 61st St,10167.48,0.007267,41.783065666872,-87.669786390035,670600,1,170316706001
16,Arterial Street Bump Outs Menu (2023),W 53RD ST & S DAMEN AVE,160000.0,0.118664,41.797597981895,-87.674403035862,611700,3,170316117003
16,Collector Street - Miscellaneous Concrete (2023),1400-2000 W 54th St,13912.2,0.010318,41.795850873102,-87.674426007387,611600,2,170316116002
16,Miscellaneous CDOT Projects (2023),700 W 59TH ST,660.0,0.000489,41.787250354787,-87.642686081884,834700,3,170318347003
16,Pavement Markings Menu (2023),S CALIFORNIA AVE & W MARQUETTE RD,3300.0,0.002447,41.771829999877,-87.693213032416,660800,3,170316608003
16,Sidewalk Menu (2023),5739-5759 S HALSTED ST,62005.7,0.045987,41.788973129256,-87.644650967626,834700,3,170318347003
16,Sidewalk Menu (2023),6600 S SEELEY AVE,25173.97,0.01867,41.773759094893,-87.675226809306,671400,2,170316714002
16,Speed Indicator Signs (2023),S CALIFORNIA AVE & W MARQUETTE RD,28000.0,0.020766,41.771829999877,-87.693213032416,660800,3,170316608003
16,Street Resurfacing Menu (2023),6500-6600 S Aberdeen St,61749.35,0.045797,41.774049611657,-87.652277326049,681000,1,170316810001
16,Street Resurfacing Menu (2023),5800-5900 S Carpenter St,62300.79,0.046206,41.788631860068,-87.651438548999,680500,1,170316805001
16,Street Resurfacing Menu (2023),6500-6600 S Carpenter St,58043.73,0.043048,41.774068554758,-87.650968994783,681000,3,170316810003
16,Street Resurfacing Menu (2023),5900-6100 S Fairfield Ave,121577.69,0.090168,41.782662520084,-87.692549772417,835000,3,170318350003
16,Street Resurfacing Menu (2023),6400-6500 S Green St,60956.65,0.045209,41.775970911503,-87.646230956375,681000,2,170316810002
16,Street Resurfacing Menu (2023),5100-5400 S Honore St,183620.5,0.136183,41.795762712409,-87.670810059938,611700,1,170316117001
16,Street Resurfacing Menu (2023),5470-5600 S Laflin St,12918.18,0.009581,41.792078917749,-87.66245421379,670200,1,170316702001
16,Street Resurfacing Menu (2023),6700-6800 S Laflin St,63510.92,0.047103,41.770159989488,-87.661789025954,671600,3,170316716003
16,Street Resurfacing Menu (2023),5500-5600 S Lowe Ave,34239.5,0.025394,41.792420396485,-87.641806401146,834700,3,170318347003
16,Street Resurfacing Menu (2023),6900-7100 S May St,125979.77,0.093433,41.765018508607,-87.652968743821,681400,2,170316814002
16,Street Resurfacing Menu (2023),5100-5200 S Paulina St,59687.66,0.044268,41.799354577344,-87.667498862216,611800,1,170316118001
16,Street Resurfacing Menu (2023),6700-6800 S Paulina St,34063.34,0.025263,41.770199384433,-87.666721189239,671500,3,170316715003
16,Street Resurfacing Menu (2023),6900-7100 S Sangamon St,115183.64,0.085426,41.76494929556,-87.648235823795,681400,4,170316814004
16,Street Resurfacing Menu (2023),5300-5400 S Wood St,61455.76,0.045579,41.795682842748,-87.670016869749,611700,1,170316117001
16,Street Speed Hump Replacement (2023),6500-6600 S Aberdeen St,0.0,0.0,41.774049611657,-87.652277326049,681000,1,170316810001
16,Street Speed Hump Replacement (2023),6400-6500 S Green St,0.0,0.0,41.775970911503,-87.646230956375,681000,2,170316810002
16,Street Speed Hump Replacement (2023),5100-5400 S Honore St,0.0,0.0,41.795762712409,-87.670810059938,611700,1,170316117001
16,Street Speed Hump Replacement (2023),6700-6800 S Laflin St,0.0,0.0,41.770159989488,-87.661789025954,671600,3,170316716003
16,Street Speed Hump Replacement (2023),5500-5600 S Lowe Ave,0.0,0.0,41.792420396485,-87.641806401146,834700,3,170318347003
16,Street Speed Hump Replacement (2023),6900-7100 S May St,0.0,0.0,41.765018508607,-87.652968743821,681400,2,170316814002
16,Street Speed Hump Replacement (2023),6700-6800 S Paulina St,0.0,0.0,41.770199384433,-87.666721189239,671500,3,170316715003
16,Street Speed Hump Replacement (2023),6900-7100 S Sangamon St,0.0,0.0,41.76494929556,-87.648235823795,681400,4,170316814004
16,Street Speed Hump Replacement (2023),5300-5400 S Wood St,0.0,0.0,41.795682842748,-87.670016869749,611700,1,170316117001
17,Alley Apron Menu (2023),7145 S SPAULDING AVE,37941.93,0.0255,41.763013159746,-87.704923389342,661100,4,170316611004
17,Alley Resurfacing Menu (2023),S WESTERN AVE & W 70TH ST & W 71ST ST & S ARTESIAN AVE,39906.83,0.026821,41.764681996668,-87.684466013538,660900,2,170316609002
17,Alley Resurfacing Menu (2023),S WOOD ST & W 75TH PL & W 76TH ST & S HERMITAGE AVE,38233.55,0.025696,41.755771991683,-87.667217984641,710400,1,170317104001
17,Alley Resurfacing Menu (2023),W 72ND PL & S RACINE AVE & S ADA ST & W 73RD ST,13748.4,0.00924,41.76233497996,-87.654053032237,671800,1,170316718001
17,Alley Resurfacing Menu (2023),W 73RD ST & S MAY ST & S RACINE AVE & W 74TH ST,38145.5,0.025637,41.759608011581,-87.653981031689,671800,1,170316718001
17,Alley Resurfacing Menu (2023),W 73RD ST & S RACINE AVE & S ADA ST & W 73RD PL,30829.39,0.02072,41.761415988096,-87.65402595869,671800,1,170316718001
17,Alley Resurfacing Menu (2023),W 75TH PL & S WOOD ST & S WOOD ST & W 76TH ST,22077.24,0.014838,41.757035982682,-87.66847501866,710400,4,170317104004
17,Alley Resurfacing Menu (2023),W 76TH ST & S HONORE ST & S WOOD ST & W 77TH ST,38145.5,0.025637,41.755747013612,-87.669649993847,710400,4,170317104004
17,Alley Speed Hump Replacement (2023),S WOOD ST & W 75TH PL & W 76TH ST & S HERMITAGE AVE,0.0,0.0,41.755771991683,-87.667217984641,710400,1,170317104001
17,Alley Speed Hump Replacement (2023),W 72ND PL & S RACINE AVE & S ADA ST & W 73RD ST,0.0,0.0,41.76233497996,-87.654053032237,671800,1,170316718001
17,Alley Speed Hump Replacement (2023),W 73RD ST & S RACINE AVE & S ADA ST & W 73RD PL,0.0,0.0,41.761415988096,-87.65402595869,671800,1,170316718001
17,Curb & Gutter Menu (2023),7658 S BISHOP ST,17096.46,0.01149,41.754170000439,-87.660625617793,710300,1,170317103001
17,Curb & Gutter Menu (2023),3400-3600 W 71st Pl,15426.51,0.010368,41.763630822191,-87.707858145101,661100,5,170316611005
17,Diagonal Parking Menu (2023),7914-7900 S Green St,30000.0,0.020163,41.750148698571,-87.645494187086,710800,1,170317108001
17,Miscellaneous CDOT Projects (2023),7807-7821 S PULASKI RD,450.0,0.000302,41.750663179788,-87.721503380556,700200,4,170317002004
17,Sidewalk Menu (2023),7000 S TALMAN AVE,73392.36,0.049326,41.766292369816,-87.689745439072,660900,3,170316609003
17,Sidewalk Menu (2023),7659 S NORMAL AVE,24184.26,0.016254,41.754591861625,-87.636502332816,691200,1,170316912001
17,Sidewalk Menu (2023),7732 S ASHLAND AVE,14234.56,0.009567,41.752965772409,-87.663865977742,710400,2,170317104002
17,Sidewalk Menu (2023),7920-7922 S MORGAN ST,14277.94,0.009596,41.749848458799,-87.649132352159,710800,4,170317108004
17,Sidewalk Menu (2023),8024-8026 S HERMITAGE AVE,19337.32,0.012996,41.747706798719,-87.667298870006,710500,2,170317105002
17,Sidewalk Menu (2023),8154 S WOLCOTT AVE,3477.37,0.002337,41.745057153397,-87.670862184684,710500,4,170317105004
17,Sidewalk Menu (2023),1200-1300 W 73rd Pl,138295.71,0.092947,41.760670711175,-87.657412582849,671800,1,170316718001
17,Sidewalk Menu (2023),3500-3600 W 73rd Pl,8475.8,0.005696,41.75991797436,-87.710189236193,661100,5,170316611005
17,Street Light Upgrade Menu (2023),1259 W MARQUETTE RD,500.0,0.000336,41.772089126414,-87.656506834392,834900,2,170318349002
17,Street Light Upgrade Menu (2023),7600 S LOOMIS BLVD,500.0,0.000336,41.755762687771,-87.659026769762,710300,1,170317103001
17,Street Resurfacing Menu (2023),8200-8300 S Bishop St,54755.33,0.0368,41.744760014929,-87.659879963687,710700,4,170317107004
17,Street Resurfacing Menu (2023),7800-7900 S Hermitage Ave,53000.22,0.035621,41.751953322325,-87.667469693193,710400,3,170317104003
17,Street Resurfacing Menu (2023),6800-6900 S Marshfield Ave,51785.08,0.034804,41.770241168221,-87.665456862964,671500,3,170316715003
17,Street Resurfacing Menu (2023),7900-8000 S Paulina St,55841.77,0.03753,41.748233601334,-87.666198493757,710500,2,170317105002
17,Street Resurfacing Menu (2023),7600-8000 S Winchester Ave,218133.13,0.146604,41.748292651842,-87.672165989723,710500,4,170317105004
17,Street Resurfacing Menu (2023),7200-7300 S Wood St,57808.86,0.038853,41.762923682929,-87.66887408107,672000,2,170316720002
17,Street Resurfacing Menu (2023),7900-8000 S Wood St,56781.27,0.038162,41.748011271352,-87.668612062777,710500,3,170317105003
17,Street Resurfacing Menu (2023),8100-8300 S Wood St,118406.86,0.07958,41.746516861835,-87.668473929012,710500,3,170317105003
17,Street Resurfacing Menu (2023),3400-3500 W 73rd Pl,58777.65,0.039504,41.75991797436,-87.710189236193,661100,5,170316611005
17,Street Resurfacing Menu (2023),800-1000 W 75th St,120430.2,0.080939,41.757000988845,-87.708934241711,700100,1,170317001001
17,Street Speed Hump Menu (2023),6900-7000 S Hermitage Ave,4880.0,0.00328,41.766573498848,-87.667789881894,671500,3,170316715003
17,Street Speed Hump Menu (2023),7900-8000 S Winchester Ave,4880.0,0.00328,41.748292651842,-87.672165989723,710500,4,170317105004
17,Street Speed Hump Replacement (2023),7800-7900 S Hermitage Ave,0.0,0.0,41.751953322325,-87.667469693193,710400,3,170317104003
17,,7258 S RACINE AVE,13748.4,0.00924,41.761542429105,-87.654268614787,671800,1,170316718001
17,,7258 S RACINE AVE,0.0,0.0,41.761542429105,-87.654268614787,671800,1,170316718001
18,Alley Apron Menu (2023),7714 S TROY ST,17671.96,0.011781,41.752953912016,-87.70154573382,700100,2,170317001002
18,Alley Apron Menu (2023),7800 S TROY ST,14303.21,0.009535,41.751477565501,-87.701500890638,700100,2,170317001002
18,Alley Apron Menu (2023),7930-8000 S Oakley Ave,28668.19,0.019112,41.748266688446,-87.680514094622,700501,2,170317005012
18,Alley Resurfacing Menu (2023),W 77TH ST & S SPRINGFIELD AVE & S PULASKI RD & W 78TH ST,25060.31,0.016707,41.752822986689,-87.720390012358,700200,3,170317002003
18,Alley Speed Hump Menu (2023),S TRUMBULL AVE & W 77TH ST & W 78TH ST & S ST LOUIS AVE,1450.0,0.000967,41.753365212005,-87.708590639619,700100,1,170317001001
18,Bollard Menu (2023),3934 W HAYFORD ST,3111.78,0.002075,41.755859624481,-87.7218752856,700200,1,170317002001
18,Miscellaneous CDOT Projects (2023),7701 S KEDZIE AVE,660.0,0.00044,41.753258217011,-87.702130120109,700100,2,170317001002
18,Miscellaneous CDOT Projects (2023),8359 S PULASKI RD,660.0,0.00044,41.740471749446,-87.721248151605,700402,1,170317004021
18,Pavement Markings Menu (2023),3200-3500 W 83rd St,600.0,0.0004,41.742618815854,-87.709701660885,700401,1,170317004011
18,Sidewalk Menu (2023),2155 W 82ND PL,8523.86,0.005683,41.743625398606,-87.67758975163,711200,4,170317112004
18,Sidewalk Menu (2023),3441 W 83RD ST,5955.68,0.00397,41.742183082617,-87.708709746464,700401,1,170317004011
18,Sidewalk Menu (2023),3622 W 81ST PL,5712.42,0.003808,41.745291637138,-87.712989713863,700401,2,170317004012
18,Sidewalk Menu (2023),3745 W 82ND PL,468.25,0.000312,41.742997342601,-87.716135190668,700401,3,170317004013
18,Sidewalk Menu (2023),3812 W 84TH ST,3304.21,0.002203,41.740636621481,-87.717342436182,700402,1,170317004021
18,Sidewalk Menu (2023),7410 S CAMPBELL AVE,6719.83,0.00448,41.758784657232,-87.685820026177,661000,3,170316610003
18,Sidewalk Menu (2023),7948 S SAWYER AVE,24829.95,0.016553,41.748263818095,-87.703827539321,700401,1,170317004011
18,Sidewalk Menu (2023),8014 S FRANCISCO AVE,5226.44,0.003484,41.747598294983,-87.695290990032,700501,4,170317005014
18,Sidewalk Menu (2023),8125 S CLAREMONT AVE,7458.74,0.004972,41.745717563548,-87.681266557277,700501,2,170317005012
18,Sidewalk Menu (2023),8320 S HERMITAGE AVE,8111.44,0.005408,41.742377333223,-87.667137937465,711200,1,170317112001
18,Sidewalk Menu (2023),8456 S SEELEY AVE,24281.08,0.016187,41.739418563312,-87.674388702807,711200,4,170317112004
18,Street Resurfacing Menu (2023),7900-8000 S Campbell Ave,52171.83,0.034781,41.748095216112,-87.685564964863,700501,1,170317005011
18,Street Resurfacing Menu (2023),7100-7200 S Francisco Ave,57808.79,0.038539,41.762550059595,-87.695686615862,661100,1,170316611001
18,Street Resurfacing Menu (2023),7900-8100 S Francisco Ave,7202.39,0.004802,41.749602408032,-87.69524271027,700501,4,170317005014
18,Street Resurfacing Menu (2023),8000-8030 S Karlov Ave,33380.93,0.022254,41.747493688831,-87.724517429119,700301,1,170317003011
18,Street Resurfacing Menu (2023),7900-8100 S Kirkland Ave,125169.03,0.083446,41.748819313968,-87.729758502841,700301,1,170317003011
18,Street Resurfacing Menu (2023),8300-8330 S Lawndale Ave,35309.32,0.02354,41.741408247683,-87.714423746416,700401,3,170317004013
18,Street Resurfacing Menu (2023),7300-7400 S Mozart St,50968.09,0.033979,41.760715344809,-87.694442573793,661100,2,170316611002
18,Street Resurfacing Menu (2023),7300-7400 S Richmond St,60627.37,0.040418,41.760701514669,-87.696893945195,661100,2,170316611002
18,Street Resurfacing Menu (2023),7937-8000 S Sawyer Ave,38177.04,0.025451,41.747822343254,-87.703871460494,700401,1,170317004011
18,Street Resurfacing Menu (2023),8500-8532 S Springfield Ave,40582.64,0.027055,41.745170489202,-87.719422380743,700401,2,170317004012
18,Street Resurfacing Menu (2023),8000-8100 S Talman Ave,68124.01,0.045416,41.746245162443,-87.689183264826,700501,3,170317005013
18,Street Resurfacing Menu (2023),7500-7600 S Trumbull Ave,55922.98,0.037282,41.756805438435,-87.709013255178,700100,1,170317001001
18,Street Resurfacing Menu (2023),3700-3750 W 77th Pl,56619.72,0.037746,41.752343499918,-87.716421767937,700200,3,170317002003
18,Street Resurfacing Menu (2023),3400-3500 W 77th St,82923.85,0.055283,41.753570275266,-87.710001900657,700100,1,170317001001
18,Street Resurfacing Menu (2023),2530-2630 W 80th Pl,66263.08,0.044175,41.747362219175,-87.687931191361,700501,1,170317005011
18,Street Resurfacing Menu (2023),3500-3600 W 80th St,54430.42,0.036287,41.747891154232,-87.712316320099,700401,2,170317004012
18,Street Resurfacing Menu (2023),3700-3800 W 81st Pl,500.0,0.000333,41.745288745382,-87.714627286286,700401,2,170317004012
18,Street Resurfacing Menu (2023),2240-2300 W 81st Pl,78857.24,0.052571,41.74556245643,-87.680736401901,700501,2,170317005012
18,Street Resurfacing Menu (2023),3700-3800 W 82nd Pl,65508.8,0.043673,41.743396237373,-87.717057283836,700401,3,170317004013
18,Street Resurfacing Menu (2023),3400-3500 W 83rd Pl,57368.46,0.038246,41.741633271678,-87.709669725834,700401,1,170317004011
18,Street Resurfacing Menu (2023),4500-4600 W 84th Pl,98195.73,0.065464,41.738798703005,-87.736188737138,700302,3,170317003023
18,Street Resurfacing Menu (2023),3300-3400 W 84th St,57750.14,0.0385,41.740814611195,-87.707186251742,700402,3,170317004023
18,Street Resurfacing Menu (2023),2900-2960 W Seipp St,50263.46,0.033509,41.738030592847,-87.696836310622,700502,2,170317005022
18,Street Speed Hump Menu (2023),7700-7800 S Homan Ave,4880.0,0.003253,41.751421993483,-87.707589924199,700100,1,170317001001
18,Street Speed Hump Menu (2023),1600-2000 W 86th St,8217.32,0.005478,41.737685290785,-87.672932063683,711200,4,170317112004
18,Street Speed Hump Replacement (2023),8000-8030 S Karlov Ave,0.0,0.0,41.747493688831,-87.724517429119,700301,1,170317003011
18,Street Speed Hump Replacement (2023),7900-8100 S Kirkland Ave,0.0,0.0,41.748819313968,-87.729758502841,700301,1,170317003011
18,Street Speed Hump Replacement (2023),3400-3500 W 77th St,0.0,0.0,41.753570275266,-87.710001900657,700100,1,170317001001
19,Curb & Gutter Menu (2023),10424 S HOMAN AVE,926.63,0.00062,41.703455546733,-87.706460043651,740200,4,170317402004
19,Miscellaneous CDOT Projects (2023),10751 S MILLARD AVE,660.0,0.000442,41.697195983351,-87.711758663744,740300,4,170317403004
19,Street Light Upgrade Menu (2023),2501 W 103RD ST,500.0,0.000334,41.7060199481,-87.684482525887,720500,2,170317205002
19,Street Light Upgrade Menu (2023),11040-11100 S Hoyne Ave,250.0,0.000167,41.691814668431,-87.674060999997,750500,1,170317505001
19,Street Resurfacing Menu (2023),10700-10800 S Albany Ave,84476.87,0.056515,41.696962463528,-87.698927646363,740100,3,170317401003
19,Street Resurfacing Menu (2023),10400-10500 S Bell Ave,59123.96,0.039554,41.702643214586,-87.678159301951,720600,2,170317206002
19,Street Resurfacing Menu (2023),11700-11800 S Campbell Ave,54538.01,0.036486,41.67890335977,-87.683552302273,750400,2,170317504002
19,Street Resurfacing Menu (2023),10300-10400 S Christiana Ave,64956.76,0.043456,41.704151621882,-87.705292025444,740200,4,170317402004
19,Street Resurfacing Menu (2023),10400-10530 S Church St,86929.29,0.058155,41.702197674523,-87.660187244257,720700,2,170317207002
19,Street Resurfacing Menu (2023),9800-9700 S Claremont Ave,64469.41,0.04313,41.717158156315,-87.681019039676,720300,4,170317203004
19,Street Resurfacing Menu (2023),10200-10300 S Fairfield Ave,49306.05,0.032986,41.706154393827,-87.69031959944,720500,1,170317205001
19,Street Resurfacing Menu (2023),10940-11030 S Homewood Ave,88570.82,0.059254,41.693338061406,-87.668869099271,750200,2,170317502002
19,Street Resurfacing Menu (2023),11190-11440 S Lothair Ave,206605.51,0.138219,41.685305735213,-87.67587283715,750500,1,170317505001
19,Street Resurfacing Menu (2023),10000-10300 S Malta St,115038.27,0.07696,41.706831132406,-87.656803199775,720200,2,170317202002
19,Street Resurfacing Menu (2023),9900-10000 S Maplewood Ave,48971.65,0.032762,41.711704177648,-87.685771746415,720400,1,170317204001
19,Street Resurfacing Menu (2023),9100-9240 S Oakley Ave,60677.99,0.040593,41.725158892444,-87.68004657127,720100,1,170317201001
19,Street Resurfacing Menu (2023),9800-9900 S Seeley Ave,47613.22,0.031853,41.713614748658,-87.67370197348,720300,1,170317203001
19,Street Resurfacing Menu (2023),10300-10400 S Spaulding Ave,62565.09,0.041856,41.704175426487,-87.704063825171,740200,4,170317402004
19,Street Resurfacing Menu (2023),9230-9400 S Vanderpoel Ave,105075.24,0.070295,41.725673708937,-87.666728732952,720100,3,170317201003
19,Street Resurfacing Menu (2023),10700-10800 S Washtenaw Ave,62835.52,0.042037,41.697034128801,-87.689063319792,750300,3,170317503003
19,Street Resurfacing Menu (2023),11200-11300 S Washtenaw Ave,72943.96,0.048799,41.687950492691,-87.688688313444,750400,1,170317504001
19,Street Resurfacing Menu (2023),2400-2430 W 101st St,10228.85,0.006843,41.7100649482,-87.683567635191,720400,1,170317204001
19,Street Resurfacing Menu (2023),2650-2730 W 106th St,36795.14,0.024616,41.700885838886,-87.688808594097,720500,1,170317205001
19,Street Resurfacing Menu (2023),3800-3900 W 109th Pl,62976.13,0.042131,41.694276315018,-87.715753897892,740300,1,170317403001
19,Street Resurfacing Menu (2023),2556-2530 W 118th St,21931.55,0.014672,41.679278743304,-87.685418197739,750400,3,170317504003
19,Street Resurfacing Menu (2023),1899-1930 W 91st St,25558.37,0.017098,41.727589478528,-87.671029272902,720100,2,170317201002
19,Street Speed Hump Replacement (2023),11190-11440 S Lothair Ave,0.0,0.0,41.685305735213,-87.67587283715,750500,1,170317505001
19,Street Speed Hump Replacement (2023),10700-10800 S Washtenaw Ave,0.0,0.0,41.697034128801,-87.689063319792,750300,3,170317503003
19,Street Speed Hump Replacement (2023),11200-11300 S Washtenaw Ave,0.0,0.0,41.687950492691,-87.688688313444,750400,1,170317504001
19,,2110 W 111TH ST,250.0,0.000167,41.692249403192,-87.674533374456,750200,4,170317502004
20,Alley Resurfacing Menu (2023),S INGLESIDE AVE & E 65TH ST & E MARQUETTE RD & S ELLIS AVE,26588.72,0.019257,41.776802102931,-87.602226802894,420800,2,170314208002
20,Alley Speed Hump Replacement (2023),S INGLESIDE AVE & E 65TH ST & E MARQUETTE RD & S ELLIS AVE,0.0,0.0,41.776802102931,-87.602226802894,420800,2,170314208002
20,Sidewalk Menu (2023),6608-6612 S EVANS AVE,8404.07,0.006087,41.774484380975,-87.607326268967,420700,2,170314207002
20,Speed Indicator Signs (2023),5600-5900 S Dr Martin Luther King Jr Dr,789.67,0.000572,41.792849633746,-87.616259366095,400400,1,170314004001
20,Street Bump Outs Menu (2023),S LANGLEY AVE & E 60TH ST,13100.63,0.009488,41.785816001606,-87.608546003517,420500,1,170314205001
20,Street Light Residential Staggered Piggy Back Menu (2023),6300-6500 S Lowe Ave,355000.0,0.257114,41.77611982522,-87.640846177192,680900,1,170316809001
20,Street Resurfacing Menu (2023),4800-5000 S Aberdeen St,142970.82,0.103549,41.803167966103,-87.653191037315,612200,3,170316122003
20,Street Resurfacing Menu (2023),4700-4800 S Elizabeth St,56053.61,0.040598,41.806768454521,-87.656765667562,612200,2,170316122002
20,Street Resurfacing Menu (2023),6300-6500 S Ellis Ave,123178.91,0.089214,41.776671429061,-87.601203288697,420800,2,170314208002
20,Street Resurfacing Menu (2023),6300-6500 S Greenwood Ave,114384.61,0.082845,41.780246604132,-87.59958340209,834400,1,170318344001
20,Street Resurfacing Menu (2023),6154-6100 S Ingleside Ave,62304.7,0.045125,41.783958949048,-87.603043200263,420400,1,170314204001
20,Street Resurfacing Menu (2023),4800-5100 S Justine St,177011.48,0.128203,41.806496419854,-87.664046272479,611200,2,170316112002
20,Street Resurfacing Menu (2023),6600-6700 S Kenwood Ave,60047.86,0.043491,41.774916551902,-87.593179376606,834400,2,170318344002
20,Street Resurfacing Menu (2023),4500-4530 S Portland Ave,18836.4,0.013643,41.811779613774,-87.633010838603,835500,2,170318355002
20,Street Resurfacing Menu (2023),4700-4800 S Throop St,71020.92,0.051438,41.806754289105,-87.657978277494,612200,1,170316122001
20,Street Resurfacing Menu (2023),6000-6100 S Wabash Ave,80945.94,0.058626,41.783519276317,-87.624086135823,400800,2,170314008002
20,Street Resurfacing Menu (2023),5000-5100 S Wood St,35911.14,0.026009,41.802528887895,-87.67029380783,611400,2,170316114002
20,Street Speed Hump Menu (2023),400-600 E 65th St,9760.0,0.007069,41.77664706081,-87.615478705441,420700,5,170314207005
20,Street Speed Hump Menu (2023),1130-1200 E 65th St,2440.0,0.001767,41.7769066087,-87.596666741139,834400,1,170318344001
20,Street Speed Hump Menu (2023),6500-6600 S Minerva Ave,4880.0,0.003534,41.774925981543,-87.59761306811,834400,3,170318344003
20,Street Speed Hump Menu (2023),6100-6200 S Stewart Ave,4880.0,0.003534,41.783418777298,-87.635433304885,834600,1,170318346001
20,Street Speed Hump Menu (2023),6500-6599 S University Ave,4880.0,0.003534,41.776740034938,-87.59878175687,834400,3,170318344003
20,Street Speed Hump Menu (2023),4300-4430 S Wells St,7320.0,0.005302,41.813647398638,-87.632631905206,835500,2,170318355002
20,Street Speed Hump Replacement (2023),4700-4800 S Elizabeth St,0.0,0.0,41.806768454521,-87.656765667562,612200,2,170316122002
20,Street Speed Hump Replacement (2023),6300-6500 S Ellis Ave,0.0,0.0,41.776671429061,-87.601203288697,420800,2,170314208002
20,Street Speed Hump Replacement (2023),4800-5100 S Justine St,0.0,0.0,41.806496419854,-87.664046272479,611200,2,170316112002
20,Street Speed Hump Replacement (2023),4700-4800 S Throop St,0.0,0.0,41.806754289105,-87.657978277494,612200,1,170316122001
21,Alley Apron Menu (2023),8801 S UNION AVE,31907.16,0.021441,41.734213569078,-87.640846337956,711500,2,170317115002
21,Alley Resurfacing Menu (2023),1637 W 93RD PL,8404.93,0.005648,41.723706685809,-87.664203433164,730300,1,170317303001
21,Alley Resurfacing Menu (2023),S MARSHFIELD AVE & W 81ST ST & S PAULINA ST & W 82ND ST,40724.53,0.027366,41.746688020298,-87.664586989053,710500,1,170317105001
21,Alley Resurfacing Menu (2023),W 88TH ST & S MORGAN ST & S CARPENTER ST & W 89TH ST,25923.2,0.01742,41.680563650515,-87.647179086124,530300,2,170315303002
21,Alley Speed Hump Removal Menu (2023),W 88TH ST & S MORGAN ST & S CARPENTER ST & W 89TH ST,0.0,0.0,41.680563650515,-87.647179086124,530300,2,170315303002
21,Alley Speed Hump Replacement (2023),S MARSHFIELD AVE & W 81ST ST & S PAULINA ST & W 82ND ST,0.0,0.0,41.746688020298,-87.664586989053,710500,1,170317105001
21,Concrete Alley Menu (2023),W 92ND ST & S ABERDEEN ST & S VINCENNES AVE & W 92ND PL,7269.57,0.004885,41.72309287433,-87.650308359403,730202,3,170317302023
21,Curb & Gutter Menu (2023),1110 W 90TH ST,7324.28,0.004922,41.730650757314,-87.651292536245,730202,2,170317302022
21,Curb & Gutter Menu (2023),1342 W 90TH ST,17336.4,0.01165,41.730509548928,-87.657335502062,730201,3,170317302013
21,Curb & Gutter Menu (2023),517-521 W 87TH ST S,14680.56,0.009865,41.458944037094,-87.52916942321,,,
21,Curb & Gutter Menu (2023),717 W 87TH ST,9218.91,0.006195,41.735714181203,-87.641902290118,711500,2,170317115002
21,Curb & Gutter Menu (2023),8749 S EMERALD AVE,7696.51,0.005172,41.73448170616,-87.642076298428,711500,2,170317115002
21,Curb & Gutter Menu (2023),8805 S UNION AVE,11810.89,0.007937,41.7341467234,-87.640845248308,711500,2,170317115002
21,Curb & Gutter Menu (2023),8911 S EMERALD AVE,5219.55,0.003507,41.732181167105,-87.642006225717,711500,2,170317115002
21,Curb & Gutter Menu (2023),9042 S EMERALD AVE,5259.18,0.003534,41.729456000835,-87.642518779096,711500,2,170317115002
21,Curb & Gutter Menu (2023),9132 S MARSHFIELD AVE,8757.77,0.005885,41.72747753641,-87.66433184392,730300,1,170317303001
21,Curb & Gutter Menu (2023),9215 S LOOMIS ST,10616.83,0.007134,41.726255915932,-87.657641576444,730201,5,170317302015
21,Miscellaneous CDOT Projects (2023),10900 S PARNELL AVE,660.0,0.000443,41.695930232152,-87.636727219278,491100,3,170314911003
21,Sidewalk Menu (2023),1222 W 97TH ST,11061.22,0.007433,41.718322276938,-87.65382336809,730400,2,170317304002
21,Sidewalk Menu (2023),720 W 118TH ST,13343.71,0.008967,41.679920294173,-87.640432523396,530200,4,170315302004
21,Sidewalk Menu (2023),8358 S MAY ST,13310.92,0.008945,41.741527198693,-87.65254998936,711000,1,170317110001
21,Sidewalk Menu (2023),8440 S THROOP ST,6213.94,0.004176,41.740174610978,-87.656163763095,711100,1,170317111001
21,Sidewalk Menu (2023),8512 S BISHOP ST,5858.08,0.003936,41.739042802592,-87.659794552093,711100,2,170317111002
21,Sidewalk Menu (2023),8714 S BISHOP ST,8119.38,0.005456,41.735289176803,-87.659684330067,711400,1,170317114001
21,Sidewalk Menu (2023),8745 S ELIZABETH ST,6424.59,0.004317,41.734620049472,-87.654241708878,711400,3,170317114003
21,Sidewalk Menu (2023),8749 S ELIZABETH ST,6599.22,0.004434,41.734466073911,-87.654258388865,711400,3,170317114003
21,Sidewalk Menu (2023),8801 S LAFLIN ST,25069.59,0.016846,41.733880220788,-87.660303920349,711400,1,170317114001
21,Sidewalk Menu (2023),8805 S THROOP ST,33673.36,0.022627,41.733866013463,-87.655368991036,711400,3,170317114003
21,Sidewalk Menu (2023),8811 S NORMAL AVE,21601.03,0.014515,41.733957669574,-87.635962202976,711500,1,170317115001
21,Sidewalk Menu (2023),8850 S EMERALD AVE,3355.47,0.002255,41.732874099041,-87.642615757716,711500,2,170317115002
21,Sidewalk Menu (2023),8913 S HALSTED ST,3196.08,0.002148,41.732092779936,-87.643155300824,711500,2,170317115002
21,Sidewalk Menu (2023),8919 S NORMAL AVE,11844.13,0.007959,41.731993119108,-87.635938733647,711500,1,170317115001
21,Sidewalk Menu (2023),8935 S CARPENTER ST,5926.38,0.003982,41.731277765581,-87.649267803714,730202,1,170317302021
21,Sidewalk Menu (2023),8959 S MARSHFIELD AVE,16044.36,0.010781,41.73040181479,-87.66381853617,730300,1,170317303001
21,Sidewalk Menu (2023),9001 S LAFLIN ST,49491.38,0.033257,41.73024163662,-87.660092025837,730201,4,170317302014
21,Sidewalk Menu (2023),9056 S MARSHFIELD AVE,17803.27,0.011963,41.72857523045,-87.664376519464,730300,1,170317303001
21,Sidewalk Menu (2023),9114 S LOWE AVE,5285.81,0.003552,41.728337226309,-87.640016613361,730100,3,170317301003
21,Sidewalk Menu (2023),9123 S EMERALD AVE,15788.68,0.01061,41.728055887729,-87.641901619566,730100,3,170317301003
21,Sidewalk Menu (2023),9132 S ABERDEEN ST,5929.25,0.003984,41.727666506417,-87.65095021932,730202,2,170317302022
21,Sidewalk Menu (2023),9144 S HALSTED ST,22439.86,0.015079,41.727410397365,-87.643728371544,730202,1,170317302021
21,Sidewalk Menu (2023),9215 S LOOMIS ST,5004.0,0.003363,41.726255915932,-87.657641576444,730201,5,170317302015
21,Sidewalk Menu (2023),9257 S MAY ST,4632.09,0.003113,41.725149462803,-87.6514817158,730202,2,170317302022
21,Sidewalk Menu (2023),9339 S MAY ST,7858.41,0.005281,41.723829313053,-87.651507364424,730202,2,170317302022
21,Sidewalk Menu (2023),9435 S JUSTINE ST,13319.89,0.008951,41.721996316557,-87.661227941355,730201,2,170317302012
21,Sidewalk Menu (2023),9442 S THROOP ST,2431.18,0.001634,41.721862038468,-87.655695214707,730201,5,170317302015
21,Sidewalk Menu (2023),9530 S VINCENNES AVE,17110.97,0.011498,41.720575374421,-87.651263283403,730400,4,170317304004
21,Street Resurfacing Menu (2023),8700-8800 S Aberdeen St,49528.61,0.033282,41.733998279895,-87.651129172952,711400,2,170317114002
21,Street Resurfacing Menu (2023),8500-8600 S Ada St,55626.8,0.03738,41.737568551552,-87.657321639199,711100,2,170317111002
21,Street Resurfacing Menu (2023),9500-9700 S Loomis St,121528.67,0.081664,41.721091154833,-87.657984144826,730400,2,170317304002
21,Street Resurfacing Menu (2023),9100-9300 S Marshfield Ave,134313.94,0.090255,41.728279558815,-87.664425637417,730300,1,170317303001
21,Street Resurfacing Menu (2023),9700-9800 S Morgan St,54600.51,0.03669,41.717427299226,-87.648259796038,730400,3,170317304003
21,Street Resurfacing Menu (2023),8800-8900 S Union Ave,52676.64,0.035397,41.732446077155,-87.641381438655,711500,2,170317115002
21,Street Resurfacing Menu (2023),9600-9700 S Union Ave,60362.93,0.040562,41.71772389287,-87.640990590509,730500,4,170317305004
21,Street Resurfacing Menu (2023),9500-9900 S Winston Ave,236924.96,0.159206,41.713825008699,-87.658321013515,730600,1,170317306001
21,Street Resurfacing Menu (2023),1630-1700 W 92nd Pl,43501.96,0.029232,41.72534607675,-87.681721952881,720100,2,170317201002
21,Street Resurfacing Menu (2023),1399-1300 W 98th Pl,59427.93,0.039934,41.715049686732,-87.655276549707,730400,4,170317304004
21,Street Speed Hump Menu (2023),8800-8900 S Normal Ave,4880.0,0.003279,41.732477593111,-87.63646478189,711500,1,170317115001
21,Street Speed Hump Menu (2023),8200-8300 S Sangamon St,388.33,0.000261,41.743125292353,-87.64785193263,711000,2,170317110002
21,Street Speed Hump Menu (2023),8600-8700 S Sangamon St,3472.94,0.002334,41.737691346434,-87.64766057378,711000,2,170317110002
21,Street Speed Hump Menu (2023),700-800 W 87th St,2440.0,0.00164,41.736506941606,-87.643823170869,711000,2,170317110002
21,Street Speed Hump Menu (2023),1400-1500 W 90th St,3656.87,0.002457,41.730468707767,-87.659553111372,730201,4,170317302014
21,Street Speed Hump Replacement (2023),8500-8600 S Ada St,0.0,0.0,41.737568551552,-87.657321639199,711100,2,170317111002
21,Street Speed Hump Replacement (2023),9500-9900 S Winston Ave,0.0,0.0,41.713825008699,-87.658321013515,730600,1,170317306001
21,Street Speed Hump Replacement (2023),1399-1300 W 98th Pl,0.0,0.0,41.715049686732,-87.655276549707,730400,4,170317304004
21,,W 93RD ST & S ASHLAND AVE & S BEVERLY AVE & W 93RD PL,8404.93,0.005648,41.724827010988,-87.662844978116,730300,1,170317303001
21,,9142-9160 S HALSTED ST,22439.86,0.015079,41.726995660796,-87.643728203906,730202,1,170317302021
21,,700-756 W 87TH ST,2440.0,0.00164,41.736461385962,-87.643390077932,710900,2,170317109002
22,Alley Apron Menu (2023),2414 S KEDVALE AVE,21256.01,0.015582,41.847350151207,-87.728187110148,301802,2,170313018022
22,Alley Apron Menu (2023),4501 S LA CROSSE AVE,12815.66,0.009395,41.811137270094,-87.744221271828,560200,2,170315602002
22,Alley Apron Menu (2023),W 25TH ST & S HOMAN AVE & S TRUMBULL AVE & W 26TH ST,23733.4,0.017398,41.851917617885,-87.711109233886,300700,1,170313007001
22,Alley Apron Menu (2023),W 30TH ST & S KEDVALE AVE & S KEELER AVE & W 31ST ST,29949.33,0.021954,41.838684981614,-87.728040007748,301803,2,170313018032
22,Alley Resurfacing Menu (2023),S HARDING AVE & W 28TH ST & W 30TH ST & S SPRINGFIELD AVE,24014.51,0.017604,41.84058201585,-87.723208008205,301702,2,170313017022
22,Alley Resurfacing Menu (2023),W 25TH ST & S HOMAN AVE & S TRUMBULL AVE & W 26TH ST,33044.6,0.024223,41.851917617885,-87.711109233886,300700,1,170313007001
22,Alley Resurfacing Menu (2023),W 25TH ST & S RIDGEWAY AVE & S HAMLIN AVE & W 26TH ST,40784.01,0.029897,41.846191981736,-87.718508023638,300600,2,170313006002
22,Alley Resurfacing Menu (2023),W 28TH ST & S KOLIN AVE & S KOSTNER AVE & W 30TH ST,36025.34,0.026409,41.838613986894,-87.734103979419,301801,1,170313018011
22,Alley Resurfacing Menu (2023),W 30TH ST & S KEDVALE AVE & S KEELER AVE & W 31ST ST,43548.45,0.031923,41.838684981614,-87.728040007748,301803,2,170313018032
22,Alley Resurfacing Menu (2023),W CERMAK RD & S HAMLIN AVE,21619.72,0.015848,41.851618006756,-87.719878967721,292400,2,170312924002
22,Alley Resurfacing Menu (2023),W CERMAK RD & S KOSTNER AVE & S KENNETH AVE & W OGDEN AVE,93105.87,0.068252,41.804071608867,-87.733570320158,570300,4,170315703004
22,Alley Speed Hump Menu (2023),S KARLOV AVE & W 26TH ST & W 27TH ST & S KOMENSKY AVE,725.0,0.000531,41.842402397582,-87.725720567501,301802,3,170313018023
22,Alley Speed Hump Menu (2023),S KILDARE AVE & W 28TH ST & W 30TH ST & S TRIPP AVE,2900.0,0.002126,41.840460603982,-87.731746401513,301801,1,170313018011
22,Alley Speed Hump Replacement (2023),S HARDING AVE & W 28TH ST & W 30TH ST & S SPRINGFIELD AVE,0.0,0.0,41.84058201585,-87.723208008205,301702,2,170313017022
22,Alley Speed Hump Replacement (2023),W 25TH ST & S HOMAN AVE & S TRUMBULL AVE & W 26TH ST,0.0,0.0,41.851917617885,-87.711109233886,300700,1,170313007001
22,Alley Speed Hump Replacement (2023),W 25TH ST & S RIDGEWAY AVE & S HAMLIN AVE & W 26TH ST,0.0,0.0,41.846191981736,-87.718508023638,300600,2,170313006002
22,Alley Speed Hump Replacement (2023),W 28TH ST & S KOLIN AVE & S KOSTNER AVE & W 30TH ST,0.0,0.0,41.838613986894,-87.734103979419,301801,1,170313018011
22,Alley Speed Hump Replacement (2023),W 30TH ST & S KEDVALE AVE & S KEELER AVE & W 31ST ST,0.0,0.0,41.838684981614,-87.728040007748,301803,2,170313018032
22,Alley Speed Hump Replacement (2023),W CERMAK RD & S HAMLIN AVE,0.0,0.0,41.851618006756,-87.719878967721,292400,2,170312924002
22,Alley Speed Hump Replacement (2023),W CERMAK RD & S KOSTNER AVE & S KENNETH AVE & W OGDEN AVE,0.0,0.0,41.804071608867,-87.733570320158,570300,4,170315703004
22,Arterial Street Bump Outs Menu (2023),2701 S KOSTNER AVE,6301.24,0.004619,41.84216883585,-87.733941873412,301801,2,170313018012
22,Arterial Street Bump Outs Menu (2023),W CERMAK RD & S KENNETH AVE,50000.0,0.036653,41.851304984582,-87.735625965398,843400,1,170318434001
22,Community Garden located at 3435 W 23rd Street,3435 W 23RD ST,39500.0,0.028956,41.849645786849,-87.71144300127,300700,1,170313007001
22,Curb & Gutter Menu (2023),2237 S CHRISTIANA AVE,48851.79,0.035811,41.850602539187,-87.70863389024,300800,1,170313008001
22,Curb & Gutter Menu (2023),2245 S KEELER AVE,79110.1,0.057992,41.850052853976,-87.72934096294,843400,1,170318434001
22,Diagonal Parking Menu (2023),4000-4100 W 25th Pl,54918.3,0.040258,41.845411081726,-87.726410481951,301802,1,170313018021
22,Miscellaneous CDOT Projects (2023),2800 S MILLARD AVE,660.0,0.000484,41.840572376661,-87.71620333554,301702,3,170313017023
22,Miscellaneous CDOT Projects (2023),3103 S KOMENSKY AVE,660.0,0.000484,41.836594735451,-87.725480434248,830500,1,170318305001
22,Pavement Markings Menu (2023),3251-3500 S KEDZIE AVE,9500.0,0.006964,41.833699383695,-87.7040630708,843500,1,170318435001
22,Pavement Markings Menu (2023),W CERMAK RD & S LAWNDALE AVE,8750.0,0.006414,41.851663520491,-87.717452825847,844700,2,170318447002
22,Sidewalk Menu (2023),2637 S AVERS AVE,3943.36,0.002891,41.843152368368,-87.720625711475,301701,1,170313017011
22,Sidewalk Menu (2023),2659 S ST LOUIS AVE,1089.61,0.000799,41.842723550202,-87.712030907959,301600,1,170313016001
22,Sidewalk Menu (2023),2711 S MILLARD AVE,2955.96,0.002167,41.842131117285,-87.715653817968,301701,2,170313017012
22,Sidewalk Menu (2023),2741 S MILLARD AVE,1264.12,0.000927,41.841324484833,-87.715666726099,301701,2,170313017012
22,Sidewalk Menu (2023),2744 S SPRINGFIELD AVE,1709.73,0.001253,41.841048049666,-87.722297984977,301701,3,170313017013
22,Sidewalk Menu (2023),3037 S KOMENSKY AVE,4331.72,0.003175,41.837580330594,-87.725326115138,301803,2,170313018032
22,Sidewalk Menu (2023),3109 S RIDGEWAY AVE,3407.75,0.002498,41.836675755604,-87.717984322327,830500,2,170318305002
22,Sidewalk Menu (2023),3226 S KEDVALE AVE,1916.52,0.001405,41.834163238217,-87.72820689144,830500,1,170318305001
22,Sidewalk Menu (2023),3350 S KEDZIE AVE,60000.0,0.043983,41.832438116815,-87.705104103175,830500,3,170318305003
22,Sidewalk Menu (2023),4221-4231 W 25TH PL,17462.87,0.012801,41.844816301877,-87.73076152789,301802,2,170313018022
22,Sidewalk Menu (2023),4316 S KILPATRICK AVE,511.33,0.000375,41.814402566205,-87.741167493044,560100,1,170315601001
22,Street Bump Outs Menu (2023),4400 S KNOX AVE,309.42,0.000227,41.813007859426,-87.739864358557,560100,1,170315601001
22,Street Bump Outs Menu (2023),S KARLOV AVE & W 25TH PL,12349.11,0.009053,41.845150991271,-87.726195989049,301802,1,170313018021
22,Street Bump Outs Menu (2023),S KNOX AVE & W 46TH ST,402.93,0.000295,41.809495590538,-87.739497566474,560100,1,170315601001
22,Street Light Upgrade Menu (2023),4182 W OGDEN AVE,500.0,0.000367,41.849707561475,-87.729350602128,843400,1,170318434001
22,Street Light Upgrade Menu (2023),4536 S LAPORTE AVE,500.0,0.000367,41.810108894394,-87.747172875212,560200,2,170315602002
22,Street Light Upgrade Menu (2023),4940 S LECLAIRE AVE,500.0,0.000367,41.802680977528,-87.750647844631,560300,2,170315603002
22,Street Resurfacing Menu (2023),2300-2400 S Avers Ave,47301.32,0.034674,41.84784677897,-87.721258712803,300500,2,170313005002
22,Street Resurfacing Menu (2023),2500-2600 S Homan Ave,51790.16,0.037965,41.844222695494,-87.710259308904,301600,1,170313016001
22,Street Resurfacing Menu (2023),3100-3200 S Kolin Ave,80527.14,0.059031,41.834306149666,-87.733095049734,830500,1,170318305001
22,Street Resurfacing Menu (2023),4800-4900 S Leclaire Ave,54080.2,0.039644,41.803750424554,-87.7506574,560300,2,170315603002
22,Street Resurfacing Menu (2023),2305-2200 S Springfield Ave,46622.89,0.034177,41.849521986139,-87.721747964491,300500,1,170313005001
22,Street Resurfacing Menu (2023),2300-2500 S Trumbull Ave,107645.37,0.07891,41.8461266448,-87.711496561631,300700,2,170313007002
22,Street Speed Hump Menu (2023),2200-2300 S Christiana Ave,4880.0,0.003577,41.849874571719,-87.708914372232,300800,1,170313008001
22,Street Speed Hump Menu (2023),3000-3100 S Harding Ave,4880.0,0.003577,41.838622201159,-87.723679657897,301702,2,170313017022
22,Street Speed Hump Menu (2023),2800-3000 S Karlov Ave,4880.0,0.003577,41.838579998276,-87.727117160208,301803,2,170313018032
22,Street Speed Hump Menu (2023),2800-3000 S Kedvale Ave,1220.0,0.000894,41.838554265834,-87.728309402116,301803,2,170313018032
22,Street Speed Hump Menu (2023),2600-2700 S Keeler Ave,4880.0,0.003577,41.842234424242,-87.729695182168,301803,1,170313018031
22,Street Speed Hump Menu (2023),3100-3200 S Keeler Ave,9760.0,0.007155,41.834985502919,-87.730743590617,830500,1,170318305001
22,Street Speed Hump Menu (2023),4700-4800 S Kilpatrick Ave,4880.0,0.003577,41.805702402166,-87.740936403973,560400,1,170315604001
22,Street Speed Hump Menu (2023),4400-4500 S Knox Ave,4880.0,0.003577,41.811193345027,-87.739857736854,560100,1,170315601001
22,Street Speed Hump Menu (2023),4600-4700 S Knox Ave,2440.0,0.001789,41.809360264712,-87.739810295282,560100,1,170315601001
22,Street Speed Hump Menu (2023),4800-4900 S Lamon Ave,4880.0,0.003577,41.803816515861,-87.745794555054,560300,2,170315603002
22,Street Speed Hump Menu (2023),4700-4799 W 43rd St,4880.0,0.003577,41.814857004802,-87.744215045391,560200,1,170315602001
22,Street Speed Hump Replacement (2023),2300-2400 S Avers Ave,0.0,0.0,41.84784677897,-87.721258712803,300500,2,170313005002
22,Street Traffic Circle Menu (2023),4600 S KEATING AVE,2474.32,0.001814,41.809332813979,-87.742268288388,560100,1,170315601001
22,,2500 S HOMAN AVE,23733.4,0.017398,41.846133559871,-87.710217734664,300700,2,170313007002
22,,3045 S KEELER AVE,29949.33,0.021954,41.837322251795,-87.728982217484,301803,2,170313018032
22,,2800-2859 S HARDING AVE,24014.51,0.017604,41.838879148401,-87.722918245812,301702,2,170313017022
22,,W CERMAK RD & S AVERS AVE,21619.72,0.015848,41.851612013696,-87.721093002577,292400,2,170312924002
22,,2800-2859 S HARDING AVE,0.0,0.0,41.838879148401,-87.722918245812,301702,2,170313017022
22,,W CERMAK RD & S AVERS AVE,0.0,0.0,41.851612013696,-87.721093002577,292400,2,170312924002
22,,S KOSTNER AVE & W 27TH ST,6301.24,0.004619,41.842287984603,-87.734217973302,301801,2,170313018012
22,,2600-3100 S Kostner Ave,6301.24,0.004619,41.758117583468,-87.733093205715,650500,3,170316505003
22,,3350 S KEDZIE AVE,9500.0,0.006964,41.832438116815,-87.705104103175,830500,3,170318305003
22,,S KNOX AVE & W 44TH ST,309.42,0.000227,41.813167199405,-87.739650871483,560100,1,170315601001
22,,4600 S KNOX AVE,402.93,0.000295,41.809360264712,-87.739810295282,560100,1,170315601001
22,,4518 S LAPORTE AVE,500.0,0.000367,41.810601205477,-87.747182430582,560200,2,170315602002
22,,2837 S KEDVALE AVE,1220.0,0.000894,41.839364125319,-87.727825933941,301803,2,170313018032
22,,S KEATING AVE & W 46TH ST,2474.32,0.001814,41.809467594982,-87.741982716947,560100,1,170315601001
23,Alley Apron Menu (2023),3701 W 60TH ST,14746.94,0.009923,41.784025082264,-87.715744007246,650100,1,170316501001
23,Alley Apron Menu (2023),5056 S LEAMINGTON AVE,23717.4,0.015959,41.800350766536,-87.751769762371,560300,2,170315603002
23,Alley Apron Menu (2023),5158 S NAGLE AVE,9001.17,0.006057,41.797973700705,-87.783461822096,560900,1,170315609001
23,Alley Apron Menu (2023),5200 S LAWNDALE AVE,10361.03,0.006972,41.798689305689,-87.716235102954,620100,2,170316201002
23,Alley Speed Hump Menu (2023),3904 W 62ND PL,725.0,0.000488,41.779807182858,-87.720633003731,650100,3,170316501003
23,Alley Speed Hump Menu (2023),5254 S KNOX AVE,725.0,0.000488,41.797163799311,-87.739722955851,835200,1,170318352001
23,Alley Speed Hump Menu (2023),S KENNETH AVE & W 68TH ST & W 68TH ST & S KILBOURN AVE,362.5,0.000244,41.769402013984,-87.733506014447,650500,3,170316505003
23,Alley Speed Hump Menu (2023),S KENNETH AVE & W MARQUETTE RD & W 68TH ST & S KOSTNER AVE,1450.0,0.000976,41.771227005763,-87.733564017216,650500,3,170316505003
23,Alley Speed Hump Menu (2023),W 51ST ST & S AVERS AVE & S SPRINGFIELD AVE & W 52ND ST,3625.0,0.002439,41.849672441301,-87.721356822979,300500,1,170313005001
23,Alley Speed Hump Menu (2023),W 54TH ST & S KARLOV AVE & S KEDVALE AVE & W 55TH ST,1450.0,0.000976,41.843746016661,-87.726964693389,301802,3,170313018023
23,Alley Speed Hump Menu (2023),W 54TH ST & S KEELER AVE & S KEDVALE AVE & W 55TH ST,2175.0,0.001464,41.84372099668,-87.729408604898,301802,3,170313018023
23,Alley Speed Hump Menu (2023),W 66TH ST & S PULASKI RD & S SPRINGFIELD AVE & W 66TH PL,1450.0,0.000976,41.772309989562,-87.720167975742,650302,2,170316503022
23,Bollard Menu (2023),5416 S MENARD AVE,4622.74,0.003111,41.79434173824,-87.767530003454,560800,2,170315608002
23,Curb & Gutter Menu (2023),3718 W 60TH PL,4873.05,0.003279,41.783534321833,-87.716349264475,650100,1,170316501001
23,Curb & Gutter Menu (2023),5118 S RIDGEWAY AVE,3645.23,0.002453,41.800026093517,-87.717504793647,620100,1,170316201001
23,Curb & Gutter Menu (2023),5125 S NORDICA AVE,3620.29,0.002436,41.798683522175,-87.797627657558,560900,5,170315609005
23,Curb & Gutter Menu (2023),5233 S HARDING AVE,2330.35,0.001568,41.797705815079,-87.721791634207,620100,2,170316201002
23,Curb & Gutter Menu (2023),5316 S NEWCASTLE AVE,17384.4,0.011698,41.795320744531,-87.793196396806,560900,4,170315609004
23,Curb & Gutter Menu (2023),5422 S NEWCASTLE AVE,4441.8,0.002989,41.793360343107,-87.793133029618,560900,4,170315609004
23,Miscellaneous CDOT Projects (2023),6801 S KILDARE AVE,660.0,0.000444,41.769339107801,-87.729578338438,650500,2,170316505002
23,Mural at Viaduct on West 63rd Street and South Central,W 63RD ST & S CENTRAL PARK AVE,100000.0,0.067289,41.778818998383,-87.712742028624,660500,4,170316605004
23,Park Pavement Markings Menu (2023),7520-7600 S Pulaski Rd,3500.0,0.002355,41.7540478342,-87.723139695694,650500,3,170316505003
23,Pavement Markings Menu (2023),6000-6360 W 55th St,19000.0,0.012785,41.792755337336,-87.772251613332,560800,3,170315608003
23,Sidewalk Menu (2023),3807 W 60TH ST,4024.32,0.002708,41.783968420599,-87.718397801611,650100,4,170316501004
23,Sidewalk Menu (2023),3810 W 69TH PL,3156.45,0.002124,41.767087770517,-87.718081720042,650400,5,170316504005
23,Sidewalk Menu (2023),3843 W 63RD ST,42415.81,0.028541,41.778473538243,-87.719446880612,650302,1,170316503021
23,Sidewalk Menu (2023),3852 W 62ND ST,4751.82,0.003197,41.780748973498,-87.720011820886,650100,3,170316501003
23,Sidewalk Menu (2023),3919 W 62ND PL,591.46,0.000398,41.779395002769,-87.721192747225,650100,3,170316501003
23,Sidewalk Menu (2023),3925-3929 W 62ND ST,5164.29,0.003475,41.780311563881,-87.721545709167,650100,3,170316501003
23,Sidewalk Menu (2023),5001 S LA CROSSE AVE,11940.44,0.008035,41.802004348394,-87.743980878845,560300,2,170315603002
23,Sidewalk Menu (2023),5056 S LEAMINGTON AVE,4209.84,0.002833,41.800350766536,-87.751769762371,560300,2,170315603002
23,Sidewalk Menu (2023),5140 S MASSASOIT AVE,2883.58,0.00194,41.798783434461,-87.766434740166,560800,1,170315608001
23,Sidewalk Menu (2023),5150 S LINDER AVE,2119.54,0.001426,41.798603223543,-87.760323159285,560700,2,170315607002
23,Sidewalk Menu (2023),5200 S LARAMIE AVE,2207.15,0.001485,41.798239071759,-87.752977007885,560700,2,170315607002
23,Sidewalk Menu (2023),5201 S LOCKWOOD AVE,13447.69,0.009049,41.798206424247,-87.754869976898,560700,2,170315607002
23,Sidewalk Menu (2023),5201 S NASHVILLE AVE,3077.76,0.002071,41.797655356022,-87.786556504567,560900,2,170315609002
23,Sidewalk Menu (2023),5204 S MEADE AVE,2495.22,0.001679,41.797782928589,-87.774943126261,560800,3,170315608003
23,Sidewalk Menu (2023),5230 S NEVA AVE,3014.46,0.002028,41.796684438268,-87.800672802981,560900,5,170315609005
23,Sidewalk Menu (2023),5231 S NATOMA AVE,581.36,0.000391,41.796878688874,-87.787811443111,560900,2,170315609002
23,Sidewalk Menu (2023),5244-5248 S RUTHERFORD AVE,1448.14,0.000974,41.796282903196,-87.790770087294,560900,3,170315609003
23,Sidewalk Menu (2023),5300 S MCVICKER AVE,5835.69,0.003927,41.796083288172,-87.77367586632,560800,3,170315608003
23,Sidewalk Menu (2023),5302 S MCVICKER AVE,1700.82,0.001144,41.796000810245,-87.773647954582,560800,3,170315608003
23,Sidewalk Menu (2023),5317 S KOSTNER AVE,427.54,0.000288,41.796239401119,-87.7327949776,620200,2,170316202002
23,Sidewalk Menu (2023),5318 S MEADE AVE,1214.88,0.000817,41.795562604347,-87.774892331928,560800,3,170315608003
23,Sidewalk Menu (2023),5320 S AVERS AVE,557.2,0.000375,41.796282400282,-87.719863964114,620100,2,170316201002
23,Sidewalk Menu (2023),5325 S NEVA AVE,1232.44,0.000829,41.794984211118,-87.800079615694,560900,6,170315609006
23,Sidewalk Menu (2023),5349 S SAYRE AVE,2427.94,0.001634,41.794402758495,-87.79624321861,560900,6,170315609006
23,Sidewalk Menu (2023),5400 S MOBILE AVE,581.36,0.000391,41.794141117388,-87.779702287065,560800,5,170315608005
23,Sidewalk Menu (2023),5401 S AVERS AVE,12262.34,0.008251,41.79498844398,-87.719287205357,620100,3,170316201003
23,Sidewalk Menu (2023),6722 S KOMENSKY AVE,3850.72,0.002591,41.770678242562,-87.724045611789,650500,1,170316505001
23,Sidewalk Menu (2023),6730 S KOLIN AVE,4158.18,0.002798,41.770348330853,-87.731358570853,650500,2,170316505002
23,Sidewalk Menu (2023),6800 S KARLOV AVE,15142.18,0.010189,41.76940151107,-87.7252739797,650500,1,170316505001
23,Sidewalk Menu (2023),6811 S KENNETH AVE,1105.47,0.000744,41.769045615461,-87.733211725826,650500,3,170316505003
23,Sidewalk Menu (2023),7150 S MILLARD AVE,1800.98,0.001212,41.762715560274,-87.714072655753,650400,3,170316504003
23,Sidewalk Menu (2023),7230 S CENTRAL PARK AVE,2325.14,0.001565,41.761465902329,-87.712970770762,650400,3,170316504003
23,Sidewalk Menu (2023),7256 S HAMLIN AVE,2587.92,0.001741,41.760651768074,-87.717684920746,650400,3,170316504003
23,Sidewalk Menu (2023),3800-3900 W 62nd Pl,96574.4,0.064984,41.779803955825,-87.720508281011,650100,3,170316501003
23,Street Bump Outs Menu (2023),5101 S MULLIGAN AVE,8000.0,0.005383,41.799565130751,-87.780536705526,560800,5,170315608005
23,Street Bump Outs Menu (2023),5101 S NAGLE AVE,8000.0,0.005383,41.799529046658,-87.782965026695,560900,1,170315609001
23,Street Bump Outs Menu (2023),5319 S MASSASOIT AVE,8000.0,0.005383,41.795751658173,-87.7658033314,560800,1,170315608001
23,Street Light Upgrade Menu (2023),5122 S NASHVILLE AVE,500.0,0.000336,41.798876850772,-87.787165282195,560900,2,170315609002
23,Street Light Upgrade Menu (2023),5421 S MELVINA AVE,500.0,0.000336,41.792381926685,-87.776821286155,561100,5,170315611005
23,Street Resurfacing Menu (2023),3554-3600 W 65TH ST,6062.73,0.00408,41.775544146903,-87.71314151013,650302,1,170316503021
23,Street Resurfacing Menu (2023),6500-6530 S Central Park Ave,12888.75,0.008673,41.784952837664,-87.713414061712,650100,1,170316501001
23,Street Resurfacing Menu (2023),7200-7300 S Central Park Ave,52383.67,0.035248,41.76228908904,-87.713000023604,650400,3,170316504003
23,Street Resurfacing Menu (2023),5300-5500 S Hamlin Ave,108982.46,0.073333,41.796827307808,-87.718626711387,620100,2,170316201002
23,Street Resurfacing Menu (2023),6200-6230 S Hamlin Ave,39071.39,0.026291,41.779841045747,-87.719187125433,650100,3,170316501003
23,Street Resurfacing Menu (2023),6849-6800 S Kenneth Ave,45123.91,0.030363,41.769271423933,-87.733798039953,650500,3,170316505003
23,Street Resurfacing Menu (2023),6100-6130 S Lawndale Ave,28907.17,0.019451,41.781444879997,-87.715554399554,650100,2,170316501002
23,Street Resurfacing Menu (2023),5200-5300 S Merrimac Ave,55254.58,0.03718,41.795988488847,-87.77853661579,560800,5,170315608005
23,Street Resurfacing Menu (2023),5200-5300 S Mobile Ave,55460.1,0.037319,41.795972730869,-87.779753081398,560800,5,170315608005
23,Street Resurfacing Menu (2023),5300-5400 S Mobile Ave,53661.21,0.036108,41.794141117388,-87.779702287065,560800,5,170315608005
23,Street Resurfacing Menu (2023),5200-5300 S Mulligan Ave,60245.69,0.040539,41.795932958739,-87.780973151224,560800,5,170315608005
23,Street Resurfacing Menu (2023),5400-5500 S Nashville Ave,55779.07,0.037533,41.794040911735,-87.787026477878,560900,2,170315609002
23,Street Resurfacing Menu (2023),5399-5500 S Oak Park Ave,56513.06,0.038027,41.792056187622,-87.791603741021,561000,4,170315610004
23,Street Resurfacing Menu (2023),5730-5800 S Springfield Ave,26485.43,0.017822,41.787732230523,-87.720655427087,620400,3,170316204003
23,Street Resurfacing Menu (2023),3900-4000 W 61st St,57662.06,0.0388,41.782543036054,-87.720641972367,650100,4,170316501004
23,Street Resurfacing Menu (2023),3800-3900 W 62nd Pl,60453.49,0.040679,41.779803955825,-87.720508281011,650100,3,170316501003
23,Street Resurfacing Menu (2023),3600-3700 W 64th Pl,52142.47,0.035086,41.776254052192,-87.715585421638,650302,1,170316503021
23,Street Resurfacing Menu (2023),3604-3560 W 64th St,11274.05,0.007586,41.777198776499,-87.713226251171,650302,1,170316503021
23,Street Speed Hump Menu (2023),5400-5500 S Avers Ave,4880.0,0.003284,41.794982115643,-87.719797327984,620100,3,170316201003
23,Street Speed Hump Menu (2023),5400-5500 S Kedvale Ave,4880.0,0.003284,41.794860075132,-87.727189998947,620200,1,170316202001
23,Street Speed Hump Menu (2023),6700-6800 S Kostner Ave,4880.0,0.003284,41.769311740887,-87.732534970964,650500,3,170316505003
23,Street Speed Hump Menu (2023),6100-6300 S Lawndale Ave,9760.0,0.006567,41.778710424488,-87.715478488396,650302,1,170316503021
23,Street Speed Hump Menu (2023),6000-6030 S Springfield Ave,2440.0,0.001642,41.783172379398,-87.720499234851,650100,4,170316501004
23,Street Speed Hump Menu (2023),4000-4200 W 54th St,9760.0,0.006567,41.795087120173,-87.728623563838,620200,1,170316202001
23,Street Speed Hump Menu (2023),3700-3800 W 56th St,4880.0,0.003284,41.791663971633,-87.718410458285,620400,4,170316204004
23,Street Speed Hump Menu (2023),3800-3900 W 58th St,4880.0,0.003284,41.788070440194,-87.720732161645,620400,3,170316204003
23,Street Speed Hump Menu (2023),3900-4000 W 61st St,4880.0,0.003284,41.782543036054,-87.720641972367,650100,4,170316501004
23,Street Speed Hump Menu (2023),3400-3500 W 62nd St,4880.0,0.003284,41.780911289053,-87.710648396849,660400,3,170316604003
23,Street Speed Hump Menu (2023),3700-3800 W 69th Pl,4880.0,0.003284,41.767111994218,-87.717738564926,650400,5,170316504005
23,Street Speed Hump Replacement (2023),7200-7300 S Central Park Ave,0.0,0.0,41.76228908904,-87.713000023604,650400,3,170316504003
23,Street Speed Hump Replacement (2023),6200-6230 S Hamlin Ave,0.0,0.0,41.779841045747,-87.719187125433,650100,3,170316501003
23,Street Speed Hump Replacement (2023),5730-5800 S Springfield Ave,0.0,0.0,41.787732230523,-87.720655427087,620400,3,170316204003
23,Street Speed Hump Replacement (2023),3800-3900 W 62nd Pl,0.0,0.0,41.779803955825,-87.720508281011,650100,3,170316501003
23,Street Traffic Circle Menu (2023),W 62ND PL & S SPRINGFIELD AVE,2061.42,0.001387,41.779620182598,-87.720363190267,650100,3,170316501003
23,,3700 W 60TH PL,14746.94,0.009923,41.783534950476,-87.715700672807,650100,1,170316501001
23,,5157 S NATCHEZ AVE,9001.17,0.006057,41.797972569148,-87.784167159248,560900,1,170315609001
23,,5201 S RIDGEWAY AVE,10361.03,0.006972,41.798682767804,-87.716939266639,620100,2,170316201002
23,,6834 S KENNETH AVE,362.5,0.000244,41.76826400299,-87.733692008878,650500,3,170316505003
23,,5100 S MULLIGAN AVE,8000.0,0.005383,41.799553647544,-87.781101897257,560800,5,170315608005
23,,5100 S NAGLE AVE,8000.0,0.005383,41.799516599532,-87.783521752704,560900,1,170315609001
23,,5320 S MASSASOIT AVE,8000.0,0.005383,41.795680789182,-87.766332564767,560800,1,170315608001
23,,W 65TH ST & S CENTRAL PARK AVE,6062.73,0.00408,41.775155017048,-87.712650498241,660500,3,170316605003
24,Alley Apron Menu (2023),1433-1435 S HAMLIN AVE,14252.6,0.009502,41.861576629738,-87.719939987976,838700,1,170318387001
24,Alley Resurfacing Menu (2023),3254 W FLOURNOY ST,19057.3,0.012705,41.873107907303,-87.708007762073,837300,2,170318373002
24,Alley Resurfacing Menu (2023),S KEDZIE AVE & W DOUGLAS BLVD & W 13TH ST & S SAWYER AVE,50596.07,0.033731,41.86298751359,-87.705565862221,843100,1,170318431001
24,Alley Resurfacing Menu (2023),S SPRINGFIELD AVE & W 16TH ST & W 18TH ST & S HARDING AVE,24282.15,0.016188,41.858912190357,-87.722502503415,838700,2,170318387002
24,Alley Resurfacing Menu (2023),S SPRINGFIELD AVE & W FLOURNOY ST & S INDEPENDENCE BLVD & W LEXINGTON ST,950.0,0.000633,41.871709009573,-87.719743013251,270500,1,170312705001
24,Alley Speed Hump Menu (2023),S INDEPENDENCE BLVD & W POLK ST & W LEXINGTON ST & S SPRINGFIELD AVE,2175.0,0.00145,41.87081759417,-87.719682831187,270500,1,170312705001
24,Alley Speed Hump Menu (2023),W 16TH ST & S LAWNDALE AVE & S MILLARD AVE & W OGDEN AVE,249.56,0.000166,41.858967008003,-87.717660026493,838700,4,170318387004
24,Alley Speed Hump Replacement (2023),S SPRINGFIELD AVE & W 16TH ST & W 18TH ST & S HARDING AVE,0.0,0.0,41.858912190357,-87.722502503415,838700,2,170318387002
24,Arterial Street Bump Outs Menu (2023),W 21ST ST & S PULASKI RD,160000.0,0.106667,41.853534989922,-87.724794031924,292400,2,170312924002
24,Miscellaneous CDOT Projects (2023),1140 S KILDARE AVE,660.0,0.00044,41.86664439387,-87.732552823473,843000,2,170318430002
24,Miscellaneous CDOT Projects (2023),1158 S KEELER AVE,37000.0,0.024667,41.866268106674,-87.730365734422,843000,2,170318430002
24,Miscellaneous CDOT Projects (2023),1239 S TROY ST,75.0,5e-05,41.865194342968,-87.70406139442,843100,1,170318431001
24,Miscellaneous CDOT Projects (2023),1664 S CHRISTIANA AVE,150.0,0.0001,41.856980999865,-87.709272004529,841500,2,170318415002
24,Miscellaneous CDOT Projects (2023),1801 S HOMAN AVE,150.0,0.0001,41.857130533018,-87.709992596745,841500,2,170318415002
24,Miscellaneous CDOT Projects (2023),1819 S TRUMBULL AVE,150.0,0.0001,41.856611357935,-87.711128596082,292200,1,170312922001
24,Miscellaneous CDOT Projects (2023),3412 W OGDEN AVE,60.0,4e-05,41.85636078094,-87.710917958855,292200,1,170312922001
24,Miscellaneous CDOT Projects (2023),3712 W ROOSEVELT RD,150.0,0.0001,41.866535489385,-87.718449266496,843000,1,170318430001
24,Sidewalk Menu (2023),1401-1459 S KOLIN AVE,117272.31,0.078182,41.861339735204,-87.733503725919,290900,3,170312909003
24,Sidewalk Menu (2023),2149 S DRAKE AVE,60000.0,0.04,41.852097577347,-87.713457591698,844700,1,170318447001
24,Sidewalk Menu (2023),3615 W ROOSEVELT RD,22843.51,0.015229,41.866053990957,-87.716159917282,838700,1,170318387001
24,Sidewalk Menu (2023),4628-4634 W VAN BUREN ST,9179.76,0.00612,41.875325046422,-87.741550546019,252202,3,170312522023
24,Sidewalk Menu (2023),4706-4742 W FLOURNOY ST,52696.43,0.035131,41.87255327677,-87.744251698136,831400,1,170318314001
24,Sidewalk Menu (2023),600 S TRIPP AVE,28029.81,0.018687,41.873111553431,-87.732005821416,261000,1,170312610001
24,Sidewalk Menu (2023),812 S KEELER AVE,4070.58,0.002714,41.870367988884,-87.730490289503,261000,2,170312610002
24,Sidewalk Menu (2023),3543-3600 W 13th Pl,12098.98,0.008066,41.863879725274,-87.714634410904,291200,2,170312912002
24,Sidewalk Menu (2023),4200-4230 W 14th St,32699.92,0.0218,41.862487751037,-87.731255599732,290900,4,170312909004
24,Speed Indicator Signs (2023),W 23RD ST & S MARSHALL BLVD,14000.0,0.009333,41.850028001633,-87.699021020764,840700,2,170318407002
24,Street Resurfacing Menu (2023),1600-1800 S WASHTENAW AVE,70019.56,0.04668,41.859133682148,-87.69347153031,291600,1,170312916001
24,Street Resurfacing Menu (2023),3400-3560 W ARTHINGTON ST,73874.21,0.049249,41.870037041249,-87.714593450553,271500,1,170312715001
24,Street Resurfacing Menu (2023),1600-1900 S Hamlin Ave,132029.78,0.08802,41.854917207665,-87.720259338487,292400,1,170312924001
24,Street Resurfacing Menu (2023),500-600 S Kilpatrick Ave,31780.25,0.021187,41.872669137268,-87.742597291761,831400,1,170318314001
24,Street Resurfacing Menu (2023),1800-1900 S Komensky Ave,69294.74,0.046196,41.856910256602,-87.726352563,292500,1,170312925001
24,Street Resurfacing Menu (2023),1900-2000 S Troy St,60134.58,0.04009,41.855368828026,-87.70420477297,843100,2,170318431002
24,Street Resurfacing Menu (2023),3100-3200 W 15th Pl,53933.4,0.035956,41.860349016199,-87.703079035367,843100,1,170318431001
24,Street Resurfacing Menu (2023),4330-4400 W 15th St,20786.53,0.013858,41.860627359704,-87.734847180963,290900,3,170312909003
24,Street Resurfacing Menu (2023),3900-4000 W Arthington St,61837.43,0.041225,41.870099348887,-87.723078004887,260900,2,170312609002
24,Street Resurfacing Menu (2023),3800-4000 W Flournoy St,104985.52,0.06999,41.872641348528,-87.720421499014,260900,1,170312609001
24,Street Speed Hump Menu (2023),1600-1700 S Kedvale Ave,4880.0,0.003253,41.858764077465,-87.728693611315,292500,1,170312925001
24,Street Speed Hump Menu (2023),1800-1900 S Lawndale Ave,4880.0,0.003253,41.854948933169,-87.718063112217,292200,3,170312922003
24,Street Speed Hump Menu (2023),1500-1600 S Spaulding Ave,2440.0,0.001627,41.858807793753,-87.708190236105,841500,2,170318415002
24,Street Speed Hump Menu (2023),1200-1300 S St Louis Ave,4880.0,0.003253,41.864067280953,-87.713001196602,291200,2,170312912002
24,Street Speed Hump Menu (2023),1900-2000 S Troy St,0.0,0.0,41.855368828026,-87.70420477297,843100,2,170318431002
24,Street Speed Hump Menu (2023),4400-4800 W Fifth Ave,7123.51,0.004749,41.870486131809,-87.735316840809,261000,1,170312610001
24,Street Speed Hump Menu (2023),4000-4100 W Grenshaw St,4880.0,0.003253,41.867320664165,-87.727900616698,843000,2,170318430002
24,Street Speed Hump Menu (2023),4000-4130 W Harrison St,3660.0,0.00244,41.873666644969,-87.728878449522,260700,2,170312607002
24,Street Speed Hump Menu (2023),5000-5100 W Polk St,9760.0,0.006507,41.870471631116,-87.750147612649,831400,1,170318314001
24,Street Speed Hump Replacement (2023),3400-3560 W ARTHINGTON ST,0.0,0.0,41.870037041249,-87.714593450553,271500,1,170312715001
24,Street Speed Hump Replacement (2023),1600-1900 S Hamlin Ave,0.0,0.0,41.854917207665,-87.720259338487,292400,1,170312924001
24,Street Speed Hump Replacement (2023),1800-1900 S Komensky Ave,0.0,0.0,41.856910256602,-87.726352563,292500,1,170312925001
24,Street Speed Hump Replacement (2023),3900-4000 W Arthington St,0.0,0.0,41.870099348887,-87.723078004887,260900,2,170312609002
24,,W FLOURNOY ST & S SPAULDING AVE & S KEDZIE AVE & W HARRISON ST,19057.3,0.012705,41.872750000038,-87.708306241645,837300,2,170318373002
24,,3818 W POLK ST,2175.0,0.00145,41.870844145577,-87.720722112697,260900,1,170312609001
24,,1249 S TROY ST,75.0,5e-05,41.864885721293,-87.70405359925,843100,1,170318431001
24,,1257 S TROY ST,75.0,5e-05,41.864714940016,-87.704049575936,843100,1,170318431001
24,,1229 S TROY ST,75.0,5e-05,41.865480123956,-87.704120570656,843100,1,170318431001
24,,1237 S TROY ST,75.0,5e-05,41.865262948845,-87.704063154619,843100,1,170318431001
24,,1245 S TROY ST,75.0,5e-05,41.865057215032,-87.704057957839,843100,1,170318431001
24,,1247 S TROY ST,75.0,5e-05,41.864988609154,-87.70405619764,843100,1,170318431001
24,,1255 S TROY ST,75.0,5e-05,41.864782833431,-87.70405100086,843100,1,170318431001
24,,3418 W OGDEN AVE,60.0,4e-05,41.856278428741,-87.711199423164,292200,1,170312922001
24,,3400 W OGDEN AVE,60.0,4e-05,41.856648489766,-87.71038252288,292200,1,170312922001
24,,3408 W OGDEN AVE,60.0,4e-05,41.856388818406,-87.710833972185,292200,1,170312922001
24,,3414 W OGDEN AVE,60.0,4e-05,41.856345358238,-87.711009656876,292200,1,170312922001
24,,W 24TH BLVD & S CALIFORNIA AVE,14000.0,0.009333,41.847917983238,-87.69532401473,301200,3,170313012003
24,,3400-3600 W Arthington St,73874.21,0.049249,41.870017046742,-87.715620593882,270500,1,170312705001
24,,1500 S SPAULDING AVE,2440.0,0.001627,41.860772302309,-87.708248574151,841500,2,170318415002
24,,4000-4100 W HARRISON ST,3660.0,0.00244,41.873474036947,-87.72796362115,260700,2,170312607002
24,,3400-3600 W Arthington St,0.0,0.0,41.870017046742,-87.715620593882,270500,1,170312705001
25,Alley Apron Menu (2023),1819 S CARPENTER ST,40259.44,0.02684,41.857421343148,-87.65289884417,310400,1,170313104001
25,Alley Apron Menu (2023),1913 S SHELBY CT,15797.62,0.010532,41.856248086251,-87.650499608205,310300,1,170313103001
25,Alley Apron Menu (2023),1931 S SHELBY CT,21349.31,0.014233,41.8557374188,-87.65053724295,310300,1,170313103001
25,Alley Resurfacing Menu (2023),2345 W 23RD ST,17718.22,0.011812,41.850055159,-87.684935735392,841300,2,170318413002
25,Alley Resurfacing Menu (2023),S ALLPORT ST & W 18TH ST & W 19TH ST & S THROOP ST,36025.34,0.024017,41.857949989782,-87.657664039944,310600,1,170313106001
25,Alley Resurfacing Menu (2023),S ASHLAND AVE & W 18TH ST & W 18TH PL & S PAULINA ST,52267.03,0.034845,41.857816005059,-87.6662259864,310800,1,170313108001
25,Alley Resurfacing Menu (2023),S WOOD ST & W 19TH ST & W CULLERTON ST & S WOLCOTT AVE,43027.78,0.028685,41.854980281487,-87.673468621296,310900,1,170313109001
25,Alley Resurfacing Menu (2023),W 18TH PL & S OAKLEY AVE & S WESTERN AVE & W 18TH PL,39101.09,0.026067,41.856671581909,-87.683316519336,841200,2,170318412002
25,Alley Resurfacing Menu (2023),W 18TH ST & S MAY ST & S RACINE AVE & W 19TH ST,61206.92,0.040805,41.85663000767,-87.656375992883,310500,1,170313105001
25,Alley Resurfacing Menu (2023),W 19TH ST & S ASHLAND AVE & S PAULINA ST & W CULLERTON ST,22766.18,0.015177,41.855986989968,-87.666152980023,310800,2,170313108002
25,Alley Resurfacing Menu (2023),W 19TH ST & S WOLCOTT AVE & S DAMEN AVE & W CULLERTON ST,21396.27,0.014264,41.854938120514,-87.675938097609,310900,3,170313109003
25,Alley Resurfacing Menu (2023),W 21ST ST & S WOLCOTT AVE & S DAMEN AVE & W 21ST PL,20794.87,0.013863,41.854067115045,-87.673451689851,310900,1,170313109001
25,Alley Speed Hump Replacement (2023),S ALLPORT ST & W 18TH ST & W 19TH ST & S THROOP ST,0.0,0.0,41.857949989782,-87.657664039944,310600,1,170313106001
25,Alley Speed Hump Replacement (2023),W 18TH PL & S OAKLEY AVE & S WESTERN AVE & W 18TH PL,0.0,0.0,41.856671581909,-87.683316519336,841200,2,170318412002
25,Alley Speed Hump Replacement (2023),W 18TH ST & S MAY ST & S RACINE AVE & W 19TH ST,0.0,0.0,41.85663000767,-87.656375992883,310500,1,170313105001
25,Alley Speed Hump Replacement (2023),W 19TH ST & S WOLCOTT AVE & S DAMEN AVE & W CULLERTON ST,0.0,0.0,41.854938120514,-87.675938097609,310900,3,170313109003
25,Alley Speed Hump Replacement (2023),W 21ST ST & S WOLCOTT AVE & S DAMEN AVE & W 21ST PL,0.0,0.0,41.854067115045,-87.673451689851,310900,1,170313109001
25,Arterial Street Bump Outs Menu (2023),S CALIFORNIA AVE & W 18TH ST,50000.0,0.033333,41.857404998437,-87.695625008873,291600,1,170312916001
25,Arterial Street Bump Outs Menu (2023),S RACINE AVE & W CULLERTON ST,32530.18,0.021687,41.855216986432,-87.656351014812,310600,3,170313106003
25,Bollard Menu (2023),2429 S OAKLEY AVE,27000.0,0.018,41.847542012971,-87.682851156072,841300,3,170318413003
25,Curb & Gutter Menu (2023),1037 W 19TH ST,66771.0,0.044514,41.856462118149,-87.653014262977,310400,1,170313104001
25,Curb & Gutter Menu (2023),2059 W 22ND PL,19061.17,0.012707,41.850967487251,-87.678106160685,843200,1,170318432001
25,Curb & Gutter Menu (2023),1900-2000 W 17th St,142203.08,0.094802,41.858874052697,-87.673757629317,310900,1,170313109001
25,Miscellaneous CDOT Projects (2023),1358 S MORGAN ST,660.0,0.00044,41.863869247895,-87.650128541351,841900,2,170318419002
25,Miscellaneous CDOT Projects (2023),W 17TH ST & S HALSTED ST,660.0,0.00044,41.859173999102,-87.646718028768,310300,1,170313103001
25,Pavement Markings Menu (2023),W CERMAK RD & S HOYNE AVE,30000.0,0.02,41.852159980616,-87.678301459029,841200,1,170318412001
25,Sidewalk Menu (2023),1126 W 17TH ST,4600.02,0.003067,41.859087246405,-87.6545514202,310600,1,170313106001
25,Sidewalk Menu (2023),1130 W 18TH ST,2561.07,0.001707,41.858104007253,-87.654647979725,310600,1,170313106001
25,Sidewalk Menu (2023),1524 S PEORIA ST,6047.18,0.004031,41.860874142433,-87.649309377954,841900,2,170318419002
25,Sidewalk Menu (2023),1532 W CULLERTON ST,6971.04,0.004647,41.855279054425,-87.665063164972,310700,1,170313107001
25,Sidewalk Menu (2023),1643 W 19TH ST,9921.05,0.006614,41.855737041615,-87.667888536895,310800,3,170313108003
25,Sidewalk Menu (2023),1751 W 21ST ST,4544.11,0.003029,41.853898345425,-87.670558173056,310800,3,170313108003
25,Sidewalk Menu (2023),1803 W 21ST PL,6626.17,0.004417,41.852976042709,-87.67122528873,310900,2,170313109002
25,Sidewalk Menu (2023),1830 W 18TH ST,3164.34,0.00211,41.857919940659,-87.672337734919,310900,1,170313109001
25,Sidewalk Menu (2023),1830 W CERMAK RD,2745.13,0.00183,41.852435577592,-87.672216616418,310900,2,170313109002
25,Sidewalk Menu (2023),1842 S RACINE AVE,4922.3,0.003282,41.856681598284,-87.656632898216,310600,2,170313106002
25,Sidewalk Menu (2023),1913-1915 S SHELBY CT,12048.44,0.008032,41.85617202048,-87.650527603762,310300,1,170313103001
25,Sidewalk Menu (2023),1925-1927 S SHELBY CT,12438.7,0.008292,41.855887538686,-87.650515366183,310300,1,170313103001
25,Sidewalk Menu (2023),1950 W 19TH ST,19423.27,0.012949,41.855626400493,-87.675381790695,310900,1,170313109001
25,Sidewalk Menu (2023),1950 W 21ST PL,9406.12,0.006271,41.853294932215,-87.675437530352,310900,2,170313109002
25,Sidewalk Menu (2023),2000 W 21ST PL,2636.95,0.001758,41.8533265739,-87.676041781751,310900,3,170313109003
25,Sidewalk Menu (2023),2102 W 22ND PL,11943.82,0.007963,41.851446093922,-87.678534643575,841300,1,170318413001
25,Sidewalk Menu (2023),2104-2106 S OAKLEY AVE,12668.93,0.008446,41.853683559156,-87.683446522655,841200,2,170318412002
25,Sidewalk Menu (2023),2126 W CULLERTON ST,17434.35,0.011623,41.855087863214,-87.67952110976,841200,3,170318412003
25,Sidewalk Menu (2023),2133 W CULLERTON ST,7158.82,0.004773,41.854716754451,-87.679700063392,841200,3,170318412003
25,Sidewalk Menu (2023),2138 W CERMAK RD,3599.32,0.0024,41.852313620901,-87.679868874922,841200,1,170318412001
25,Sidewalk Menu (2023),2148 W 23RD ST,6503.74,0.004336,41.850493658264,-87.680170707256,841300,1,170318413001
25,Sidewalk Menu (2023),2155 W 22ND PL,9381.34,0.006254,41.850999254664,-87.680367933437,841300,1,170318413001
25,Sidewalk Menu (2023),2211 W 18TH PL,20415.83,0.013611,41.85643433214,-87.681339396015,841200,3,170318412003
25,Sidewalk Menu (2023),2218 W 23RD ST,7028.15,0.004685,41.850470943307,-87.681519355477,841300,1,170318413001
25,Sidewalk Menu (2023),2222 W CULLERTON ST,10375.91,0.006917,41.855056347258,-87.681752372385,841200,3,170318412003
25,Sidewalk Menu (2023),2241 W 23RD PL,9967.67,0.006645,41.849176777457,-87.682296357901,841300,2,170318413002
25,Sidewalk Menu (2023),2251 W 21ST ST,3718.04,0.002479,41.853689468398,-87.682782424466,841200,1,170318412001
25,Sidewalk Menu (2023),2253 W 21ST PL,9897.34,0.006598,41.852777182056,-87.682858783604,841200,1,170318412001
25,Sidewalk Menu (2023),2259 W 21ST PL,19974.1,0.013316,41.85280454897,-87.683052489386,841200,1,170318412001
25,Sidewalk Menu (2023),2314-2330 W 23RD PL,26718.61,0.017812,41.849508784641,-87.68436459251,841300,2,170318413002
25,Sidewalk Menu (2023),2314 S SEELEY AVE,5799.87,0.003867,41.849840163183,-87.677465280368,843200,1,170318432001
25,Sidewalk Menu (2023),2339 W 22ND PL,5346.67,0.003564,41.85096585278,-87.684714536967,841300,2,170318413002
25,Sidewalk Menu (2023),2343 W 22ND PL,9009.93,0.006007,41.85096413449,-87.684870272728,841300,2,170318413002
25,Sidewalk Menu (2023),950 W 19TH ST,4643.67,0.003096,41.856863653221,-87.650254437537,310300,1,170313103001
25,Street Light Upgrade Menu (2023),2107 S ASHLAND AVE,166.67,0.000111,41.853882838904,-87.665605222651,310700,1,170313107001
25,Street Resurfacing Menu (2023),2400-2500 S Whipple St,67256.3,0.044838,41.846252079981,-87.701764920588,300900,1,170313009001
25,Street Resurfacing Menu (2023),1900-2000 W 17th St,77796.92,0.051865,41.858874052697,-87.673757629317,310900,1,170313109001
25,Street Resurfacing Menu (2023),2600-2700 W 19th St,60245.69,0.040164,41.855884730749,-87.691339174142,840700,3,170318407003
25,Street Resurfacing Menu (2023),2600-2800 W 23rd Pl,116798.41,0.077866,41.849426516262,-87.690686810618,301200,3,170313012003
25,Street Speed Hump Menu (2023),1600-1700 S Paulina St,2440.0,0.001627,41.858547619478,-87.66891565531,310800,1,170313108001
25,Street Speed Hump Menu (2023),1700-1800 S Wood St,2440.0,0.001627,41.857678319586,-87.671156972251,310900,1,170313109001
25,Street Speed Hump Menu (2023),1800-1900 S Wood St,4880.0,0.003253,41.855854853152,-87.67112108448,310900,1,170313109001
25,Street Speed Hump Menu (2023),900-800 W 14th Pl,4880.0,0.003253,41.863703495759,-87.648925738246,841900,2,170318419002
25,Street Speed Hump Menu (2023),2100-2200 W 18th Pl,4880.0,0.003253,41.856967756458,-87.678604381009,841200,2,170318412002
25,Street Speed Hump Menu (2023),2000-1900 W 21st Pl,4880.0,0.003253,41.853305451504,-87.673589739797,310900,2,170313109002
25,Street Speed Hump Menu (2023),2200-2240 W 24th St,2440.0,0.001627,41.848656093631,-87.682283868865,841300,2,170318413002
25,Street Speed Hump Replacement (2023),1900-2000 W 17th St,0.0,0.0,41.858874052697,-87.673757629317,310900,1,170313109001
25,Street Speed Hump Replacement (2023),2600-2800 W 23rd Pl,0.0,0.0,41.849426516262,-87.690686810618,301200,3,170313012003
25,,W 23RD PL & S WESTERN AVE & S OAKLEY AVE & W 23RD ST,17718.22,0.011812,41.849326981161,-87.685658003989,841300,2,170318413002
25,,1927 W 19TH ST,21396.27,0.014264,41.855649786003,-87.674583833513,310900,1,170313109001
25,,1941 W 21ST ST,20794.87,0.013863,41.853825590505,-87.675083897857,310900,2,170313109002
25,,1927 W 19TH ST,0.0,0.0,41.855649786003,-87.674583833513,310900,1,170313109001
25,,1941 W 21ST ST,0.0,0.0,41.853825590505,-87.675083897857,310900,2,170313109002
25,,2219 W 18TH PL,20415.83,0.013611,41.856461740963,-87.68171817422,841200,3,170318412003
25,,S ASHLAND AVE & W 21ST ST & W CERMAK RD & S BLUE ISLAND AVE,166.67,0.000111,41.852353979765,-87.666092965596,310800,3,170313108003
25,,2100-2200 S Ashland Ave,166.67,0.000111,41.853962215527,-87.666578613066,310800,3,170313108003
26,Alley Resurfacing Menu (2023),1715 N SPAULDING AVE,32859.19,0.022476,41.912423517514,-87.709868628397,230200,1,170312302001
26,Alley Resurfacing Menu (2023),2500 W AUGUSTA BLVD,21033.77,0.014387,41.899580891197,-87.689577046637,242500,1,170312425001
26,Alley Resurfacing Menu (2023),N MAPLEWOOD AVE & W HIRSCH ST & W POTOMAC AVE & N ROCKWELL ST,21257.22,0.01454,41.904803613156,-87.69208818101,242600,1,170312426001
26,Alley Resurfacing Menu (2023),W ARMITAGE AVE & N LAWNDALE AVE & N RIDGEWAY AVE & W CORTLAND ST,43693.31,0.029886,41.917268006093,-87.719240015242,220901,1,170312209011
26,Alley Resurfacing Menu (2023),W ARMITAGE AVE & N MONTICELLO AVE & N CENTRAL PARK AVE & W CORTLAND ST,58955.82,0.040326,41.888720547122,-87.717160737604,231500,5,170312315005
26,Alley Resurfacing Menu (2023),W ARMITAGE AVE & N ST LOUIS AVE & W CORTLAND ST & N KIMBALL AVE,35362.14,0.024188,41.917351196482,-87.713529005513,221000,2,170312210002
26,Alley Resurfacing Menu (2023),W EVERGREEN AVE & N SPAULDING AVE & N HOMAN AVE & W HIRSCH ST,45711.47,0.031267,41.905595912554,-87.709335287898,230900,2,170312309002
26,Alley Resurfacing Menu (2023),W LE MOYNE ST & N HOMAN AVE & N ST LOUIS AVE & W BEACH AVE,18151.72,0.012416,41.907293206038,-87.714274911077,230800,1,170312308001
26,Alley Resurfacing Menu (2023),W NORTH AVE & N HARDING AVE & N PULASKI RD & W LE MOYNE ST,44446.88,0.030402,41.909964979584,-87.725300969428,230400,2,170312304002
26,Alley Resurfacing Menu (2023),W NORTH AVE & N KEELER AVE & N KEDVALE AVE & W GRAND AVE,30967.12,0.021182,41.963291737234,-87.731352452064,140500,3,170311405003
26,Alley Resurfacing Menu (2023),W POTOMAC AVE & N SPAULDING AVE & N KEDZIE AVE & W EVERGREEN AVE,62502.4,0.042752,41.90469510942,-87.709308801084,230900,2,170312309002
26,Alley Resurfacing Menu (2023),W WABANSIA AVE & N MONTICELLO AVE & N CENTRAL PARK AVE & W BLOOMINGDALE AVE,36550.64,0.025001,41.913566012827,-87.716676996889,230400,1,170312304001
26,Alley Speed Hump Menu (2023),W ARMITAGE AVE & N SPAULDING AVE & N KIMBALL AVE & W DICKENS AVE,725.0,0.000496,41.917362009137,-87.71027003774,221100,2,170312211002
26,Alley Speed Hump Replacement (2023),1715 N SPAULDING AVE,0.0,0.0,41.912423517514,-87.709868628397,230200,1,170312302001
26,Alley Speed Hump Replacement (2023),N MAPLEWOOD AVE & W HIRSCH ST & W POTOMAC AVE & N ROCKWELL ST,0.0,0.0,41.904803613156,-87.69208818101,242600,1,170312426001
26,Alley Speed Hump Replacement (2023),W ARMITAGE AVE & N ST LOUIS AVE & W CORTLAND ST & N KIMBALL AVE,0.0,0.0,41.917351196482,-87.713529005513,221000,2,170312210002
26,Alley Speed Hump Replacement (2023),W AUGUSTA BLVD & N ROCKWELL ST & N CAMPBELL AVE & W CORTEZ ST,0.0,0.0,41.899349005846,-87.691903024768,242600,3,170312426003
26,Alley Speed Hump Replacement (2023),W EVERGREEN AVE & N SPAULDING AVE & N HOMAN AVE & W HIRSCH ST,0.0,0.0,41.905595912554,-87.709335287898,230900,2,170312309002
26,Alley Speed Hump Replacement (2023),W LE MOYNE ST & N HOMAN AVE & N ST LOUIS AVE & W BEACH AVE,0.0,0.0,41.907293206038,-87.714274911077,230800,1,170312308001
26,Alley Speed Hump Replacement (2023),W NORTH AVE & N HARDING AVE & N PULASKI RD & W LE MOYNE ST,0.0,0.0,41.909964979584,-87.725300969428,230400,2,170312304002
26,Alley Speed Hump Replacement (2023),W NORTH AVE & N KEELER AVE & N KEDVALE AVE & W GRAND AVE,0.0,0.0,41.963291737234,-87.731352452064,140500,3,170311405003
26,Alley Speed Hump Replacement (2023),W POTOMAC AVE & N SPAULDING AVE & N KEDZIE AVE & W EVERGREEN AVE,0.0,0.0,41.90469510942,-87.709308801084,230900,2,170312309002
26,Alley Speed Hump Replacement (2023),W WABANSIA AVE & N MONTICELLO AVE & N CENTRAL PARK AVE & W BLOOMINGDALE AVE,0.0,0.0,41.913566012827,-87.716676996889,230400,1,170312304001
26,Curb & Gutter Menu (2023),2745-2759 W EVERGREEN AVE,37932.58,0.025946,41.905576005534,-87.69574302607,242600,1,170312426001
26,Curb & Gutter Menu (2023),3300-3400 W Beach Ave,18700.24,0.012791,41.90751981079,-87.711995536327,230900,3,170312309003
26,Curb & Gutter Menu (2023),3935-4000 W Shakespeare Ave,39558.71,0.027058,41.919635181278,-87.725593916944,220901,3,170312209013
26,Sidewalk Menu (2023),3658 W LE MOYNE ST,42302.47,0.028935,41.908231918058,-87.71916682404,230700,1,170312307001
26,Sidewalk Menu (2023),1600-1700 N Keystone Ave,93054.53,0.06365,41.911843070719,-87.727882511787,230500,1,170312305001
26,Sidewalk Menu (2023),1600-1700 N Troy St,76420.75,0.052272,41.912229015451,-87.705830981818,230100,1,170312301001
26,Sidewalk Menu (2023),1700-1800 N Troy St,114303.48,0.078184,41.912229015451,-87.705830981818,230100,1,170312301001
26,Sidewalk Menu (2023),3500-3599 W Evergreen Ave,1907.47,0.001305,41.905711834275,-87.714384043456,230800,1,170312308001
26,Street Light Residential Staggered Piggy Back Menu (2023),1500 N SPAULDING AVE,89500.0,0.061218,41.908353336189,-87.709478616641,230900,1,170312309001
26,Street Resurfacing Menu (2023),2000-2100 N Lawndale Ave,64757.21,0.044294,41.919197879514,-87.719352074539,220901,1,170312209011
26,Street Resurfacing Menu (2023),3400-3500 W Beach Ave,65160.06,0.04457,41.907525384756,-87.714441794769,230800,1,170312308001
26,Street Resurfacing Menu (2023),3935-4000 W Shakespeare Ave,25601.42,0.017511,41.919635181278,-87.725593916944,220901,3,170312209013
26,Street Resurfacing Menu (2023),W HIRSCH ST & N LAWNDALE AVE,34193.07,0.023388,41.906376016283,-87.71911898056,230700,1,170312307001
26,Street Speed Hump Menu (2023),1340-1400 N Spaulding Ave,2440.0,0.001669,41.908658067562,-87.709482531203,230900,1,170312309001
26,Street Speed Hump Replacement (2023),3400-3500 W Beach Ave,0.0,0.0,41.907525384756,-87.714441794769,230800,1,170312308001
26,,N SPAULDING AVE & W WABANSIA AVE & W BLOOMINGDALE AVE & N SAWYER AVE,32859.19,0.022476,41.913682018367,-87.708529032631,222700,1,170312227001
26,,W AUGUSTA BLVD & N ROCKWELL ST & N CAMPBELL AVE & W CORTEZ ST,21033.77,0.014387,41.899349005846,-87.691903024768,242600,3,170312426003
26,,1300 N MAPLEWOOD AVE,21257.22,0.01454,41.904932610646,-87.69129860573,241100,2,170312411002
26,,3401 W ARMITAGE AVE,35362.14,0.024188,41.917074216491,-87.712119253218,222700,2,170312227002
26,,3401 W LE MOYNE ST,18151.72,0.012416,41.907997327814,-87.712012216315,230900,3,170312309003
26,,4141 W NORTH AVE,30967.12,0.021182,41.909553847234,-87.730605456853,230600,3,170312306003
26,,N SPAULDING AVE & W WABANSIA AVE & W BLOOMINGDALE AVE & N SAWYER AVE,0.0,0.0,41.913682018367,-87.708529032631,222700,1,170312227001
26,,1300 N MAPLEWOOD AVE,0.0,0.0,41.904932610646,-87.69129860573,241100,2,170312411002
26,,3401 W ARMITAGE AVE,0.0,0.0,41.917074216491,-87.712119253218,222700,2,170312227002
26,,3401 W LE MOYNE ST,0.0,0.0,41.907997327814,-87.712012216315,230900,3,170312309003
26,,4141 W NORTH AVE,0.0,0.0,41.909553847234,-87.730605456853,230600,3,170312306003
26,,3315-3325 W BEACH AVE,18700.24,0.012791,41.906980225773,-87.710370788216,230900,1,170312309001
26,,3547 W EVERGREEN AVE,1907.47,0.001305,41.905281884552,-87.716143321114,230800,1,170312308001
26,,1500-1600 N Spaulding Ave,89500.0,0.061218,41.910199621417,-87.710143922786,230200,1,170312302001
26,,3640-3700 W Hirsch St,34193.07,0.023388,41.906569470608,-87.718321945387,230700,1,170312307001
27,1 PTZ - SE S Maplewood Ave & W Wilcox St,S MAPLEWOOD AVE & W WILCOX ST,3000.0,0.002,41.87932028057,-87.690110303317,280800,1,170312808001
27,Alley Apron Menu (2023),1538 N THROOP ST,24199.31,0.016133,41.910234038676,-87.660736761829,842300,1,170318423001
27,Alley Resurfacing Menu (2023),N CAMPBELL AVE & W WASHINGTON BLVD & W MAYPOLE AVE & N TALMAN AVE,50505.7,0.03367,41.883010203896,-87.688553280983,837800,1,170318378001
27,Bollard Menu (2023),N LAWNDALE AVE & W THOMAS ST,3784.01,0.002523,41.900920989877,-87.718934997785,231200,1,170312312001
27,Curb & Gutter Menu (2023),1135-1199 N Cleaver St,58197.93,0.038799,41.902793381318,-87.663461718552,242000,3,170312420003
27,Miscellaneous CDOT Projects (2023),204 S ASHLAND AVE,119.91,8e-05,41.878636778276,-87.667159898052,838100,2,170318381002
27,Miscellaneous CDOT Projects (2023),630 W EVERGREEN AVE,660.0,0.00044,41.906491015994,-87.644672006203,842200,1,170318422001
27,Pavement Markings Menu (2023),1600-2400 W Washington Blvd,20100.0,0.0134,41.883418989313,-87.667316974917,280400,1,170312804001
27,Sidewalk Menu (2023),1134 W HUBBARD ST,55637.11,0.037091,41.890197141045,-87.656080698434,243500,1,170312435001
27,Sidewalk Menu (2023),2635-2637 W MONROE ST,4118.11,0.002745,41.880007387083,-87.69280148097,837400,2,170318374002
27,Sidewalk Menu (2023),2841 W MONROE ST,2345.49,0.001564,41.879965603296,-87.697892397501,837000,2,170318370002
27,Sidewalk Menu (2023),2901 W WALNUT ST,8509.57,0.005673,41.88527097082,-87.699038958037,837100,2,170318371002
27,Sidewalk Menu (2023),2934 W JACKSON BLVD,4501.63,0.003001,41.877628393414,-87.700051575759,837000,1,170318370001
27,Sidewalk Menu (2023),3036 W WARREN BLVD,12033.05,0.008022,41.882116567289,-87.702747363459,836900,1,170318369001
27,Sidewalk Menu (2023),310-320 N LAFLIN ST,27897.11,0.018598,41.887097429432,-87.664623115056,833000,2,170318330002
27,Sidewalk Menu (2023),318 S THROOP ST,5118.75,0.003413,41.877109721246,-87.659776782459,833100,1,170318331001
27,Sidewalk Menu (2023),439 N CENTRAL PARK BLVD,929.86,0.00062,41.889293697611,-87.715860515701,231500,5,170312315005
27,Sidewalk Menu (2023),524-528 N HOMAN AVE,10064.03,0.006709,41.891044258089,-87.711846003175,231500,5,170312315005
27,Sidewalk Menu (2023),527 N TROY ST,1905.51,0.00127,41.891160515086,-87.704838983577,836700,2,170318367002
27,Sidewalk Menu (2023),639 W SCOTT ST,70446.71,0.046964,41.90497365959,-87.644363110736,842200,1,170318422001
27,Sidewalk Menu (2023),934 N CROSBY ST,3269.66,0.00218,41.899666679976,-87.643731724305,842200,1,170318422001
27,Sidewalk Menu (2023),40-200 N Ashland Ave,82956.34,0.055304,41.885329110675,-87.66709898151,280400,1,170312804001
27,Sidewalk Menu (2023),800-900 N Elizabeth St,34037.06,0.022691,41.896274984766,-87.660098982817,842300,1,170318423001
27,Sidewalk Menu (2023),3600-3700 W Augusta Blvd,36397.62,0.024265,41.899171130413,-87.718955484603,231200,1,170312312001
27,Sidewalk Menu (2023),1300-1400 W Chestnut St,48673.82,0.032449,41.898159613785,-87.662626880995,242000,2,170312420002
27,Speed Indicator Signs (2023),1449-1497 W JACKSON BLVD,14000.0,0.009333,41.877728908731,-87.664257355374,833100,2,170318331002
27,Speed Indicator Signs (2023),W WASHINGTON BLVD & N DAMEN AVE,14000.0,0.009333,41.883143895251,-87.676734126954,837800,2,170318378002
27,Street Bump Outs Menu (2023),W WASHINGTON BLVD & N DAMEN AVE,33000.0,0.022,41.883143895251,-87.676734126954,837800,2,170318378002
27,Street Light Pole for High Definition Camera Menu (2023),N CHRISTIANA AVE & W OHIO ST,6000.0,0.004,41.891854997674,-87.710102986409,836700,1,170318367001
27,Street Light Pole for High Definition Camera Menu (2023),N SAWYER AVE & W OHIO ST,3000.0,0.002,41.891896991009,-87.707690004123,836700,1,170318367001
27,Street Light Residential Staggered Piggy Back Menu (2023),200-300 N Hoyne Ave,163000.0,0.108667,41.887238060818,-87.679343885111,837800,2,170318378002
27,Street Light Residential Staggered Piggy Back Menu (2023),1000-1100 N Monticello Ave,173000.0,0.115333,41.899224953679,-87.717938640955,231200,1,170312312001
27,Street Light Upgrade Menu (2023),2256 W MONROE ST,500.0,0.000333,41.880164966863,-87.683732932286,838000,1,170318380001
27,Street Resurfacing Menu (2023),1100-1200 N Lawndale Ave,52993.9,0.035329,41.901035360946,-87.719221323598,231200,1,170312312001
27,Street Resurfacing Menu (2023),1400-1600 N North Park Ave,150664.74,0.100443,41.907721311742,-87.636885888705,080300,3,170310803003
27,Street Resurfacing Menu (2023),900-1000 N Willard Ct,44890.61,0.029927,41.898608598374,-87.658610414397,842300,1,170318423001
27,Street Resurfacing Menu (2023),100-200 S Seeley Ave,33998.3,0.022666,41.879870091509,-87.677677677794,838000,1,170318380001
27,Street Resurfacing Menu (2023),2560-2800 W Monroe St,130379.5,0.08692,41.88024299957,-87.69636769426,837000,2,170318370002
27,Street Resurfacing Menu (2023),3340-3400 W Rice St,24544.47,0.016363,41.89663561615,-87.710515795141,836600,1,170318366001
27,Street Resurfacing Menu (2023),520-600 W Scott St,64449.73,0.042966,41.905096054247,-87.643324331275,842200,1,170318422001
27,Street Speed Hump Menu (2023),1100-1200 N Lawndale Ave,4880.0,0.003253,41.901035360946,-87.719221323598,231200,1,170312312001
27,Street Speed Hump Menu (2023),1300-1500 N Mohawk St,2900.88,0.001934,41.909317393745,-87.642464212907,080400,3,170310804003
27,Street Speed Hump Menu (2023),900-1000 N Willard Ct,4880.0,0.003253,41.898608598374,-87.658610414397,842300,1,170318423001
27,Street Speed Hump Replacement (2023),1400-1600 N North Park Ave,0.0,0.0,41.907721311742,-87.636885888705,080300,3,170310803003
27,,200-250 N Francisco Ave,8509.57,0.005673,41.884483993931,-87.698968969145,837100,2,170318371002
27,,2218 W MONROE ST,500.0,0.000333,41.880110735949,-87.682318150849,838000,1,170318380001
27,,2202 W MONROE ST,500.0,0.000333,41.880136007387,-87.681779781208,838000,1,170318380001
28,Alley Resurfacing Menu (2023),W ADAMS ST & S KENTON AVE & S KILPATRICK AVE & W JACKSON BLVD,26912.01,0.019189,41.876901808137,-87.742704482629,252202,1,170312522021
28,Alley Resurfacing Menu (2023),W MADISON ST & S KEELER AVE & S KILDARE AVE & W MONROE ST,38825.31,0.027683,41.880626013447,-87.730537982532,260700,1,170312607001
28,Alley Resurfacing Menu (2023),W MADISON ST & S KENTON AVE & S KILPATRICK AVE & W MONROE ST,28366.66,0.020226,41.749310508254,-87.7368230269,700200,2,170317002002
28,Alley Resurfacing Menu (2023),W WASHINGTON BLVD & N LAVERGNE AVE & N LECLAIRE AVE & W WEST END AVE,43888.35,0.031293,41.881769011673,-87.750179966795,251800,5,170312518005
28,Alley Resurfacing Menu (2023),W WILCOX ST & S KILDARE AVE & S KEELER AVE & W MONROE ST,38763.51,0.027639,41.878794986698,-87.732935961212,260600,1,170312606001
28,Alley Resurfacing Menu (2023),W WILCOX ST & S KILDARE AVE & S KOSTNER AVE & W MONROE ST,16599.55,0.011836,41.878794986698,-87.732935961212,260600,1,170312606001
28,Alley Speed Hump Menu (2023),3900 W GLADYS AVE,362.5,0.000258,41.876466871182,-87.723291156685,260800,2,170312608002
28,Alley Speed Hump Menu (2023),W 15TH PL & S WASHTENAW AVE & S ROCKWELL ST & W 15TH ST,725.0,0.000517,41.860214989567,-87.69321697191,843300,1,170318433001
28,Alley Speed Hump Menu (2023),W LAKE ST & N HAMLIN AVE & N HARDING AVE & W MAYPOLE AVE,4350.0,0.003102,41.884048805518,-87.724580796307,260100,1,170312601001
28,Alley Speed Hump Menu (2023),W TAYLOR ST & S ASHLAND AVE & S LAFLIN ST & W FILLMORE ST,725.0,0.000517,41.869285005084,-87.666523963058,283100,2,170312831002
28,Alley Speed Hump Replacement (2023),W ADAMS ST & S KENTON AVE & S KILPATRICK AVE & W JACKSON BLVD,0.0,0.0,41.876901808137,-87.742704482629,252202,1,170312522021
28,Alley Speed Hump Replacement (2023),W WASHINGTON BLVD & N LAVERGNE AVE & N LECLAIRE AVE & W WEST END AVE,0.0,0.0,41.881769011673,-87.750179966795,251800,5,170312518005
28,Alley Speed Hump Replacement (2023),W WILCOX ST & S KILDARE AVE & S KOSTNER AVE & W MONROE ST,0.0,0.0,41.878794986698,-87.732935961212,260600,1,170312606001
28,Bollard Menu (2023),1025 W MAXWELL ST,6955.72,0.00496,41.864428781841,-87.651934590029,283800,2,170312838002
28,Bollard Menu (2023),150-151 N LAMON AVE,2069.22,0.001475,41.883439039406,-87.747757963114,251800,4,170312518004
28,Curb & Gutter Menu (2023),205 N KEYSTONE AVE,7165.4,0.005109,41.883622166646,-87.726711559913,260200,1,170312602001
28,Floodlight Menu (2023),2630 W JACKSON BLVD,1900.0,0.001355,41.877983241285,-87.691822893774,837400,2,170318374002
28,Sidewalk Menu (2023),1240 S DAMEN AVE,45211.8,0.032237,41.865421660182,-87.676811911015,842900,1,170318429001
28,Sidewalk Menu (2023),2901 W FLOURNOY ST,12322.16,0.008786,41.872669827134,-87.698689013579,271800,1,170312718001
28,Sidewalk Menu (2023),3139 W MONROE ST,5764.41,0.00411,41.879379959721,-87.704429024693,271200,1,170312712001
28,Sidewalk Menu (2023),3819 W ADAMS ST,2357.82,0.001681,41.877806927952,-87.721503296737,260800,1,170312608001
28,Sidewalk Menu (2023),4917 W FULTON ST,1453.41,0.001036,41.885643595962,-87.748663837772,251800,5,170312518005
28,Sidewalk Menu (2023),W VAN BUREN ST & S KILBOURN AVE,6988.82,0.004983,41.87511658849,-87.737738624093,260500,1,170312605001
28,Street Light Arterial Menu (2023),4800-5200 W Washington Blvd,660000.0,0.470595,41.882594838684,-87.755340956038,251900,2,170312519002
28,Street Light Upgrade Menu (2023),200-300 S Keeler Ave,1000.0,0.000713,41.876594316333,-87.7305001751,260600,2,170312606002
28,Street Resurfacing Menu (2023),N KILPATRICK AVE & W LAKE ST & W FULTON ST & N KILPATRICK AVE,17520.58,0.012493,41.885395986906,-87.742963986352,251800,3,170312518003
28,Street Resurfacing Menu (2023),1-120 S Albany Ave,50689.72,0.036143,41.879290022099,-87.702981437333,271200,1,170312712001
28,Street Resurfacing Menu (2023),250-200 S Kildare Ave,11647.86,0.008305,41.877778927172,-87.732977680897,260600,2,170312606002
28,Street Resurfacing Menu (2023),4600-4700 W Erie St,49796.06,0.035506,41.89255999955,-87.74360469903,251700,1,170312517001
28,Street Resurfacing Menu (2023),4700-5000 W Monroe St,172383.06,0.122913,41.879694742095,-87.749545792001,252201,1,170312522011
28,Street Resurfacing Menu (2023),4700-4800 W Race Ave,13153.06,0.009378,41.89077582764,-87.7433856799,251700,1,170312517001
28,Street Resurfacing Menu (2023),4700-4800 W Superior St,59782.27,0.042626,41.89434593166,-87.743663204714,251700,1,170312517001
28,Street Resurfacing Menu (2023),4700-4800 W Van Buren St,54673.54,0.038983,41.875276934297,-87.742808837324,252202,3,170312522023
28,Street Speed Hump Menu (2023),100-150 N Lavergne Ave,2440.0,0.00174,41.883280894313,-87.750328572572,251800,2,170312518002
28,Street Speed Hump Replacement (2023),4600-4700 W Erie St,0.0,0.0,41.89255999955,-87.74360469903,251700,1,170312517001
28,Street Speed Hump Replacement (2023),4600-5000 W Monroe St,0.0,0.0,41.879694742095,-87.749545792001,252201,1,170312522011
28,Street Speed Hump Replacement (2023),4700-4800 W Van Buren St,0.0,0.0,41.875276934297,-87.742808837324,252202,3,170312522023
28,,4358 W WILCOX ST,16599.55,0.011836,41.878975407164,-87.73522757354,260600,1,170312606001
28,,W GLADYS AVE & S SPRINGFIELD AVE & S PULASKI RD & W JACKSON BLVD,362.5,0.000258,41.876222999709,-87.723060989623,260800,2,170312608002
28,,1531 W TAYLOR ST,725.0,0.000517,41.869115020088,-87.66553598813,283100,1,170312831001
28,,4358 W WILCOX ST,0.0,0.0,41.878975407164,-87.73522757354,260600,1,170312606001
29,Alley Resurfacing Menu (2023),5606 W WABANSIA AVE,14383.02,0.00959,41.911319746595,-87.76595915098,250400,2,170312504002
29,Alley Resurfacing Menu (2023),N HARLEM AVE & W WELLINGTON AVE & N NEVA AVE & W BARRY AVE,44708.37,0.02981,41.934513981424,-87.806569974779,180100,5,170311801005
29,Alley Resurfacing Menu (2023),N MAYFIELD AVE & W NORTH AVE & W LE MOYNE ST & N MONITOR AVE,18407.23,0.012273,41.909346981863,-87.773210000141,250400,3,170312504003
29,Alley Resurfacing Menu (2023),N MAYFIELD AVE & W RICE ST & W CHICAGO AVE & N MENARD AVE,11222.86,0.007483,41.895664195482,-87.772341467334,251300,5,170312513005
29,Alley Resurfacing Menu (2023),N MONITOR AVE & W THOMAS ST & W DIVISION ST & N MAYFIELD AVE,20686.65,0.013793,41.902056989214,-87.772926021262,250600,3,170312506003
29,Alley Resurfacing Menu (2023),N NATCHEZ AVE & W NORTH AVE & N NAGLE AVE & W WABANSIA AVE,53686.13,0.035796,41.910952996421,-87.78665499193,250500,2,170312505002
29,Alley Resurfacing Menu (2023),N NEWLAND AVE & W PALMER ST & W MEDILL AVE & N SAYRE AVE,22973.35,0.015318,41.919933493212,-87.799735287111,250500,6,170312505006
29,Alley Resurfacing Menu (2023),N OCONTO AVE & W BARRY AVE & W WELLINGTON AVE & N HARLEM AVE,20222.05,0.013483,41.934362981438,-87.806564023628,180100,5,170311801005
29,Alley Resurfacing Menu (2023),N OCONTO AVE & W SCHOOL ST & W BELMONT AVE & N HARLEM AVE,28602.06,0.019071,41.937998003297,-87.806710036381,171000,6,170311710006
29,Alley Resurfacing Menu (2023),N OLCOTT AVE & W BELMONT AVE & W SCHOOL ST & N OSCEOLA AVE,18053.03,0.012037,41.93797700663,-87.814047973516,170800,2,170311708002
29,Alley Resurfacing Menu (2023),S LARAMIE AVE & W GLADYS AVE & W VAN BUREN ST & S LOCKWOOD AVE,38188.37,0.025462,41.874803314858,-87.757547994963,252102,3,170312521023
29,Alley Resurfacing Menu (2023),W BLOOMINGDALE AVE & N NARRAGANSETT AVE & N MOBILE AVE & W WABANSIA AVE,34670.36,0.023117,41.912788004574,-87.785079026495,250400,5,170312504005
29,Alley Speed Hump Menu (2023),N MAJOR AVE & W NORTH AVE & W WABANSIA AVE & N MANGO AVE,3625.0,0.002417,41.911143391352,-87.769171263915,250400,2,170312504002
29,Alley Speed Hump Menu (2023),N OCONTO AVE & W BARRY AVE & W WELLINGTON AVE & N HARLEM AVE,0.0,0.0,41.934362981438,-87.806564023628,180100,5,170311801005
29,Alley Speed Hump Menu (2023),W ERIE ST & N MAYFIELD AVE & N MENARD AVE & W OHIO ST,1450.0,0.000967,41.891939990172,-87.772183971373,251400,3,170312514003
29,Alley Speed Hump Menu (2023),W GLADYS AVE & S LAVERGNE AVE & S LEAMINGTON AVE & W JACKSON BLVD,3484.77,0.002324,41.876705881151,-87.753397527967,252201,2,170312522012
29,Alley Speed Hump Replacement (2023),5606 W WABANSIA AVE,0.0,0.0,41.911319746595,-87.76595915098,250400,2,170312504002
29,Alley Speed Hump Replacement (2023),N HARLEM AVE & W WELLINGTON AVE & N NEVA AVE & W BARRY AVE,0.0,0.0,41.934513981424,-87.806569974779,180100,5,170311801005
29,Alley Speed Hump Replacement (2023),N MAYFIELD AVE & W NORTH AVE & W LE MOYNE ST & N MONITOR AVE,0.0,0.0,41.909346981863,-87.773210000141,250400,3,170312504003
29,Alley Speed Hump Replacement (2023),N MAYFIELD AVE & W RICE ST & W CHICAGO AVE & N MENARD AVE,0.0,0.0,41.895664195482,-87.772341467334,251300,5,170312513005
29,Alley Speed Hump Replacement (2023),N MONITOR AVE & W THOMAS ST & W DIVISION ST & N MAYFIELD AVE,0.0,0.0,41.902056989214,-87.772926021262,250600,3,170312506003
29,Alley Speed Hump Replacement (2023),N NATCHEZ AVE & W NORTH AVE & N NAGLE AVE & W WABANSIA AVE,0.0,0.0,41.910952996421,-87.78665499193,250500,2,170312505002
29,Alley Speed Hump Replacement (2023),N OCONTO AVE & W SCHOOL ST & W BELMONT AVE & N HARLEM AVE,0.0,0.0,41.937998003297,-87.806710036381,171000,6,170311710006
29,Alley Speed Hump Replacement (2023),S LARAMIE AVE & W GLADYS AVE & W VAN BUREN ST & S LOCKWOOD AVE,0.0,0.0,41.874803314858,-87.757547994963,252102,3,170312521023
29,Curb & Gutter Menu (2023),2044-2058 N NEW ENGLAND AVE,14476.96,0.009653,41.917963159232,-87.797819184045,250500,5,170312505005
29,Curb & Gutter Menu (2023),6845-6847 W SHAKESPEARE AVE,13708.79,0.00914,41.918951804712,-87.796903544942,250500,5,170312505005
29,Miscellaneous CDOT Projects (2023),1600 N NATOMA AVE,47149.52,0.031437,41.909195250517,-87.791169379233,250500,2,170312505002
29,Miscellaneous CDOT Projects (2023),358 N CENTRAL AVE,660.0,0.00044,41.886587541019,-87.765123252365,252000,1,170312520001
29,Rutherford-Sayre Park Newland Tunnel Mural,2301 N NEWLAND AVE,50000.0,0.033338,41.921305946038,-87.79850524282,831600,4,170318316004
29,Rutherford-Sayre Park and Picnic Tables,6871 W BELDEN AVE,42000.0,0.028004,41.921076144652,-87.798520760512,831600,4,170318316004
29,Sayre Language Academy School Playground Renovation,1829 N SAYRE AVE,50000.0,0.033338,41.913154188741,-87.800328128213,250500,4,170312505004
29,Sidewalk Menu (2023),1429 N MONITOR AVE,1278.32,0.000852,41.906546588012,-87.771590616448,250600,4,170312506004
29,Sidewalk Menu (2023),1729 N NORDICA AVE,10919.08,0.00728,41.911671702709,-87.801815088746,250500,3,170312505003
29,Sidewalk Menu (2023),1836 N RUTHERFORD AVE,3812.02,0.002542,41.91380120903,-87.793992090874,250500,1,170312505001
29,Sidewalk Menu (2023),1837 N NORMANDY AVE,5207.72,0.003472,41.913817511831,-87.792203728013,250500,1,170312505001
29,Sidewalk Menu (2023),2000 N SAYRE AVE,60816.11,0.04055,41.916425331457,-87.8009516689,250500,5,170312505005
29,Sidewalk Menu (2023),5801 W MADISON ST,24308.26,0.016208,41.879955586921,-87.769946254683,252101,1,170312521011
29,Sidewalk Menu (2023),6839 W SHAKESPEARE AVE,5285.81,0.003524,41.91897531595,-87.796572711224,250500,5,170312505005
29,Sidewalk Menu (2023),N NEWLAND AVE & W PALMER ST,50000.0,0.033338,41.919933493212,-87.799735287111,250500,6,170312505006
29,Street Cul-de-Sac Menu (2023),17 S MENARD AVE,19048.85,0.012701,41.879543993566,-87.769422385734,252101,1,170312521011
29,Street Light Upgrade Menu (2023),5926 W WALTON ST,500.0,0.000333,41.897677486715,-87.77347327572,251300,5,170312513005
29,Street Light Upgrade Menu (2023),5930 W ADAMS BLVD,500.0,0.000333,41.877787230479,-87.772611280797,252101,1,170312521011
29,Street Light Upgrade Menu (2023),6820 W ARMITAGE AVE,1000.0,0.000667,41.916538696697,-87.795931160355,250500,5,170312505005
29,Street Light Upgrade Menu (2023),901 S AUSTIN BLVD,500.0,0.000333,41.870114813498,-87.773888934298,831400,2,170318314002
29,Street Resurfacing Menu (2023),1400-1500 N Monitor Ave,59893.38,0.039935,41.907627308698,-87.772222779585,250600,4,170312506004
29,Street Resurfacing Menu (2023),2900-3000 N Mont Clare Ave,57254.19,0.038175,41.932732449813,-87.804399983866,180100,5,170311801005
29,Street Resurfacing Menu (2023),1600-1700 N Moody Ave,56194.08,0.037468,41.911171596456,-87.779228877173,250400,5,170312504005
29,Street Resurfacing Menu (2023),1800-1899 N Nagle Ave,27451.36,0.018303,41.913777344485,-87.786645603146,250500,1,170312505001
29,Street Resurfacing Menu (2023),1800-1900 N Natchez Ave,53639.81,0.035765,41.912859669846,-87.788843087754,250500,1,170312505001
29,Street Resurfacing Menu (2023),1600-1700 N Natoma Ave,64562.4,0.043048,41.911034510429,-87.791502330355,250500,2,170312505002
29,Street Resurfacing Menu (2023),1700-1800 N Nordica Ave,55837.72,0.03723,41.912731259089,-87.802645232437,250500,7,170312505007
29,Street Resurfacing Menu (2023),1400-1500 N Parkside Ave,34258.04,0.022842,41.907681581521,-87.767385583263,250600,1,170312506001
29,Street Resurfacing Menu (2023),5900-6000 W Race Ave,92871.75,0.061923,41.890120061125,-87.772205406735,251400,4,170312514004
29,Street Resurfacing Menu (2023),7000-7050 W Wolfram St,59248.43,0.039505,41.931787087726,-87.802055842011,180100,3,170311801003
29,Street Speed Hump Menu (2023),2400-2500 N Nordica Ave,1220.0,0.000813,41.925493670593,-87.802954776121,831600,6,170318316006
29,Street Speed Hump Menu (2023),5650-6000 W Adams St,12200.0,0.008134,41.877901811096,-87.766751324649,252101,1,170312521011
29,Street Speed Hump Replacement (2023),2900-3000 N Mont Clare Ave,0.0,0.0,41.932732449813,-87.804399983866,180100,5,170311801005
29,Street Speed Hump Replacement (2023),1600-1700 N Natoma Ave,0.0,0.0,41.911034510429,-87.791502330355,250500,2,170312505002
29,Street Speed Hump Replacement (2023),1400-1500 N Parkside Ave,0.0,0.0,41.907681581521,-87.767385583263,250600,1,170312506001
29,Street Traffic Circle Menu (2023),W WABANSIA AVE & N NASHVILLE AVE,14195.91,0.009465,41.910887701395,-87.789934076271,250500,2,170312505002
29,Street Traffic Circle Menu (2023),W WABANSIA AVE & N NATCHEZ AVE,14675.79,0.009785,41.910905596759,-87.788305975398,250500,2,170312505002
29,,N CENTRAL AVE & W BLOOMINGDALE AVE & W WABANSIA AVE & N PARKSIDE AVE,14383.02,0.00959,41.91304201815,-87.765632005299,250300,4,170312503004
29,,1744 N CENTRAL AVE,14383.02,0.00959,41.912507588003,-87.76588647988,250400,2,170312504002
29,,1541 N MAYFIELD AVE,18407.23,0.012273,41.908732169265,-87.772866090654,250600,4,170312506004
29,,5800 W RICE ST,11222.86,0.007483,41.89575706849,-87.770908160341,251300,3,170312513003
29,,3015 N HARLEM AVE,20222.05,0.013483,41.934876498736,-87.806218605398,180100,5,170311801005
29,,3200 N OCONTO AVE,28602.06,0.019071,41.93804722243,-87.808013413662,170800,1,170311708001
29,,3200 N OLCOTT AVE,18053.03,0.012037,41.938188286196,-87.814130678062,170800,3,170311708003
29,,3015 N HARLEM AVE,0.0,0.0,41.934876498736,-87.806218605398,180100,5,170311801005
29,,N CENTRAL AVE & W BLOOMINGDALE AVE & W WABANSIA AVE & N PARKSIDE AVE,0.0,0.0,41.91304201815,-87.765632005299,250300,4,170312503004
29,,1744 N CENTRAL AVE,0.0,0.0,41.912507588003,-87.76588647988,250400,2,170312504002
29,,1541 N MAYFIELD AVE,0.0,0.0,41.908732169265,-87.772866090654,250600,4,170312506004
29,,5800 W RICE ST,0.0,0.0,41.89575706849,-87.770908160341,251300,3,170312513003
29,,3200 N OCONTO AVE,0.0,0.0,41.93804722243,-87.808013413662,170800,1,170311708001
29,,1400 N PARKSIDE AVE,34258.04,0.022842,41.905797019418,-87.767064684704,250600,1,170312506001
29,,2417 N NORDICA AVE,1220.0,0.000813,41.924035980268,-87.802520791876,831600,6,170318316006
29,,1400 N PARKSIDE AVE,0.0,0.0,41.905797019418,-87.767064684704,250600,1,170312506001
30,Alley Apron Menu (2023),2414 N MENARD AVE,17368.68,0.011856,41.924415841663,-87.771144866837,190602,3,170311906023
30,Alley Apron Menu (2023),3334 N KILDARE AVE,15380.61,0.010499,41.941855983782,-87.734955832239,161200,2,170311612002
30,Alley Resurfacing Menu (2023),W ADDISON ST & N KEDVALE AVE & N KEELER AVE & W EDDY ST,10891.26,0.007434,41.946339002785,-87.731291012713,161000,2,170311610002
30,Alley Resurfacing Menu (2023),W ADDISON ST & N KNOX AVE & N KILPATRICK AVE & W CORNELIA AVE,25105.49,0.017137,41.944747195553,-87.743931509435,151002,2,170311510022
30,Alley Resurfacing Menu (2023),W CORNELIA AVE & N KILDARE AVE & N LOWELL AVE & W ROSCOE ST,46840.5,0.031973,41.944477004905,-87.734735974918,161200,1,170311612001
30,Alley Resurfacing Menu (2023),W MELROSE ST & N LOCKWOOD AVE & N LONG AVE & W BELMONT AVE,29200.97,0.019932,41.93960100037,-87.759149022288,151100,2,170311511002
30,Alley Speed Hump Replacement (2023),W ADDISON ST & N KNOX AVE & N KILPATRICK AVE & W CORNELIA AVE,0.0,0.0,41.944747195553,-87.743931509435,151002,2,170311510022
30,Alley Speed Hump Replacement (2023),W CORNELIA AVE & N KILDARE AVE & N LOWELL AVE & W ROSCOE ST,0.0,0.0,41.944477004905,-87.734735974918,161200,1,170311612001
30,Concrete Alley Menu (2023),W SCHOOL ST & N CENTRAL PARK AVE & N MONTICELLO AVE & W BELMONT AVE,380000.0,0.259383,41.888720547122,-87.717160737604,231500,5,170312315005
30,Curb & Gutter Menu (2023),6142 W SCHOOL ST,7407.4,0.005056,41.94043470637,-87.78043939163,171100,2,170311711002
30,Miscellaneous CDOT Projects (2023),3559 N MILWAUKEE AVE,101.0,6.9e-05,41.945537399475,-87.733996774877,161300,4,170311613004
30,Sidewalk Menu (2023),2510 N PARKSIDE AVE,2104.48,0.001436,41.92617084455,-87.76757886995,190602,2,170311906022
30,Sidewalk Menu (2023),2537 N AUSTIN AVE,7341.19,0.005011,41.926749489236,-87.775581911102,190601,3,170311906013
30,Sidewalk Menu (2023),2549 N MONITOR AVE,1306.79,0.000892,41.927140169743,-87.771920360519,190602,3,170311906023
30,Sidewalk Menu (2023),2600 N MAJOR AVE,951.94,0.00065,41.92772304729,-87.768849734109,190602,2,170311906022
30,Sidewalk Menu (2023),2627 N MEADE AVE,3641.06,0.002485,41.928281994503,-87.778014339403,190601,3,170311906013
30,Sidewalk Menu (2023),2643 N MARMORA AVE,1883.94,0.001286,41.928780298647,-87.7731772269,190602,3,170311906023
30,Sidewalk Menu (2023),2643 N MCVICKER AVE,5851.33,0.003994,41.928759846803,-87.776821762219,190601,3,170311906013
30,Sidewalk Menu (2023),3259 N AUSTIN AVE,1806.69,0.001233,41.940133251222,-87.775974351808,151200,2,170311512002
30,Sidewalk Menu (2023),3343 N LONG AVE,27476.17,0.018755,41.941682604114,-87.761052384861,151100,2,170311511002
30,Sidewalk Menu (2023),3501 N LOWELL AVE,22766.29,0.01554,41.94458131769,-87.735714310657,161200,1,170311612001
30,Sidewalk Menu (2023),4628 W ADDISON ST,828.82,0.000566,41.9464130569,-87.743601765364,831700,1,170318317001
30,Sidewalk Menu (2023),4915 W PATTERSON AVE,3611.65,0.002465,41.946814214786,-87.75034835923,150800,3,170311508003
30,Sidewalk Menu (2023),5100 W PATTERSON AVE,11504.1,0.007853,41.947153304679,-87.754702925568,150800,3,170311508003
30,Sidewalk Menu (2023),5329 W PATTERSON AVE,8968.89,0.006122,41.94667105188,-87.760635552816,150700,2,170311507002
30,Sidewalk Menu (2023),5602 W MELROSE ST,19349.42,0.013208,41.939575630258,-87.767214634414,151200,2,170311512002
30,Sidewalk Menu (2023),5920 W WRIGHTWOOD AVE,4499.28,0.003071,41.927719317343,-87.774325547635,190602,1,170311906021
30,Sidewalk Menu (2023),5926 W SCHOOL ST,3011.7,0.002056,41.940520704696,-87.774967769056,151200,2,170311512002
30,Sidewalk Menu (2023),6100 W BELMONT AVE,14841.95,0.010131,41.938693365985,-87.779061406748,171100,2,170311711002
30,Sidewalk Menu (2023),2900-3000 N Marmora Ave,60473.21,0.041278,41.93313092549,-87.773890107765,190402,2,170311904022
30,Street Light Residential Staggered Piggy Back Menu (2023),2600-2800 N Major Ave,336000.0,0.229349,41.92772304729,-87.768849734109,190602,2,170311906022
30,Street Light Residential Staggered Piggy Back Menu (2023),2800-3000 N Mcvicker Ave,9799.35,0.006689,41.931186833057,-87.777252152523,190401,2,170311904012
30,Street Light Upgrade Menu (2023),2918 N MANGO AVE,500.0,0.000341,41.933680359243,-87.770270466698,190402,2,170311904022
30,Street Light Upgrade Menu (2023),3239 N KOSTNER AVE,500.0,0.000341,41.940146159353,-87.736815525096,161200,2,170311612002
30,Street Light Upgrade Menu (2023),5701 W ADDISON ST,500.0,0.000341,41.945635761109,-87.769355079052,151200,1,170311512001
30,Street Resurfacing Menu (2023),3600-3730 N Avers Ave,80268.87,0.05479,41.946590669428,-87.72409833396,160900,2,170311609002
30,Street Resurfacing Menu (2023),3200-3300 N Kilpatrick Ave,54872.91,0.037456,41.940824464867,-87.744225295141,151002,2,170311510022
30,Street Resurfacing Menu (2023),4300-4400 W Cornelia Ave,51801.68,0.035359,41.944533156484,-87.734814514799,161200,1,170311612001
30,Street Resurfacing Menu (2023),5850-5600 W Melrose St,113824.17,0.077695,41.939602383384,-87.773418206616,151200,2,170311512002
30,Street Speed Hump Menu (2023),3500 N KILPATRICK AVE,1220.0,0.000833,41.94484182724,-87.744193946824,151002,2,170311510022
30,Street Speed Hump Menu (2023),5700 W EDDY ST,2440.0,0.001666,41.945161513027,-87.769342841473,151200,1,170311512001
30,Street Speed Hump Menu (2023),3400-3500 N Hamlin Ave,4880.0,0.003331,41.94292174277,-87.722952024882,831100,3,170318311003
30,Street Speed Hump Menu (2023),3600-3800 N Long Ave,7320.0,0.004997,41.948515230751,-87.761983057474,150700,3,170311507003
30,Street Speed Hump Menu (2023),3500-3530 N Major Ave,1220.0,0.000833,41.944177334632,-87.769185934778,151200,1,170311512001
30,Street Speed Hump Replacement (2023),5850-5600 W Melrose St,0.0,0.0,41.939602383384,-87.773418206616,151200,2,170311512002
30,,2900-2958 N MARMORA AVE,60473.21,0.041278,41.934696371637,-87.773930927633,190402,2,170311904022
30,,3500-3600 N Kilpatrick Ave,1220.0,0.000833,41.94484182724,-87.744193946824,151002,2,170311510022
30,,5700-5800 W Eddy St,2440.0,0.001666,41.945143659574,-87.771790608657,151200,3,170311512003
30,,3500 N MAJOR AVE,1220.0,0.000833,41.944085732149,-87.76918474594,151200,1,170311512001
31,Alley Resurfacing Menu (2023),2934 N LONG AVE,15326.65,0.010253,41.93420607221,-87.761723523849,190300,3,170311903003
31,Alley Resurfacing Menu (2023),5200 W MONTANA ST,29281.88,0.019589,41.925119019935,-87.756547013271,190702,3,170311907023
31,Alley Resurfacing Menu (2023),5237 W OAKDALE AVE,27259.06,0.018235,41.933903695053,-87.757985278851,190300,3,170311903003
31,Alley Resurfacing Menu (2023),N TRIPP AVE & W ALTGELD ST & W WRIGHTWOOD AVE & N KILDARE AVE,30394.29,0.020333,41.928025382537,-87.734231468166,200200,1,170312002001
31,Alley Resurfacing Menu (2023),W ALTGELD ST & N LAVERGNE AVE & N LECLAIRE AVE & W DEMING PL,23890.9,0.015982,41.926037698018,-87.751301968354,190800,4,170311908004
31,Alley Resurfacing Menu (2023),W DEMING PL & N LARAMIE AVE & N LECLAIRE AVE & W WRIGHTWOOD AVE,23690.05,0.015848,41.927825013142,-87.753803966452,190800,4,170311908004
31,Alley Resurfacing Menu (2023),W DEMING PL & N LAVERGNE AVE & N LECLAIRE AVE & W WRIGHTWOOD AVE,23844.55,0.015951,41.927825013142,-87.753803966452,190800,4,170311908004
31,Alley Speed Hump Replacement (2023),5200 W MONTANA ST,0.0,0.0,41.925119019935,-87.756547013271,190702,3,170311907023
31,Alley Speed Hump Replacement (2023),5237 W OAKDALE AVE,0.0,0.0,41.933903695053,-87.757985278851,190300,3,170311903003
31,Alley Speed Hump Replacement (2023),N TRIPP AVE & W ALTGELD ST & W WRIGHTWOOD AVE & N KILDARE AVE,0.0,0.0,41.928025382537,-87.734231468166,200200,1,170312002001
31,Alley Speed Hump Replacement (2023),W ALTGELD ST & N LAVERGNE AVE & N LECLAIRE AVE & W DEMING PL,0.0,0.0,41.926037698018,-87.751301968354,190800,4,170311908004
31,Alley Speed Hump Replacement (2023),W DEMING PL & N LARAMIE AVE & N LECLAIRE AVE & W WRIGHTWOOD AVE,0.0,0.0,41.927825013142,-87.753803966452,190800,4,170311908004
31,Alley Speed Hump Replacement (2023),W DEMING PL & N LAVERGNE AVE & N LECLAIRE AVE & W WRIGHTWOOD AVE,0.0,0.0,41.927825013142,-87.753803966452,190800,4,170311908004
31,Arterial Street Bump Outs Menu (2023),N LARAMIE AVE & W CORNELIA AVE,1213.64,0.000812,41.944193989944,-87.756854979208,151001,1,170311510011
31,Bollard Menu (2023),4743 W PARKER AVE,1425.58,0.000954,41.93025425632,-87.745787849531,190900,1,170311909001
31,Diagonal Parking Menu (2023),4801 W FLETCHER ST,11881.69,0.007948,41.937876134161,-87.746982841772,190200,1,170311902001
31,Miscellaneous CDOT Projects (2023),5553 W BELMONT AVE,3900.0,0.002609,41.938526414151,-87.766040504431,190300,1,170311903001
31,Pavement Markings Menu (2023),2800-3200 N Kostner Ave,4400.0,0.002943,41.931740197835,-87.736878482195,200100,2,170312001002
31,Sidewalk Menu (2023),4814-4856 W GEORGE ST,4475.18,0.002994,41.93355513361,-87.748971715453,190200,3,170311902003
31,Sidewalk Menu (2023),5109-5111 W DEMING PL,2167.03,0.00145,41.926689055714,-87.754335127657,190800,4,170311908004
31,Sidewalk Menu (2023),5313-5317 W DEMING PL,8553.47,0.005722,41.92661843818,-87.759438365586,190702,2,170311907022
31,Sidewalk Menu (2023),2300-2400 N Kilpatrick Ave,102815.58,0.06878,41.922518011146,-87.744072995961,191000,1,170311910001
31,Street Light Residential Staggered Piggy Back Menu (2023),5100-5200 W Belden Ave,163000.0,0.109041,41.922519352251,-87.753807822128,191100,5,170311911005
31,Street Light Residential Staggered Piggy Back Menu (2023),5000-5200 W Montana St,326000.0,0.218083,41.925356877933,-87.751447226736,190800,3,170311908003
31,Street Light Upgrade Menu (2023),2900 N KEARSARGE AVE,500.0,0.000334,41.933785635947,-87.732081090907,210400,2,170312104002
31,Street Light Upgrade Menu (2023),3048 N AVERS AVE,500.0,0.000334,41.936552837461,-87.722448188682,210501,2,170312105012
31,Street Light Upgrade Menu (2023),3054 N HAUSSEN CT,500.0,0.000334,41.93668196068,-87.723587708419,210501,2,170312105012
31,Street Light Upgrade Menu (2023),5122 W MELROSE ST,500.0,0.000334,41.939835232655,-87.75523165602,151001,2,170311510012
31,Street Light Upgrade Menu (2023),5124 W BELMONT AVE,500.0,0.000334,41.9389647301,-87.755310026815,151001,2,170311510012
31,Street Resurfacing Menu (2023),2600-2700 N Kenton Ave,29893.73,0.019998,41.928549398021,-87.742084970314,190900,1,170311909001
31,Street Resurfacing Menu (2023),2400-2500 N Long Ave,15266.94,0.010213,41.925991597551,-87.761656971537,190702,1,170311907021
31,Street Resurfacing Menu (2023),3100-3200 N Lowell Ave,59808.33,0.04001,41.937297108554,-87.736235832673,200100,2,170312001002
31,Street Resurfacing Menu (2023),4300-4400 W Drummond Pl,49807.29,0.033319,41.929018400522,-87.734339090194,200200,1,170312002001
31,Street Resurfacing Menu (2023),4900-5000 W Fletcher St,53417.02,0.035734,41.93806530998,-87.751970844228,190200,1,170311902001
31,Street Resurfacing Menu (2023),4800-4900 W Melrose St,57368.33,0.038377,41.939902832704,-87.749549815315,151002,1,170311510021
31,Street Resurfacing Menu (2023),4400-4300 W Parker Ave,47797.27,0.031975,41.930946601523,-87.737013254192,200200,4,170312002004
31,Street Resurfacing Menu (2023),4000-4200 W Wrightwood Ave,179665.57,0.12019,41.928336728331,-87.732360627378,200200,1,170312002001
31,Street Speed Hump Menu (2023),2500-2530 N Kilbourn Ave,2440.0,0.001632,41.927157421878,-87.739170665046,200200,3,170312002003
31,Street Speed Hump Menu (2023),3100-3200 N Lotus Ave,4880.0,0.003265,41.936852993414,-87.763068986946,190300,1,170311903001
31,Street Speed Hump Menu (2023),2800-2900 N Lowell Ave,1220.0,0.000816,41.93368408919,-87.73614866088,200100,2,170312001002
31,Street Speed Hump Menu (2023),5300-5400 W Altgeld St,4880.0,0.003265,41.926181112382,-87.758879292644,190702,2,170311907022
31,Street Speed Hump Replacement (2023),3100-3200 N Lowell Ave,0.0,0.0,41.937297108554,-87.736235832673,200100,2,170312001002
31,Street Speed Hump Replacement (2023),4900-5000 W Fletcher St,0.0,0.0,41.93806530998,-87.751970844228,190200,1,170311902001
31,,N LONG AVE & W WELLINGTON AVE & W GEORGE ST & N LOTUS AVE,15326.65,0.010253,41.935032695502,-87.761487405636,190300,2,170311903002
31,,W MONTANA ST & N LARAMIE AVE & N LOCKWOOD AVE & W ALTGELD ST,29281.88,0.019589,41.9151173749,-87.756210685356,250300,1,170312503001
31,,W OAKDALE AVE & N LARAMIE AVE & N LOCKWOOD AVE & W GEORGE ST,27259.06,0.018235,41.9151173749,-87.756210685356,250300,1,170312503001
31,,2500 N KILDARE AVE,30394.29,0.020333,41.926304849795,-87.734240894932,200200,2,170312002002
31,,5012 W ALTGELD ST,23890.9,0.015982,41.926254998858,-87.751929186169,190800,4,170311908004
31,,5100 W DEMING PL,23690.05,0.015848,41.927114018205,-87.754008987804,190800,4,170311908004
31,,5028 W DEMING PL,23844.55,0.015951,41.927136900801,-87.752514829744,190800,4,170311908004
31,,W MONTANA ST & N LARAMIE AVE & N LOCKWOOD AVE & W ALTGELD ST,0.0,0.0,41.9151173749,-87.756210685356,250300,1,170312503001
31,,W OAKDALE AVE & N LARAMIE AVE & N LOCKWOOD AVE & W GEORGE ST,0.0,0.0,41.9151173749,-87.756210685356,250300,1,170312503001
31,,2500 N KILDARE AVE,0.0,0.0,41.926304849795,-87.734240894932,200200,2,170312002002
31,,5012 W ALTGELD ST,0.0,0.0,41.926254998858,-87.751929186169,190800,4,170311908004
31,,5100 W DEMING PL,0.0,0.0,41.927114018205,-87.754008987804,190800,4,170311908004
31,,5028 W DEMING PL,0.0,0.0,41.927136900801,-87.752514829744,190800,4,170311908004
31,,4815-4819 W GEORGE ST,4475.18,0.002994,41.933112275756,-87.747520472737,190200,4,170311902004
31,,3056 N AVERS AVE,500.0,0.000334,41.936759577103,-87.722209974994,210501,2,170312105012
31,,3102 N HAUSSEN CT,500.0,0.000334,41.937508081057,-87.722685145085,210501,2,170312105012
31,,3110 N HAUSSEN CT,500.0,0.000334,41.937641438884,-87.722254837889,210501,2,170312105012
31,,5100 W BELMONT AVE,500.0,0.000334,41.938933130325,-87.754500083511,151001,2,170311510012
31,,5158 W BELMONT AVE,500.0,0.000334,41.938787092888,-87.75644569717,151001,2,170311510012
31,,5142 W BELMONT AVE,500.0,0.000334,41.938912929939,-87.755974041184,151001,2,170311510012
31,,2845 N LOWELL AVE,1220.0,0.000816,41.933031264661,-87.735339304309,200100,1,170312001001
32,Alley Apron Menu (2023),1612 W WABANSIA AVE,2540.54,0.001694,41.912624850828,-87.668357923472,240200,1,170312402001
32,Alley Apron Menu (2023),1837 N WOLCOTT AVE,15071.7,0.010048,41.915287236644,-87.674893041921,831000,2,170318310002
32,Alley Apron Menu (2023),1845 N PAULINA ST,11198.0,0.007465,41.915567653214,-87.670018713768,832300,1,170318323001
32,Alley Apron Menu (2023),1916 N OAKLEY AVE,12634.0,0.008423,41.916650217919,-87.685269921871,222200,2,170312222002
32,Alley Apron Menu (2023),2212 W DICKENS AVE,20015.71,0.013344,41.919354136064,-87.683164052518,221600,1,170312216001
32,Alley Apron Menu (2023),2310 W PALMER ST,12376.37,0.008251,41.922206497715,-87.685635121393,221600,2,170312216002
32,Alley Apron Menu (2023),2456 N SURREY CT,13681.98,0.009121,41.926952834207,-87.660859556711,070500,2,170310705002
32,Alley Apron Menu (2023),2715 N WAYNE AVE,76237.39,0.050825,41.931192484652,-87.662004776142,070500,3,170310705003
32,Alley Apron Menu (2023),2744 N GREENVIEW AVE,11585.54,0.007724,41.931959805978,-87.666245600053,070600,1,170310706001
32,Alley Apron Menu (2023),3542 N CLAREMONT AVE,12024.92,0.008017,41.946218093832,-87.68730437741,050900,1,170310509001
32,Alley Resurfacing Menu (2023),N SOUTHPORT AVE & W LILL AVE & W ALTGELD ST & N GREENVIEW AVE,58877.4,0.039252,41.926999018494,-87.665784008645,070600,2,170310706002
32,Alley Resurfacing Menu (2023),W ADDISON ST & N CLAREMONT AVE & N WESTERN AVE & S WESTERN AVE,34651.43,0.023101,41.946765013014,-87.687026014406,050500,5,170310505005
32,Alley Resurfacing Menu (2023),W ADDISON ST & N LEAVITT ST & N BELL AVE & W CORNELIA AVE,43042.07,0.028695,41.946816980814,-87.683384999485,050500,4,170310505004
32,Alley Resurfacing Menu (2023),W BARRY AVE & N LEAVITT ST & N CLYBOURN AVE & W WELLINGTON AVE,39490.84,0.026327,41.935901018761,-87.683075036706,051400,1,170310514001
32,Alley Resurfacing Menu (2023),W BLOOMINGDALE AVE & N HONORE ST & N WOLCOTT AVE & W CORTLAND ST,28395.23,0.01893,41.91423229031,-87.673885201883,831000,2,170318310002
32,Alley Resurfacing Menu (2023),W CHARLESTON ST & N LEAVITT ST & N OAKLEY AVE & W DICKENS AVE,17279.15,0.011519,41.919938983358,-87.682566003726,832200,2,170318322002
32,Alley Resurfacing Menu (2023),W FLETCHER ST & N DAMEN AVE & N HOYNE AVE & W BARRY AVE,69635.59,0.046424,41.938669980475,-87.678301961943,051300,1,170310513001
32,Alley Resurfacing Menu (2023),W HOMER ST & N DAMEN AVE & N HOYNE AVE & W CORTLAND ST,64192.29,0.042795,41.916185986212,-87.680028969273,832200,3,170318322003
32,Alley Resurfacing Menu (2023),W MELROSE ST & N HOYNE AVE & N LEAVITT ST & W BELMONT AVE,42885.24,0.02859,41.939525018418,-87.683178972305,051100,1,170310511001
32,Alley Resurfacing Menu (2023),W MELROSE ST & N OAKLEY AVE & N WESTERN AVE & W BELMONT AVE,29521.94,0.019681,41.939469991224,-87.688144327927,051000,1,170310510001
32,Alley Resurfacing Menu (2023),W MELROSE ST & N WOLCOTT AVE & N DAMEN AVE & W BELMONT AVE,37805.59,0.025204,41.940547987791,-87.675942037104,051200,2,170310512002
32,Alley Resurfacing Menu (2023),W SCHOOL ST & N HOYNE AVE & N LEAVITT ST & W MELROSE ST,57750.7,0.0385,41.940417984473,-87.683211997004,051100,1,170310511001
32,Alley Resurfacing Menu (2023),W WELLINGTON AVE & N SEELEY AVE & N HOYNE AVE & W GEORGE ST,47584.44,0.031723,41.935915980458,-87.679408959895,051400,2,170310514002
32,Alley Speed Hump Menu (2023),N OAKLEY AVE & W MELROSE ST & W SCHOOL ST & N WESTERN AVE,1450.0,0.000967,41.941297581392,-87.68807744034,051000,1,170310510001
32,Alley Speed Hump Replacement (2023),W ADDISON ST & N CLAREMONT AVE & N WESTERN AVE & S WESTERN AVE,0.0,0.0,41.946765013014,-87.687026014406,050500,5,170310505005
32,Alley Speed Hump Replacement (2023),W ADDISON ST & N LEAVITT ST & N BELL AVE & W CORNELIA AVE,0.0,0.0,41.946816980814,-87.683384999485,050500,4,170310505004
32,Alley Speed Hump Replacement (2023),W FLETCHER ST & N DAMEN AVE & N HOYNE AVE & W BARRY AVE,0.0,0.0,41.938669980475,-87.678301961943,051300,1,170310513001
32,Alley Speed Hump Replacement (2023),W MELROSE ST & N HOYNE AVE & N LEAVITT ST & W BELMONT AVE,0.0,0.0,41.939525018418,-87.683178972305,051100,1,170310511001
32,Alley Speed Hump Replacement (2023),W MELROSE ST & N OAKLEY AVE & N WESTERN AVE & W BELMONT AVE,0.0,0.0,41.939469991224,-87.688144327927,051000,1,170310510001
32,Arterial Street Bump Outs Menu (2023),N CLYBOURN AVE & W BARRY AVE,5827.31,0.003885,41.937669013598,-87.685541998449,843700,2,170318437002
32,Arterial Street Bump Outs Menu (2023),N DAMEN AVE & W CHURCHILL ST,2124.59,0.001416,41.914720997175,-87.677552033066,831000,2,170318310002
32,Curb & Gutter Menu (2023),3047 N CLYBOURN AVE,3888.26,0.002592,41.937102816038,-87.684415554481,843700,2,170318437002
32,Logan Skate Park Improvements,2450 W LOGAN BLVD,50000.0,0.033333,41.928411792661,-87.689895332032,830900,3,170318309003
32,Pavement Markings Menu (2023),N DAMEN AVE & W GEORGE ST,3505.28,0.002337,41.934141992561,-87.678162989988,051300,2,170310513002
32,Pavement Markings Menu (2023),N ELSTON AVE & N ASHLAND AVE,7000.0,0.004667,41.918689995966,-87.668178299287,832300,1,170318323001
32,Pavement Markings Menu (2023),1800-1999 W North Ave,6000.0,0.004,41.910819095518,-87.67293586753,240300,1,170312403001
32,Pedestrian Refuge Island Menu (2023),N WESTERN AVE & W CHARLESTON ST,28149.75,0.018767,41.919976785742,-87.687523228902,221500,1,170312215001
32,Sidewalk Menu (2023),1726 N WINCHESTER AVE,5728.66,0.003819,41.913170889911,-87.676608230768,240300,1,170312403001
32,Street Bump Outs Menu (2023),N PAULINA ST & W FLETCHER ST,14655.45,0.00977,41.938759415382,-87.671064691465,062600,1,170310626001
32,Street Bump Outs Menu (2023),N WOLCOTT AVE & W GEORGE ST,25585.33,0.017057,41.934152008935,-87.675727963297,051300,2,170310513002
32,Street Resurfacing Menu (2023),2240-2330 N Avondale Ave,56966.29,0.037978,41.923543066173,-87.68132529989,832200,1,170318322001
32,Street Resurfacing Menu (2023),3100-3200 N Honore St,46481.37,0.030988,41.93784575619,-87.674301034004,051300,1,170310513001
32,Street Resurfacing Menu (2023),2910-3000 N Hoyne Ave,62189.54,0.04146,41.936031566903,-87.680891634748,051400,1,170310514001
32,Street Resurfacing Menu (2023),2200-2230 N Oakley Ave,21743.28,0.014496,41.921729986519,-87.685102451446,221600,1,170312216001
32,Street Resurfacing Menu (2023),2100-2200 N Wolcott Ave,17875.85,0.011917,41.919680988379,-87.675366032717,832300,1,170318323001
32,Street Resurfacing Menu (2023),2400-2400 W Altgeld St,100108.07,0.066739,41.926834984648,-87.68801600099,830900,2,170318309002
32,Street Resurfacing Menu (2023),2200-2300 W Dickens Ave,68149.17,0.045433,41.919220989532,-87.685195993485,221600,2,170312216002
32,Street Resurfacing Menu (2023),1800-1820 W Wellington Ave,17028.51,0.011352,41.93620926325,-87.674460368079,051300,1,170310513001
32,Street Resurfacing Menu (2023),1600-1900 W Wrightwood Ave,164382.46,0.109588,41.928830129592,-87.66877834362,070700,1,170310707001
32,Street Speed Hump Menu (2023),1700-1799 N Paulina St,4880.0,0.003253,41.913850746077,-87.670565297674,240200,1,170312402001
32,Street Speed Hump Menu (2023),2400-2400 W Altgeld St,0.0,0.0,41.926834984648,-87.68801600099,830900,2,170318309002
32,Street Speed Hump Menu (2023),1300-1340 W Altgeld St,2440.0,0.001627,41.927578375641,-87.660763332462,070500,2,170310705002
32,Street Speed Hump Menu (2023),2100-2200 W Churchill St,2440.0,0.001627,41.914780005773,-87.680098036155,222200,1,170312222001
32,Street Speed Hump Replacement (2023),2910-3000 N Hoyne Ave,0.0,0.0,41.936031566903,-87.680891634748,051400,1,170310514001
32,Street Speed Hump Replacement (2023),2200-2300 W Dickens Ave,0.0,0.0,41.919220989532,-87.685195993485,221600,2,170312216002
32,,N CLYBOURN AVE & N OAKLEY AVE,5827.31,0.003885,41.937669013598,-87.685541998449,843700,2,170318437002
32,,N PAULINA ST & W NELSON ST,14655.45,0.00977,41.93695898258,-87.670957989837,062600,1,170310626001
32,,2100 W CHURCHILL ST,2440.0,0.001627,41.914780005773,-87.680098036155,222200,1,170312222001
33,33rd Ward Planters,N KIMBALL AVE & W LAWRENCE AVE,27543.84,0.018462,41.968402979881,-87.713383998588,140200,2,170311402002
33,Alley Resurfacing Menu (2023),N SACRAMENTO AVE & W GRACE ST & W BYRON ST & N RICHMOND ST,38578.11,0.025858,41.950296015456,-87.703004017334,160700,3,170311607003
33,Alley Resurfacing Menu (2023),N SAWYER AVE & W MONTROSE AVE & W SUNNYSIDE AVE & N SPAULDING AVE,39305.44,0.026345,41.96299950218,-87.710740765422,140702,1,170311407021
33,Alley Speed Hump Menu (2023),N ALBANY AVE & W ARGYLE ST & W CARMEN AVE & N TROY ST,1450.0,0.000972,41.972105015056,-87.706135999275,140100,2,170311401002
33,Alley Speed Hump Menu (2023),N CALIFORNIA AVE & W ADDISON ST & W WAVELAND AVE & N MOZART ST,2175.0,0.001458,41.946689994981,-87.698008989775,160700,1,170311607001
33,Arterial Street Bump Outs Menu (2023),N KEDZIE AVE & W CARMEN AVE,100000.0,0.067027,41.973918984632,-87.708653000979,140200,1,170311402001
33,Arterial Street Bump Outs Menu (2023),W LAWRENCE AVE & N CHRISTIANA AVE,41791.71,0.028012,41.968426994033,-87.712192008138,140200,2,170311402002
33,Ave. & W. Lawrence Ave. Playground renovations at Haugan Elementary School,4540 N HAMLIN AVE,42000.0,0.028151,41.963725039719,-87.723663983738,140601,1,170311406011
33,Bike Lane/Marked Shared Lane Menu (2023),2800-3850 W Berteau Ave,106763.39,0.07156,41.957741995322,-87.698682559514,160601,3,170311606013
33,Chicago Public Schools (2023),3221 N SACRAMENTO AVE,200000.0,0.134054,41.940098885419,-87.701931049908,210100,2,170312101002
33,Concrete Alley Menu (2023),N SPAULDING AVE & W EASTWOOD AVE & W EASTWOOD AVE & N KEDZIE AVE,280000.0,0.187675,41.965568010679,-87.710856016591,140701,1,170311407011
33,Curb & Gutter Menu (2023),3401 W LELAND AVE,3763.85,0.002523,41.966545827359,-87.713433383724,140702,3,170311407023
33,Curb & Gutter Menu (2023),3525 N WHIPPLE ST,3742.9,0.002509,41.94556732287,-87.703846482422,210100,3,170312101003
33,Curb & Gutter Menu (2023),3857 N WHIPPLE ST,3383.19,0.002268,41.951935431898,-87.704072458532,160700,2,170311607002
33,Curb & Gutter Menu (2023),4438 N ALBANY AVE,8596.81,0.005762,41.96239261048,-87.70608009198,140800,4,170311408004
33,Diagonal Parking Menu (2023),3023 W MONTROSE AVE,52563.69,0.035232,41.961045512911,-87.704422570627,160601,2,170311606012
33,Installation of Accessible Pedestrian Signals at N. Kimball,N KIMBALL AVE & W LAWRENCE AVE,8208.29,0.005502,41.968402979881,-87.713383998588,140200,2,170311402002
33,Sidewalk Menu (2023),3724 N SAWYER AVE,6407.16,0.004295,41.949233190133,-87.709441654249,160800,1,170311608001
33,Sidewalk Menu (2023),3822 N ALBANY AVE,5041.3,0.003379,41.951049883827,-87.705777756733,160700,5,170311607005
33,Sidewalk Menu (2023),3843 N SAWYER AVE,5120.54,0.003432,41.951557659521,-87.708847796409,160800,1,170311608001
33,Sidewalk Menu (2023),4031 N KEDZIE AVE,21690.48,0.014538,41.954981406989,-87.707961281303,160602,2,170311606022
33,Sidewalk Menu (2023),4056 N KIMBALL AVE,12637.85,0.008471,41.955555450151,-87.713261874259,160502,3,170311605023
33,Sidewalk Menu (2023),4140 N MOZART ST,7557.05,0.005065,41.957015745322,-87.699868263537,160602,3,170311606023
33,Sidewalk Menu (2023),4547 N ST LOUIS AVE,4093.1,0.002743,41.96428930944,-87.715409066396,140702,4,170311407024
33,Sidewalk Menu (2023),4639 N KEDZIE AVE,9127.87,0.006118,41.965867118894,-87.708027375726,140800,1,170311408001
33,Sidewalk Menu (2023),N KEDZIE AVE & W LELAND AVE,125000.0,0.083784,41.966662016682,-87.708424007384,140701,1,170311407011
33,Speed Indicator Signs (2023),4400-4800 N Pulaski Rd,11219.78,0.00752,41.960897076034,-87.72787948603,160300,1,170311603001
33,Street Bump Outs Menu (2023),N KEDZIE AVE & W EASTWOOD AVE,23668.38,0.015864,41.965605980701,-87.708383019878,140800,1,170311408001
33,Street Bump Outs Menu (2023),N KEDZIE AVE & W LELAND AVE,28270.24,0.018949,41.966662016682,-87.708424007384,140701,1,170311407011
33,Street Bump Outs Menu (2023),N RICHMOND ST & W BERTEAU AVE,15000.0,0.010054,41.957566017265,-87.702030040185,160602,3,170311606023
33,Street Resurfacing Menu (2023),4400-4600 N St Louis Ave,101805.38,0.068237,41.964858440666,-87.716003762426,140702,3,170311407023
33,Street Resurfacing Menu (2023),3600-3630 W Berteau Ave,20698.45,0.013874,41.957472847247,-87.719385179581,160400,1,170311604001
33,Street Resurfacing Menu (2023),3200-3230 W Berteau Ave,32279.91,0.021636,41.95760185915,-87.709492605729,160501,1,170311605011
33,Street Resurfacing Menu (2023),3700-3800 W Berteau Ave,60062.95,0.040258,41.957422684882,-87.723425233724,160400,3,170311604003
33,Street Resurfacing Menu (2023),2930-2900 W Berteau Ave,23154.8,0.01552,41.957680011148,-87.70089898617,160601,3,170311606013
33,Street Speed Hump Menu (2023),3300-3400 N Troy St,4253.51,0.002851,41.94117399023,-87.706798085806,210100,2,170312101002
33,Street Speed Hump Replacement (2023),4400-4600 N St Louis Ave,0.0,0.0,41.964858440666,-87.716003762426,140702,3,170311407023
33,Street Speed Hump Replacement (2023),3200-3230 W Berteau Ave,0.0,0.0,41.95760185915,-87.709492605729,160501,1,170311605011
33,,3422 W LELAND AVE,3763.85,0.002523,41.966714780762,-87.714075337962,140701,2,170311407012
33,,N PULASKI RD & W SUNNYSIDE AVE,11219.78,0.00752,41.962839994562,-87.72785803663,140601,1,170311406011
34,Alley Apron Menu (2023),813 S CARPENTER ST,56665.85,0.037777,41.871408141158,-87.653005126702,833300,1,170318333001
34,Alley Resurfacing Menu (2023),W ADAMS ST & S MORGAN ST & S ABERDEEN ST & W MONROE ST,39904.51,0.026603,41.880385997649,-87.654664994988,833100,3,170318331003
34,Alley Resurfacing Menu (2023),W TAYLOR ST & S CARPENTER ST & S ABERDEEN ST & W ARTHINGTON ST,12543.28,0.008362,41.870690482608,-87.654284959498,833300,1,170318333001
34,Alley Speed Hump Replacement (2023),W ADAMS ST & S MORGAN ST & S ABERDEEN ST & W MONROE ST,0.0,0.0,41.880385997649,-87.654664994988,833100,3,170318331003
34,Alley Speed Hump Replacement (2023),W TAYLOR ST & S CARPENTER ST & S ABERDEEN ST & W ARTHINGTON ST,0.0,0.0,41.870690482608,-87.654284959498,833300,1,170318333001
34,Arterial Street Bump Outs Menu (2023),S JEFFERSON ST & W HARRISON ST,130000.0,0.086667,41.874402115063,-87.642432110218,841900,1,170318419001
34,Arterial Street Bump Outs Menu (2023),W ADAMS ST & S PEORIA ST,167828.89,0.111886,41.879204987492,-87.649631997407,833100,4,170318331004
34,Curb & Gutter Menu (2023),122 S MICHIGAN AVE,1458.57,0.000972,41.880149418432,-87.62474864145,320400,1,170313204001
34,Curb & Gutter Menu (2023),1503-1529 W ADAMS ST,60000.0,0.04,41.87869180547,-87.665491144948,833100,2,170318331002
34,Curb & Gutter Menu (2023),499 S JEFFERSON ST,50000.0,0.033333,41.875300051698,-87.642398090379,841900,1,170318419001
34,Curb & Gutter Menu (2023),200-300 S Peoria St,21130.9,0.014087,41.879008389953,-87.650102976547,833100,1,170318331001
34,Curb & Gutter Menu (2023),W CONGRESS PKWY & S CLINTON ST,29921.28,0.019948,41.87532001728,-87.640967037362,841900,1,170318419001
34,Pavement Markings Menu (2023),800-1000 W Adams St,4000.0,0.002667,41.879535905029,-87.652422249155,833100,3,170318331003
34,Pavement Markings Menu (2023),1200-1600 W Van Buren St,7000.0,0.004667,41.876628474275,-87.667079767057,838100,2,170318381002
34,Sidewalk Menu (2023),1067 W POLK ST,5586.97,0.003725,41.871663663477,-87.653787996459,833300,1,170318333001
34,Sidewalk Menu (2023),1111 W MADISON ST,5956.17,0.003971,41.881401716676,-87.655065817598,833100,3,170318331003
34,Sidewalk Menu (2023),1129 W MONROE ST,4017.36,0.002678,41.880175905246,-87.655877940196,833100,3,170318331003
34,Sidewalk Menu (2023),1148 W MONROE ST,3122.28,0.002082,41.880573500823,-87.656877649788,833100,3,170318331003
34,Sidewalk Menu (2023),1502 W JACKSON BLVD,1475.9,0.000984,41.877896027583,-87.66449897907,833100,2,170318331002
34,Sidewalk Menu (2023),1524 W VAN BUREN ST,12538.51,0.008359,41.876613889763,-87.665195599042,833100,2,170318331002
34,Sidewalk Menu (2023),1628-1632 W ADAMS ST,37689.24,0.025126,41.879115678314,-87.668142508561,838100,2,170318381002
34,Sidewalk Menu (2023),224 S MICHIGAN AVE,10602.9,0.007069,41.878778139073,-87.624889457424,320400,1,170313204001
34,Sidewalk Menu (2023),230-250 S ASHLAND AVE,4457.27,0.002972,41.877927166353,-87.666998965511,838100,2,170318381002
34,Sidewalk Menu (2023),420 S CLINTON ST,67276.6,0.044851,41.876116130443,-87.641258140859,841900,1,170318419001
34,Sidewalk Menu (2023),560 W FULTON ST,5867.95,0.003912,41.887067883223,-87.642207307574,280100,2,170312801002
34,Sidewalk Menu (2023),59-61 E VAN BUREN ST,8187.16,0.005458,41.876960020455,-87.625590016891,320400,1,170313204001
34,Sidewalk Menu (2023),6 N MAY ST,21592.98,0.014395,41.881909995285,-87.655784481976,833000,2,170318330002
34,Sidewalk Menu (2023),300-400 N Jefferson St,28439.23,0.018959,41.889366075345,-87.642379639504,842300,2,170318423002
34,Sidewalk Menu (2023),200-300 S Laflin St,50028.39,0.033352,41.878731787148,-87.664588665433,833100,2,170318331002
34,Sidewalk Menu (2023),1144-1160 W Madison St,31318.26,0.020879,41.881908402723,-87.656064102266,833000,2,170318330002
34,Sidewalk Menu (2023),936-930 W Madison St,2856.28,0.001904,41.88196150208,-87.6510782948,833000,1,170318330001
34,Sidewalk Menu (2023),600-640 W Wayman St,31232.65,0.020822,41.887955903955,-87.643620999364,280100,2,170312801002
34,Sidewalk Menu (2023),W JACKSON BLVD & S WELLS ST,10836.05,0.007224,41.878111987318,-87.633729012512,839100,1,170318391001
34,Street Resurfacing Menu (2023),800-1000 S Miller St,98788.22,0.065859,41.871584999315,-87.652400959121,833300,1,170318333001
34,Street Resurfacing Menu (2023),200-300 S Peoria St,8338.1,0.005559,41.879008389953,-87.650102976547,833100,1,170318331001
34,Street Resurfacing Menu (2023),540-600 W Congress Pkwy,29334.57,0.019556,41.874235538549,-87.740290091993,252202,3,170312522023
34,Street Resurfacing Menu (2023),800-1000 W Monroe St,137697.69,0.091798,41.880616793353,-87.652158554481,833100,3,170318331003
34,Street Resurfacing Menu (2023),1000-1100 W Monroe St,79337.35,0.052892,41.880615494158,-87.655474519197,833100,3,170318331003
34,Street Resurfacing Menu (2023),600-640 W Wayman St,29509.46,0.019673,41.887955903955,-87.643620999364,280100,2,170312801002
34,Street Speed Hump Replacement (2023),800-1000 S Miller St,0.0,0.0,41.871584999315,-87.652400959121,833300,1,170318333001
34,Street Speed Hump Replacement (2023),600-640 W Wayman St,0.0,0.0,41.887955903955,-87.643620999364,280100,2,170312801002
34,,300-600 S Jefferson St,130000.0,0.086667,41.874200991296,-87.64259899391,841900,1,170318419001
34,,500-600 S Jefferson St,50000.0,0.033333,41.874200991296,-87.64259899391,841900,1,170318419001
34,,200 S MICHIGAN AVE,10602.9,0.007069,41.879313239772,-87.624919129361,320400,1,170313204001
34,,934-936 W MADISON ST,2856.28,0.001904,41.88196150208,-87.6510782948,833000,1,170318330001
35,"(2023) In-Road ""State Law Stop For Pedestrians"" Sign Menu",W DIVERSEY AVE & N WHIPPLE ST,350.0,0.000233,41.93208000247,-87.703723016988,210700,2,170312107002
35,"(2023) In-Road ""State Law Stop For Pedestrians"" Sign Menu",W MONTROSE AVE & N BERNARD ST,549.99,0.000367,41.961137001385,-87.714360993222,140702,2,170311407022
35,"(2023) In-Road ""State Law Stop For Pedestrians"" Sign Menu",W MONTROSE AVE & N LAWNDALE AVE,700.0,0.000467,41.961052008886,-87.720478022341,140602,2,170311406022
35,"(2023) In-Road ""State Law Stop For Pedestrians"" Sign Menu",W MONTROSE AVE & N RIDGEWAY AVE,700.0,0.000467,41.961032981966,-87.72170303749,140602,4,170311406024
35,(2023) Miscellaneous CDOT Projects (2023),2707 N MILWAUKEE AVE,2600.0,0.001733,41.930511999843,-87.709206038951,220602,1,170312206021
35,35th Ward Mural 2023 2912 N California,2912 N CALIFORNIA AVE,45000.0,0.03,41.934355856938,-87.69773295614,210800,1,170312108001
35,Alley Apron Menu (2023),2238 N SPAULDING AVE,10929.21,0.007286,41.922272505202,-87.710705226153,221100,1,170312211001
35,Alley Apron Menu (2023),2468 N ALBANY AVE,16852.92,0.011235,41.926031621139,-87.706239515779,220500,2,170312205002
35,Alley Apron Menu (2023),2849 W BARRY AVE,22970.72,0.015314,41.93749861536,-87.699750830681,210800,1,170312108001
35,Alley Resurfacing Menu (2023),N LAWNDALE AVE & W ALTGELD ST & W FULLERTON AVE & N RIDGEWAY AVE,43058.68,0.028706,41.924619312363,-87.720670638476,220701,1,170312207011
35,Alley Resurfacing Menu (2023),W ALTGELD ST & N HARDING AVE & N PULASKI RD & W WRIGHTWOOD AVE,48808.67,0.032539,41.928157020327,-87.726875007025,220702,2,170312207022
35,Alley Resurfacing Menu (2023),W BELDEN AVE & N SPRINGFIELD AVE & N PULASKI RD & W PALMER ST,15048.54,0.010032,41.922664987819,-87.724248034751,220902,1,170312209021
35,Alley Resurfacing Menu (2023),W BELMONT AVE & N KIMBALL AVE & N BERNARD ST & W BARRY AVE,47137.55,0.031425,41.939296988742,-87.712494008109,831100,1,170318311001
35,Alley Resurfacing Menu (2023),W DIVERSEY AVE & N LAWNDALE AVE & N RIDGEWAY AVE & W SCHUBERT AVE,61843.85,0.041229,41.931904988332,-87.719672018532,210502,1,170312105021
35,Alley Resurfacing Menu (2023),W MEDILL AVE & N DRAKE AVE & N CENTRAL PARK AVE & W FULLERTON AVE,20731.91,0.013821,41.924662982079,-87.71699198881,220601,2,170312206012
35,Alley Resurfacing Menu (2023),W WAVELAND AVE & N DRAKE AVE & N ST LOUIS AVE & W GRACE ST,36724.08,0.024483,41.948355898237,-87.716419337185,160800,3,170311608003
35,Alley Speed Hump Menu (2023),W BELMONT AVE & N BERNARD ST & N ST LOUIS AVE & W BARRY AVE,2175.0,0.00145,41.939265011781,-87.713736960531,831100,1,170318311001
35,Alley Speed Hump Menu (2023),W BELMONT AVE & N DRAKE AVE & N CENTRAL PARK AVE & W BARRY AVE,1450.0,0.000967,41.939700996475,-87.717408737036,831100,1,170318311001
35,Alley Speed Hump Menu (2023),W BELMONT AVE & N DRAKE AVE & N CENTRAL PARK AVE & W HENDERSON ST,3625.0,0.002417,41.942193984027,-87.717496998477,831100,4,170318311004
35,Alley Speed Hump Menu (2023),W BELMONT AVE & N KIMBALL AVE & N DRAKE AVE & W MELROSE ST,3625.0,0.002417,41.939296988742,-87.712494008109,831100,1,170318311001
35,Alley Speed Hump Replacement (2023),W ALTGELD ST & N HARDING AVE & N PULASKI RD & W WRIGHTWOOD AVE,0.0,0.0,41.928157020327,-87.726875007025,220702,2,170312207022
35,Alley Speed Hump Replacement (2023),W MEDILL AVE & N DRAKE AVE & N CENTRAL PARK AVE & W FULLERTON AVE,0.0,0.0,41.924662982079,-87.71699198881,220601,2,170312206012
35,Bike Lane/Marked Shared Lane Menu (2023),2800-3200 N California Ave,250000.0,0.166667,41.925152904319,-87.697760717803,220400,1,170312204001
35,Bike Lane/Marked Shared Lane Menu (2023),2800-3200 N Central Park Ave,60000.0,0.04,41.939548823023,-87.717823389786,831100,4,170318311004
35,Bike Lane/Marked Shared Lane Menu (2023),3200-3400 W Wellington Ave,54500.0,0.036333,41.935730007835,-87.712113978768,210601,2,170312106012
35,Curb & Gutter Menu (2023),3733-3737 N CENTRAL PARK AVE,44181.87,0.029455,41.948981105091,-87.717609997052,160800,4,170311608004
35,"In-Road ""State Law Stop For Pedestrians"" Sign Menu",N KEDZIE AVE & W BARRY AVE,700.0,0.000467,41.937534190685,-87.707563437385,210700,3,170312107003
35,"In-Road ""State Law Stop For Pedestrians"" Sign Menu",N MILWAUKEE AVE & N SPAULDING AVE,600.0,0.0004,41.930966005628,-87.710541024669,220602,1,170312206021
35,Pedestrian Refuge Island Menu (2023),W FULLERTON AVE & N ST LOUIS AVE,75510.77,0.050341,41.924690097535,-87.714560985432,220601,2,170312206012
35,Sidewalk Menu (2023),2606 N KIMBALL AVE,917.04,0.000611,41.928652516533,-87.712533319235,220602,2,170312206022
35,Sidewalk Menu (2023),3309 W WELLINGTON AVE,2083.5,0.001389,41.935451078199,-87.710558542847,210602,2,170312106022
35,Sidewalk Menu (2023),3449 W SCHOOL ST,40511.26,0.027008,41.940891100998,-87.714566768945,831100,1,170318311001
35,Sidewalk Menu (2023),3458 N KIMBALL AVE,5686.83,0.003791,41.943903871801,-87.71268830675,831100,1,170318311001
35,Sidewalk Menu (2023),3701 W FULLERTON AVE,20878.58,0.013919,41.924356749246,-87.719586355481,220902,2,170312209022
35,Sidewalk Menu (2023),3926 W BELDEN AVE,1559.87,0.00104,41.922717611779,-87.725405439464,220902,1,170312209021
35,Sidewalk Menu (2023),2115-2100 N Drake Ave,9740.9,0.006494,41.919416607942,-87.71530506941,221000,2,170312210002
35,Sidewalk Menu (2023),2200-2230 N Drake Ave,18504.62,0.012336,41.921749678275,-87.71537239157,221000,1,170312210001
35,Sidewalk Menu (2023),2100-2200 N Keeler Ave,51218.12,0.034145,41.919052178002,-87.731731146449,200402,2,170312004022
35,Sidewalk Menu (2023),2300-2330 N Kimball Ave,39061.02,0.026041,41.922950684988,-87.712399795518,221100,3,170312211003
35,Sidewalk Menu (2023),2300-2400 N Springfield Ave,70441.42,0.046961,41.92283283543,-87.724631339183,220902,1,170312209021
35,Sidewalk Menu (2023),2600-2700 N Springfield Ave,17044.07,0.011363,41.928619886009,-87.724528328696,220702,2,170312207022
35,Speed Indicator Signs (2023),3103-3106 N KEDZIE AVE,5609.9,0.00374,41.937778145977,-87.707931905849,210601,1,170312106011
35,Street Bump Outs Menu (2023),W SHAKESPEARE AVE & N DRAKE AVE,7548.73,0.005032,41.920062993616,-87.715249977873,221000,2,170312210002
35,Street Light Pole Painting Menu (2023),2900-3000 N Dawson Ave,1200.0,0.0008,41.934333058044,-87.712166778609,210602,2,170312106022
35,Street Light Pole Painting Menu (2023),3060-3200 N Drake Ave,11231.0,0.007487,41.939297774564,-87.716272754063,831100,1,170318311001
35,Street Light Pole Painting Menu (2023),2800-3600 N Kimball Ave,33600.0,0.0224,41.946697412965,-87.713055008889,160800,3,170311608003
35,Street Light Pole Painting Menu (2023),2800-3200 N Sawyer Ave,5600.0,0.003733,41.932201917252,-87.708941086991,210602,1,170312106021
35,Street Light Pole Painting Menu (2023),3100-3200 N St Louis Ave,1400.0,0.000933,41.937556486548,-87.715144365893,210601,3,170312106013
35,Street Light Pole Painting Menu (2023),3200-3600 W Belmont Ave,24600.0,0.0164,41.939576692851,-87.717739403116,831100,4,170318311004
35,Street Light Pole Painting Menu (2023),3200-3600 W Diversey Ave,24200.0,0.016133,41.932156990251,-87.717373700681,210502,1,170312105021
35,Street Light Pole Painting Menu (2023),3200-3230 W George St,3200.0,0.002133,41.933948111839,-87.70885678016,210602,1,170312106021
35,Street Light Pole Painting Menu (2023),3200-3230 W Wellington Ave,3050.0,0.002033,41.935747461389,-87.708955210088,210601,2,170312106012
35,Street Light Pole Painting Menu (2023),3500-3560 W Wolfram St,1200.0,0.0008,41.932903357263,-87.716414378898,210602,3,170312106023
35,Street Light Pole for High Definition Camera Menu (2023),N HAMLIN AVE & W BELDEN AVE,3000.0,0.002,41.922720015013,-87.721830023323,220902,1,170312209021
35,Street Resurfacing Menu (2023),3100-3200 N Sawyer Ave,60437.96,0.040292,41.937635234528,-87.709089614315,210601,1,170312106011
35,Street Resurfacing Menu (2023),3200-3100 N Spaulding Ave,50322.18,0.033548,41.937613106304,-87.71053054729,210601,1,170312106011
35,Street Resurfacing Menu (2023),3930-4000 W Altgeld St,22305.26,0.01487,41.926395748362,-87.725514948545,220701,3,170312207013
35,Street Resurfacing Menu (2023),2700-2740 W Fletcher St,27832.81,0.018555,41.938776304917,-87.695445133231,210900,1,170312109001
35,Street Speed Hump Menu (2023),3400-3500 W Barry Ave,4880.0,0.003253,41.937587499589,-87.712778908998,210601,3,170312106013
35,Street Speed Hump Menu (2023),3500-3600 W Barry Ave,4880.0,0.003253,41.937455409871,-87.718009873954,210501,1,170312105011
35,Street Speed Hump Menu (2023),4000-4400 W Palmer St,9760.0,0.006507,41.920788139553,-87.736517068811,200401,2,170312004012
35,Street Speed Hump Replacement (2023),3100-3200 N Sawyer Ave,0.0,0.0,41.937635234528,-87.709089614315,210601,1,170312106011
35,,3540-3410 W School St,40511.26,0.027008,41.940870217492,-87.71320847265,831100,1,170318311001
35,,W BARRY AVE & N KEDZIE AVE,5609.9,0.00374,41.937534190685,-87.707563437385,210700,3,170312107003
36,Alley Apron Menu (2023),2746 N NEWLAND AVE,26433.77,0.018311,41.930393144456,-87.799501096736,831600,2,170318316002
36,Alley Apron Menu (2023),3256 N NEWLAND AVE,4682.08,0.003243,41.939761974821,-87.799745596852,171000,5,170311710005
36,Alley Resurfacing Menu (2023),N LOCKWOOD AVE & W GRAND AVE & W DICKENS AVE & N LATROBE AVE,32379.07,0.022429,41.918672980703,-87.75722101692,191200,1,170311912001
36,Alley Resurfacing Menu (2023),N LOCKWOOD AVE & W PALMER ST & W DICKENS AVE & N LATROBE AVE,23767.3,0.016464,41.918672980703,-87.75722101692,191200,1,170311912001
36,Alley Resurfacing Menu (2023),N MANGO AVE & W GRAND AVE & W BELDEN AVE & N MENARD AVE,66334.07,0.04595,41.919449019208,-87.769449040186,191302,2,170311913022
36,Alley Resurfacing Menu (2023),N MEADE AVE & W GRAND AVE & W FULLERTON AVE & N MOODY AVE,96088.92,0.066561,41.923740218358,-87.779352594064,191301,1,170311913011
36,Alley Resurfacing Menu (2023),N MENARD AVE & W GRAND AVE & W BELDEN AVE & N MONITOR AVE,26912.0,0.018642,41.919680988379,-87.770682018143,191302,2,170311913022
36,Alley Resurfacing Menu (2023),N NARRAGANSETT AVE & W DICKENS AVE & W PALMER ST & N MULLIGAN AVE,32970.83,0.022839,41.918227901644,-87.785240378131,191301,2,170311913012
36,Alley Resurfacing Menu (2023),N NORMANDY AVE & W WRIGHTWOOD AVE & W SCHUBERT AVE & N RUTHERFORD AVE,45390.5,0.031442,41.929099397701,-87.794188814142,831600,1,170318316001
36,Alley Resurfacing Menu (2023),N OAK PARK AVE & W SCHUBERT AVE & W WRIGHTWOOD AVE & N NEWCASTLE AVE,40154.03,0.027815,41.927244985442,-87.79651596574,831600,1,170318316001
36,Alley Resurfacing Menu (2023),W PALMER ST & N MOODY AVE & N MELVINA AVE & W DICKENS AVE,11295.13,0.007824,41.918293490037,-87.780402259799,191301,3,170311913013
36,Alley Speed Hump Replacement (2023),N LOCKWOOD AVE & W GRAND AVE & W DICKENS AVE & N LATROBE AVE,0.0,0.0,41.918672980703,-87.75722101692,191200,1,170311912001
36,Alley Speed Hump Replacement (2023),N LOCKWOOD AVE & W PALMER ST & W DICKENS AVE & N LATROBE AVE,0.0,0.0,41.918672980703,-87.75722101692,191200,1,170311912001
36,Alley Speed Hump Replacement (2023),N MANGO AVE & W GRAND AVE & W BELDEN AVE & N MENARD AVE,0.0,0.0,41.919449019208,-87.769449040186,191302,2,170311913022
36,Alley Speed Hump Replacement (2023),N MEADE AVE & W GRAND AVE & W FULLERTON AVE & N MOODY AVE,0.0,0.0,41.923740218358,-87.779352594064,191301,1,170311913011
36,Alley Speed Hump Replacement (2023),W PALMER ST & N MOODY AVE & N MELVINA AVE & W DICKENS AVE,0.0,0.0,41.918293490037,-87.780402259799,191301,3,170311913013
36,Concrete Alley Menu (2023),N MASON AVE & W GRAND AVE & W BELDEN AVE & N MARMORA AVE,38627.71,0.026757,41.920348020233,-87.774352034449,191302,1,170311913021
36,Concrete Alley Menu (2023),N MCVICKER AVE & W DICKENS AVE & W GRAND AVE & N AUSTIN AVE,44417.13,0.030768,41.917924015745,-87.776734003693,191301,2,170311913012
36,Concrete Alley Menu (2023),N MEADE AVE & W DICKENS AVE & W GRAND AVE & N MCVICKER AVE,17329.31,0.012004,41.920802989938,-87.776808015898,191301,1,170311913011
36,Curb & Gutter Menu (2023),2846 N NAGLE AVE,6087.03,0.004216,41.932371189786,-87.787239629676,831500,1,170318315001
36,Diagonal Parking Menu (2023),2150 N CICERO AVE,510.0,0.000353,41.92017254509,-87.746656130881,191100,1,170311911001
36,Floodlight Menu (2023),2100 N LATROBE AVE,950.0,0.000658,41.918749297931,-87.757494853697,191200,1,170311912001
36,Miscellaneous CDOT Projects (2023),6800 W DIVERSEY AVE,660.0,0.000457,41.930977477244,-87.795598323664,180100,2,170311801002
36,Sidewalk Menu (2023),1940 N LAMON AVE,8179.04,0.005666,41.916313097773,-87.749668000149,191100,3,170311911003
36,Sidewalk Menu (2023),2120 N MASON AVE,4190.19,0.002903,41.918643392585,-87.774595780193,191302,1,170311913021
36,Sidewalk Menu (2023),2124 N NAGLE AVE,3442.11,0.002384,41.918993798047,-87.786817265575,831500,2,170318315002
36,Sidewalk Menu (2023),2141 N MERRIMAC AVE,4450.64,0.003083,41.919491641186,-87.781398616629,191301,3,170311913013
36,Sidewalk Menu (2023),2172 N MAJOR AVE,3083.41,0.002136,41.920178244785,-87.768536921483,191302,2,170311913022
36,Sidewalk Menu (2023),2215 N NARRAGANSETT AVE,5721.32,0.003963,41.920569595844,-87.785095706482,191301,3,170311913013
36,Sidewalk Menu (2023),2227 W SUPERIOR ST,5070.48,0.003512,41.894705976311,-87.683078389467,242900,1,170312429001
36,Sidewalk Menu (2023),2242 N MARMORA AVE,7218.15,0.005,41.921376940758,-87.773690031736,191302,1,170311913021
36,Sidewalk Menu (2023),2256 N MEADE AVE,3618.66,0.002507,41.921793018431,-87.778577854754,191301,1,170311913011
36,Sidewalk Menu (2023),2300 N RUTHERFORD AVE,6973.59,0.004831,41.921322039292,-87.794051770025,831600,4,170318316004
36,Sidewalk Menu (2023),2345 N MEADE AVE,4155.0,0.002878,41.923289649153,-87.777879474581,191301,1,170311913011
36,Sidewalk Menu (2023),2524 N NEWCASTLE AVE,7943.22,0.005502,41.926208437386,-87.796806398685,831600,5,170318316005
36,Sidewalk Menu (2023),2632 N MELVINA AVE,4797.71,0.003323,41.928422978115,-87.781025873395,190601,2,170311906012
36,Sidewalk Menu (2023),2642 N NEW ENGLAND AVE,11179.47,0.007744,41.928605326418,-87.798093104641,831600,2,170318316002
36,Sidewalk Menu (2023),2653 N OAK PARK AVE,8226.22,0.005698,41.928767348606,-87.795136472115,831600,1,170318316001
36,Sidewalk Menu (2023),2704 N NEW ENGLAND AVE,3826.81,0.002651,41.929263766822,-87.798119759093,831600,2,170318316002
36,Sidewalk Menu (2023),2711 N NEWLAND AVE,4263.13,0.002953,41.929432326895,-87.798812523391,831600,2,170318316002
36,Sidewalk Menu (2023),2729 N RUTHERFORD AVE,4961.92,0.003437,41.930000326564,-87.793951019549,831600,1,170318316001
36,Sidewalk Menu (2023),2826 N NORMANDY AVE,8844.14,0.006126,41.931768489038,-87.793329752885,180100,2,170311801002
36,Sidewalk Menu (2023),2905 N NORMANDY AVE,4668.62,0.003234,41.932984996556,-87.792824324124,180100,2,170311801002
36,Sidewalk Menu (2023),2906 N NAGLE AVE,1946.75,0.001349,41.933114664598,-87.78727910844,831500,1,170318315001
36,Sidewalk Menu (2023),2934 N NEWCASTLE AVE,5550.55,0.003845,41.933725202425,-87.797073194663,180100,3,170311801003
36,Sidewalk Menu (2023),2935 N NEENAH AVE,7928.2,0.005492,41.933832909881,-87.789175681672,831500,1,170318315001
36,Sidewalk Menu (2023),2947 N OAK PARK AVE,5278.64,0.003657,41.934077703363,-87.795281562859,180100,2,170311801002
36,Sidewalk Menu (2023),3047 N RUTHERFORD AVE,3975.49,0.002754,41.935917489201,-87.794123519116,180100,1,170311801001
36,Sidewalk Menu (2023),3140 N RUTHERFORD AVE,3553.12,0.002461,41.937558414385,-87.794758364463,180100,1,170311801001
36,Sidewalk Menu (2023),3343 N NAGLE AVE,828.95,0.000574,41.941338024075,-87.787136867543,171000,2,170311710002
36,Sidewalk Menu (2023),4106 W HIRSCH ST,39900.97,0.027639,41.906380374872,-87.729139629625,230600,3,170312306003
36,Sidewalk Menu (2023),527 N WESTERN AVE,32164.14,0.02228,41.891480410421,-87.686380272585,242900,2,170312429002
36,Sidewalk Menu (2023),5615 W EDDY ST,3273.35,0.002267,41.944767144483,-87.767417518314,151200,1,170311512001
36,Sidewalk Menu (2023),6325 W PALMER ST,12613.85,0.008738,41.920221663043,-87.783849066023,191301,3,170311913013
36,Sidewalk Menu (2023),6502 W WELLINGTON AVE,30131.89,0.020872,41.934752111293,-87.788540501049,831500,1,170318315001
36,Street Resurfacing Menu (2023),2000-2300 N Latrobe Ave,167085.42,0.11574,41.922393581794,-87.757609853408,191200,1,170311912001
36,Street Resurfacing Menu (2023),2000-2400 N Major Ave,199917.96,0.138483,41.917067049964,-87.768465675306,191302,2,170311913022
36,Street Resurfacing Menu (2023),2300-2400 N Marmora Ave,42802.1,0.029649,41.924115015158,-87.773448968201,190602,1,170311906021
36,Street Resurfacing Menu (2023),2300-2400 N Mobile Ave,50703.86,0.035123,41.922184490955,-87.783010568809,191301,1,170311913011
36,Street Resurfacing Menu (2023),5600-6000 W Belden Ave,157328.08,0.108981,41.92219445052,-87.766441121155,191302,2,170311913022
36,Street Speed Hump Replacement (2023),2000-2300 N Latrobe Ave,0.0,0.0,41.922393581794,-87.757609853408,191200,1,170311912001
36,,2159 N LOCKWOOD AVE,23767.3,0.016464,41.920306655541,-87.758198598287,191200,1,170311912001
36,,2159 N LOCKWOOD AVE,0.0,0.0,41.920306655541,-87.758198598287,191200,1,170311912001
36,,4801 W PALMER ST,510.0,0.000353,41.920543790514,-87.746356806915,191100,1,170311911001
36,,2122 N MERRIMAC AVE,4450.64,0.003083,41.918987721167,-87.781932795319,191301,3,170311913013
36,,2234 N MARMORA AVE,7218.15,0.005,41.921171793677,-87.773462295427,191302,1,170311913021
36,,2659 N OAK PARK AVE,8226.22,0.005698,41.928943159026,-87.795123983079,831600,1,170318316001
36,,2901 N NORMANDY AVE,4668.62,0.003234,41.932880180857,-87.792825832867,180100,2,170311801002
37,Alley Apron Menu (2023),5101 W POTOMAC AVE,29083.95,0.019389,41.903894889124,-87.753544378911,250800,2,170312508002
37,Alley Apron Menu (2023),5440-5500 W Le Moyne St,23096.28,0.015398,41.907717120791,-87.763623701298,250700,4,170312507004
37,Alley Resurfacing Menu (2023),1037 N LAWLER AVE,17603.81,0.011736,41.899757162621,-87.751749813441,251100,1,170312511001
37,Alley Resurfacing Menu (2023),N LOREL AVE & W POTOMAC AVE & W HIRSCH ST & N LONG AVE,46593.3,0.031062,41.904047984585,-87.759719662256,250700,5,170312507005
37,Alley Resurfacing Menu (2023),N LOTUS AVE & W WABANSIA AVE & W BLOOMINGDALE AVE & N LINDER AVE,19180.9,0.012787,41.913077515509,-87.76313101303,250300,4,170312503004
37,Alley Resurfacing Menu (2023),W CHICAGO AVE & N LATROBE AVE & N LOCKWOOD AVE & W IOWA ST,15417.03,0.010278,41.894939999047,-87.756825977823,251200,2,170312512002
37,Alley Resurfacing Menu (2023),W POTOMAC AVE & N LECLAIRE AVE & N LAVERGNE AVE & W CRYSTAL ST,41665.83,0.027777,41.904095007062,-87.753357965384,250800,2,170312508002
37,Alley Resurfacing Menu (2023),W WALTON ST & N LAMON AVE & N LAVERGNE AVE & W AUGUSTA BLVD,20443.06,0.013629,41.898659007577,-87.75077600393,251100,1,170312511001
37,Alley Speed Hump Menu (2023),N KARLOV AVE & W IOWA ST & W AUGUSTA BLVD & N KEDVALE AVE,1450.0,0.000967,41.898985985619,-87.729872040325,842100,6,170318421006
37,Alley Speed Hump Replacement (2023),1037 N LAWLER AVE,0.0,0.0,41.899757162621,-87.751749813441,251100,1,170312511001
37,Alley Speed Hump Replacement (2023),N LOREL AVE & W POTOMAC AVE & W HIRSCH ST & N LONG AVE,0.0,0.0,41.904047984585,-87.759719662256,250700,5,170312507005
37,Alley Speed Hump Replacement (2023),W CHICAGO AVE & N LATROBE AVE & N LOCKWOOD AVE & W IOWA ST,0.0,0.0,41.894939999047,-87.756825977823,251200,2,170312512002
37,Alley Speed Hump Replacement (2023),W POTOMAC AVE & N LECLAIRE AVE & N LAVERGNE AVE & W CRYSTAL ST,0.0,0.0,41.904095007062,-87.753357965384,250800,2,170312508002
37,Arterial Street Bump Outs Menu (2023),N KOSTNER AVE & W POTOMAC AVE,7245.0,0.00483,41.904350990385,-87.736180009198,230600,5,170312306005
37,Bollard Menu (2023),1542 N LEAMINGTON AVE,5579.82,0.00372,41.908928976352,-87.755007104834,250800,1,170312508001
37,Concrete Alley Menu (2023),1434-1436 N LOCKWOOD AVE,3267.87,0.002179,41.906995438927,-87.758683659024,250700,1,170312507001
37,Curb & Gutter Menu (2023),811 N LOCKWOOD AVE,115794.08,0.077196,41.895305659573,-87.757889389879,251200,2,170312512002
37,Curb & Gutter Menu (2023),5200-5230 W Wabansia Ave,19616.93,0.013078,41.91141539683,-87.755331821779,250200,1,170312502001
37,Miscellaneous CDOT Projects (2023),5329-5333 W NORTH AVE,2100.0,0.0014,41.909224899443,-87.75951941859,250700,1,170312507001
37,Sidewalk Menu (2023),1401 N LARAMIE AVE,27612.79,0.018409,41.906027873934,-87.755595849713,250800,1,170312508001
37,Sidewalk Menu (2023),1710-1723 N LECLAIRE AVE,5935.31,0.003957,41.912087738473,-87.752474428971,250200,2,170312502002
37,Sidewalk Menu (2023),345 N AVERS AVE,57117.64,0.038078,41.88666295348,-87.722091873978,260100,1,170312601001
37,Sidewalk Menu (2023),4000-4100 W IOWA ST,20139.69,0.013426,41.897241637541,-87.728671197125,842100,5,170318421005
37,Sidewalk Menu (2023),5302-5315 W HIRSCH ST,5818.73,0.003879,41.905715019398,-87.758949030078,250700,2,170312507002
37,Sidewalk Menu (2023),5427 W POTOMAC AVE,6743.29,0.004496,41.903778129212,-87.762145636492,250700,3,170312507003
37,Sidewalk Menu (2023),900 N KEYSTONE AVE,19660.59,0.013107,41.897315430407,-87.727656787135,842100,5,170318421005
37,Sidewalk Menu (2023),4500-4599 W Chicago Ave,15635.0,0.010423,41.896549827371,-87.739062378062,842100,1,170318421001
37,Street Bump Outs Menu (2023),N PINE AVE & W IOWA ST,35045.07,0.023363,41.896705018308,-87.763653959969,251200,1,170312512001
37,Street Light Residential Staggered Piggy Back Menu (2023),800-900 N Kolin Ave,163000.0,0.108667,41.895435258515,-87.734786553604,842100,2,170318421002
37,Street Light Residential Staggered Piggy Back Menu (2023),4800-5000 W Erie St,340000.0,0.226667,41.892432007889,-87.750696040574,251600,1,170312516001
37,Street Light Residential Staggered Piggy Back Menu (2023),5000-5100 W Huron St,147873.65,0.098582,41.893341109107,-87.750822104398,251600,1,170312516001
37,Street Resurfacing Menu (2023),930-900 N Keeler Ave,24133.51,0.016089,41.897186882177,-87.731120051344,842100,3,170318421003
37,Street Resurfacing Menu (2023),1300-1400 N Long Ave,27362.78,0.018242,41.906024688811,-87.761350948252,250700,5,170312507005
37,Street Resurfacing Menu (2023),4200-4400 W Crystal St,14787.52,0.009858,41.90363898962,-87.731197973588,230600,2,170312306002
37,Street Speed Hump Menu (2023),800-900 N Lavergne Ave,4880.0,0.003253,41.896920768496,-87.751056378591,251100,2,170312511002
37,Street Speed Hump Menu (2023),1300-1400 N Lorel Ave,4880.0,0.003253,41.904150495261,-87.760119646676,250700,5,170312507005
37,Street Speed Hump Menu (2023),5340-5400 W Potomac Ave,2440.0,0.001627,41.904227985956,-87.761217927449,250700,5,170312507005
37,Street Speed Hump Replacement (2023),4200-4400 W Crystal St,0.0,0.0,41.90363898962,-87.731197973588,230600,2,170312306002
37,,N LAWLER AVE & W THOMAS ST & W AUGUSTA BLVD & N LAVERGNE AVE,17603.81,0.011736,41.898659007577,-87.75077600393,251100,1,170312511001
37,,1800 N LOTUS AVE,19180.9,0.012787,41.913211332594,-87.762225432211,250300,4,170312503004
37,,4900 W WALTON ST,20443.06,0.013629,41.897991430898,-87.748489588382,251100,2,170312511002
37,,N LAWLER AVE & W THOMAS ST & W AUGUSTA BLVD & N LAVERGNE AVE,0.0,0.0,41.898659007577,-87.75077600393,251100,1,170312511001
37,,800-1000 N Lockwood Ave,115794.08,0.077196,41.898706197691,-87.758467992655,251200,4,170312512004
37,,4000-4100 W Iowa St,20139.69,0.013426,41.897241637541,-87.728671197125,842100,5,170318421005
37,,4601 W CHICAGO AVE,15635.0,0.010423,41.894797297146,-87.741587091117,251700,1,170312517001
38,Alley Apron Menu (2023),3212 N ORIOLE AVE,10552.37,0.007701,41.938475981326,-87.816796902482,170800,3,170311708003
38,Alley Apron Menu (2023),3215 N OTTAWA AVE,21654.4,0.015804,41.938457750687,-87.817478854124,170800,3,170311708003
38,Alley Apron Menu (2023),4345 N MEADE AVE,20974.81,0.015308,41.95981027184,-87.779209682615,150502,2,170311505022
38,Alley Apron Menu (2023),4457 N MENARD AVE,24571.7,0.017933,41.962100836431,-87.771901249779,150401,2,170311504012
38,Alley Apron Menu (2023),5759 W MONTROSE AVE,25791.59,0.018824,41.960204263199,-87.771954139588,150402,3,170311504023
38,Curb & Gutter Menu (2023),3949 N NOTTINGHAM AVE,53052.41,0.038719,41.952218740225,-87.804598299695,170300,5,170311703005
38,Miscellaneous CDOT Projects (2023),5044 W BERTEAU AVE,660.0,0.000482,41.957197800259,-87.754512069633,150200,1,170311502001
38,Miscellaneous CDOT Projects (2023),6100 W GRACE ST,660.0,0.000482,41.949608028843,-87.779278162764,170200,1,170311702001
38,RuBeNo Triangle Acquisition,W BERENICE AVE & N NORMANDY AVE,50000.0,0.036492,41.949489005818,-87.794486036428,170300,1,170311703001
38,Rubeno Triangle Park,W BERENICE AVE & N NORMANDY AVE,50000.0,0.036492,41.949489005818,-87.794486036428,170300,1,170311703001
38,Sidewalk Menu (2023),3841-3859 N SAYRE AVE,17176.2,0.012536,41.950290986314,-87.80076902723,170300,3,170311703003
38,Sidewalk Menu (2023),3852 N SAYRE AVE,5824.0,0.004251,41.950586825586,-87.801316784602,170300,4,170311703004
38,Street Light Upgrade Menu (2023),3810 N OCTAVIA AVE,500.0,0.000365,41.949231597571,-87.809844113798,170400,1,170311704001
38,Street Resurfacing Menu (2023),4100-4200 N Marmora Ave,54483.27,0.039764,41.956863823327,-87.774803064659,150402,3,170311504023
38,Street Resurfacing Menu (2023),4345-4300 N Mcvicker Ave,44450.28,0.032441,41.958663795124,-87.778484228895,150502,2,170311505022
38,Street Resurfacing Menu (2023),4300-4400 N Meade Ave,71056.18,0.051859,41.958649042975,-87.779682086678,150502,1,170311505021
38,Street Resurfacing Menu (2023),4345-4400 N Melvina Ave,13505.37,0.009857,41.959794136677,-87.781579749557,150502,1,170311505021
38,Street Resurfacing Menu (2023),4000-4030 N Melvina Ave,34585.35,0.025242,41.953859398234,-87.781769985487,150502,3,170311505023
38,Street Resurfacing Menu (2023),4300-4400 N Monitor Ave,57456.54,0.041934,41.958651381333,-87.773331515187,150402,3,170311504023
38,Street Resurfacing Menu (2023),4024-4000 N Moody Ave,21784.75,0.015899,41.953754388706,-87.780760837617,150502,3,170311505023
38,Street Resurfacing Menu (2023),4100-4149 N Natchez Ave,42294.38,0.030868,41.954564667286,-87.789491595602,170100,1,170311701001
38,Street Resurfacing Menu (2023),3200-3300 N Neenah Ave,62038.9,0.045278,41.940161151823,-87.789820858223,171000,2,170311710002
38,Street Resurfacing Menu (2023),4100-4120 N Neenah Ave,54156.94,0.039526,41.955055385807,-87.791661837973,170100,1,170311701001
38,Street Resurfacing Menu (2023),3500-3400 N Neenah Ave,57750.14,0.042148,41.943894211177,-87.790220150626,171000,1,170311710001
38,Street Resurfacing Menu (2023),3300-3400 N Oleander Ave,57397.82,0.041891,41.941511529471,-87.815712451849,170800,3,170311708003
38,Street Resurfacing Menu (2023),4200-4100 N Parkside Ave,48394.13,0.03532,41.955136061625,-87.768580591198,150402,1,170311504021
38,Street Resurfacing Menu (2023),6237-6200 W Belle Plaine Ave,25131.73,0.018342,41.955006016397,-87.78331949738,150502,3,170311505023
38,Street Resurfacing Menu (2023),6434-6600 W Belle Plaine Ave,71914.12,0.052485,41.955439402701,-87.788101876056,170100,1,170311701001
38,Street Resurfacing Menu (2023),6434-6600 W Bittersweet Pl,58749.25,0.042877,41.957536191883,-87.791069338346,170100,1,170311701001
38,Street Resurfacing Menu (2023),5900-6000 W Byron St,51091.85,0.037289,41.951437798306,-87.776928966761,170200,1,170311702001
38,Street Resurfacing Menu (2023),6200-6400 W Byron St,102389.41,0.074727,41.951358295954,-87.781865740093,170200,3,170311702003
38,Street Resurfacing Menu (2023),5700-5800 W Cullom Ave,64622.4,0.047164,41.958845891971,-87.769845755664,150402,3,170311504023
38,Street Resurfacing Menu (2023),5900-6000 W Eastwood Ave,29525.87,0.021549,41.96516190747,-87.77488864389,150401,3,170311504013
38,Street Resurfacing Menu (2023),6602-6630 W School St,19641.51,0.014335,41.939950274276,-87.791263362296,171000,2,170311710002
38,Street Resurfacing Menu (2023),8200-8230 W Waveland Ave,29255.51,0.021352,41.946734519491,-87.832586589093,170500,4,170311705004
38,Street Speed Hump Menu (2023),3700-3800 N PACIFIC AVE,4880.0,0.003562,41.94879624152,-87.827080575669,170500,1,170311705001
38,Street Speed Hump Menu (2023),3800-3899 N Olcott Ave,2440.0,0.001781,41.948898752196,-87.814730008978,170400,4,170311704004
38,Street Speed Hump Menu (2023),3500-3600 N Opal Ave,4880.0,0.003562,41.943297084395,-87.823094813071,170700,3,170311707003
38,Street Speed Hump Menu (2023),3900-4000 N Paris Ave,4880.0,0.003562,41.950509921625,-87.830829968597,170500,3,170311705003
38,Street Speed Hump Replacement (2023),4300-4400 N Meade Ave,0.0,0.0,41.958649042975,-87.779682086678,150502,1,170311505021
38,Street Speed Hump Replacement (2023),4100-4149 N Natchez Ave,0.0,0.0,41.954564667286,-87.789491595602,170100,1,170311701001
38,Street Speed Hump Replacement (2023),3200-3300 N Neenah Ave,0.0,0.0,41.940161151823,-87.789820858223,171000,2,170311710002
38,Street Speed Hump Replacement (2023),5900-6000 W Byron St,0.0,0.0,41.951437798306,-87.776928966761,170200,1,170311702001
38,Street Speed Hump Replacement (2023),6200-6400 W Byron St,0.0,0.0,41.951358295954,-87.781865740093,170200,3,170311702003
38,Street Speed Hump Replacement (2023),5700-5800 W Cullom Ave,0.0,0.0,41.958845891971,-87.769845755664,150402,3,170311504023
39,Connected Bike Lanes &,3939 W MONTROSE AVE,150000.0,0.104366,41.960660615918,-87.726878443606,160400,3,170311604003
39,Diamond Rehab Miscellaneous CDOT Projects (2023),6158 N MCVICKER AVE,660.0,0.000459,41.993315910704,-87.779173660238,100100,2,170311001002
39,Pedestrian Safety & Traffic Calming 39th Ward 2023 Menu,4715 W DEVON AVE,50000.0,0.034789,41.997022904454,-87.746530318515,120300,6,170311203006
39,Pedestrian Safety on W. Montrose Ave Left Turn Arrow from,W LAWRENCE AVE & N CICERO AVE,150000.0,0.104366,41.968033002675,-87.747739827143,120400,3,170311204003
39,Sidewalk Menu (2023),N CICERO AVE & N FOREST GLEN AVE,21434.58,0.014914,41.985554910258,-87.748367966967,120200,4,170311202004
39,Street Light Upgrade Menu (2023),5324 N KIMBALL AVE,500.0,0.000348,41.978292703618,-87.713989255817,831800,1,170318318001
39,Street Light Upgrade Menu (2023),5342 N CHRISTIANA AVE,500.0,0.000348,41.978788241734,-87.712711602316,831800,1,170318318001
39,Street Light Upgrade Menu (2023),5605 N KEYSTONE AVE,500.0,0.000348,41.983042476691,-87.729377843314,130200,1,170311302001
39,Street Light Upgrade Menu (2023),5887 N ELSTON AVE,500.0,0.000348,41.988576670172,-87.774660572305,110100,4,170311101004
39,Street Light Upgrade Menu (2023),6081 N SAUGANASH AVE,500.0,0.000348,41.991593149487,-87.735513899352,120300,2,170311203002
39,Street Light Upgrade Menu (2023),6099 N SAUGANASH AVE,500.0,0.000348,41.991854706775,-87.736122760799,120300,2,170311203002
39,Street Light Upgrade Menu (2023),6122-6124 N KEELER AVE,500.0,0.000348,41.992722066116,-87.734048826496,120300,2,170311203002
39,Street Resurfacing Menu (2023),5500-5600 N Bernard St,58693.41,0.040837,41.981310901223,-87.715282834934,831800,5,170318318005
39,Street Resurfacing Menu (2023),5000-5100 N Hamlin Ave,53058.31,0.036917,41.973907669063,-87.72359977836,140302,3,170311403023
39,Street Resurfacing Menu (2023),6363-6370 N Ionia Ave,22624.38,0.015741,41.996639466644,-87.751634627662,120200,3,170311202003
39,Street Resurfacing Menu (2023),4900-5200 N Kenneth Ave,161338.28,0.112255,41.970083719106,-87.739541571466,140400,4,170311404004
39,Street Resurfacing Menu (2023),4200-4300 N Kildare Ave,57544.62,0.040038,41.957372604849,-87.735757393639,160200,3,170311602003
39,Street Resurfacing Menu (2023),4700-4750 N Kiona Ave,26629.07,0.018528,41.966821307122,-87.733137543822,140500,2,170311405002
39,Street Resurfacing Menu (2023),6250-6330 N Leona Ave,57836.19,0.040241,41.996556153183,-87.754366730862,120200,3,170311202003
39,Street Resurfacing Menu (2023),4500-4660 N Lowell Ave,91742.26,0.063832,41.962789325958,-87.73764365713,160200,2,170311602002
39,Street Resurfacing Menu (2023),6000-6100 N Menard Ave,81627.62,0.056794,41.990330373864,-87.77281102155,110100,5,170311101005
39,Street Resurfacing Menu (2023),4230-4400 N Springfield Ave,77739.77,0.054089,41.961267275795,-87.725445693136,140601,1,170311406011
39,Street Resurfacing Menu (2023),3202-3330 W Ardmore Ave,68080.22,0.047368,41.986902762198,-87.709428327023,130300,1,170311303001
39,Street Resurfacing Menu (2023),5000-5050 W Balmoral Ave,31326.59,0.021796,41.979167480943,-87.752207213897,120400,1,170311204001
39,Street Resurfacing Menu (2023),3300-3330 W Berwyn Ave,23968.81,0.016677,41.977593107908,-87.712579845263,831800,1,170318318001
39,Street Resurfacing Menu (2023),6330-6400 W Hermione St,40516.11,0.02819,41.994964483121,-87.786229098184,100100,1,170311001001
39,Street Resurfacing Menu (2023),6200-6300 W Holbrook St,13867.0,0.009648,41.991345715705,-87.785361999546,100100,1,170311001001
39,Street Resurfacing Menu (2023),4100-4200 W Wilson Ave,39681.73,0.02761,41.964142459,-87.731041094667,140500,3,170311405003
39,Street Speed Hump Menu (2023),6300-6399 N Kildare Ave,4880.0,0.003395,41.995472629552,-87.736480248969,120300,5,170311203005
39,Street Speed Hump Replacement (2023),4900-5200 N Kenneth Ave,0.0,0.0,41.970083719106,-87.739541571466,140400,4,170311404004
39,Street Speed Hump Replacement (2023),6000-6100 N Menard Ave,0.0,0.0,41.990330373864,-87.77281102155,110100,5,170311101005
39,Street Speed Hump Replacement (2023),6200-6300 W Holbrook St,0.0,0.0,41.991345715705,-87.785361999546,100100,1,170311001001
39,Westbound Lawrence to Southbound Cicero. Little Gompers Baseball,4222 W FOSTER AVE,150000.0,0.104366,41.975689284492,-87.734333811204,130200,1,170311302001
39,,5946 N MANTON AVE,500.0,0.000348,41.988980049262,-87.774318758293,110100,4,170311101004
40,Alley Apron Menu (2023),4709 N VIRGINIA AVE,16312.65,0.010875,41.967000142656,-87.697986526274,040700,4,170310407004
40,Alley Apron Menu (2023),5042 N WASHTENAW AVE,317.6,0.000212,41.973460997442,-87.696564033486,040201,2,170310402012
40,Alley Apron Menu (2023),5414 N WASHTENAW AVE,14481.89,0.009655,41.980184089407,-87.696721575149,040202,3,170310402023
40,Alley Apron Menu (2023),6017 N TALMAN AVE,16203.94,0.010803,41.990952764092,-87.695707004247,020802,2,170310208022
40,Arterial Street Bump Outs Menu (2023),N DAMEN AVE & W BALMORAL AVE,320000.0,0.213333,41.981973993584,-87.679546004012,040100,1,170310401001
40,Bollard Menu (2023),2015 W BALMORAL AVE,4823.86,0.003216,41.979465625239,-87.680249580965,040100,1,170310401001
40,Concrete Alley Menu (2023),N CAMPBELL AVE & W ARDMORE AVE & W THORNDALE AVE & N MAPLEWOOD AVE,340000.0,0.226667,41.988615017379,-87.69328100965,020801,4,170310208014
40,Curb & Gutter Menu (2023),4437 N CALIFORNIA AVE,5006.27,0.003338,41.96235371845,-87.698196995863,140800,2,170311408002
40,Curb & Gutter Menu (2023),5801 N CALIFORNIA AVE,2913.93,0.001943,41.986929710017,-87.698935525352,020801,2,170310208012
40,Curb & Gutter Menu (2023),5827-5831 N FAIRFIELD AVE,5327.03,0.003551,41.987727080466,-87.697848979243,020801,2,170310208012
40,Left-Turn Arrow Menu (2023),N DAMEN AVE & W FOSTER AVE,131758.3,0.087839,41.976040989149,-87.679410971552,040100,2,170310401002
40,Pavement Markings Menu (2023),5100-5200 N Lincoln Ave,8000.0,0.005333,41.974168388161,-87.692346762723,040201,2,170310402012
40,Pavement Markings Menu (2023),2000-2400 W Foster Ave,15000.0,0.01,41.976122000244,-87.67942496933,040100,2,170310401002
40,Pavement Markings Menu (2023),2900-2600 W Foster Ave,7500.0,0.005,41.976037971664,-87.701549589495,040300,2,170310403002
40,Sidewalk Menu (2023),1601-1635 W WINNEMAC AVE,17481.29,0.011654,41.973228190082,-87.670271176691,031000,2,170310310002
40,Sidewalk Menu (2023),1604 W FARRAGUT AVE,11080.66,0.007387,41.977205989872,-87.669979989375,030900,4,170310309004
40,Sidewalk Menu (2023),1818 W PETERSON AVE,7241.48,0.004828,41.991077159527,-87.675893757341,020902,1,170310209021
40,Sidewalk Menu (2023),2139 W GRANVILLE AVE,9414.67,0.006276,41.993961288591,-87.683930996658,020901,2,170310209012
40,Sidewalk Menu (2023),2204-2208 W WINONA ST,16616.85,0.011078,41.975120069447,-87.684693833666,040401,3,170310404013
40,Sidewalk Menu (2023),2245 W BERWYN AVE,2247.77,0.001499,41.977571943764,-87.686176340881,040100,3,170310401003
40,Sidewalk Menu (2023),2524 W GUNNISON ST,4616.9,0.003078,41.969896970303,-87.69230887652,040201,3,170310402013
40,Sidewalk Menu (2023),2637 W SUMMERDALE AVE,3225.64,0.00215,41.978398608965,-87.695636911176,040202,2,170310402022
40,Sidewalk Menu (2023),2724 W RASCHER AVE,11042.57,0.007362,41.98062387853,-87.697690645092,040202,3,170310402023
40,Sidewalk Menu (2023),4704-4744 N ROCKWELL ST,59585.17,0.039723,41.968066865563,-87.694104866914,040700,3,170310407003
40,Sidewalk Menu (2023),4843-4855 N CALIFORNIA AVE,24426.53,0.016284,41.96986692118,-87.698455661395,040201,3,170310402013
40,Sidewalk Menu (2023),5030-5035 N CALIFORNIA AVE,19420.68,0.012947,41.973324623878,-87.698674345249,040201,2,170310402012
40,Sidewalk Menu (2023),5341 N ASHLAND AVE,5459.85,0.00364,41.979258885597,-87.66941513292,030900,3,170310309003
40,Sidewalk Menu (2023),5629 N MAPLEWOOD AVE,5507.7,0.003672,41.984008449122,-87.692862668863,020801,1,170310208011
40,Sidewalk Menu (2023),5715 N ASHLAND AVE,7668.3,0.005112,41.985676154488,-87.669535999964,030400,2,170310304002
40,Sidewalk Menu (2023),5943 N FAIRFIELD AVE,4634.22,0.003089,41.989891539323,-87.69787605279,020801,2,170310208012
40,Sidewalk Menu (2023),6172 N WINCHESTER AVE,27629.91,0.01842,41.993948715736,-87.678723152577,020902,2,170310209022
40,Sidewalk Menu (2023),6337 N HERMITAGE AVE,16549.68,0.011033,41.996680922805,-87.673204088431,030300,1,170310303001
40,Sidewalk Menu (2023),5230-5300 N Rockwell St,39198.23,0.026132,41.976946863335,-87.694350875772,040202,2,170310402022
40,Sidewalk Menu (2023),2100-2200 W Norwood St,16795.77,0.011197,41.991880180136,-87.683039145225,020901,2,170310209012
40,Sidewalk Menu (2023),1900-1940 W Winona St,23150.62,0.015434,41.974826996203,-87.678070034682,040402,2,170310404022
40,Sidewalk Menu (2023),W OLIVE AVE & N HERMITAGE AVE,36450.8,0.024301,41.984247207634,-87.673036869463,030400,2,170310304002
40,Street Light Upgrade Menu (2023),5340 N CLARK ST,1000.0,0.000667,41.979214293873,-87.668532853792,030900,3,170310309003
40,Street Resurfacing Menu (2023),N BOWMANVILLE AVE & N DAMEN AVE,33400.84,0.022267,41.981973993584,-87.679546004012,040100,1,170310401001
40,Street Resurfacing Menu (2023),5300-5400 N Bowmanville Ave,29015.91,0.019344,41.977801164934,-87.688367192202,040100,1,170310401001
40,Street Resurfacing Menu (2023),6200-6400 N Hoyne Ave,59981.42,0.039988,41.994357752611,-87.683055339234,020901,1,170310209011
40,Street Resurfacing Menu (2023),2703-2800 W Agatite Ave,36350.22,0.024233,41.96195457222,-87.695449240364,140800,2,170311408002
40,Street Speed Hump Menu (2023),6100-6200 N Maplewood Ave,4880.0,0.003253,41.994188689624,-87.693751821152,020802,4,170310208024
40,Street Speed Hump Menu (2023),2700-2800 W Gunnison St,4880.0,0.003253,41.969782766872,-87.696556322135,040201,3,170310402013
40,Street Speed Hump Replacement (2023),5300-5400 N Bowmanville Ave,0.0,0.0,41.977801164934,-87.688367192202,040100,1,170310401001
40,Street Speed Hump Replacement (2023),2703-2800 W Agatite Ave,0.0,0.0,41.96195457222,-87.695449240364,140800,2,170311408002
40,Street Traffic Circle Menu (2023),W GLENLAKE AVE & N MAPLEWOOD AVE,20000.0,0.013333,41.992238011208,-87.69338402324,020802,1,170310208021
40,Street Traffic Circle Menu (2023),W GRANVILLE AVE & N MAPLEWOOD AVE,20000.0,0.013333,41.994060195048,-87.693441774553,020802,4,170310208024
40,,5499-5600 N Damen Ave,33400.84,0.022267,41.981382319737,-87.679520450621,040100,1,170310401001
41,LED Traffic Signal Upgrades & Pedestrian Countdown,7278 W HIGGINS AVE,17337.66,0.011558,41.981153194194,-87.807116639577,100500,1,170311005001
41,Signal (2023) Miscellaneous CDOT Projects (2023),W HIGGINS AVE & N OCTAVIA AVE,11178.06,0.007452,41.981716501518,-87.809775214554,100500,1,170311005001
41,Street Light Upgrade Menu (2023),7104 N OZARK AVE,500.0,0.000333,42.009506114763,-87.820357954046,090200,4,170310902004
41,Street Resurfacing Menu (2023),5330-5442 N Nottingham Ave,80302.72,0.053535,41.980795530245,-87.803577761822,100600,4,170311006004
41,Street Resurfacing Menu (2023),6660-6700 N Oketo Ave,47537.45,0.031692,42.002943000758,-87.811568019824,090200,2,170310902002
41,Street Resurfacing Menu (2023),5300-5500 N Oketo Ave,107359.51,0.071573,41.976388419036,-87.812205798837,100500,3,170311005003
41,Street Resurfacing Menu (2023),7300-7400 N Oketo Ave,55048.99,0.036699,42.015357898555,-87.811794247391,090100,1,170310901001
41,Street Resurfacing Menu (2023),7500-7600 N Olcott Ave,54608.67,0.036406,42.017145590865,-87.814196333203,090100,4,170310901004
41,Street Resurfacing Menu (2023),5200-5300 N Olcott Ave,61009.04,0.040673,41.976326351043,-87.814719028685,100500,3,170311005003
41,Street Resurfacing Menu (2023),5335-5300 N Oleander Ave,33880.86,0.022587,41.977177323763,-87.815362758849,100500,3,170311005003
41,Street Resurfacing Menu (2023),5300-5200 N Oleander Ave,56957.43,0.037972,41.974547836918,-87.81590624145,100500,2,170311005002
41,Street Resurfacing Menu (2023),7100-7200 N Oleander Ave,48456.76,0.032305,42.009831332606,-87.815325040284,090200,5,170310902005
41,Street Resurfacing Menu (2023),6670-6700 N Oliphant Ave,76805.34,0.051204,42.003687146121,-87.815644726071,090200,4,170310902004
41,Street Resurfacing Menu (2023),6700-6800 N Oliphant Ave,55081.58,0.036721,42.003687146121,-87.815644726071,090200,4,170310902004
41,Street Resurfacing Menu (2023),6600-6660 N Onarga Ave,63204.0,0.042136,42.001123442021,-87.81097782695,090200,3,170310902003
41,Street Resurfacing Menu (2023),7200-7299 N Oriole Ave,50051.84,0.033368,42.013219725055,-87.816314205426,090100,3,170310901003
41,Street Resurfacing Menu (2023),7500-7600 N Osceola Ave,55254.58,0.036836,42.017156948343,-87.812947178172,090100,1,170310901001
41,Street Resurfacing Menu (2023),6770-6900 N Ottawa Ave,59955.84,0.039971,42.006030560335,-87.817697782492,090200,4,170310902004
41,Street Resurfacing Menu (2023),7500-7600 N Ottawa Ave,70793.56,0.047196,42.017035578385,-87.817855117758,090100,4,170310901004
41,Street Resurfacing Menu (2023),5530-5442 N Sayre Ave,74668.96,0.049779,41.979687167362,-87.801051225415,100600,4,170311006004
41,Street Resurfacing Menu (2023),7200-7300 W Balmoral Ave,40690.24,0.027127,41.978094429699,-87.807303558945,100500,2,170311005002
41,Street Resurfacing Menu (2023),7800-7900 W Balmoral Ave,52138.49,0.034759,41.977988021438,-87.821989910594,100500,4,170311005004
41,Street Resurfacing Menu (2023),7800-7700 W Balmoral Ave,54021.48,0.036014,41.97824496868,-87.819560751235,100500,4,170311005004
41,Street Resurfacing Menu (2023),7200-7300 W Fitch Ave,85610.23,0.057073,42.010959955869,-87.809279424981,090200,1,170310902001
41,Street Resurfacing Menu (2023),7749-7800 W Olive Ave,11626.36,0.007751,41.982510854482,-87.822000220335,100500,4,170311005004
41,Street Resurfacing Menu (2023),7800-7900 W Olive Ave,35340.95,0.023561,41.982510854482,-87.822000220335,100500,4,170311005004
41,Street Resurfacing Menu (2023),7200-7300 W Pratt Ave,67445.42,0.044964,42.004634720275,-87.811263086186,090200,2,170310902002
41,Street Resurfacing Menu (2023),7200-7300 W Summerdale Ave,32941.36,0.021961,41.976471609425,-87.809818046079,100500,2,170311005002
41,Street Resurfacing Menu (2023),7300-7300 W Summerdale Ave,35312.61,0.023542,41.976471609425,-87.809818046079,100500,2,170311005002
41,Street Speed Hump Menu (2023),7000-7100 W Imlay St,4880.0,0.003253,41.996453132267,-87.804711710389,100200,5,170311002005
41,Street Speed Hump Replacement (2023),5300-5500 N Oketo Ave,0.0,0.0,41.976388419036,-87.812205798837,100500,3,170311005003
41,Street Speed Hump Replacement (2023),6700-6800 N Oliphant Ave,0.0,0.0,42.003687146121,-87.815644726071,090200,4,170310902004
42,Alley Resurfacing Menu (2023),W SUPERIOR ST & N CLARK ST & N LA SALLE DR & W HURON ST,6272.8,0.00419,41.895643617909,-87.631214273922,081700,1,170310817001
42,Miscellaneous CDOT Projects (2023),360 W OHIO ST,38304.56,0.025588,41.892566327887,-87.63848699985,081800,4,170310818004
42,Miscellaneous CDOT Projects (2023),37 E ILLINOIS ST,660.0,0.000441,41.890843579835,-87.626506772208,081500,3,170310815003
42,Sidewalk Menu (2023),111 E CHESTNUT ST,120000.0,0.08016,41.89797571483,-87.625217608933,081201,2,170310812012
42,Street Bump Outs Menu (2023),357 W ERIE ST,9684.0,0.006469,41.893730071324,-87.637828936632,081800,4,170310818004
42,Street Bump Outs Menu (2023),N LARRABEE ST & W ERIE ST,21193.81,0.014158,41.89397708601,-87.642883727161,081800,3,170310818003
42,Street Light Arterial Menu (2023),100-150 E Pearson St,125000.0,0.0835,41.897674008225,-87.625254992221,081201,2,170310812012
42,Street Light Arterial Menu (2023),300-340 W Chicago Ave,200000.0,0.133601,41.896828735199,-87.637473627756,081800,1,170310818001
42,Street Light Pole Painting Menu (2023),730-370 N Michigan Ave,37000.0,0.024716,41.896217987824,-87.624955003906,081500,2,170310815002
42,Street Resurfacing Menu (2023),399 E RANDOLPH ST,15694.57,0.010484,41.884410214782,-87.617299942055,320101,2,170313201012
42,Street Resurfacing Menu (2023),N LAKE SHORE DR & N LSD WACKER DR XR,25623.22,0.017116,41.985480520867,-87.653613485235,030604,1,170310306041
42,Street Resurfacing Menu (2023),440-400 E Huron St,51151.32,0.034169,41.895162999581,-87.616688016624,081401,2,170310814012
42,Street Resurfacing Menu (2023),350-400 E River Dr,65774.39,0.043937,41.888939485139,-87.617892293699,081403,1,170310814031
42,Street Resurfacing Menu (2023),380-433 N Columbus Dr,32860.34,0.021951,41.887578889885,-87.620832928285,320102,1,170313201021
42,Street Resurfacing Menu (2023),195-150 N Harbor Dr,107101.3,0.071544,41.885668063483,-87.614713659331,320101,4,170313201014
42,Street Resurfacing Menu (2023),404-430 N Mcclurg Ct,22816.17,0.015241,41.889111149061,-87.617705346976,081403,1,170310814031
42,Street Resurfacing Menu (2023),430-480 N New St,66217.37,0.044233,41.89032731375,-87.618647627423,081403,1,170310814031
42,Street Resurfacing Menu (2023),400-440 W Erie St,72083.09,0.048152,41.894174437921,-87.638909531589,081800,3,170310818003
42,Street Speed Hump Menu (2023),660-730 N Kingsbury St,4880.0,0.00326,41.895747735991,-87.641574334066,081900,1,170310819001
42,Street Speed Hump Menu (2023),700-726 N Larrabee St,2440.0,0.00163,41.894704970482,-87.643337188122,081800,4,170310818004
42,Street Speed Hump Menu (2023),170-220 N Westshore Dr,2440.0,0.00163,41.886078773789,-87.616338752183,320101,3,170313201013
42,Street Speed Hump Replacement (2023),440-400 E Huron St,0.0,0.0,41.895162999581,-87.616688016624,081401,2,170310814012
42,Street Speed Hump Replacement (2023),195-150 N Harbor Dr,0.0,0.0,41.885668063483,-87.614713659331,320101,4,170313201014
42,Street Speed Hump Replacement (2023),400-440 W Erie St,0.0,0.0,41.894174437921,-87.638909531589,081800,3,170310818003
42,Viaduct Improvement Menu (2023),450-455 E WATERSIDE DR,166099.86,0.110955,41.886563083104,-87.615515053093,320101,3,170313201013
42,Viaduct Improvement Menu (2023),400-500 N Wabash Lower Ave,278079.98,0.185758,41.890954340589,-87.626771073035,081500,3,170310815003
42,,323 E WACKER DR,25623.22,0.017116,41.887335433572,-87.619489583941,320101,1,170313201011
43,"(2023) In-Road ""State Law Stop For Pedestrians"" Sign Menu",900 W ALTGELD ST,175.0,0.000117,41.927307371525,-87.651533921302,070300,2,170310703002
43,"(2023) In-Road ""State Law Stop For Pedestrians"" Sign Menu",N CLARK ST & W DEMING PL,175.0,0.000117,41.928710980308,-87.642307974232,070102,1,170310701021
43,"(2023) In-Road ""State Law Stop For Pedestrians"" Sign Menu",W ARMITAGE AVE & N SEMINARY AVE,600.0,0.0004,41.918048989921,-87.655791690413,832600,2,170318326002
43,(2023) Light Poles and Fixtures in the Lincoln Park Area,5700 N LAKE SHORE DR,48617.0,0.032411,41.984053805153,-87.651729788175,,,
43,Alley Apron Menu (2023),1150 W ALTGELD ST,16386.01,0.010924,41.927310448106,-87.658056229194,070400,3,170310704003
43,Alley Apron Menu (2023),1335 N ASTOR ST,15492.54,0.010328,41.906965305985,-87.627252651205,080100,3,170310801003
43,Alley Apron Menu (2023),1852 N SHEFFIELD AVE,13178.71,0.008786,41.915361374577,-87.653445847171,832600,2,170318326002
43,Alley Apron Menu (2023),2417 N ORCHARD ST,54110.24,0.036073,41.926034848171,-87.646064910873,070200,2,170310702002
43,Alley Apron Menu (2023),2635 N RACINE AVE,12521.68,0.008348,41.929964996842,-87.658329060142,070400,3,170310704003
43,Alley Apron Menu (2023),N SEMINARY AVE & W LILL AVE & W WRIGHTWOOD AVE & N RACINE AVE,36846.37,0.024564,41.92893498667,-87.658583031808,070500,1,170310705001
43,Alley Resurfacing Menu (2023),1134 W SCHUBERT AVE,27222.17,0.018148,41.931002676455,-87.657610647221,070400,3,170310704003
43,Alley Resurfacing Menu (2023),2115 N DAYTON ST,22045.18,0.014697,41.920511844531,-87.649513896391,071100,1,170310711001
43,Alley Resurfacing Menu (2023),N CAMBRIDGE AVE & W BELDEN AVE & W FULLERTON PKWY & N CLEVELAND AVE,6550.9,0.004367,41.92559002057,-87.641443967652,070103,1,170310701031
43,Alley Resurfacing Menu (2023),N LAKEVIEW AVE & W DIVERSEY PKWY & W WRIGHTWOOD AVE & N PINE GROVE AVE,34237.75,0.022825,41.931059002844,-87.640374017712,070101,3,170310701013
43,Alley Resurfacing Menu (2023),N MAUD AVE & N SHEFFIELD AVE,8188.64,0.005459,41.914868979675,-87.653250967922,832600,3,170318326003
43,Alley Resurfacing Menu (2023),N MOHAWK ST & W EUGENIE ST & W MENOMONEE ST & N LARRABEE ST,21181.13,0.014121,41.914624982474,-87.643529971896,071700,1,170310717001
43,Alley Resurfacing Menu (2023),W ARMITAGE AVE & N FREMONT ST & N BISSELL ST & W DICKENS AVE,37047.38,0.024698,41.918149991854,-87.650928007276,071100,1,170310711001
43,Alley Resurfacing Menu (2023),W WEBSTER AVE & N FREMONT ST & N BISSELL ST & W DICKENS AVE,5337.48,0.003558,41.921795994007,-87.651045018645,071100,1,170310711001
43,Alley Resurfacing Menu (2023),W WRIGHTWOOD AVE & N SEMINARY AVE & N RACINE AVE & W LILL AVE,40123.13,0.026749,41.928970986944,-87.656141970147,070400,1,170310704001
43,Alley Speed Hump Replacement (2023),2115 N DAYTON ST,0.0,0.0,41.920511844531,-87.649513896391,071100,1,170310711001
43,Alley Speed Hump Replacement (2023),N MOHAWK ST & W EUGENIE ST & W MENOMONEE ST & N LARRABEE ST,0.0,0.0,41.914624982474,-87.643529971896,071700,1,170310717001
43,Alley Speed Hump Replacement (2023),W ARMITAGE AVE & N FREMONT ST & N BISSELL ST & W DICKENS AVE,0.0,0.0,41.918149991854,-87.650928007276,071100,1,170310711001
43,Bollard Menu (2023),200 W MENOMONEE ST,4452.88,0.002969,41.914970987437,-87.635123174468,071500,6,170310715006
43,Chicago Sculpture Exhibit 43 Ward,1001 W WRIGHTWOOD AVE,10000.0,0.006667,41.928971281929,-87.653837055648,070400,1,170310704001
43,Concrete Alley Menu (2023),W BELDEN AVE & N LINCOLN AVE & N GENEVA TER & W BELDEN AVE,19507.24,0.013005,41.923691016586,-87.646260963588,071200,1,170310712001
43,Curb & Gutter Menu (2023),1044 W DICKENS AVE,48891.58,0.032594,41.92006437663,-87.655185594994,071000,2,170310710002
43,Curb & Gutter Menu (2023),1855 N ORCHARD ST,14421.56,0.009614,41.915447247175,-87.645743800162,071800,1,170310718001
43,Curb & Gutter Menu (2023),N STATE PKWY & E BANKS ST,20788.2,0.013859,41.906772186936,-87.628777235574,080202,3,170310802023
43,Curb & Gutter Menu (2023),W ARMITAGE AVE & N DAYTON ST,3931.7,0.002621,41.918154015168,-87.649708021269,832600,3,170318326003
43,Diversey Harbor Garden Fencing,2600 N CANNON DR,10000.0,0.006667,41.929569683266,-87.636064609918,070101,3,170310701013
43,"In-Road ""State Law Stop For Pedestrians"" Sign Menu",1100 W FULLERTON AVE,175.0,0.000117,41.925622416626,-87.656269458894,070400,2,170310704002
43,Oz Park Playground Development,655 W WEBSTER AVE,100000.0,0.066667,41.921827315602,-87.645271447676,071200,2,170310712002
43,Pavement Markings Menu (2023),W WRIGHTWOOD AVE & N ORCHARD ST,2500.0,0.001667,41.929106983323,-87.646432960241,070200,3,170310702003
43,Sidewalk Menu (2023),1 E SCHILLER ST,8945.48,0.005964,41.907649856018,-87.628215899518,080100,6,170310801006
43,Sidewalk Menu (2023),2401-2799 N LAKEVIEW AVE,26250.0,0.0175,41.925683590311,-87.639003763803,070101,3,170310701013
43,Sidewalk Menu (2023),2513 N BURLING ST,3480.35,0.00232,41.927774051171,-87.647292440593,070200,2,170310702002
43,Sidewalk Menu (2023),2523 N HALSTED ST,1768.49,0.001179,41.928014695611,-87.648589959204,070200,2,170310702002
43,Sidewalk Menu (2023),2611 N LAKEVIEW AVE,35637.86,0.023759,41.932851766817,-87.639251973848,070101,3,170310701013
43,Sidewalk Menu (2023),540 W ARMITAGE AVE,3262.94,0.002175,41.918391558304,-87.642801919786,071300,2,170310713002
43,Street Bump Outs Menu (2023),N CLIFTON AVE & W BELDEN AVE,39107.21,0.026071,41.923497981356,-87.657166993086,071000,1,170310710001
43,Street Bump Outs Menu (2023),W WILLOW ST & N NORTH PARK AVE,4588.25,0.003059,41.914137993899,-87.636715987528,071500,4,170310715004
43,Street Light Residential Staggered Piggy Back Menu (2023),2400-2600 N Lakeview Ave,336000.0,0.224,41.929874975202,-87.639720229264,070101,1,170310701011
43,Street Light Residential Staggered Piggy Back Menu (2023),400-600 W Wrightwood Ave,16793.09,0.011195,41.931467411076,-87.639595003631,070101,3,170310701013
43,Street Resurfacing Menu (2023),2100-2200 N Cleveland Ave,52847.1,0.035231,41.922054994815,-87.641485038978,071300,2,170310713002
43,Street Resurfacing Menu (2023),1865-1910 N Poe St,35407.45,0.023605,41.916307320725,-87.654571431842,832600,2,170318326002
43,Street Resurfacing Menu (2023),500-550 W Wisconsin St,31841.06,0.021227,41.916652942038,-87.641355203298,071600,1,170310716001
43,Street Speed Hump Menu (2023),2200-2300 N Clifton Ave,4880.0,0.003253,41.923641018534,-87.657310994182,071000,1,170310710001
43,Trebes Park Rebuild,2250 N CLIFTON AVE,98081.55,0.065388,41.923108767682,-87.657680300836,071000,1,170310710001
43,Two Picnic Tables - Fire Station 1950 N Larrabee,1950 N LARRABEE ST,10000.0,0.006667,41.917965548075,-87.643990222199,071800,1,170310718001
43,,2506 N LINCOLN AVE,175.0,0.000117,41.927389573272,-87.65170936829,070300,2,170310703002
43,,2530 N CLARK ST,175.0,0.000117,41.928673429381,-87.642621373591,070200,3,170310702003
43,,1131 W WRIGHTWOOD AVE,36846.37,0.024564,41.92872464281,-87.657444685538,070400,3,170310704003
43,,W SCHUBERT AVE & N LINCOLN AVE & N RACINE AVE & W DIVERSEY PKWY,27222.17,0.018148,41.932592011025,-87.658699959358,062900,2,170310629002
43,,N DAYTON ST & W DICKENS AVE & W WEBSTER AVE & N HALSTED ST,22045.18,0.014697,41.921840795279,-87.648656595335,071100,1,170310711001
43,,2314 N CAMBRIDGE AVE,6550.9,0.004367,41.924222932162,-87.642589103264,071300,2,170310713002
43,,1856 N SHEFFIELD AVE,8188.64,0.005459,41.91547369208,-87.653473423633,832600,2,170318326002
43,,2144 N FREMONT ST,5337.48,0.003558,41.921277573296,-87.651320950897,071100,2,170310711002
43,,N DAYTON ST & W DICKENS AVE & W WEBSTER AVE & N HALSTED ST,0.0,0.0,41.921840795279,-87.648656595335,071100,1,170310711001
43,,613 W BELDEN AVE,19507.24,0.013005,41.923496053519,-87.644431026487,071200,1,170310712001
43,,826 W ARMITAGE AVE,3931.7,0.002621,41.91843686249,-87.649562762887,071100,1,170310711001
43,,W FULLERTON AVE & N SEMINARY AVE,175.0,0.000117,41.92535281271,-87.656033592138,070400,2,170310704002
43,,2400-2800 N Lakeview Ave,26250.0,0.0175,41.925868509303,-87.639432646166,070101,2,170310701012
44,Alley Apron Menu (2023),1148 W BARRY AVE,12275.73,0.009257,41.938129012444,-87.658416986306,062900,3,170310629003
44,Alley Apron Menu (2023),1214 W MELROSE ST,9943.04,0.007498,41.940930160666,-87.659650383359,062300,1,170310623001
44,Alley Apron Menu (2023),1215 W WAVELAND AVE,13669.36,0.010307,41.948805252066,-87.659948192378,061200,1,170310612001
44,Alley Apron Menu (2023),1340 W EDDY ST,10336.22,0.007794,41.946398053293,-87.663283686928,061500,1,170310615001
44,Alley Apron Menu (2023),1345 W BYRON ST,14228.04,0.010729,41.952505966109,-87.663444154122,060500,1,170310605001
44,Alley Apron Menu (2023),1442 W WAVELAND AVE,11381.97,0.008583,41.949002813524,-87.665760036402,060400,2,170310604002
44,Alley Apron Menu (2023),3616 N RACINE AVE,11108.2,0.008376,41.947693141153,-87.659460197976,061200,1,170310612001
44,Alley Resurfacing Menu (2023),3818-3832 N WAYNE AVE,8219.53,0.006198,41.952025956452,-87.663256781019,060500,1,170310605001
44,Alley Resurfacing Menu (2023),740 W MELROSE ST,9586.3,0.007229,41.941271555583,-87.648524496541,062000,1,170310620001
44,Alley Resurfacing Menu (2023),N FREMONT ST & W WAVELAND AVE & W ADDISON ST & N WILTON AVE,18602.1,0.014027,41.949077999196,-87.651951018559,061000,1,170310610001
44,Alley Resurfacing Menu (2023),N HALSTED ST & W GEORGE ST & W WOLFRAM ST & N MILDRED AVE,24782.2,0.018687,41.933595995388,-87.651442991407,063000,2,170310630002
44,Alley Resurfacing Menu (2023),N SHEFFIELD AVE & W BELMONT AVE & W SCHOOL ST & N KENMORE AVE,26945.24,0.020318,41.939941012273,-87.65408999643,062100,3,170310621003
44,Alley Resurfacing Menu (2023),N SHEFFIELD AVE & W OAKDALE AVE & W GEORGE ST & N MILDRED AVE,10760.51,0.008114,41.935354979679,-87.653937026697,063000,2,170310630002
44,Alley Resurfacing Menu (2023),N SHEFFIELD AVE & W SCHOOL ST & W ROSCOE ST & N KENMORE AVE,25029.41,0.018873,41.941754520844,-87.654148083019,062100,3,170310621003
44,Alley Resurfacing Menu (2023),W HENDERSON ST & N SOUTHPORT AVE & N LAKEWOOD AVE & W ROSCOE ST,60315.44,0.045481,41.942523979555,-87.663885004662,062300,1,170310623001
44,Alley Resurfacing Menu (2023),W WAVELAND AVE & N SEMINARY AVE & N KENMORE AVE & W GRACE ST,43044.4,0.032458,41.949025989486,-87.656644968156,061100,1,170310611001
44,Alley Resurfacing Menu (2023),W WELLINGTON AVE & N SEMINARY AVE & N RACINE AVE & W OAKDALE AVE,47879.16,0.036103,41.936233989865,-87.656389990661,062900,1,170310629001
44,Alley Speed Hump Menu (2023),N HALSTED ST & W ADDISON ST & W CORNELIA AVE & N RETA AVE,1450.0,0.001093,41.947324505051,-87.649488499225,061000,1,170310610001
44,Alley Speed Hump Menu (2023),N HALSTED ST & W BUCKINGHAM PL & W ALDINE AVE & N CLARK ST,1450.0,0.001093,41.942729000907,-87.649335026578,062000,1,170310620001
44,Alley Speed Hump Menu (2023),N HALSTED ST & W CORNELIA AVE & W NEWPORT AVE & N SHEFFIELD AVE,1450.0,0.001093,41.944472981591,-87.654279511261,062200,1,170310622001
44,Alley Speed Hump Menu (2023),N HALSTED ST & W NEWPORT AVE & W ROSCOE ST & N CLARK ST,1450.0,0.001093,41.944560991574,-87.649392023519,062000,2,170310620002
44,Alley Speed Hump Menu (2023),N HALSTED ST & W ROSCOE ST & W BUCKINGHAM PL & N CLARK ST,1450.0,0.001093,41.942957346066,-87.645393840422,062000,1,170310620001
44,Curb & Gutter Menu (2023),W ROSCOE ST & N ELAINE PL,120000.0,0.090486,41.943648998599,-87.647339965984,062000,2,170310620002
44,LED Traffic Signal Upgrades & Pedestrian Countdown,1000 W BELMONT AVE,39071.87,0.029462,41.94010567476,-87.654332149613,062200,1,170310622001
44,Miscellaneous CDOT Projects (2023),3100-3700 N Halsted St,405396.26,0.305689,41.94933993367,-87.649883119226,061000,1,170310610001
44,One Mural Coating 3637 N Southport,3637 N SOUTHPORT AVE,700.0,0.000528,41.94834609141,-87.663686856471,061200,1,170310612001
44,Sidewalk Menu (2023),3180 N LAKE SHORE DR,1938.46,0.001462,41.939822492162,-87.639002570714,063200,4,170310632004
44,Sidewalk Menu (2023),3240-3255 N SOUTHPORT AVE,21413.0,0.016146,41.941402019906,-87.663556350238,062300,1,170310623001
44,Sidewalk Menu (2023),3304-3321 N SOUTHPORT AVE,15453.8,0.011653,41.942256261568,-87.663627764053,062300,1,170310623001
44,Sidewalk Menu (2023),548-556 W SURF ST,15402.04,0.011614,41.934793475985,-87.643667016012,063301,1,170310633011
44,Sidewalk Menu (2023),600 W ALDINE AVE,34060.91,0.025684,41.941975006807,-87.644637975676,062000,1,170310620001
44,Signal (2023) Miscellaneous CDOT Projects (2023),959 W WAVELAND AVE,660.0,0.000498,41.949754734866,-87.646440083327,060900,6,170310609006
44,Street Bump Outs Menu (2023),800-1000 W Waveland Ave,16000.0,0.012065,41.949154986976,-87.654454022485,061100,1,170310611001
44,Street Light Upgrade Menu (2023),1140 W NEWPORT AVE,500.0,0.000377,41.944635967698,-87.658274493952,062200,2,170310622002
44,Street Light Upgrade Menu (2023),2910 N SEMINARY AVE,500.0,0.000377,41.934785303629,-87.656583696444,062900,3,170310629003
44,Street Light Upgrade Menu (2023),W WAVELAND AVE & N SHEFFIELD AVE & N KENMORE AVE & W GRACE ST,2000.0,0.001508,41.949054613686,-87.654359139341,061000,1,170310610001
44,Street Resurfacing Menu (2023),3700-3800 N Kenmore Ave,56978.9,0.042965,41.951248157747,-87.65666458181,832100,2,170318321002
44,Street Resurfacing Menu (2023),3400-3430 N Lakewood Ave,26294.18,0.019827,41.943666013863,-87.661633038736,061500,1,170310615001
44,Street Resurfacing Menu (2023),3000-3100 N Pine Grove Ave,31553.5,0.023793,41.936622993991,-87.641974961218,063200,6,170310632006
44,Street Resurfacing Menu (2023),500-699 W Stratford Pl,46857.76,0.035333,41.946155020011,-87.642262041402,061902,3,170310619023
44,Street Speed Hump Menu (2023),3700-3800 N Greenview Ave,4880.0,0.00368,41.950798845827,-87.667605815301,060400,3,170310604003
44,Street Speed Hump Menu (2023),400-599 W Barry Ave,9760.0,0.00736,41.937840004423,-87.639577988367,063200,1,170310632001
44,Street Speed Hump Menu (2023),820-999 W Fletcher St,9760.0,0.00736,41.93889591556,-87.653973706412,063000,1,170310630001
44,Viaduct Improvement Menu (2023),3300-3400 N Lake Shore Dr,500.0,0.000377,41.94352339578,-87.641204077583,061902,3,170310619023
44,,1147 W BARRY AVE,12275.73,0.009257,41.937908777938,-87.658386308541,062900,3,170310629003
44,,1343 W EDDY ST,10336.22,0.007794,41.945945472431,-87.663300953649,061500,1,170310615001
44,,N BROADWAY & W ALDINE AVE & W MELROSE ST & N HALSTED ST,9586.3,0.007229,41.941104001338,-87.649288004101,062000,1,170310620001
44,,3614-3656 N FREMONT ST,18602.1,0.014027,41.948939655884,-87.652295011865,061000,1,170310610001
44,,2901 N SHEFFIELD AVE,10760.51,0.008114,41.934751985564,-87.653653969827,063000,2,170310630002
44,,W BELMONT AVE & N SHEFFIELD AVE,39071.87,0.029462,41.939941012273,-87.65408999643,062100,3,170310621003
44,,1127 W CORNELIA AVE,500.0,0.000377,41.945021702882,-87.65798297136,062200,2,170310622002
45,Alley Speed Hump Menu (2023),N MILWAUKEE AVE & W HUTCHINSON ST & W CULLOM AVE & N LAMON AVE,725.0,0.000483,41.957938006128,-87.752118030448,150200,5,170311502005
45,Speed Indicator Signs (2023),N CENTRAL AVE & W CATALPA AVE,3120.04,0.00208,41.981079979791,-87.76838998672,110200,1,170311102001
45,Street Resurfacing Menu (2023),6800-7000 N Algonquin Ave,102053.62,0.068036,42.004621225411,-87.763413315529,120200,1,170311202001
45,Street Resurfacing Menu (2023),6800-7000 N Dowagiac Ave,223518.41,0.149012,42.004031139428,-87.7654518782,120200,1,170311202001
45,Street Resurfacing Menu (2023),6530-6700 N Kinzua Ave,48816.48,0.032544,42.002079251046,-87.767642436555,120200,1,170311202001
45,Street Resurfacing Menu (2023),7045-7000 N Leoti Ave,64042.53,0.042695,42.009764822204,-87.782828150216,120100,4,170311201004
45,Street Resurfacing Menu (2023),6420-6400 N Leroy Ave,20375.49,0.013584,41.998050525784,-87.754871820917,120200,3,170311202003
45,Street Resurfacing Menu (2023),4630-4730 N Marmora Ave,80836.97,0.053891,41.966373842789,-87.774832001149,150401,3,170311504013
45,Street Resurfacing Menu (2023),5470-5600 N Mason Ave,57515.19,0.038343,41.983046374276,-87.777130216256,110100,3,170311101003
45,Street Resurfacing Menu (2023),6930-7000 N Medford Ave,54639.9,0.036427,42.007944356654,-87.783939925853,120100,4,170311201004
45,Street Resurfacing Menu (2023),6400-6500 N Minnehaha Ave,12290.33,0.008194,41.998685171523,-87.761160829891,120200,2,170311202002
45,Street Resurfacing Menu (2023),6800-6900 N Minnetonka Ave,48707.41,0.032472,42.0065933615,-87.764177745098,120200,1,170311202001
45,Street Resurfacing Menu (2023),7000-7100 N Moselle Ave,49998.95,0.033333,42.008270538416,-87.778017356888,120100,1,170311201001
45,Street Resurfacing Menu (2023),6100-6200 N Nassau Ave,91542.78,0.061029,41.99173832405,-87.790873771436,100200,3,170311002003
45,Street Resurfacing Menu (2023),6200-6300 N Neenah Ave,58046.99,0.038698,41.993921756848,-87.790032415037,100200,2,170311002002
45,Street Resurfacing Menu (2023),6740-6900 N Sauganash Ave,215209.26,0.143473,42.003835683328,-87.762360043389,120200,1,170311202001
45,Street Resurfacing Menu (2023),7000-7100 N Sioux Ave,68133.92,0.045423,42.010002323431,-87.779151093112,120100,1,170311201001
45,Street Resurfacing Menu (2023),6800-6820 N Waukesha Ave,25065.06,0.01671,42.005895358513,-87.765233613441,120200,1,170311202001
45,Street Resurfacing Menu (2023),6700-6750 N Waukesha Ave,101427.96,0.067619,42.00316620775,-87.766043336677,120200,1,170311202001
45,Street Resurfacing Menu (2023),5900-6000 W Eastwood Ave,29525.87,0.019684,41.96516190747,-87.77488864389,150401,3,170311504013
45,Street Resurfacing Menu (2023),5831-5400 W Greenleaf Ave,37572.2,0.025048,42.009075494487,-87.773280994861,120100,1,170311201001
45,Street Resurfacing Menu (2023),5400-5460 W Morse Ave,101955.63,0.06797,42.006489736954,-87.764040324436,120200,1,170311202001
45,Street Speed Hump Menu (2023),4900-5000 N Melvina Ave,4880.0,0.003253,41.972206268447,-87.783386720244,110300,4,170311103004
46,Alley Resurfacing Menu (2023),N BROADWAY & W GUNNISON ST & W LAWRENCE AVE & N MAGNOLIA AVE,7168.92,0.005231,41.968992185764,-87.661451486713,031700,1,170310317001
46,Alley Resurfacing Menu (2023),N SHERIDAN RD & W BUENA AVE & W MONTROSE AVE & N KENMORE AVE,12897.57,0.009411,41.961777714063,-87.656337436129,830700,4,170318307004
46,Alley Resurfacing Menu (2023),W BROMPTON AVE & N LAKE SHORE DR & N PINE GROVE AVE & W CORNELIA AVE,14430.53,0.01053,41.94608838388,-87.644458183853,061800,1,170310618001
46,Bus Pad (2023),840 W IRVING PARK RD,33748.71,0.024626,41.954638008938,-87.651077959524,032100,5,170310321005
46,Catch Basin Installation 1000 Block of W Sunnyside Ave,1040-1000 W Sunnyside Ave,11000.0,0.008026,41.963733002527,-87.654871022168,830700,4,170318307004
46,Concrete Alley Menu (2023),N CLARENDON AVE & W EASTWOOD AVE,116666.67,0.08513,41.966458881258,-87.650040279911,031400,5,170310314005
46,Concrete Alley Menu (2023),N CLARENDON AVE & W SUNNYSIDE AVE & W WINDSOR AVE & N HAZEL ST,4237.91,0.003092,41.963681411913,-87.649961825297,031400,5,170310314005
46,Concrete Alley Menu (2023),W LAWRENCE AVE & N WINTHROP AVE & N KENMORE AVE & W AINSLIE ST,382304.73,0.278961,41.969041219898,-87.65763151816,830700,2,170318307002
46,High Definition Camera Menu (2023),N PINE GROVE AVE & W ADDISON ST,3500.0,0.002554,41.947938982373,-87.645521009176,060900,6,170310609006
46,Miscellaneous CDOT Projects (2023),4301 N BROADWAY,20441.02,0.014915,41.960213986207,-87.653956975627,032100,1,170310321001
46,Sidewalk Menu (2023),3715 N HALSTED ST,11500.61,0.008392,41.949396008602,-87.649214997724,060900,1,170310609001
46,Sidewalk Menu (2023),4413 N SHERIDAN RD,4474.06,0.003265,41.962151882221,-87.654430720794,031502,1,170310315021
46,Sidewalk Menu (2023),4423-4445 N BROADWAY,19851.27,0.014485,41.962601668014,-87.655575213234,830700,4,170318307004
46,Sidewalk Menu (2023),4501-4515 N MALDEN ST,2085.33,0.001522,41.964047030529,-87.662069316796,031700,3,170310317003
46,Sidewalk Menu (2023),4548 N SHERIDAN RD,17695.7,0.012912,41.965035927466,-87.655199425134,830700,4,170318307004
46,Sidewalk Menu (2023),4750 N CLARENDON AVE,5753.68,0.004198,41.968959747799,-87.650332808332,031501,2,170310315012
46,Sidewalk Menu (2023),817 W HUTCHINSON ST,22352.79,0.01631,41.959006237778,-87.650728769438,032100,1,170310321001
46,Sidewalk Menu (2023),826 W HUTCHINSON ST,3122.61,0.002279,41.959529687632,-87.650909734727,032100,1,170310321001
46,Sidewalk Menu (2023),826 W WILSON AVE,33702.66,0.024592,41.965733678996,-87.651135207923,031501,3,170310315013
46,Street Light Pole Painting Menu (2023),4841-4899 N Broadway,4650.0,0.003393,41.971413637787,-87.659658671717,031200,2,170310312002
46,Street Light Pole Painting Menu (2023),400-800 W Wilson Ave,11100.0,0.008099,41.965611009843,-87.650545960129,031501,3,170310315013
46,Street Resurfacing Menu (2023),4800-4900 N Kenmore Ave,93266.26,0.068055,41.971866005087,-87.656702970926,031200,2,170310312002
46,Street Resurfacing Menu (2023),4500-4600 N Magnolia Ave,75784.56,0.055299,41.965523712321,-87.661452995456,031700,2,170310317002
46,Street Resurfacing Menu (2023),4400-4600 N Malden St,2525.91,0.001843,41.9618082661,-87.6627770847,031700,4,170310317004
46,Street Resurfacing Menu (2023),3500-3540 N Pine Grove Ave,44003.37,0.032108,41.946952432369,-87.645648581742,061800,1,170310618001
46,Street Resurfacing Menu (2023),4400-4440 N Racine Ave,83701.79,0.061076,41.961830939148,-87.659921370288,031700,4,170310317004
46,Street Resurfacing Menu (2023),500-699 W Stratford Pl,46857.76,0.034191,41.946155020011,-87.642262041402,061902,3,170310619023
46,Street Resurfacing Menu (2023),1000-1040 W Sunnyside Ave,27862.1,0.02033,41.963733002527,-87.654871022168,830700,4,170318307004
46,Street Speed Hump Replacement (2023),4800-4900 N Kenmore Ave,0.0,0.0,41.971866005087,-87.656702970926,031200,2,170310312002
46,Street Speed Hump Replacement (2023),4500-4600 N Magnolia Ave,0.0,0.0,41.965523712321,-87.661452995456,031700,2,170310317002
46,Street Speed Hump Replacement (2023),4400-4440 N Racine Ave,0.0,0.0,41.961830939148,-87.659921370288,031700,4,170310317004
46,,826 W WILSON AVE,116666.67,0.08513,41.965733678996,-87.651135207923,031501,3,170310315013
46,,N CLARENDON AVE & W WILSON AVE,116666.67,0.08513,41.965505188315,-87.650011613802,031400,5,170310314005
46,,N BROADWAY & W CULLOM AVE,20441.02,0.014915,41.960125012305,-87.654056971732,032100,1,170310321001
47,"(2023) In-Road ""State Law Stop For Pedestrians"" Sign Menu",N LINCOLN AVE & W BERENICE AVE,350.0,0.000233,41.951464997582,-87.676845019533,050600,1,170310506001
47,"(2023) In-Road ""State Law Stop For Pedestrians"" Sign Menu",W ADDISON ST & N HOYNE AVE,600.0,0.0004,41.946847993856,-87.680968999714,050500,4,170310505004
47,"(2023) In-Road ""State Law Stop For Pedestrians"" Sign Menu",W ADDISON ST & N OAKLEY AVE,600.0,0.0004,41.946785003853,-87.685810973721,050500,5,170310505005
47,"(2023) In-Road ""State Law Stop For Pedestrians"" Sign Menu",W MONTROSE AVE & N BELL AVE,600.0,0.0004,41.961384016071,-87.685017961862,040900,2,170310409002
47,"(2023) In-Road ""State Law Stop For Pedestrians"" Sign Menu",W MONTROSE AVE & N CAMPBELL AVE,600.0,0.0004,41.961318008584,-87.691823983421,040800,1,170310408001
47,"(2023) In-Road ""State Law Stop For Pedestrians"" Sign Menu",W WILSON AVE & N GREENVIEW AVE,350.0,0.000233,41.965266010708,-87.667774040097,031800,1,170310318001
47,(2023) Pavement Markings Menu (2023),1800 W BYRON ST,2000.0,0.001333,41.952542868421,-87.674279067514,050600,1,170310506001
47,Alley Apron Menu (2023),3445 N WOLCOTT AVE,12983.4,0.008656,41.944532996018,-87.675905072911,050700,1,170310507001
47,Alley Apron Menu (2023),3511 N WOLCOTT AVE,13860.59,0.00924,41.94543660709,-87.675884537248,050700,1,170310507001
47,Alley Resurfacing Menu (2023),N BROADWAY & W ARGYLE ST & W WINNEMAC AVE & N GLENWOOD AVE,63346.03,0.042231,41.973556090134,-87.664703329869,031100,3,170310311003
47,Alley Speed Hump Menu (2023),N DAMEN AVE & W ADDISON ST & W PATTERSON AVE & N WOLCOTT AVE,1450.0,0.000967,41.94783798044,-87.676133982686,050600,2,170310506002
47,Alley Speed Hump Menu (2023),W CORNELIA AVE & N ASHLAND AVE & N MARSHFIELD AVE & W ROSCOE ST,1450.0,0.000967,41.945183012609,-87.668856981988,831900,2,170318319002
47,Bike Boulevard Menu (2023),3600 N LINCOLN AVE,65000.0,0.043333,41.947299987985,-87.67412098482,050600,2,170310506002
47,Bike Boulevard Menu (2023),3600-4900 N Leavitt St,125000.0,0.083333,41.946881982473,-87.683526988925,050500,4,170310505004
47,Bike Boulevard Menu (2023),2100-2400 W Berteau Ave,60000.0,0.04,41.957787006142,-87.688710022573,050300,1,170310503001
47,Curb & Gutter Menu (2023),2127 W GIDDINGS ST,7561.78,0.005041,41.967414795406,-87.681937277169,040600,1,170310406001
47,Curb & Gutter Menu (2023),2208 W CULLOM AVE,2372.44,0.001582,41.959769074786,-87.684273313584,050200,1,170310502001
47,Curb & Gutter Menu (2023),2560 W PENSACOLA AVE,9842.66,0.006562,41.960568289254,-87.694308128066,050300,3,170310503003
47,Curb & Gutter Menu (2023),4029 N OAKLEY AVE,2627.71,0.001752,41.955014188753,-87.685811392817,050200,3,170310502003
47,Curb & Gutter Menu (2023),N LINCOLN AVE & W SUNNYSIDE AVE,17079.75,0.011387,41.963205990364,-87.684978986012,040900,1,170310409001
47,"In-Road ""State Law Stop For Pedestrians"" Sign Menu",N CLARK ST & W WINONA ST,350.0,0.000233,41.975289719168,-87.668330263192,031000,1,170310310001
47,"In-Road ""State Law Stop For Pedestrians"" Sign Menu",W MONTROSE AVE & N SEELEY AVE,600.0,0.0004,41.961456980538,-87.680567003638,040900,2,170310409002
47,Pavement Markings Menu (2023),1929 W WILSON AVE,3200.0,0.002133,41.964842137864,-87.677184486611,830800,2,170318308002
47,Pavement Markings Menu (2023),3600-3730 N Talman Ave,500.0,0.000333,41.946943421823,-87.695423927016,843700,1,170318437001
47,Permanent Picnic Table Shades at Lake View High School,4015-3999 N Ashland Ave,9539.0,0.006359,41.955254372188,-87.668604602883,060100,3,170310601003
47,Sidewalk Menu (2023),1737 W ROSCOE ST,3611.06,0.002407,41.943095164347,-87.672697570023,062500,1,170310625001
47,Sidewalk Menu (2023),2016-2018 W BERTEAU AVE,3596.07,0.002397,41.958011766876,-87.679641473889,050200,2,170310502002
47,Sidewalk Menu (2023),2254 W ADDISON ST,688.19,0.000459,41.947006663283,-87.685571167472,050500,5,170310505005
47,Sidewalk Menu (2023),2415-2419 W BERENICE AVE,68938.62,0.045959,41.95106178613,-87.689215451334,843700,1,170318437001
47,Sidewalk Menu (2023),2439 W PENSACOLA AVE,4057.6,0.002705,41.960195001196,-87.690263440688,050300,1,170310503001
47,Sidewalk Menu (2023),2447 W CULLOM AVE,2953.89,0.001969,41.959304256346,-87.690499726539,050300,1,170310503001
47,Sidewalk Menu (2023),2659 W LELAND AVE,924.34,0.000616,41.966501670874,-87.695999428488,040700,3,170310407003
47,Sidewalk Menu (2023),2711-2715 W LELAND AVE,8927.79,0.005952,41.966499365851,-87.696881456159,040700,3,170310407003
47,Sidewalk Menu (2023),3732 N HERMITAGE AVE,7373.83,0.004916,41.94978832358,-87.672794297185,060300,2,170310603002
47,Sidewalk Menu (2023),3747 N HOYNE AVE,11784.04,0.007856,41.950082554445,-87.680970320518,050500,3,170310505003
47,Sidewalk Menu (2023),3939 N OAKLEY AVE,2865.33,0.00191,41.95342162715,-87.685742661211,050500,1,170310505001
47,Sidewalk Menu (2023),4120 N HERMITAGE AVE,1339.96,0.000893,41.956738178598,-87.672582821768,060200,2,170310602002
47,Sidewalk Menu (2023),4326 N LEAVITT ST,4658.42,0.003106,41.960416409169,-87.684049684407,050200,1,170310502001
47,Sidewalk Menu (2023),4631 N LINCOLN AVE,5998.13,0.003999,41.965936814419,-87.68656853013,040600,2,170310406002
47,Sidewalk Menu (2023),4737 N LINCOLN AVE,162742.64,0.108495,41.967829448156,-87.687714839209,040600,3,170310406003
47,Sidewalk Menu (2023),4822 N ASHLAND AVE,2695.77,0.001797,41.969597275355,-87.669792737658,031000,3,170310310003
47,Sidewalk Menu (2023),N HERMITAGE AVE & W LELAND AVE,14572.05,0.009715,41.967027006655,-87.672551976364,031800,1,170310318001
47,Speed Indicator Signs (2023),W IRVING PARK RD & N GREENVIEW AVE,6348.24,0.004232,41.954325992593,-87.667496012369,060100,2,170310601002
47,Street Bump Outs Menu (2023),3600-3700 N Campbell Ave,2081.82,0.001388,41.947436990192,-87.691571017584,843700,1,170318437001
47,Street Bump Outs Menu (2023),W GRACE ST & N BELL AVE,11511.28,0.007674,41.950426982693,-87.684702969941,050500,3,170310505003
47,Street Bump Outs Menu (2023),W GRACE ST & N CLAREMONT AVE & N OAKLEY AVE & W WAVELAND AVE,33743.77,0.022496,41.972468295164,-87.687867823107,040401,1,170310404011
47,Street Bump Outs Menu (2023),W WARNER AVE & N DAMEN AVE,19528.13,0.013019,41.95689299235,-87.678837984651,050200,2,170310502002
47,Street Bump Outs Menu (2023),W WILSON AVE & N WINCHESTER AVE,19119.95,0.012747,41.965144012107,-87.677572987824,830800,1,170318308001
47,Street Light Upgrade Menu (2023),1409 W BERTEAU AVE,500.0,0.000333,41.957806326429,-87.664882199683,060100,1,170310601001
47,Street Light Upgrade Menu (2023),1654 W MELROSE ST,500.0,0.000333,41.940772161791,-87.670870901863,062500,1,170310625001
47,Street Light Upgrade Menu (2023),2458 W BERENICE AVE,500.0,0.000333,41.951505775541,-87.690677255248,843700,1,170318437001
47,Street Light Upgrade Menu (2023),3553 N MARSHFIELD AVE,117.67,7.8e-05,41.946705878687,-87.669805478151,831900,2,170318319002
47,Street Light Upgrade Menu (2023),3738 N ASHLAND AVE,500.0,0.000333,41.949974024645,-87.66925495475,060300,2,170310603002
47,Street Light Upgrade Menu (2023),5135 N GLENWOOD AVE,500.0,0.000333,41.975601735513,-87.664562932991,031100,1,170310311001
47,Street Resurfacing Menu (2023),4100-4200 N Bell Ave,58607.89,0.039072,41.957848110217,-87.685284338745,050200,1,170310502001
47,Street Resurfacing Menu (2023),4330-4400 N Greenview Ave,37170.2,0.02478,41.960773268696,-87.668040836075,060100,3,170310601003
47,Street Resurfacing Menu (2023),4900-5030 N Hermitage Ave,62241.69,0.041494,41.971926270971,-87.673168046248,031000,3,170310310003
47,Street Resurfacing Menu (2023),3800-3900 N Hoyne Ave,59913.15,0.039942,41.950535989343,-87.681197993309,050500,2,170310505002
47,Street Resurfacing Menu (2023),4800-4900 N Hoyne Ave,54556.27,0.036371,41.970691323267,-87.682049427033,040402,4,170310404024
47,Street Resurfacing Menu (2023),4200-4300 N Leavitt St,67311.6,0.044874,41.957794005032,-87.683879028859,050200,1,170310502001
47,Street Resurfacing Menu (2023),3730-3800 N Wolcott Ave,17322.11,0.011548,41.949730769177,-87.676279665866,050600,2,170310506002
47,Street Resurfacing Menu (2023),1400-1500 W Berteau Ave,88785.72,0.05919,41.958093993346,-87.667749984035,060100,3,170310601003
47,Street Resurfacing Menu (2023),1200-1400 W Carmen Ave,79619.97,0.05308,41.974456557992,-87.665106080317,031100,3,170310311003
47,Street Resurfacing Menu (2023),2400-2500 W Hutchinson St,62022.44,0.041348,41.958671003561,-87.692079966744,050300,3,170310503003
47,Street Resurfacing Menu (2023),1600-1700 W Leland Ave,39527.95,0.026352,41.967173983328,-87.669824002157,031800,1,170310318001
47,Street Speed Hump Menu (2023),1700 W ROSCOE ST,2350.0,0.001567,41.943422016661,-87.671294020336,831900,2,170318319002
47,Street Speed Hump Menu (2023),3600-3700 N Campbell Ave,4880.0,0.003253,41.947436990192,-87.691571017584,843700,1,170318437001
47,Street Speed Hump Menu (2023),3600-3730 N Talman Ave,7320.0,0.00488,41.946943421823,-87.695423927016,843700,1,170318437001
47,Street Speed Hump Menu (2023),2300-2400 W Belle Plaine Ave,4880.0,0.003253,41.955960002707,-87.688772970666,050300,2,170310503002
47,Street Speed Hump Replacement (2023),4100-4200 N Bell Ave,0.0,0.0,41.957848110217,-87.685284338745,050200,1,170310502001
47,Street Speed Hump Replacement (2023),4330-4400 N Greenview Ave,0.0,0.0,41.960773268696,-87.668040836075,060100,3,170310601003
47,Street Speed Hump Replacement (2023),3800-3900 N Hoyne Ave,0.0,0.0,41.950535989343,-87.681197993309,050500,2,170310505002
47,Street Speed Hump Replacement (2023),4800-4900 N Hoyne Ave,0.0,0.0,41.970691323267,-87.682049427033,040402,4,170310404024
47,Street Speed Hump Replacement (2023),4200-4300 N Leavitt St,0.0,0.0,41.957794005032,-87.683879028859,050200,1,170310502001
47,Street Speed Hump Replacement (2023),1200-1400 W Carmen Ave,0.0,0.0,41.974456557992,-87.665106080317,031100,3,170310311003
47,Street Speed Hump Replacement (2023),2400-2500 W Hutchinson St,0.0,0.0,41.958671003561,-87.692079966744,050300,3,170310503003
47,Street Traffic Circle Menu (2023),N GREENVIEW AVE & W BELLE PLAINE AVE,3231.4,0.002154,41.9561519902,-87.667577987382,060100,2,170310601002
47,,4512 N LINCOLN AVE,17079.75,0.011387,41.963436241245,-87.685536969307,040900,1,170310409001
47,,2707 W LELAND AVE,8927.79,0.005952,41.966502383336,-87.696552298822,040700,3,170310407003
47,,1466-1468 W IRVING PARK RD,6348.24,0.004232,41.954504988135,-87.6669531165,060100,2,170310601002
47,,1511 W IRVING PARK RD,6348.24,0.004232,41.954140836352,-87.668017115289,060400,3,170310604003
47,,3700 N CAMPBELL AVE,2081.82,0.001388,41.948749361775,-87.690826243268,843700,1,170318437001
47,,N CAMPBELL AVE & W WAVELAND AVE,2081.82,0.001388,41.948518716706,-87.690741879722,843700,1,170318437001
47,,1634 W MELROSE ST,500.0,0.000333,41.940928065191,-87.669925590823,062500,1,170310625001
47,,1700-1800 W Roscoe St,2350.0,0.001567,41.943614884253,-87.674848282558,050700,1,170310507001
48,(2023) Miscellaneous CDOT Projects (2023),5359 N CLARK ST,660.0,0.000532,41.979503308204,-87.668228698854,030800,3,170310308003
48,ADA - Street Resurfacing Menu (2023),5300-5400 N Glenwood Ave,3622.5,0.002921,41.980024279086,-87.665208507173,030800,2,170310308002
48,Alley Apron Menu (2023),5959 N BROADWAY,12672.05,0.010217,41.990606976669,-87.659974763012,030101,1,170310301011
48,Alley Apron Menu (2023),6030-6100 N Glenwood Ave,23162.43,0.018674,41.992859948423,-87.665454851308,030200,3,170310302003
48,Alley Resurfacing Menu (2023),N GLENWOOD AVE & W GREGORY ST & W CATALPA AVE & N CLARK ST,14832.24,0.011958,41.982620699323,-87.664947662347,030800,1,170310308001
48,Alley Resurfacing Menu (2023),N MARINE DR & W MARGATE TER & W AINSLIE ST & N MCCUTCHEON TER,14306.93,0.011535,41.971621002057,-87.654028976175,031300,4,170310313004
48,Alley Resurfacing Menu (2023),W ARDMORE AVE & N RIDGE AVE & N CLARK ST & W VICTORIA ST,53529.3,0.043157,41.98806608654,-87.667395597169,030500,2,170310305002
48,Alley Resurfacing Menu (2023),W GRANVILLE AVE & N SHERIDAN RD & N KENMORE AVE & W GLENLAKE AVE,40662.73,0.032784,41.994596008209,-87.65553218669,030103,2,170310301032
48,Alley Speed Hump Replacement (2023),W ARDMORE AVE & N RIDGE AVE & N CLARK ST & W VICTORIA ST,0.0,0.0,41.98806608654,-87.667395597169,030500,2,170310305002
48,Alley Speed Hump Replacement (2023),W GRANVILLE AVE & N SHERIDAN RD & N KENMORE AVE & W GLENLAKE AVE,0.0,0.0,41.994596008209,-87.65553218669,030103,2,170310301032
48,Cochran Park Playlot Renovation,5550 N MAGNOLIA AVE,50000.0,0.040312,41.983406293198,-87.661684084526,030800,1,170310308001
48,Curb & Gutter Menu (2023),1428-1430 W HOOD AVE,10325.78,0.008325,41.993762176481,-87.666537374103,030200,3,170310302003
48,Curb & Gutter Menu (2023),5250-5252 N LAKEWOOD AVE,4300.43,0.003467,41.977620725039,-87.662460123797,030800,4,170310308004
48,Curb & Gutter Menu (2023),5455 N LAKEWOOD AVE,1510.47,0.001218,41.980935928715,-87.662406593364,030800,2,170310308002
48,Curb & Gutter Menu (2023),5538 N LAKEWOOD AVE,1955.3,0.001576,41.98297852277,-87.662811534322,030800,1,170310308001
48,Design and installation of Pedestrian Hybrid Beacon (PHB) on N. Ridge Ave. at the intersection with N. Wayne Ave. &,N RIDGE AVE & N WAYNE AVE,297411.7,0.239782,41.985779293806,-87.663587195642,030500,3,170310305003
48,Mosaic Installation at Stephen K. Hayt Elementary School,1518 W GRANVILLE AVE,19095.75,0.015396,41.994755473917,-87.668237978438,030200,4,170310302004
48,Pavement Markings Menu (2023),4900-6399 N Winthrop Ave,50000.0,0.040312,41.998110086667,-87.658570517447,030104,1,170310301041
48,Sidewalk Menu (2023),1455 W NORWOOD ST,5908.79,0.004764,41.991551575247,-87.667342372084,030200,3,170310302003
48,Sidewalk Menu (2023),5100 N MARINE DR,2976.73,0.0024,41.975654457684,-87.65244865215,031300,5,170310313005
48,Sidewalk Menu (2023),5201-5203 N WINTHROP AVE,8009.7,0.006458,41.976578813967,-87.657534204264,030703,1,170310307031
48,Sidewalk Menu (2023),5353 N BROADWAY,42570.06,0.034321,41.979733385136,-87.659452151349,030703,1,170310307031
48,Sidewalk Menu (2023),5439 N BROADWAY,2340.31,0.001887,41.981129810205,-87.659663375309,030703,3,170310307033
48,Sidewalk Menu (2023),5651 N BROADWAY,7114.73,0.005736,41.985196122893,-87.659461119985,030603,1,170310306031
48,Sidewalk Menu (2023),5701 N BROADWAY,6437.91,0.00519,41.985728834749,-87.659681731677,030603,2,170310306032
48,Sidewalk Menu (2023),5821 N BROADWAY,14310.58,0.011538,41.987759183155,-87.659795474103,030601,2,170310306012
48,Sidewalk Menu (2023),5947 N BROADWAY,8232.18,0.006637,41.990452623922,-87.659976355573,030101,1,170310301011
48,Sidewalk Menu (2023),6231 N BROADWAY,8321.07,0.006709,41.995567722244,-87.659972918993,030103,1,170310301031
48,Sidewalk Menu (2023),6300-6310 N BROADWAY,59721.1,0.048149,41.996680519608,-87.66055119872,030200,1,170310302001
48,Street Resurfacing Menu (2023),5300-5400 N Glenwood Ave,66270.0,0.053429,41.980024279086,-87.665208507173,030800,2,170310308002
48,Street Resurfacing Menu (2023),5800-5900 N Kenmore Ave,97543.15,0.078642,41.98938279971,-87.657400680546,030601,1,170310306011
48,Street Resurfacing Menu (2023),5200-5300 N Wayne Ave,55806.86,0.044993,41.97639068215,-87.663773273893,030800,4,170310308004
48,Street Resurfacing Menu (2023),5300-5400 N Winthrop Ave,64819.15,0.052259,41.980119916601,-87.658352278014,030703,3,170310307033
48,Street Resurfacing Menu (2023),1500-1600 W Thorndale Ave,48361.42,0.03899,41.988480341207,-87.670328459926,030400,1,170310304001
48,Street Speed Hump Replacement (2023),5300-5400 N Glenwood Ave,0.0,0.0,41.980024279086,-87.665208507173,030800,2,170310308002
48,Street Speed Hump Replacement (2023),5200-5300 N Wayne Ave,0.0,0.0,41.97639068215,-87.663773273893,030800,4,170310308004
48,Street Speed Hump Replacement (2023),5300-5400 N Winthrop Ave,0.0,0.0,41.980119916601,-87.658352278014,030703,3,170310307033
48,Street Speed Hump Replacement (2023),1500-1600 W Thorndale Ave,0.0,0.0,41.988480341207,-87.670328459926,030400,1,170310304001
48,Volini Plaza,1332-1332 W Hollywood Ave,50000.0,0.040312,41.985572140566,-87.664428747884,030500,4,170310305004
48,"W. Hollywood Ave. In-Road ""State Law Stop For Pedestrians"" Sign Menu",W DEVON AVE & N BOSWORTH AVE,600.0,0.000484,41.998034013434,-87.669143978352,030200,4,170310302004
48,,5933-6000 N Broadway,12672.05,0.010217,41.990979928894,-87.660384364819,030200,2,170310302002
48,,6034 N GLENWOOD AVE,23162.43,0.018674,41.991778918368,-87.665282857142,030200,3,170310302003
48,,4900-6400 N Kenmore Ave,50000.0,0.040312,41.971866005087,-87.656702970926,031200,2,170310312002
48,,5643 N BROADWAY,7114.73,0.005736,41.984878155396,-87.659506382262,030603,1,170310306031
49,49th Ward - Loene Beach Parking Lot Access - CPD,1222 W TOUHY AVE,100000.0,0.068725,42.013164019218,-87.66250098481,010300,3,170310103003
49,49th Ward - Picnic Tables - Lazarus Park Playground,1257 W COLUMBIA AVE,12000.0,0.008247,42.004453615889,-87.663176566479,010502,1,170310105021
49,49th Ward - Sidewalk Repairs - Tobey Prinz Park - CPD,1050 W PRATT BLVD,30000.0,0.020618,42.005645977795,-87.658675284594,010400,1,170310104001
49,49th Ward Mural Funding - DCASE,7442 N ASHLAND AVE,33000.0,0.022679,42.017666554776,-87.670427696991,010300,2,170310103002
49,Alley Resurfacing Menu (2023),1132 W ALBION AVE,19382.6,0.013321,42.002824271099,-87.659944755798,010400,3,170310104003
49,Alley Resurfacing Menu (2023),N ASHLAND AVE & W PRATT BLVD & W NORTH SHORE AVE & N BOSWORTH AVE,23735.24,0.016312,42.003597145436,-87.669308976116,010600,1,170310106001
49,Alley Resurfacing Menu (2023),N BELL AVE & W TOUHY AVE & W CHASE AVE & N OAKLEY AVE,50068.45,0.03441,42.014096883132,-87.68752431855,020100,1,170310201001
49,Alley Speed Hump Replacement (2023),1132 W ALBION AVE,0.0,0.0,42.002824271099,-87.659944755798,010400,3,170310104003
49,Alley Speed Hump Replacement (2023),N BELL AVE & W TOUHY AVE & W CHASE AVE & N OAKLEY AVE,0.0,0.0,42.014096883132,-87.68752431855,020100,1,170310201001
49,Arterial Street Bump Outs Menu (2023),N CLARK ST & W WALLEN AVE,128069.5,0.088016,42.002629014665,-87.672183004987,830600,2,170318306002
49,Bike Lane/Marked Shared Lane Menu (2023),7500-7770 N Eastlake Ter,40000.0,0.02749,42.022341225564,-87.66577661225,,,
49,Concrete Alley Menu (2023),N GLENWOOD AVE & W GREENLEAF AVE & N GREENVIEW AVE & W LUNT AVE,139950.18,0.096181,42.010343383071,-87.666268901744,010600,2,170310106002
49,Curb & Gutter Menu (2023),1149 W FARWELL AVE,11455.57,0.007873,42.006482720378,-87.659994460484,010400,1,170310104001
49,Curb & Gutter Menu (2023),1201 W MORSE AVE,17509.87,0.012034,42.007951074286,-87.661760278026,010501,3,170310105013
49,Curb & Gutter Menu (2023),1622 W CHASE AVE,4797.7,0.003297,42.014077269479,-87.671246830221,010202,2,170310102022
49,Miscellaneous CDOT Projects (2023),1442 W JARVIS AVE,660.0,0.000454,42.016382418581,-87.667860289881,010300,4,170310103004
49,Miscellaneous CDOT Projects (2023),1901 W HOWARD ST,3900.0,0.00268,42.019299739981,-87.67787364669,010201,4,170310102014
49,Miscellaneous CDOT Projects (2023),7156 N SHERIDAN RD,2600.0,0.001787,42.012286827641,-87.66328684445,010501,2,170310105012
49,Sidewalk Menu (2023),1236 W NORTH SHORE AVE,2442.65,0.001679,42.0037755752,-87.662431917927,010502,1,170310105021
49,Sidewalk Menu (2023),1243-1247 W COLUMBIA AVE,11644.18,0.008002,42.004304850476,-87.66277104973,010502,1,170310105021
49,Sidewalk Menu (2023),1339 W LOYOLA AVE,3154.99,0.002168,42.001207779162,-87.665123514675,010503,2,170310105032
49,Sidewalk Menu (2023),1513 W SHERWIN AVE,2777.07,0.001909,42.01472120919,-87.668732762182,010300,4,170310103004
49,Sidewalk Menu (2023),1522-1524 W GREENLEAF AVE,1622.77,0.001115,42.010594965895,-87.668973406623,010600,2,170310106002
49,Sidewalk Menu (2023),1538 W ESTES AVE,3125.11,0.002148,42.011779244995,-87.669585788469,010600,2,170310106002
49,Sidewalk Menu (2023),1560 W HOWARD ST,449.44,0.000309,42.019451796203,-87.670709209592,010100,2,170310101002
49,Sidewalk Menu (2023),1617 W HOWARD ST,449.44,0.000309,42.019186877654,-87.672144699689,010202,1,170310102021
49,Sidewalk Menu (2023),1634 W JUNEWAY TER,14224.56,0.009776,42.022806602541,-87.672064233419,010100,2,170310101002
49,Sidewalk Menu (2023),1710 W JUNEWAY TER,19679.78,0.013525,42.022798765461,-87.673743296263,010100,2,170310101002
49,Sidewalk Menu (2023),1726 W LUNT AVE,18093.64,0.012435,42.009097960151,-87.672990353105,010702,1,170310107021
49,Sidewalk Menu (2023),1755 W NORTH SHORE AVE,6881.36,0.004729,42.003260171974,-87.674573439953,830600,4,170318306004
49,Sidewalk Menu (2023),1810 W CHASE AVE,4264.3,0.002931,42.014040892019,-87.676180502249,010201,2,170310102012
49,Sidewalk Menu (2023),1844 W CHASE AVE,12077.65,0.0083,42.013971867046,-87.67746678911,010201,2,170310102012
49,Sidewalk Menu (2023),1941-1951 W MORSE AVE,15615.92,0.010732,42.007397186015,-87.68004564926,010701,1,170310107011
49,Sidewalk Menu (2023),6432 N NEWGARD AVE,5680.39,0.003904,41.999135940335,-87.66707691721,010600,3,170310106003
49,Sidewalk Menu (2023),6915-6917 N GREENVIEW AVE,7336.31,0.005042,42.007215172987,-87.667498610759,010600,1,170310106001
49,Sidewalk Menu (2023),6963 N SHERIDAN RD,3662.98,0.002517,42.008552589458,-87.661482248298,010400,2,170310104002
49,Sidewalk Menu (2023),7340-7350 N RIDGE BLVD,7990.46,0.005491,42.015515604064,-87.68531334013,020100,2,170310201002
49,Sidewalk Menu (2023),7401 N SHERIDAN RD,19477.14,0.013386,42.01626209636,-87.664746915765,010300,1,170310103001
49,Street Resurfacing Menu (2023),7450 N MARSHFIELD AVE,13733.45,0.009438,42.019576569831,-87.672030264861,010100,2,170310101002
49,Street Resurfacing Menu (2023),6500-6600 N Lakewood Ave,90310.35,0.062066,42.00251079701,-87.663083158929,010502,1,170310105021
49,Street Resurfacing Menu (2023),1320-1400 W Birchwood Ave,65218.39,0.044822,42.018284021455,-87.665378796277,010300,2,170310103002
49,Street Resurfacing Menu (2023),2100-2140 W Chase Ave,25622.14,0.017609,42.0141102723,-87.684807873175,020100,2,170310201002
49,Street Resurfacing Menu (2023),1400-1500 W Estes Ave,66820.03,0.045922,42.011825010186,-87.66815298594,010600,2,170310106002
49,Street Resurfacing Menu (2023),1300-1400 W Estes Ave,2031.41,0.001396,42.011662707635,-87.66596886189,010600,2,170310106002
49,Street Resurfacing Menu (2023),1780-2050 W Greenleaf Ave,94917.14,0.065232,42.010279881433,-87.675165051279,010702,1,170310107021
49,Street Resurfacing Menu (2023),1300-1400 W Greenleaf Ave,81560.69,0.056053,42.01057292149,-87.666511557841,010600,2,170310106002
49,Street Resurfacing Menu (2023),2000-2130 W Jarvis Ave,56412.63,0.03877,42.015258992098,-87.680668005571,010201,1,170310102011
49,Street Resurfacing Menu (2023),1333-1400 W North Shore Ave,19574.69,0.013453,42.003037297168,-87.664861999296,010502,1,170310105021
49,Street Speed Hump Menu (2023),6900-6940 N Greenview Ave,2440.0,0.001677,42.00780845359,-87.667931992476,010600,4,170310106004
49,Street Speed Hump Menu (2023),7400-7500 N Oakley Ave,4880.0,0.003354,42.017216866358,-87.687564433217,020100,1,170310201001
49,Street Speed Hump Menu (2023),7330-7500 N Winchester Ave,9760.0,0.006708,42.015076015152,-87.679614735618,010201,4,170310102014
49,Street Speed Hump Menu (2023),1500-1530 W Arthur Ave,2440.0,0.001677,42.000004467658,-87.669287914058,830600,1,170318306001
49,Street Speed Hump Menu (2023),2300-2400 W Birchwood Ave,1380.26,0.000949,42.017808039578,-87.690374492108,020200,4,170310202004
49,Street Speed Hump Menu (2023),1400-1500 W Birchwood Ave,8354.4,0.005742,42.0184176704,-87.66842908583,010300,2,170310103002
49,Street Speed Hump Replacement (2023),2100-2140 W Chase Ave,0.0,0.0,42.0141102723,-87.684807873175,020100,2,170310201002
49,,N SHERIDAN RD & W ALBION AVE,19382.6,0.013321,42.002539998853,-87.660756291664,010400,3,170310104003
49,,N SHERIDAN RD & W NORTH SHORE AVE,19382.6,0.013321,42.003687984312,-87.660803984693,010400,3,170310104003
49,,6701 N ASHLAND AVE,23735.24,0.016312,42.003714177759,-87.670212922464,010600,1,170310106001
49,,N SHERIDAN RD & W ALBION AVE,0.0,0.0,42.002539998853,-87.660756291664,010400,3,170310104003
49,,N SHERIDAN RD & W NORTH SHORE AVE,0.0,0.0,42.003687984312,-87.660803984693,010400,3,170310104003
49,,1320-1500 W Birchwood Ave,40000.0,0.02749,42.0184176704,-87.66842908583,010300,2,170310103002
49,,6555 N SHERIDAN RD,2600.0,0.001787,42.001670214461,-87.660649350044,010400,3,170310104003
49,,N SHERIDAN RD & W NORTH SHORE AVE,2600.0,0.001787,42.003687984312,-87.660803984693,010400,3,170310104003
49,,6760 N SHERIDAN RD,2600.0,0.001787,42.005333393815,-87.661373115918,010502,2,170310105022
49,,6934 N SHERIDAN RD,2600.0,0.001787,42.007705849599,-87.66208113528,010501,3,170310105013
49,,7001 N SHERIDAN RD,2600.0,0.001787,42.009382481691,-87.661886507488,010400,2,170310104002
49,,7030 N SHERIDAN RD,2600.0,0.001787,42.010128554893,-87.663082856528,010501,2,170310105012
49,,7466-7500 N Marshfield Ave,13733.45,0.009438,42.019662798056,-87.672027305004,010100,2,170310101002
50,Alley Apron Menu (2023),2349 W JARVIS AVE,10158.21,0.006772,42.015163019307,-87.689812997212,020100,1,170310201001
50,Alley Apron Menu (2023),2954 W FITCH AVE,16787.34,0.011192,42.011301225057,-87.704289130729,020301,3,170310203013
50,Alley Apron Menu (2023),3000 W SHERWIN AVE,14641.79,0.009761,42.014922542504,-87.704594232004,020200,1,170310202001
50,Alley Apron Menu (2023),7120 N OAKLEY AVE,12228.32,0.008152,42.01174848341,-87.688346583251,020400,1,170310204001
50,Alley Resurfacing Menu (2023),2133 W ARTHUR AVE,6952.61,0.004635,41.999568599954,-87.684017911703,020500,4,170310205004
50,Alley Resurfacing Menu (2023),6319 N LEAVITT ST,12197.39,0.008132,41.996588889508,-87.684768013509,020901,1,170310209011
50,Alley Resurfacing Menu (2023),N MOZART ST & W DEVON AVE & W ARTHUR AVE & N FRANCISCO AVE,6727.91,0.004485,41.999334004707,-87.70215602019,020601,2,170310206012
50,Alley Resurfacing Menu (2023),N VIRGINIA AVE & W THORNDALE AVE,8566.58,0.005711,41.98841758165,-87.706680990619,020701,1,170310207011
50,Alley Resurfacing Menu (2023),W ARTHUR AVE & N BELL AVE & N OAKLEY AVE & W DEVON AVE,29120.23,0.019413,41.997764996252,-87.68745500021,020901,1,170310209011
50,Alley Resurfacing Menu (2023),W FITCH AVE & N WESTERN AVE & N ROCKWELL ST & W ESTES AVE,37788.98,0.025193,42.011402017442,-87.690314989393,020302,3,170310203023
50,Alley Resurfacing Menu (2023),W MORSE AVE & N FRANCISCO AVE & N CALIFORNIA AVE & W PRATT BLVD,8806.33,0.005871,42.004846991973,-87.699838004867,020601,1,170310206011
50,Alley Speed Hump Menu (2023),W HOWARD ST & N FRANCISCO AVE & N SACRAMENTO AVE & W JEROME ST,1450.0,0.000967,42.018334982925,-87.704319976133,020200,3,170310202003
50,Alley Speed Hump Replacement (2023),N MOZART ST & W DEVON AVE & W ARTHUR AVE & N FRANCISCO AVE,0.0,0.0,41.999334004707,-87.70215602019,020601,2,170310206012
50,Alley Speed Hump Replacement (2023),W ARTHUR AVE & N BELL AVE & N OAKLEY AVE & W DEVON AVE,0.0,0.0,41.997764996252,-87.68745500021,020901,1,170310209011
50,Concrete Alley Menu (2023),W MORSE AVE & N FRANCISCO AVE & N CALIFORNIA AVE & W PRATT BLVD,3232.31,0.002155,42.004846991973,-87.699838004867,020601,1,170310206011
50,Curb & Gutter Menu (2023),2520 W FITCH AVE,22456.05,0.014971,42.011540276935,-87.69345677816,020302,3,170310203023
50,Curb & Gutter Menu (2023),6431 N HOYNE AVE,2883.5,0.001922,41.998833060264,-87.682298621015,020500,1,170310205001
50,Sidewalk Menu (2023),2163-2175 W TOUHY AVE,34916.2,0.023277,42.011991097597,-87.685856571275,020400,1,170310204001
50,Sidewalk Menu (2023),2600-2622 W JARLATH ST,13327.19,0.008885,42.013134447033,-87.695494543166,020200,2,170310202002
50,Street Bump Outs Menu (2023),N SACRAMENTO AVE & W JEROME ST,1404.48,0.000936,42.018334982925,-87.704319976133,020200,3,170310202003
50,Street Light Residential Staggered Piggy Back Menu (2023),6400-6600 N Rockwell St,256310.47,0.170874,42.00143048633,-87.695162830732,020602,4,170310206024
50,Street Light Residential Staggered Piggy Back Menu (2023),2800-3000 W Estes Ave,326000.0,0.217333,42.010491365572,-87.699928697059,020301,3,170310203013
50,Street Light Upgrade Menu (2023),3147 W BIRCHWOOD AVE,500.0,0.000333,42.017120570884,-87.708533894135,020200,3,170310202003
50,Street Light Upgrade Menu (2023),6240 N RICHMOND ST,500.0,0.000333,41.995145274324,-87.703503494944,020702,2,170310207022
50,Street Light Upgrade Menu (2023),6318 N DRAKE AVE,500.0,0.000333,41.996153156271,-87.718127149957,130100,3,170311301003
50,Street Resurfacing Menu (2023),6511-6500 N Bell Ave,17114.56,0.01141,41.999647843455,-87.686346296793,020500,2,170310205002
50,Street Resurfacing Menu (2023),6200-6400 N Hoyne Ave,59981.42,0.039988,41.994357752611,-87.683055339234,020901,1,170310209011
50,Street Resurfacing Menu (2023),6511-6500 N Leavitt St,16791.61,0.011194,41.999900789,-87.685349466133,020500,4,170310205004
50,Street Resurfacing Menu (2023),6400-6600 N Mozart St,99365.24,0.066243,42.0013594497,-87.70131280073,020601,1,170310206011
50,Street Resurfacing Menu (2023),6300-6400 N Oakley Ave,40398.67,0.026932,41.996074534019,-87.687673600245,020901,1,170310209011
50,Street Resurfacing Menu (2023),6300-6400 N Richmond St,44714.52,0.02981,41.997542485342,-87.703389032144,020601,2,170310206012
50,Street Resurfacing Menu (2023),7200-7230 N Rockwell St,39422.87,0.026282,42.012881227535,-87.695058084986,020200,2,170310202002
50,Street Resurfacing Menu (2023),6550-6500 N Seeley Ave,27023.33,0.018016,42.001219430008,-87.681758658812,020500,3,170310205003
50,Street Resurfacing Menu (2023),6400-6500 N Talman Ave,44820.02,0.02988,41.999597699381,-87.696367142581,020602,3,170310206023
50,Street Resurfacing Menu (2023),6821-6800 N Whipple St,14346.78,0.009565,42.005318474027,-87.705985292655,020301,2,170310203012
50,Street Resurfacing Menu (2023),6445-6600 N Winchester Ave,38695.82,0.025797,41.999467684667,-87.678954970614,020500,1,170310205001
50,Street Resurfacing Menu (2023),2600-2800 W Birchwood Ave,134804.82,0.08987,42.017639536419,-87.699895839998,020200,3,170310202003
50,Street Resurfacing Menu (2023),2900-3000 W Jarvis Ave,54020.66,0.036014,42.015867518268,-87.704603116822,020200,3,170310202003
50,Street Speed Hump Replacement (2023),6400-6600 N Mozart St,0.0,0.0,42.0013594497,-87.70131280073,020601,1,170310206011
50,Street Speed Hump Replacement (2023),2900-3000 W Jarvis Ave,0.0,0.0,42.015867518268,-87.704603116822,020200,3,170310202003
50,,W ARTHUR AVE & N HAMILTON AVE & N LEAVITT ST & W DEVON AVE,6952.61,0.004635,41.99962900579,-87.683853966968,020500,4,170310205004
50,,W HIGHLAND AVE & N LEAVITT ST & N LEAVITT ST & W ROSEMONT AVE,12197.39,0.008132,41.996914610265,-87.684987619373,020901,1,170310209011
50,,N LINCOLN AVE & N WHIPPLE ST,8566.58,0.005711,41.98962000757,-87.706008007613,020701,1,170310207011
50,,2600-2700 W Jarlath St,13327.19,0.008885,42.013257309801,-87.69756441363,020200,4,170310202004
