ward,menu_package,address,cost,cost_numeric
1,Alley Apron Menu (2024),2619 N WASHTENAW AVE,"$69,430.67",69430.67
1,Arterial Street Bump Outs Menu (2024),N WESTERN AVE & W BLOOMINGDALE AVE,"$23,508.74",23508.74
1,at N. California Ave. & W. Armitage Ave. LED Traffic Signal Upgrades & Pedestrian Countdown,W ARMITAGE AVE & N KEDZIE AVE,"$16,987.88",16987.88
1,Curb & Gutter Menu (2024),1415 N WOOD ST,"$43,169.06",43169.06
1,Curb & Gutter Menu (2024),2540 W ARMITAGE AVE; 2002 N STAVE ST; W ARMITAGE AVE & N STAVE ST,"$51,408.61",51408.61
1,Curb & Gutter Menu (2024),W BELDEN AVE & N TALMAN AVE,"$67,746.48",67746.48
1,Goethe Elementary School - New Playspace and Field,2236 N ROCKWELL ST,"$100,000.00",100000.0
1,Installation of LED and pedestrian countdown traffic signals,N CALIFORNIA AVE & W ARMITAGE AVE,"$19,957.74",19957.74
1,Miscellaneous Other Projects (2024),1425 N DAMEN AVE,"$175,000.00",175000.0
1,Park 399 Upgrades - 1420 N Artesian,1420 N ARTESIAN AVE,"$100,000.00",100000.0
1,Sidewalk Menu (2024),1347 N GREENVIEW AVE,"$11,062.30",11062.3
1,Sidewalk Menu (2024),1601-1699 W SUPERIOR ST,"$70,098.09",70098.09
1,Signal (2024) Miscellaneous CDOT Projects (2024),2735 W ARMITAGE AVE,$660.00,660.0
1,Speed Indicator Signs (2024),2634 W LOGAN BLVD; 2909 W LOGAN BLVD,"$32,620.70",32620.7
1,Street Bump Outs Menu (2024),N CALIFORNIA AVE & W CORTLAND ST,"$20,463.11",20463.11
1,Street Light Upgrade Menu (2024),1502 N DAMEN AVE; 1530 N DAMEN AVE; 1542 N DAMEN AVE,"$1,500.00",1500.0
1,Street Resurfacing Menu (2024),1501-1599 N BELL AVE; ON N BELL AVE FROM W LE MOYNE ST (1500 N) TO W NORTH AVE (1600 N),"$41,337.70",41337.7
1,Street Resurfacing Menu (2024),ON N WOOD ST FROM 1325 N TO W DIVISION ST (1200 N),"$150,689.86",150689.86
1,Street Resurfacing Menu (2024),ON N WOOD ST FROM W AUGUSTA BLVD (1000 N) TO W THOMAS ST (1100 N),"$79,068.79",79068.79
1,Street Resurfacing Menu (2024),ON N WOOD ST FROM W THOMAS ST (1100 N) TO W DIVISION ST (1200 N),"$121,580.82",121580.82
1,Street Resurfacing Menu (2024),ON W ERIE ST FROM N PAULINA ST (1700 W) TO N WOOD ST (1800 W),"$75,102.45",75102.45
1,Street Resurfacing Menu (2024),ON W LE MOYNE ST FROM N CAMPBELL AVE (2500 W) TO N MAPLEWOOD AVE (2540 W),"$13,319.57",13319.57
1,Street Speed Hump Menu (2024),ON N ARTESIAN AVE FROM W LE MOYNE ST (1500 N) TO W NORTH AVE (1600 N),"$4,880.00",4880.0
1,Street Speed Hump Menu (2024),ON N FRANCISCO AVE FROM W SCHUBERT AVE (2700 N) TO W DIVERSEY AVE (2800 N),"$4,880.00",4880.0
1,Street Speed Hump Menu (2024),ON N HERMITAGE AVE FROM W CHICAGO AVE (800 N) TO W AUGUSTA BLVD (1000 N),"$7,320.00",7320.0
1,Street Speed Hump Menu (2024),ON N OAKLEY AVE FROM W LE MOYNE ST (1500 N) TO W NORTH AVE (1600 N),"$4,880.00",4880.0
1,Street Speed Hump Menu (2024),ON N STAVE ST FROM W ARMITAGE AVE (2000 N) TO N CALIFORNIA AVE (2160 N),"$12,200.00",12200.0
1,Street Speed Hump Menu (2024),ON N TALMAN AVE FROM W FULLERTON AVE (2400 N) TO W LOGAN BLVD (2600 N),"$9,760.00",9760.0
1,Street Speed Hump Menu (2024),ON W BEACH AVE FROM N ASHLAND AVE (1600 W) TO N WOOD ST (1800 W),"$9,760.00",9760.0
1,Street Speed Hump Menu (2024),ON W CORTEZ ST FROM N DAMEN AVE (2000 W) TO N LEAVITT ST (2200 W),"$9,760.00",9760.0
1,Street Speed Hump Menu (2024),ON W CORTLAND ST FROM N ROCKWELL ST (2600 W) TO N CALIFORNIA AVE (2800 W),"$9,760.00",9760.0
1,Street Speed Hump Menu (2024),ON W DICKENS AVE FROM N CALIFORNIA AVE (2800 W) TO N HUMBOLDT BLVD E (3000 W),"$7,320.00",7320.0
1,Street Speed Hump Menu (2024),ON W ERIE ST FROM N PAULINA ST (1700 W) TO N WOOD ST (1800 W),"$4,880.00",4880.0
1,Street Speed Hump Menu (2024),ON W LE MOYNE ST FROM N WESTERN AVE (2400 W) TO N MAPLEWOOD AVE (2540 W),"$7,320.00",7320.0
1,Street Speed Hump Menu (2024),ON W LYNDALE ST FROM N WESTERN AVE (2400 W) TO N CAMPBELL AVE (2500 W),"$2,440.00",2440.0
1,Street Speed Hump Menu (2024),ON W MEDILL AVE FROM N MILWAUKEE AVE (2840 W) TO N SACRAMENTO AVE (3000 W),"$2,440.00",2440.0
1,Street Speed Hump Menu (2024),ON W THOMAS ST FROM N DAMEN AVE (2000 W) TO N LEAVITT ST (2200 W),"$9,760.00",9760.0
1,Street Speed Hump Replacement (2024),ON N BELL AVE FROM W LE MOYNE ST (1500 N) TO W NORTH AVE (1600 N); 1501-1599 N BELL AVE,$0.00,0.0
1,Street Traffic Circle Menu (2024),N ROCKWELL ST & W CORTLAND ST,"$18,365.38",18365.38
2,(2024) Miscellaneous CDOT Projects (2024),530 N MCCLURG CT,$660.00,660.0
2,Alley Resurfacing Menu (2024),N CLARK ST & W SCHILLER ST&W BURTON PL & N DEARBORN ST,"$27,810.45",27810.45
2,Alley Resurfacing Menu (2024),N HUDSON AVE & W NORTH AVE&W BLACKHAWK ST & N SEDGWICK ST,"$38,625.63",38625.63
2,Alley Resurfacing Menu (2024),N MAGNOLIA AVE & W WEBSTER AVE&W BELDEN AVE & N RACINE AVE,"$40,370.34",40370.34
2,Alley Resurfacing Menu (2024),N WELLS ST & W GOETHE ST&W SCHILLER ST & N LA SALLE DR,"$34,499.24",34499.24
2,Alley Speed Hump Menu (2024),E ONTARIO ST & N ST CLAIR ST&N FAIRBANKS CT & E OHIO ST,"$2,175.00",2175.0
2,Alley Speed Hump Menu (2024),N GREENVIEW AVE & N CLYBOURN AVE&N JANSSEN AVE & W BELDEN AVE,"$2,175.00",2175.0
2,Alley Speed Hump Menu (2024),W FULLERTON AVE & N JANSSEN AVE&N SOUTHPORT AVE & W BELDEN AVE; 1425 W FULLERTON AVE,"$2,900.00",2900.0
2,Arterial Street Bump Outs Menu (2024),N SOUTHPORT AVE & W BELDEN AVE,"$400,000.00",400000.0
2,Concrete Alley Menu (2024),N LARRABEE ST & W NORTH AVE&W BLACKHAWK ST & N MOHAWK ST,"$61,080.84",61080.84
2,Curb & Gutter Menu (2024),161 W BURTON PL,"$4,174.37",4174.37
2,Curb & Gutter Menu (2024),ON E HURON ST FROM N MCCLURG CT (400 E) TO N LAKE SHORE DR (500 E),"$58,975.44",58975.44
2,"In-Road ""State Law Stop For Pedestrians"" Sign Menu",N HALSTED ST & W BLACKHAWK ST,$350.00,350.0
2,Miscellaneous CDOT Projects (2024),E LAKE SHORE DR & N MICHIGAN AVE,$761.00,761.0
2,Miscellaneous CDOT Projects (2024),N LA SALLE DR & W BURTON PL,"$105,000.00",105000.0
2,Miscellaneous CDOT Projects (2024),N LA SALLE DR & W DELAWARE PL,"$120,000.00",120000.0
2,Miscellaneous CDOT Projects (2024),ON W FULLERTON AVE FROM N JANSSEN AVE (1430 W) TO N GREENVIEW AVE (1500 W),"$4,773.00",4773.0
2,Sidewalk Menu (2024),1250 N LA SALLE DR,"$23,843.94",23843.94
2,Sidewalk Menu (2024),1339 N DEARBORN ST,"$20,115.81",20115.81
2,Sidewalk Menu (2024),1554 N DEARBORN PKWY,"$12,840.21",12840.21
2,Sidewalk Menu (2024),2210 N SOUTHPORT AVE,"$21,667.54",21667.54
2,Sidewalk Menu (2024),W WEBSTER AVE & N WAYNE AVE,"$31,223.69",31223.69
2,Street Light Pole Painting Menu (2024),ON N DEARBORN ST FROM W GOETHE ST (1300 N) TO W SCHILLER ST (1400 N),"$1,800.00",1800.0
2,Street Resurfacing Menu (2024),ON E DELAWARE PL FROM N MICHIGAN AVE (150 E) TO N LAKE SHORE DR (300 E),"$156,618.88",156618.88
2,Street Resurfacing Menu (2024),ON E LAKE SHORE DR FROM N LAKE SHORE DR RAMP (330 N) TO N MICHIGAN AVE (1000 N),"$55,540.08",55540.08
2,Street Resurfacing Menu (2024),ON N MCCLURG CT FROM E OHIO ST (600 N) TO E ERIE ST (660 N),"$47,031.91",47031.91
2,Street Resurfacing Menu (2024),ON N NORTH PARK AVE FROM W NORTH AVE (1600 N) TO W EUGENIE ST (1700 N),"$21,704.35",21704.35
2,Street Speed Hump Menu (2024),ON N LAKEWOOD AVE FROM W BELDEN AVE (2300 N) TO W FULLERTON AVE (2400 N),"$2,440.00",2440.0
2,Street Speed Hump Menu (2024),ON W CHESTNUT ST FROM N WELLS ST (200 W) TO N FRANKLIN ST (300 W),"$2,440.00",2440.0
2,Street Speed Hump Menu (2024),ON W INSTITUTE PL FROM N WELLS ST (200 W) TO N FRANKLIN ST (300 W),"$2,440.00",2440.0
3,Alley Resurfacing Menu (2024),E 44TH PL & S VINCENNES AVE&E 45TH ST & S ST LAWRENCE AVE,"$57,146.97",57146.97
3,Alley Resurfacing Menu (2024),E 44TH ST & S VINCENNES AVE; 436 E 44TH ST; E 44TH ST & S DR MARTIN LUTHER KING JR DR E,"$50,182.41",50182.41
3,Alley Resurfacing Menu (2024),S CALUMET AVE & E 42ND ST&E 43RD ST & S DR MARTIN LUTHER KING JR DR,"$46,904.63",46904.63
3,Alley Resurfacing Menu (2024),S INDIANA AVE & E 21ST ST&E CULLERTON ST & S PRAIRIE AVE,"$17,335.18",17335.18
3,Alley Resurfacing Menu (2024),S INDIANA AVE & E 50TH ST&E 51ST ST & S PRAIRIE AVE,"$31,425.81",31425.81
3,Alley Resurfacing Menu (2024),S MICHIGAN AVE & E 40TH ST&E PERSHING RD & S INDIANA AVE,"$45,297.80",45297.8
3,Alley Resurfacing Menu (2024),S STATE ST & W 43RD ST&E 44TH ST & S WABASH AVE,"$67,066.03",67066.03
3,Alley Resurfacing Menu (2024),S VINCENNES AVE & E 46TH PL&E 47TH ST & S ST LAWRENCE AVE,"$44,617.99",44617.99
3,Alley Speed Hump Menu (2024),E 16TH ST & S MICHIGAN AVE&S INDIANA AVE & E 18TH ST,"$2,175.00",2175.0
3,Alley Speed Hump Replacement (2024),S CALUMET AVE & E 42ND ST&E 43RD ST & S DR MARTIN LUTHER KING JR DR,$0.00,0.0
3,Arterial Street Bump Outs Menu (2024),ON S INDIANA AVE FROM E 14TH ST (1400 S) TO E 15TH PL (1527 S); S INDIANA AVE & E 14TH ST,"$130,000.00",130000.0
3,Arterial Street Bump Outs Menu (2024),S STATE ST & E 14TH PL,"$28,059.35",28059.35
3,Curb & Gutter Menu (2024),3800-3814 S DR MARTIN LUTHER KING JR DR,"$34,004.20",34004.2
3,Installation of Accessible Pedestrian Signals (APS) at S. Dr.,S DR MARTIN LUTHER KING JR DR & E 41ST ST,"$76,277.00",76277.0
3,Martin Luther King Jr. Dr. & E. 41st ST. Miscellaneous CDOT Projects (2024),5327 S PRAIRIE AVE,$150.00,150.0
3,Pavement Markings Menu (2024),S INDIANA AVE & E 14TH ST; ON S INDIANA AVE FROM E 14TH ST (1400 S) TO E 15TH PL (1527 S),"$4,000.00",4000.0
3,Sidewalk Menu (2024),1310 S WABASH AVE,"$17,451.31",17451.31
3,Sidewalk Menu (2024),3330 S INDIANA AVE,"$8,519.87",8519.87
3,Sidewalk Menu (2024),4938 S DR MARTIN LUTHER KING JR DR,"$3,323.41",3323.41
3,Sidewalk Menu (2024),4948 S INDIANA AVE; 4918 S INDIANA AVE; 4938 S INDIANA AVE,"$15,984.40",15984.4
3,Sidewalk Menu (2024),ON S DR MARTIN LUTHER KING JR DR E FROM E 45TH ST (4500 S) TO E 45TH PL (4530 S),"$40,557.73",40557.73
3,Speed Indicator Signs (2024),ON S INDIANA AVE FROM E 14TH ST (1400 S) TO E 15TH PL (1527 S),"$28,000.00",28000.0
3,Street Bump Outs Menu (2024),W 16TH ST & S DEARBORN ST,"$32,000.00",32000.0
3,Street Resurfacing Menu (2024),3800-3814 S DR MARTIN LUTHER KING JR DR,"$11,743.80",11743.8
3,Street Resurfacing Menu (2024),ON E 29TH ST FROM S STATE ST (0 E) TO S MICHIGAN AVE (100 E),"$82,088.75",82088.75
3,Street Resurfacing Menu (2024),ON E 44TH PL FROM S VINCENNES AVE (500 E) TO S ST LAWRENCE AVE (600 E),"$52,948.69",52948.69
3,Street Resurfacing Menu (2024),ON E 44TH ST FROM S STATE ST (1 W) TO S INDIANA AVE (200 E),"$67,116.15",67116.15
3,Street Resurfacing Menu (2024),ON S CALUMET AVE FROM E 35TH ST (3500 S) TO E 37TH ST (3700 S),"$114,792.51",114792.51
3,Street Resurfacing Menu (2024),ON S CHAMPLAIN AVE FROM E 45TH ST (4500 S) TO E 46TH ST (4600 S),"$30,623.88",30623.88
3,Street Resurfacing Menu (2024),ON S VINCENNES AVE FROM E 47TH ST (4699 S) TO E 49TH ST (4899 S),"$152,408.58",152408.58
3,Street Resurfacing Menu (2024),ON W 17TH ST FROM S STATE ST (0 E) TO S CLARK ST (120 W),"$84,183.08",84183.08
3,Street Resurfacing Menu (2024),ON W 19TH ST FROM 12 W TO S CLARK ST (120 W),"$88,334.35",88334.35
3,Street Speed Hump Replacement (2024),ON S CALUMET AVE FROM E 35TH ST (3500 S) TO E 37TH ST (3700 S),$0.00,0.0
3,Street Traffic Circle Menu (2024),W 46TH ST & S PRINCETON AVE,"$35,000.00",35000.0
3,Viaduct Improvement Menu (2024),1178 S PLYMOUTH CT,$281.11,281.11
4,Alley Resurfacing Menu (2024),S ELLIS AVE & E 45TH ST&E 46TH ST & S GREENWOOD AVE,"$23,218.24",23218.24
4,Alley Speed Hump Replacement (2024),S ELLIS AVE & E 45TH ST&E 46TH ST & S GREENWOOD AVE,$0.00,0.0
4,Arterial Street Bump Outs Menu (2024),E 43RD ST & S BERKELEY AVE,"$54,641.69",54641.69
4,Concrete Alley Menu (2024),E 42ND PL & S ST LAWRENCE AVE&S VINCENNES AVE & E 43RD ST,"$548,000.00",548000.0
4,Concrete Alley Menu (2024),S CHAMPLAIN AVE & E 49TH ST&E 50TH PL & S ST LAWRENCE AVE,"$7,685.70",7685.7
4,Concrete Alley Menu (2024),S ELLIS AVE & E 45TH ST&E 46TH ST & S GREENWOOD AVE,"$266,000.00",266000.0
4,Curb & Gutter Menu (2024),4830-4832 S DORCHESTER AVE,"$11,331.57",11331.57
4,Miscellaneous CDOT Projects (2024),400 E PERSHING RD,$660.00,660.0
4,Miscellaneous CDOT Projects (2024),4210-4212 S CHAMPLAIN AVE,$600.00,600.0
4,Miscellaneous CDOT Projects (2024),4620 S LANGLEY AVE,$150.00,150.0
4,Pavement Markings Menu (2024),E PERSHING RD & S RHODES AVE,"$3,500.00",3500.0
4,Pavement Markings Menu (2024),ON E 43RD ST FROM S DREXEL BLVD (900 E) TO S GREENWOOD AVE (1100 E),"$3,750.00",3750.0
4,Pavement Markings Menu (2024),ON S COLUMBUS DR FROM E BALBO DR (700 S) TO E ROOSEVELT DR (1200 S),"$15,000.00",15000.0
4,Sidewalk Menu (2024),4808 S EVANS AVE,"$5,324.91",5324.91
4,Sidewalk Menu (2024),E 8TH ST & S STATE ST,"$28,140.59",28140.59
4,Sidewalk Menu (2024),ON E 48TH ST FROM S WOODLAWN AVE (1200 E) TO S KIMBARK AVE (1300 E),"$1,988.56",1988.56
4,Street Bump Outs Menu (2024),E 48TH ST & S DORCHESTER AVE,"$26,626.81",26626.81
4,Street Bump Outs Menu (2024),E HYDE PARK BLVD & S UNIVERSITY AVE,"$5,620.00",5620.0
4,Street Cul-de-Sac Menu (2024),S GREENWOOD AVE & E HYDE PARK BLVD; 4950 S GREENWOOD AVE,"$5,481.90",5481.9
4,Street Light Upgrade Menu (2024),640 E OAKWOOD BLVD,$500.00,500.0
4,Street Light Upgrade Menu (2024),713 E 43RD ST,$500.00,500.0
4,Street Resurfacing Menu (2024),ON S CHAMPLAIN AVE FROM E 45TH ST (4500 S) TO E 46TH ST (4600 S),"$30,623.88",30623.88
4,Street Resurfacing Menu (2024),ON S HOLDEN CT FROM E 8TH ST (800 S) TO E 11TH ST (1100 S),"$88,379.74",88379.74
4,Street Resurfacing Menu (2024),ON S OAKENWALD AVE FROM E 43RD ST (4300 S) TO E 44TH PL (4430 S),"$102,427.76",102427.76
4,Street Resurfacing Menu (2024),ON S PARK TER FROM 1199 S TO W 9TH ST (900 S),"$82,002.05",82002.05
4,Street Resurfacing Menu (2024),ON S PLYMOUTH CT FROM 1178 S TO W 9TH ST (900 S),"$48,672.61",48672.61
4,Street Resurfacing Menu (2024),ON S PLYMOUTH CT FROM 840 S TO W POLK ST (800 S),"$26,975.29",26975.29
4,Street Speed Hump Menu (2024),ON S INDIANA AVE FROM E 29TH ST (2900 S) TO E 31ST ST (3100 S),"$12,200.00",12200.0
4,Street Speed Hump Menu (2024),ON S LAKE PARK AVE FROM E 44TH PL (4440 S) TO E 47TH ST (4699 S),"$5,790.75",5790.75
4,Street Speed Hump Menu (2024),ON S RHODES AVE FROM E 31ST ST (3100 S) TO E 33RD ST (3300 S),"$12,200.00",12200.0
4,Street Speed Hump Replacement (2024),ON S HOLDEN CT FROM E 8TH ST (800 S) TO E 11TH ST (1100 S),$0.00,0.0
4,Street Speed Hump Replacement (2024),ON S OAKENWALD AVE FROM E 43RD ST (4300 S) TO E 44TH PL (4430 S),$0.00,0.0
4,Street Speed Hump Replacement (2024),ON S PARK TER FROM 1199 S TO W 9TH ST (900 S),$0.00,0.0
5,additional bike racks. Miscellaneous CDOT Projects (2024),1558 E 68TH ST,$660.00,660.0
5,Alley Resurfacing Menu (2024),E 70TH ST & S KIMBARK AVE&S WOODLAWN AVE & E 71ST ST,"$18,956.29",18956.29
5,Alley Resurfacing Menu (2024),S OGLESBY AVE & E 72ND ST&E 73RD ST & S CRANDON AVE,"$38,052.80",38052.8
5,Alley Resurfacing Menu (2024),S WOODLAWN AVE & E 55TH ST&E 56TH ST & S KIMBARK AVE,"$40,634.16",40634.16
5,Installation of two concrete pads at Promontory Point for two,5491 S JEAN BAPTISTE POINTE DUSABLE LAKE SHORE DR NB,"$15,000.00",15000.0
5,Pavement Markings Menu (2024),ON E HYDE PARK BLVD FROM S INGLESIDE AVE (920 E) TO S WOODLAWN AVE (1200 E),"$2,500.00",2500.0
5,Sidewalk Menu (2024),ON E 73RD ST FROM 1148 E TO S UNIVERSITY AVE (1130 E),"$21,749.24",21749.24
5,Street Bump Outs Menu (2024),E HYDE PARK BLVD & S UNIVERSITY AVE,"$15,152.86",15152.86
5,Street Light Residential Staggered Piggy Back Menu (2024),ON S MERRILL AVE FROM E 69TH ST (6900 S) TO E 71ST ST (7100 S),"$161,478.00",161478.0
5,Street Light Residential Staggered Piggy Back Menu (2024),ON S UNIVERSITY AVE FROM E 73RD ST (7300 S) TO E 74TH ST (7400 S); ON E 74TH ST FROM S SOUTH CHICAGO AVE (1100 E) TO S WOODLAWN AVE (1199 E),"$170,500.00",170500.0
5,Street Resurfacing Menu (2024),ON E 65TH ST FROM S BLACKSTONE AVE (1500 E) TO S STONY ISLAND AVE (1600 E),"$56,391.64",56391.64
5,Street Resurfacing Menu (2024),ON E 66TH PL FROM S BLACKSTONE AVE (1500 E) TO S STONY ISLAND AVE (1600 E),"$63,477.51",63477.51
5,Street Resurfacing Menu (2024),ON E 72ND PL FROM S EUCLID AVE (1930 E) TO S MERRILL AVE (2130 E),"$134,783.03",134783.03
5,Street Resurfacing Menu (2024),ON S DANTE AVE FROM E 69TH ST (6900 S) TO E 70TH ST (7000 S),"$82,218.05",82218.05
5,Street Resurfacing Menu (2024),ON S EAST END AVE FROM E 70TH ST (7000 S) TO E 71ST ST (7100 S),"$54,281.74",54281.74
5,Street Resurfacing Menu (2024),ON S ELLIS AVE FROM E 53RD ST (5300 S) TO E 54TH ST (5400 S),"$47,767.63",47767.63
5,Street Resurfacing Menu (2024),ON S EUCLID AVE FROM E 69TH ST (6900 S) TO E 70TH ST (7000 S),"$46,775.45",46775.45
5,Street Resurfacing Menu (2024),ON S GREENWOOD AVE FROM E 53RD ST (5300 S) TO E 55TH ST (5500 S),"$165,172.14",165172.14
5,Street Resurfacing Menu (2024),ON S GREENWOOD AVE FROM E 74TH ST (7399 S) TO E 75TH ST (7470 S),"$50,561.01",50561.01
5,Street Resurfacing Menu (2024),ON S HARPER AVE FROM E 57TH ST (5700 S) TO E 59TH ST (5900 S),"$109,291.87",109291.87
5,Street Resurfacing Menu (2024),ON S HARPER AVE FROM E 69TH ST (6900 S) TO E 69TH PL (6930 S),"$41,063.85",41063.85
5,Street Resurfacing Menu (2024),ON S OGLESBY AVE FROM 7100 S TO E 72ND ST (7200 S),"$42,130.88",42130.88
5,Street Resurfacing Menu (2024),ON S OGLESBY AVE FROM E 68TH ST (6800 S) TO E 69TH ST (6900 S),"$54,483.27",54483.27
5,Street Resurfacing Menu (2024),ON W 65TH PL FROM S BLACKSTONE AVE (1500 E) TO S STONY ISLAND AVE (1600 E),"$41,778.57",41778.57
5,Street Speed Hump Menu (2024),5400 S RIDGEWOOD CT,"$7,320.00",7320.0
5,Street Speed Hump Menu (2024),ON S BLACKSTONE AVE FROM E 58TH ST (5800 S) TO E 59TH ST (5900 S),"$4,880.00",4880.0
5,Street Speed Hump Menu (2024),ON S HARPER AVE FROM E 56TH ST (5600 S) TO E 57TH ST (5700 S),"$7,320.00",7320.0
5,Street Speed Hump Replacement (2024),ON E 66TH PL FROM S BLACKSTONE AVE (1500 E) TO S STONY ISLAND AVE (1600 E),$0.00,0.0
5,Street Speed Hump Replacement (2024),ON E 72ND PL FROM S EUCLID AVE (1930 E) TO S MERRILL AVE (2130 E),$0.00,0.0
5,Street Speed Hump Replacement (2024),ON S DANTE AVE FROM E 69TH ST (6900 S) TO E 70TH ST (7000 S),$0.00,0.0
5,Street Speed Hump Replacement (2024),ON S HARPER AVE FROM E 57TH ST (5700 S) TO E 59TH ST (5900 S),$0.00,0.0
5,Street Speed Hump Replacement (2024),ON S HARPER AVE FROM E 69TH ST (6900 S) TO E 69TH PL (6930 S),$0.00,0.0
6,Curb & Gutter Menu (2024),ON S DREXEL AVE FROM E 73RD ST (7300 S) TO E 75TH ST (7500 S),"$13,150.84",13150.84
6,Curb & Gutter Menu (2024),ON S PRAIRIE AVE FROM E 82ND ST (8200 S) TO E 84TH ST (8400 S),"$4,373.50",4373.5
6,Miscellaneous CDOT Projects (2024),311 E 75TH ST,$660.00,660.0
6,Miscellaneous CDOT Projects (2024),532 E 79TH ST,$660.00,660.0
6,Miscellaneous CDOT Projects (2024),8216 S VINCENNES AVE,$660.00,660.0
6,Miscellaneous CDOT Projects (2024),,$660.00,660.0
6,Sidewalk Menu (2024),6931 S SOUTH CHICAGO AVE,"$5,137.72",5137.72
6,Sidewalk Menu (2024),7835 S CALUMET AVE,"$9,142.41",9142.41
6,Sidewalk Menu (2024),8101 S STEWART AVE,"$22,165.71",22165.71
6,Speed Indicator Signs (2024),ON S COTTAGE GROVE AVE FROM E 77TH ST (7700 S) TO E 78TH ST (7800 S),"$15,500.00",15500.0
6,Speed Indicator Signs (2024),ON S HALSTED ST FROM W 81ST ST (8100 S) TO W 82ND ST (8200 S),"$15,500.00",15500.0
6,Speed Indicator Signs (2024),ON S WENTWORTH AVE FROM W 71ST ST (7100 S) TO W 72ND ST (7200 S),"$15,500.00",15500.0
6,Street Bump Outs Menu (2024),S ST LAWRENCE AVE & E 75TH ST,"$15,753.91",15753.91
6,Street Cul-de-Sac Menu (2024),8800 S STATE ST,"$300,000.00",300000.0
6,Street Light Upgrade Menu (2024),7228 S WABASH AVE,$500.00,500.0
6,Street Light Upgrade Menu (2024),7938 S VERNON AVE,$500.00,500.0
6,Street Light Upgrade Menu (2024),9110 S INDIANA AVE,$500.00,500.0
6,Street Light Upgrade Menu (2024),9240 S MICHIGAN AVE; 9234 S MICHIGAN AVE,"$1,000.00",1000.0
6,Street Light Upgrade Menu (2024),E 84TH ST & S STATE ST&S WABASH AVE & E 85TH ST,$287.31,287.31
6,Street Resurfacing Menu (2024),ON E 81ST ST FROM S PERRY AVE (100 W) TO S HARVARD AVE (330 W),"$153,184.35",153184.35
6,Street Resurfacing Menu (2024),ON E 85TH ST FROM S MICHIGAN AVE (100 E) TO S WABASH AVE (50 E),"$58,919.47",58919.47
6,Street Resurfacing Menu (2024),ON E 89TH ST FROM S CALUMET AVE (340 E) TO S DR MARTIN LUTHER KING JR DR (400 E),"$46,104.02",46104.02
6,Street Resurfacing Menu (2024),ON E 91ST ST FROM S PRAIRIE AVE (300 E) TO S DR MARTIN LUTHER KING JR DR (400 E),"$94,657.42",94657.42
6,Street Resurfacing Menu (2024),ON S DREXEL AVE FROM E 73RD ST (7300 S) TO E 75TH ST (7500 S),"$164,787.66",164787.66
6,Street Resurfacing Menu (2024),ON S LANGLEY AVE FROM E 75TH ST (7500 S) TO E 76TH ST (7600 S),"$59,511.71",59511.71
6,Street Resurfacing Menu (2024),ON S VERNON AVE FROM E 72ND ST (7200 S) TO E 74TH ST (7400 S),"$117,026.83",117026.83
6,Street Speed Hump Menu (2024),ON E 69TH ST FROM S SOUTH CHICAGO AVE (600 E) TO S COTTAGE GROVE AVE (800 E),"$9,760.00",9760.0
6,Street Speed Hump Menu (2024),ON E 72ND ST FROM S STATE ST (0 E) TO S DR MARTIN LUTHER KING JR DR (400 E),"$14,640.00",14640.0
6,Street Speed Hump Menu (2024),ON E 73RD ST FROM S MICHIGAN AVE (100 E) TO S COTTAGE GROVE AVE (800 E),"$29,280.00",29280.0
6,Street Speed Hump Menu (2024),ON E 78TH ST FROM S PRAIRIE AVE (300 E) TO S CALUMET AVE (340 E),"$2,440.00",2440.0
6,Street Speed Hump Menu (2024),ON E 84TH ST FROM S CALUMET AVE (340 E) TO S DR MARTIN LUTHER KING JR DR (400 E),"$2,440.00",2440.0
6,Street Speed Hump Menu (2024),ON E 84TH ST FROM S MICHIGAN AVE (100 E) TO S PRAIRIE AVE (300 E),"$4,880.00",4880.0
6,Street Speed Hump Menu (2024),ON E 84TH ST FROM S VERNON AVE (440 E) TO S ST LAWRENCE AVE (599 E),"$4,880.00",4880.0
6,Street Speed Hump Menu (2024),ON E 85TH ST FROM S INDIANA AVE (200 E) TO S PRAIRIE AVE (300 E),"$2,440.00",2440.0
6,Street Speed Hump Menu (2024),ON E 85TH ST FROM S MICHIGAN AVE (100 E) TO S WABASH AVE (50 E),"$2,440.00",2440.0
6,Street Speed Hump Menu (2024),ON E 86TH ST FROM S STATE ST (0 E) TO S ST LAWRENCE AVE (600 E),"$21,960.00",21960.0
6,Street Speed Hump Menu (2024),ON E 90TH ST FROM S PRAIRIE AVE (300 E) TO S CALUMET AVE (340 E),"$2,440.00",2440.0
6,Street Speed Hump Menu (2024),ON E 91ST ST FROM S PRAIRIE AVE (300 E) TO S DR MARTIN LUTHER KING JR DR (400 E),"$4,880.00",4880.0
6,Street Speed Hump Menu (2024),ON S CALUMET AVE FROM E 75TH ST (7500 S) TO E 76TH ST (7600 S),"$4,880.00",4880.0
6,Street Speed Hump Menu (2024),ON S CALUMET AVE FROM E 78TH ST (7800 S) TO E 79TH ST (7900 S),"$4,880.00",4880.0
6,Street Speed Hump Menu (2024),ON S CALUMET AVE FROM E 85TH ST (8500 S) TO E 86TH ST (8600 S),"$4,880.00",4880.0
6,Street Speed Hump Menu (2024),ON S CALUMET AVE FROM E 94TH ST (9400 S) TO E 95TH ST (9500 S),"$4,880.00",4880.0
6,Street Speed Hump Menu (2024),ON S CHAMPLAIN AVE FROM E 78TH ST (7800 S) TO E 79TH ST (7900 S),"$4,880.00",4880.0
6,Street Speed Hump Menu (2024),ON S CHAMPLAIN AVE FROM E 82ND ST (8200 S) TO E 83RD ST (8300 S),"$4,880.00",4880.0
6,Street Speed Hump Menu (2024),ON S EBERHART AVE FROM E 75TH ST (7500 S) TO E 76TH ST (7600 S),"$4,880.00",4880.0
6,Street Speed Hump Menu (2024),ON S EBERHART AVE FROM E 78TH ST (7800 S) TO E 79TH ST (7900 S),"$4,880.00",4880.0
6,Street Speed Hump Menu (2024),ON S EBERHART AVE FROM E 79TH ST (7900 S) TO E 80TH ST (8000 S),"$4,880.00",4880.0
6,Street Speed Hump Menu (2024),ON S EGGLESTON AVE FROM W 74TH ST (7400 S) TO W 75TH ST (7500 S),"$4,880.00",4880.0
6,Street Speed Hump Menu (2024),ON S EVANS AVE FROM E 74TH ST (7400 S) TO E 75TH ST (7500 S),"$4,880.00",4880.0
6,Street Speed Hump Menu (2024),ON S INDIANA AVE FROM E 71ST ST (7100 S) TO E 72ND ST (7200 S),"$4,887.66",4887.66
6,Street Speed Hump Menu (2024),ON S INDIANA AVE FROM E 74TH ST (7400 S) TO E 75TH ST (7500 S),"$4,880.00",4880.0
6,Street Speed Hump Menu (2024),ON S INDIANA AVE FROM E 89TH ST (8900 S) TO E 95TH ST (9500 S),"$26,840.00",26840.0
6,Street Speed Hump Menu (2024),ON S LANGLEY AVE FROM E 75TH ST (7500 S) TO E 76TH ST (7600 S),"$4,880.00",4880.0
6,Street Speed Hump Menu (2024),ON S LOWE AVE FROM W 78TH ST (7800 S) TO W 79TH ST (7900 S),"$4,880.00",4880.0
6,Street Speed Hump Menu (2024),ON S MICHIGAN AVE FROM E 80TH ST (8000 S) TO E 81ST ST (8100 S),"$4,880.00",4880.0
6,Street Speed Hump Menu (2024),ON S MICHIGAN AVE FROM E 84TH ST (8400 S) TO E 87TH ST (8700 S),"$14,640.00",14640.0
6,Street Speed Hump Menu (2024),ON S NORMAL AVE FROM W MARQUETTE RD (6700 S) TO W 69TH ST (6900 S),"$9,760.00",9760.0
6,Street Speed Hump Menu (2024),ON S PRAIRIE AVE FROM E 69TH ST (6900 S) TO E 71ST ST (7100 S),"$9,760.00",9760.0
6,Street Speed Hump Menu (2024),ON S PRAIRIE AVE FROM E 71ST ST (7100 S) TO E 72ND ST (7200 S),"$4,880.00",4880.0
6,Street Speed Hump Menu (2024),ON S PRAIRIE AVE FROM E 77TH ST (7700 S) TO E 78TH ST (7800 S),"$4,880.00",4880.0
6,Street Speed Hump Menu (2024),ON S PRAIRIE AVE FROM E 89TH ST (8900 S) TO E 90TH ST (9000 S),"$4,880.00",4880.0
6,Street Speed Hump Menu (2024),ON S RHODES AVE FROM E 77TH ST (7700 S) TO E 78TH ST (7800 S),"$4,880.00",4880.0
6,Street Speed Hump Menu (2024),ON S RHODES AVE FROM E 78TH ST (7800 S) TO E 79TH ST (7900 S),"$4,880.00",4880.0
6,Street Speed Hump Menu (2024),ON S RHODES AVE FROM E 83RD ST (8300 S) TO E 84TH ST (8400 S),"$4,880.00",4880.0
6,Street Speed Hump Menu (2024),ON S STEWART AVE FROM W 63RD ST (6300 S) TO W MARQUETTE RD (6700 S),"$17,080.00",17080.0
6,Street Speed Hump Menu (2024),ON S STEWART AVE FROM W 71ST ST (7100 S) TO W 75TH ST (7500 S),"$19,520.00",19520.0
6,Street Speed Hump Menu (2024),ON S ST LAWRENCE AVE FROM E 68TH ST (6800 S) TO E 69TH ST (6900 S),"$4,880.00",4880.0
6,Street Speed Hump Menu (2024),ON S ST LAWRENCE AVE FROM E 83RD ST (8300 S) TO E 84TH ST (8400 S),"$4,880.00",4880.0
6,Street Speed Hump Menu (2024),ON S VERNON AVE FROM E 72ND ST (7200 S) TO E 74TH ST (7400 S),"$9,760.00",9760.0
6,Street Speed Hump Menu (2024),ON S VERNON AVE FROM E 79TH ST (7900 S) TO E 80TH ST (8000 S),"$4,880.00",4880.0
6,Street Speed Hump Menu (2024),ON S VERNON AVE FROM E 84TH ST (8400 S) TO E 87TH ST (8700 S),"$14,640.00",14640.0
6,Street Speed Hump Menu (2024),ON S WABASH AVE FROM E 83RD ST (8300 S) TO E 87TH ST (8700 S),"$19,520.00",19520.0
6,Street Speed Hump Menu (2024),ON S WABASH AVE FROM E MARQUETTE RD (6700 S) TO E 68TH ST (6800 S),"$4,880.00",4880.0
6,Street Speed Hump Menu (2024),ON W 65TH ST FROM S LOWE AVE (632 W) TO S HALSTED ST (800 W),"$4,880.00",4880.0
6,Street Speed Hump Menu (2024),ON W 65TH ST FROM S WENTWORTH AVE (200 W) TO S STEWART AVE (400 W),"$7,320.00",7320.0
7,ADA - Street Resurfacing Menu (2024),ON E 81ST ST FROM S CRANDON AVE (2300 E) TO S OGLESBY AVE (2330 E),"$7,406.94",7406.94
7,ADA - Street Resurfacing Menu (2024),ON E 96TH ST FROM S CONSTANCE AVE (1840 E) TO S CHAPPEL AVE (2100 E),"$15,887.13",15887.13
7,Alley Apron Menu (2024),9058 S OGLESBY AVE,"$18,568.20",18568.2
7,Alley Apron Menu (2024),ON E 77TH ST FROM S PHILLIPS AVE (2430 E) TO S ESSEX AVE (2500 E); 2443 E 77TH ST; 2444 E 77TH ST,"$22,894.79",22894.79
7,Alley Speed Hump Menu (2024),E 72ND ST & S CORNELL AVE&S EAST END AVE & E 73RD ST,"$1,450.00",1450.0
7,Curb & Gutter Menu (2024),ON E 93RD ST FROM S CLYDE AVE (2100 E) TO S MERRILL AVE (2130 E),"$27,522.36",27522.36
7,Curb & Gutter Menu (2024),ON S MERRILL AVE FROM E 91ST ST (9100 S) TO E 94TH ST (9400 S),"$95,929.15",95929.15
7,Sidewalk Menu (2024),10042 S CALHOUN AVE,"$6,356.29",6356.29
7,Sidewalk Menu (2024),10055 S LUELLA AVE,"$15,712.26",15712.26
7,Sidewalk Menu (2024),10059 S OGLESBY AVE,"$14,515.65",14515.65
7,Sidewalk Menu (2024),2145 E 100TH ST,"$5,454.66",5454.66
7,Sidewalk Menu (2024),2625 E 93RD ST,"$10,547.90",10547.9
7,Sidewalk Menu (2024),7219 S CONSTANCE AVE,"$3,690.56",3690.56
7,Sidewalk Menu (2024),7250 S CORNELL AVE,"$4,354.81",4354.81
7,Sidewalk Menu (2024),7328 S EUCLID AVE,"$6,451.19",6451.19
7,Sidewalk Menu (2024),7822-7824 S KINGSTON AVE,"$15,241.19",15241.19
7,Sidewalk Menu (2024),9100 S OGLESBY AVE,"$55,506.46",55506.46
7,Sidewalk Menu (2024),9116 S SAGINAW AVE,"$3,302.59",3302.59
7,Sidewalk Menu (2024),9336 S LUELLA AVE,"$8,670.79",8670.79
7,Sidewalk Menu (2024),9347 S MANISTEE AVE,"$5,142.99",5142.99
7,Street Light Upgrade Menu (2024),7537 S PHILLIPS AVE; 7533 S PHILLIPS AVE,"$1,000.00",1000.0
7,Street Light Upgrade Menu (2024),8218 S BRANDON AVE,$500.00,500.0
7,Street Light Upgrade Menu (2024),8340 S PAXTON AVE,$500.00,500.0
7,Street Resurfacing Menu (2024),ON E 73RD ST FROM 2600 E TO S EXCHANGE AVE (2520 E),"$35,231.40",35231.4
7,Street Resurfacing Menu (2024),ON E 78TH ST FROM 2948 E TO S EXCHANGE AVE (2900 E),"$31,659.21",31659.21
7,Street Resurfacing Menu (2024),ON E 81ST ST FROM S CRANDON AVE (2300 E) TO S OGLESBY AVE (2330 E),"$24,162.70",24162.7
7,Street Resurfacing Menu (2024),ON E 81ST ST FROM S EXCHANGE AVE (2930 E) TO S COLES AVE (3100 E),"$103,379.10",103379.1
7,Street Resurfacing Menu (2024),ON E 96TH ST FROM S CONSTANCE AVE (1840 E) TO S CHAPPEL AVE (2100 E),"$108,632.77",108632.77
7,Street Resurfacing Menu (2024),ON S BRANDON AVE FROM E 82ND ST (8200 S) TO E 83RD ST (8300 S),"$71,284.87",71284.87
7,Street Resurfacing Menu (2024),ON S BURNHAM AVE FROM E 78TH ST (7800 S) TO E 79TH ST (7900 S),"$60,386.88",60386.88
7,Street Resurfacing Menu (2024),ON S CALHOUN AVE FROM E 102ND ST (10200 S) TO E 103RD ST (10300 S),"$28,185.12",28185.12
7,Street Resurfacing Menu (2024),ON S CORNELL AVE FROM E 71ST ST (7100 S) TO E 72ND ST (7200 S),"$63,782.84",63782.84
7,Street Resurfacing Menu (2024),ON S CRANDON AVE FROM E 99TH ST (9900 S) TO E 100TH ST (10000 S),"$60,232.12",60232.12
7,Street Resurfacing Menu (2024),ON S EUCLID AVE FROM E 74TH ST (7400 S) TO E 75TH ST (7500 S),"$47,906.75",47906.75
7,Street Resurfacing Menu (2024),ON S LUELLA AVE FROM E 99TH ST (9900 S) TO E 100TH ST (10000 S),"$60,026.61",60026.61
7,Street Resurfacing Menu (2024),ON S MANISTEE AVE FROM E 80TH ST (8000 S) TO E 81ST ST (8100 S),"$52,031.36",52031.36
7,Street Resurfacing Menu (2024),ON S MANISTEE AVE FROM E 93RD ST (9300 S) TO E 94TH ST (9400 S),"$58,387.88",58387.88
7,Street Resurfacing Menu (2024),ON S OGLESBY AVE FROM E 89TH ST (8900 S) TO E 91ST ST (9100 S),"$127,577.12",127577.12
7,Street Resurfacing Menu (2024),ON S PAXTON AVE FROM E 99TH ST (9900 S) TO E 100TH ST (10000 S),"$49,642.83",49642.83
7,Street Resurfacing Menu (2024),ON S SAGINAW AVE FROM E 91ST ST (9100 S) TO E 93RD ST (9300 S),"$118,670.89",118670.89
7,Street Speed Hump Menu (2024),ON E 74TH ST FROM S YATES BLVD (2400 E) TO S PHILLIPS AVE (2450 E),"$2,440.00",2440.0
7,Street Speed Hump Menu (2024),ON S BALTIMORE AVE FROM E 83RD ST (8300 S) TO E 84TH ST (8400 S),"$9,760.00",9760.0
7,Street Speed Hump Menu (2024),ON S CRANDON AVE FROM E 96TH ST (9600 S) TO E 97TH ST (9700 S),"$9,760.00",9760.0
7,Street Speed Hump Menu (2024),ON S KINGSTON AVE FROM E 90TH ST (9000 S) TO E 91ST ST (9100 S),"$4,880.00",4880.0
7,Street Speed Hump Menu (2024),ON S MANISTEE AVE FROM E 92ND ST (9200 S) TO E 93RD ST (9300 S),"$4,880.00",4880.0
7,Street Speed Hump Menu (2024),ON S MARQUETTE AVE FROM E 78TH ST (7800 S) TO E 79TH ST (7900 S),"$4,880.00",4880.0
7,Street Speed Hump Menu (2024),ON S PHILLIPS AVE FROM E 74TH ST (7400 S) TO E 75TH ST (7500 S),"$4,880.00",4880.0
7,Street Speed Hump Menu (2024),ON S VAN VLISSINGEN RD FROM E 97TH ST (9700 S) TO E 98TH ST (9800 S),"$4,880.00",4880.0
7,Street Speed Hump Replacement (2024),ON E 96TH ST FROM S CONSTANCE AVE (1840 E) TO S CHAPPEL AVE (2100 E),$0.00,0.0
7,Street Speed Hump Replacement (2024),ON S BURNHAM AVE FROM E 78TH ST (7800 S) TO E 79TH ST (7900 S),$0.00,0.0
7,Street Speed Hump Replacement (2024),ON S CORNELL AVE FROM E 71ST ST (7100 S) TO E 72ND ST (7200 S),$0.00,0.0
7,Street Speed Hump Replacement (2024),ON S CRANDON AVE FROM E 99TH ST (9900 S) TO E 100TH ST (10000 S),$0.00,0.0
7,Street Speed Hump Replacement (2024),ON S LUELLA AVE FROM E 99TH ST (9900 S) TO E 100TH ST (10000 S),$0.00,0.0
7,Street Speed Hump Replacement (2024),ON S MANISTEE AVE FROM E 80TH ST (8000 S) TO E 81ST ST (8100 S),$0.00,0.0
7,Street Speed Hump Replacement (2024),ON S OGLESBY AVE FROM E 89TH ST (8900 S) TO E 91ST ST (9100 S),$0.00,0.0
8,ADA - Street Resurfacing Menu (2024),ON E 86TH ST FROM S DORCHESTER AVE (1400 E) TO S DANTE AVE (1430 E),"$2,887.23",2887.23
8,ADA - Street Resurfacing Menu (2024),ON S KIMBARK AVE FROM E 74TH ST (7400 S) TO E 75TH ST (7500 S),"$11,213.19",11213.19
8,Alley Speed Hump Menu (2024),E 79TH ST & S CLYDE AVE&S MERRILL AVE & E 80TH ST,"$2,175.00",2175.0
8,Bollard Menu (2024),8459 S JEFFERY BLVD,"$5,091.96",5091.96
8,Concrete Alley Menu (2024),1748 E 83RD ST; S RIDGELAND AVE & E 83RD ST&E 83RD ST & S CREGIER AVE,"$14,676.88",14676.88
8,Curb & Gutter Menu (2024),8810 S CLYDE AVE,"$7,447.10",7447.1
8,Curb & Gutter Menu (2024),9017 S EAST END AVE,"$10,073.66",10073.66
8,Miscellaneous CDOT Projects (2024),1710-1712 E 79TH ST; 1738-1740 E 79TH ST; 1742-1744 E 79TH ST; 1748 E 79TH ST,$300.00,300.0
8,Miscellaneous CDOT Projects (2024),7647 S SOUTH CHICAGO AVE; 7653 S SOUTH CHICAGO AVE; 7643 S SOUTH CHICAGO AVE; 7671 S SOUTH CHICAGO AVE,$300.00,300.0
8,Sidewalk Menu (2024),1004 E 76TH ST; 1006 E 76TH ST; 1010 E 76TH ST,"$27,906.11",27906.11
8,Sidewalk Menu (2024),545 E 88TH ST,"$12,311.37",12311.37
8,Sidewalk Menu (2024),8226 S DORCHESTER AVE,"$5,264.31",5264.31
8,Sidewalk Menu (2024),8545 S KENWOOD AVE,"$15,263.82",15263.82
8,Sidewalk Menu (2024),8829-8833 S EUCLID AVE,"$14,674.07",14674.07
8,Sidewalk Menu (2024),8906 S EAST END AVE,"$10,260.33",10260.33
8,Sidewalk Menu (2024),9143 S EUCLID AVE,"$3,355.47",3355.47
8,Sidewalk Menu (2024),9157 S CONSTANCE AVE,"$31,073.07",31073.07
8,Sidewalk Menu (2024),9200 S AVALON AVE; S AVALON AVE & E 92ND ST,"$17,807.60",17807.6
8,Sidewalk Menu (2024),9747 S DOBSON AVE,"$6,427.47",6427.47
8,Street Bump Outs Menu (2024),S JEFFERY BLVD & E 81ST ST,"$10,879.95",10879.95
8,Street Light Upgrade Menu (2024),1643 E 86TH PL,$500.00,500.0
8,Street Light Upgrade Menu (2024),7914 S EUCLID AVE,$500.00,500.0
8,Street Light Upgrade Menu (2024),8321 S DANTE AVE,$500.00,500.0
8,Street Light Upgrade Menu (2024),9342 S EAST END AVE,$500.00,500.0
8,Street Resurfacing Menu (2024),ON E 77TH ST FROM S STONY ISLAND AVE (1600 E) TO S EAST END AVE (1700 E),"$32,412.06",32412.06
8,Street Resurfacing Menu (2024),ON E 84TH ST FROM S DORCHESTER AVE (1400 E) TO S DANTE AVE (1430 E),"$28,006.80",28006.8
8,Street Resurfacing Menu (2024),ON E 85TH PL FROM 1224 E TO S AVALON AVE (1300 E),"$41,162.02",41162.02
8,Street Resurfacing Menu (2024),ON E 85TH ST FROM S BLACKSTONE AVE (1500 E) TO S EAST END AVE (1700 E),"$112,300.27",112300.27
8,Street Resurfacing Menu (2024),ON E 86TH PL FROM S EAST END AVE (1700 E) TO S CREGIER AVE (1800 E),"$11,743.80",11743.8
8,Street Resurfacing Menu (2024),ON E 86TH ST FROM S DORCHESTER AVE (1400 E) TO S DANTE AVE (1430 E),"$29,954.34",29954.34
8,Street Resurfacing Menu (2024),ON E 87TH PL FROM S EBERHART AVE (500 E) TO S ST LAWRENCE AVE (600 E),"$49,079.24",49079.24
8,Street Resurfacing Menu (2024),ON E 90TH PL FROM 1400 E TO S DANTE AVE (1500 E),"$38,431.59",38431.59
8,Street Resurfacing Menu (2024),ON S BENNETT AVE FROM E 90TH ST (9000 S) TO E 91ST ST (9100 S),"$53,400.95",53400.95
8,Street Resurfacing Menu (2024),ON S CORNELL AVE FROM E 82ND ST (8200 S) TO E 83RD ST (8300 S),"$55,078.42",55078.42
8,Street Resurfacing Menu (2024),ON S CRANDON AVE FROM 8714 S TO E 88TH ST (8800 S),"$38,284.65",38284.65
8,Street Resurfacing Menu (2024),ON S CREGIER AVE FROM E 76TH ST (7600 S) TO E 77TH ST (7700 S),"$50,445.94",50445.94
8,Street Resurfacing Menu (2024),ON S DOBSON AVE FROM E 90TH ST (9000 S) TO E 91ST ST (9100 S),"$63,540.14",63540.14
8,Street Resurfacing Menu (2024),ON S DREXEL AVE FROM E 84TH ST (8400 S) TO E 85TH ST (8500 S),"$53,962.62",53962.62
8,Street Resurfacing Menu (2024),ON S GREENWOOD AVE FROM E 95TH ST (9500 S) TO E 96TH ST (9600 S),"$56,957.43",56957.43
8,Street Resurfacing Menu (2024),ON S HARPER AVE FROM E 81ST ST (8100 S) TO E 82ND ST (8200 S),"$58,226.21",58226.21
8,Street Resurfacing Menu (2024),ON S INGLESIDE AVE FROM E 81ST ST (8100 S) TO E 82ND ST (8200 S),"$62,248.46",62248.46
8,Street Resurfacing Menu (2024),ON S KENWOOD AVE FROM E 83RD ST (8300 S) TO E 85TH ST (8530 S),"$97,567.59",97567.59
8,Street Resurfacing Menu (2024),ON S KIMBARK AVE FROM E 74TH ST (7400 S) TO E 75TH ST (7500 S),"$66,454.24",66454.24
8,Street Resurfacing Menu (2024),ON S RIDGELAND AVE FROM E 90TH ST (9000 S) TO E 91ST ST (9100 S),"$54,902.27",54902.27
8,Street Resurfacing Menu (2024),ON S RIDGELAND AVE FROM E 93RD ST (9300 S) TO E 94TH ST (9400 S),"$54,223.02",54223.02
8,Street Resurfacing Menu (2024),ON S UNIVERSITY AVE FROM E 96TH ST (9600 S) TO E 97TH ST (9700 S),"$46,799.04",46799.04
8,Street Resurfacing Menu (2024),ON S WOODLAWN AVE FROM E 85TH ST (8500 S) TO S AVALON AVE (8599 S),"$81,501.97",81501.97
8,Street Speed Hump Menu (2024),ON E 92ND ST FROM S STONY ISLAND AVE (1600 E) TO S CREGIER AVE (1800 E),"$9,760.00",9760.0
8,Street Speed Hump Menu (2024),ON S RIDGELAND AVE FROM E 93RD ST (9300 S) TO E 94TH ST (9400 S),"$4,700.00",4700.0
8,Street Speed Hump Replacement (2024),ON E 85TH ST FROM S BLACKSTONE AVE (1500 E) TO S EAST END AVE (1700 E),$0.00,0.0
8,Street Speed Hump Replacement (2024),ON S CREGIER AVE FROM E 76TH ST (7600 S) TO E 77TH ST (7700 S),$0.00,0.0
8,Street Speed Hump Replacement (2024),ON S DOBSON AVE FROM E 90TH ST (9000 S) TO E 91ST ST (9100 S),$0.00,0.0
8,Street Speed Hump Replacement (2024),ON S HARPER AVE FROM E 81ST ST (8100 S) TO E 82ND ST (8200 S),$0.00,0.0
8,Street Speed Hump Replacement (2024),ON S INGLESIDE AVE FROM E 81ST ST (8100 S) TO E 82ND ST (8200 S),$0.00,0.0
8,Street Speed Hump Replacement (2024),ON S KIMBARK AVE FROM E 74TH ST (7400 S) TO E 75TH ST (7500 S),$0.00,0.0
9,ADA - Alley Resurfacing Menu (2024),E 112TH PL & S STATE ST&S MICHIGAN AVE & E 113TH ST,"$5,820.90",5820.9
9,Alley Resurfacing Menu (2024),E 112TH PL & S STATE ST&S MICHIGAN AVE & E 113TH ST,"$36,148.94",36148.94
9,Alley Speed Hump Menu (2024),W 95TH PL & S NORMAL AVE&S EGGLESTON AVE & W 96TH ST,"$2,175.00",2175.0
9,Alley Speed Hump Replacement (2024),E 112TH PL & S STATE ST&S MICHIGAN AVE & E 113TH ST,$0.00,0.0
9,Bollard Menu (2024),12107 S HARVARD AVE,"$2,630.90",2630.9
9,Bollard Menu (2024),148 W 111TH PL,"$1,615.66",1615.66
9,Bollard Menu (2024),S RHODES AVE & E 102ND ST 10200-10202 S PARNELL AVE; 11117 S EDBROOKE AVE; 46 E 107TH ST; 15-21 E 100TH ST;,"$2,028.82",2028.82
9,Miscellaneous CDOT Projects (2024),10422-10428 S MARYLAND AVE; 10010 S STATE ST; 10157 S LAFAYETTE AVE; 122 E 103RD ST; 132 E 103RD ST; 22-26 E 119TH ST,"$1,500.00",1500.0
9,Sidewalk Menu (2024),10522 S CALUMET AVE,"$5,858.08",5858.08
9,Sidewalk Menu (2024),10841 S PRAIRIE AVE,"$8,309.18",8309.18
9,Sidewalk Menu (2024),12100 S HARVARD AVE,"$3,849.05",3849.05
9,Sidewalk Menu (2024),12234 S LA SALLE ST,"$7,478.82",7478.82
9,Sidewalk Menu (2024),12500 S EMERALD AVE,"$36,472.78",36472.78
9,Sidewalk Menu (2024),12530 S WALLACE ST,"$5,072.29",5072.29
9,Sidewalk Menu (2024),12825 S WALLACE ST,"$26,221.25",26221.25
9,Sidewalk Menu (2024),12869 S GREEN ST,"$1,301.91",1301.91
9,Sidewalk Menu (2024),27 E 102ND PL,"$4,286.51",4286.51
9,Sidewalk Menu (2024),655-657 E 114TH ST,"$17,775.25",17775.25
9,Sidewalk Menu (2024),9308 S NORMAL AVE,"$5,786.90",5786.9
9,Sidewalk Menu (2024),9801 S CALUMET AVE,"$6,801.17",6801.17
9,Sidewalk Menu (2024),9824 S INDIANA AVE,"$3,251.28",3251.28
9,Sidewalk Menu (2024),ON W 125TH PL FROM S PARNELL AVE (550 W) TO S WALLACE ST (600 W),"$50,000.00",50000.0
9,Street Light Upgrade Menu (2024),127 E 107TH ST,$500.00,500.0
9,Street Light Upgrade Menu (2024),559 E 104TH ST,$500.00,500.0
9,Street Resurfacing Menu (2024),221-330 W 98TH ST; ON W 98TH ST FROM 221 W TO S HARVARD AVE (330 W),"$139,073.02",139073.02
9,Street Resurfacing Menu (2024),ON E 112TH ST FROM S ST LAWRENCE AVE (600 E) TO S CHAMPLAIN AVE (630 E),"$107,559.13",107559.13
9,Street Resurfacing Menu (2024),ON S EDBROOKE AVE FROM E 105TH ST (10500 S) TO E 107TH ST (10700 S),"$113,114.20",113114.2
9,Street Resurfacing Menu (2024),ON S EMERALD AVE FROM W VERMONT ST (12730 S) TO W 128TH PL (12830 S),"$66,857.90",66857.9
9,Street Resurfacing Menu (2024),ON S FOREST AVE FROM E 105TH ST (10500 S) TO E 106TH ST (10600 S),"$56,916.13",56916.13
9,Street Resurfacing Menu (2024),ON S FOREST AVE FROM E 108TH ST (10800 S) TO E 109TH ST (10900 S),"$44,466.70",44466.7
9,Street Resurfacing Menu (2024),ON S LA SALLE ST FROM W 95TH ST (9500 S) TO W 96TH ST (9600 S),"$54,138.92",54138.92
9,Street Resurfacing Menu (2024),ON S NORMAL AVE FROM W 96TH ST (9600 S) TO W 97TH ST (9700 S),"$71,666.98",71666.98
9,Street Resurfacing Menu (2024),ON S PERRY AVE FROM W 95TH ST (9500 S) TO W 96TH ST (9600 S),"$53,463.65",53463.65
9,Street Resurfacing Menu (2024),ON S PRAIRIE AVE FROM E 115TH ST (11500 S) TO E KENSINGTON AVE (11550 S),"$59,469.82",59469.82
9,Street Resurfacing Menu (2024),ON S STEWART AVE FROM W 124TH ST (12400 S) TO W 125TH ST (12500 S),"$49,617.56",49617.56
9,Street Resurfacing Menu (2024),ON S WENTWORTH AVE FROM W 95TH ST (9500 S) TO W 96TH ST (9600 S),"$62,565.09",62565.09
9,Street Resurfacing Menu (2024),ON S YALE AVE FROM W 97TH ST (9700 S) TO W 98TH ST (9800 S),"$63,011.81",63011.81
9,Street Resurfacing Menu (2024),ON W 103RD PL FROM S STATE ST (0 E) TO S PERRY AVE (100 W),"$64,900.21",64900.21
9,Street Resurfacing Menu (2024),ON W 104TH ST FROM S STATE ST (0 E) TO S WENTWORTH AVE (200 W),"$126,349.58",126349.58
9,Street Resurfacing Menu (2024),ON W 96TH PL FROM S EGGLESTON AVE (400 W) TO S NORMAL AVE (500 W),"$47,859.15",47859.15
9,Street Resurfacing Menu (2024),ON W 98TH ST FROM S EGGLESTON AVE (400 W) TO S NORMAL AVE (500 W),"$46,033.67",46033.67
9,Street Speed Hump Replacement (2024),ON S EMERALD AVE FROM W VERMONT ST (12730 S) TO W 128TH PL (12830 S),$0.00,0.0
9,Street Speed Hump Replacement (2024),ON S YALE AVE FROM W 97TH ST (9700 S) TO W 98TH ST (9800 S),$0.00,0.0
9,Street Speed Hump Replacement (2024),ON W 103RD PL FROM S STATE ST (0 E) TO S PERRY AVE (100 W),$0.00,0.0
9,Street Speed Hump Replacement (2024),ON W 104TH ST FROM S STATE ST (0 E) TO S WENTWORTH AVE (200 W),$0.00,0.0
9,Street Speed Hump Replacement (2024),ON W 96TH PL FROM S EGGLESTON AVE (400 W) TO S NORMAL AVE (500 W),$0.00,0.0
10,Alley Speed Hump Menu (2024),E 128TH ST & S EXCHANGE AVE,"$1,450.00",1450.0
10,Diagonal Parking Menu (2024),3325 E 106TH ST,"$25,182.49",25182.49
10,Miscellaneous CDOT Projects (2024),11000 S MACKINAW AVE,$660.00,660.0
10,Sidewalk Menu (2024),10001 S EXCHANGE AVE,"$1,170.11",1170.11
10,Sidewalk Menu (2024),10129 S AVENUE N,"$6,999.08",6999.08
10,Sidewalk Menu (2024),10143 S AVENUE N,"$3,050.97",3050.97
10,Sidewalk Menu (2024),10417 S AVENUE M,"$6,876.30",6876.3
10,Sidewalk Menu (2024),10418 S AVENUE G,"$12,684.42",12684.42
10,Sidewalk Menu (2024),10458 S AVENUE L,"$18,257.67",18257.67
10,Sidewalk Menu (2024),10500 S HOXIE AVE,"$18,383.18",18383.18
10,Sidewalk Menu (2024),10634-10636 S AVENUE H,"$13,309.03",13309.03
10,Sidewalk Menu (2024),10857 S AVENUE L,"$22,232.85",22232.85
10,Sidewalk Menu (2024),10919 S AVENUE O,"$8,689.71",8689.71
10,Sidewalk Menu (2024),11003 S AVENUE E,"$18,601.84",18601.84
10,Sidewalk Menu (2024),11020 S AVENUE F,"$5,460.87",5460.87
10,Sidewalk Menu (2024),11040 S AVENUE C,"$7,477.06",7477.06
10,Sidewalk Menu (2024),11051 S EWING AVE,"$8,022.28",8022.28
10,Sidewalk Menu (2024),11056 S STATE LINE RD,"$46,750.99",46750.99
10,Sidewalk Menu (2024),11100-11108 S STATE LINE RD,"$70,769.01",70769.01
10,Sidewalk Menu (2024),11106-11110 S AVENUE J,"$8,617.48",8617.48
10,Sidewalk Menu (2024),11202 S GREEN BAY AVE,"$5,327.76",5327.76
10,Sidewalk Menu (2024),11300 S AVENUE H,"$14,918.92",14918.92
10,Sidewalk Menu (2024),12808 S MUSKEGON AVE,"$6,498.74",6498.74
10,Sidewalk Menu (2024),12858 S COMMERCIAL AVE,"$7,457.25",7457.25
10,Sidewalk Menu (2024),12941 S MUSKEGON AVE,"$6,214.87",6214.87
10,Sidewalk Menu (2024),12950 S HOUSTON AVE,"$12,868.55",12868.55
10,Sidewalk Menu (2024),13020 S MANISTEE AVE,"$5,043.59",5043.59
10,Sidewalk Menu (2024),13037 S MANISTEE AVE,"$7,439.23",7439.23
10,Sidewalk Menu (2024),13108 S AVENUE O,"$4,288.11",4288.11
10,Sidewalk Menu (2024),13156 S ST LAWRENCE AVE,"$7,957.14",7957.14
10,Sidewalk Menu (2024),13518 S BURLEY AVE,"$7,395.01",7395.01
10,Sidewalk Menu (2024),13529 S MACKINAW AVE,"$2,226.14",2226.14
10,Sidewalk Menu (2024),13685 S BRAINARD AVE,"$6,913.51",6913.51
10,Sidewalk Menu (2024),2724 E 127TH ST,"$12,782.37",12782.37
10,Sidewalk Menu (2024),3506 E 114TH ST,"$3,081.81",3081.81
10,Sidewalk Menu (2024),9000 S ESCANABA AVE; ON E 90TH ST FROM S ESCANABA AVE (2900 E) TO S EXCHANGE AVE (2940 E),"$9,318.87",9318.87
10,Sidewalk Menu (2024),9607 S EXCHANGE AVE,"$1,057.35",1057.35
10,Sidewalk Menu (2024),9801 S MANISTEE AVE,"$10,283.56",10283.56
10,Sidewalk Menu (2024),S AVENUE L & E 105TH ST; 10516 S AVENUE L,"$5,618.29",5618.29
10,Sidewalk Menu (2024),S AVENUE L & E 96TH ST,"$49,718.31",49718.31
10,Speed Indicator Signs (2024),13010 S AVENUE O; 10910 S TORRENCE AVE; 11100 S TORRENCE AVE; 13157 S AVENUE O,"$44,879.14",44879.14
10,Street Light Upgrade Menu (2024),10752 S AVENUE E,$500.00,500.0
10,Street Light Upgrade Menu (2024),10753 S AVENUE E,$500.00,500.0
10,Street Light Upgrade Menu (2024),11034 S AVENUE H,$500.00,500.0
10,Street Light Upgrade Menu (2024),11559 S AVENUE G,$500.00,500.0
10,Street Light Upgrade Menu (2024),3503 E 95TH ST,$500.00,500.0
10,Street Light Upgrade Menu (2024),3900 E 112TH ST; 3924 E 112TH ST,"$1,000.00",1000.0
10,Street Light Upgrade Menu (2024),9811 S AVENUE H,$500.00,500.0
10,Street Resurfacing Menu (2024),ON S AVENUE D FROM E 107TH ST (10699 S) TO E 108TH ST (10800 S),"$60,128.26",60128.26
10,Street Resurfacing Menu (2024),ON S AVENUE D FROM E 110TH ST (11000 S) TO E 112TH ST (11200 S),"$121,886.65",121886.65
10,Street Resurfacing Menu (2024),ON S AVENUE E FROM E 110TH ST (11000 S) TO E 111TH ST (11100 S),"$59,335.41",59335.41
10,Street Resurfacing Menu (2024),ON S AVENUE F FROM 11058 S TO E 110TH ST (11000 S),"$55,717.61",55717.61
10,Street Resurfacing Menu (2024),ON S AVENUE G FROM E 110TH ST (11000 S) TO E 111TH ST (11100 S),"$74,716.10",74716.1
10,Street Resurfacing Menu (2024),ON S AVENUE J FROM E 110TH ST (11000 S) TO E 112TH ST (11200 S),"$118,524.30",118524.3
10,Street Resurfacing Menu (2024),ON S AVENUE N FROM E 108TH ST (10800 S) TO E 109TH ST (10900 S),"$61,302.64",61302.64
10,Street Resurfacing Menu (2024),ON S BALTIMORE AVE FROM E 86TH ST (8600 S) TO E 87TH ST (8700 S),"$54,373.66",54373.66
10,Street Resurfacing Menu (2024),ON S BUFFALO AVE FROM E 107TH ST (10700 S) TO E 108TH ST (10800 S),"$55,661.56",55661.56
10,Street Resurfacing Menu (2024),ON S RIVERDALE AVE FROM S EBERHART AVE (13220 S) TO E 133RD ST (13300 S),"$69,720.79",69720.79
10,Street Resurfacing Menu (2024),ON S STATE LINE RD FROM E 108TH ST (10800 S) TO E 110TH ST (11000 S),"$111,239.17",111239.17
10,Street Speed Hump Menu (2024),ON E 131ST ST FROM S BRANDON AVE (3200 E) TO S BUFFALO AVE (3300 E),"$4,880.00",4880.0
10,Street Speed Hump Menu (2024),ON E 132ND ST FROM S MUSKEGON AVE (2830 E) TO S EXCHANGE AVE (2930 E),"$4,880.00",4880.0
10,Street Speed Hump Menu (2024),ON E 133RD ST FROM S BRAINARD AVE (2914 E) TO S COMMERCIAL AVE (3000 E),"$4,880.00",4880.0
10,Street Speed Hump Menu (2024),ON E 91ST ST FROM S BRANDON AVE (3200 E) TO S BUFFALO AVE (3300 E),"$4,880.00",4880.0
10,Street Speed Hump Menu (2024),ON S AVENUE G FROM E 104TH ST (10400 S) TO E 105TH ST (10500 S),"$4,880.00",4880.0
10,Street Speed Hump Menu (2024),ON S AVENUE G FROM E 108TH ST (10800 S) TO E 109TH ST (10900 S),"$4,880.00",4880.0
10,Street Speed Hump Menu (2024),ON S AVENUE H FROM E 113TH ST (11300 S) TO E 114TH ST (11400 S),"$4,880.00",4880.0
10,Street Speed Hump Menu (2024),ON S AVENUE J FROM E 107TH ST (10700 S) TO E 108TH ST (10800 S),"$4,880.00",4880.0
10,Street Speed Hump Menu (2024),ON S AVENUE J FROM E 117TH ST (11700 S) TO E 118TH ST (11800 S),"$4,880.00",4880.0
10,Street Speed Hump Menu (2024),ON S AVENUE L FROM E 133RD ST (13300 S) TO E 134TH ST (13400 S),"$4,880.00",4880.0
10,Street Speed Hump Menu (2024),ON S AVENUE N FROM E 105TH ST (10500 S) TO E 106TH ST (10600 S),"$4,880.00",4880.0
10,Street Speed Hump Menu (2024),ON S AVENUE N FROM E 112TH ST (11200 S) TO E 113TH ST (11300 S),"$4,880.00",4880.0
10,Street Speed Hump Menu (2024),ON S BALTIMORE AVE FROM E 87TH ST (8700 S) TO E 88TH ST (8800 S),"$4,880.00",4880.0
10,Street Speed Hump Menu (2024),ON S BUFFALO AVE FROM E 130TH ST (13000 S) TO E 131ST ST (13100 S),"$2,440.00",2440.0
10,Street Speed Hump Menu (2024),ON S BURLEY AVE FROM E 92ND ST (9200 S) TO E 93RD ST (9300 S),"$4,880.00",4880.0
10,Street Speed Hump Replacement (2024),ON S AVENUE F FROM 11058 S TO E 110TH ST (11000 S),$0.00,0.0
10,Street Speed Hump Replacement (2024),ON S AVENUE G FROM E 110TH ST (11000 S) TO E 111TH ST (11100 S),$0.00,0.0
11,ADA - Alley Resurfacing Menu (2024),2840 S LOWE AVE; S LOWE AVE & W 28TH ST&W 29TH ST & S UNION AVE,"$7,245.00",7245.0
11,ADA - Alley Resurfacing Menu (2024),S CANAL ST & W 30TH ST&W 31ST ST & S CANAL ST; 3031 S CANAL ST,"$7,245.00",7245.0
11,ADA - Alley Resurfacing Menu (2024),W 43RD PL & S WALLACE ST&S UNION AVE & W 44TH ST,"$7,245.00",7245.0
11,ADA - Street Resurfacing Menu (2024),ON S STEWART AVE FROM W 25TH PL (2530 S) TO W 26TH ST (2600 S),"$3,622.50",3622.5
11,Alley Apron Menu (2024),534 W 32ND ST,"$17,683.40",17683.4
11,Alley Resurfacing Menu (2024),2840 S LOWE AVE; S LOWE AVE & W 28TH ST&W 29TH ST & S UNION AVE,"$31,996.31",31996.31
11,Alley Resurfacing Menu (2024),3549 S UNION AVE; W 35TH ST & S LOWE AVE&S UNION AVE & W 36TH ST,"$46,747.80",46747.8
11,Alley Resurfacing Menu (2024),806 W 27TH ST; S GREEN ST & W 26TH PL&W 27TH ST & S HALSTED ST,"$27,045.13",27045.13
11,Alley Resurfacing Menu (2024),S CANAL ST & W 30TH ST&W 31ST ST & S CANAL ST; 3031 S CANAL ST,"$31,471.00",31471.0
11,Alley Resurfacing Menu (2024),S GREEN ST & W 26TH PL&W 27TH ST & S PEORIA ST,"$8,399.61",8399.61
11,Alley Resurfacing Menu (2024),S HALSTED ST & W 35TH ST&W 36TH ST & S EMERALD AVE,"$2,918.03",2918.03
11,Alley Resurfacing Menu (2024),W 43RD PL & S WALLACE ST&S UNION AVE & W 44TH ST,"$21,582.84",21582.84
11,Alley Speed Hump Menu (2024),3549 S UNION AVE; W 35TH ST & S LOWE AVE&S UNION AVE & W 36TH ST,$0.00,0.0
11,Alley Speed Hump Replacement (2024),2840 S LOWE AVE; S LOWE AVE & W 28TH ST&W 29TH ST & S UNION AVE,$0.00,0.0
11,Alley Speed Hump Replacement (2024),S HALSTED ST & W 35TH ST&W 36TH ST & S EMERALD AVE,$0.00,0.0
11,Alley Speed Hump Replacement (2024),W 43RD PL & S WALLACE ST&S UNION AVE & W 44TH ST,$0.00,0.0
11,Bollard Menu (2024),W 32ND ST & S GREEN ST,"$9,740.84",9740.84
11,Concrete Alley Menu (2024),S GRADY CT & W FULLER ST; 2810 S GRADY CT; S GROVE ST & S LOCK ST,"$105,111.37",105111.37
11,Curb & Gutter Menu (2024),2701 S PRINCETON AVE,"$11,301.69",11301.69
11,Curb & Gutter Menu (2024),900 W 37TH PL,"$41,002.00",41002.0
11,Pavement Markings Menu (2024),S ARCHER AVE & S CANAL ST,"$2,000.00",2000.0
11,Pavement Markings Menu (2024),S WENTWORTH AVE & W CERMAK RD,"$22,050.00",22050.0
11,Street Bump Outs Menu (2024),ON W 27TH ST FROM S HALSTED ST (800 W) TO S SENOUR AVE (900 W),"$15,709.00",15709.0
11,Street Resurfacing Menu (2024),ON S EMERALD AVE FROM S ARCHER AVE (2500 S) TO W 25TH ST (2570 S),"$31,629.97",31629.97
11,Street Resurfacing Menu (2024),ON S EMERALD AVE FROM W 31ST ST (3100 S) TO W 32ND ST (3200 S),"$67,194.55",67194.55
11,Street Resurfacing Menu (2024),ON S EMERALD AVE FROM W 34TH ST (3400 S) TO W 36TH ST (3600 S),"$113,345.09",113345.09
11,Street Resurfacing Menu (2024),ON S EMERALD AVE FROM W 38TH ST (3800 S) TO W PERSHING RD (3900 S),"$58,468.21",58468.21
11,Street Resurfacing Menu (2024),ON S GREEN ST FROM 2511 S TO S ARCHER AVE (2530 S),"$8,455.54",8455.54
11,Street Resurfacing Menu (2024),ON S HILLOCK AVE FROM S LOOMIS ST (2800 S) TO S SHORT ST (2840 S),"$34,761.65",34761.65
11,Street Resurfacing Menu (2024),ON S LITUANICA AVE FROM W 31ST ST (3100 S) TO W 32ND ST (3200 S),"$84,719.19",84719.19
11,Street Resurfacing Menu (2024),ON S LITUANICA AVE FROM W 34TH ST (3400 S) TO W 34TH PL (3440 S),"$41,179.30",41179.3
11,Street Resurfacing Menu (2024),ON S LLOYD AVE FROM S BONAPARTE ST (2980 S) TO S LYMAN ST (3080 S),"$47,063.28",47063.28
11,Street Resurfacing Menu (2024),ON S LOWE AVE FROM S ARCHER AVE (2450 S) TO W 25TH ST (2500 S),"$25,366.61",25366.61
11,Street Resurfacing Menu (2024),ON S MCDERMOTT ST FROM 2984 S TO S ARCHER AVE (2990 S),"$11,250.38",11250.38
11,Street Resurfacing Menu (2024),ON S PARNELL AVE FROM W 43RD ST (4300 S) TO W 43RD PL (4330 S),"$22,107.70",22107.7
11,Street Resurfacing Menu (2024),ON S STEWART AVE FROM W 25TH PL (2530 S) TO W 26TH ST (2600 S),"$17,425.75",17425.75
11,Street Resurfacing Menu (2024),ON S UNION AVE FROM W 26TH ST (2600 S) TO W 28TH ST (2800 S),"$66,131.95",66131.95
11,Street Resurfacing Menu (2024),ON W 25TH ST FROM S LOWE AVE (700 W) TO S EMERALD AVE (800 W),"$34,379.97",34379.97
11,Street Resurfacing Menu (2024),ON W 27TH ST FROM S CANAL ST (450 W) TO S WALLACE ST (600 W),"$88,207.19",88207.19
11,Street Resurfacing Menu (2024),ON W 29TH ST FROM S WENTWORTH AVE (200 W) TO S WELLS ST (230 W),"$25,904.54",25904.54
11,Street Resurfacing Menu (2024),ON W 32ND ST FROM 1312 W TO S BENSON ST (1400 W),"$49,027.49",49027.49
11,Street Resurfacing Menu (2024),ON W 33RD PL FROM S WOOD ST (1800 W) TO S ARCHER AVE (1900 W),"$50,843.60",50843.6
11,Street Resurfacing Menu (2024),ON W 36TH ST FROM S SANGAMON ST (950 W) TO S MORGAN ST (1000 W),"$34,702.93",34702.93
11,Street Resurfacing Menu (2024),ON W 37TH ST FROM S WALLACE ST (600 W) TO S UNION AVE (700 W),"$84,286.63",84286.63
11,Street Resurfacing Menu (2024),ON W 38TH PL FROM S SANGAMON ST (940 W) TO S MORGAN ST (1000 W),"$59,503.82",59503.82
11,Street Speed Hump Menu (2024),ON W 27TH ST FROM S HALSTED ST (800 W) TO S SENOUR AVE (900 W),"$7,320.00",7320.0
11,Street Speed Hump Replacement (2024),ON W 32ND ST FROM 1312 W TO S BENSON ST (1400 W),$0.00,0.0
12,(2024) Miscellaneous CDOT Projects (2024),3600 S WESTERN BLVD,$660.00,660.0
12,Alley Resurfacing Menu (2024),3300-3400 S ARCHER AVE; S ARCHER AVE & W 33RD ST&W 34TH ST & S DAMEN AVE,"$57,453.67",57453.67
12,Alley Resurfacing Menu (2024),3834-3872 S ARCHER AVE; W 38TH ST & S ARCHER AVE&S ROCKWELL ST & S MAPLEWOOD AVE,"$22,695.25",22695.25
12,Alley Resurfacing Menu (2024),4501-4557 S RICHMOND ST; S RICHMOND ST & W 45TH ST&W 46TH ST & S FRANCISCO AVE,"$28,372.08",28372.08
12,Alley Resurfacing Menu (2024),S HONORE ST & W 36TH ST&W 37TH ST & S WOOD ST,"$41,665.83",41665.83
12,Alley Resurfacing Menu (2024),S WASHTENAW AVE & W 44TH ST&W 45TH ST & S FAIRFIELD AVE,"$33,199.10",33199.1
12,Alley Speed Hump Menu (2024),3731 S WOLCOTT AVE; W 37TH ST & S HONORE ST&S WOLCOTT AVE & W 38TH ST,$725.00,725.0
12,Alley Speed Hump Menu (2024),S WASHTENAW AVE & W 44TH ST&W 45TH ST & S FAIRFIELD AVE,$0.00,0.0
12,Alley Speed Hump Replacement (2024),3300-3400 S ARCHER AVE; S ARCHER AVE & W 33RD ST&W 34TH ST & S DAMEN AVE,$0.00,0.0
12,Alley Speed Hump Replacement (2024),S HONORE ST & W 36TH ST&W 37TH ST & S WOOD ST,$0.00,0.0
12,Alley Speed Hump Replacement (2024),S RICHMOND ST & W 45TH ST&W 46TH ST & S FRANCISCO AVE,$0.00,0.0
12,Arterial Street Bump Outs Menu (2024),S LEAVITT ST & S ARCHER AVE,"$260,000.00",260000.0
12,Bollard Menu (2024),3500 S WESTERN AVE,"$5,052.18",5052.18
12,Bollard Menu (2024),3505 S MAPLEWOOD AVE,"$41,932.13",41932.13
12,Concrete Alley Menu (2024),S ARCHER AVE & S BLAKE ST; W 37TH ST & S ARCHER AVE,"$96,886.82",96886.82
12,Concrete Alley Menu (2024),S SEELEY AVE & W 33RD ST&W 34TH ST & S DAMEN AVE; 3345-3349 S SEELEY AVE,"$10,754.76",10754.76
12,Curb & Gutter Menu (2024),2701 W 36TH PL; ON W 36TH PL FROM S WASHTENAW AVE (2700 W) TO S CALIFORNIA AVE (2800 W),"$36,934.44",36934.44
12,Curb & Gutter Menu (2024),ON W 38TH ST FROM S FRANCISCO AVE (2900 W) TO S SACRAMENTO AVE (3000 W),"$6,187.35",6187.35
12,Gunsaulus Elementary - Playground Improvements,4420 S SACRAMENTO AVE,"$28,748.80",28748.8
12,"In-Road ""State Law Stop For Pedestrians"" Sign Menu",4136 S CALIFORNIA AVE,$350.00,350.0
12,Miscellaneous CDOT Projects (2024),3932 S ROCKWELL ST,$660.00,660.0
12,Pavement Markings Menu (2024),3002 W 42ND ST,"$4,517.69",4517.69
12,Street Light Residential Staggered Piggy Back Menu (2024),ON S LEAVITT ST FROM 3512 S TO W 34TH ST (3400 S),"$163,000.00",163000.0
12,Street Light Upgrade Menu (2024),3537-3659 S WESTERN BLVD,$500.00,500.0
12,Street Resurfacing Menu (2024),ON S CAMPBELL AVE FROM W POPE JOHN PAUL II DR (4300 S) TO W 45TH ST (4500 S),"$95,518.47",95518.47
12,Street Resurfacing Menu (2024),ON S FAIRFIELD AVE FROM 4302 S TO W 45TH ST (4500 S),"$114,584.51",114584.51
12,Street Resurfacing Menu (2024),ON S MAPLEWOOD AVE FROM W 44TH ST (4400 S) TO W 45TH ST (4500 S),"$45,454.83",45454.83
12,Street Resurfacing Menu (2024),ON S ROCKWELL ST FROM W 35TH ST (3500 S) TO W 36TH PL (3630 S),"$117,376.98",117376.98
12,Street Resurfacing Menu (2024),ON S WASHTENAW AVE FROM W 35TH ST (3500 S) TO W 35TH PL (3530 S),"$28,104.72",28104.72
12,Street Resurfacing Menu (2024),ON W 37TH PL FROM 3427 W TO S HOMAN AVE (3400 W),"$28,331.92",28331.92
12,Street Resurfacing Menu (2024),ON W 38TH ST FROM S CALIFORNIA AVE (2800 W) TO S FRANCISCO AVE (2900 W),"$75,502.76",75502.76
12,Street Resurfacing Menu (2024),ON W 38TH ST FROM S FRANCISCO AVE (2900 W) TO S SACRAMENTO AVE (3000 W),"$80,135.37",80135.37
12,Street Speed Hump Menu (2024),4600-4644 S ROCKWELL ST; ON S ROCKWELL ST FROM W 46TH ST (4600 S) TO W 47TH ST (4700 S),"$4,880.00",4880.0
12,Street Speed Hump Menu (2024),ON W 40TH PL FROM S ALBANY AVE (3100 W) TO S KEDZIE AVE (3200 W),"$4,880.00",4880.0
12,Street Speed Hump Replacement (2024),ON S CAMPBELL AVE FROM W POPE JOHN PAUL II DR (4300 S) TO W 45TH ST (4500 S),$0.00,0.0
12,Street Speed Hump Replacement (2024),ON S MAPLEWOOD AVE FROM W 44TH ST (4400 S) TO W 45TH ST (4500 S),$0.00,0.0
13,Alley Apron Menu (2024),5759 S MASON AVE,"$25,912.90",25912.9
13,Alley Apron Menu (2024),5801 S MELVINA AVE,"$4,677.51",4677.51
13,Alley Apron Menu (2024),6244 S MAJOR AVE,"$5,341.86",5341.86
13,Alley Apron Menu (2024),7059 W 63RD PL,"$23,055.67",23055.67
13,Alley Speed Hump Menu (2024),5545 S NEWCASTLE AVE,$725.00,725.0
13,Alley Speed Hump Menu (2024),5710 W 56TH ST,$725.00,725.0
13,Alley Speed Hump Menu (2024),6244 S NASHVILLE AVE,$725.00,725.0
13,Alley Speed Hump Menu (2024),W ARCHER AVE & S NEW ENGLAND AVE&S NEWCASTLE AVE & W 56TH ST,"$1,450.00",1450.0
13,Bollard Menu (2024),4459 W 55TH ST,"$1,549.16",1549.16
13,Bollard Menu (2024),5915 S NATOMA AVE,"$1,532.67",1532.67
13,Curb & Gutter Menu (2024),4134 W 58TH ST,"$2,697.24",2697.24
13,Curb & Gutter Menu (2024),5711 S MASON AVE; 5719 S MASON AVE,"$8,752.59",8752.59
13,Curb & Gutter Menu (2024),5804 S NEWCASTLE AVE; 5827 S NEWCASTLE AVE; 5841 S NEWCASTLE AVE,"$7,932.29",7932.29
13,Curb & Gutter Menu (2024),5812 S KILDARE AVE,"$3,065.06",3065.06
13,Curb & Gutter Menu (2024),5826 S NARRAGANSETT AVE; 5819-5823 S NARRAGANSETT AVE; 5854 S NARRAGANSETT AVE,"$21,311.10",21311.1
13,Curb & Gutter Menu (2024),6006 S MOODY AVE,"$2,549.47",2549.47
13,Curb & Gutter Menu (2024),6218 S NEENAH AVE; 6200 S NEENAH AVE,"$13,063.24",13063.24
13,Curb & Gutter Menu (2024),6350 S OAK PARK AVE; 6356 S OAK PARK AVE,"$9,217.85",9217.85
13,Floodlight Menu (2024),5518 S NEVA AVE,$950.00,950.0
13,Floodlight Menu (2024),5925 S MEADE AVE,$950.00,950.0
13,Floodlight Menu (2024),6455 S NATCHEZ AVE,$950.00,950.0
13,Floodlight Menu (2024),6458 W 60TH ST,$950.00,950.0
13,Floodlight Menu (2024),6559 S KNOX AVE,$950.00,950.0
13,Miscellaneous CDOT Projects (2024),5501 S MERRIMAC AVE,$412.22,412.22
13,Miscellaneous CDOT Projects (2024),6001 S AUSTIN AVE; S AUSTIN AVE & W 60TH ST,"$12,500.00",12500.0
13,Pavement Markings Menu (2024),W ARCHER AVE & S OAK PARK AVE; W ARCHER AVE & S NASHVILLE AVE; W 65TH ST & S PULASKI RD; W 63RD ST & S OAK PARK AVE; W 55TH ST & S CENTRAL AVE,"$9,903.92",9903.92
13,Pavement Markings Menu (2024),W ARCHER AVE & S SAYRE AVE,"$9,304.00",9304.0
13,Sidewalk Menu (2024),4134 W 63RD ST; W 63RD ST & S KEDVALE AVE,"$16,949.34",16949.34
13,Sidewalk Menu (2024),4528 W 64TH PL,"$5,134.29",5134.29
13,Sidewalk Menu (2024),4543-4559 W 64TH ST,"$24,977.50",24977.5
13,Sidewalk Menu (2024),5214 W 64TH PL; W 64TH PL & S LATROBE AVE,"$3,270.05",3270.05
13,Sidewalk Menu (2024),5515 S KOLMAR AVE,$993.08,993.08
13,Sidewalk Menu (2024),5534 S MCVICKER AVE,"$3,585.18",3585.18
13,Sidewalk Menu (2024),5534 S NORDICA AVE,"$1,956.39",1956.39
13,Sidewalk Menu (2024),5556 S NEENAH AVE,"$3,680.62",3680.62
13,Sidewalk Menu (2024),5558 S KOLMAR AVE,"$10,345.98",10345.98
13,Sidewalk Menu (2024),5601 S MOODY AVE; 5616 S MOODY AVE,"$3,639.67",3639.67
13,Sidewalk Menu (2024),5606 S NORMANDY AVE,"$7,933.36",7933.36
13,Sidewalk Menu (2024),5639 S RUTHERFORD AVE,"$6,241.51",6241.51
13,Sidewalk Menu (2024),5642 S AUSTIN AVE,"$2,606.53",2606.53
13,Sidewalk Menu (2024),5651 S NEWLAND AVE,"$5,759.37",5759.37
13,Sidewalk Menu (2024),5655 S NEENAH AVE,"$8,078.61",8078.61
13,Sidewalk Menu (2024),5658 S SAYRE AVE,"$3,662.02",3662.02
13,Sidewalk Menu (2024),5709 S NATCHEZ AVE,"$4,466.03",4466.03
13,Sidewalk Menu (2024),5711 S MEADE AVE,"$3,208.24",3208.24
13,Sidewalk Menu (2024),5717 S MOODY AVE,"$5,574.87",5574.87
13,Sidewalk Menu (2024),5734 S KILBOURN AVE,"$4,220.68",4220.68
13,Sidewalk Menu (2024),5744 S MERRIMAC AVE,"$2,471.73",2471.73
13,Sidewalk Menu (2024),5824 S MERRIMAC AVE,"$3,558.69",3558.69
13,Sidewalk Menu (2024),5834 S NATCHEZ AVE,"$5,243.87",5243.87
13,Sidewalk Menu (2024),5842 S MONITOR AVE,"$1,001.03",1001.03
13,Sidewalk Menu (2024),5859 S NEWCASTLE AVE; 5819 S NEWCASTLE AVE,"$17,573.96",17573.96
13,Sidewalk Menu (2024),5900 W 64TH ST; 5904 W 64TH ST; 5908 W 64TH ST; 5910 W 64TH ST,"$8,899.11",8899.11
13,Sidewalk Menu (2024),5915 S MOODY AVE,"$2,029.94",2029.94
13,Sidewalk Menu (2024),5940 S MASSASOIT AVE,"$2,436.63",2436.63
13,Sidewalk Menu (2024),5941 W 64TH PL,"$4,262.31",4262.31
13,Sidewalk Menu (2024),5944 S MASSASOIT AVE,"$6,941.25",6941.25
13,Sidewalk Menu (2024),6027 S MULLIGAN AVE,"$1,103.00",1103.0
13,Sidewalk Menu (2024),6032 S KEATING AVE; 6059 S KEATING AVE,"$5,190.70",5190.7
13,Sidewalk Menu (2024),6037 S KILDARE AVE,"$3,220.81",3220.81
13,Sidewalk Menu (2024),6039 S KILBOURN AVE,"$4,138.12",4138.12
13,Sidewalk Menu (2024),6058 S KOLIN AVE,"$11,904.50",11904.5
13,Sidewalk Menu (2024),6101 S NARRAGANSETT AVE; S NARRAGANSETT AVE & W 61ST ST,"$8,743.84",8743.84
13,Sidewalk Menu (2024),6119 S KEELER AVE; 6104 S KEELER AVE,"$6,747.46",6747.46
13,Sidewalk Menu (2024),6124 S MASSASOIT AVE,"$2,644.23",2644.23
13,Sidewalk Menu (2024),6134 S KEELER AVE,$839.08,839.08
13,Sidewalk Menu (2024),6141 S TRIPP AVE; 6144 S TRIPP AVE; 6158 S TRIPP AVE,"$2,202.12",2202.12
13,Sidewalk Menu (2024),6153 W 63RD PL,"$1,528.81",1528.81
13,Sidewalk Menu (2024),6158 S NATCHEZ AVE,"$5,508.51",5508.51
13,Sidewalk Menu (2024),6200 S KENNETH AVE,"$10,015.17",10015.17
13,Sidewalk Menu (2024),6207 S TRIPP AVE,"$2,757.31",2757.31
13,Sidewalk Menu (2024),6216 S KOMENSKY AVE,"$4,577.88",4577.88
13,Sidewalk Menu (2024),6218 S MASSASOIT AVE; 6215-6217 S MASSASOIT AVE,"$11,980.07",11980.07
13,Sidewalk Menu (2024),6230 S KILPATRICK AVE,"$2,420.90",2420.9
13,Sidewalk Menu (2024),6242 S KEDVALE AVE,"$4,199.94",4199.94
13,Sidewalk Menu (2024),6249 W 63RD PL,"$2,693.09",2693.09
13,Sidewalk Menu (2024),6254 W 60TH ST,"$12,101.83",12101.83
13,Sidewalk Menu (2024),6327 S KEELER AVE,"$4,339.15",4339.15
13,Sidewalk Menu (2024),6330 W 64TH ST,"$3,483.30",3483.3
13,Sidewalk Menu (2024),6334 W 63RD PL,"$1,162.98",1162.98
13,Sidewalk Menu (2024),6339 S KEATING AVE,"$1,090.37",1090.37
13,Sidewalk Menu (2024),6355 S KNOX AVE,"$3,347.91",3347.91
13,Sidewalk Menu (2024),6358 S TRIPP AVE,"$2,620.48",2620.48
13,Sidewalk Menu (2024),6401 S LAPORTE AVE,"$17,830.67",17830.67
13,Sidewalk Menu (2024),6405 S KARLOV AVE,"$3,409.28",3409.28
13,Sidewalk Menu (2024),6412 S LECLAIRE AVE,$639.43,639.43
13,Sidewalk Menu (2024),6423 S LOCKWOOD AVE,"$5,721.61",5721.61
13,Sidewalk Menu (2024),6429 S TRIPP AVE,"$2,518.58",2518.58
13,Sidewalk Menu (2024),6453 S KNOX AVE,"$3,134.24",3134.24
13,Sidewalk Menu (2024),6501 S KEELER AVE,$827.90,827.9
13,Sidewalk Menu (2024),6517 W 63RD PL; 6539 W 63RD PL,"$6,719.60",6719.6
13,Sidewalk Menu (2024),6552 S KEDVALE AVE,"$4,073.84",4073.84
13,Sidewalk Menu (2024),6607 W 59TH ST,$669.20,669.2
13,Sidewalk Menu (2024),6645 S KILPATRICK AVE,"$1,088.99",1088.99
13,Sidewalk Menu (2024),6750 W 63RD PL,"$3,030.97",3030.97
13,Sidewalk Menu (2024),6825 W 64TH ST,"$2,697.33",2697.33
13,Sidewalk Menu (2024),6841 W 63RD PL; 6835 W 63RD PL,"$5,059.76",5059.76
13,Sidewalk Menu (2024),6848 W 64TH PL,"$4,053.46",4053.46
13,Sidewalk Menu (2024),7015 W 64TH ST,"$2,757.31",2757.31
13,Sidewalk Menu (2024),7129 W 63RD PL,"$4,198.10",4198.1
13,Sidewalk Menu (2024),S MAYFIELD AVE & W 61ST ST; 6101 S MAYFIELD AVE,"$9,758.79",9758.79
13,Street Light Upgrade Menu (2024),4141 W 57TH ST,$500.00,500.0
13,Street Light Upgrade Menu (2024),5544 S KOLIN AVE,$500.00,500.0
13,Street Light Upgrade Menu (2024),5554 S NEVA AVE; 5530 S NEVA AVE; 5534 S NEVA AVE; 5518 S NEVA AVE,"$3,750.00",3750.0
13,Street Light Upgrade Menu (2024),5800 S KILBOURN AVE,$500.00,500.0
13,Street Light Upgrade Menu (2024),5800 W 60TH ST,$500.00,500.0
13,Street Light Upgrade Menu (2024),5818-5820 S NEW ENGLAND AVE,$500.00,500.0
13,Street Light Upgrade Menu (2024),5835 W 59TH ST; 5859 W 59TH ST,"$1,000.00",1000.0
13,Street Light Upgrade Menu (2024),5839 S RUTHERFORD AVE,$500.00,500.0
13,Street Light Upgrade Menu (2024),5901 W 59TH ST,$500.00,500.0
13,Street Light Upgrade Menu (2024),6341 W 63RD PL,$500.00,500.0
13,Street Light Upgrade Menu (2024),6358 S LAPORTE AVE,$500.00,500.0
13,Street Light Upgrade Menu (2024),6513 W 63RD PL,$500.00,500.0
13,Street Light Upgrade Menu (2024),6908 W 65TH ST,$500.00,500.0
13,Street Resurfacing Menu (2024),ON S KENNETH AVE FROM W 55TH ST (5500 S) TO W 56TH ST (5600 S),"$52,817.74",52817.74
13,Street Resurfacing Menu (2024),ON S MASSASOIT AVE FROM W 59TH ST (5900 S) TO W 60TH ST (6000 S),"$25,601.48",25601.48
13,Street Resurfacing Menu (2024),ON S MERRIMAC AVE FROM W 55TH ST (5500 S) TO W 58TH ST (5800 S),"$59,012.60",59012.6
13,Street Resurfacing Menu (2024),ON S MERRIMAC AVE FROM W 62ND ST (6200 S) TO W 63RD ST (6300 S),"$54,168.28",54168.28
13,Street Resurfacing Menu (2024),ON S NAGLE AVE FROM W 57TH ST (5700 S) TO W 58TH ST (5800 S),"$55,548.17",55548.17
13,Street Resurfacing Menu (2024),ON S NATCHEZ AVE FROM W ARCHER AVE (5500 S) TO W 56TH ST (5600 S),"$42,218.96",42218.96
13,Street Resurfacing Menu (2024),ON S NATOMA AVE FROM W ARCHER AVE (5500 S) TO W 56TH ST (5600 S),"$51,173.61",51173.61
13,Street Resurfacing Menu (2024),ON S NEWCASTLE AVE FROM W ARCHER AVE (5500 S) TO W 56TH ST (5600 S),"$51,614.00",51614.0
13,Street Resurfacing Menu (2024),ON S NEW ENGLAND AVE FROM 5925 S TO W 59TH ST (5899 S),"$17,717.43",17717.43
13,Street Resurfacing Menu (2024),ON S NEWLAND AVE FROM W ARCHER AVE (5500 S) TO W 58TH ST (5800 S),"$61,009.04",61009.04
13,Street Resurfacing Menu (2024),ON S NORDICA AVE FROM W 56TH ST (5600 S) TO W 57TH ST (5700 S),"$55,460.10",55460.1
13,Street Resurfacing Menu (2024),ON S NORMANDY AVE FROM W 59TH ST (5899 S) TO W 60TH ST (6000 S),"$12,976.90",12976.9
13,Street Resurfacing Menu (2024),ON S OAK PARK AVE FROM W 56TH ST (5599 S) TO W 57TH ST (5700 S),"$53,170.05",53170.05
13,Street Resurfacing Menu (2024),ON S OAK PARK AVE FROM W ARCHER AVE (5500 S) TO W 56TH ST (5599 S),"$57,124.81",57124.81
13,Street Resurfacing Menu (2024),ON S RUTHERFORD AVE FROM W 56TH ST (5600 S) TO W 57TH ST (5700 S),"$56,542.42",56542.42
13,Street Resurfacing Menu (2024),ON S SAYRE AVE FROM W ARCHER AVE (5500 S) TO W 56TH ST (5600 S),"$55,902.83",55902.83
13,Street Resurfacing Menu (2024),ON W 58TH ST FROM S MAJOR AVE (5700 W) TO S MELVINA AVE (6200 W),"$58,585.73",58585.73
13,Street Resurfacing Menu (2024),ON W 64TH ST FROM S MOBILE AVE (6300 W) TO S NARRAGANSETT AVE (6400 W),"$54,256.36",54256.36
13,Street Resurfacing Menu (2024),ON W 64TH ST FROM S OAK PARK AVE (6800 W) TO S NEW ENGLAND AVE (6900 W),"$54,483.27",54483.27
13,Street Speed Hump Menu (2024),ON S KEELER AVE FROM W 66TH ST (6600 S) TO W MARQUETTE RD (6700 S),"$4,880.00",4880.0
13,Street Speed Hump Menu (2024),ON S MELVINA AVE FROM W 62ND ST (6200 S) TO W 63RD ST (6300 S),"$4,880.00",4880.0
13,Street Speed Hump Replacement (2024),ON S OAK PARK AVE FROM W ARCHER AVE (5500 S) TO W 56TH ST (5599 S),$0.00,0.0
13,Street Speed Hump Replacement (2024),ON S SAYRE AVE FROM W ARCHER AVE (5500 S) TO W 56TH ST (5600 S),$0.00,0.0
14,Alley Apron Menu (2024),2914 W 54TH ST,"$17,136.28",17136.28
14,Alley Apron Menu (2024),3401 W 65TH PL,"$28,760.79",28760.79
14,Alley Apron Menu (2024),5114 S HOMAN AVE,"$16,287.81",16287.81
14,Alley Resurfacing Menu (2024),W 52ND ST & S TALMAN AVE&S WASHTENAW AVE & W 53RD ST,"$35,036.52",35036.52
14,Alley Resurfacing Menu (2024),W 56TH ST & S SPAULDING AVE&S SAWYER AVE & W 57TH ST,"$40,320.50",40320.5
14,Alley Resurfacing Menu (2024),W 57TH ST & S TRUMBULL AVE&S ST LOUIS AVE & W 58TH ST,"$50,638.94",50638.94
14,Alley Speed Hump Replacement (2024),W 52ND ST & S TALMAN AVE&S WASHTENAW AVE & W 53RD ST,$0.00,0.0
14,Alley Speed Hump Replacement (2024),W 56TH ST & S SPAULDING AVE&S SAWYER AVE & W 57TH ST,$0.00,0.0
14,Alley Speed Hump Replacement (2024),W 57TH ST & S TRUMBULL AVE&S ST LOUIS AVE & W 58TH ST,$0.00,0.0
14,Curb & Gutter Menu (2024),5733 S SAWYER AVE,"$8,286.57",8286.57
14,LED Traffic Signal Upgrades & Pedestrian Countdown,W 55TH ST & S ST LOUIS AVE,"$95,078.12",95078.12
14,Sidewalk Menu (2024),3321-3333 W 65TH PL,"$19,475.99",19475.99
14,Sidewalk Menu (2024),3355 W 65TH PL,"$15,455.43",15455.43
14,Sidewalk Menu (2024),3357 W 66TH ST,"$2,813.19",2813.19
14,Sidewalk Menu (2024),3418 W 66TH PL,"$4,138.77",4138.77
14,Sidewalk Menu (2024),3934 W 47TH ST,"$3,613.30",3613.3
14,Sidewalk Menu (2024),4213 W 47TH ST,"$4,236.55",4236.55
14,Sidewalk Menu (2024),4301 S KARLOV AVE,"$2,813.19",2813.19
14,Sidewalk Menu (2024),5005 S KEATING AVE,"$2,308.16",2308.16
14,Sidewalk Menu (2024),5727 S SAWYER AVE; 5755 S SAWYER AVE,"$13,037.76",13037.76
14,Signal (2024) Pavement Markings Menu (2024),4815 S KARLOV AVE,"$1,000.00",1000.0
14,Street Bump Outs Menu (2024),ON S KILBOURN AVE FROM W 48TH ST (4800 S) TO W 50TH ST (5000 S),"$26,433.14",26433.14
14,Street Resurfacing Menu (2024),ON S HOMAN AVE FROM W 65TH ST (6500 S) TO W 66TH ST (6600 S),"$52,999.21",52999.21
14,Street Resurfacing Menu (2024),ON S KARLOV AVE FROM W 47TH ST (4700 S) TO W 49TH ST (4900 S),"$123,844.56",123844.56
14,Street Resurfacing Menu (2024),ON S KILDARE AVE FROM W 45TH ST (4500 S) TO W 47TH ST (4700 S),"$152,583.64",152583.64
14,Street Resurfacing Menu (2024),ON S SPAULDING AVE FROM W 55TH ST (5499 S) TO W 56TH ST (5600 S),"$58,607.89",58607.89
14,Street Resurfacing Menu (2024),ON S SPAULDING AVE FROM W 61ST ST (6100 S) TO W 63RD ST (6300 S),"$165,651.75",165651.75
14,Street Resurfacing Menu (2024),ON S ST LOUIS AVE FROM W 57TH ST (5700 S) TO W 59TH ST (5900 S),"$105,018.34",105018.34
14,Street Resurfacing Menu (2024),ON W 45TH ST FROM 3813 W TO S PULASKI RD (4000 W),"$148,535.36",148535.36
14,Street Resurfacing Menu (2024),ON W 49TH ST FROM S PULASKI RD (4000 W) TO S KARLOV AVE (4100 W),"$69,579.68",69579.68
14,Street Resurfacing Menu (2024),ON W 57TH ST FROM S TRUMBULL AVE (3430 W) TO S ST LOUIS AVE (3500 W),"$28,865.87",28865.87
14,Street Resurfacing Menu (2024),ON W 59TH PL FROM S HOMAN AVE (3400 W) TO S ST LOUIS AVE (3500 W),"$60,827.27",60827.27
14,Street Speed Hump Menu (2024),ON S HOMAN AVE FROM W 65TH ST (6500 S) TO W 66TH ST (6600 S),"$4,880.00",4880.0
14,Street Speed Hump Menu (2024),ON S KEDVALE AVE FROM W 46TH ST (4600 S) TO W 47TH ST (4700 S),"$4,880.00",4880.0
14,Street Speed Hump Menu (2024),ON S KENNETH AVE FROM W 50TH ST (5000 S) TO W 51ST ST (5099 S),"$4,880.00",4880.0
14,Street Speed Hump Menu (2024),ON S KILBOURN AVE FROM W 48TH ST (4800 S) TO W 50TH ST (5000 S),"$9,760.00",9760.0
14,Street Speed Hump Menu (2024),ON W 57TH ST FROM S TRUMBULL AVE (3430 W) TO S ST LOUIS AVE (3500 W),"$2,440.00",2440.0
14,Street Speed Hump Replacement (2024),ON S KARLOV AVE FROM W 47TH ST (4700 S) TO W 49TH ST (4900 S),$0.00,0.0
14,Street Speed Hump Replacement (2024),ON S SPAULDING AVE FROM W 55TH ST (5499 S) TO W 56TH ST (5600 S),$0.00,0.0
14,Street Speed Hump Replacement (2024),ON W 49TH ST FROM S PULASKI RD (4000 W) TO S KARLOV AVE (4100 W),$0.00,0.0
14,Street Speed Hump Replacement (2024),ON W 59TH PL FROM S HOMAN AVE (3400 W) TO S ST LOUIS AVE (3500 W),$0.00,0.0
15,Alley Apron Menu (2024),2500 W 51ST ST,"$21,087.38",21087.38
15,Alley Resurfacing Menu (2024),S ROCKWELL ST & W 45TH ST&W 45TH PL & S WESTERN AVE; 2417-2555 W 45TH ST,"$95,380.54",95380.54
15,Alley Resurfacing Menu (2024),W 58TH ST & S FAIRFIELD AVE&S CALIFORNIA AVE & W 59TH ST,"$41,653.87",41653.87
15,Alley Resurfacing Menu (2024),W 61ST ST & S ALBANY AVE&S TROY ST & W 62ND ST,"$46,840.50",46840.5
15,Alley Speed Hump Menu (2024),S WHIPPLE ST & W 60TH ST&W 61ST ST & S ALBANY AVE,"$2,175.00",2175.0
15,Alley Speed Hump Replacement (2024),S ROCKWELL ST & W 45TH ST&W 45TH PL & S WESTERN AVE; 2417-2555 W 45TH ST,$0.00,0.0
15,Alley Speed Hump Replacement (2024),W 61ST ST & S ALBANY AVE&S TROY ST & W 62ND ST,$0.00,0.0
15,Bollard Menu (2024),4501 S WALLACE ST,"$5,970.52",5970.52
15,Pavement Markings Menu (2024),ON W 47TH ST FROM S NORMAL AVE (500 W) TO S UNION AVE (700 W),"$17,000.00",17000.0
15,Sidewalk Menu (2024),1850 W 45TH ST,"$5,601.73",5601.73
15,Sidewalk Menu (2024),2155 W 49TH PL,"$8,220.80",8220.8
15,Sidewalk Menu (2024),2532 W 46TH ST,"$5,330.10",5330.1
15,Sidewalk Menu (2024),2700-2759 W 57TH ST,"$141,813.68",141813.68
15,Sidewalk Menu (2024),3001 W 59TH ST,"$19,519.64",19519.64
15,Sidewalk Menu (2024),4511 S MARSHFIELD AVE,"$3,840.02",3840.02
15,Sidewalk Menu (2024),4527 S UNION AVE,"$6,080.29",6080.29
15,Sidewalk Menu (2024),4532 S EMERALD AVE,"$3,745.66",3745.66
15,Sidewalk Menu (2024),4735 S DAMEN AVE,"$2,973.39",2973.39
15,Sidewalk Menu (2024),4845 S WOLCOTT AVE,"$5,928.60",5928.6
15,Sidewalk Menu (2024),4857 S HOYNE AVE,"$3,919.31",3919.31
15,Sidewalk Menu (2024),4859 S HOYNE AVE,"$8,789.81",8789.81
15,Sidewalk Menu (2024),4934 S HOYNE AVE,"$20,431.05",20431.05
15,Sidewalk Menu (2024),4943 S HOYNE AVE,"$7,892.67",7892.67
15,Sidewalk Menu (2024),5000 S WESTERN AVE,"$13,432.08",13432.08
15,Sidewalk Menu (2024),525 W 46TH PL,"$4,875.16",4875.16
15,Sidewalk Menu (2024),5550 S FAIRFIELD AVE,"$4,843.23",4843.23
15,Sidewalk Menu (2024),5614 S WASHTENAW AVE,"$5,219.02",5219.02
15,Sidewalk Menu (2024),5616 S FAIRFIELD AVE,"$4,844.42",4844.42
15,Sidewalk Menu (2024),5649 S ARTESIAN AVE,"$3,865.96",3865.96
15,Sidewalk Menu (2024),5736 S SEELEY AVE,"$6,050.47",6050.47
15,Sidewalk Menu (2024),5747 S HOYNE AVE,$619.11,619.11
15,Sidewalk Menu (2024),5751 S HAMILTON AVE,"$3,934.17",3934.17
15,Sidewalk Menu (2024),5755 S TALMAN AVE,"$16,821.50",16821.5
15,Sidewalk Menu (2024),5933 S WHIPPLE ST,"$6,578.94",6578.94
15,Sidewalk Menu (2024),6017 S FRANCISCO AVE,"$3,917.81",3917.81
15,Sidewalk Menu (2024),6101 S WOOD ST,"$15,275.52",15275.52
15,Sidewalk Menu (2024),6153 S RICHMOND ST,"$1,356.43",1356.43
15,Sidewalk Menu (2024),6158 S HONORE ST,"$5,840.93",5840.93
15,Sidewalk Menu (2024),6522 S SACRAMENTO AVE,"$5,824.56",5824.56
15,Sidewalk Menu (2024),ON S SACRAMENTO AVE FROM W 61ST ST (6100 S) TO W 63RD ST (6300 S),"$574,302.80",574302.8
15,Sidewalk Menu (2024),ON S WINCHESTER AVE FROM W 50TH ST (5000 S) TO W 51ST ST (5100 S),"$181,259.95",181259.95
15,Speed Indicator Signs (2024),ON W 47TH ST FROM S NORMAL AVE (500 W) TO S UNION AVE (700 W),"$4,555.35",4555.35
15,Street Light Upgrade Menu (2024),6336 S CALIFORNIA AVE,$500.00,500.0
15,Street Resurfacing Menu (2024),ON S PAULINA ST FROM W 47TH ST (4700 S) TO W 48TH ST (4800 S),"$38,992.58",38992.58
15,Street Resurfacing Menu (2024),ON S WOOD ST FROM W 46TH ST (4600 S) TO W 47TH ST (4700 S),"$78,096.21",78096.21
15,Street Speed Hump Menu (2024),ON S FAIRFIELD AVE FROM W 57TH ST (5700 S) TO W 58TH ST (5800 S),"$4,880.00",4880.0
15,Street Speed Hump Replacement (2024),ON S PAULINA ST FROM W 47TH ST (4700 S) TO W 48TH ST (4800 S),$0.00,0.0
15,Street Speed Hump Replacement (2024),ON S WOOD ST FROM W 46TH ST (4600 S) TO W 47TH ST (4700 S),$0.00,0.0
16,Alley Apron Menu (2024),5701 S JUSTINE ST; 5759 S JUSTINE ST,"$59,245.84",59245.84
16,Alley Resurfacing Menu (2024),W 57TH ST & S JUSTINE ST&S LAFLIN ST & W 58TH ST,"$30,807.80",30807.8
16,Alley Resurfacing Menu (2024),W 61ST ST & S CALIFORNIA AVE&S MOZART ST & W 62ND ST,"$6,693.86",6693.86
16,Alley Resurfacing Menu (2024),W 63RD ST & S TALMAN AVE&S ROCKWELL ST & W 64TH ST,"$55,161.75",55161.75
16,Alley Resurfacing Menu (2024),W 65TH ST & S TALMAN AVE&S WASHTENAW AVE & W 66TH ST,"$35,797.06",35797.06
16,Alley Resurfacing Menu (2024),W GARFIELD BLVD & S ASHLAND AVE&S JUSTINE ST & W 56TH ST,"$41,435.24",41435.24
16,Alley Speed Hump Replacement (2024),W 63RD ST & S TALMAN AVE&S ROCKWELL ST & W 64TH ST,$0.00,0.0
16,Miscellaneous CDOT Projects (2024),5701 S ASHLAND AVE,$862.00,862.0
16,Sidewalk Menu (2024),6400 S HOYNE AVE,"$16,137.44",16137.44
16,Sidewalk Menu (2024),6458 S ARTESIAN AVE,"$6,240.65",6240.65
16,Sidewalk Menu (2024),ON W 54TH ST FROM S HERMITAGE AVE (1730 W) TO S WOOD ST (1800 W),"$10,750.15",10750.15
16,Street Light Residential Staggered Piggy Back Menu (2024),ON S JUSTINE ST FROM W 61ST ST (6100 S) TO W 63RD ST (6300 S),"$336,000.00",336000.0
16,Street Resurfacing Menu (2024),ON S ABERDEEN ST FROM W 53RD ST (5300 S) TO W 57TH ST (5700 S),"$202,940.84",202940.84
16,Street Resurfacing Menu (2024),ON S ABERDEEN ST FROM W 59TH ST (5900 S) TO W 60TH ST (6000 S),"$54,747.51",54747.51
16,Street Resurfacing Menu (2024),ON S CARPENTER ST FROM W MARQUETTE RD (6700 S) TO W 68TH ST (6800 S),"$61,367.68",61367.68
16,Street Resurfacing Menu (2024),ON S PEORIA ST FROM W 68TH ST (6800 S) TO W 69TH ST (6900 S),"$57,227.99",57227.99
16,Street Resurfacing Menu (2024),ON S TALMAN AVE FROM W 62ND ST (6200 S) TO W 63RD ST (6300 S),"$51,441.69",51441.69
16,Street Resurfacing Menu (2024),ON S WOLCOTT AVE FROM W 51ST ST (5100 S) TO W 52ND ST (5200 S),"$58,374.37",58374.37
16,Street Resurfacing Menu (2024),ON S WOLCOTT AVE FROM W 53RD ST (5300 S) TO W GARFIELD BLVD (5500 S),"$115,708.06",115708.06
16,Street Resurfacing Menu (2024),ON S WOLCOTT AVE FROM W 60TH ST (6000 S) TO W 61ST ST (6100 S),"$58,607.89",58607.89
16,Street Resurfacing Menu (2024),ON S WOOD ST FROM W 51ST ST (5100 S) TO W 53RD ST (5300 S),"$140,702.39",140702.39
16,Street Resurfacing Menu (2024),ON W 51ST PL FROM 2148 W TO S DAMEN AVE (2000 W),"$84,819.60",84819.6
16,Street Speed Hump Menu (2024),ON S CAMPBELL AVE FROM W 63RD ST (6300 S) TO W 64TH ST (6400 S),"$4,880.00",4880.0
16,Street Speed Hump Menu (2024),ON S JUSTINE ST FROM W GARFIELD BLVD (5500 S) TO W 56TH ST (5600 S),"$2,440.00",2440.0
16,Street Speed Hump Menu (2024),ON S MORGAN ST FROM W 59TH ST (5900 S) TO W 60TH ST (6000 S),"$4,880.00",4880.0
16,Street Speed Hump Replacement (2024),ON S ABERDEEN ST FROM W 53RD ST (5300 S) TO W 57TH ST (5700 S),$0.00,0.0
16,Street Speed Hump Replacement (2024),ON S CARPENTER ST FROM W MARQUETTE RD (6700 S) TO W 68TH ST (6800 S),$0.00,0.0
16,Street Speed Hump Replacement (2024),ON S PEORIA ST FROM W 68TH ST (6800 S) TO W 69TH ST (6900 S),$0.00,0.0
16,Street Speed Hump Replacement (2024),ON S WOLCOTT AVE FROM W 53RD ST (5300 S) TO W GARFIELD BLVD (5500 S),$0.00,0.0
16,Street Speed Hump Replacement (2024),ON S WOLCOTT AVE FROM W 60TH ST (6000 S) TO W 61ST ST (6100 S),$0.00,0.0
17,Alley Apron Menu (2024),1400 W 73RD ST,"$6,997.61",6997.61
17,Alley Resurfacing Menu (2024),S RACINE AVE & W 79TH ST&W 80TH ST & S ELIZABETH ST,"$40,772.04",40772.04
17,Concrete Alley Menu (2024),S BISHOP ST & W 76TH ST&W 77TH ST & S LAFLIN ST,"$10,522.05",10522.05
17,Curb & Gutter Menu (2024),7758 S WOLCOTT AVE,"$7,283.31",7283.31
17,Diagonal Parking Menu (2024),ON S GREEN ST FROM 7914 S TO W 79TH ST (7900 S),"$3,467.10",3467.1
17,Miscellaneous CDOT Projects (2024),2433 W 71ST ST,$660.00,660.0
17,Miscellaneous CDOT Projects (2024),7900 S RACINE AVE,$660.00,660.0
17,Miscellaneous CDOT Projects (2024),7958 S CARPENTER ST,$660.00,660.0
17,Sidewalk Menu (2024),1444 W 71ST PL,"$30,640.92",30640.92
17,Sidewalk Menu (2024),1754 W 79TH ST,"$25,973.42",25973.42
17,Sidewalk Menu (2024),3459 W 73RD ST,"$27,697.96",27697.96
17,Sidewalk Menu (2024),518 W WINNECONNA PKWY,"$17,633.33",17633.33
17,Sidewalk Menu (2024),7201 S CHRISTIANA AVE,"$25,166.88",25166.88
17,Sidewalk Menu (2024),ON S ELIZABETH ST FROM W 82ND ST (8200 S) TO W 83RD ST (8300 S),"$56,764.21",56764.21
17,Sidewalk Menu (2024),ON W 73RD ST FROM 2150 W TO S HOYNE AVE (2100 W),"$40,201.52",40201.52
17,Street Resurfacing Menu (2024),ON S ARTESIAN AVE FROM W 71ST ST (7100 S) TO W 72ND ST (7200 S),"$57,532.68",57532.68
17,Street Resurfacing Menu (2024),ON S EGGLESTON AVE FROM W WINNECONNA PKWY (7740 S) TO W 79TH ST (7900 S),"$95,634.22",95634.22
17,Street Resurfacing Menu (2024),ON S ELIZABETH ST FROM W 69TH ST (6900 S) TO W 71ST ST (7100 S),"$112,182.51",112182.51
17,Street Resurfacing Menu (2024),ON S HOMAN AVE FROM 7445 S TO W 73RD ST (7300 S),"$90,846.04",90846.04
17,Street Resurfacing Menu (2024),ON S HONORE ST FROM W 82ND ST (8200 S) TO W 83RD ST (8300 S),"$53,543.77",53543.77
17,Street Resurfacing Menu (2024),ON S LOWE AVE FROM W 74TH ST (7400 S) TO W 76TH ST (7600 S),"$51,727.46",51727.46
17,Street Resurfacing Menu (2024),ON S MAY ST FROM W 85TH ST (8500 S) TO W 87TH ST (8700 S),"$108,429.32",108429.32
17,Street Resurfacing Menu (2024),ON S PEORIA ST FROM W 75TH ST (7500 S) TO W 77TH ST (7700 S),"$117,231.78",117231.78
17,Street Resurfacing Menu (2024),ON S PERRY AVE FROM W 79TH ST (7900 S) TO W 80TH ST (8000 S),"$61,778.57",61778.57
17,Street Resurfacing Menu (2024),ON S SEELEY AVE FROM W 71ST ST (7100 S) TO W 74TH ST (7400 S),"$197,918.38",197918.38
17,Street Resurfacing Menu (2024),ON S TALMAN AVE FROM W 71ST ST (7100 S) TO W 72ND ST (7200 S),"$52,927.22",52927.22
17,Street Resurfacing Menu (2024),ON S UNION AVE FROM W 74TH ST (7400 S) TO W 76TH ST (7600 S),"$119,352.69",119352.69
17,Street Resurfacing Menu (2024),ON W 72ND ST FROM S DAMEN AVE (2000 W) TO S SEELEY AVE (2030 W),"$27,715.23",27715.23
17,Street Speed Hump Menu (2024),ON W 73RD PL FROM S RACINE AVE (1200 W) TO S ADA ST (1300 W),"$7,320.00",7320.0
17,Street Speed Hump Replacement (2024),ON S EGGLESTON AVE FROM W WINNECONNA PKWY (7740 S) TO W 79TH ST (7900 S),$0.00,0.0
17,Street Speed Hump Replacement (2024),ON S MAY ST FROM W 85TH ST (8500 S) TO W 87TH ST (8700 S),$0.00,0.0
17,Street Speed Hump Replacement (2024),ON S PEORIA ST FROM W 75TH ST (7500 S) TO W 77TH ST (7700 S),$0.00,0.0
17,Street Speed Hump Replacement (2024),ON S PERRY AVE FROM W 79TH ST (7900 S) TO W 80TH ST (8000 S),$0.00,0.0
17,Street Speed Hump Replacement (2024),ON S SEELEY AVE FROM W 71ST ST (7100 S) TO W 74TH ST (7400 S),$0.00,0.0
17,Street Speed Hump Replacement (2024),ON S UNION AVE FROM W 74TH ST (7400 S) TO W 76TH ST (7600 S),$0.00,0.0
18,Alley Resurfacing Menu (2024),S PULASKI RD & W 84TH ST&W 85TH ST & S KOMENSKY AVE,"$11,062.38",11062.38
18,Curb & Gutter Menu (2024),ON S KNOX AVE FROM W 85TH ST (8500 S) TO W 86TH ST (8600 S),"$3,466.00",3466.0
18,Miscellaneous CDOT Projects (2024),4532 W 77TH PL,$660.00,660.0
18,Miscellaneous CDOT Projects (2024),7901 S OAKLEY AVE,$660.00,660.0
18,Pavement Markings Menu (2024),ON S PULASKI RD FROM W 75TH PL (7520 S) TO W 76TH ST (7600 S),"$8,500.00",8500.0
18,Pavement Markings Menu (2024),W 83RD ST & S CALIFORNIA AVE,"$4,000.00",4000.0
18,Sidewalk Menu (2024),3601 W 85TH ST,"$13,980.31",13980.31
18,Sidewalk Menu (2024),7715-7735 S WHIPPLE ST,"$5,827.77",5827.77
18,Sidewalk Menu (2024),8112 S CHRISTIANA AVE,"$7,134.69",7134.69
18,Sidewalk Menu (2024),ON S HAMILTON AVE FROM W 76TH ST (7600 S) TO W 78TH ST (7810 S),"$2,594.40",2594.4
18,Street Cul-de-Sac Menu (2024),S KILBOURN AVE & W 87TH ST,"$25,000.00",25000.0
18,Street Resurfacing Menu (2024),ON S ALBANY AVE FROM W 72ND ST (7200 S) TO W 74TH ST (7400 S),"$99,969.10",99969.1
18,Street Resurfacing Menu (2024),ON S ALBANY AVE FROM W 79TH ST (7900 S) TO W 80TH ST (8000 S),"$50,703.86",50703.86
18,Street Resurfacing Menu (2024),ON S FRANCISCO AVE FROM W 82ND ST (8200 S) TO W 83RD ST (8300 S),"$54,604.69",54604.69
18,Street Resurfacing Menu (2024),ON S KARLOV AVE FROM W 84TH ST (8400 S) TO W 85TH ST (8500 S),"$53,992.12",53992.12
18,Street Resurfacing Menu (2024),ON S LAWNDALE AVE FROM W 84TH ST (8400 S) TO W 85TH ST (8500 S),"$68,697.61",68697.61
18,Street Resurfacing Menu (2024),ON S LAWNDALE AVE FROM W 86TH ST (8600 S) TO W 87TH ST (8700 S),"$66,954.97",66954.97
18,Street Resurfacing Menu (2024),ON S OAKLEY AVE FROM 8141 S TO W 81ST ST (8100 S),"$75,912.75",75912.75
18,Street Resurfacing Menu (2024),ON S SACRAMENTO AVE FROM W 79TH ST (7900 S) TO W 80TH ST (8000 S),"$53,829.41",53829.41
18,Street Resurfacing Menu (2024),ON S WASHTENAW AVE FROM W 80TH ST (8000 S) TO W 81ST ST (8100 S),"$55,841.77",55841.77
18,Street Resurfacing Menu (2024),ON W 77TH PL FROM S HAMLIN AVE (3800 W) TO S SPRINGFIELD AVE (3900 W),"$40,222.52",40222.52
18,Street Resurfacing Menu (2024),ON W 80TH ST FROM 2214 W TO S OAKLEY AVE (2300 W),"$38,372.87",38372.87
18,Street Resurfacing Menu (2024),ON W 81ST ST FROM S KIRKLAND AVE (4300 W) TO S KOSTNER AVE (4400 W),"$73,437.87",73437.87
18,Street Resurfacing Menu (2024),ON W 81ST ST FROM S MAPLEWOOD AVE (2530 W) TO S TALMAN AVE (2630 W),"$66,593.99",66593.99
18,Street Resurfacing Menu (2024),ON W 82ND PL FROM W 82ND ST (4250 W) TO S TALMAN AVE (2630 W),"$89,726.47",89726.47
18,Street Resurfacing Menu (2024),ON W 82ND ST FROM S HOMAN AVE (3400 W) TO S ST LOUIS AVE (3500 W),"$48,707.34",48707.34
18,Street Resurfacing Menu (2024),ON W 82ND ST FROM S MAPLEWOOD AVE (2530 W) TO S TALMAN AVE (2630 W),"$58,380.13",58380.13
18,Street Resurfacing Menu (2024),ON W 83RD PL FROM 2843 W TO S FRANCISCO AVE (2900 W),"$33,817.96",33817.96
18,Street Resurfacing Menu (2024),ON W 84TH PL FROM S WASHTENAW AVE (2700 W) TO S CALIFORNIA AVE (2800 W),"$60,682.04",60682.04
18,Street Resurfacing Menu (2024),ON W 84TH ST FROM S JUSTINE ST (1530 W) TO S MARSHFIELD AVE (1630 W),"$53,944.96",53944.96
18,Street Resurfacing Menu (2024),ON W 85TH PL FROM S CALIFORNIA AVE (2800 W) TO S FRANCISCO AVE (2890 W),"$70,991.27",70991.27
18,Street Resurfacing Menu (2024),ON W 85TH ST FROM S PAULINA ST (1700 W) TO S WOLCOTT AVE (1900 W),"$134,038.38",134038.38
18,Street Resurfacing Menu (2024),ON W 86TH ST FROM S ROCKWELL ST (2620 W) TO S WASHTENAW AVE (2700 W),"$53,874.68",53874.68
18,Street Speed Hump Menu (2024),ON S HOYNE AVE FROM W 75TH PL (7520 S) TO W 76TH ST (7600 S),"$4,880.00",4880.0
18,Street Speed Hump Menu (2024),ON W 74TH ST FROM S BELL AVE (2220 W) TO S WESTERN AVE (2400 W),$75.00,75.0
18,Street Speed Hump Menu (2024),ON W 86TH ST FROM S ASHLAND AVE (1600 W) TO S DAMEN AVE (2000 W),"$8,862.68",8862.68
18,Street Speed Hump Replacement (2024),ON W 81ST ST FROM S KIRKLAND AVE (4300 W) TO S KOSTNER AVE (4400 W),$0.00,0.0
19,Bollard Menu (2024),S MALTA ST & W 100TH PL,"$15,613.96",15613.96
19,Curb & Gutter Menu (2024),10544 S MAPLEWOOD AVE,"$3,083.43",3083.43
19,Curb & Gutter Menu (2024),9951 S CALIFORNIA AVE,"$4,825.28",4825.28
19,Miscellaneous CDOT Projects (2024),10501 S CHRISTIANA AVE,$660.00,660.0
19,Street Bump Outs Menu (2024),ON S WALDEN PKWY FROM W 101ST ST (10100 S) TO W 103RD ST (10300 S),"$3,800.00",3800.0
19,Street Resurfacing Menu (2024),10715-10735 S LAWNDALE AVE,"$25,630.84",25630.84
19,Street Resurfacing Menu (2024),9731 S LONGWOOD DR,"$5,490.23",5490.23
19,Street Resurfacing Menu (2024),ON S AVERS AVE FROM W 107TH ST (10700 S) TO W 108TH PL (10840 S),"$135,814.10",135814.1
19,Street Resurfacing Menu (2024),ON S BELL AVE FROM W 96TH ST (9600 S) TO W 97TH ST (9700 S),"$54,197.57",54197.57
19,Street Resurfacing Menu (2024),ON S CHURCH ST FROM W 109TH PL (10930 S) TO W CHELSEA PL (11000 S),"$44,174.25",44174.25
19,Street Resurfacing Menu (2024),ON S CHURCH ST FROM W MONTEREY AVE (11200 S) TO W MONTVALE AVE (11300 S),"$52,226.57",52226.57
19,Street Resurfacing Menu (2024),ON S CLAREMONT AVE FROM 9800 S TO W 99TH ST (9900 S),"$64,117.03",64117.03
19,Street Resurfacing Menu (2024),ON S FAIRFIELD AVE FROM W 107TH ST (10700 S) TO W 108TH ST (10800 S),"$50,380.90",50380.9
19,Street Resurfacing Menu (2024),ON S HALE AVE FROM W 104TH ST (10400 S) TO W 105TH ST (10500 S),"$53,324.02",53324.02
19,Street Resurfacing Menu (2024),ON S HALE AVE FROM W 115TH ST (11500 S) TO W 117TH ST (11700 S),"$114,863.78",114863.78
19,Street Resurfacing Menu (2024),ON S HAMLIN AVE FROM W 114TH ST (11400 S) TO W 114TH PL (11440 S),"$39,530.02",39530.02
19,Street Resurfacing Menu (2024),ON S HERMOSA AVE FROM W MONTVALE AVE (11240 S) TO W EDMAIRE ST (11330 S),"$50,064.27",50064.27
19,Street Resurfacing Menu (2024),ON S HOYNE AVE FROM W 92ND ST (9200 S) TO W 93RD ST (9300 S),"$45,976.98",45976.98
19,Street Resurfacing Menu (2024),ON S LEAVITT ST FROM W 90TH ST (9000 S) TO W 91ST ST (9100 S),"$51,540.30",51540.3
19,Street Resurfacing Menu (2024),ON S OAKLEY AVE FROM W 110TH ST (11000 S) TO S BELL AVE (11050 S),"$28,537.43",28537.43
19,Street Resurfacing Menu (2024),ON S PROSPECT AVE FROM W 106TH ST (10600 S) TO W 107TH ST (10700 S),"$53,933.40",53933.4
19,Street Resurfacing Menu (2024),ON S SEELEY AVE FROM W 102ND ST (10160 S) TO W 103RD ST (10300 S),"$57,459.49",57459.49
19,Street Resurfacing Menu (2024),ON S TALMAN AVE FROM W 100TH ST (10000 S) TO W 101ST ST (10100 S),"$60,891.53",60891.53
19,Street Resurfacing Menu (2024),ON S WOOD ST FROM W 107TH ST (10700 S) TO S PROSPECT AVE (1600 W),"$94,608.68",94608.68
19,Street Resurfacing Menu (2024),ON W 104TH ST FROM S LEAVITT ST (2200 W) TO S BELL AVE (2230 W),"$24,838.07",24838.07
19,Street Resurfacing Menu (2024),ON W 105TH ST FROM 2699 W TO S TALMAN AVE (2650 W),"$16,374.64",16374.64
19,Street Resurfacing Menu (2024),ON W 106TH PL FROM 2602 W TO S TALMAN AVE (2650 W),"$42,334.31",42334.31
19,Street Resurfacing Menu (2024),ON W 110TH ST FROM S CHRISTIANA AVE (3330 W) TO S SPAULDING AVE (3300 W),"$83,153.14",83153.14
19,Street Resurfacing Menu (2024),ON W 113TH PL FROM S BELL AVE (2220 W) TO S OAKLEY AVE (2300 W),"$51,789.95",51789.95
19,Street Resurfacing Menu (2024),ON W 91ST PL FROM S PROSPECT SQ (1800 W) TO S LONGWOOD DR (1830 W),"$35,136.53",35136.53
19,Street Resurfacing Menu (2024),ON W 91ST ST FROM S LONGWOOD DR (1835 W) TO S PLEASANT AVE (1899 W),"$46,305.35",46305.35
19,Street Resurfacing Menu (2024),ON W 93RD ST FROM S PLEASANT AVE (1900 W) TO S WINCHESTER AVE (1940 W),"$32,990.29",32990.29
19,Street Resurfacing Menu (2024),ON W 97TH ST FROM S DAMEN AVE (2000 W) TO S HOYNE AVE (2100 W),"$39,253.65",39253.65
19,Street Speed Hump Menu (2024),ON S WALDEN PKWY FROM W 101ST ST (10100 S) TO W 103RD ST (10300 S),"$12,200.00",12200.0
19,Street Speed Hump Menu (2024),ON W 110TH ST FROM S KEDZIE AVE (3200 W) TO S HOMAN AVE (3400 W),"$4,880.00",4880.0
19,Street Speed Hump Replacement (2024),ON S HALE AVE FROM W 115TH ST (11500 S) TO W 117TH ST (11700 S),$0.00,0.0
19,Street Speed Hump Replacement (2024),ON S HERMOSA AVE FROM W MONTVALE AVE (11240 S) TO W EDMAIRE ST (11330 S),$0.00,0.0
20,ADA - Street Resurfacing Menu (2024),ON W 49TH PL FROM S PEORIA ST (900 W) TO S MORGAN ST (1000 W),"$3,622.50",3622.5
20,Alley Resurfacing Menu (2024),E 65TH ST & S RHODES AVE&S ST LAWRENCE AVE & E MARQUETTE RD,"$30,419.28",30419.28
20,Alley Speed Hump Menu (2024),S INGLESIDE AVE & E 63RD ST&E 65TH ST & S DREXEL AVE,$0.00,0.0
20,Miscellaneous CDOT Projects (2024),6101 S WABASH AVE,$660.00,660.0
20,Street Resurfacing Menu (2024),ON S ADA ST FROM W 47TH ST (4700 S) TO W 48TH ST (4800 S),"$69,470.90",69470.9
20,Street Resurfacing Menu (2024),ON S DREXEL AVE FROM E MARQUETTE RD (6600 S) TO E 67TH ST (6700 S),"$46,734.29",46734.29
20,Street Resurfacing Menu (2024),ON S EBERHART AVE FROM E 65TH ST (6500 S) TO E MARQUETTE RD (6600 S),"$64,537.98",64537.98
20,Street Resurfacing Menu (2024),ON S EVANS AVE FROM E MARQUETTE RD (6600 S) TO E 67TH ST (6700 S),"$56,732.02",56732.02
20,Street Resurfacing Menu (2024),ON S JUSTINE ST FROM W 47TH ST (4700 S) TO W 48TH ST (4800 S),"$42,398.28",42398.28
20,Street Resurfacing Menu (2024),ON S LANGLEY AVE FROM E 60TH ST (6000 S) TO E 62ND ST (6200 S),"$93,416.32",93416.32
20,Street Resurfacing Menu (2024),ON S LANGLEY AVE FROM E MARQUETTE RD (6600 S) TO E 67TH ST (6700 S),"$58,769.55",58769.55
20,Street Resurfacing Menu (2024),ON S MARSHFIELD AVE FROM W 47TH ST (4700 S) TO W 49TH ST (4900 S),"$131,726.31",131726.31
20,Street Resurfacing Menu (2024),ON S PAULINA ST FROM W 47TH ST (4700 S) TO W 48TH ST (4800 S),"$40,804.29",40804.29
20,Street Resurfacing Menu (2024),ON S RHODES AVE FROM E 65TH ST (6500 S) TO E MARQUETTE RD (6600 S),"$56,910.73",56910.73
20,Street Resurfacing Menu (2024),ON S UNIVERSITY AVE FROM E 61ST ST (6100 S) TO E 63RD ST (6300 S),"$120,696.90",120696.9
20,Street Resurfacing Menu (2024),ON S UNIVERSITY AVE FROM E MARQUETTE RD (6599 S) TO E 67TH ST (6700 S),"$54,743.53",54743.53
20,Street Resurfacing Menu (2024),ON W 49TH PL FROM S PEORIA ST (900 W) TO S MORGAN ST (1000 W),"$55,833.81",55833.81
20,Street Resurfacing Menu (2024),ON W 49TH PL FROM S RACINE AVE (1200 W) TO S THROOP ST (1300 W),"$62,199.21",62199.21
20,Street Resurfacing Menu (2024),ON W 59TH PL FROM 347 W TO S YALE AVE (240 W),"$79,060.19",79060.19
20,Street Resurfacing Menu (2024),ON W 60TH PL FROM S YALE AVE (250 W) TO S FRONTENAC AVE (600 W),"$189,066.19",189066.19
20,Street Resurfacing Menu (2024),ON W 61ST PL FROM S NORMAL BLVD (500 W) TO S WALLACE ST (600 W),"$63,240.36",63240.36
20,Street Resurfacing Menu (2024),ON W 61ST PL FROM S PRINCETON AVE (300 W) TO S STEWART AVE (400 W),"$64,386.89",64386.89
20,Street Speed Hump Menu (2024),ON W 48TH ST FROM S RACINE AVE (1200 W) TO S ASHLAND AVE (1600 W),"$17,080.00",17080.0
20,Street Speed Hump Replacement (2024),ON S ADA ST FROM W 47TH ST (4700 S) TO W 48TH ST (4800 S),$0.00,0.0
20,Street Speed Hump Replacement (2024),ON S JUSTINE ST FROM W 47TH ST (4700 S) TO W 48TH ST (4800 S),$0.00,0.0
20,Street Speed Hump Replacement (2024),ON S LANGLEY AVE FROM E 60TH ST (6000 S) TO E 62ND ST (6200 S),$0.00,0.0
20,Street Speed Hump Replacement (2024),ON S MARSHFIELD AVE FROM W 47TH ST (4700 S) TO W 49TH ST (4900 S),$0.00,0.0
20,Street Speed Hump Replacement (2024),ON S PAULINA ST FROM W 47TH ST (4700 S) TO W 48TH ST (4800 S),$0.00,0.0
20,Street Speed Hump Replacement (2024),ON S RHODES AVE FROM E 65TH ST (6500 S) TO E MARQUETTE RD (6600 S),$0.00,0.0
20,Street Speed Hump Replacement (2024),ON W 49TH PL FROM S RACINE AVE (1200 W) TO S THROOP ST (1300 W),$0.00,0.0
20,Street Traffic Circle Menu (2024),S THROOP ST & W 50TH ST,"$28,374.04",28374.04
21,ADA - Alley Resurfacing Menu (2024),ON W 113TH PL FROM S MAY ST (1130 W) TO S RACINE AVE (1200 W),"$12,600.00",12600.0
21,ADA - Street Resurfacing Menu (2024),ON W 106TH ST FROM S ABERDEEN ST (1100 W) TO S RACINE AVE (1200 W),"$14,490.00",14490.0
21,ADA - Street Resurfacing Menu (2024),ON W 112TH PL FROM S ABERDEEN ST (1100 W) TO S MAY ST (1130 W),"$10,867.50",10867.5
21,Sidewalk Menu (2024),12234 S GREEN ST,$666.05,666.05
21,Sidewalk Menu (2024),1657 W MONTEREY AVE,"$13,382.30",13382.3
21,Sidewalk Menu (2024),9142-9152 S ASHLAND AVE,"$13,971.86",13971.86
21,Street Resurfacing Menu (2024),ON S ADA ST FROM W 93RD ST (9300 S) TO W 95TH ST (9500 S),"$22,815.08",22815.08
21,Street Resurfacing Menu (2024),ON S CARPENTER ST FROM W 101ST ST (10100 S) TO W 103RD ST (10300 S),"$112,190.48",112190.48
21,Street Resurfacing Menu (2024),ON S ELIZABETH ST FROM W 89TH ST (8860 S) TO W 90TH ST (8999 S),"$53,136.72",53136.72
21,Street Resurfacing Menu (2024),ON S EMERALD AVE FROM W 112TH ST (11200 S) TO W 113TH ST (11300 S),"$60,944.71",60944.71
21,Street Resurfacing Menu (2024),ON S GREEN ST FROM W 101ST ST (10100 S) TO W 102ND ST (10200 S),"$55,510.86",55510.86
21,Street Resurfacing Menu (2024),ON S GREEN ST FROM W 104TH ST (10400 S) TO W 105TH ST (10500 S),"$58,314.29",58314.29
21,Street Resurfacing Menu (2024),ON S GREEN ST FROM W 107TH ST (10700 S) TO W 108TH ST (10800 S),"$57,308.18",57308.18
21,Street Resurfacing Menu (2024),ON S JUSTINE ST FROM W 92ND ST (9200 S) TO W 93RD ST (9300 S),"$53,103.38",53103.38
21,Street Resurfacing Menu (2024),ON S JUSTINE ST FROM W 92ND ST (9200 S) TO W 93RD ST (9300 S); ON S JUSTINE ST FROM W 93RD ST (9300 S) TO W 94TH ST (9400 S),"$46,694.37",46694.37
21,Street Resurfacing Menu (2024),ON S LOOMIS ST FROM W 115TH ST (11500 S) TO W 116TH ST (11600 S),"$51,790.16",51790.16
21,Street Resurfacing Menu (2024),ON S LOWE AVE FROM W 100TH ST (10000 S) TO W 101ST ST (10100 S),"$59,958.42",59958.42
21,Street Resurfacing Menu (2024),ON S LOWE AVE FROM W 92ND ST (9200 S) TO W 93RD ST (9300 S),"$54,571.35",54571.35
21,Street Resurfacing Menu (2024),ON S NORMAL AVE FROM W 103RD ST (10300 S) TO W 103RD PL (10330 S),"$24,309.67",24309.67
21,Street Resurfacing Menu (2024),ON S NORMAL AVE FROM W 111TH ST (11100 S) TO W 112TH ST (11200 S),"$55,583.86",55583.86
21,Street Resurfacing Menu (2024),ON S NORMAL AVE FROM W 111TH ST (11100 S) TO W 112TH ST (11200 S); ON S NORMAL AVE FROM W 112TH ST (11200 S) TO W 113TH ST (11300 S),"$40,439.52",40439.52
21,Street Resurfacing Menu (2024),ON S PARNELL AVE FROM W 87TH ST S (8700 S) TO W 88TH ST (8800 S),"$31,886.84",31886.84
21,Street Resurfacing Menu (2024),ON S SANGAMON ST FROM S PEORIA ST (10740 S) TO W 109TH ST (10900 S),"$149,600.84",149600.84
21,Street Resurfacing Menu (2024),ON S SANGAMON ST FROM W 105TH ST (10500 S) TO W 106TH ST (10600 S),"$62,947.02",62947.02
21,Street Resurfacing Menu (2024),ON W 106TH ST FROM S ABERDEEN ST (1100 W) TO S RACINE AVE (1200 W),"$76,809.73",76809.73
21,Street Resurfacing Menu (2024),ON W 112TH PL FROM S ABERDEEN ST (1100 W) TO S MAY ST (1130 W),"$31,557.48",31557.48
21,Street Resurfacing Menu (2024),ON W 112TH PL FROM S ABERDEEN ST (1100 W) TO S MAY ST (1130 W); ON W 112TH PL FROM S MAY ST (1130 W) TO S RACINE AVE (1200 W),"$23,093.77",23093.77
21,Street Resurfacing Menu (2024),ON W 112TH PL FROM S BISHOP ST (1450 W) TO S LAFLIN ST (1500 W),"$37,844.40",37844.4
21,Street Resurfacing Menu (2024),ON W 113TH PL FROM S BISHOP ST (1450 W) TO S LAFLIN ST (1500 W),"$51,729.42",51729.42
21,Street Resurfacing Menu (2024),ON W 113TH PL FROM S BISHOP ST (1450 W) TO S LAFLIN ST (1500 W); ON W 113TH PL FROM S LAFLIN ST (1500 W) TO S ASHLAND AVE (1550 W),"$18,509.25",18509.25
21,Street Resurfacing Menu (2024),ON W 113TH PL FROM S MAY ST (1130 W) TO S RACINE AVE (1200 W),"$43,536.01",43536.01
21,Street Resurfacing Menu (2024),ON W 113TH PL FROM S MAY ST (1130 W) TO S RACINE AVE (1200 W); ON W 113TH PL FROM S ABERDEEN ST (1100 W) TO S MAY ST (1130 W),"$27,138.39",27138.39
21,Street Resurfacing Menu (2024),ON W 113TH PL FROM S THROOP ST (1300 W) TO S ADA ST (1330 W),"$50,790.46",50790.46
21,Street Resurfacing Menu (2024),ON W 113TH PL FROM S THROOP ST (1300 W) TO S ADA ST (1330 W); ON W 113TH PL FROM S ADA ST (1330 W) TO S LOOMIS ST (1400 W),"$20,311.00",20311.0
21,Street Speed Hump Replacement (2024),ON S CARPENTER ST FROM W 101ST ST (10100 S) TO W 103RD ST (10300 S),$0.00,0.0
21,Street Speed Hump Replacement (2024),ON S EMERALD AVE FROM W 112TH ST (11200 S) TO W 113TH ST (11300 S),$0.00,0.0
21,Street Speed Hump Replacement (2024),ON S GREEN ST FROM W 104TH ST (10400 S) TO W 105TH ST (10500 S),$0.00,0.0
21,Street Speed Hump Replacement (2024),ON S GREEN ST FROM W 107TH ST (10700 S) TO W 108TH ST (10800 S),$0.00,0.0
21,Street Speed Hump Replacement (2024),ON S LOWE AVE FROM W 100TH ST (10000 S) TO W 101ST ST (10100 S),$0.00,0.0
21,Street Speed Hump Replacement (2024),ON S NORMAL AVE FROM W 111TH ST (11100 S) TO W 112TH ST (11200 S),$0.00,0.0
21,Street Speed Hump Replacement (2024),ON S SANGAMON ST FROM S PEORIA ST (10740 S) TO W 109TH ST (10900 S),$0.00,0.0
21,Street Speed Hump Replacement (2024),ON S SANGAMON ST FROM W 105TH ST (10500 S) TO W 106TH ST (10600 S),$0.00,0.0
21,Street Speed Hump Replacement (2024),ON W 112TH PL FROM S MAY ST (1130 W) TO S RACINE AVE (1200 W),$0.00,0.0
21,Street Speed Hump Replacement (2024),ON W 113TH PL FROM S THROOP ST (1300 W) TO S ADA ST (1330 W),$0.00,0.0
22,Alley Apron Menu (2024),4015 W 25TH PL,"$12,039.71",12039.71
22,Alley Apron Menu (2024),W 30TH ST & S KEDVALE AVE&S KEELER AVE & W 31ST ST; 3045 S KEELER AVE,"$8,822.99",8822.99
22,Alley Resurfacing Menu (2024),S DRAKE AVE & W CERMAK RD&W 23RD ST & S CENTRAL PARK AVE; 2233 S CENTRAL PARK AVE; 2222 S DRAKE AVE,"$41,152.48",41152.48
22,Alley Speed Hump Menu (2024),W 47TH ST & S LEAMINGTON AVE&S LARAMIE AVE & W 48TH ST,"$1,450.00",1450.0
22,Alley Speed Hump Replacement (2024),2233 S CENTRAL PARK AVE; S DRAKE AVE & W CERMAK RD&W 23RD ST & S CENTRAL PARK AVE; 2222 S DRAKE AVE,$0.00,0.0
22,Bollard Menu (2024),4900 S CICERO AVE,"$7,000.00",7000.0
22,Curb & Gutter Menu (2024),2237 S CHRISTIANA AVE,"$6,832.75",6832.75
22,Diagonal Parking Menu (2024),5001-5013 W 44TH ST,"$74,107.20",74107.2
22,Floodlight Menu (2024),3850 W 31ST ST; 3058 S AVERS AVE,$500.00,500.0
22,Floodlight Menu (2024),4220 W OGDEN AVE,$950.00,950.0
22,Miscellaneous CDOT Projects (2024),4901 S LAMON AVE,$660.00,660.0
22,Pavement Markings Menu (2024),ON W CERMAK RD FROM S PULASKI RD (4000 W) TO S KILBOURN AVE (4500 W),"$14,500.00",14500.0
22,Pedestrian Refuge Island Menu (2024),3350 S KEDZIE AVE,"$80,000.00",80000.0
22,Sidewalk Menu (2024),2505 S AVERS AVE,"$1,115.90",1115.9
22,Sidewalk Menu (2024),2518 S LAWNDALE AVE,"$2,722.93",2722.93
22,Sidewalk Menu (2024),2700 S KARLOV AVE,"$10,823.23",10823.23
22,Sidewalk Menu (2024),2840 S KEDVALE AVE,"$5,321.86",5321.86
22,Sidewalk Menu (2024),2847 S MILLARD AVE,"$4,137.84",4137.84
22,Sidewalk Menu (2024),3503-3507 W 25TH ST,"$36,227.51",36227.51
22,Sidewalk Menu (2024),4259-4263 W CERMAK RD,"$7,816.95",7816.95
22,Sidewalk Menu (2024),4329 W 26TH ST; 4335 W 26TH ST,"$17,632.80",17632.8
22,Sidewalk Menu (2024),4447-4459 W 30TH ST,"$22,267.27",22267.27
22,Sidewalk Menu (2024),4627-4631 S KILPATRICK AVE,"$9,032.31",9032.31
22,Sidewalk Menu (2024),4645 S LECLAIRE AVE,$564.90,564.9
22,Sidewalk Menu (2024),4836-4840 S LAWLER AVE,"$1,554.36",1554.36
22,Sidewalk Menu (2024),4900-4904 S LA CROSSE AVE,"$7,124.73",7124.73
22,Sidewalk Menu (2024),4907 S LA CROSSE AVE,"$5,007.40",5007.4
22,Sidewalk Menu (2024),ON S KEELER AVE FROM W 24TH ST (2400 S) TO W 24TH PL (2440 S); 2412-2417 S KEELER AVE,"$36,524.85",36524.85
22,Sidewalk Menu (2024),ON S KEELER AVE FROM W 31ST ST (3100 S) TO W 33RD ST (3300 S),"$130,186.77",130186.77
22,Sidewalk Menu (2024),ON W 26TH ST FROM S KOMENSKY AVE (4033 W) TO S KARLOV AVE (4100 W); 4051 W 26TH ST,"$7,344.67",7344.67
22,Street Bump Outs Menu (2024),S KARLOV AVE & W 25TH PL,"$24,520.13",24520.13
22,Street Light Upgrade Menu (2024),3901 W 24TH ST,$750.00,750.0
22,Street Light Upgrade Menu (2024),4712 S LAVERGNE AVE,$500.00,500.0
22,Street Resurfacing Menu (2024),ON S HAMLIN AVE FROM W CERMAK RD (2200 S) TO W 27TH ST (2700 S),"$327,461.67",327461.67
22,Street Resurfacing Menu (2024),ON S HARDING AVE FROM W 24TH ST (2400 S) TO W 26TH ST (2600 S),"$113,568.03",113568.03
22,Street Resurfacing Menu (2024),ON S HOMAN AVE FROM W 23RD ST (2300 S) TO W 24TH ST (2400 S),"$61,062.15",61062.15
22,Street Resurfacing Menu (2024),ON S KARLOV AVE FROM W 28TH ST (2800 S) TO W 30TH ST (3000 S),"$64,405.15",64405.15
22,Street Resurfacing Menu (2024),ON S KILPATRICK AVE FROM W 45TH ST (4500 S) TO W 46TH ST (4600 S),"$53,749.29",53749.29
22,Street Resurfacing Menu (2024),ON S LA CROSSE AVE FROM W 49TH ST (4900 S) TO W 50TH ST (5000 S),"$54,373.73",54373.73
22,Street Resurfacing Menu (2024),ON S MILLARD AVE FROM 3240 S TO W 31ST ST (3100 S),"$99,753.99",99753.99
22,Street Resurfacing Menu (2024),ON W 23RD ST FROM S LAWNDALE AVE (3700 W) TO S RIDGEWAY AVE (3732 W),"$35,318.24",35318.24
22,Street Resurfacing Menu (2024),ON W 24TH ST FROM S LAWNDALE AVE (3700 W) TO S RIDGEWAY AVE (3730 W),"$31,574.91",31574.91
22,Street Resurfacing Menu (2024),ON W 24TH ST FROM S ST LOUIS AVE (3500 W) TO S CENTRAL PARK AVE (3600 W),"$49,685.60",49685.6
22,Street Speed Hump Menu (2024),ON S KARLOV AVE FROM W 30TH ST (3000 S) TO W 31ST ST (3100 S),"$4,880.00",4880.0
22,Street Speed Hump Menu (2024),ON S KOMENSKY AVE FROM W 27TH ST (2700 S) TO W 28TH ST (2800 S),"$4,880.00",4880.0
22,Street Speed Hump Replacement (2024),ON S HOMAN AVE FROM W 23RD ST (2300 S) TO W 24TH ST (2400 S),$0.00,0.0
22,Street Speed Hump Replacement (2024),ON S KARLOV AVE FROM W 28TH ST (2800 S) TO W 30TH ST (3000 S),$0.00,0.0
22,Street Speed Hump Replacement (2024),ON S MILLARD AVE FROM 3240 S TO W 31ST ST (3100 S),$0.00,0.0
23,Alley Apron Menu (2024),3616 W 59TH PL,"$20,198.20",20198.2
23,Alley Apron Menu (2024),3700 W 66TH ST,"$30,393.75",30393.75
23,Alley Apron Menu (2024),5001 S LA CROSSE AVE,"$24,759.61",24759.61
23,Alley Apron Menu (2024),5116 S MASSASOIT AVE,"$19,870.02",19870.02
23,Alley Apron Menu (2024),5200 S LARAMIE AVE,"$19,271.03",19271.03
23,Alley Apron Menu (2024),6758 W ARCHER AVE,"$12,787.67",12787.67
23,Alley Apron Menu (2024),ON W 52ND ST FROM S RUTHERFORD AVE (6730 W) TO S OAK PARK AVE (6799 W),"$26,502.63",26502.63
23,Alley Speed Hump Menu (2024),W 65TH PL & S PULASKI RD&S SPRINGFIELD AVE & W 66TH ST,"$1,450.00",1450.0
23,Bollard Menu (2024),5001 S LA CROSSE AVE,"$1,549.16",1549.16
23,Curb & Gutter Menu (2024),3937 W 63RD PL,"$4,140.29",4140.29
23,Curb & Gutter Menu (2024),5221 S NATOMA AVE,"$6,537.37",6537.37
23,Curb & Gutter Menu (2024),5252 S AUSTIN AVE,"$14,900.21",14900.21
23,Curb & Gutter Menu (2024),5300 S TRIPP AVE,"$14,765.23",14765.23
23,Curb & Gutter Menu (2024),5302 S HARDING AVE,"$4,872.86",4872.86
23,Curb & Gutter Menu (2024),5314 S HAMLIN AVE; 5316 S HAMLIN AVE; 5340 S HAMLIN AVE,"$25,609.00",25609.0
23,Curb & Gutter Menu (2024),5343 S NEWCASTLE AVE,"$7,145.01",7145.01
23,Curb & Gutter Menu (2024),5422-5424 S LARAMIE AVE,"$10,612.37",10612.37
23,Curb & Gutter Menu (2024),6805 S KILBOURN AVE,"$7,246.13",7246.13
23,Curb & Gutter Menu (2024),7258 S RIDGEWAY AVE,"$13,479.72",13479.72
23,Pavement Markings Menu (2024),ON S ARCHER AVE FROM S MCVICKER AVE (6180 S) TO S MULLIGAN AVE (6400 S),"$15,000.00",15000.0
23,Pavement Markings Menu (2024),W 55TH ST & S CENTRAL AVE; W ARCHER AVE & S OAK PARK AVE; W ARCHER AVE & S NASHVILLE AVE; W 65TH ST & S PULASKI RD; W 63RD ST & S OAK PARK AVE,"$12,183.10",12183.1
23,Pavement Markings Menu (2024),W 59TH ST & S PULASKI RD,"$17,000.00",17000.0
23,Pavement Markings Menu (2024),W ARCHER AVE & S SAYRE AVE,"$9,304.00",9304.0
23,Sidewalk Menu (2024),3648 W 70TH PL,"$6,757.12",6757.12
23,Sidewalk Menu (2024),3737 W 69TH PL,"$4,664.44",4664.44
23,Sidewalk Menu (2024),3824 W 66TH PL,"$9,027.16",9027.16
23,Sidewalk Menu (2024),5106 S NORMANDY AVE,"$4,138.12",4138.12
23,Sidewalk Menu (2024),5143 S AUSTIN AVE,"$6,926.34",6926.34
23,Sidewalk Menu (2024),5208 S NEENAH AVE,"$4,463.41",4463.41
23,Sidewalk Menu (2024),5257 S SAYRE AVE,"$4,586.93",4586.93
23,Sidewalk Menu (2024),5259 S OAK PARK AVE,"$19,759.84",19759.84
23,Sidewalk Menu (2024),5300 S SAYRE AVE,"$8,822.55",8822.55
23,Sidewalk Menu (2024),5348 S NORMANDY AVE; 5352 S NORMANDY AVE; 5304 S NORMANDY AVE; 5300 S NORMANDY AVE,"$26,335.94",26335.94
23,Sidewalk Menu (2024),5401 S NORMANDY AVE,"$5,602.05",5602.05
23,Sidewalk Menu (2024),6900 S KEDVALE AVE,"$3,477.74",3477.74
23,Sidewalk Menu (2024),7144 S MILLARD AVE,"$3,423.30",3423.3
23,Sidewalk Menu (2024),7150 S AVERS AVE,$450.96,450.96
23,Sidewalk Menu (2024),7250 S MILLARD AVE,"$2,554.88",2554.88
23,Sidewalk Menu (2024),7254 S RIDGEWAY AVE,"$5,167.30",5167.3
23,Street Bump Outs Menu (2024),5100-5101 S NATOMA AVE,"$6,034.39",6034.39
23,Street Light Upgrade Menu (2024),5402 S LONG AVE,$500.00,500.0
23,Street Resurfacing Menu (2024),ON S AVERS AVE FROM W 51ST ST (5100 S) TO W 52ND ST (5200 S),"$43,951.17",43951.17
23,Street Resurfacing Menu (2024),ON S KARLOV AVE FROM W 68TH ST (6800 S) TO W 69TH ST (6900 S),"$56,487.68",56487.68
23,Street Resurfacing Menu (2024),ON S KEDVALE AVE FROM W 68TH ST (6800 S) TO W 69TH ST (6900 S),"$53,782.63",53782.63
23,Street Resurfacing Menu (2024),ON S KENNETH AVE FROM W MARQUETTE RD (6700 S) TO W 68TH ST (6800 S),"$54,823.25",54823.25
23,Street Resurfacing Menu (2024),ON S KILBOURN AVE FROM 6827 S TO W 68TH ST (6800 S),"$23,751.84",23751.84
23,Street Resurfacing Menu (2024),ON S KILDARE AVE FROM W 68TH ST (6800 S) TO W 69TH ST (6900 S),"$58,784.04",58784.04
23,Street Resurfacing Menu (2024),ON S MERRIMAC AVE FROM W 54TH ST (5400 S) TO S ARCHER AVE (6300 S),"$30,198.99",30198.99
23,Street Resurfacing Menu (2024),ON S MILLARD AVE FROM W 71ST ST (7100 S) TO W 72ND ST (7200 S),"$56,424.91",56424.91
23,Street Resurfacing Menu (2024),ON S NASHVILLE AVE FROM W 53RD ST (5300 S) TO W 54TH ST (5400 S),"$52,436.07",52436.07
23,Street Resurfacing Menu (2024),ON S NORDICA AVE FROM W 51ST PL (5130 S) TO W 52ND ST (5200 S),"$38,816.42",38816.42
23,Street Resurfacing Menu (2024),ON S RIDGEWAY AVE FROM W 71ST ST (7100 S) TO W 72ND ST (7200 S),"$43,777.36",43777.36
23,Street Resurfacing Menu (2024),ON S RIDGEWAY AVE FROM W 72ND ST (7200 S) TO W 73RD ST (7300 S),"$59,650.55",59650.55
23,Street Resurfacing Menu (2024),ON W 53RD ST FROM S KENNETH AVE (4430 W) TO S KILBOURN AVE (4500 W),"$18,620.30",18620.3
23,Street Resurfacing Menu (2024),ON W 55TH PL FROM S CENTRAL PARK AVE (3600 W) TO S LAWNDALE AVE (3700 W),"$50,351.54",50351.54
23,Street Resurfacing Menu (2024),ON W 57TH ST FROM S SPRINGFIELD AVE (3900 W) TO S PULASKI RD (4000 W),"$56,957.43",56957.43
23,Street Resurfacing Menu (2024),ON W 61ST PL FROM S CENTRAL PARK AVE (3600 W) TO S LAWNDALE AVE (3700 W),"$48,548.75",48548.75
23,Street Resurfacing Menu (2024),ON W 61ST ST FROM S CENTRAL PARK AVE (3600 W) TO S CENTRAL PARK AVE (3600 W),"$10,639.73",10639.73
23,Street Resurfacing Menu (2024),ON W 62ND ST FROM S CENTRAL PARK AVE (3600 W) TO S CENTRAL PARK AVE (3600 W),"$10,481.34",10481.34
23,Street Resurfacing Menu (2024),ON W 63RD PL FROM S LAWNDALE AVE (3700 W) TO S HAMLIN AVE (3800 W),"$55,984.59",55984.59
23,Street Resurfacing Menu (2024),ON W 65TH PL FROM S HAMLIN AVE (3800 W) TO S SPRINGFIELD AVE (3900 W),"$58,278.61",58278.61
23,Street Resurfacing Menu (2024),ON W 65TH PL FROM S LAWNDALE AVE (3700 W) TO S HAMLIN AVE (3800 W),"$61,353.26",61353.26
23,Street Resurfacing Menu (2024),ON W 66TH PL FROM S ST LOUIS AVE (3500 W) TO S CENTRAL PARK AVE (3600 W),"$54,877.10",54877.1
23,Street Resurfacing Menu (2024),ON W 66TH ST FROM S CENTRAL PARK AVE (3560 W) TO S CENTRAL PARK AVE (3560 W),"$12,653.94",12653.94
23,Street Speed Hump Menu (2024),ON S CENTRAL PARK AVE FROM W 61ST ST (6100 S) TO W 63RD ST (6300 S),"$7,320.00",7320.0
23,Street Speed Hump Menu (2024),ON S HAMLIN AVE FROM W 51ST ST (5100 S) TO W 52ND ST (5200 S),"$4,880.00",4880.0
23,Street Speed Hump Menu (2024),ON S MASSASOIT AVE FROM W 53RD ST (5300 S) TO S ARCHER AVE (5990 S),"$2,440.00",2440.0
23,Street Speed Hump Menu (2024),ON S PARKSIDE AVE FROM W 53RD ST (5300 S) TO S ARCHER AVE (5920 S),"$2,440.00",2440.0
23,Street Speed Hump Menu (2024),ON S SPRINGFIELD AVE FROM W 60TH PL (6030 S) TO W 61ST PL (6130 S),"$4,880.00",4880.0
23,Street Speed Hump Menu (2024),ON S SPRINGFIELD AVE FROM W 69TH ST (6900 S) TO W 69TH PL (6930 S),"$2,440.00",2440.0
23,Street Speed Hump Menu (2024),ON S SPRINGFIELD AVE FROM W 71ST ST (7100 S) TO W 72ND ST (7200 S),"$4,880.00",4880.0
23,Street Speed Hump Menu (2024),ON W 54TH ST FROM S NATCHEZ AVE (6500 W) TO S NASHVILLE AVE (6600 W),"$4,880.00",4880.0
23,Street Speed Hump Menu (2024),ON W 58TH ST FROM S CENTRAL PARK AVE (3600 W) TO S LAWNDALE AVE (3700 W),"$4,880.00",4880.0
23,Street Speed Hump Menu (2024),ON W 59TH PL FROM S HAMLIN AVE (3800 W) TO S SPRINGFIELD AVE (3900 W),"$4,880.00",4880.0
23,Street Speed Hump Replacement (2024),ON S KILDARE AVE FROM W 68TH ST (6800 S) TO W 69TH ST (6900 S),$0.00,0.0
23,Street Speed Hump Replacement (2024),ON S NORDICA AVE FROM W 51ST PL (5130 S) TO W 52ND ST (5200 S),$0.00,0.0
23,Street Speed Hump Replacement (2024),ON S RIDGEWAY AVE FROM W 71ST ST (7100 S) TO W 72ND ST (7200 S),$0.00,0.0
23,Street Speed Hump Replacement (2024),ON W 66TH PL FROM S ST LOUIS AVE (3500 W) TO S CENTRAL PARK AVE (3600 W),$0.00,0.0
24,Alley Apron Menu (2024),4144 W ARTHINGTON ST,"$12,922.59",12922.59
24,Alley Resurfacing Menu (2024),S LAWNDALE AVE & W 15TH ST&W DOUGLAS BLVD & S MILLARD AVE,"$76,514.61",76514.61
24,Alley Resurfacing Menu (2024),S SPRINGFIELD AVE & W FLOURNOY ST&S INDEPENDENCE BLVD & W LEXINGTON ST,"$40,282.93",40282.93
24,Alley Resurfacing Menu (2024),S TRUMBULL AVE & W 16TH ST&W 18TH ST & S ST LOUIS AVE,"$23,619.95",23619.95
24,Alley Resurfacing Menu (2024),W CERMAK RD & S TROY ST&S ALBANY AVE & W 23RD ST,"$57,422.76",57422.76
24,Alley Resurfacing Menu (2024),W HARRISON ST & S CICERO AVE&S KILPATRICK AVE & W FLOURNOY ST,"$16,988.16",16988.16
24,Alley Resurfacing Menu (2024),W HARRISON ST & S KILPATRICK AVE&S KILPATRICK AVE & W FLOURNOY ST,"$36,909.48",36909.48
24,Alley Resurfacing Menu (2024),W OGDEN AVE & S HOMAN AVE&S KEDZIE AVE & W 19TH ST; 3315 W OGDEN AVE,"$163,732.44",163732.44
24,Alley Resurfacing Menu (2024),W OGDEN AVE & S LAWNDALE AVE&S RIDGEWAY AVE & W 19TH ST,"$26,324.90",26324.9
24,Alley Speed Hump Menu (2024),W 16TH ST & S LAWNDALE AVE&S MILLARD AVE & W OGDEN AVE,"$1,200.44",1200.44
24,Alley Speed Hump Replacement (2024),S LAWNDALE AVE & W 15TH ST&W DOUGLAS BLVD & S MILLARD AVE,$0.00,0.0
24,Alley Speed Hump Replacement (2024),S TRUMBULL AVE & W 16TH ST&W 18TH ST & S ST LOUIS AVE,$0.00,0.0
24,Alley Speed Hump Replacement (2024),W CERMAK RD & S TROY ST&S ALBANY AVE & W 23RD ST,$0.00,0.0
24,Alley Speed Hump Replacement (2024),W OGDEN AVE & S HOMAN AVE&S KEDZIE AVE & W 19TH ST; 3315 W OGDEN AVE,$0.00,0.0
24,Alley Speed Hump Replacement (2024),W OGDEN AVE & S LAWNDALE AVE&S RIDGEWAY AVE & W 19TH ST,$0.00,0.0
24,Curb & Gutter Menu (2024),1538-1554 S TRUMBULL AVE,"$1,522.20",1522.2
24,Floodlight Menu (2024),S KEDVALE AVE & W 13TH ST,$950.00,950.0
24,Miscellaneous CDOT Projects (2024),1101 S CENTRAL PARK AVE,$660.00,660.0
24,Pavement Markings Menu (2024),W OGDEN AVE & S ALBANY AVE,"$1,600.00",1600.0
24,Sidewalk Menu (2024),2149 S DRAKE AVE,"$2,740.45",2740.45
24,Sidewalk Menu (2024),3210 W 21ST ST,"$44,884.33",44884.33
24,Street Light Upgrade Menu (2024),1800-1900 S CENTRAL PARK AVE,"$1,000.00",1000.0
24,Street Light Upgrade Menu (2024),3736 W CERMAK RD,$500.00,500.0
24,Street Resurfacing Menu (2024),ON S ALBANY AVE FROM W CERMAK RD (2200 S) TO W 23RD ST (2300 S),"$79,093.79",79093.79
24,Street Resurfacing Menu (2024),ON S AVERS AVE FROM W 18TH ST (1800 S) TO W 19TH ST (1900 S),"$61,390.71",61390.71
24,Street Resurfacing Menu (2024),ON S CHRISTIANA AVE FROM W ROOSEVELT RD (1200 S) TO W 13TH ST (1300 S),"$57,895.30",57895.3
24,Street Resurfacing Menu (2024),ON S KENNETH AVE FROM W 14TH ST (1400 S) TO W 15TH ST (1500 S),"$59,063.36",59063.36
24,Street Resurfacing Menu (2024),ON S KILPATRICK AVE FROM W HARRISON ST (600 S) TO W FLOURNOY ST (700 S),"$25,924.30",25924.3
24,Street Resurfacing Menu (2024),ON S KOMENSKY AVE FROM W 16TH ST (1600 S) TO W 18TH ST (1800 S),"$58,431.73",58431.73
24,Street Resurfacing Menu (2024),ON S LAWNDALE AVE FROM W 18TH ST (1800 S) TO W 19TH ST (1900 S),"$64,344.09",64344.09
24,Street Resurfacing Menu (2024),ON S MILLARD AVE FROM W 13TH ST (1300 S) TO W DOUGLAS BLVD (1400 S),"$62,620.12",62620.12
24,Street Resurfacing Menu (2024),ON S MILLARD AVE FROM W 15TH ST (1500 S) TO W 16TH ST (1600 S),"$55,084.75",55084.75
24,Street Resurfacing Menu (2024),ON S RIDGEWAY AVE FROM W DOUGLAS BLVD (1410 S) TO W 15TH ST (1500 S),"$62,749.75",62749.75
24,Street Resurfacing Menu (2024),ON S SAWYER AVE FROM W 16TH ST (1600 S) TO W OGDEN AVE (1660 S),"$39,272.93",39272.93
24,Street Resurfacing Menu (2024),ON S SPAULDING AVE FROM W 21ST ST (2100 S) TO W CERMAK RD (2200 S),"$56,098.05",56098.05
24,Street Resurfacing Menu (2024),ON S SPAULDING AVE FROM W DOUGLAS BLVD (1360 S) TO W 15TH ST (1500 S),"$53,463.24",53463.24
24,Street Resurfacing Menu (2024),ON S SPRINGFIELD AVE FROM W 19TH ST (1900 S) TO W OGDEN AVE (2160 S),"$90,360.12",90360.12
24,Street Resurfacing Menu (2024),ON S ST LOUIS AVE FROM W GRENSHAW ST (1130 S) TO W ROOSEVELT RD (1200 S),"$30,139.99",30139.99
24,Street Resurfacing Menu (2024),ON W POLK ST FROM S INDEPENDENCE BLVD (3738 W) TO S SPRINGFIELD AVE (3900 W),"$75,939.95",75939.95
24,Street Speed Hump Menu (2024),ON S KOLIN AVE FROM W 14TH ST (1400 S) TO W 15TH ST (1500 S),"$4,880.00",4880.0
24,Street Speed Hump Menu (2024),ON W HARRISON ST FROM S INDEPENDENCE BLVD (3800 W) TO W FIFTH AVE (3940 W),"$4,880.00",4880.0
24,Street Speed Hump Replacement (2024),ON S CHRISTIANA AVE FROM W ROOSEVELT RD (1200 S) TO W 13TH ST (1300 S),$0.00,0.0
24,Street Speed Hump Replacement (2024),ON S KOMENSKY AVE FROM W 16TH ST (1600 S) TO W 18TH ST (1800 S),$0.00,0.0
24,Street Speed Hump Replacement (2024),ON S MILLARD AVE FROM W 13TH ST (1300 S) TO W DOUGLAS BLVD (1400 S),$0.00,0.0
24,Street Speed Hump Replacement (2024),ON S MILLARD AVE FROM W 15TH ST (1500 S) TO W 16TH ST (1600 S),$0.00,0.0
24,Street Speed Hump Replacement (2024),ON S RIDGEWAY AVE FROM W DOUGLAS BLVD (1410 S) TO W 15TH ST (1500 S),$0.00,0.0
24,Street Speed Hump Replacement (2024),ON S SPRINGFIELD AVE FROM W 19TH ST (1900 S) TO W OGDEN AVE (2160 S),$0.00,0.0
24,Street Speed Hump Replacement (2024),ON W POLK ST FROM S INDEPENDENCE BLVD (3738 W) TO S SPRINGFIELD AVE (3900 W),$0.00,0.0
25,(2024) Miscellaneous CDOT Projects (2024),1800 S THROOP ST,$660.00,660.0
25,2024 Sidewalk Menu (2024),1114 W 17TH ST,"$6,630.69",6630.69
25,Alley Resurfacing Menu (2024),S DAMEN AVE & W 23RD ST&W COULTER ST & S DAMEN AVE,"$32,861.51",32861.51
25,Alley Resurfacing Menu (2024),W 21ST ST & S WASHTENAW AVE&S FAIRFIELD AVE & W CERMAK RD,"$45,530.72",45530.72
25,Alley Resurfacing Menu (2024),W 24TH PL & S WESTERN AVE&S WESTERN AVE & W 25TH ST,"$24,689.50",24689.5
25,Alley Resurfacing Menu (2024),W CULLERTON ST & S ASHLAND AVE&S PAULINA ST & W 21ST ST,"$37,400.02",37400.02
25,Alley Resurfacing Menu (2024),W CULLERTON ST & S ROCKWELL ST&S WASHTENAW AVE & W 21ST ST; 2641 W CULLERTON ST,"$36,353.27",36353.27
25,Alley Speed Hump Menu (2024),W CULLERTON ST & S WOOD ST&S WOLCOTT AVE & W 21ST ST; 1817 W CULLERTON ST,"$1,450.00",1450.0
25,Alley Speed Hump Replacement (2024),W CULLERTON ST & S ASHLAND AVE&S PAULINA ST & W 21ST ST,$0.00,0.0
25,Curb & Gutter Menu (2024),1617 W 16TH ST,"$248,169.07",248169.07
25,Curb & Gutter Menu (2024),ON W 17TH ST FROM S WOLCOTT AVE (1900 W) TO S DAMEN AVE (2000 W),"$57,796.92",57796.92
25,"In-Road ""State Law Stop For Pedestrians"" Sign Menu",S SANGAMON ST & W COLLEGE PKWY,$350.00,350.0
25,Pavement Markings Menu (2024),ON S UNION AVE FROM W 14TH ST (1400 S) TO W 16TH ST (1600 S),"$9,000.00",9000.0
25,Pavement Markings Menu (2024),ON W 18TH ST FROM S WOOD ST (1800 W) TO S DAMEN AVE (2000 W),"$4,000.00",4000.0
25,Pavement Markings Menu (2024),W CERMAK RD & S PAULINA ST,"$35,000.00",35000.0
25,Pickard Elementary Public Art Installment 25th Ward Menu,2301 W 21ST PL,"$45,000.00",45000.0
25,Sidewalk Menu (2024),1412 W CERMAK RD,"$5,018.17",5018.17
25,Sidewalk Menu (2024),1659 W CULLERTON ST,"$34,715.61",34715.61
25,Sidewalk Menu (2024),1815 S RACINE AVE,"$14,082.05",14082.05
25,Sidewalk Menu (2024),1819 S ALLPORT ST,"$3,635.70",3635.7
25,Sidewalk Menu (2024),1837 W CERMAK RD,"$9,893.49",9893.49
25,Sidewalk Menu (2024),1918 S MORGAN ST,"$18,249.25",18249.25
25,Sidewalk Menu (2024),2111 W 18TH PL,"$17,650.32",17650.32
25,Sidewalk Menu (2024),2130 W 23RD PL,"$11,169.60",11169.6
25,Sidewalk Menu (2024),2144-2150 S HOYNE AVE; 2214-2230 S HOYNE AVE,"$52,128.90",52128.9
25,Sidewalk Menu (2024),2300 S OAKLEY AVE,"$7,875.64",7875.64
25,Sidewalk Menu (2024),2314-2330 W 23RD PL,"$3,441.01",3441.01
25,Sidewalk Menu (2024),2359 S WESTERN AVE,"$5,675.30",5675.3
25,Sidewalk Menu (2024),3141 W 26TH ST,"$60,326.72",60326.72
25,Speed Indicator Signs (2024),W 18TH ST & S DAMEN AVE,"$28,300.70",28300.7
25,Street Resurfacing Menu (2024),ON S ABERDEEN ST FROM W 14TH PL (1432 S) TO W 15TH ST (1499 S),"$16,989.27",16989.27
25,Street Resurfacing Menu (2024),ON S DESPLAINES ST FROM S CANALPORT AVE (1920 S) TO W 21ST ST (2100 S),"$61,308.96",61308.96
25,Street Resurfacing Menu (2024),ON S RUBLE ST FROM S UNION AVE (1400 S) TO W 21ST ST (2100 S),"$45,861.83",45861.83
25,Street Resurfacing Menu (2024),ON W 18TH PL FROM 1756 W TO S PAULINA ST (1700 W),"$78,894.19",78894.19
25,Street Resurfacing Menu (2024),ON W 18TH PL FROM S ASHLAND AVE (1600 W) TO S PAULINA ST (1700 W),"$86,127.52",86127.52
25,Street Resurfacing Menu (2024),ON W 18TH PL FROM S DAMEN AVE (2000 W) TO S HOYNE AVE (2100 W),"$69,881.93",69881.93
25,Street Resurfacing Menu (2024),ON W 21ST ST FROM S ROCKWELL ST (2600 W) TO S CALIFORNIA AVE (2800 W),"$160,383.83",160383.83
25,Street Speed Hump Menu (2024),1923 S MORGAN ST,"$2,440.00",2440.0
25,Street Speed Hump Menu (2024),2108 S MAY ST; ON S MAY ST FROM W 21ST ST (2100 S) TO W CERMAK RD (2200 S),"$2,440.00",2440.0
25,Street Speed Hump Menu (2024),2632 S SPAULDING AVE; ON S SPAULDING AVE FROM W 26TH ST (2600 S) TO W 27TH ST (2700 S),"$4,880.00",4880.0
25,Street Speed Hump Menu (2024),ON S MORGAN ST FROM W 14TH PL (1432 S) TO W 15TH PL (1527 S),"$4,880.00",4880.0
25,Street Speed Hump Menu (2024),ON S OAKLEY AVE FROM W 23RD ST (2300 S) TO W 23RD PL (2330 S); 2322 S OAKLEY AVE,"$4,880.00",4880.0
25,Street Speed Hump Menu (2024),ON S WHIPPLE ST FROM W 23RD ST (2300 S) TO W 24TH ST (2400 S),"$4,880.00",4880.0
25,Street Speed Hump Menu (2024),ON S WHIPPLE ST FROM W 27TH ST (2700 S) TO W 28TH ST (2800 S),"$2,440.00",2440.0
25,Street Speed Hump Menu (2024),ON W 17TH ST FROM S UNION AVE (700 W) TO S HALSTED ST (800 W),"$2,440.00",2440.0
25,Street Speed Hump Menu (2024),ON W 21ST ST FROM S OAKLEY AVE (2300 W) TO S WESTERN AVE (2400 W); 2321 W 21ST ST,"$4,700.00",4700.0
25,Street Speed Hump Menu (2024),ON W 24TH ST FROM 2498 W TO S WESTERN AVE (2400 W),"$4,880.00",4880.0
25,Street Speed Hump Menu (2024),ON W 28TH ST FROM S SACRAMENTO AVE (3000 W) TO S WHIPPLE ST (3030 W),"$2,440.00",2440.0
25,Street Speed Hump Menu (2024),ON W CULLERTON ST FROM S HOYNE AVE (2100 W) TO S LEAVITT ST (2200 W),"$2,440.00",2440.0
25,Street Speed Hump Replacement (2024),ON S DESPLAINES ST FROM S CANALPORT AVE (1920 S) TO W 21ST ST (2100 S),$0.00,0.0
25,Street Speed Hump Replacement (2024),ON W 18TH PL FROM S ASHLAND AVE (1600 W) TO S PAULINA ST (1700 W),$0.00,0.0
25,Street Speed Hump Replacement (2024),ON W 18TH PL FROM S DAMEN AVE (2000 W) TO S HOYNE AVE (2100 W),$0.00,0.0
25,Street Speed Hump Replacement (2024),ON W 21ST ST FROM S ROCKWELL ST (2600 W) TO S CALIFORNIA AVE (2800 W),$0.00,0.0
25,Traffic,S MORGAN ST & W CERMAK RD,$0.00,0.0
26,Alley Apron Menu (2024),1842 N KARLOV AVE,"$23,761.38",23761.38
26,Alley Apron Menu (2024),3122 W HOMER ST,"$13,532.50",13532.5
26,Alley Apron Menu (2024),3544 W MCLEAN AVE,"$17,685.76",17685.76
26,Alley Apron Menu (2024),4257 W ARMITAGE AVE,"$18,775.00",18775.0
26,Alley Apron Menu (2024),4742 W DICKENS AVE,"$18,360.43",18360.43
26,Alley Resurfacing Menu (2024),1448 N KEDZIE AVE; N KEDZIE AVE & W LE MOYNE ST&W BEACH AVE & N SPAULDING AVE,"$58,782.38",58782.38
26,Alley Resurfacing Menu (2024),1636 N MONTICELLO AVE; N MONTICELLO AVE & W WABANSIA AVE&W NORTH AVE & N,"$20,375.39",20375.39
26,Alley Resurfacing Menu (2024),LAWNDALE AVE 1715 N PULASKI RD; N PULASKI RD & W WABANSIA AVE&W WABANSIA AVE & N HARDING,"$50,674.50",50674.5
26,Alley Resurfacing Menu (2024),AVE 1800 N KARLOV AVE; N KARLOV AVE & W CORTLAND ST&W CORTLAND ST & N KEDVALE,"$50,161.15",50161.15
26,Alley Resurfacing Menu (2024),AVE 1828 N CENTRAL PARK AVE; N MONTICELLO AVE & W CORTLAND ST&W CORTLAND ST & N,"$35,813.68",35813.68
26,Alley Resurfacing Menu (2024),CENTRAL PARK AVE 2019 N KARLOV AVE; N KARLOV AVE & W DICKENS AVE&W ARMITAGE AVE & N KEYSTONE,"$54,784.25",54784.25
26,Alley Resurfacing Menu (2024),AVE 2049 N KILPATRICK AVE; N KILPATRICK AVE & W MCLEAN AVE&W DICKENS AVE & N KILPATRICK AVE,"$64,510.77",64510.77
26,Alley Resurfacing Menu (2024),2218 N LAMON AVE; N LAMON AVE & W BELDEN AVE&W PALMER ST & N LAPORTE AVE,"$43,039.74",43039.74
26,Alley Resurfacing Menu (2024),2559 W DIVISION ST; W DIVISION ST & N ROCKWELL ST&N CAMPBELL AVE & W HADDON,"$15,860.85",15860.85
26,Alley Resurfacing Menu (2024),AVE 2704 W NORTH AVE; W NORTH AVE & N FAIRFIELD AVE&N WASHTENAW AVE & W,"$31,639.79",31639.79
26,Alley Resurfacing Menu (2024),WABANSIA AVE 3560 W MCLEAN AVE; W MCLEAN AVE & N CENTRAL PARK AVE&N DRAKE AVE & W,"$27,979.24",27979.24
26,Alley Resurfacing Menu (2024),DICKENS AVE N FAIRFIELD AVE & W NORTH AVE&W LE MOYNE ST & N CALIFORNIA AVE; 1534 N FAIRFIELD AVE,"$28,026.75",28026.75
26,Alley Resurfacing Menu (2024),N LAPORTE AVE & W DICKENS AVE&W ARMITAGE AVE & N LAMON AVE; 2021 N LAPORTE,"$49,172.33",49172.33
26,Alley Resurfacing Menu (2024),AVE N LECLAIRE AVE & W PALMER ST&W DICKENS AVE & N LEAMINGTON AVE; 2152 N,"$49,852.14",49852.14
26,Alley Resurfacing Menu (2024),LECLAIRE AVE N MOZART ST & W BLOOMINGDALE AVE&W WABANSIA AVE & N CALIFORNIA AVE; 1701 N,"$21,012.34",21012.34
26,Alley Resurfacing Menu (2024),MOZART ST N MOZART ST & W CORTLAND ST&W BLOOMINGDALE AVE & N CALIFORNIA AVE; 1855 N MOZART ST,"$27,097.42",27097.42
26,Alley Resurfacing Menu (2024),N MOZART ST & W WABANSIA AVE&W NORTH AVE & N FRANCISCO AVE; 1658 N MOZART ST,"$53,560.20",53560.2
26,Alley Speed Hump Menu (2024),N AVERS AVE & W NORTH AVE&W LE MOYNE ST & N SPRINGFIELD AVE,"$2,175.00",2175.0
26,Alley Speed Hump Menu (2024),N HUMBOLDT BLVD & W WABANSIA AVE&W NORTH AVE & N WHIPPLE ST,"$2,175.00",2175.0
26,Alley Speed Hump Menu (2024),W MCLEAN AVE & N KILPATRICK AVE&N KILPATRICK AVE & W DICKENS AVE; 4610 W MCLEAN AVE,"$2,175.00",2175.0
26,Alley Speed Hump Replacement (2024),1448 N KEDZIE AVE; N KEDZIE AVE & W LE MOYNE ST&W BEACH AVE & N SPAULDING AVE,$0.00,0.0
26,Alley Speed Hump Replacement (2024),1636 N MONTICELLO AVE; N MONTICELLO AVE & W WABANSIA AVE&W NORTH AVE & N,$0.00,0.0
26,Alley Speed Hump Replacement (2024),LAWNDALE AVE 1715 N PULASKI RD; N PULASKI RD & W WABANSIA AVE&W WABANSIA AVE & N HARDING,$0.00,0.0
26,Alley Speed Hump Replacement (2024),AVE 1800 N KARLOV AVE; N KARLOV AVE & W CORTLAND ST&W CORTLAND ST & N KEDVALE,$0.00,0.0
26,Alley Speed Hump Replacement (2024),AVE 2021 N LAPORTE AVE; N LAPORTE AVE & W DICKENS AVE&W ARMITAGE AVE & N LAMON,$0.00,0.0
26,Alley Speed Hump Replacement (2024),AVE 2049 N KILPATRICK AVE; N KILPATRICK AVE & W MCLEAN AVE&W DICKENS AVE & N,$0.00,0.0
26,Alley Speed Hump Replacement (2024),KILPATRICK AVE 2559 W DIVISION ST; W DIVISION ST & N ROCKWELL ST&N CAMPBELL AVE & W HADDON,$0.00,0.0
26,Alley Speed Hump Replacement (2024),AVE 2704 W NORTH AVE; W NORTH AVE & N FAIRFIELD AVE&N WASHTENAW AVE & W WABANSIA AVE,$0.00,0.0
26,Alley Speed Hump Replacement (2024),N LAMON AVE & W BELDEN AVE&W PALMER ST & N LAPORTE AVE; 2218 N LAMON AVE,$0.00,0.0
26,Alley Speed Hump Replacement (2024),N LECLAIRE AVE & W PALMER ST&W DICKENS AVE & N LEAMINGTON AVE; 2152 N,$0.00,0.0
26,Alley Speed Hump Replacement (2024),LECLAIRE AVE N MOZART ST & W CORTLAND ST&W BLOOMINGDALE AVE & N CALIFORNIA AVE; 1855 N MOZART ST,$0.00,0.0
26,Alley Speed Hump Replacement (2024),N MOZART ST & W WABANSIA AVE&W NORTH AVE & N FRANCISCO AVE; 1658 N MOZART ST,$0.00,0.0
26,Alley Speed Hump Replacement (2024),W ARMITAGE AVE & N ST LOUIS AVE&N DRAKE AVE & W CORTLAND ST,$0.00,0.0
26,Concrete Alley Menu (2024),2113 N CICERO AVE; N CICERO AVE & W SHAKESPEARE AVE&W DICKENS AVE & N KILPATRICK AVE,"$94,893.66",94893.66
26,Curb & Gutter Menu (2024),2750 W NORTH AVE,"$5,554.97",5554.97
26,Karlov Avenue. Pedestrian Refuge Island Menu (2024),N HUMBOLDT BLVD & W WABANSIA AVE,"$75,000.00",75000.0
26,Mural project at the viaduct on the 1800 block of north,1800 N KARLOV AVE,"$9,431.65",9431.65
26,Sidewalk Menu (2024),1100 N FRANCISCO AVE,"$28,904.62",28904.62
26,Sidewalk Menu (2024),1654 N SPRINGFIELD AVE,"$1,039.86",1039.86
26,Sidewalk Menu (2024),1731 N ALBANY AVE,"$3,687.29",3687.29
26,Sidewalk Menu (2024),1803 N KEDVALE AVE,"$5,551.92",5551.92
26,Sidewalk Menu (2024),1847 N MOZART ST,"$3,915.13",3915.13
26,Sidewalk Menu (2024),1922 N LOWELL AVE,"$6,006.29",6006.29
26,Sidewalk Menu (2024),2034-2040 N LAMON AVE,"$12,632.10",12632.1
26,Sidewalk Menu (2024),2049-2053 N KILPATRICK AVE,"$11,859.51",11859.51
26,Sidewalk Menu (2024),2054 N KOSTNER AVE,"$16,847.19",16847.19
26,Sidewalk Menu (2024),2057 N KENNETH AVE,"$14,719.10",14719.1
26,Sidewalk Menu (2024),2118-2122 N LAMON AVE; 2116 N LAMON AVE,"$13,280.45",13280.45
26,Sidewalk Menu (2024),2140 N KOSTNER AVE,"$3,535.74",3535.74
26,Sidewalk Menu (2024),2255 N LARAMIE AVE,"$5,955.78",5955.78
26,Sidewalk Menu (2024),3841 W LE MOYNE ST,"$23,507.89",23507.89
26,Street Bump Outs Menu (2024),N CENTRAL PARK AVE & W PIERCE AVE,"$13,021.63",13021.63
26,Street Bump Outs Menu (2024),W BLOOMINGDALE AVE & N ALBANY AVE,"$16,478.28",16478.28
26,Street Resurfacing Menu (2024),ON N KENNETH AVE FROM W CORTLAND ST (1900 N) TO W ARMITAGE AVE (2000 N),"$59,860.56",59860.56
26,Street Resurfacing Menu (2024),ON N LA CROSSE AVE FROM W PALMER ST (2200 N) TO W BELDEN AVE (2300 N),"$50,987.61",50987.61
26,Street Resurfacing Menu (2024),ON N LAMON AVE FROM W DICKENS AVE (2100 N) TO W PALMER ST (2200 N),"$58,931.93",58931.93
26,Street Resurfacing Menu (2024),ON N MOZART ST FROM W NORTH AVE (1600 N) TO W WABANSIA AVE (1700 N),"$63,759.05",63759.05
26,Street Resurfacing Menu (2024),ON N ST LOUIS AVE FROM W BLOOMINGDALE AVE (1759 N) TO W CORTLAND ST (1900 N),"$64,765.42",64765.42
26,Street Speed Hump Menu (2024),ON N KEELER AVE FROM W NORTH AVE (1600 N) TO W WABANSIA AVE (1700 N),"$4,880.00",4880.0
26,Street Speed Hump Menu (2024),ON N SAWYER AVE FROM W CORTLAND ST (1900 N) TO W ARMITAGE AVE (2000 N),"$4,880.00",4880.0
26,Street Speed Hump Menu (2024),ON W BLOOMINGDALE AVE FROM N HUMBOLDT BLVD W (3000 W) TO N KEDZIE AVE (3200 W),"$7,320.00",7320.0
26,Street Speed Hump Menu (2024),ON W HIRSCH ST FROM N KEDZIE AVE (3200 W) TO N SPAULDING AVE (3300 W),"$4,880.00",4880.0
26,Street Speed Hump Menu (2024),ON W PALMER ST FROM N LECLAIRE AVE (5100 W) TO N LARAMIE AVE (5200 W),"$4,880.00",4880.0
26,Street Speed Hump Replacement (2024),ON N KENNETH AVE FROM W CORTLAND ST (1900 N) TO W ARMITAGE AVE (2000 N),$0.00,0.0
26,Street Speed Hump Replacement (2024),ON N LAMON AVE FROM W DICKENS AVE (2100 N) TO W PALMER ST (2200 N),$0.00,0.0
26,Street Speed Hump Replacement (2024),ON N ST LOUIS AVE FROM W BLOOMINGDALE AVE (1759 N) TO W CORTLAND ST (1900 N),$0.00,0.0
27,ADA - Alley Resurfacing Menu (2024),W IMLAY ST & N MILWAUKEE AVE&N NASHVILLE AVE & W DEVON AVE,"$7,245.00",7245.0
27,Alley Resurfacing Menu (2024),214 S WOOD ST; S WOOD ST & W JACKSON BLVD&W ADAMS ST & S HONORE ST,"$18,369.18",18369.18
27,Alley Resurfacing Menu (2024),W CARROLL AVE & N DAMEN AVE&N WOLCOTT AVE & W FULTON ST; 1901 W CARROLL AVE,"$36,198.77",36198.77
27,Alley Resurfacing Menu (2024),W CHICAGO AVE & N MAY ST&N OGDEN AVE & W CHICAGO AVE; 1129 W CHICAGO AVE,"$38,145.50",38145.5
27,Alley Resurfacing Menu (2024),W IMLAY ST & N MILWAUKEE AVE&N NASHVILLE AVE & W DEVON AVE,"$32,383.72",32383.72
27,Bollard Menu (2024),850 N MILWAUKEE AVE,"$2,801.90",2801.9
27,Miscellaneous CDOT Projects (2024),1500 N CLYBOURN AVE,"$47,936.94",47936.94
27,Pavement Markings Menu (2024),W DIVISION ST & N CROSBY ST,"$1,000.00",1000.0
27,Sidewalk Menu (2024),ON W FULTON ST FROM N FRANCISCO AVE (2900 W) TO N SACRAMENTO BLVD (3000 W),"$64,416.40",64416.4
27,Street Bump Outs Menu (2024),W JACKSON BLVD & S THROOP ST,"$10,468.94",10468.94
27,Street Light Pole for High Definition Camera Menu (2024),W MAYPOLE AVE & N PAULINA ST,"$3,000.00",3000.0
27,Street Resurfacing Menu (2024),ON N ALBANY AVE FROM W HURON ST (700 N) TO W CHICAGO AVE (800 N),"$53,904.04",53904.04
27,Street Resurfacing Menu (2024),ON N LAWNDALE AVE FROM W IOWA ST (900 N) TO W THOMAS ST (1100 N),"$120,709.55",120709.55
27,Street Resurfacing Menu (2024),ON N MOHAWK ST FROM N CLYBOURN AVE (1300 N) TO W BLACKHAWK ST (1500 N),"$139,708.00",139708.0
27,Street Resurfacing Menu (2024),ON N PEORIA ST FROM W GRAND AVE (500 N) TO W OHIO ST (600 N),"$26,720.31",26720.31
27,Street Resurfacing Menu (2024),ON N RIDGEWAY AVE FROM W IOWA ST (900 N) TO W DIVISION ST (1200 N),"$190,549.57",190549.57
27,Street Resurfacing Menu (2024),ON N SANGAMON ST FROM W ANCONA ST (660 N) TO W CHICAGO AVE (800 N),"$88,623.43",88623.43
27,Street Resurfacing Menu (2024),ON S CAMPBELL AVE FROM W MADISON ST (0 S) TO W JACKSON BLVD (300 S),"$145,096.56",145096.56
27,Street Resurfacing Menu (2024),ON S HAMILTON AVE FROM W TAYLOR ST (1000 S) TO W ROOSEVELT RD (1200 S),"$101,702.54",101702.54
27,Street Resurfacing Menu (2024),ON S MARSHFIELD AVE FROM W POLK ST (800 S) TO W TAYLOR ST (1000 S),"$85,844.89",85844.89
27,Street Resurfacing Menu (2024),ON W ANCONA ST FROM N GREEN ST (830 W) TO N SANGAMON ST (940 W),"$68,233.65",68233.65
27,Street Resurfacing Menu (2024),ON W HURON ST FROM N GREEN ST (830 W) TO N SANGAMON ST (928 W),"$72,883.65",72883.65
27,Street Resurfacing Menu (2024),ON W MAYPOLE AVE FROM N TALMAN AVE (2630 W) TO N CALIFORNIA AVE (2800 W),"$99,525.57",99525.57
27,Street Resurfacing Menu (2024),ON W MONTICELLO AVE FROM W IOWA ST (900 N) TO W THOMAS ST (1100 N),"$25,472.76",25472.76
27,Street Speed Hump Menu (2024),ON N FRANCISCO AVE FROM W MADISON ST (0 S) TO W WASHINGTON BLVD (100 N),"$4,880.00",4880.0
27,Street Speed Hump Menu (2024),ON N MOHAWK ST FROM N CLYBOURN AVE (1300 N) TO W BLACKHAWK ST (1500 N),"$9,299.12",9299.12
27,Street Speed Hump Menu (2024),ON S HAMILTON AVE FROM W TAYLOR ST (1000 S) TO W ROOSEVELT RD (1200 S),"$4,880.00",4880.0
27,Street Speed Hump Replacement (2024),ON N LAWNDALE AVE FROM W IOWA ST (900 N) TO W THOMAS ST (1100 N),$0.00,0.0
27,Street Speed Hump Replacement (2024),ON N PEORIA ST FROM W GRAND AVE (500 N) TO W OHIO ST (600 N),$0.00,0.0
27,Street Speed Hump Replacement (2024),ON N RIDGEWAY AVE FROM W IOWA ST (900 N) TO W DIVISION ST (1200 N),$0.00,0.0
27,Street Speed Hump Replacement (2024),ON S CAMPBELL AVE FROM W MADISON ST (0 S) TO W JACKSON BLVD (300 S),$0.00,0.0
27,Street Speed Hump Replacement (2024),ON W MAYPOLE AVE FROM N TALMAN AVE (2630 W) TO N CALIFORNIA AVE (2800 W),$0.00,0.0
27,Street Speed Hump Replacement (2024),ON W MONTICELLO AVE FROM W IOWA ST (900 N) TO W THOMAS ST (1100 N),$0.00,0.0
28,Alley Resurfacing Menu (2024),1545 W TAYLOR ST; W TAYLOR ST & S ASHLAND AVE&S LAFLIN ST & W FILLMORE ST,"$17,518.26",17518.26
28,Alley Resurfacing Menu (2024),616 S WESTERN AVE; S WESTERN AVE & W HARRISON ST&W FLOURNOY ST & S CAMPBELL AVE,"$8,450.13",8450.13
28,Alley Resurfacing Menu (2024),W CARROLL AVE & N KILBOURN AVE&N KOSTNER AVE & W LAKE ST; 4441 W CARROLL AVE,"$42,117.38",42117.38
28,Alley Resurfacing Menu (2024),W FILLMORE ST & S LOOMIS ST&S LAFLIN ST & W ROOSEVELT RD; 1425 W FILLMORE ST,"$36,581.54",36581.54
28,Alley Resurfacing Menu (2024),W FULTON BLVD & N HOMAN AVE&N ST LOUIS AVE & W CARROLL AVE,"$33,339.32",33339.32
28,Alley Resurfacing Menu (2024),W FULTON BLVD & N KEDZIE AVE&N HOMAN AVE & W CARROLL AVE,"$92,958.35",92958.35
28,Alley Resurfacing Menu (2024),W GLADYS AVE & S PULASKI RD&S SPRINGFIELD AVE & W VAN BUREN ST,"$41,511.33",41511.33
28,Alley Resurfacing Menu (2024),W JACKSON BLVD & S KILDARE AVE&S KOSTNER AVE & W ADAMS ST,"$31,440.10",31440.1
28,Alley Resurfacing Menu (2024),W LEXINGTON ST & S WESTERN AVE&S CAMPBELL AVE & W POLK ST,"$44,521.04",44521.04
28,Alley Resurfacing Menu (2024),W POLK ST & S WESTERN AVE&S CAMPBELL AVE & W ARTHINGTON ST,"$14,304.61",14304.61
28,Alley Resurfacing Menu (2024),W WASHINGTON BLVD & N CICERO AVE&N LAMON AVE & W WEST END AVE,"$45,404.79",45404.79
28,Alley Resurfacing Menu (2024),W WEST END AVE & N KOSTNER AVE&N KENNETH AVE & W MAYPOLE AVE,"$70,227.52",70227.52
28,Alley Speed Hump Menu (2024),W CARROLL AVE & N KOSTNER AVE&N KILBOURN AVE & W LAKE ST,"$1,450.00",1450.0
28,Alley Speed Hump Replacement (2024),1425 W FILLMORE ST; W FILLMORE ST & S LOOMIS ST&S LAFLIN ST & W ROOSEVELT RD,$0.00,0.0
28,Alley Speed Hump Replacement (2024),1545 W TAYLOR ST; W TAYLOR ST & S ASHLAND AVE&S LAFLIN ST & W FILLMORE ST,$0.00,0.0
28,Alley Speed Hump Replacement (2024),616 S WESTERN AVE; S WESTERN AVE & W HARRISON ST&W FLOURNOY ST & S CAMPBELL AVE,$0.00,0.0
28,Alley Speed Hump Replacement (2024),W FULTON BLVD & N HOMAN AVE&N ST LOUIS AVE & W CARROLL AVE,$0.00,0.0
28,Alley Speed Hump Replacement (2024),W FULTON BLVD & N KEDZIE AVE&N HOMAN AVE & W CARROLL AVE,$0.00,0.0
28,Alley Speed Hump Replacement (2024),W GLADYS AVE & S PULASKI RD&S SPRINGFIELD AVE & W VAN BUREN ST,$0.00,0.0
28,Alley Speed Hump Replacement (2024),W JACKSON BLVD & S KILDARE AVE&S KOSTNER AVE & W ADAMS ST,$0.00,0.0
28,Alley Speed Hump Replacement (2024),W LEXINGTON ST & S WESTERN AVE&S CAMPBELL AVE & W POLK ST,$0.00,0.0
28,Alley Speed Hump Replacement (2024),W POLK ST & S WESTERN AVE&S CAMPBELL AVE & W ARTHINGTON ST,$0.00,0.0
28,Alley Speed Hump Replacement (2024),W WASHINGTON BLVD & N CICERO AVE&N LAMON AVE & W WEST END AVE,$0.00,0.0
28,Alley Speed Hump Replacement (2024),W WEST END AVE & N KOSTNER AVE&N KENNETH AVE & W MAYPOLE AVE,$0.00,0.0
28,Bollard Menu (2024),3322 W GLADYS AVE,"$1,786.94",1786.94
28,Bollard Menu (2024),W OGDEN AVE & W POLK ST,"$1,786.94",1786.94
28,Curb & Gutter Menu (2024),4844 W WASHINGTON BLVD,"$100,000.00",100000.0
28,Floodlight Menu (2024),ON W CARROLL AVE FROM N KILPATRICK AVE (4700 W) TO N CICERO AVE (4800 W),$950.00,950.0
28,Install Helix and Pole for Pod,5000 W GLADYS AVE,"$23,597.06",23597.06
28,Pavement Markings Menu (2024),ON S UNION AVE FROM 1481 S TO W 14TH ST (1400 S),"$3,600.00",3600.0
28,Pavement Markings Menu (2024),ON W CONGRESS PKWY FROM S LOOMIS ST (1400 W) TO S ASHLAND AVE (1600 W),"$2,000.00",2000.0
28,Pavement Markings Menu (2024),W WASHINGTON BLVD & N KOSTNER AVE; W WASHINGTON BLVD & N KILDARE AVE,"$2,700.00",2700.0
28,Sidewalk Menu (2024),ON W MAYPOLE AVE FROM 5140 W TO N LEAMINGTON AVE (5130 W),"$23,096.69",23096.69
28,Street Bump Outs Menu (2024),2121 W HARRISON ST,"$18,769.55",18769.55
28,Street Bump Outs Menu (2024),W WASHINGTON BLVD & N KOSTNER AVE,"$48,000.00",48000.0
28,Street Cul-de-Sac Menu (2024),2440 W WASHBURNE AVE,"$15,778.76",15778.76
28,Street Cul-de-Sac Menu (2024),2900 W TAYLOR ST,"$53,365.08",53365.08
28,Street Resurfacing Menu (2024),N KILPATRICK AVE & W LAKE ST&W FULTON ST & N KILPATRICK AVE,"$17,922.29",17922.29
28,Street Resurfacing Menu (2024),ON N LAVERGNE AVE FROM W WASHINGTON BLVD (100 N) TO W WEST END AVE (150 N),"$37,751.15",37751.15
28,Street Resurfacing Menu (2024),ON S LAFLIN ST FROM 600 S TO W LEXINGTON ST (720 S),"$62,943.02",62943.02
28,Street Resurfacing Menu (2024),ON S SPRINGFIELD AVE FROM W MONROE ST (100 S) TO W WILCOX ST (130 S),"$35,463.12",35463.12
28,Street Resurfacing Menu (2024),ON W FILLMORE ST FROM S THROOP ST (1300 W) TO S LAFLIN ST (1500 W),"$131,559.93",131559.93
28,Street Resurfacing Menu (2024),ON W FLOURNOY ST FROM S WESTERN AVE (2400 W) TO S CAMPBELL AVE (2500 W),"$53,551.73",53551.73
28,Street Resurfacing Menu (2024),ON W GRENSHAW ST FROM S OAKLEY BLVD (2300 W) TO S WESTERN AVE (2400 W),"$72,600.41",72600.41
28,Street Resurfacing Menu (2024),ON W MONROE ST FROM S HAMLIN BLVD (3800 W) TO S PULASKI RD (4000 W),"$125,667.26",125667.26
28,Street Resurfacing Menu (2024),ON W MONROE ST FROM S LAVERGNE AVE (5000 W) TO S LARAMIE AVE (5200 W),"$150,068.71",150068.71
28,Street Resurfacing Menu (2024),S OAKLEY BLVD & W FILLMORE ST,"$17,696.98",17696.98
28,Street Speed Hump Menu (2024),ON S MORGAN ST FROM W ROOSEVELT RD (1200 S) TO W 16TH ST (1600 S),"$19,520.00",19520.0
28,Street Speed Hump Replacement (2024),ON N LAVERGNE AVE FROM W WASHINGTON BLVD (100 N) TO W WEST END AVE (150 N),$0.00,0.0
28,Street Speed Hump Replacement (2024),ON S SPRINGFIELD AVE FROM W MONROE ST (100 S) TO W WILCOX ST (130 S),$0.00,0.0
28,Street Speed Hump Replacement (2024),ON W FILLMORE ST FROM S THROOP ST (1300 W) TO S LAFLIN ST (1500 W),$0.00,0.0
28,Street Speed Hump Replacement (2024),ON W MONROE ST FROM S HAMLIN BLVD (3800 W) TO S PULASKI RD (4000 W),$0.00,0.0
28,Street Speed Hump Replacement (2024),ON W MONROE ST FROM S LAVERGNE AVE (5000 W) TO S LARAMIE AVE (5200 W),$0.00,0.0
29,Alley Resurfacing Menu (2024),1734 N NEW ENGLAND AVE; N NEW ENGLAND AVE & W WABANSIA AVE&W BLOOMINGDALE AVE & N NEWLAND AVE,"$38,114.60",38114.6
29,Alley Resurfacing Menu (2024),N MASSASOIT AVE & W CHICAGO AVE&W IOWA ST & N WALLER AVE,"$35,084.03",35084.03
29,Alley Resurfacing Menu (2024),N NASHVILLE AVE & W BLOOMINGDALE AVE&W WABANSIA AVE & N NATCHEZ AVE,"$39,857.00",39857.0
29,Alley Resurfacing Menu (2024),N OAK PARK AVE & W BLOOMINGDALE AVE&W CORTLAND ST & N NEWCASTLE AVE; 1858 N OAK PARK AVE,"$36,229.67",36229.67
29,Alley Resurfacing Menu (2024),N PARKSIDE AVE & W WABANSIA AVE; N MAJOR AVE & W BLOOMINGDALE AVE,"$31,730.17",31730.17
29,Alley Resurfacing Menu (2024),N WALLER AVE & W DIVISION ST&W POTOMAC AVE & N PARKSIDE AVE; 1255 N WALLER,"$29,973.49",29973.49
29,Alley Resurfacing Menu (2024),AVE S LAVERGNE AVE & W JACKSON BLVD&W GLADYS AVE & S CICERO AVE; 4847 W JACKSON BLVD; 315 S LAVERGNE AVE,"$71,803.46",71803.46
29,Alley Resurfacing Menu (2024),S MAYFIELD AVE & W MADISON ST&W ADAMS BLVD & S MASON AVE; 106 S MAYFIELD AVE,"$72,038.71",72038.71
29,Alley Resurfacing Menu (2024),W BLOOMINGDALE AVE & N MENARD AVE&N CENTRAL AVE & W WABANSIA AVE,"$49,710.16",49710.16
29,Alley Resurfacing Menu (2024),W BLOOMINGDALE AVE & N NATCHEZ AVE&N NAGLE AVE & W WABANSIA AVE; 1713 N,"$36,491.17",36491.17
29,Alley Resurfacing Menu (2024),NATCHEZ AVE W CONGRESS PKWY & S LOTUS AVE&S CENTRAL AVE & W HARRISON ST; 5525 W CONGRESS PKWY,"$48,789.57",48789.57
29,Alley Resurfacing Menu (2024),W IOWA ST & N AUSTIN BLVD&N MAYFIELD AVE & W WALTON ST,"$28,861.07",28861.07
29,Alley Resurfacing Menu (2024),W IOWA ST & N MAYFIELD AVE&N AUSTIN BLVD & W RICE ST,"$28,675.66",28675.66
29,Alley Resurfacing Menu (2024),W NORTH AVE & N NEWCASTLE AVE&N NEW ENGLAND AVE & W WABANSIA AVE,"$24,473.20",24473.2
29,Alley Resurfacing Menu (2024),W NORTH AVE & N WALLER AVE&N PARKSIDE AVE & W LE MOYNE ST,"$60,448.68",60448.68
29,Alley Resurfacing Menu (2024),W WALTON ST & N AUSTIN BLVD&N MAYFIELD AVE & W AUGUSTA BLVD,"$28,799.27",28799.27
29,Alley Speed Hump Replacement (2024),1713 N NATCHEZ AVE; W BLOOMINGDALE AVE & N NATCHEZ AVE&N NAGLE AVE & W WABANSIA AVE,$0.00,0.0
29,Alley Speed Hump Replacement (2024),N MAJOR AVE & W BLOOMINGDALE AVE; N PARKSIDE AVE & W WABANSIA AVE,$0.00,0.0
29,Alley Speed Hump Replacement (2024),N MASSASOIT AVE & W CHICAGO AVE&W IOWA ST & N WALLER AVE,$0.00,0.0
29,Alley Speed Hump Replacement (2024),N NASHVILLE AVE & W BLOOMINGDALE AVE&W WABANSIA AVE & N NATCHEZ AVE,$0.00,0.0
29,Alley Speed Hump Replacement (2024),S LAVERGNE AVE & W JACKSON BLVD&W GLADYS AVE & S CICERO AVE; 4847 W JACKSON BLVD; 315 S LAVERGNE AVE,$0.00,0.0
29,Alley Speed Hump Replacement (2024),S MAYFIELD AVE & W MADISON ST&W ADAMS BLVD & S MASON AVE; 106 S MAYFIELD AVE,$0.00,0.0
29,Alley Speed Hump Replacement (2024),W BLOOMINGDALE AVE & N MENARD AVE&N CENTRAL AVE & W WABANSIA AVE,$0.00,0.0
29,Alley Speed Hump Replacement (2024),W CONGRESS PKWY & S LOTUS AVE&S CENTRAL AVE & W HARRISON ST; 5525 W CONGRESS PKWY,$0.00,0.0
29,Alley Speed Hump Replacement (2024),W NORTH AVE & N PARKSIDE AVE&N WALLER AVE & W LE MOYNE ST,$0.00,0.0
29,Bollard Menu (2024),10 S MENARD AVE; ON S MENARD AVE FROM 10 S TO W MADISON ST (0 S),"$1,344.94",1344.94
29,Bollard Menu (2024),7101 W BELMONT AVE,"$5,702.79",5702.79
29,Bollard Menu (2024),S MENARD AVE & W MADISON ST,"$1,786.94",1786.94
29,Curb & Gutter Menu (2024),2522 N NEVA AVE,"$10,811.62",10811.62
29,Curb & Gutter Menu (2024),5245 W QUINCY ST,"$9,874.73",9874.73
29,Miscellaneous CDOT Projects (2024),1201 N MENARD AVE,$660.00,660.0
29,Miscellaneous CDOT Projects (2024),5000 W GLADYS AVE,$660.00,660.0
29,Miscellaneous CDOT Projects (2024),5936 W LAKE ST,"$3,700.00",3700.0
29,Miscellaneous CDOT Projects (2024),N AUSTIN BLVD & W WASHINGTON BLVD; S AUSTIN BLVD & W ADAMS BLVD; W MADISON ST & N MENARD AVE; N PARKSIDE AVE & W LAKE ST; N MENARD AVE & W RACE AVE; W MADISON ST & N LARAMIE AVE; W ROOSEVELT RD & S MASON AVE; N CENTRAL PARK AVE & W DICKENS AVE; N AUSTIN AVE & W DICKENS AVE,"$130,000.00",130000.0
29,Miscellaneous CDOT Projects (2024),ON W DIVISION ST FROM N CENTRAL AVE (5600 W) TO N AUSTIN BLVD (6000 W),"$25,900.00",25900.0
29,Miscellaneous CDOT Projects (2024),W DIVISION ST & N MENARD AVE,"$3,700.00",3700.0
29,Pavement Markings Menu (2024),ON W FLOURNOY ST FROM S LOTUS AVE (5500 W) TO S CENTRAL AVE (5600 W),$600.00,600.0
29,Sidewalk Menu (2024),1600 N NEW ENGLAND AVE,"$24,412.51",24412.51
29,Sidewalk Menu (2024),1645 N NORMANDY AVE,"$5,926.38",5926.38
29,Sidewalk Menu (2024),1700 N NARRAGANSETT AVE,"$11,691.43",11691.43
29,Sidewalk Menu (2024),1755 N NEW ENGLAND AVE,"$12,601.72",12601.72
29,Sidewalk Menu (2024),1958 N NATOMA AVE,"$6,421.72",6421.72
29,Sidewalk Menu (2024),5070 W HARRISON ST,"$11,072.63",11072.63
29,Sidewalk Menu (2024),5074 W FLOURNOY ST,"$14,299.65",14299.65
29,Sidewalk Menu (2024),5444 W JACKSON BLVD,"$1,327.93",1327.93
29,Sidewalk Menu (2024),5801 W MADISON ST,$861.92,861.92
29,Sidewalk Menu (2024),5825 W ARTHINGTON ST,"$28,791.88",28791.88
29,Sidewalk Menu (2024),7035 W SCHOOL ST,"$6,285.12",6285.12
29,Sidewalk Menu (2024),ON S MASON AVE FROM W ARTHINGTON ST (1000 S) TO W FILLMORE ST (1100 S); 1002 S MASON AVE,"$33,588.08",33588.08
29,Street Resurfacing Menu (2024),ON N OCONTO AVE FROM W BELMONT AVE (3200 N) TO W SCHOOL ST (3300 N),"$59,938.53",59938.53
29,Street Resurfacing Menu (2024),ON N OCTAVIA AVE FROM W BARRY AVE (3100 N) TO W BELMONT AVE (3200 N),"$57,345.43",57345.43
29,Street Resurfacing Menu (2024),ON N OSCEOLA AVE FROM W BELMONT AVE (3200 N) TO W SCHOOL ST (3300 N),"$56,487.68",56487.68
29,Street Resurfacing Menu (2024),ON N PARKSIDE AVE FROM W IOWA ST (900 N) TO W AUGUSTA BLVD (1000 N),"$52,471.75",52471.75
29,Street Resurfacing Menu (2024),ON N PARKSIDE AVE FROM W NORTH AVE (1600 N) TO W WABANSIA AVE (1700 N),"$48,531.25",48531.25
29,Street Resurfacing Menu (2024),ON S LOTUS AVE FROM W VAN BUREN ST (400 S) TO W CONGRESS PKWY (500 S),"$34,234.55",34234.55
29,Street Resurfacing Menu (2024),ON W VAN BUREN ST FROM S LAVERGNE AVE (5000 W) TO S LEAMINGTON AVE (5100 W),"$99,377.86",99377.86
29,Street Speed Hump Menu (2024),ON N MASON AVE FROM W HIRSCH ST (1400 N) TO W NORTH AVE (1600 N),"$9,760.00",9760.0
29,Street Speed Hump Menu (2024),ON N NORMANDY AVE FROM W BLOOMINGDALE AVE (1800 N) TO W CORTLAND ST (1900 N),"$4,880.00",4880.0
29,Street Speed Hump Menu (2024),ON N PARKSIDE AVE FROM 1726 N TO W NORTH AVE (1600 N),"$7,320.00",7320.0
29,Street Speed Hump Menu (2024),ON N PARKSIDE AVE FROM W AUGUSTA BLVD (1000 N) TO W THOMAS ST (1100 N),"$4,880.00",4880.0
29,Street Speed Hump Menu (2024),ON S LOTUS AVE FROM W JACKSON BLVD (300 S) TO W GLADYS AVE (330 S),"$2,440.00",2440.0
29,Street Speed Hump Menu (2024),ON W ALTGELD ST FROM N NORDICA AVE (7100 W) TO N NEVA AVE (7160 W),"$4,880.00",4880.0
29,Street Speed Hump Menu (2024),ON W WABANSIA AVE FROM N CENTRAL AVE (5600 W) TO N MAJOR AVE (5700 W),"$4,880.00",4880.0
29,Street Speed Hump Replacement (2024),ON N OCONTO AVE FROM W BELMONT AVE (3200 N) TO W SCHOOL ST (3300 N),$0.00,0.0
29,Street Speed Hump Replacement (2024),ON N OCTAVIA AVE FROM W BARRY AVE (3100 N) TO W BELMONT AVE (3200 N),$0.00,0.0
29,Street Speed Hump Replacement (2024),ON N PARKSIDE AVE FROM W AUGUSTA BLVD (1000 N) TO W IOWA ST (900 N),$0.00,0.0
29,Street Speed Hump Replacement (2024),ON N WALLER AVE FROM W LE MOYNE ST (1500 N) TO W NORTH AVE (1600 N),$0.00,0.0
30,(2024) Miscellaneous CDOT Projects (2024),3425 N MAJOR AVE,"$3,700.00",3700.0
30,ADA - Alley Resurfacing Menu (2024),3401 N AVERS AVE; N AVERS AVE & W ROSCOE ST&W CORNELIA AVE & N HAMLIN AVE,"$7,245.00",7245.0
30,Alley Apron Menu (2024),2616 N MASON AVE,"$14,614.74",14614.74
30,Alley Apron Menu (2024),5159 W GRACE ST,"$47,528.16",47528.16
30,Alley Apron Menu (2024),6200 W MELROSE ST,"$28,106.51",28106.51
30,Alley Resurfacing Menu (2024),3300 N KENNETH AVE; N KENNETH AVE & W SCHOOL ST&W ROSCOE ST & N KILBOURN AVE,"$43,177.63",43177.63
30,Alley Resurfacing Menu (2024),3401 N AVERS AVE; N AVERS AVE & W ROSCOE ST&W CORNELIA AVE & N HAMLIN AVE,"$35,207.63",35207.63
30,Alley Resurfacing Menu (2024),3600 N TRIPP AVE; N TRIPP AVE & W ADDISON ST&W WAVELAND AVE & N MILWAUKEE AVE,"$31,404.55",31404.55
30,Alley Resurfacing Menu (2024),5701 W CORNELIA AVE; W CORNELIA AVE & N MAJOR AVE&N MENARD AVE & W NEWPORT,"$41,511.33",41511.33
30,Alley Resurfacing Menu (2024),AVE N NARRAGANSETT AVE & W WELLINGTON AVE&W BARRY AVE & N MELVINA AVE; 3001 N,"$20,408.62",20408.62
30,Alley Resurfacing Menu (2024),NARRAGANSETT AVE W PATTERSON AVE & N LOCKWOOD AVE&N LONG AVE & W WAVELAND AVE; 5300 W PATTERSON AVE,"$33,310.74",33310.74
30,Alley Resurfacing Menu (2024),W ROSCOE ST & N LINDER AVE&N CENTRAL AVE & W HENDERSON ST; 5501 W ROSCOE ST,"$34,078.60",34078.6
30,Alley Speed Hump Menu (2024),3302 N KOSTNER AVE,$725.00,725.0
30,Alley Speed Hump Menu (2024),3600 N TRIPP AVE; N TRIPP AVE & W ADDISON ST&W WAVELAND AVE & N MILWAUKEE AVE,$0.00,0.0
30,Alley Speed Hump Menu (2024),N MILWAUKEE AVE & N KEELER AVE; W ADDISON ST & N MILWAUKEE AVE,"$4,350.00",4350.0
30,Alley Speed Hump Menu (2024),W ADDISON ST & N LAVERGNE AVE&N LAMON AVE & W PATTERSON AVE,"$1,450.00",1450.0
30,Alley Speed Hump Menu (2024),W ROSCOE ST & N LINDER AVE&N CENTRAL AVE & W HENDERSON ST; 5501 W ROSCOE ST,$0.00,0.0
30,Alley Speed Hump Replacement (2024),3300 N KENNETH AVE; N KENNETH AVE & W SCHOOL ST&W ROSCOE ST & N KILBOURN AVE,$0.00,0.0
30,Alley Speed Hump Replacement (2024),3401 N AVERS AVE; N AVERS AVE & W ROSCOE ST&W CORNELIA AVE & N HAMLIN AVE,$0.00,0.0
30,Alley Speed Hump Replacement (2024),5701 W CORNELIA AVE; W CORNELIA AVE & N MAJOR AVE&N MENARD AVE & W NEWPORT,$0.00,0.0
30,Alley Speed Hump Replacement (2024),AVE N NARRAGANSETT AVE & W WELLINGTON AVE&W BARRY AVE & N MELVINA AVE; 3001 N NARRAGANSETT AVE,$0.00,0.0
30,Curb & Gutter Menu (2024),2718 N MANGO AVE,"$5,687.76",5687.76
30,Curb & Gutter Menu (2024),6156 W BELMONT AVE,"$48,251.14",48251.14
30,"In-Road ""State Law Stop For Pedestrians"" Sign Menu",W ADDISON ST & N CENTRAL AVE; 5645 W ADDISON ST,$350.00,350.0
30,Miscellaneous CDOT Projects (2024),3638 N PULASKI RD,"$3,700.00",3700.0
30,Miscellaneous CDOT Projects (2024),N PULASKI RD & W ADDISON ST; N MARMORA AVE & W ADDISON ST,"$7,400.00",7400.0
30,Miscellaneous CDOT Projects (2024),W ROSCOE ST & N KENTON AVE,"$7,400.00",7400.0
30,Pavement Markings Menu (2024),ON N LONG AVE FROM W GRACE ST (3800 N) TO W IRVING PARK RD (4000 N),"$175,000.00",175000.0
30,Playground Improvements at William Gray Elementary 30th,3730 N LARAMIE AVE,"$150,000.00",150000.0
30,Sidewalk Menu (2024),2559 N MCVICKER AVE,"$13,781.19",13781.19
30,Sidewalk Menu (2024),2625 N PARKSIDE AVE,"$3,835.38",3835.38
30,Sidewalk Menu (2024),2643 N PARKSIDE AVE,"$7,411.16",7411.16
30,Sidewalk Menu (2024),3036 N MARMORA AVE; ON N MARMORA AVE FROM W WELLINGTON AVE (3000 N) TO W BARRY AVE (3100 N),"$4,920.49",4920.49
30,Sidewalk Menu (2024),3104 N MENARD AVE,"$1,214.92",1214.92
30,Sidewalk Menu (2024),3359 N AUSTIN AVE,"$31,263.66",31263.66
30,Sidewalk Menu (2024),3412 N HAMLIN AVE,"$13,174.07",13174.07
30,Sidewalk Menu (2024),3438 N KILBOURN AVE,"$3,896.16",3896.16
30,Sidewalk Menu (2024),3456 N KILDARE AVE,"$16,281.76",16281.76
30,Sidewalk Menu (2024),3634 N HAMLIN AVE; 3614 N HAMLIN AVE,"$16,129.99",16129.99
30,Sidewalk Menu (2024),3708 W CORNELIA AVE,"$3,335.60",3335.6
30,Sidewalk Menu (2024),4926 W WARWICK AVE,"$3,705.58",3705.58
30,Sidewalk Menu (2024),5100 W GRACE ST,"$19,042.25",19042.25
30,Sidewalk Menu (2024),5215 W MELROSE ST,"$3,705.58",3705.58
30,Sidewalk Menu (2024),5340-5350 W HENDERSON ST,"$8,007.56",8007.56
30,Sidewalk Menu (2024),5412-5414 W SCHOOL ST,"$12,216.00",12216.0
30,Sidewalk Menu (2024),5442 W DAKIN ST; 5458 W DAKIN ST,"$21,910.77",21910.77
30,Sidewalk Menu (2024),5700 W SCHOOL ST,"$11,520.40",11520.4
30,Sidewalk Menu (2024),5722 W HENDERSON ST,"$3,214.71",3214.71
30,Sidewalk Menu (2024),5908 W HENDERSON ST,"$3,721.80",3721.8
30,Sidewalk Menu (2024),6032 W EDDY ST,"$11,308.58",11308.58
30,Sidewalk Menu (2024),6115 W ADDISON ST,"$4,607.90",4607.9
30,Sidewalk Menu (2024),6236 W NEWPORT AVE,"$2,961.86",2961.86
30,Sidewalk Menu (2024),6314 W FLETCHER ST,"$8,254.94",8254.94
30,Sidewalk Menu (2024),ON N HARDING AVE FROM W WAVELAND AVE (3700 N) TO N AVONDALE AVE (3800 N),"$22,867.22",22867.22
30,Sidewalk Menu (2024),ON N PARKSIDE AVE FROM W FULLERTON AVE (2400 N) TO W ALTGELD ST (2500 N),"$28,386.61",28386.61
30,Sidewalk Menu (2024),ON W HENDERSON ST FROM N MOBILE AVE (6300 W) TO N NARRAGANSETT AVE (6400 W); 6300 W HENDERSON ST,"$11,796.11",11796.11
30,Site Improvements at Reinberg Elementary 2024 Menu 30th,3425 N MAJOR AVE,"$4,031.76",4031.76
30,Street Bump Outs Menu (2024),W GRACE ST & N LECLAIRE AVE,"$15,430.60",15430.6
30,Street Light Pole for High Definition Camera Menu (2024),3600 N AVERS AVE; 3807 W ADDISON ST,"$6,000.00",6000.0
30,Street Light Upgrade Menu (2024),2414 N MCVICKER AVE,$500.00,500.0
30,Street Light Upgrade Menu (2024),5100 W WAVELAND AVE,$500.00,500.0
30,Street Light Upgrade Menu (2024),5125 W WARWICK AVE,$500.00,500.0
30,Street Light Upgrade Menu (2024),5904 W SCHOOL ST,$500.00,500.0
30,Street Resurfacing Menu (2024),ON N KENNETH AVE FROM W GRACE ST (3800 N) TO N MILWAUKEE AVE (3742 N),"$30,521.94",30521.94
30,Street Resurfacing Menu (2024),ON N MASON AVE FROM W BARRY AVE (3100 N) TO W BELMONT AVE (3200 N),"$60,959.81",60959.81
30,Street Resurfacing Menu (2024),ON N MEADE AVE FROM W HENDERSON ST (3330 N) TO W ROSCOE ST (3400 N),"$27,155.44",27155.44
30,Street Resurfacing Menu (2024),ON N MONTICELLO AVE FROM W GRACE ST (3800 N) TO W BYRON ST (3900 N),"$50,400.71",50400.71
30,Street Resurfacing Menu (2024),ON W PATTERSON AVE FROM N LAVERGNE AVE (5000 W) TO N LECLAIRE AVE (5100 W); 5000 W PATTERSON AVE,"$53,308.62",53308.62
30,Street Resurfacing Menu (2024),ON W ROSCOE ST FROM N CENTRAL PARK AVE (3600 W) TO N LAWNDALE AVE (3700 W),"$19,109.31",19109.31
30,Street Resurfacing Menu (2024),ON W WARWICK AVE FROM N PULASKI RD (4000 W) TO N KEDVALE AVE (4100 W),"$70,615.29",70615.29
30,Street Speed Hump Menu (2024),ON N HAMLIN AVE FROM W ADDISON ST (3600 N) TO N AVONDALE AVE (3700 N),"$4,880.00",4880.0
30,Street Speed Hump Menu (2024),ON N LONG AVE FROM W GRACE ST (3800 N) TO W IRVING PARK RD (4000 N),"$7,320.00",7320.0
30,Street Speed Hump Menu (2024),ON W GRACE ST FROM N LECLAIRE AVE (5100 W) TO N LARAMIE AVE (5200 W),"$4,880.00",4880.0
30,Street Speed Hump Menu (2024),ON W SCHUBERT AVE FROM N AUSTIN AVE (6000 W) TO N MELVINA AVE (6200 W),"$9,760.00",9760.0
30,Street Speed Hump Menu (2024),ON W WARWICK AVE FROM N LAVERGNE AVE (5000 W) TO N LECLAIRE AVE (5100 W),"$4,880.00",4880.0
30,Street Speed Hump Replacement (2024),ON N MASON AVE FROM W BARRY AVE (3100 N) TO W BELMONT AVE (3200 N),$0.00,0.0
30,Street Speed Hump Replacement (2024),ON W ROSCOE ST FROM N CENTRAL PARK AVE (3600 W) TO N LAWNDALE AVE (3700 W),$0.00,0.0
30,Ward 2024 Menu Sidewalk Menu (2024),2437 N MANGO AVE,"$7,668.56",7668.56
30,Ward Speed Indicator Signs (2024),ON W ADDISON ST FROM N HAMLIN AVE (3800 W) TO N HARDING AVE (3930 W),"$38,620.70",38620.7
31,Alley Apron Menu (2024),2455 N LOWELL AVE,"$15,919.19",15919.19
31,Alley Apron Menu (2024),5400 W SCHUBERT AVE; ON N LONG AVE FROM W SCHUBERT AVE (2700 N) TO W PARKER AVE (2730 N),"$20,676.74",20676.74
31,Alley Apron Menu (2024),ON N KENTON AVE FROM W SCHUBERT AVE (2700 N) TO W PARKER AVE (2740 N),"$1,740.50",1740.5
31,Alley Resurfacing Menu (2024),2300-2358 N KOSTNER AVE; N KOSTNER AVE & W BELDEN AVE&W FULLERTON AVE & N,"$53,543.59",53543.59
31,Alley Resurfacing Menu (2024),KENNETH AVE 2800-2858 N KILPATRICK AVE; N KILPATRICK AVE & W DIVERSEY AVE&W GEORGE ST & N KEATING AVE,"$37,432.47",37432.47
31,Alley Resurfacing Menu (2024),2800 N HAMLIN AVE; N HAMLIN AVE & W DIVERSEY AVE&W GEORGE ST & N AVERS AVE,"$34,187.91",34187.91
31,Alley Resurfacing Menu (2024),2918 N AVERS AVE; N AVERS AVE & W GEORGE ST&W WELLINGTON AVE & N SPRINGFIELD AVE,"$42,452.63",42452.63
31,Alley Resurfacing Menu (2024),N LINDER AVE & W BARRY AVE&W BELMONT AVE & N LUNA AVE; 3134 N LINDER AVE,"$63,265.41",63265.41
31,Alley Resurfacing Menu (2024),N SPRINGFIELD AVE & W GEORGE ST&W WELLINGTON AVE & N HARDING AVE; 2900-2958 N SPRINGFIELD AVE,"$40,522.52",40522.52
31,Alley Resurfacing Menu (2024),N TRIPP AVE & W BELDEN AVE&W FULLERTON AVE & N KEELER AVE; 2305 N TRIPP AVE,"$34,109.50",34109.5
31,Alley Resurfacing Menu (2024),W FULLERTON AVE & N LAVERGNE AVE&N LECLAIRE AVE & W BELDEN AVE; 5001-5059 W,"$34,171.31",34171.31
31,Alley Resurfacing Menu (2024),FULLERTON AVE W FULLERTON AVE & N LAVERGNE AVE&N LECLAIRE AVE & W MONTANA ST; 5000-5038 W,"$34,822.54",34822.54
31,Alley Resurfacing Menu (2024),FULLERTON AVE W MONTANA ST & N LAVERGNE AVE&N LECLAIRE AVE & W ALTGELD ST; 5000-5058 W MONTANA ST,"$43,039.74",43039.74
31,Alley Resurfacing Menu (2024),W SCHOOL ST & N LARAMIE AVE&N LOCKWOOD AVE & W HENDERSON ST,"$33,248.94",33248.94
31,Alley Resurfacing Menu (2024),W SCHUBERT AVE & N LECLAIRE AVE&N LARAMIE AVE & W PARKER AVE,"$43,610.24",43610.24
31,Alley Resurfacing Menu (2024),W WELLINGTON AVE & N LOCKWOOD AVE&N LONG AVE & W NELSON ST,"$43,039.74",43039.74
31,Alley Resurfacing Menu (2024),W WELLINGTON AVE & N PULASKI RD&N KARLOV AVE & W NELSON ST,"$56,417.33",56417.33
31,Alley Speed Hump Replacement (2024),2305 N TRIPP AVE; N TRIPP AVE & W BELDEN AVE&W FULLERTON AVE & N KEELER AVE,$0.00,0.0
31,Alley Speed Hump Replacement (2024),2800-2858 N KILPATRICK AVE; N KILPATRICK AVE & W DIVERSEY AVE&W GEORGE ST & N,$0.00,0.0
31,Alley Speed Hump Replacement (2024),KEATING AVE N AVERS AVE & W GEORGE ST&W WELLINGTON AVE & N SPRINGFIELD AVE; 2918 N AVERS AVE,$0.00,0.0
31,Alley Speed Hump Replacement (2024),N HAMLIN AVE & W DIVERSEY AVE&W GEORGE ST & N AVERS AVE; 2800 N HAMLIN AVE,$0.00,0.0
31,Alley Speed Hump Replacement (2024),N KOSTNER AVE & W BELDEN AVE&W FULLERTON AVE & N KENNETH AVE; 2300-2358 N KOSTNER AVE,$0.00,0.0
31,Alley Speed Hump Replacement (2024),N LINDER AVE & W BARRY AVE&W BELMONT AVE & N LUNA AVE; 3134 N LINDER AVE,$0.00,0.0
31,Alley Speed Hump Replacement (2024),N SPRINGFIELD AVE & W GEORGE ST&W WELLINGTON AVE & N HARDING AVE; 2900-2958 N,$0.00,0.0
31,Alley Speed Hump Replacement (2024),SPRINGFIELD AVE W FULLERTON AVE & N LAVERGNE AVE&N LECLAIRE AVE & W BELDEN AVE; 5001-5059 W,$0.00,0.0
31,Alley Speed Hump Replacement (2024),FULLERTON AVE W FULLERTON AVE & N LAVERGNE AVE&N LECLAIRE AVE & W MONTANA ST; 5000-5038 W,$0.00,0.0
31,Alley Speed Hump Replacement (2024),FULLERTON AVE W MONTANA ST & N LAVERGNE AVE&N LECLAIRE AVE & W ALTGELD ST; 5000-5058 W MONTANA ST,$0.00,0.0
31,Alley Speed Hump Replacement (2024),W SCHUBERT AVE & N LECLAIRE AVE&N LARAMIE AVE & W PARKER AVE,$0.00,0.0
31,Alley Speed Hump Replacement (2024),W WELLINGTON AVE & N LOCKWOOD AVE&N LONG AVE & W NELSON ST,$0.00,0.0
31,Alley Speed Hump Replacement (2024),W WELLINGTON AVE & N PULASKI RD&N KARLOV AVE & W NELSON ST,$0.00,0.0
31,Miscellaneous CDOT Projects (2024),3000 N KENNETH AVE,$660.00,660.0
31,Sidewalk Menu (2024),2827 N PULASKI RD,"$52,113.67",52113.67
31,Sidewalk Menu (2024),5301 W WRIGHTWOOD AVE; N LOCKWOOD AVE & W WRIGHTWOOD AVE,"$6,944.62",6944.62
31,Speed Indicator Signs (2024),ON N KOSTNER AVE FROM W DIVERSEY AVE (2800 N) TO W BELMONT AVE (3200 N); 3118 N KOSTNER AVE; 2831 N KOSTNER AVE; 2935 N KOSTNER AVE,"$46,500.00",46500.0
31,Street Light Upgrade Menu (2024),4959 W ALTGELD ST; 4911 W ALTGELD ST; 4919 W ALTGELD ST; 4937 W ALTGELD ST,"$2,000.00",2000.0
31,Street Light Upgrade Menu (2024),5019 W WRIGHTWOOD AVE; 5041 W WRIGHTWOOD AVE,"$1,000.00",1000.0
31,Street Light Upgrade Menu (2024),5052 W FULLERTON AVE; 5053 W FULLERTON AVE,"$1,000.00",1000.0
31,Street Light Upgrade Menu (2024),5136 W BELDEN AVE,$500.00,500.0
31,Street Light Upgrade Menu (2024),5141 W FULLERTON AVE; 5109 W FULLERTON AVE,"$1,000.00",1000.0
31,Street Light Upgrade Menu (2024),ON N LUNA AVE FROM W WELLINGTON AVE (3000 N) TO W BELMONT AVE (3200 N),"$13,250.00",13250.0
31,Street Resurfacing Menu (2024),4560 W WELLINGTON AVE,"$34,768.65",34768.65
31,Street Resurfacing Menu (2024),ON N KEATING AVE FROM W BELDEN AVE (2300 N) TO W FULLERTON AVE (2400 N),"$58,694.31",58694.31
31,Street Resurfacing Menu (2024),ON N KENTON AVE FROM W FULLERTON AVE (2400 N) TO W ALTGELD ST (2500 N); 2400-2458 N KENTON AVE,"$42,691.06",42691.06
31,Street Resurfacing Menu (2024),ON N KILPATRICK AVE FROM W BARRY AVE (3100 N) TO W BELMONT AVE (3200 N),"$51,665.29",51665.29
31,Street Resurfacing Menu (2024),ON N KILPATRICK AVE FROM W FULLERTON AVE (2400 N) TO W MONTANA ST (2430 N),"$27,362.24",27362.24
31,Street Resurfacing Menu (2024),ON N KNOX AVE FROM W WELLINGTON AVE (3000 N) TO W BARRY AVE (3100 N),"$58,589.76",58589.76
31,Street Resurfacing Menu (2024),ON W GEORGE ST FROM N LAVERGNE AVE (5000 W) TO N LECLAIRE AVE (5100 W),"$56,370.24",56370.24
31,Street Resurfacing Menu (2024),ON W GEORGE ST FROM N LECLAIRE AVE (5100 W) TO N LARAMIE AVE (5200 W),"$60,835.16",60835.16
31,Street Resurfacing Menu (2024),ON W MEDILL AVE FROM N LECLAIRE AVE (5100 W) TO N LARAMIE AVE (5200 W),"$55,348.81",55348.81
31,Street Resurfacing Menu (2024),ON W OAKDALE AVE FROM N CICERO AVE (4800 W) TO N LAVERGNE AVE (5000 W),"$94,273.96",94273.96
31,Street Resurfacing Menu (2024),ON W PARKER AVE FROM N KOSTNER AVE (4400 W) TO N KENTON AVE (4600 W),"$77,313.05",77313.05
31,Street Resurfacing Menu (2024),ON W PARKER AVE FROM N LAVERGNE AVE (5000 W) TO N LECLAIRE AVE (5100 W),"$63,681.01",63681.01
31,Street Resurfacing Menu (2024),ON W WELLINGTON AVE FROM N LOCKWOOD AVE (5300 W) TO N LONG AVE (5400 W),"$54,542.45",54542.45
31,Street Speed Hump Replacement (2024),4560 W WELLINGTON AVE,$0.00,0.0
31,Street Speed Hump Replacement (2024),ON N KENTON AVE FROM W FULLERTON AVE (2400 N) TO W ALTGELD ST (2500 N); 2400-2458 N KENTON AVE,$0.00,0.0
31,Street Speed Hump Replacement (2024),ON N KILPATRICK AVE FROM W BARRY AVE (3100 N) TO W BELMONT AVE (3200 N),$0.00,0.0
31,Street Speed Hump Replacement (2024),ON N KILPATRICK AVE FROM W FULLERTON AVE (2400 N) TO W MONTANA ST (2430 N),$0.00,0.0
31,Street Speed Hump Replacement (2024),ON W GEORGE ST FROM N LECLAIRE AVE (5100 W) TO N LARAMIE AVE (5200 W),$0.00,0.0
31,Street Speed Hump Replacement (2024),ON W MEDILL AVE FROM N LECLAIRE AVE (5100 W) TO N LARAMIE AVE (5200 W),$0.00,0.0
31,Street Speed Hump Replacement (2024),ON W OAKDALE AVE FROM N CICERO AVE (4800 W) TO N LAVERGNE AVE (5000 W),$0.00,0.0
31,Street Speed Hump Replacement (2024),ON W PARKER AVE FROM N KOSTNER AVE (4400 W) TO N KENTON AVE (4600 W),$0.00,0.0
31,Street Speed Hump Replacement (2024),ON W PARKER AVE FROM N LAVERGNE AVE (5000 W) TO N LECLAIRE AVE (5100 W),$0.00,0.0
32,(2024) Alley Apron Menu (2024),1743 W TERRA COTTA PL,"$28,470.23",28470.23
32,"2 In-Road ""State Law Stop For Pedestrians"" Signs Menu",W FULLERTON AVE & N LAKEWOOD AVE,$350.00,350.0
32,Alley Apron Menu (2024),1852 W NELSON ST,"$14,094.84",14094.84
32,Alley Apron Menu (2024),1915 N WOLCOTT AVE,"$22,030.27",22030.27
32,Alley Apron Menu (2024),2114 W LYNDALE ST,"$24,907.89",24907.89
32,Alley Apron Menu (2024),2145 W BARRY AVE,"$45,147.75",45147.75
32,Alley Apron Menu (2024),3106 N WOLCOTT AVE,"$21,060.55",21060.55
32,Alley Apron Menu (2024),3112 N HONORE ST,"$22,519.23",22519.23
32,Alley Resurfacing Menu (2024),N WESTERN AVE & N MILWAUKEE AVE&N WINNEBAGO AVE & W MOFFAT ST,"$16,700.56",16700.56
32,Alley Resurfacing Menu (2024),N WOLCOTT AVE & W ARMITAGE AVE&W DICKENS AVE & N WOLCOTT AVE,"$63,481.58",63481.58
32,Alley Resurfacing Menu (2024),W CHARLESTON ST & N LEAVITT ST&N OAKLEY AVE & W DICKENS AVE,"$44,189.25",44189.25
32,Alley Resurfacing Menu (2024),W CORNELIA AVE & N HOYNE AVE&N HAMILTON AVE & W ROSCOE ST,"$53,020.60",53020.6
32,Alley Resurfacing Menu (2024),W DICKENS AVE & N DAMEN AVE&N HOYNE AVE & W MCLEAN AVE,"$64,822.26",64822.26
32,Alley Resurfacing Menu (2024),W DIVERSEY PKWY & N LAKEWOOD AVE&N WAYNE AVE & W SCHUBERT AVE,"$29,324.57",29324.57
32,Alley Resurfacing Menu (2024),W OAKDALE AVE & N ASHLAND AVE&N GREENVIEW AVE & W GEORGE ST,"$42,935.08",42935.08
32,Alley Resurfacing Menu (2024),W SCHOOL ST & N WOLCOTT AVE&N DAMEN AVE & W MELROSE ST,"$62,447.58",62447.58
32,Alley Resurfacing Menu (2024),W SHAKESPEARE AVE & N DAMEN AVE&N HOYNE AVE & W CHARLESTON ST,"$58,815.60",58815.6
32,Alley Resurfacing Menu (2024),W WABANSIA AVE & N ASHLAND AVE&N BOSWORTH AVE & W NORTH AVE,"$27,853.32",27853.32
32,Alley Speed Hump Menu (2024),W DICKENS AVE & N OAKLEY AVE&N WESTERN AVE & W MCLEAN AVE,"$3,625.00",3625.0
32,Alley Speed Hump Replacement (2024),N WESTERN AVE & N MILWAUKEE AVE&N WINNEBAGO AVE & W MOFFAT ST,$0.00,0.0
32,Alley Speed Hump Replacement (2024),W CHARLESTON ST & N LEAVITT ST&N OAKLEY AVE & W DICKENS AVE,$0.00,0.0
32,Alley Speed Hump Replacement (2024),W CORNELIA AVE & N HOYNE AVE&N HAMILTON AVE & W ROSCOE ST,$0.00,0.0
32,Alley Speed Hump Replacement (2024),W DICKENS AVE & N DAMEN AVE&N HOYNE AVE & W MCLEAN AVE,$0.00,0.0
32,Alley Speed Hump Replacement (2024),W WABANSIA AVE & N ASHLAND AVE&N BOSWORTH AVE & W NORTH AVE,$0.00,0.0
32,Curb & Gutter Menu (2024),1621 N HERMITAGE AVE,"$21,453.52",21453.52
32,Curb & Gutter Menu (2024),1711 N HERMITAGE AVE,"$5,323.36",5323.36
32,Curb & Gutter Menu (2024),2031 W CHURCHILL ST,"$7,978.72",7978.72
32,Curb & Gutter Menu (2024),2058 N HOYNE AVE,"$33,295.74",33295.74
32,Curb & Gutter Menu (2024),2636 N BOSWORTH AVE,"$74,527.95",74527.95
32,Curb & Gutter Menu (2024),3222 N RAVENSWOOD AVE W,"$4,218.43",4218.43
32,Miscellaneous CDOT Projects (2024),3335 N DAMEN AVE,$660.00,660.0
32,Pavement Markings Menu (2024),2214 W BARRY AVE,"$3,000.00",3000.0
32,Pavement Markings Menu (2024),ON W ARMITAGE AVE FROM N ASHLAND AVE (1600 W) TO N KENNEDY ARMITAGE AV XR (1660 W),"$6,000.00",6000.0
32,Sidewalk Menu (2024),1918 W ROSCOE ST,"$4,070.11",4070.11
32,Sidewalk Menu (2024),2010 W WELLINGTON AVE,"$4,275.02",4275.02
32,Sidewalk Menu (2024),2014 N LEAVITT ST,"$5,145.13",5145.13
32,Sidewalk Menu (2024),W WABANSIA AVE & N CLAREMONT AVE,"$19,270.29",19270.29
32,Street Bump Outs Menu (2024),N OAKLEY AVE & W WABANSIA AVE,"$17,117.03",17117.03
32,Street Light Upgrade Menu (2024),1653 N DAMEN AVE,$500.00,500.0
32,Street Resurfacing Menu (2024),ON N GREENVIEW AVE FROM W OAKDALE AVE (2930 N) TO W WELLINGTON AVE (3000 N),"$34,493.98",34493.98
32,Street Resurfacing Menu (2024),ON N PAULINA ST FROM W BLOOMINGDALE AVE (1799 N) TO W CORTLAND ST (1900 N),"$65,324.89",65324.89
32,Street Resurfacing Menu (2024),ON W BLOOMINGDALE AVE FROM N WOLCOTT AVE (1900 W) TO N WINCHESTER AVE (1932 W),"$33,318.49",33318.49
32,Street Resurfacing Menu (2024),ON W CHARLESTON ST FROM N HOYNE AVE (2100 W) TO N LEAVITT ST (2200 W),"$62,094.65",62094.65
32,Street Resurfacing Menu (2024),ON W DICKENS AVE FROM N HOYNE AVE (2100 W) TO N LEAVITT ST (2200 W),"$59,834.11",59834.11
32,Street Resurfacing Menu (2024),ON W WRIGHTWOOD AVE FROM N RACINE AVE (1200 W) TO N LAKEWOOD AVE (1300 W),"$74,474.38",74474.38
32,Street Speed Hump Menu (2024),ON N HAMILTON AVE FROM W SCHOOL ST (3300 N) TO W ROSCOE ST (3400 N),"$4,880.00",4880.0
32,Street Speed Hump Menu (2024),ON N OAKLEY AVE FROM N WILMOT AVE (1910 N) TO W ARMITAGE AVE (2000 N),"$2,440.00",2440.0
32,Street Speed Hump Menu (2024),ON N OAKLEY AVE FROM W SCHOOL ST (3300 N) TO W ROSCOE ST (3400 N),"$4,880.00",4880.0
32,Street Speed Hump Menu (2024),ON N WINCHESTER AVE FROM W NORTH AVE (1600 N) TO W WABANSIA AVE (1700 N),"$4,880.00",4880.0
32,Street Speed Hump Menu (2024),ON N WOLCOTT AVE FROM W SCHOOL ST (3300 N) TO W ROSCOE ST (3400 N),"$4,880.00",4880.0
32,Street Speed Hump Menu (2024),ON W MELROSE ST FROM N SOUTHPORT AVE (1400 W) TO N GREENVIEW AVE (1500 W),"$4,880.00",4880.0
32,Street Speed Hump Menu (2024),ON W WELLINGTON AVE FROM N DAMEN AVE (2000 W) TO N HOYNE AVE (2100 W),"$4,880.00",4880.0
32,Street Speed Hump Menu (2024),ON W WOLFRAM ST FROM N ASHLAND AVE (1600 W) TO N PAULINA ST (1700 W),"$4,880.00",4880.0
32,Street Speed Hump Menu (2024),ON W WOLFRAM ST FROM N GREENVIEW AVE (1500 W) TO N ASHLAND AVE (1600 W),"$4,880.00",4880.0
32,Street Speed Hump Replacement (2024),ON N GREENVIEW AVE FROM W OAKDALE AVE (2930 N) TO W WELLINGTON AVE (3000 N),$0.00,0.0
33,Alley Resurfacing Menu (2024),3746 W EASTWOOD AVE; W LELAND AVE & N HAMLIN AVE&N LAWNDALE AVE & W LELAND,"$14,615.94",14615.94
33,Alley Resurfacing Menu (2024),AVE 4011 N FRANCISCO AVE; N FRANCISCO AVE & W IRVING PARK RD&W BELLE PLAINE AVE & N MOZART ST,"$33,061.21",33061.21
33,Alley Resurfacing Menu (2024),N BERNARD ST & W AINSLIE ST&W AINSLIE ST & N KIMBALL AVE,"$33,527.04",33527.04
33,Alley Resurfacing Menu (2024),N BERNARD ST & W LAWRENCE AVE&W AINSLIE ST & N ST LOUIS AVE,"$38,131.22",38131.22
33,Alley Resurfacing Menu (2024),N KEDZIE AVE & W MONTROSE AVE&W SUNNYSIDE AVE & N SAWYER AVE,"$27,791.51",27791.51
33,Alley Resurfacing Menu (2024),N KEDZIE AVE & W SUNNYSIDE AVE&W WILSON AVE & N SAWYER AVE,"$33,372.54",33372.54
33,Alley Resurfacing Menu (2024),N MONTICELLO AVE & W BERTEAU AVE&W CULLOM AVE & N CENTRAL PARK AVE,"$55,348.63",55348.63
33,Alley Resurfacing Menu (2024),W GUNNISON ST & N SACRAMENTO AVE&N ALBANY AVE & W LAWRENCE AVE,"$18,939.68",18939.68
33,Alley Speed Hump Replacement (2024),4011 N FRANCISCO AVE; N FRANCISCO AVE & W IRVING PARK RD&W BELLE PLAINE AVE & N MOZART ST,$0.00,0.0
33,Alley Speed Hump Replacement (2024),N KEDZIE AVE & W MONTROSE AVE&W SUNNYSIDE AVE & N SAWYER AVE,$0.00,0.0
33,Alley Speed Hump Replacement (2024),N MONTICELLO AVE & W BERTEAU AVE&W CULLOM AVE & N CENTRAL PARK AVE,$0.00,0.0
33,Alley Speed Hump Replacement (2024),W GUNNISON ST & N SACRAMENTO AVE&N ALBANY AVE & W LAWRENCE AVE,$0.00,0.0
33,Carl Von Linne Elementary School - Turf Field Renovations,3221 N SACRAMENTO AVE,"$40,000.00",40000.0
33,Chicago Park District (2024),2741 W MONTROSE AVE,"$20,000.00",20000.0
33,Concrete Alley Menu (2024),N ALBANY AVE & W LAWRENCE AVE&W LELAND AVE & N WHIPPLE ST,"$115,000.00",115000.0
33,Curb & Gutter Menu (2024),4024 N FRANCISCO AVE,"$4,165.39",4165.39
33,Curb & Gutter Menu (2024),4146 N ST LOUIS AVE,"$52,520.80",52520.8
33,Curb & Gutter Menu (2024),4225 N FRANCISCO AVE,"$6,852.14",6852.14
33,Grover Cleveland Elementary School - Nature Play Space,3121 W BYRON ST,"$180,000.00",180000.0
33,Installation of Accessible Pedestrian Signals at N. Kimball,N KIMBALL AVE & W LAWRENCE AVE,"$97,230.42",97230.42
33,LED Traffic Signal Upgrades & Pedestrian Countdown,N KIMBALL AVE & W MONTROSE AVE,"$34,973.28",34973.28
33,Miscellaneous Other Projects (2024),4250 N ST LOUIS AVE,"$250,000.00",250000.0
33,Sidewalk Menu (2024),3410 N ALBANY AVE,"$4,200.20",4200.2
33,Sidewalk Menu (2024),3717-3723 N SAWYER AVE,"$11,765.93",11765.93
33,Sidewalk Menu (2024),3738 N SAWYER AVE,"$3,968.93",3968.93
33,Sidewalk Menu (2024),4736 N SAWYER AVE,"$7,327.75",7327.75
33,Sidewalk Menu (2024),4934 N MONTICELLO AVE,"$3,645.79",3645.79
33,Signal (2024) LED Traffic Signal Upgrades & Pedestrian Countdown,W MONTROSE AVE & N CALIFORNIA AVE,"$21,167.06",21167.06
33,Signal (2024) Miscellaneous CDOT Projects (2024),N ELSTON AVE & N FRANCISCO AVE,"$26,077.01",26077.01
33,Street Bump Outs Menu (2024),N RICHMOND ST & W BERTEAU AVE,"$1,158.96",1158.96
33,Street Bump Outs Menu (2024),ON N ALBANY AVE FROM W ARGYLE ST (5000 N) TO W CARMEN AVE (5100 N),"$16,270.81",16270.81
33,Street Bump Outs Menu (2024),W CARMEN AVE & N TROY ST,"$12,619.30",12619.3
33,Street Resurfacing Menu (2024),ON N LAWNDALE AVE FROM W AGATITE AVE (4430 N) TO W SUNNYSIDE AVE (4500 N),"$23,751.84",23751.84
33,Street Resurfacing Menu (2024),ON N LAWNDALE AVE FROM W SUNNYSIDE AVE (4500 N) TO W WILSON AVE (4600 N),"$53,543.77",53543.77
33,Street Resurfacing Menu (2024),ON N MONTICELLO AVE FROM W BERTEAU AVE (4200 N) TO W CULLOM AVE (4300 N),"$49,274.91",49274.91
33,Street Resurfacing Menu (2024),ON N RICHMOND ST FROM W IRVING PARK RD (4000 N) TO W BELLE PLAINE AVE (4100 N),"$40,687.00",40687.0
33,Street Resurfacing Menu (2024),ON W SCHOOL ST FROM N ALBANY AVE (3100 W) TO N TROY ST (3130 W),"$35,845.27",35845.27
33,Street Resurfacing Menu (2024),ON W SUNNYSIDE AVE FROM N MONTICELLO AVE (3630 W) TO N HAMLIN AVE (3800 W),"$80,337.41",80337.41
33,Street Speed Hump Menu (2024),ON N ALBANY AVE FROM W ARGYLE ST (5000 N) TO W CARMEN AVE (5100 N),"$4,880.00",4880.0
33,Street Speed Hump Menu (2024),ON N AVERS AVE FROM W WILSON AVE (4600 N) TO W LELAND AVE (4700 N),"$4,880.00",4880.0
33,Street Speed Hump Menu (2024),ON N LAWNDALE AVE FROM W SUNNYSIDE AVE (4500 N) TO W WILSON AVE (4600 N),$0.00,0.0
33,Street Speed Hump Menu (2024),ON N SACRAMENTO AVE FROM W MONTROSE AVE (4400 N) TO W SUNNYSIDE AVE (4500 N),"$4,880.00",4880.0
33,Street Speed Hump Menu (2024),ON N SAWYER AVE FROM W SUNNYSIDE AVE (4500 N) TO W WILSON AVE (4600 N),"$4,880.00",4880.0
33,Street Speed Hump Replacement (2024),ON W SUNNYSIDE AVE FROM N MONTICELLO AVE (3630 W) TO N HAMLIN AVE (3800 W),$0.00,0.0
34,Alley Apron Menu (2024),813 S CARPENTER ST,"$4,510.18",4510.18
34,Alley Apron Menu (2024),910 W VAN BUREN ST,"$76,264.20",76264.2
34,Alley Apron Menu (2024),S CLINTON ST & W ARCADE PL,"$98,846.44",98846.44
34,Alley Resurfacing Menu (2024),725 S CARPENTER ST; S CARPENTER ST & W POLK ST,"$3,708.06",3708.06
34,Alley Resurfacing Menu (2024),W ADAMS ST & S STATE ST&S WABASH AVE & E JACKSON BLVD,"$23,467.76",23467.76
34,Alley Resurfacing Menu (2024),W VAN BUREN ST & S PEORIA ST&S SANGAMON ST & W JACKSON BLVD,"$27,732.03",27732.03
34,Arterial Street Bump Outs Menu (2024),W ADAMS ST & S PEORIA ST,"$72,171.11",72171.11
34,Arterial Street Bump Outs Menu (2024),W FULTON MARKET & N UNION AVE,"$130,000.00",130000.0
34,Arterial Street Bump Outs Menu (2024),W VAN BUREN ST & S ABERDEEN ST,"$50,000.00",50000.0
34,Bollard Menu (2024),E ADAMS ST & S MICHIGAN AVE,"$10,000.00",10000.0
34,core,1059 W VERNON PARK PL,"$61,678.63",61678.63
34,Miscellaneous CDOT Projects (2024),400 S HALSTED ST,$660.00,660.0
34,Miscellaneous CDOT Projects (2024),W POLK ST & S RACINE AVE,"$17,736.00",17736.0
34,Mural on Fulton Street viaduct,"ON N MILWAUKEE AVE FROM Fulton Street viaduct, between N. Milwaukee Ave. and N. Canal St. N TO N CANAL ST (200 N)","$100,000.00",100000.0
34,Pavement Markings Menu (2024),ON W CONGRESS PKWY FROM S RACINE AVE (1200 W) TO S ASHLAND AVE (1600 W),"$8,000.00",8000.0
34,Pavement Markings Menu (2024),ON W MADISON ST FROM N CLINTON ST (540 W) TO N DESPLAINES ST (640 W); N DESPLAINES ST & W MADISON ST,"$6,000.00",6000.0
34,Pavement Markings Menu (2024),ON W MONROE ST FROM S LAFLIN ST (1500 W) TO W OGDEN AVE (1630 W),"$3,500.00",3500.0
34,Pavement Markings Menu (2024),ON W VAN BUREN ST FROM S MORGAN ST (1000 W) TO S RACINE AVE (1200 W),"$4,089.24",4089.24
34,Pavement Markings Menu (2024),S MORGAN ST & W TAYLOR ST,$500.00,500.0
34,Sidewalk Menu (2024),1111 W MADISON ST,"$5,682.17",5682.17
34,Sidewalk Menu (2024),1454 W FLOURNOY ST,"$5,919.94",5919.94
34,Sidewalk Menu (2024),1502 W JACKSON BLVD,$85.44,85.44
34,Sidewalk Menu (2024),15 S RACINE AVE,"$6,520.30",6520.3
34,Sidewalk Menu (2024),310 N CLINTON ST; ON N CLINTON ST FROM W KINZIE ST (400 N) TO W FULTON ST (300 N),"$24,606.06",24606.06
34,Sidewalk Menu (2024),47 N WELLS ST,"$37,749.99",37749.99
34,Sidewalk Menu (2024),713-723 S ABERDEEN ST,"$20,432.61",20432.61
34,Sidewalk Menu (2024),932 W MADISON ST,"$23,677.09",23677.09
34,Sidewalk Menu (2024),ON N JEFFERSON ST FROM W FULTON ST (300 N) TO W KINZIE ST (400 N),"$1,871.60",1871.6
34,Sidewalk Menu (2024),ON S DESPLAINES ST FROM W MONROE ST (100 S) TO W ADAMS ST (200 S); 100 S DESPLAINES ST,"$36,494.59",36494.59
34,Street Bump Outs Menu (2024),W FLOURNOY ST & S LAFLIN ST,"$26,655.57",26655.57
34,Street Bump Outs Menu (2024),W JACKSON BLVD & S THROOP ST,"$11,231.00",11231.0
34,Street Bump Outs Menu (2024),W MONROE ST & S LAFLIN ST,"$11,401.86",11401.86
34,Street Light Residential Staggered Piggy Back Menu (2024),ON S MILLER ST FROM W POLK ST (800 S) TO W TAYLOR ST (1000 S),"$337,000.00",337000.0
34,Street Resurfacing Menu (2024),ON S ABERDEEN ST FROM 717 S TO W POLK ST (800 S),"$25,309.53",25309.53
34,Street Resurfacing Menu (2024),ON S SANGAMON ST FROM W MONROE ST (100 S) TO W ADAMS ST (200 S),"$6,286.42",6286.42
34,Street Resurfacing Menu (2024),ON W FLOURNOY ST FROM S LOOMIS ST (1400 W) TO S LAFLIN ST (1500 W),"$65,178.28",65178.28
34,Street Resurfacing Menu (2024),ON W FLOURNOY ST FROM S RACINE AVE (1200 W) TO S LOOMIS ST (1400 W),"$128,283.04",128283.04
34,Street Speed Hump Menu (2024),ON N DESPLAINES ST FROM W MONROE ST (100 S) TO W ADAMS ST (200 S),"$3,500.00",3500.0
34,Street Speed Hump Menu (2024),ON S GREEN ST FROM W ADAMS ST (200 S) TO W JACKSON BLVD (300 S),"$2,440.00",2440.0
34,Street Speed Hump Menu (2024),ON W ADAMS ST FROM S LAFLIN ST (1500 W) TO S ASHLAND AVE (1600 W),"$4,880.00",4880.0
34,Street Speed Hump Menu (2024),ON W FLOURNOY ST FROM S RACINE AVE (1200 W) TO S LOOMIS ST (1400 W),"$7,320.00",7320.0
34,Street Speed Hump Menu (2024),ON W POLK ST FROM 1401 W TO S LAFLIN ST (1500 W),"$4,880.00",4880.0
34,Street Speed Hump Menu (2024),W CONGRESS PKWY & S THROOP ST,"$2,440.00",2440.0
34,Street Speed Hump Replacement (2024),ON S SANGAMON ST FROM W MONROE ST (100 S) TO W ADAMS ST (200 S),$0.00,0.0
35,"(2024) In-Road ""State Law Stop For Pedestrians"" Sign Menu",N CENTRAL PARK AVE & W WOLFRAM ST,$600.00,600.0
35,"(2024) In-Road ""State Law Stop For Pedestrians"" Sign Menu",N ELSTON AVE & N DRAKE AVE,$350.00,350.0
35,"(2024) In-Road ""State Law Stop For Pedestrians"" Sign Menu",N KEDZIE AVE & W BARRY AVE,$350.00,350.0
35,"(2024) In-Road ""State Law Stop For Pedestrians"" Sign Menu",N KIMBALL AVE & W DRUMMOND PL,$700.00,700.0
35,"(2024) In-Road ""State Law Stop For Pedestrians"" Sign Menu",N KIMBALL AVE & W PARKER AVE,$600.00,600.0
35,"(2024) In-Road ""State Law Stop For Pedestrians"" Sign Menu",N MILWAUKEE AVE & N SAWYER AVE,$350.00,350.0
35,"(2024) In-Road ""State Law Stop For Pedestrians"" Sign Menu",N MILWAUKEE AVE & N SPAULDING AVE,$600.00,600.0
35,"(2024) In-Road ""State Law Stop For Pedestrians"" Sign Menu",N MILWAUKEE AVE & N WISNER AVE,$350.00,350.0
35,"(2024) In-Road ""State Law Stop For Pedestrians"" Sign Menu",N SACRAMENTO AVE & W GEORGE ST,$700.00,700.0
35,"(2024) In-Road ""State Law Stop For Pedestrians"" Sign Menu",W ARMITAGE AVE & N KEDVALE AVE,$600.00,600.0
35,"(2024) In-Road ""State Law Stop For Pedestrians"" Sign Menu",W ARMITAGE AVE & N TRIPP AVE,$700.00,700.0
35,"(2024) In-Road ""State Law Stop For Pedestrians"" Sign Menu",W DIVERSEY AVE & N DRAKE AVE,$350.00,350.0
35,"(2024) In-Road ""State Law Stop For Pedestrians"" Sign Menu",W DIVERSEY AVE & N SPAULDING AVE,"$1,200.00",1200.0
35,"(2024) In-Road ""State Law Stop For Pedestrians"" Sign Menu",W DIVERSEY AVE & N SPRINGFIELD AVE,$700.00,700.0
35,"(2024) In-Road ""State Law Stop For Pedestrians"" Sign Menu",W DIVERSEY AVE & N ST LOUIS AVE,$700.00,700.0
35,(2024) Miscellaneous CDOT Projects (2024),2358 N KEYSTONE AVE,$660.00,660.0
35,Alley Apron Menu (2024),2849 W BARRY AVE,"$5,596.44",5596.44
35,Alley Apron Menu (2024),3040 W BELDEN AVE,"$14,776.19",14776.19
35,Alley Resurfacing Menu (2024),N AVERS AVE & W WRIGHTWOOD AVE&W SCHUBERT AVE & N SPRINGFIELD AVE,"$57,684.25",57684.25
35,Alley Resurfacing Menu (2024),N SPRINGFIELD AVE & W BELDEN AVE&W FULLERTON AVE & N HARDING AVE,"$48,154.94",48154.94
35,Alley Resurfacing Menu (2024),N ST LOUIS AVE & W SCHUBERT AVE&W PARKER AVE & N KIMBALL AVE,"$66,210.46",66210.46
35,Alley Speed Hump Menu (2024),N SACRAMENTO AVE & W WAVELAND AVE&W ADDISON ST & N RICHMOND ST,"$1,450.00",1450.0
35,Alley Speed Hump Menu (2024),W ALTGELD ST & N KEDZIE BLVD E&N SAWYER AVE & W WRIGHTWOOD AVE,$725.00,725.0
35,Alley Speed Hump Menu (2024),W WRIGHTWOOD AVE & N CENTRAL PARK AVE&N MONTICELLO AVE & W ALTGELD ST,"$1,450.00",1450.0
35,Alley Speed Hump Replacement (2024),N AVERS AVE & W WRIGHTWOOD AVE&W SCHUBERT AVE & N SPRINGFIELD AVE,$0.00,0.0
35,Alley Speed Hump Replacement (2024),N SPRINGFIELD AVE & W BELDEN AVE&W FULLERTON AVE & N HARDING AVE,$0.00,0.0
35,Alley Speed Hump Replacement (2024),N ST LOUIS AVE & W SCHUBERT AVE&W PARKER AVE & N KIMBALL AVE,$0.00,0.0
35,Arterial Street Bump Outs Menu (2024),N CENTRAL PARK AVE & W LYNDALE ST,"$48,308.23",48308.23
35,Bike Lane/Marked Shared Lane Menu (2024),ON N HAMLIN AVE FROM 1801 N TO W DIVERSEY AVE (2800 N); ON N AVERS AVE FROM W ARMITAGE AVE (2000 N) TO W DIVERSEY AVE (2800 N),"$180,000.00",180000.0
35,Bike Lane/Marked Shared Lane Menu (2024),ON W WELLINGTON AVE FROM N SACRAMENTO AVE (3000 W) TO N KEDZIE AVE (3200 W),"$45,000.00",45000.0
35,Bollard Menu (2024),3400 W FULLERTON AVE,"$2,185.83",2185.83
35,Curb & Gutter Menu (2024),3057 W GRACE ST,"$3,313.30",3313.3
35,Curb & Gutter Menu (2024),N WOODARD ST & N CHRISTIANA AVE,"$90,000.00",90000.0
35,"In-Road ""State Law Stop For Pedestrians"" Sign Menu",N CENTRAL PARK AVE & W GEORGE ST,$600.00,600.0
35,"In-Road ""State Law Stop For Pedestrians"" Sign Menu",N KEDVALE AVE & W ARMITAGE AVE,$600.00,600.0
35,"In-Road ""State Law Stop For Pedestrians"" Sign Menu",W DIVERSEY AVE & N WHIPPLE ST,$350.00,350.0
35,Miscellaneous CDOT Projects (2024),2439 N ALBANY AVE; 2415 N ALBANY AVE,"$40,000.00",40000.0
35,Miscellaneous CDOT Projects (2024),2601 W BELMONT AVE,$660.00,660.0
35,Miscellaneous CDOT Projects (2024),W FULLERTON AVE & N KIMBALL AVE,$660.00,660.0
35,Miscellaneous CDOT Projects (2024),W WELLINGTON AVE & N KIMBALL AVE,"$150,000.00",150000.0
35,Pavement Markings Menu (2024),N ELSTON AVE & N BERNARD ST; W GRACE ST & N ELSTON AVE,"$26,000.00",26000.0
35,Pavement Markings Menu (2024),N KIMBALL AVE & W NEWPORT AVE; ON N KIMBALL AVE FROM N AVONDALE AVE (3400 N) TO W ADDISON ST (3600 N),"$5,000.00",5000.0
35,Pavement Markings Menu (2024),W ADDISON ST & N DRAKE AVE,"$2,500.00",2500.0
35,Pavement Markings Menu (2024),W DIVERSEY AVE & N SAWYER AVE,"$1,650.00",1650.0
35,Sidewalk Menu (2024),2100 N TRIPP AVE,"$9,343.68",9343.68
35,Sidewalk Menu (2024),2108-2110 N KILDARE AVE,"$7,927.97",7927.97
35,Sidewalk Menu (2024),2137 N LAWNDALE AVE,"$10,790.97",10790.97
35,Sidewalk Menu (2024),2211 N KEELER AVE,"$4,143.65",4143.65
35,Sidewalk Menu (2024),2304-2312 N CENTRAL PARK AVE,"$14,770.34",14770.34
35,Sidewalk Menu (2024),2314 N MONTICELLO AVE,"$5,457.76",5457.76
35,Sidewalk Menu (2024),2417-2419 N SPRINGFIELD AVE,"$9,308.29",9308.29
35,Sidewalk Menu (2024),2643 N TROY ST,"$7,791.47",7791.47
35,Sidewalk Menu (2024),2657 N CENTRAL PARK AVE,"$4,483.89",4483.89
35,Sidewalk Menu (2024),2738 N LAWNDALE AVE,"$6,030.94",6030.94
35,Sidewalk Menu (2024),2814 N LAWNDALE AVE; 2828-2832 N LAWNDALE AVE,"$12,612.80",12612.8
35,Sidewalk Menu (2024),2847-2851 N FRANCISCO AVE,"$16,699.66",16699.66
35,Sidewalk Menu (2024),2905-2909 N DAWSON AVE,"$8,244.66",8244.66
35,Sidewalk Menu (2024),2911 N RIDGEWAY AVE,"$3,944.83",3944.83
35,Sidewalk Menu (2024),2952 N GRESHAM AVE,"$1,060.65",1060.65
35,Sidewalk Menu (2024),3017 N CALIFORNIA AVE,"$4,695.30",4695.3
35,Sidewalk Menu (2024),3048 N SAWYER AVE,"$1,016.10",1016.1
35,Sidewalk Menu (2024),3052-3054 N MONTICELLO AVE,"$9,358.24",9358.24
35,Sidewalk Menu (2024),3081 N ELBRIDGE AVE; 3076-3080 N ELBRIDGE AVE,"$14,102.56",14102.56
35,Sidewalk Menu (2024),3106 N MONTICELLO AVE; 3125 N MONTICELLO AVE,"$12,690.64",12690.64
35,Sidewalk Menu (2024),3108-3110 N ST LOUIS AVE,"$5,263.18",5263.18
35,Sidewalk Menu (2024),3123-3129 N RICHMOND ST,"$6,062.32",6062.32
35,Sidewalk Menu (2024),3407 N KIMBALL AVE,"$7,934.43",7934.43
35,Sidewalk Menu (2024),3650 N FRANCISCO AVE,"$5,441.53",5441.53
35,Sidewalk Menu (2024),3819 W DIVERSEY AVE,"$4,660.37",4660.37
35,Sidewalk Menu (2024),3908 N KIMBALL AVE,"$1,914.81",1914.81
35,Sidewalk Menu (2024),ON N KEELER AVE FROM W PALMER ST (2200 N) TO W BELDEN AVE (2300 N); 2256 N KEELER AVE,"$77,261.01",77261.01
35,Sidewalk Menu (2024),ON N KIMBALL AVE FROM N WISNER AVE (3000 N) TO W WELLINGTON AVE (3000 N),"$1,016.10",1016.1
35,Sidewalk Menu (2024),ON W WOLFRAM ST FROM N DRAKE AVE (3560 W) TO N CENTRAL PARK AVE (3600 W),"$19,687.73",19687.73
35,Street Bump Outs Menu (2024),N KARLOV AVE & W BELDEN AVE,"$35,816.56",35816.56
35,Street Bump Outs Menu (2024),N SACRAMENTO AVE & W GEORGE ST,"$34,132.02",34132.02
35,Street Bump Outs Menu (2024),W PALMER ST & N KEDZIE AVE,"$24,000.00",24000.0
35,Street Bump Outs Menu (2024),W SHAKESPEARE AVE & N DRAKE AVE,"$29,192.43",29192.43
35,Street Bump Outs Menu (2024),W WAVELAND AVE & N CENTRAL PARK AVE,"$33,833.07",33833.07
35,Street Bump Outs Menu (2024),W WAVELAND AVE & N DRAKE AVE,"$12,432.40",12432.4
35,Street Light Upgrade Menu (2024),3116 N ROCKWELL ST,$500.00,500.0
35,Street Light Upgrade Menu (2024),3320 W FULLERTON AVE,$500.00,500.0
35,Street Light Upgrade Menu (2024),3656 N RICHMOND ST,$500.00,500.0
35,Street Light Upgrade Menu (2024),3916 N ELSTON AVE,$500.00,500.0
35,Street Resurfacing Menu (2024),ON N ALBANY AVE FROM W FULLERTON AVE (2400 N) TO N KEDZIE BLVD E (2500 N),"$45,252.48",45252.48
35,Street Resurfacing Menu (2024),ON W GEORGE ST FROM N KEDZIE AVE (3200 W) TO N CHRISTIANA AVE (3330 W),"$65,407.79",65407.79
35,Street Speed Hump Menu (2024),ON N TRIPP AVE FROM W DICKENS AVE (2100 N) TO W PALMER ST (2200 N),"$4,880.00",4880.0
35,Street Speed Hump Menu (2024),ON W BELDEN AVE FROM N KARLOV AVE (4100 W) TO N KEDVALE AVE (4130 W),"$2,440.00",2440.0
35,Street Speed Hump Menu (2024),ON W SHAKESPEARE AVE FROM N LAWNDALE AVE (3700 W) TO N HAMLIN AVE (3800 W),"$4,880.00",4880.0
35,Street Traffic Circle Menu (2024),N ST LOUIS AVE & W BELDEN AVE,"$14,090.82",14090.82
35,Street Traffic Circle Menu (2024),W WAVELAND AVE & N BERNARD ST,"$18,978.26",18978.26
35,Street Traffic Circle Menu (2024),W WAVELAND AVE & N ST LOUIS AVE,"$15,616.70",15616.7
36,Alley Apron Menu (2024),1301 N PULASKI RD,"$83,754.16",83754.16
36,Alley Apron Menu (2024),1328 N HARDING AVE,"$37,307.91",37307.91
36,Alley Apron Menu (2024),2559 N RUTHERFORD AVE,"$62,501.50",62501.5
36,Alley Resurfacing Menu (2024),1921 W ERIE ST; W ERIE ST & N WOLCOTT AVE&N DAMEN AVE & W OHIO ST,"$36,707.47",36707.47
36,Alley Resurfacing Menu (2024),2134 N MARMORA AVE; N MARMORA AVE & W DICKENS AVE&W GRAND AVE & N MASON AVE,"$56,248.55",56248.55
36,Alley Resurfacing Menu (2024),2300 W WALTON ST; W WALTON ST & N OAKLEY BLVD&N WESTERN AVE & W IOWA ST,"$78,791.61",78791.61
36,Alley Resurfacing Menu (2024),2648 W SUPERIOR ST; W SUPERIOR ST & N WASHTENAW AVE&N ROCKWELL ST & W CHICAGO AVE,"$38,837.28",38837.28
36,Alley Resurfacing Menu (2024),N HARDING AVE & W POTOMAC AVE&W GRAND AVE & N PULASKI RD; 1306 N HARDING AVE,"$30,788.86",30788.86
36,Alley Resurfacing Menu (2024),N KEDZIE AVE & W GRAND AVE&W WALTON ST & N SACRAMENTO BLVD E; 876 N SACRAMENTO BLVD,"$22,785.63",22785.63
36,Alley Resurfacing Menu (2024),N KEELER AVE & W HIRSCH ST&W GRAND AVE & N KEDVALE AVE; 1405 N KEELER AVE,"$42,502.47",42502.47
36,Alley Resurfacing Menu (2024),N RUTHERFORD AVE & W GRAND AVE&W ALTGELD ST & N NORMANDY AVE; 2417 N,"$46,025.13",46025.13
36,Alley Resurfacing Menu (2024),RUTHERFORD AVE N WOLCOTT AVE & W CHICAGO AVE&W IOWA ST & N WINCHESTER AVE; 852 N WOLCOTT AVE,"$40,123.13",40123.13
36,Alley Resurfacing Menu (2024),W CORTEZ ST & N CAMPBELL AVE&N ROCKWELL ST & W THOMAS ST; 2548 W CORTEZ ST,"$32,783.11",32783.11
36,Alley Resurfacing Menu (2024),W HADDON AVE & N WESTERN AVE&N CAMPBELL AVE & W DIVISION ST; 2450 W HADDON AVE,"$26,881.11",26881.11
36,Alley Speed Hump Menu (2024),2359 N SAYRE AVE; N SAYRE AVE & W GRAND AVE&W MEDILL AVE & N NEWLAND AVE,"$2,175.00",2175.0
36,Alley Speed Hump Menu (2024),W ERIE ST & N WOOD ST&N WOLCOTT AVE & W HURON ST; 1844 W ERIE ST,$725.00,725.0
36,Alley Speed Hump Replacement (2024),1306 N HARDING AVE; N HARDING AVE & W POTOMAC AVE&W GRAND AVE & N PULASKI RD,$0.00,0.0
36,Alley Speed Hump Replacement (2024),1921 W ERIE ST; W ERIE ST & N WOLCOTT AVE&N DAMEN AVE & W OHIO ST,$0.00,0.0
36,Alley Speed Hump Replacement (2024),2134 N MARMORA AVE; N MARMORA AVE & W DICKENS AVE&W GRAND AVE & N MASON AVE,$0.00,0.0
36,Alley Speed Hump Replacement (2024),2648 W SUPERIOR ST; N ROCKWELL ST & W CHICAGO AVE&W SUPERIOR ST & N,$0.00,0.0
36,Alley Speed Hump Replacement (2024),WASHTENAW AVE N KEDZIE AVE & W GRAND AVE&W WALTON ST & N SACRAMENTO BLVD E; 876 N SACRAMENTO BLVD,$0.00,0.0
36,Alley Speed Hump Replacement (2024),W CORTEZ ST & N CAMPBELL AVE&N ROCKWELL ST & W THOMAS ST; 2548 W CORTEZ ST,$0.00,0.0
36,Alley Speed Hump Replacement (2024),W HADDON AVE & N WESTERN AVE&N CAMPBELL AVE & W DIVISION ST; 2450 W HADDON AVE,$0.00,0.0
36,Curb & Gutter Menu (2024),1545 N KOLIN AVE,"$4,571.58",4571.58
36,Curb & Gutter Menu (2024),2329 W CORTEZ ST,"$9,190.11",9190.11
36,Curb & Gutter Menu (2024),3044 N NORMANDY AVE,"$6,025.03",6025.03
36,Curb & Gutter Menu (2024),N KOLIN AVE & W GRAND AVE; 4329 W GRAND AVE,"$14,387.34",14387.34
36,Left-Turn Arrow Menu (2024),N OAK PARK AVE & W DIVERSEY AVE,"$31,124.94",31124.94
36,Miscellaneous CDOT Projects (2024),2358 N MEADE AVE,$660.00,660.0
36,Miscellaneous CDOT Projects (2024),3058 N OAK PARK AVE,$660.00,660.0
36,Sidewalk Menu (2024),1101 N LAWNDALE AVE,"$22,368.56",22368.56
36,Sidewalk Menu (2024),1248 N LAWNDALE AVE,"$19,357.46",19357.46
36,Sidewalk Menu (2024),1831 W RACE AVE,"$14,094.81",14094.81
36,Sidewalk Menu (2024),2112 N MASON AVE,"$2,142.38",2142.38
36,Sidewalk Menu (2024),2120 N MONITOR AVE,"$6,534.13",6534.13
36,Sidewalk Menu (2024),2136 N MERRIMAC AVE; 2144 N MERRIMAC AVE,"$34,155.82",34155.82
36,Sidewalk Menu (2024),2201 N MERRIMAC AVE; 6224 W PALMER ST,"$20,022.60",20022.6
36,Sidewalk Menu (2024),2334 N PARKSIDE AVE,"$6,538.09",6538.09
36,Sidewalk Menu (2024),2417 N RUTHERFORD AVE,"$8,802.55",8802.55
36,Sidewalk Menu (2024),2501 N NEW ENGLAND AVE,"$8,934.76",8934.76
36,Sidewalk Menu (2024),2529 N NEWCASTLE AVE,"$6,389.45",6389.45
36,Sidewalk Menu (2024),2705 W IOWA ST,"$7,034.69",7034.69
36,Sidewalk Menu (2024),2826 N NAGLE AVE,"$5,480.38",5480.38
36,Sidewalk Menu (2024),2911 N NEWLAND AVE,"$3,652.41",3652.41
36,Sidewalk Menu (2024),2935 N NATCHEZ AVE,$559.34,559.34
36,Sidewalk Menu (2024),3045 N OAK PARK AVE,"$15,264.15",15264.15
36,Sidewalk Menu (2024),3113 N NEW ENGLAND AVE,$716.94,716.94
36,Sidewalk Menu (2024),6343 W GRAND AVE,"$16,846.78",16846.78
36,Sidewalk Menu (2024),958 N LEAVITT ST,"$33,000.99",33000.99
36,Street Light Residential Staggered Piggy Back Menu (2024),ON N NEW ENGLAND AVE FROM W BELMONT AVE (3200 N) TO W SCHOOL ST (3300 N),"$40,297.40",40297.4
36,Street Light Upgrade Menu (2024),2241 N MENARD AVE,$500.00,500.0
36,Street Light Upgrade Menu (2024),3121 N NEWLAND AVE,$500.00,500.0
36,Street Resurfacing Menu (2024),ON N DRAKE AVE FROM W THOMAS ST (1100 N) TO W GRAND AVE (1200 N),"$20,404.78",20404.78
36,Street Resurfacing Menu (2024),ON N NAGLE AVE FROM W DIVERSEY AVE (2800 N) TO W GEORGE ST (2900 N),"$58,067.02",58067.02
36,Street Resurfacing Menu (2024),ON N NATOMA AVE FROM W DIVERSEY AVE (2800 N) TO W GEORGE ST (2900 N),"$58,689.57",58689.57
36,Street Resurfacing Menu (2024),ON N NATOMA AVE FROM W GEORGE ST (2900 N) TO W WELLINGTON AVE (3000 N),"$61,089.02",61089.02
36,Street Resurfacing Menu (2024),ON N NEW ENGLAND AVE FROM W BARRY AVE (3100 N) TO W BELMONT AVE (3200 N),"$57,016.08",57016.08
36,Street Resurfacing Menu (2024),ON W BELDEN AVE FROM N NAGLE AVE (6432 W) TO N NATCHEZ AVE (6500 W),"$40,060.31",40060.31
36,Street Resurfacing Menu (2024),ON W IOWA ST FROM N OAKLEY BLVD (2300 W) TO N WESTERN AVE (2400 W),"$59,818.37",59818.37
36,Street Resurfacing Menu (2024),ON W IOWA ST FROM N WASHTENAW AVE (2700 W) TO N FAIRFIELD AVE (2740 W),"$29,977.12",29977.12
36,Street Resurfacing Menu (2024),ON W OAKDALE AVE FROM N NEWLAND AVE (6930 W) TO N SAYRE AVE (7000 W),"$42,716.05",42716.05
36,Street Resurfacing Menu (2024),ON W POTOMAC AVE FROM N SPRINGFIELD AVE (3900 W) TO N HARDING AVE (3940 W),"$25,042.70",25042.7
36,Street Resurfacing Menu (2024),ON W RICE ST FROM N OAKLEY BLVD (2300 W) TO N WESTERN AVE (2400 W),"$56,624.29",56624.29
36,Street Speed Hump Menu (2024),1837 W OHIO ST; ON W OHIO ST FROM N WOOD ST (1800 W) TO N WOLCOTT AVE (1900 W),"$1,603.46",1603.46
36,Street Speed Hump Menu (2024),ON N OAKLEY BLVD FROM W WALTON ST (930 N) TO W AUGUSTA BLVD (1000 N); 949 N OAKLEY BLVD,"$2,440.00",2440.0
36,Street Speed Hump Menu (2024),ON N PARKSIDE AVE FROM W BELDEN AVE (2300 N) TO W FULLERTON AVE (2400 N),"$4,880.00",4880.0
36,Street Speed Hump Menu (2024),ON W BARRY AVE FROM N NASHVILLE AVE (6600 W) TO N NATOMA AVE (6630 W),"$2,440.00",2440.0
36,Street Speed Hump Replacement (2024),ON W IOWA ST FROM N WASHTENAW AVE (2700 W) TO N FAIRFIELD AVE (2740 W),$0.00,0.0
36,Street Speed Hump Replacement (2024),ON W POTOMAC AVE FROM N SPRINGFIELD AVE (3900 W) TO N HARDING AVE (3940 W),$0.00,0.0
37,Alley Apron Menu (2024),1101 N LEAMINGTON AVE,"$21,452.45",21452.45
37,Alley Apron Menu (2024),1206-1208 N PINE AVE,"$27,105.07",27105.07
37,Alley Apron Menu (2024),5401 W KAMERLING AVE; W KAMERLING AVE & N LONG AVE&N CENTRAL AVE & W,"$17,397.51",17397.51
37,Alley Resurfacing Menu (2024),POTOMAC AVE 1800 N LOTUS AVE; N LOTUS AVE & W BLOOMINGDALE AVE&W CORTLAND ST & N LINDER AVE,"$22,229.42",22229.42
37,Alley Resurfacing Menu (2024),900 N LAWLER AVE; N LAWLER AVE & W IOWA ST&W AUGUSTA BLVD & N LECLAIRE AVE,"$34,078.60",34078.6
37,Alley Resurfacing Menu (2024),N LECLAIRE AVE & W CHICAGO AVE&W SUPERIOR ST & N LAVERGNE AVE,"$41,727.63",41727.63
37,Alley Resurfacing Menu (2024),W KAMERLING AVE & N KARLOV AVE&N KEELER AVE & W POTOMAC AVE,"$33,850.33",33850.33
37,Alley Resurfacing Menu (2024),W POTOMAC AVE & N LATROBE AVE&N LOCKWOOD AVE & W KAMERLING AVE,"$40,351.40",40351.4
37,Alley Speed Hump Menu (2024),N KEYSTONE AVE & W IOWA ST&W CHICAGO AVE & N PULASKI RD,"$2,175.00",2175.0
37,Alley Speed Hump Menu (2024),W HURON ST & N LECLAIRE AVE&N LEAMINGTON AVE & W OHIO ST,"$1,450.00",1450.0
37,Alley Speed Hump Replacement (2024),900 N LAWLER AVE; N LAWLER AVE & W IOWA ST&W AUGUSTA BLVD & N LECLAIRE AVE,$0.00,0.0
37,Alley Speed Hump Replacement (2024),N LECLAIRE AVE & W CHICAGO AVE&W SUPERIOR ST & N LAVERGNE AVE,$0.00,0.0
37,Alley Speed Hump Replacement (2024),N LOTUS AVE & W BLOOMINGDALE AVE&W CORTLAND ST & N LINDER AVE; 1800 N LOTUS AVE,$0.00,0.0
37,Alley Speed Hump Replacement (2024),W POTOMAC AVE & N LATROBE AVE&N LOCKWOOD AVE & W KAMERLING AVE,$0.00,0.0
37,Curb & Gutter Menu (2024),1400 N LAVERGNE AVE,"$53,188.55",53188.55
37,Curb & Gutter Menu (2024),1800 N LOTUS AVE,"$4,961.45",4961.45
37,Curb & Gutter Menu (2024),325 N LOTUS AVE,"$1,358.23",1358.23
37,Curb & Gutter Menu (2024),N KOLIN AVE & W IOWA ST,"$66,000.00",66000.0
37,Diagonal Parking Menu (2024),1540 N LOTUS AVE,"$112,000.00",112000.0
37,Miscellaneous CDOT Projects (2024),100-130 N LOTUS AVE,$300.00,300.0
37,Miscellaneous CDOT Projects (2024),101-143 N PINE AVE,$450.00,450.0
37,Sidewalk Menu (2024),1400 N LAVERGNE AVE,"$21,053.10",21053.1
37,Sidewalk Menu (2024),1401 N LARAMIE AVE,"$7,625.69",7625.69
37,Sidewalk Menu (2024),1444 N LARAMIE AVE,"$2,096.56",2096.56
37,Sidewalk Menu (2024),323 N PINE AVE; 320 N PINE AVE,"$15,134.65",15134.65
37,Sidewalk Menu (2024),4111 W KAMERLING AVE,"$5,815.45",5815.45
37,Sidewalk Menu (2024),5101 W POTOMAC AVE,"$13,705.45",13705.45
37,Sidewalk Menu (2024),5400 W OHIO ST; 601 N LOCKWOOD AVE,"$9,332.59",9332.59
37,Sidewalk Menu (2024),634 N LONG AVE,"$5,415.33",5415.33
37,Sidewalk Menu (2024),ON N LAVERGNE AVE FROM W DIVISION ST (1200 N) TO W CRYSTAL ST (1230 N),"$15,569.67",15569.67
37,Sidewalk Menu (2024),ON N LAVERGNE AVE FROM W POTOMAC AVE (1300 N) TO W HIRSCH ST (1400 N),"$158,517.57",158517.57
37,Sidewalk Menu (2024),W IOWA ST & N KEDVALE AVE; 900 N KEDVALE AVE,"$29,370.23",29370.23
37,Street Light Residential Staggered Piggy Back Menu (2024),ON W BLOOMINGDALE AVE FROM N LAMON AVE (4900 W) TO N LARAMIE AVE (5200 W),"$422,000.00",422000.0
37,Street Light Residential Staggered Piggy Back Menu (2024),ON W HURON ST FROM N LAVERGNE AVE (5000 W) TO N LECLAIRE AVE (5100 W),"$15,126.35",15126.35
37,Street Light Residential Staggered Piggy Back Menu (2024),ON W OHIO ST FROM N LAVERGNE AVE (5000 W) TO N LECLAIRE AVE (5100 W),"$98,148.78",98148.78
37,Street Light Upgrade Menu (2024),300 N LONG AVE,$500.00,500.0
37,Street Light Upgrade Menu (2024),303 N LOCKWOOD AVE,"$1,000.00",1000.0
37,Street Light Upgrade Menu (2024),4821 W OHIO ST,$500.00,500.0
37,Street Resurfacing Menu (2024),ON N KEELER AVE FROM W CHICAGO AVE (800 N) TO W IOWA ST (900 N),"$68,213.44",68213.44
37,Street Resurfacing Menu (2024),ON W ERIE ST FROM N LAVERGNE AVE (5000 W) TO N LECLAIRE AVE (5100 W); 5000 W ERIE ST,"$59,018.08",59018.08
37,Street Speed Hump Menu (2024),ON N LAVERGNE AVE FROM W HIRSCH ST (1400 N) TO W LE MOYNE ST (1500 N),"$4,880.00",4880.0
37,Street Speed Hump Menu (2024),ON N LOTUS AVE FROM W HIRSCH ST (1400 N) TO W LE MOYNE ST (1500 N); 1400 N LOTUS AVE,"$4,880.00",4880.0
37,Street Speed Hump Menu (2024),ON N SPRINGFIELD AVE FROM W AUGUSTA BLVD (1000 N) TO W THOMAS ST (1100 N),"$4,880.00",4880.0
37,Street Speed Hump Menu (2024),ON W HIRSCH ST FROM N LARAMIE AVE (5200 W) TO N CENTRAL AVE (5600 W),"$21,960.00",21960.0
37,Street Speed Hump Menu (2024),ON W LE MOYNE ST FROM N KILPATRICK AVE (4700 W) TO N KEATING AVE (4730 W),"$2,440.00",2440.0
37,Street Speed Hump Menu (2024),ON W WALTON ST FROM N LAMON AVE (4900 W) TO N LAVERGNE AVE (5000 W),"$4,880.00",4880.0
37,Street Speed Hump Replacement (2024),ON N KEELER AVE FROM W CHICAGO AVE (800 N) TO W IOWA ST (900 N),$0.00,0.0
38,Alley Apron Menu (2024),3212 N ORANGE AVE,"$14,381.31",14381.31
38,Alley Apron Menu (2024),3215 N OSAGE AVE,"$30,944.12",30944.12
38,Alley Apron Menu (2024),3217 N OZANAM AVE,"$17,298.15",17298.15
38,Alley Apron Menu (2024),3542 N NORA AVE,"$15,312.97",15312.97
38,Alley Apron Menu (2024),3542 N NORDICA AVE,"$16,679.36",16679.36
38,Alley Apron Menu (2024),3941 N PARIS AVE,"$30,434.43",30434.43
38,Alley Apron Menu (2024),5300 W CUYLER AVE,"$24,141.25",24141.25
38,Alley Apron Menu (2024),5456 W HUTCHINSON ST,"$21,183.26",21183.26
38,Alley Apron Menu (2024),5500 W HUTCHINSON ST,"$20,289.90",20289.9
38,Alley Apron Menu (2024),6345 W GRACE ST,"$29,205.19",29205.19
38,Curb & Gutter Menu (2024),ON N NORDICA AVE FROM W SCHOOL ST (3300 N) TO W ROSCOE ST (3400 N),"$4,473.93",4473.93
38,Miscellaneous CDOT Projects (2024),4500 N MULLIGAN AVE,$660.00,660.0
38,Sidewalk Menu (2024),3301 N ODELL AVE,"$5,568.77",5568.77
38,Street Light Upgrade Menu (2024),3218 N PARIS AVE,$500.00,500.0
38,Street Light Upgrade Menu (2024),4130-4132 N MOODY AVE,$500.00,500.0
38,Street Resurfacing Menu (2024),ON N FORESTVIEW AVE FROM 4553 N TO W WILSON AVE (4600 N),"$15,173.91",15173.91
38,Street Resurfacing Menu (2024),ON N FORESTVIEW AVE FROM 4553 N TO W WILSON AVE (4600 N); 4459-4521 N FORESTVIEW AVE,"$35,282.46",35282.46
38,Street Resurfacing Menu (2024),ON N MARIA CT FROM W CASTLEISLAND AVE (4540 N) TO W WINDSOR AVE (4600 N),"$36,663.22",36663.22
38,Street Resurfacing Menu (2024),ON N MOBILE AVE FROM W ADDISON ST (3600 N) TO W WAVELAND AVE (3700 N),"$70,227.37",70227.37
38,Street Resurfacing Menu (2024),ON N NEVA AVE FROM W SCHOOL ST (3300 N) TO W ROSCOE ST (3400 N),"$55,976.63",55976.63
38,Street Resurfacing Menu (2024),ON N NEWCASTLE AVE FROM W BELMONT AVE (3200 N) TO W SCHOOL ST (3300 N),"$53,727.89",53727.89
38,Street Resurfacing Menu (2024),ON N NORDICA AVE FROM W SCHOOL ST (3300 N) TO W ROSCOE ST (3400 N),"$60,194.12",60194.12
38,Street Resurfacing Menu (2024),ON N OCONTO AVE FROM W CORNELIA AVE (3500 N) TO W ADDISON ST (3600 N),"$58,607.89",58607.89
38,Street Resurfacing Menu (2024),ON N ODELL AVE FROM W WAVELAND AVE (3700 N) TO W GRACE ST (3800 N),"$56,248.97",56248.97
38,Street Resurfacing Menu (2024),ON N OLCOTT AVE FROM W ROSCOE ST (3400 N) TO W CORNELIA AVE (3500 N),"$69,294.74",69294.74
38,Street Resurfacing Menu (2024),ON N ORANGE AVE FROM W SCHOOL ST (3300 N) TO W ROSCOE ST (3400 N),"$59,934.26",59934.26
38,Street Resurfacing Menu (2024),ON N OZANAM AVE FROM W ROSCOE ST (3400 N) TO W CORNELIA AVE (3500 N),"$56,017.93",56017.93
38,Street Resurfacing Menu (2024),ON N PAGE AVE FROM W BYRON ST (3900 N) TO W IRVING PARK RD (4000 N),"$63,835.95",63835.95
38,Street Resurfacing Menu (2024),ON N PANAMA AVE FROM W ROSCOE ST (3400 N) TO W CORNELIA AVE (3500 N),"$63,276.05",63276.05
38,Street Resurfacing Menu (2024),ON N PANAMA AVE FROM W SCHOOL ST (3300 N) TO W ROSCOE ST (3400 N),"$58,092.40",58092.4
38,Street Resurfacing Menu (2024),ON N PARIS AVE FROM 3610 N TO W WAVELAND AVE (3700 N),"$41,690.49",41690.49
38,Street Resurfacing Menu (2024),ON N PARKSIDE AVE FROM 4433 N TO W SUNNYSIDE AVE (4500 N),"$26,925.82",26925.82
38,Street Resurfacing Menu (2024),ON W BELLE PLAINE AVE FROM N AUSTIN AVE (6000 W) TO N MCVICKER AVE (6030 W),"$26,568.32",26568.32
38,Street Resurfacing Menu (2024),ON W BERTEAU AVE FROM N MOBILE AVE (6300 W) TO N MULLIGAN AVE (6330 W),"$32,735.67",32735.67
38,Street Resurfacing Menu (2024),ON W BYRON ST FROM N MENARD AVE (5800 W) TO N MARMORA AVE (5900 W),"$50,199.17",50199.17
38,Street Resurfacing Menu (2024),ON W GRACE ST FROM N MOBILE AVE (6300 W) TO N NARRAGANSETT AVE (6400 W),"$49,165.72",49165.72
38,Street Resurfacing Menu (2024),ON W NEWPORT AVE FROM N SAYRE AVE (7000 W) TO N NORDICA AVE (7050 W),"$39,165.57",39165.57
38,Street Resurfacing Menu (2024),ON W SCHOOL ST FROM N PACIFIC AVE (8000 W) TO N PAGE AVE (8030 W),"$10,451.98",10451.98
38,Street Resurfacing Menu (2024),ON W WARWICK AVE FROM N MEADE AVE (6100 W) TO N MELVINA AVE (6200 W),"$50,482.56",50482.56
38,Street Speed Hump Menu (2024),ON N LEAMINGTON AVE FROM W BELLE PLAINE AVE (4100 N) TO W BERTEAU AVE (4200 N),"$4,880.00",4880.0
38,Street Speed Hump Menu (2024),ON N MENARD AVE FROM W MONTROSE AVE (4400 N) TO W SUNNYSIDE AVE (4500 N),"$4,880.00",4880.0
38,Street Speed Hump Menu (2024),ON N OCTAVIA AVE FROM W BYRON ST (3900 N) TO W IRVING PARK RD (4000 N),"$4,880.00",4880.0
38,Street Speed Hump Replacement (2024),ON N OCONTO AVE FROM W CORNELIA AVE (3500 N) TO W ADDISON ST (3600 N),$0.00,0.0
38,Street Speed Hump Replacement (2024),ON N ODELL AVE FROM W WAVELAND AVE (3700 N) TO W GRACE ST (3800 N),$0.00,0.0
38,Street Speed Hump Replacement (2024),ON N OLCOTT AVE FROM W ROSCOE ST (3400 N) TO W CORNELIA AVE (3500 N),$0.00,0.0
38,Street Speed Hump Replacement (2024),ON N PAGE AVE FROM W BYRON ST (3900 N) TO W IRVING PARK RD (4000 N),$0.00,0.0
38,Street Speed Hump Replacement (2024),ON N PANAMA AVE FROM W ROSCOE ST (3400 N) TO W CORNELIA AVE (3500 N),$0.00,0.0
38,Street Speed Hump Replacement (2024),ON N PARKSIDE AVE FROM 4433 N TO W SUNNYSIDE AVE (4500 N),$0.00,0.0
38,Street Speed Hump Replacement (2024),ON N PONTIAC AVE FROM W BELLE PLAINE AVE (4100 N) TO W BERTEAU AVE (4200 N),$0.00,0.0
38,Street Speed Hump Replacement (2024),ON W BYRON ST FROM N MENARD AVE (5800 W) TO N MARMORA AVE (5900 W),$0.00,0.0
38,Street Speed Hump Replacement (2024),ON W GRACE ST FROM N MOBILE AVE (6300 W) TO N NARRAGANSETT AVE (6400 W),$0.00,0.0
39,ADA - Street Resurfacing Menu (2024),ON N LEAVENWORTH AVE FROM 5553 N TO N LYNCH AVE (5530 N),"$14,490.00",14490.0
39,ADA - Street Resurfacing Menu (2024),ON N MCLEOD AVE FROM W PETERSON AVE (6000 N) TO W HUNTINGTON ST (6140 N),"$3,622.50",3622.5
39,ADA - Street Resurfacing Menu (2024),ON W ROSEMONT AVE FROM N PULASKI RD (4000 W) TO N KEDVALE AVE (4132 W),"$14,490.00",14490.0
39,Alley Apron Menu (2024),5811 N KILBOURN AVE,"$16,772.26",16772.26
39,Bollard Menu (2024),6042 W MIAMI AVE,"$4,343.64",4343.64
39,Curb & Gutter Menu (2024),5520 N VIRGINIA AVE,"$7,668.48",7668.48
39,Pavement Markings Menu (2024),5634-5642 N PULASKI RD,"$1,800.00",1800.0
39,Pavement Markings Menu (2024),W MONTROSE AVE & N KOSTNER AVE,"$2,200.00",2200.0
39,Street Light Upgrade Menu (2024),4923 N KEYSTONE AVE,$500.00,500.0
39,Street Light Upgrade Menu (2024),5240 N LAPORTE AVE,$500.00,500.0
39,Street Resurfacing Menu (2024),5683-5699 N KERBS AVE,"$69,493.94",69493.94
39,Street Resurfacing Menu (2024),ON N BERNARD ST FROM 5001 N TO W CARMEN AVE (5020 N),"$13,270.49",13270.49
39,Street Resurfacing Menu (2024),ON N CENTRAL PARK AVE FROM W BRYN MAWR AVE (5600 N) TO W HOLLYWOOD AVE (5700 N),"$63,232.27",63232.27
39,Street Resurfacing Menu (2024),ON N CLIFFORD AVE FROM 5787 N TO N LANSING AVE (5770 N),"$8,631.69",8631.69
39,Street Resurfacing Menu (2024),ON N FOREST GLEN AVE FROM N CALDWELL AVE (5850 N) TO W THORNDALE AVE (5900 N),"$28,007.94",28007.94
39,Street Resurfacing Menu (2024),ON N FOREST GLEN AVE FROM N CICERO AVE (5750 N) TO N CALDWELL AVE (5850 N),"$111,635.80",111635.8
39,Street Resurfacing Menu (2024),ON N HAMLIN AVE FROM 5111 N TO W CARMEN AVE (5100 N),"$11,765.27",11765.27
39,Street Resurfacing Menu (2024),ON N KEATING AVE FROM W LELAND AVE (4700 N) TO W LAWRENCE AVE (4800 N),"$61,889.83",61889.83
39,Street Resurfacing Menu (2024),ON N KILDARE AVE FROM W CULLOM AVE (4300 N) TO W MONTROSE AVE (4400 N),"$52,817.74",52817.74
39,Street Resurfacing Menu (2024),ON N KILPATRICK AVE FROM 6321 N TO W DEVON AVE (6350 N),"$44,154.60",44154.6
39,Street Resurfacing Menu (2024),ON N KOLMAR AVE FROM N CALDWELL AVE (5800 N) TO W THORNDALE AVE (5900 N),"$60,478.30",60478.3
39,Street Resurfacing Menu (2024),ON N LEAVENWORTH AVE FROM 5553 N TO N LYNCH AVE (5530 N),"$30,079.42",30079.42
39,Street Resurfacing Menu (2024),ON N LENOX AVE FROM N CALDWELL AVE (6120 N) TO N LEOTI AVE (6230 N),"$58,249.11",58249.11
39,Street Resurfacing Menu (2024),ON N LENOX AVE FROM N HIAWATHA AVE (6300 N) TO W DEVON AVE (6400 N),"$35,951.19",35951.19
39,Street Resurfacing Menu (2024),ON N LEONARD AVE FROM 5578 N TO N LYNCH AVE (5570 N),"$26,981.38",26981.38
39,Street Resurfacing Menu (2024),ON N LINDER AVE FROM 5798 N TO W ARDMORE AVE (5800 N),"$12,976.90",12976.9
39,Street Resurfacing Menu (2024),ON N MCLEOD AVE FROM W PETERSON AVE (6000 N) TO W HUNTINGTON ST (6140 N),"$39,355.43",39355.43
39,Street Resurfacing Menu (2024),ON N NAVAJO AVE FROM N CALDWELL AVE (6220 N) TO W DEVON AVE (6360 N),"$109,900.22",109900.22
39,Street Resurfacing Menu (2024),ON N SPRINGFIELD AVE FROM W ARGYLE ST (5000 N) TO W FOSTER AVE (5200 N),"$123,890.98",123890.98
39,Street Resurfacing Menu (2024),ON N ST LOUIS AVE FROM W FOSTER AVE (5200 N) TO W BALMORAL AVE (5400 N),"$126,701.43",126701.43
39,Street Resurfacing Menu (2024),ON N TRIPP AVE FROM W MONTROSE AVE (4400 N) TO N KEOKUK AVE (4500 N),"$52,817.53",52817.53
39,Street Resurfacing Menu (2024),ON W CATALPA AVE FROM 5111 W TO N FOREST GLEN AVE (5100 W),"$28,554.99",28554.99
39,Street Resurfacing Menu (2024),ON W CULLOM AVE FROM N KILDARE AVE (4300 W) TO N KOSTNER AVE (4400 W),"$69,313.32",69313.32
39,Street Resurfacing Menu (2024),ON W EASTWOOD AVE FROM 4014 W TO N KENNICOTT AVE (4120 W),"$21,281.52",21281.52
39,Street Resurfacing Menu (2024),ON W GLENLAKE AVE FROM N HARDING AVE (3930 W) TO N PULASKI RD (4000 W),"$27,300.15",27300.15
39,Street Resurfacing Menu (2024),ON W ROSEMONT AVE FROM N PULASKI RD (4000 W) TO N KEDVALE AVE (4132 W),"$86,936.10",86936.1
39,Street Resurfacing Menu (2024),ON W SUNNYSIDE AVE FROM N PULASKI RD (4000 W) TO N KASSON AVE (4100 W),"$38,771.96",38771.96
39,Street Resurfacing Menu (2024),ON W WILSON AVE FROM N PULASKI RD (4000 W) TO N KEYSTONE AVE (4030 W),"$19,173.61",19173.61
39,Street Speed Hump Replacement (2024),ON N FOREST GLEN AVE FROM N CALDWELL AVE (5850 N) TO W THORNDALE AVE (5900 N),$0.00,0.0
39,Street Speed Hump Replacement (2024),ON N FOREST GLEN AVE FROM N CICERO AVE (5750 N) TO N CALDWELL AVE (5850 N),$0.00,0.0
40,"(2024) In-Road ""State Law Stop For Pedestrians"" Sign Menu",W FOSTER AVE & N WINCHESTER AVE,$350.00,350.0
40,(2024) Miscellaneous CDOT Projects (2024),1500 W CATALPA AVE,$660.00,660.0
40,Alley Resurfacing Menu (2024),W GIDDINGS ST & N MANOR AVE&N MANOR AVE & W LAWRENCE AVE,"$32,212.61",32212.61
40,Alley Speed Hump Menu (2024),N CALIFORNIA AVE & W AINSLIE ST&W LAWRENCE AVE & N FRANCISCO AVE,"$2,175.00",2175.0
40,Alley Speed Hump Menu (2024),N MOZART ST & W AINSLIE ST&W ARGYLE ST & N CALIFORNIA AVE,"$1,450.00",1450.0
40,Alley Speed Hump Menu (2024),W THORNDALE AVE & N RAVENSWOOD AVE&N HERMITAGE AVE & W ROSEHILL DR,"$2,175.00",2175.0
40,Alley Speed Hump Removal Menu (2024),6059 N MAPLEWOOD AVE; W GLENLAKE AVE & N MAPLEWOOD AVE&N CAMPBELL AVE & W PETERSON AVE,$725.00,725.0
40,Alley Speed Hump Replacement (2024),W GIDDINGS ST & N MANOR AVE&N MANOR AVE & W LAWRENCE AVE,$0.00,0.0
40,Bollard Menu (2024),5243 N HOYNE AVE,"$1,402.67",1402.67
40,Concrete Alley Menu (2024),N FRANCISCO AVE & W ARGYLE ST&W AINSLIE ST & N FRANCISCO AVE,"$324,000.00",324000.0
40,Concrete Alley Menu (2024),W LAWRENCE AVE & N ROCKWELL ST&N TALMAN AVE & W LELAND AVE,"$82,693.03",82693.03
40,"In-Road ""State Law Stop For Pedestrians"" Sign Menu",N DAMEN AVE & W WINONA ST,$350.00,350.0
40,Miscellaneous CDOT Projects (2024),N RIDGE AVE & N RAVENSWOOD AVE,"$90,000.00",90000.0
40,Pavement Markings Menu (2024),ON N RIDGE AVE FROM W DEVON AVE (6400 N) TO W PRATT BLVD (6800 N),"$25,534.31",25534.31
40,Sidewalk Menu (2024),1834-1836 W FOSTER AVE,"$38,690.91",38690.91
40,Sidewalk Menu (2024),1921 W HOOD AVE,"$13,248.26",13248.26
40,Sidewalk Menu (2024),2235 W MORSE AVE,"$7,463.58",7463.58
40,Sidewalk Menu (2024),2239 W FARRAGUT AVE,"$10,404.51",10404.51
40,Sidewalk Menu (2024),2447 W GRANVILLE AVE,"$45,656.65",45656.65
40,Sidewalk Menu (2024),5634 N CAMPBELL AVE,"$2,583.36",2583.36
40,Sidewalk Menu (2024),5720 N WESTERN AVE,"$6,373.42",6373.42
40,Sidewalk Menu (2024),5915-5943 N ROCKWELL ST,"$17,355.17",17355.17
40,Sidewalk Menu (2024),6019 N TALMAN AVE,"$5,364.53",5364.53
40,Sidewalk Menu (2024),ON N CALIFORNIA AVE FROM W THORNDALE AVE (5900 N) TO W PETERSON AVE (6000 N),"$64,450.68",64450.68
40,Sidewalk Menu (2024),ON W PETERSON AVE FROM N CALIFORNIA AVE (2800 W) TO N RICHMOND ST (2930 W),"$68,615.30",68615.3
40,Street Bump Outs Menu (2024),N DAMEN AVE & W ALBION AVE,"$32,053.50",32053.5
40,Street Bump Outs Menu (2024),W EASTWOOD AVE & N FRANCISCO AVE,"$30,696.97",30696.97
40,Street Bump Outs Menu (2024),W LUNT AVE & N CAMPBELL AVE,"$19,227.19",19227.19
40,Street Bump Outs Menu (2024),W WINNEMAC AVE & N WOLCOTT AVE; W WINNEMAC AVE & N WINCHESTER AVE,"$75,552.96",75552.96
40,Street Resurfacing Menu (2024),ON N ROCKWELL ST FROM W COYLE AVE (6930 N) TO W LUNT AVE (7000 N),"$34,656.86",34656.86
40,Street Resurfacing Menu (2024),ON N ROCKWELL ST FROM W LAWRENCE AVE (4800 N) TO W AINSLIE ST (4900 N),"$67,484.86",67484.86
40,Street Resurfacing Menu (2024),ON N WOLCOTT AVE FROM W FOSTER AVE (5200 N) TO W FARRAGUT AVE (5230 N),"$25,660.20",25660.2
40,Street Resurfacing Menu (2024),ON W ARGYLE ST FROM N ROCKWELL ST (2600 W) TO N CALIFORNIA AVE (2800 W),"$112,112.53",112112.53
40,Street Resurfacing Menu (2024),ON W BERWYN AVE FROM N DAMEN AVE (2000 W) TO N HOYNE AVE (2100 W),"$64,599.96",64599.96
40,Street Resurfacing Menu (2024),ON W BERWYN AVE FROM N LINCOLN AVE (2500 W) TO N WASHTENAW AVE (2700 W),"$100,959.53",100959.53
40,Street Resurfacing Menu (2024),ON W GRANVILLE AVE FROM N DAMEN AVE (1999 W) TO N HOYNE AVE (2100 W),"$60,275.05",60275.05
40,Street Speed Hump Menu (2024),ON N CAMPBELL AVE FROM W GLENLAKE AVE (6100 N) TO W GRANVILLE AVE (6200 N),"$4,880.00",4880.0
40,Street Speed Hump Menu (2024),ON N LEAVITT ST FROM W SUMMERDALE AVE (5330 N) TO N BOWMANVILLE AVE (5400 N),"$2,440.00",2440.0
40,Street Speed Hump Menu (2024),ON N SEELEY AVE FROM 6550 N TO W ARTHUR AVE (6500 N),"$4,880.00",4880.0
40,Street Speed Hump Menu (2024),ON W WINNEMAC AVE FROM N PAULINA ST (1700 W) TO N RAVENSWOOD AVE (1800 W),"$2,440.00",2440.0
40,Street Speed Hump Replacement (2024),ON N ROCKWELL ST FROM W LAWRENCE AVE (4800 N) TO W AINSLIE ST (4900 N),$0.00,0.0
40,Street Speed Hump Replacement (2024),ON W BERWYN AVE FROM N DAMEN AVE (2000 W) TO N HOYNE AVE (2100 W),$0.00,0.0
40,Street Speed Hump Replacement (2024),ON W BERWYN AVE FROM N WESTERN AVE (2400 W) TO N WASHTENAW AVE (2700 W),$0.00,0.0
40,Street Traffic Circle Menu (2024),W GRANVILLE AVE & N CAMPBELL AVE,"$18,146.39",18146.39
41,ADA - Street Resurfacing Menu (2024),ON N OLMSTED AVE FROM N OLIPHANT AVE (6700 N) TO N OSHKOSH AVE (6740 N),"$7,245.00",7245.0
41,ADA - Street Resurfacing Menu (2024),ON W ROSEDALE AVE FROM N OTTAWA AVE (7640 W) TO N CANFIELD AVE (7829 W),"$18,112.50",18112.5
41,ADA - Street Resurfacing Menu (2024),ON W THORNDALE AVE FROM N AVONDALE AVE (6700 W) TO N EAST CIRCLE AVE (6900 W),"$10,867.50",10867.5
41,ADA - Street Resurfacing Menu (2024),ON W THORNDALE AVE FROM N OZARK AVE (7730 W) TO N CANFIELD AVE (7900 W),"$7,245.00",7245.0
41,Miscellaneous CDOT Projects (2024),6100 N NEVA AVE,$660.00,660.0
41,Miscellaneous CDOT Projects (2024),7166 N OZARK AVE,$660.00,660.0
41,Miscellaneous CDOT Projects (2024),7278 W HIGGINS AVE,"$20,485.02",20485.02
41,Miscellaneous CDOT Projects (2024),7300 N ORIOLE AVE,$864.00,864.0
41,Street Resurfacing Menu (2024),ON N EAST CIRCLE AVE FROM N NICOLET AVE (5730 N) TO N NINA AVE (6000 N),"$252,293.31",252293.31
41,Street Resurfacing Menu (2024),ON N NASHVILLE AVE FROM W FOSTER AVE (5200 N) TO W HIGGINS AVE (5300 N),"$54,872.91",54872.91
41,Street Resurfacing Menu (2024),ON N NATCHEZ AVE FROM W BALMORAL AVE (5400 N) TO W GREGORY ST (5530 N),"$89,649.99",89649.99
41,Street Resurfacing Menu (2024),ON N NAVARRE AVE FROM N NASHOTAH AVE (5940 N) TO N NETTLETON AVE (6100 N),"$166,642.05",166642.05
41,Street Resurfacing Menu (2024),ON N NEW ENGLAND AVE FROM 4822 N TO W STRONG ST (4900 N),"$40,486.75",40486.75
41,Street Resurfacing Menu (2024),ON N NORMANDY AVE FROM W STRONG ST (4900 N) TO W ARGYLE ST (5000 N),"$53,434.29",53434.29
41,Street Resurfacing Menu (2024),ON N OAK PARK AVE FROM W STRONG ST (4899 N) TO W ARGYLE ST (5000 N),"$52,578.89",52578.89
41,Street Resurfacing Menu (2024),ON N OLMSTED AVE FROM N OLIPHANT AVE (6700 N) TO N OSHKOSH AVE (6740 N),"$46,021.70",46021.7
41,Street Resurfacing Menu (2024),ON N OSHKOSH AVE FROM 6700 N TO N NORTHWEST HWY (6740 N),"$28,185.12",28185.12
41,Street Resurfacing Menu (2024),ON N RUTHERFORD AVE FROM 5025 N TO W FOSTER AVE (5200 N),"$78,957.44",78957.44
41,Street Resurfacing Menu (2024),ON N SAYRE AVE FROM W HIGGINS AVE (5442 N) TO W BALMORAL AVE (5400 N),"$34,839.78",34839.78
41,Street Resurfacing Menu (2024),ON W ARDMORE AVE FROM N OZARK AVE (7730 W) TO N CANFIELD AVE (7899 W),"$62,085.50",62085.5
41,Street Resurfacing Menu (2024),ON W BALMORAL AVE FROM N NEW ENGLAND AVE (6830 W) TO N NORDICA AVE (7000 W),"$98,961.47",98961.47
41,Street Resurfacing Menu (2024),ON W ROSEDALE AVE FROM N OTTAWA AVE (7640 W) TO N CANFIELD AVE (7829 W),"$115,232.06",115232.06
41,Street Resurfacing Menu (2024),ON W THORNDALE AVE FROM N AVONDALE AVE (6700 W) TO N EAST CIRCLE AVE (6900 W),"$125,977.36",125977.36
41,Street Resurfacing Menu (2024),ON W THORNDALE AVE FROM N OZARK AVE (7730 W) TO N CANFIELD AVE (7900 W),"$64,502.75",64502.75
41,Street Resurfacing Menu (2024),ON W VICTORIA ST FROM N OZARK AVE (7730 W) TO N CANFIELD AVE (7900 W),"$62,467.17",62467.17
41,Street Speed Hump Menu (2024),ON N MONT CLARE AVE FROM W SUMMERDALE AVE (5330 N) TO W BALMORAL AVE (5400 N),"$2,440.00",2440.0
41,Street Speed Hump Menu (2024),ON W IMLAY ST FROM N NEWCASTLE AVE (6800 W) TO N NEW ENGLAND AVE (6830 W),"$2,440.00",2440.0
42,Alley Apron Menu (2024),411 N DEARBORN ST,"$20,013.84",20013.84
42,Alley Resurfacing Menu (2024),111 W ILLINOIS ST; W ILLINOIS ST & N CLARK ST&N LA SALLE DR & W HUBBARD ST,"$17,613.29",17613.29
42,Alley Resurfacing Menu (2024),150 W SUPERIOR ST; W SUPERIOR ST & N LA SALLE DR&N WELLS ST & W CHICAGO AVE,"$11,494.99",11494.99
42,Alley Resurfacing Menu (2024),15 W DELAWARE PL; W DELAWARE PL & N DEARBORN ST&N STATE ST & W CHESTNUT ST,"$21,504.42",21504.42
42,Alley Resurfacing Menu (2024),E WACKER DR & N STATE ST&N WABASH AVE & E HADDOCK PL,"$33,125.34",33125.34
42,Alley Speed Hump Menu (2024),N STATE ST & E RANDOLPH ST&E BENTON PL & N WABASH AVE,$725.00,725.0
42,Alley Speed Hump Replacement (2024),W DELAWARE PL & N DEARBORN ST&N STATE ST & W CHESTNUT ST; 15 W DELAWARE PL,$0.00,0.0
42,Curb & Gutter Menu (2024),N LAKE SHORE DR & E OAK ST,"$2,441.68",2441.68
42,Curb & Gutter Menu (2024),ON N NEW ST FROM E RIVER DR (410 N) TO E NORTH WATER ST (430 N),"$16,171.14",16171.14
42,Left-Turn Arrow Menu (2024),N MICHIGAN AVE & E WACKER DR,"$43,292.42",43292.42
42,Miscellaneous CDOT Projects (2024),360 W OHIO ST,$563.44,563.44
42,Miscellaneous CDOT Projects (2024),ON E GRAND AVE FROM N LAKE SHORE DR (486 E) TO N STREETER DR (700 E),"$3,000.00",3000.0
42,Native/Butterfly Garden 42nd Ward 2024 Menu,337 E RANDOLPH ST,"$15,100.00",15100.0
42,Sidewalk Menu (2024),126 E CHESTNUT ST,"$10,715.33",10715.33
42,Sidewalk Menu (2024),230 W SUPERIOR ST,"$42,143.77",42143.77
42,Sidewalk Menu (2024),530 E GRAND AVE,"$63,099.91",63099.91
42,Sidewalk Menu (2024),919 N DEARBORN ST,"$14,627.01",14627.01
42,Sidewalk Menu (2024),E DELAWARE PL & N WABASH AVE,"$15,148.92",15148.92
42,Street Bump Outs Menu (2024),N STATE ST & W HURON ST,"$36,864.44",36864.44
42,Street Resurfacing Menu (2024),N LAKE SHORE DR & N LSD WACKER DR XR; 323 E WACKER DR,"$47,072.71",47072.71
42,Street Resurfacing Menu (2024),ON E GRAND AVE FROM N LSD GRAND AV ER (500 E) TO N STREETER DR (700 E),"$90,036.33",90036.33
42,Street Resurfacing Menu (2024),ON E ILLINOIS ST FROM 200 E TO N WABASH LOWER AVE (40 E),"$52,829.25",52829.25
42,Street Resurfacing Menu (2024),ON N RUSH ST FROM E DELAWARE PL (900 N) TO E CEDAR ST (1101 N),"$111,969.34",111969.34
42,Street Resurfacing Menu (2024),ON N RUSH ST FROM E HUBBARD ST (430 N) TO E ILLINOIS ST (500 N),"$25,626.49",25626.49
42,Street Resurfacing Menu (2024),ON W ERIE ST FROM N KINGSBURY ST (500 W) TO N LARRABEE ST (600 W),"$63,494.20",63494.2
42,Street Resurfacing Menu (2024),ON W HURON ST FROM N STATE ST (0 E) TO N DEARBORN ST (50 W),"$43,414.42",43414.42
42,Street Resurfacing Menu (2024),ON W ILLINOIS ST FROM N CLARK ST (100 W) TO N LA SALLE DR (140 W),"$38,927.16",38927.16
42,Street Resurfacing Menu (2024),ON W ILLINOIS ST FROM N ORLEANS ST (340 W) TO N KINGSBURY ST (400 W),"$80,739.59",80739.59
42,Street Resurfacing Menu (2024),ON W ILLINOIS ST FROM N STATE ST (0 E) TO N DEARBORN ST (50 W),"$56,241.11",56241.11
42,Street Resurfacing Menu (2024),ON W OHIO ST FROM 417 W TO N KINGSBURY ST (500 W),"$45,068.55",45068.55
42,Street Speed Hump Menu (2024),N COLUMBUS DR & E SOUTH WATER ST,"$2,000.00",2000.0
42,Street Speed Hump Replacement (2024),ON W ILLINOIS ST FROM N ORLEANS ST (340 W) TO N KINGSBURY ST (400 W),$0.00,0.0
42,Viaduct Improvement Menu (2024),ON E NORTH WATER LOWER ST FROM N MICHIGAN LOWER AVE (200 E) TO N ST CLAIR ST (230 E); ON E NORTH WATER ST FROM N WABASH LOWER AVE (100 E) TO N NEW ST (350 E),"$244,468.00",244468.0
42,Viaduct Improvement Menu (2024),ON N WABASH LOWER AVE FROM E KINZIE ST (400 N) TO E ILLINOIS ST (500 N),"$3,382.02",3382.02
43,Alley Apron Menu (2024),1852 N SHEFFIELD AVE,$511.71,511.71
43,Alley Resurfacing Menu (2024),W ARMITAGE AVE & N LARRABEE ST&N HOWE ST & W WILLOW ST; 605 W ARMITAGE AVE,"$11,094.74",11094.74
43,Arterial Street Bump Outs Menu (2024),N SHEFFIELD AVE & W MONTANA ST,"$18,289.55",18289.55
43,Miscellaneous CDOT Projects (2024),2534 N SHEFFIELD AVE,$660.00,660.0
43,Pavement Markings Menu (2024),ON W DICKENS AVE FROM N STOCKTON DR (280 W) TO N LINCOLN PARK WEST (300 W),"$27,504.91",27504.91
43,Sidewalk Menu (2024),2274 N LINCOLN AVE; ON N LINCOLN AVE FROM W BELDEN AVE (2300 N) TO W WEBSTER AVE (2200 N),"$22,752.61",22752.61
43,Street Bump Outs Menu (2024),N CLEVELAND AVE & W WISCONSIN ST,"$40,254.47",40254.47
43,Street Bump Outs Menu (2024),N SEDGWICK ST & W EUGENIE ST,"$7,146.01",7146.01
43,Street Bump Outs Menu (2024),N WELLS ST & W MENOMONEE ST,"$23,493.92",23493.92
43,Street Light Arterial Menu (2024),ON W ARMITAGE AVE FROM N HALSTED ST (800 W) TO N BISSELL ST (930 W),"$600,000.00",600000.0
43,Street Light Arterial Menu (2024),ON W FULLERTON AVE FROM N SHEFFIELD AVE (1000 W) TO N RACINE AVE (1200 W); ON N SHEFFIELD AVE FROM W BELDEN AVE (2300 N) TO W FULLERTON AVE (2400 N),"$60,000.00",60000.0
43,Street Light Residential Staggered Piggy Back Menu (2024),ON N HUDSON AVE FROM W MENOMONEE ST (1800 N) TO W WISCONSIN ST (1900 N),"$172,000.00",172000.0
43,Street Light Residential Staggered Piggy Back Menu (2024),ON N LAKEVIEW AVE FROM W FULLERTON PKWY (2400 N) TO W DEMING PL (2600 N),"$30,000.00",30000.0
43,Street Light Residential Staggered Piggy Back Menu (2024),ON W WRIGHTWOOD AVE FROM N LAKEVIEW AVE (400 W) TO N CLARK ST (600 W),"$295,206.91",295206.91
43,Street Resurfacing Menu (2024),1 W BURTON PL,"$27,257.00",27257.0
43,Street Resurfacing Menu (2024),ON N ASTOR ST FROM E SCOTT ST (1230 N) TO E GOETHE ST (1300 N),"$28,525.50",28525.5
43,Street Resurfacing Menu (2024),ON W BELDEN AVE FROM N GENEVA TER (600 W) TO N LINCOLN AVE (700 W),"$53,753.20",53753.2
43,Street Resurfacing Menu (2024),ON W BELDEN AVE FROM N SHEFFIELD AVE (1000 W) TO N SEMINARY AVE (1100 W),"$81,549.46",81549.46
44,(2024) Miscellaneous CDOT Projects (2024),3200 N HALSTED ST,$660.00,660.0
44,ADA - Alley Resurfacing Menu (2024),W BYRON ST & N LAKEWOOD AVE&N WAYNE AVE & W GRACE ST; 1311 W BYRON ST,"$10,869.52",10869.52
44,ADA - Alley Resurfacing Menu (2024),W WAVELAND AVE & N LAKEWOOD AVE&N WAYNE AVE & W GRACE ST; 1314 W WAVELAND AVE,"$7,245.00",7245.0
44,Alley Apron Menu (2024),1242 W WAVELAND AVE,"$21,102.14",21102.14
44,Alley Apron Menu (2024),3014 N KENMORE AVE,"$16,564.42",16564.42
44,Alley Apron Menu (2024),3014 N KENMORE AVE; 3015 N KENMORE AVE,"$27,377.89",27377.89
44,Alley Resurfacing Menu (2024),3131 N KENMORE AVE; N KENMORE AVE & W BARRY AVE&W BELMONT AVE & N SHEFFIELD AVE,"$21,414.05",21414.05
44,Alley Resurfacing Menu (2024),529 W WELLINGTON AVE,"$8,383.44",8383.44
44,Alley Resurfacing Menu (2024),807 W WOLFRAM ST; W WOLFRAM ST & N HALSTED ST&N MILDRED AVE & W DIVERSEY PKWY,"$16,336.95",16336.95
44,Alley Resurfacing Menu (2024),N LAKEWOOD AVE & W GRACE ST&W WAVELAND AVE & N MAGNOLIA AVE,"$37,575.01",37575.01
44,Alley Resurfacing Menu (2024),N RACINE AVE & W NEWPORT AVE&W CORNELIA AVE & N LAKEWOOD AVE,"$40,339.44",40339.44
44,Alley Resurfacing Menu (2024),N SEMINARY AVE & W SCHOOL ST&W BELMONT AVE & N CLIFTON AVE,"$25,604.86",25604.86
44,Alley Resurfacing Menu (2024),W BYRON ST & N LAKEWOOD AVE&N WAYNE AVE & W GRACE ST; 1311 W BYRON ST,"$26,110.92",26110.92
44,Alley Resurfacing Menu (2024),W SURF ST & N PINE GROVE AVE&N CAMBRIDGE AVE & W DIVERSEY PKWY,"$34,268.65",34268.65
44,Alley Resurfacing Menu (2024),W WAVELAND AVE & N LAKEWOOD AVE&N WAYNE AVE & W GRACE ST; 1314 W WAVELAND AVE,"$37,482.31",37482.31
44,Alley Resurfacing Menu (2024),W WAVELAND AVE & N WAYNE AVE&N LAKEWOOD AVE & W ADDISON ST,"$46,983.04",46983.04
44,Alley Speed Hump Menu (2024),3501 N SHEFFIELD AVE; W ADDISON ST & N SHEFFIELD AVE&N WILTON AVE & W CORNELIA AVE,"$2,175.00",2175.0
44,Alley Speed Hump Menu (2024),N CLARK ST & W NEWPORT AVE&W CORNELIA AVE & N SEMINARY AVE,"$2,900.00",2900.0
44,Alley Speed Hump Menu (2024),N PINE GROVE AVE & W DIVERSEY PKWY&W SURF ST & N CAMBRIDGE AVE,"$1,450.00",1450.0
44,Chicago Park District (2024),500 N LAKE SHORE DR,"$100,000.00",100000.0
44,Concrete Alley Menu (2024),W ROSCOE ST & N RACINE AVE&N LAKEWOOD AVE & W HENDERSON ST; 1243 W ROSCOE ST,"$50,359.91",50359.91
44,"In-Road ""State Law Stop For Pedestrians"" Sign Menu",W BELMONT AVE & N ORCHARD ST,$350.00,350.0
44,Miscellaneous CDOT Projects (2024),N ORCHARD ST & W BELMONT AVE,"$70,000.00",70000.0
44,Street Bump Outs Menu (2024),ON N SOUTHPORT AVE FROM W MELROSE ST (3232 N) TO W GRACE ST (3801 N),"$160,000.00",160000.0
44,Street Light Arterial Menu (2024),ON W BELMONT AVE FROM N CLARK ST (840 W) TO N SHEFFIELD AVE (999 W),"$250,000.00",250000.0
44,Street Resurfacing Menu (2024),ON N JANSSEN AVE FROM W ROSCOE ST (3400 N) TO W ADDISON ST (3600 N),"$67,358.24",67358.24
44,Street Resurfacing Menu (2024),ON N WAYNE AVE FROM W GRACE ST (3800 N) TO W BYRON ST (3900 N),"$49,998.41",49998.41
44,Street Resurfacing Menu (2024),ON W EDDY ST FROM N RACINE AVE (1200 W) TO N LAKEWOOD AVE (1300 W),"$60,713.81",60713.81
44,Street Resurfacing Menu (2024),ON W GRACE ST FROM 1157 W TO N CLIFTON AVE (1120 W),"$35,104.18",35104.18
44,Street Resurfacing Menu (2024),ON W OAKDALE AVE FROM N HALSTED ST (800 W) TO N MILDRED AVE (900 W),"$29,095.21",29095.21
44,Street Resurfacing Menu (2024),ON W OAKDALE AVE FROM N MILDRED AVE (900 W) TO N SHEFFIELD AVE (999 W),"$52,817.74",52817.74
44,Street Resurfacing Menu (2024),ON W OAKDALE AVE FROM N SHEFFIELD AVE (999 W) TO N SEMINARY AVE (1100 W),"$48,347.91",48347.91
44,Street Resurfacing Menu (2024),ON W WAVELAND AVE FROM N HALSTED ST (800 W) TO N FREMONT ST (900 W),"$23,458.24",23458.24
44,Street Speed Hump Menu (2024),ON W MELROSE ST FROM N BROADWAY (600 W) TO N HALSTED ST (800 W),"$12,200.00",12200.0
44,Street Speed Hump Replacement (2024),ON N WAYNE AVE FROM W GRACE ST (3800 N) TO W BYRON ST (3900 N),$0.00,0.0
44,Street Speed Hump Replacement (2024),ON W EDDY ST FROM N RACINE AVE (1200 W) TO N LAKEWOOD AVE (1300 W),$0.00,0.0
44,Street Speed Hump Replacement (2024),ON W OAKDALE AVE FROM N SHEFFIELD AVE (999 W) TO N SEMINARY AVE (1100 W),$0.00,0.0
45,ADA - Alley Resurfacing Menu (2024),N CALDWELL AVE & N TONTY AVE&N WILDWOOD AVE & N LEOTI AVE; 6755 N CALDWELL,"$7,245.00",7245.0
45,ADA - Alley Resurfacing Menu (2024),AVE N MINNETONKA AVE & N LEHIGH AVE&N CALDWELL AVE & N ALGONQUIN AVE; 6515 N MINNETONKA AVE,"$7,245.00",7245.0
45,ADA - Alley Resurfacing Menu (2024),W TOUHY AVE & N MOBILE AVE&N NAGLE AVE & W FITCH AVE; 6301 W TOUHY AVE,"$7,245.00",7245.0
45,ADA - Street Resurfacing Menu (2024),ON N ALGONQUIN AVE FROM 6471 N TO N TAHOMA AVE (6530 N),"$21,735.00",21735.0
45,ADA - Street Resurfacing Menu (2024),ON N LIEB AVE FROM N LONG AVE (5240 N) TO N LIANO AVE (5340 N),"$36,225.00",36225.0
45,ADA - Street Resurfacing Menu (2024),ON N TAHOMA AVE FROM N MCALPIN AVE (6970 N) TO W ESTES AVE (7100 N),"$7,245.00",7245.0
45,Alley Resurfacing Menu (2024),6301 W TOUHY AVE; W TOUHY AVE & N MOBILE AVE&N NAGLE AVE & W FITCH AVE,"$12,520.51",12520.51
45,Alley Resurfacing Menu (2024),6755 N CALDWELL AVE; N CALDWELL AVE & N TONTY AVE&N WILDWOOD AVE & N LEOTI,"$13,394.20",13394.2
45,Alley Resurfacing Menu (2024),AVE N MULLIGAN AVE & W BRYN MAWR AVE&W BRYN MAWR AVE & N AVONDALE AVE; 5621 N MULLIGAN AVE,"$41,107.30",41107.3
45,Alley Speed Hump Menu (2024),W MONTROSE AVE & N CICERO AVE&N CICERO AVE & W PENSACOLA AVE,"$2,175.00",2175.0
45,Alley Speed Hump Replacement (2024),N MULLIGAN AVE & W BRYN MAWR AVE&W BRYN MAWR AVE & N AVONDALE AVE; 5621 N MULLIGAN AVE,$0.00,0.0
45,Speed Indicator Signs (2024),N CENTRAL AVE & W CATALPA AVE,"$7,879.96",7879.96
45,Street Light Upgrade Menu (2024),4958 N MILWAUKEE AVE,$500.00,500.0
45,Street Light Upgrade Menu (2024),5329 N MELVINA AVE,$500.00,500.0
45,Street Resurfacing Menu (2024),ON N ALGONQUIN AVE FROM 6471 N TO N TAHOMA AVE (6530 N),"$35,583.20",35583.2
45,Street Resurfacing Menu (2024),ON N KOLMAR AVE FROM W IRVING PARK RD (4000 N) TO W BERTEAU AVE (4200 N),"$141,873.42",141873.42
45,Street Resurfacing Menu (2024),ON N LAMON AVE FROM W HUTCHINSON ST (4230 N) TO W CULLOM AVE (4300 N),"$18,633.40",18633.4
45,Street Resurfacing Menu (2024),ON N LEOTI AVE FROM 6833 N TO N TONTY AVE (6850 N),"$14,777.57",14777.57
45,Street Resurfacing Menu (2024),ON N LIEB AVE FROM N LONG AVE (5240 N) TO N LIANO AVE (5340 N),"$75,183.09",75183.09
45,Street Resurfacing Menu (2024),ON N LOLETA AVE FROM N CALDWELL AVE (6600 N) TO N HIAWATHA AVE (6800 N),"$124,110.36",124110.36
45,Street Resurfacing Menu (2024),ON N LORON AVE FROM N HIAWATHA AVE (6800 N) TO N LOLETA AVE (6900 N),"$118,406.86",118406.86
45,Street Resurfacing Menu (2024),ON N LOTUS AVE FROM W BALMORAL AVE (5400 N) TO W CATALPA AVE (5500 N),"$55,254.58",55254.58
45,Street Resurfacing Menu (2024),ON N MCALPIN AVE FROM N MEDFORD AVE (7000 N) TO N CALDWELL AVE (7000 N),"$29,333.98",29333.98
45,Street Resurfacing Menu (2024),ON N MCALPIN AVE FROM N SIOUX AVE (7100 N) TO N IONIA AVE (7200 N),"$70,286.16",70286.16
45,Street Resurfacing Menu (2024),ON N MCALPIN AVE FROM N TAHOMA AVE (7030 N) TO N HIAWATHA AVE (7100 N),"$50,165.30",50165.3
45,Street Resurfacing Menu (2024),ON N MENARD AVE FROM N MILWAUKEE AVE (5530 N) TO W BRYN MAWR AVE (5600 N),"$39,640.33",39640.33
45,Street Resurfacing Menu (2024),ON N NOKOMIS AVE FROM W DEVON AVE (6400 N) TO N IONIA AVE (6500 N),"$76,285.45",76285.45
45,Street Resurfacing Menu (2024),ON N PARKSIDE AVE FROM N LOVEJOY AVE (5430 N) TO N MILWAUKEE AVE (5340 N),"$22,606.82",22606.82
45,Street Resurfacing Menu (2024),ON N PARKSIDE AVE FROM N LOVEJOY AVE (5430 N) TO W CATALPA AVE (5500 N),"$54,890.40",54890.4
45,Street Resurfacing Menu (2024),ON N SIOUX AVE FROM W TOUHY AVE (7200 N) TO N MANKATO AVE (7130 N),"$25,865.72",25865.72
45,Street Resurfacing Menu (2024),ON N TAHOMA AVE FROM N MCALPIN AVE (6970 N) TO W ESTES AVE (7100 N),"$97,531.78",97531.78
45,Street Resurfacing Menu (2024),ON N TONTY AVE FROM N HIAWATHA AVE (6900 N) TO N LEHIGH AVE (7000 N),"$157,576.28",157576.28
45,Street Resurfacing Menu (2024),ON N WAUKESHA AVE FROM N CALDWELL AVE (6500 N) TO N LEHIGH AVE (6599 N),"$81,149.66",81149.66
45,Street Resurfacing Menu (2024),ON W HIGHLAND AVE FROM 6527 W TO N NEENAH AVE (6500 W),"$28,097.04",28097.04
45,Street Speed Hump Menu (2024),ON N HAMLIN AVE FROM W IRVING PARK RD (4000 N) TO W BELLE PLAINE AVE (4100 N),"$4,880.00",4880.0
45,Street Speed Hump Menu (2024),ON N MENARD AVE FROM N MILWAUKEE AVE (5530 N) TO W BRYN MAWR AVE (5600 N),$726.62,726.62
45,Street Speed Hump Menu (2024),ON W CARMEN AVE FROM N LAMON AVE (4900 W) TO N LAVERGNE AVE (5000 W),"$4,880.00",4880.0
45,Street Speed Hump Replacement (2024),ON N KOLMAR AVE FROM W IRVING PARK RD (4000 N) TO W BERTEAU AVE (4200 N),$0.00,0.0
46,Alley Apron Menu (2024),1521 W BYRON ST,"$120,451.21",120451.21
46,Concrete Alley Menu (2024),N CLARENDON AVE & W EASTWOOD AVE; 826 W WILSON AVE; N CLARENDON AVE & W,"$1,343.55",1343.55
46,Concrete Alley Menu (2024),WILSON AVE N CLARENDON AVE & W WILSON AVE; N CLARENDON AVE & W EASTWOOD AVE; 826 W WILSON AVE,"$20,850.11",20850.11
46,Concrete Alley Menu (2024),W LAWRENCE AVE & N WINTHROP AVE&N KENMORE AVE & W AINSLIE ST,"$17,650.32",17650.32
46,Concrete Alley Menu (2024),W LELAND AVE & N CLARENDON AVE; W EASTWOOD AVE & N CLARENDON AVE; 851 W LELAND AVE,"$178,000.00",178000.0
46,Curb & Gutter Menu (2024),4231-4233 N KENMORE AVE,"$16,373.86",16373.86
46,LED Traffic Signal Upgrades & Pedestrian Countdown,W IRVING PARK RD & N MARINE DR,"$26,845.91",26845.91
46,Miscellaneous CDOT Projects (2024),ON W LAWRENCE AVE FROM N SHERIDAN RD (1000 W) TO N BROADWAY (1200 W),"$20,829.10",20829.1
46,Miscellaneous CDOT Projects (2024),W SUNNYSIDE AVE & N MAGNOLIA AVE,"$277,441.60",277441.6
46,Park District - Gill Park - Multi-sport Court,825 W SHERIDAN RD,"$100,000.00",100000.0
46,Pavement Markings Menu (2024),N FREMONT ST & W BRADLEY PL,$500.00,500.0
46,Pavement Markings Menu (2024),ON N BROADWAY FROM W WAVELAND AVE (3699 N) TO W GRACE ST (3799 N),"$1,800.00",1800.0
46,Sidewalk Menu (2024),4007 N CLARENDON AVE,"$3,554.70",3554.7
46,Sidewalk Menu (2024),4147 N BROADWAY,"$17,340.95",17340.95
46,Sidewalk Menu (2024),4850 N KENMORE AVE,"$53,378.01",53378.01
46,Sidewalk Menu (2024),727-737 W HUTCHINSON ST,"$139,236.72",139236.72
46,Sidewalk Menu (2024),730 W HUTCHINSON ST,"$13,034.08",13034.08
46,Sidewalk Menu (2024),826 W WILSON AVE,"$17,784.16",17784.16
46,Sidewalk Menu (2024),915 W GRACE ST,"$7,101.31",7101.31
46,Sidewalk Menu (2024),ON W WINDSOR AVE FROM N CLARENDON AVE (800 W) TO N SHERIDAN RD (1000 W); 902 W WINDSOR AVE,"$60,768.11",60768.11
46,Signal (2024) Miscellaneous CDOT Projects (2024),N BROADWAY & N CLARENDON AVE,"$70,000.00",70000.0
46,Speed Indicator Signs (2024),W LAWRENCE AVE & N MALDEN ST; W LAWRENCE AVE & N BEACON ST,"$28,300.70",28300.7
46,Street Bump Outs Menu (2024),N HAZEL ST & W SUNNYSIDE AVE,"$23,687.23",23687.23
46,Street Bump Outs Menu (2024),W BYRON ST & N GREENVIEW AVE,"$33,600.00",33600.0
46,Street Bump Outs Menu (2024),W BYRON ST & N JANSSEN AVE,"$33,600.00",33600.0
46,Street Bump Outs Menu (2024),W LAWRENCE AVE & N KENMORE AVE,"$5,268.20",5268.2
46,Street Resurfacing Menu (2024),1311 W LAWRENCE AVE,"$2,527.84",2527.84
46,Street Resurfacing Menu (2024),ON W CORNELIA AVE FROM N LAKE SHORE DR (500 W) TO N BROADWAY (643 W),"$108,269.57",108269.57
46,Street Resurfacing Menu (2024),ON W WAVELAND AVE FROM N HALSTED ST (800 W) TO N FREMONT ST (900 W),"$23,419.09",23419.09
46,Street Speed Hump Menu (2024),ON N HAZEL ST FROM W AGATITE AVE (4430 N) TO W WINDSOR AVE (4530 N),"$4,880.00",4880.0
46,Street Speed Hump Removal Menu (2024),ON W SUNNYSIDE AVE FROM N HAZEL ST (900 W) TO N SHERIDAN RD (1000 W),"$2,440.00",2440.0
47,"(2024) In-Road ""State Law Stop For Pedestrians"" Sign Menu",W ADDISON ST & N HERMITAGE AVE,$600.00,600.0
47,"(2024) In-Road ""State Law Stop For Pedestrians"" Sign Menu",W MONTROSE AVE & N CLAREMONT AVE,$600.00,600.0
47,"(2024) In-Road ""State Law Stop For Pedestrians"" Sign Menu",W MONTROSE AVE & N HERMITAGE AVE,$350.00,350.0
47,"(2024) In-Road ""State Law Stop For Pedestrians"" Sign Menu",W MONTROSE AVE & N MAPLEWOOD AVE,$600.00,600.0
47,(2024) Installation of pedestrian countdown signals at N. Ashland,N ASHLAND AVE & W WILSON AVE N LINCOLN AVE & W SUNNYSIDE AVE; N LINCOLN AVE & W GIDDINGS ST; N LINCOLN AVE &,"$175,637.64",175637.64
47,Alley Apron Menu (2024),3141 N CAMPBELL AVE,"$2,843.25",2843.25
47,Alley Resurfacing Menu (2024),W ADDISON ST & N LINCOLN AVE&N WOLCOTT AVE & W PATTERSON AVE,"$28,504.54",28504.54
47,Alley Speed Hump Menu (2024),2510 W IRVING PARK RD; W IRVING PARK RD & N CAMPBELL AVE&N MAPLEWOOD AVE & W,"$1,450.00",1450.0
47,Alley Speed Hump Menu (2024),BELLE PLAINE AVE 2544 W IRVING PARK RD; W IRVING PARK RD & N MAPLEWOOD AVE&N ROCKWELL ST & W BELLE PLAINE AVE,"$1,450.00",1450.0
47,Ave. & W. Wilson Ave. Miscellaneous CDOT Projects (2024),W LAWRENCE AVE; N LINCOLN AVE & W EASTWOOD AVE; N LINCOLN AVE & W WILSON AVE; N LINCOLN AVE & W MONTROSE AVE,"$48,000.00",48000.0
47,Berteau for LPI Curb & Gutter Menu (2024),1457-1459 W SUNNYSIDE AVE,"$9,281.87",9281.87
47,Bike Lane/Marked Shared Lane Menu (2024),N LINCOLN AVE & W ADDISON ST,"$100,000.00",100000.0
47,Controller-only upgrade from HMC to ATC at Ashland-,N ASHLAND AVE & W BERTEAU AVE,"$7,492.25",7492.25
47,Curb & Gutter Menu (2024),1520 W BELLE PLAINE AVE,"$6,560.42",6560.42
47,Curb & Gutter Menu (2024),2113 W GIDDINGS ST,"$8,863.91",8863.91
47,Curb & Gutter Menu (2024),2620 W WILSON AVE,"$6,752.81",6752.81
47,Curb & Gutter Menu (2024),3847 N HOYNE AVE,"$82,036.08",82036.08
47,Curb & Gutter Menu (2024),4554 N PAULINA ST,"$2,436.90",2436.9
47,Curb & Gutter Menu (2024),ON W GRACE ST FROM N RAVENSWOOD AVE (1759 W) TO N LINCOLN AVE (1900 W),"$23,936.35",23936.35
47,"In-Road ""State Law Stop For Pedestrians"" Sign Menu",N DAMEN AVE & W EASTWOOD AVE,$350.00,350.0
47,"In-Road ""State Law Stop For Pedestrians"" Sign Menu",W WILSON AVE & N CLAREMONT AVE,$600.00,600.0
47,Miscellaneous CDOT Projects (2024),W LAWRENCE AVE & N HERMITAGE AVE,"$5,200.00",5200.0
47,Miscellaneous CDOT Projects (2024),W LAWRENCE AVE & N WINCHESTER AVE,"$100,000.00",100000.0
47,Pavement Markings Menu (2024),N DAMEN AVE & W GRACE ST,"$2,000.00",2000.0
47,Pavement Markings Menu (2024),W LAWRENCE AVE & N WINCHESTER AVE,"$5,500.00",5500.0
47,Sidewalk Menu (2024),1765 W AINSLIE ST,"$8,286.57",8286.57
47,Sidewalk Menu (2024),2042 W GRACE ST,"$4,877.90",4877.9
47,Sidewalk Menu (2024),2316 W GRACE ST,"$14,178.92",14178.92
47,Sidewalk Menu (2024),2429 W IRVING PARK RD,"$3,825.62",3825.62
47,Sidewalk Menu (2024),2448 W ADDISON ST,"$12,523.85",12523.85
47,Sidewalk Menu (2024),2559 W CULLOM AVE,"$11,960.83",11960.83
47,Sidewalk Menu (2024),3522-3526 N DAMEN AVE,"$9,797.08",9797.08
47,Sidewalk Menu (2024),3534 N HERMITAGE AVE,"$7,496.80",7496.8
47,Sidewalk Menu (2024),3733 N OAKLEY AVE,"$6,259.62",6259.62
47,Sidewalk Menu (2024),3819-3821 N RAVENSWOOD AVE E,"$6,529.48",6529.48
47,Sidewalk Menu (2024),3834 N HAMILTON AVE,"$1,796.62",1796.62
47,Sidewalk Menu (2024),3934 N PAULINA ST,"$10,661.09",10661.09
47,Sidewalk Menu (2024),4053 N LEAVITT ST,"$18,799.44",18799.44
47,Sidewalk Menu (2024),4157 N BELL AVE,"$2,994.73",2994.73
47,Sidewalk Menu (2024),4518 N MAPLEWOOD AVE,"$8,901.66",8901.66
47,Sidewalk Menu (2024),4737 N LINCOLN AVE,"$142,257.36",142257.36
47,Sidewalk Menu (2024),W SUNNYSIDE AVE & N CLAREMONT AVE; 2340 W SUNNYSIDE AVE,"$27,755.02",27755.02
47,Street Bump Outs Menu (2024),ON N RAVENSWOOD AVE FROM W WAVELAND AVE (3700 N) TO W GRACE ST (3800 N),"$35,106.98",35106.98
47,Street Bump Outs Menu (2024),ON N ROCKWELL ST FROM W SUNNYSIDE AVE (4500 N) TO W WINDSOR AVE (4530 N),"$33,235.56",33235.56
47,Street Bump Outs Menu (2024),W BELLE PLAINE AVE & N MAPLEWOOD AVE; W BELLE PLAINE AVE & N WESTERN AVE,"$32,000.00",32000.0
47,Street Resurfacing Menu (2024),ON N PAULINA ST FROM W BELLE PLAINE AVE (4100 N) TO W BERTEAU AVE (4200 N),"$58,983.03",58983.03
47,Street Resurfacing Menu (2024),ON N PAULINA ST FROM W BELLE PLAINE AVE (4100 N) TO W BERTEAU AVE (4200 N); N PAULINA ST & W BERTEAU AVE,"$7,939.65",7939.65
47,Street Resurfacing Menu (2024),ON W BERTEAU AVE FROM N WESTERN AVE (2400 W) TO N CAMPBELL AVE (2520 W),"$76,064.16",76064.16
47,Street Resurfacing Menu (2024),ON W CULLOM AVE FROM N BELL AVE (2230 W) TO N WESTERN AVE (2400 W),"$102,984.56",102984.56
47,Street Resurfacing Menu (2024),ON W SUNNYSIDE AVE FROM N WESTERN AVE (2400 W) TO N CAMPBELL AVE (2500 W),"$68,121.41",68121.41
47,Street Speed Hump Menu (2024),ON N ARTESIAN AVE FROM W ADDISON ST (3600 N) TO W WAVELAND AVE (3700 N),"$4,880.00",4880.0
47,Street Speed Hump Menu (2024),ON N CAMPBELL AVE FROM W SUNNYSIDE AVE (4500 N) TO W WILSON AVE (4600 N),"$4,880.00",4880.0
47,Street Speed Hump Menu (2024),ON N OAKLEY AVE FROM W CULLOM AVE (4300 N) TO W MONTROSE AVE (4400 N),"$4,880.00",4880.0
47,Street Speed Hump Menu (2024),ON N RAVENSWOOD AVE FROM W WAVELAND AVE (3700 N) TO W GRACE ST (3800 N),"$4,880.00",4880.0
47,Street Speed Hump Menu (2024),ON W BELLE PLAINE AVE FROM N CAMPBELL AVE (2500 W) TO N MAPLEWOOD AVE (2530 W),"$2,440.00",2440.0
47,Street Speed Hump Menu (2024),ON W BERTEAU AVE FROM N WOLCOTT AVE (1900 W) TO N WINCHESTER AVE (1920 W),"$2,440.00",2440.0
47,Street Speed Hump Menu (2024),ON W LARCHMONT AVE FROM N WOLCOTT AVE (1900 W) TO N LINCOLN AVE (1940 W),"$2,440.00",2440.0
47,Street Speed Hump Menu (2024),ON W PATTERSON AVE FROM N WOLCOTT AVE (1900 W) TO N DAMEN AVE (2000 W),"$4,880.00",4880.0
47,Street Speed Hump Menu (2024),ON W ROSCOE ST FROM N LINCOLN AVE (1700 W) TO N RAVENSWOOD AVE W (1800 W),"$4,880.00",4880.0
47,Street Speed Hump Menu (2024),ON W WINNEMAC AVE FROM N PAULINA ST (1700 W) TO N RAVENSWOOD AVE (1800 W),"$2,440.00",2440.0
47,Street Speed Hump Replacement (2024),ON W BERTEAU AVE FROM N WESTERN AVE (2400 W) TO N CAMPBELL AVE (2520 W),$0.00,0.0
47,Street Speed Hump Replacement (2024),ON W CULLOM AVE FROM N BELL AVE (2230 W) TO N WESTERN AVE (2400 W); 4300 N WESTERN AVE,$0.00,0.0
48,"48th Ward 2024 Menu, Nature Play Space at 1501 W",1501 W ELMDALE AVE,"$25,000.00",25000.0
48,Alley Apron Menu (2024),6301 N WINTHROP AVE,"$14,152.87",14152.87
48,Alley Resurfacing Menu (2024),5807 N WINTHROP AVE; W THORNDALE AVE & N KENMORE AVE&N WINTHROP AVE & W,"$57,841.08",57841.08
48,Alley Resurfacing Menu (2024),ARDMORE AVE N BROADWAY & W ROSEMONT AVE&W SHERIDAN RD & N WINTHROP AVE; 1124 W ROSEMONT AVE,"$10,722.47",10722.47
48,Alley Resurfacing Menu (2024),N CLARK ST & W BRYN MAWR AVE&W OLIVE AVE & N GLENWOOD AVE,"$25,288.57",25288.57
48,Alley Resurfacing Menu (2024),N KENMORE AVE & W GLENLAKE AVE&W THORNDALE AVE & N WINTHROP AVE; 6022 N,"$38,281.07",38281.07
48,Alley Resurfacing Menu (2024),KENMORE AVE N KENMORE AVE & W GRANVILLE AVE&W ROSEMONT AVE & N SHERIDAN RD; 6225 N KENMORE AVE,"$16,347.72",16347.72
48,Alley Speed Hump Menu (2024),W ARDMORE AVE & N MAGNOLIA AVE&N GLENWOOD AVE & W ROSEDALE AVE,"$1,450.00",1450.0
48,Alley Speed Hump Menu (2024),W CATALPA AVE & N KENMORE AVE&N WINTHROP AVE & W BRYN MAWR AVE,"$1,450.00",1450.0
48,Alley Speed Hump Replacement (2024),5807 N WINTHROP AVE; W THORNDALE AVE & N KENMORE AVE&N WINTHROP AVE & W,$0.00,0.0
48,Alley Speed Hump Replacement (2024),ARDMORE AVE 6022 N KENMORE AVE; N KENMORE AVE & W GLENLAKE AVE&W THORNDALE AVE & N WINTHROP AVE,$0.00,0.0
48,Alley Speed Hump Replacement (2024),N CLARK ST & W BRYN MAWR AVE&W OLIVE AVE & N GLENWOOD AVE,$0.00,0.0
48,Alley Speed Hump Replacement (2024),N KENMORE AVE & W GRANVILLE AVE&W ROSEMONT AVE & N SHERIDAN RD; 6225 N KENMORE AVE,$0.00,0.0
48,Arterial Street Bump Outs Menu (2024),5531 N CLARK ST; N CLARK ST & W GREGORY ST,"$160,000.00",160000.0
48,Bollard Menu (2024),ON W ARGYLE ST FROM N SHERIDAN RD (1000 W) TO N BROADWAY (1200 W),"$1,442.89",1442.89
48,Chicago Park District (2024),5887 N RIDGE AVE,"$250,000.00",250000.0
48,Curb & Gutter Menu (2024),5013 N WINTHROP AVE,"$3,184.87",3184.87
48,Curb & Gutter Menu (2024),5800 N RIDGE AVE,"$19,013.69",19013.69
48,Curb & Gutter Menu (2024),N GLENWOOD AVE & W ARDMORE AVE,"$250,000.00",250000.0
48,Curb & Gutter Menu (2024),N SHERIDAN RD & W ARDMORE AVE,"$27,369.94",27369.94
48,Curb & Gutter Menu (2024),N SHERIDAN RD & W GLENLAKE AVE,"$27,369.94",27369.94
48,Curb & Gutter Menu (2024),N SHERIDAN RD & W GRANVILLE AVE,"$26,990.38",26990.38
48,Curb & Gutter Menu (2024),N SHERIDAN RD & W ROSEMONT AVE,"$28,437.86",28437.86
48,Curb & Gutter Menu (2024),N SHERIDAN RD & W THORNDALE AVE,"$29,787.44",29787.44
48,"Elmdale, Chicago, IL 60660 Alley Apron Menu (2024)",5646 N GLENWOOD AVE,"$15,451.36",15451.36
48,Miscellaneous CDOT Projects (2024),5400 N WAYNE AVE,$660.00,660.0
48,Sidewalk Menu (2024),6246-6252 N GREENVIEW AVE,"$7,319.97",7319.97
48,Sidewalk Menu (2024),W FOSTER AVE & N KENMORE AVE&N WINTHROP AVE & W WINONA ST; 1057 W FOSTER AVE,"$2,185.32",2185.32
48,Speed Indicator Signs (2024),6147 N SHERIDAN RD,"$16,310.35",16310.35
48,Street Bump Outs Menu (2024),N MAGNOLIA AVE & W ELMDALE AVE,"$16,000.00",16000.0
48,Street Bump Outs Menu (2024),W OLIVE AVE & N GLENWOOD AVE,"$32,000.00",32000.0
48,Street Resurfacing Menu (2024),ON N GLENWOOD AVE FROM W BALMORAL AVE (5400 N) TO W CATALPA AVE (5500 N),"$69,974.34",69974.34
48,Street Resurfacing Menu (2024),ON N GLENWOOD AVE FROM W BRYN MAWR AVE (5600 N) TO N RIDGE AVE (5800 N),"$131,878.79",131878.79
48,Street Resurfacing Menu (2024),ON N GLENWOOD AVE FROM W FOSTER AVE (5200 N) TO W BERWYN AVE (5300 N),"$68,642.24",68642.24
48,Street Resurfacing Menu (2024),ON N WAYNE AVE FROM W ROSEMONT AVE (6300 N) TO W DEVON AVE (6400 N),"$51,995.61",51995.61
48,Street Resurfacing Menu (2024),ON W GLENLAKE AVE FROM N SHERIDAN RD (1000 W) TO N KENMORE AVE (1040 W),"$30,708.01",30708.01
48,Street Speed Hump Menu (2024),ON W ARDMORE AVE FROM N RIDGE AVE (1500 W) TO N CLARK ST (1600 W),"$4,880.00",4880.0
48,Street Speed Hump Menu (2024),ON W ARGYLE ST FROM N MARINE DR (820 W) TO N SHERIDAN RD (1000 W),"$9,760.00",9760.0
48,Street Speed Hump Replacement (2024),ON N GLENWOOD AVE FROM W BALMORAL AVE (5400 N) TO W CATALPA AVE (5500 N),$0.00,0.0
48,Street Speed Hump Replacement (2024),ON N GLENWOOD AVE FROM W BRYN MAWR AVE (5600 N) TO N RIDGE AVE (5800 N),$0.00,0.0
48,Street Speed Hump Replacement (2024),ON N GLENWOOD AVE FROM W FOSTER AVE (5200 N) TO W BERWYN AVE (5300 N),$0.00,0.0
49,49th Ward. Installation of an exterior water play feature at Willye B.,ASHLAND BLVD & W FARWELL AVE; W MORSE AVE & N GLENWOOD AVE; W LUNT AVE & N 1610 W HOWARD ST,"$200,000.00",200000.0
49,ADA - Street Resurfacing Menu (2024),ON W BIRCHWOOD AVE FROM N OAKLEY AVE (2300 W) TO N WESTERN AVE (2400 W),"$4,194.21",4194.21
49,Alley Apron Menu (2024),2001 W GREENLEAF AVE,"$15,713.96",15713.96
49,Alley Resurfacing Menu (2024),W NORTH SHORE AVE & N SHERIDAN RD; W COLUMBIA AVE & N SHERIDAN RD; 1100 W NORTH SHORE AVE,"$4,150.68",4150.68
49,Alley Speed Hump Menu (2024),N LAKEWOOD AVE & W ARTHUR AVE&W DEVON AVE & N MAGNOLIA AVE,"$2,175.00",2175.0
49,Alley Speed Hump Removal Menu (2024),W TOUHY AVE & N WOLCOTT AVE&N WOLCOTT AVE & W CHASE AVE,"$1,450.00",1450.0
49,Alley Speed Hump Replacement (2024),W NORTH SHORE AVE & N SHERIDAN RD; W COLUMBIA AVE & N SHERIDAN RD; 1100 W NORTH SHORE AVE,$0.00,0.0
49,"CCTV cameras in Pottawattomie Park, located at 7340 N.",7340 N ROGERS AVE,"$13,530.00",13530.0
49,Curb & Gutter Menu (2024),ON W BIRCHWOOD AVE FROM N EASTLAKE TER (1320 W) TO N SHERIDAN RD (1400 W) N SHERIDAN RD & W CHASE AVE; N SHERIDAN RD & W ARTHUR AVE; W PRATT BLVD & N GLENWOOD AVE; N CLARK ST & W ALBION AVE; W LUNT AVE & N PAULINA ST; N CLARK ST,"$90,628.77",90628.77
49,Eastlake Terrace. Miscellaneous CDOT Projects (2024),ON N ROGERS AVE FROM W BIRCHWOOD AVE (7500 N) TO N ASHLAND AVE (7510 N),"$88,235.87",88235.87
49,Funding 15 new and replacement benches throughout the,& W JARVIS AVE; N CLARK ST & W PRATT BLVD; W HOWARD ST & N BOSWORTH AVE; N DAMEN AVE; W DEVON AVE & N LAKEWOOD AVE; W LUNT AVE & N RAVENSWOOD AVE E; N CLARK ST & W TOUHY AVE; N SHERIDAN RD & W FARGO AVE,"$30,000.00",30000.0
49,"Greenleaf. Installation of two new benches at Juneway Beach, 7751 N.",7751 N EASTLAKE TER,"$12,000.00",12000.0
49,Paint-and-post bump out on the north side of the N. Clark St,N CLARK ST & W JARVIS AVE,"$10,000.00",10000.0
49,Parking access at the Leone Beach parking lot in the 49th,1222 W TOUHY AVE,"$100,000.00",100000.0
49,"Rogers Avenue, in the 49th Ward. Concrete Alley Menu (2024)",W ESTES AVE & N PAULINA ST&N ASHLAND BLVD & W TOUHY AVE,"$23,466.74",23466.74
49,Street Bump Outs Menu (2024),W MORSE AVE & N GREENVIEW AVE,"$9,821.85",9821.85
49,Street Resurfacing Menu (2024),ON N HERMITAGE AVE FROM N HASKINS AVE (7730 N) TO W JUNEWAY TER (7750 N),"$38,254.52",38254.52
49,Street Resurfacing Menu (2024),ON N PAULINA ST FROM W ESTES AVE (7100 N) TO W TOUHY AVE (7200 N),"$37,840.21",37840.21
49,Street Resurfacing Menu (2024),ON N RAVENSWOOD AVE FROM W FARWELL AVE (6900 N) TO W LUNT AVE (7000 N),"$72,165.17",72165.17
49,Street Resurfacing Menu (2024),ON W ALBION AVE FROM N WINTHROP AVE (1100 W) TO N GREENVIEW AVE (1500 W),"$234,425.75",234425.75
49,Street Resurfacing Menu (2024),ON W BIRCHWOOD AVE FROM N OAKLEY AVE (2300 W) TO N WESTERN AVE (2400 W),"$49,088.63",49088.63
49,Street Resurfacing Menu (2024),ON W BIRCHWOOD AVE FROM N WOLCOTT AVE (1900 W) TO N WINCHESTER AVE (1940 W),"$27,586.06",27586.06
49,Street Resurfacing Menu (2024),ON W CHASE AVE FROM N DAMEN AVE (2000 W) TO N RIDGE BLVD (2100 W),"$64,855.14",64855.14
49,Street Resurfacing Menu (2024),ON W ESTES AVE FROM N ASHLAND BLVD (1600 W) TO N PAULINA ST (1700 W),"$61,437.36",61437.36
49,Street Resurfacing Menu (2024),ON W FARWELL AVE FROM 1125 W TO N SHERIDAN RD (1200 W),"$81,759.41",81759.41
49,Street Resurfacing Menu (2024),ON W LUNT AVE FROM N GREENVIEW AVE (1500 W) TO N ASHLAND BLVD (1600 W),"$48,938.24",48938.24
49,Street Resurfacing Menu (2024),ON W MORSE AVE FROM N CLARK ST (1740 W) TO N WOLCOTT AVE (1900 W),"$114,420.25",114420.25
49,Street Speed Hump Menu (2024),ON W BIRCHWOOD AVE FROM N OAKLEY AVE (2300 W) TO N WESTERN AVE (2400 W),"$3,499.74",3499.74
49,Street Speed Hump Replacement (2024),ON N HERMITAGE AVE FROM N HASKINS AVE (7730 N) TO W JUNEWAY TER (7750 N),$0.00,0.0
49,Street Speed Hump Replacement (2024),ON W ALBION AVE FROM N WINTHROP AVE (1100 W) TO N GREENVIEW AVE (1500 W),$0.00,0.0
49,Street Speed Hump Replacement (2024),ON W BIRCHWOOD AVE FROM N OAKLEY AVE (2300 W) TO N WESTERN AVE (2400 W),$0.00,0.0
49,Street Speed Hump Replacement (2024),ON W MORSE AVE FROM N CLARK ST (1740 W) TO N WOLCOTT AVE (1900 W),$0.00,0.0
49,Street Traffic Circle Menu (2024),N GREENVIEW AVE & W NORTH SHORE AVE,"$9,364.31",9364.31
49,W. Greenleaf. Sidewalk Menu (2024),1400-1401 W CHASE AVE,"$18,798.12",18798.12
49,"Ward. Replacement of five benches located at Loyola Park, 1230",1230 W GREENLEAF AVE,"$30,000.00",30000.0
49,"White Park. Installation of three bike racks at Loyola Park, 1230 W.",1230 W GREENLEAF AVE,"$2,200.00",2200.0
50,ADA - Street Resurfacing Menu (2024),ON W BIRCHWOOD AVE FROM N OAKLEY AVE (2300 W) TO N WESTERN AVE (2400 W),"$4,194.21",4194.21
50,Alley Apron Menu (2024),2815 W JEROME ST,"$15,669.17",15669.17
50,Alley Apron Menu (2024),6015 N MOZART ST; ON N MOZART ST FROM W PETERSON AVE (6000 N) TO W GLENLAKE,"$21,296.66",21296.66
50,Alley Resurfacing Menu (2024),AVE (6100 N) 2039-2061 W ARTHUR AVE; W ARTHUR AVE & N SEELEY AVE&N HOYNE AVE & W DEVON,"$16,189.54",16189.54
50,Alley Speed Hump Replacement (2024),AVE W ARTHUR AVE & N SEELEY AVE&N HOYNE AVE & W DEVON AVE; 2039-2061 W ARTHUR,$0.00,0.0
50,Concrete Alley Menu (2024),AVE N ARTESIAN AVE & W DEVON AVE&N WESTERN AVE & W ARTHUR AVE; 6453 N ARTESIAN AVE,"$212,000.00",212000.0
50,Concrete Alley Menu (2024),N RIDGE BLVD & W ESTES AVE&W GREENLEAF AVE & N BELL AVE,"$249,350.23",249350.23
50,Curb & Gutter Menu (2024),6833 N KEDZIE AVE,"$18,887.99",18887.99
50,Pavement Markings Menu (2024),N LINCOLN AVE & N KIMBALL AVE,$500.00,500.0
50,Street Bump Outs Menu (2024),W HOLLYWOOD AVE & N MOZART ST,"$12,742.19",12742.19
50,Street Light Residential Staggered Piggy Back Menu (2024),ON N ROCKWELL ST FROM W DEVON AVE (6400 N) TO W ALBION AVE (6600 N),"$74,689.53",74689.53
50,Street Light Residential Staggered Piggy Back Menu (2024),ON W COYLE AVE FROM N ROCKWELL ST (2600 W) TO N CALIFORNIA AVE (2800 W),"$326,000.00",326000.0
50,Street Light Residential Staggered Piggy Back Menu (2024),ON W MORSE AVE FROM N ROCKWELL ST (2600 W) TO N CALIFORNIA AVE (2800 W),"$326,000.00",326000.0
50,Street Light Upgrade Menu (2024),2507 W TOUHY AVE,$500.00,500.0
50,Street Light Upgrade Menu (2024),2601 W JEROME ST,$500.00,500.0
50,Street Light Upgrade Menu (2024),7018 N RIDGE BLVD,$500.00,500.0
50,Street Resurfacing Menu (2024),ON N ARTESIAN AVE FROM W GRANVILLE AVE (6200 N) TO W ROSEMONT AVE (6300 N),"$54,101.60",54101.6
50,Street Resurfacing Menu (2024),ON N SACRAMENTO AVE FROM W DEVON AVE (6400 N) TO W ARTHUR AVE (6500 N),"$51,790.16",51790.16
50,Street Resurfacing Menu (2024),ON N SACRAMENTO AVE FROM W PETERSON AVE (6000 N) TO N LINCOLN AVE (5900 N),"$47,767.91",47767.91
50,Street Resurfacing Menu (2024),ON W BIRCHWOOD AVE FROM N OAKLEY AVE (2300 W) TO N WESTERN AVE (2400 W),"$52,680.80",52680.8
50,Street Speed Hump Menu (2024),ON N BELL AVE FROM W LUNT AVE (7000 N) TO W GREENLEAF AVE (7040 N),"$2,440.00",2440.0
50,Street Speed Hump Menu (2024),ON W BIRCHWOOD AVE FROM N CALIFORNIA AVE (2800 W) TO N FRANCISCO AVE (2900 W),"$4,880.00",4880.0
50,Street Speed Hump Menu (2024),ON W ESTES AVE FROM N BELL AVE (2200 W) TO N OAKLEY AVE (2300 W),"$2,440.00",2440.0
50,Street Speed Hump Menu (2024),ON W FARGO AVE FROM N WASHTENAW AVE (2700 W) TO N CALIFORNIA AVE (2800 W),"$4,880.00",4880.0
50,Street Speed Hump Replacement (2024),ON W BIRCHWOOD AVE FROM N OAKLEY AVE (2300 W) TO N WESTERN AVE (2400 W) Office of Budget & Management,$0.00,0.0
