ward,menu_package,address,cost,cost_numeric,cost_share
1,Alley Apron Menu (2025),1300 N BELL AVE,"$23,832.91",23832.91,0.015966
1,Alley Apron Menu (2025),1300 N LEAVITT ST,"$18,964.45",18964.45,0.012704
1,Alley Apron Menu (2025),1383 N WOLCOTT AVE,"$105,424.65",105424.65,0.070624
1,Alley Resurfacing Menu (2025),N CALIFORNIA AVE & W FULLERTON AVE & W ALTGELD ST & N MOZART ST,"$32,875.80",32875.8,0.022024
1,Alley Resurfacing Menu (2025),W ERIE ST & N ASHLAND AVE & N PAULINA ST & W HURON ST,"$44,029.02",44029.02,0.029495
1,Alley Resurfacing Menu (2025),W NORTH AVE & N CAMPBELL AVE & N MAPLEWOOD AVE & W LE MOYNE ST,"$57,437.05",57437.05,0.038477
1,Alley Speed Hump Menu (2025),W DIVISION ST & N HONORE ST & N WOLCOTT AVE & W THOMAS ST,$725.00,725.0,0.000486
1,Alley Speed Hump Replacement (2025),N CALIFORNIA AVE & W FULLERTON AVE & W ALTGELD ST & N MOZART ST,$0.00,0.0,0.000000
1,Alley Speed Hump Replacement (2025),W ERIE ST & N ASHLAND AVE & N PAULINA ST & W HURON ST,$0.00,0.0,0.000000
1,Alley Speed Hump Replacement (2025),W NORTH AVE & N CAMPBELL AVE & N MAPLEWOOD AVE & W LE MOYNE ST,$0.00,0.0,0.000000
1,Arterial Street Bump Outs Menu (2025),N CALIFORNIA AVE & W SHAKESPEARE AVE,"$160,000.00",160000.0,0.107184
1,Curb & Gutter Menu (2025),1703 W AUGUSTA BLVD,"$73,099.04",73099.04,0.048969
1,Pavement Markings Menu (2025),N WESTERN AVE & W LOGAN BLVD,"$4,100.00",4100.0,0.002747
1,Pavement Markings Menu (2025),2130-2200 N Western Ave,"$2,250.00",2250.0,0.001507
1,Public restroom pilot with JCDecaux in the Polish Triangle,1204 N MILWAUKEE AVE,"$315,659.00",315659.0,0.211461
1,Sidewalk Menu (2025),2743-2700 N Washtenaw Ave,"$19,091.61",19091.61,0.012790
1,Sidewalk Menu (2025),2200-2300 W Potomac Ave,"$76,348.62",76348.62,0.051146
1,Street Bump Outs Menu (2025),W EVERGREEN AVE & W SCHILLER ST,"$20,000.00",20000.00,0.013398
1,,N WICKER PARK AVE & W SCHILLER ST,"$20,000.00",20000.00,0.013398
1,Street Resurfacing Menu (2025),2100-2200 N Campbell Ave,"$56,827.71",56827.71,0.038069
1,Street Resurfacing Menu (2025),1100-1200 N Leavitt St,"$61,699.26",61699.26,0.041332
1,Street Resurfacing Menu (2025),1200-800 N Marshfield Ave,"$218,627.27",218627.27,0.146459
1,Street Resurfacing Menu (2025),1370-1400 N Wolcott Ave,"$27,310.55",27310.55,0.018295
1,Street Resurfacing Menu (2025),2620-2800 W Medill Ave,"$100,773.05",100773.05,0.067508
1,Street Speed Hump Menu (2025),1400 N PAULINA ST,"$2,440.00",2440.0,0.001635
1,Street Speed Hump Menu (2025),2020-2100 N Campbell Ave,"$4,880.00",4880.0,0.003269
1,Street Speed Hump Menu (2025),800-1000 N Marshfield Ave,"$4,880.00",4880.0,0.003269
1,Street Speed Hump Menu (2025),2000-2200 N Mozart St,"$9,760.00",9760.0,0.006538
1,Street Speed Hump Menu (2025),2500-2563 N Richmond St,"$4,880.00",4880.0,0.003269
1,Street Speed Hump Menu (2025),1800-2000 N Washtenaw Ave,"$9,760.00",9760.0,0.006538
1,Street Speed Hump Menu (2025),1200-1340 W Erie St,"$2,440.00",2440.0,0.001635
1,Street Speed Hump Menu (2025),1600-1800 W Le Moyne St,"$9,760.00",9760.0,0.006538
1,Street Speed Hump Menu (2025),2100-2200 W Schiller St,"$4,880.00",4880.0,0.003269
1,Street Speed Hump Replacement (2025),1200-800 N Marshfield Ave,$0.00,0.0,0.000000
2,accent areas along existing walking path Sidewalk Menu (2025),148 W BURTON PL,"$12,418.85",12418.85,0.008279
2,Alley Resurfacing Menu (2025),N JANSSEN AVE & W BELDEN AVE & W FULLERTON AVE & N SOUTHPORT AVE,"$47,273.12",47273.12,0.031515
2,Alley Resurfacing Menu (2025),N RACINE AVE & W DICKENS AVE & W WEBSTER AVE & N CLIFTON AVE,"$51,323.40",51323.4,0.034216
2,Alley Speed Hump Replacement (2025),N JANSSEN AVE & W BELDEN AVE & W FULLERTON AVE & N SOUTHPORT AVE,$0.00,0.0,0.000000
2,Concrete Alley Menu (2025),E CHICAGO AVE & N MICHIGAN AVE & N FAIRBANKS CT & E SUPERIOR ST,"$14,734.17",14734.17,0.009823
2,,777 N MICHIGAN AVE,"$14,734.17",14734.17,0.009823
2,Concrete Alley Menu (2025),N GREENVIEW AVE & W FULLERTON AVE & N CLYBOURN AVE & N BOSWORTH AVE,"$154,036.73",154036.73,0.102691
2,Curb & Gutter Menu (2025),111 W DELAWARE PL,"$2,798.18",2798.18,0.001865
2,,107 E DELAWARE PL,"$2,798.18",2798.18,0.001865
2,Curb & Gutter Menu (2025),1320 N STATE PKWY,"$22,260.15",22260.15,0.014840
2,Curb & Gutter Menu (2025),1356 N CLEVELAND AVE,"$5,579.29",5579.29,0.003720
2,Curb & Gutter Menu (2025),1514 N WELLS ST,"$2,667.02",2667.02,0.001778
2,Curb & Gutter Menu (2025),2187 N CLYBOURN AVE,"$13,830.00",13830.0,0.009220
2,Curb & Gutter Menu (2025),270 E CHESTNUT ST,"$11,901.31",11901.31,0.007934
2,Floodlight Menu (2025),777 N MICHIGAN AVE,"$1,150.00",1150.0,0.000767
2,Miscellaneous CDOT Projects (2025),1420 N DEARBORN ST,$660.00,660.0,0.000440
2,Miscellaneous CDOT Projects (2025),6800 S LOOMIS BLVD,$660.00,660.0,0.000440
2,"North Wells St from W Division St to W North Av. Including Burton Place from Wells St East to Cul de Sac. Two teardrops at North Av and Two Acorns, East side of Wells N",1200-1600 N Wells St,"$279,032.03",279032.03,0.186021
2,"of North Av, Upgrading Street Light Controller to Smart function. Replacement of grass with turf and replacement of granite",2210 N SOUTHPORT AVE,"$50,000.00",50000.0,0.033333
2,Sidewalk Menu (2025),2069 N CLYBOURN AVE,"$42,053.26",42053.26,0.028036
2,Sidewalk Menu (2025),33 E DIVISION ST,"$7,342.31",7342.31,0.004895
2,Street Bump Outs Menu (2025),E ERIE ST & N LAKE SHORE DR,"$22,000.00",22000.0,0.014667
2,Street Bump Outs Menu (2025),W BELDEN AVE & N MAGNOLIA AVE,"$70,000.00",70000.0,0.046667
2,Street Light Pole Painting Menu (2025),129-130 W NORTH AVE,"$1,392.29",1392.29,0.000928
2,,15 E DIVISION ST,"$1,392.29",1392.29,0.000928
2,,1024 N STATE ST,"$1,392.29",1392.29,0.000928
2,,317 E ONTARIO ST,"$1,392.29",1392.29,0.000928
2,,1642 N NORTH PARK AVE,"$1,392.29",1392.29,0.000928
2,,N FAIRBANKS CT & E ONTARIO ST,"$1,392.29",1392.29,0.000928
2,,534 N FAIRBANKS CT,"$1,392.29",1392.29,0.000928
2,Street Light Pole Painting Menu (2025),1599-1700 N Clark St,"$21,336.00",21336.0,0.014224
2,Street Light Pole Painting Menu (2025),2132-2330 N Clybourn Ave,"$38,467.00",38467.0,0.025645
2,Street Light Pole Painting Menu (2025),528-628 N Fairbanks Ct,"$16,267.00",16267.0,0.010845
2,Street Light Pole Painting Menu (2025),1600-1710 N La Salle St,"$16,983.00",16983.0,0.011322
2,Street Light Pole Painting Menu (2025),1300-1500 N State Pkwy,"$17,965.00",17965.0,0.011977
2,Street Light Pole Painting Menu (2025),300-800 W North Ave,"$47,454.00",47454.0,0.031636
2,Street Light Upgrade Menu (2025),1742-1744 N CLYBOURN AVE,$500.00,500.0,0.000333
2,Street Light Upgrade Menu (2025),1760 N CLYBOURN AVE,$500.00,500.0,0.000333
2,Street Resurfacing Menu (2025),250-300 E Chestnut St,"$67,356.85",67356.85,0.044905
2,Street Resurfacing Menu (2025),200-300 E Huron St,"$70,163.16",70163.16,0.046775
2,Street Resurfacing Menu (2025),2200-2400 N Southport Ave,"$72,850.23",72850.23,0.048567
2,Street Resurfacing Menu (2025),1232-1400 N State Pkwy,"$116,763.57",116763.57,0.077842
2,Street Resurfacing Menu (2025),900-1000 W Concord Ln,"$55,910.27",55910.27,0.037274
2,Street Resurfacing Menu (2025),1200-1300 W Dickens Ave,"$76,768.97",76768.97,0.051179
2,Street Speed Hump Menu (2025),849 N FRANKLIN ST,"$1,220.00",1220.00,0.000813
2,,830-860 N Franklin St,"$1,220.00",1220.00,0.000813
2,Street Speed Hump Replacement (2025),1232-1400 N State Pkwy,$0.00,0.0,0.000000
2,Street Speed Hump Replacement (2025),1200-1300 W Dickens Ave,$0.00,0.0,0.000000
2,Traffic Signal Pole Painting menu (2025),2132-2400 N Southport Ave,"$18,830.00",18830.0,0.012553
2,Viaduct Improvement Menu (2025),E DIVISION ST & N LAKE SHORE DR,"$20,446.77",20446.77,0.013631
3,Alley Resurfacing Menu (2025),S CALUMET AVE & E 40TH ST & E 41ST ST & S PRAIRIE AVE,"$37,129.36",37129.36,0.024986
3,Alley Resurfacing Menu (2025),S MICHIGAN AVE & E 21ST ST & E CERMAK RD & S WABASH AVE,"$12,883.19",12883.19,0.008669
3,Alley Resurfacing Menu (2025),S MICHIGAN AVE & E 40TH ST & E 41ST ST & S INDIANA AVE,"$32,105.62",32105.62,0.021605
3,Alley Resurfacing Menu (2025),S PRAIRIE AVE & E PERSHING RD & E 40TH ST & S INDIANA AVE,"$52,768.75",52768.75,0.035510
3,Alley Speed Hump Menu (2025),S STATE ST & W 43RD ST & E 44TH ST & S WABASH AVE,"$2,175.00",2175.0,0.001464
3,Alley Speed Hump Replacement (2025),S MICHIGAN AVE & E 21ST ST & E CERMAK RD & S WABASH AVE,$0.00,0.0,0.000000
3,Alley Speed Hump Replacement (2025),S PRAIRIE AVE & E PERSHING RD & E 40TH ST & S INDIANA AVE,$0.00,0.0,0.000000
3,Curb & Gutter Menu (2025),10 W 35TH PL,"$5,270.63",5270.63,0.003547
3,Floodlight Menu (2025),346 W SWANN ST,"$1,150.00",1150.0,0.000774
3,Miscellaneous CDOT Projects (2025),1920 S PRAIRIE AVE,"$4,600.00",4600.0,0.003095
3,Miscellaneous CDOT Projects (2025),306 E PERSHING RD,$150.00,150.0,0.000101
3,Miscellaneous CDOT Projects (2025),3663 S INDIANA AVE,$300.00,300.0,0.000202
3,Miscellaneous CDOT Projects (2025),3859 S GILES AVE,$660.00,660.0,0.000444
3,Miscellaneous CDOT Projects (2025),430-432 E 48TH ST,$150.00,150.0,0.000101
3,Miscellaneous CDOT Projects (2025),4510 S VINCENNES AVE,$150.00,150.0,0.000101
3,Miscellaneous CDOT Projects (2025),4521-4523 S PRAIRIE AVE,$150.00,150.0,0.000101
3,Miscellaneous CDOT Projects (2025),4644 S VINCENNES AVE,$150.00,150.0,0.000101
3,Miscellaneous CDOT Projects (2025),4715 S WABASH AVE,$100.00,100.00,0.000067
3,,4736 S WABASH AVE,$100.00,100.00,0.000067
3,,4724 S WABASH AVE,$100.00,100.00,0.000067
3,Miscellaneous CDOT Projects (2025),4757 S PRAIRIE AVE,$150.00,150.0,0.000101
3,Miscellaneous CDOT Projects (2025),5031 S PRAIRIE AVE,$150.00,150.0,0.000101
3,Miscellaneous CDOT Projects (2025),5037 S INDIANA AVE,$150.00,150.0,0.000101
3,Miscellaneous CDOT Projects (2025),5111 S MICHIGAN AVE,$300.00,300.0,0.000202
3,Miscellaneous CDOT Projects (2025),5121 S WABASH AVE,$150.00,150.00,0.000101
3,,5115 S WABASH AVE,$150.00,150.00,0.000101
3,Miscellaneous CDOT Projects (2025),5217 S CALUMET AVE,$100.00,100.00,0.000067
3,,5219 S CALUMET AVE,$100.00,100.00,0.000067
3,,5213 S CALUMET AVE,$100.00,100.00,0.000067
3,Miscellaneous CDOT Projects (2025),601 E 45TH ST,$150.00,150.0,0.000101
3,Pavement Markings Menu (2025),E PERSHING RD & S RHODES AVE,"$2,500.00",2500.0,0.001682
3,Sidewalk Menu (2025),2001-2018 S PRAIRIE AVE,"$11,456.16",11456.16,0.007709
3,Sidewalk Menu (2025),4100-4112 S DR MARTIN LUTHER KING JR DR,"$25,000.00",25000.0,0.016823
3,Sidewalk Menu (2025),4543 S PRINCETON AVE,"$8,430.67",8430.67,0.005673
3,Sidewalk Menu (2025),4747 S DR MARTIN LUTHER KING JR DR,"$8,527.72",8527.72,0.005739
3,Sidewalk Menu (2025),40-60 W 29th St,"$45,978.89",45978.89,0.030941
3,Street Light Residential Staggered Piggy Back Menu (2025),0-300 E 40th St,"$47,000.00",47000.0,0.031628
3,Street Resurfacing Menu (2025),0-50 E 37th Pl,"$46,065.06",46065.06,0.030999
3,Street Resurfacing Menu (2025),400-499 E 42nd Pl,"$81,125.51",81125.51,0.054592
3,Street Resurfacing Menu (2025),200-380 E 44th St,"$141,333.18",141333.18,0.095107
3,Street Resurfacing Menu (2025),300-340 E 46th St,"$30,893.20",30893.2,0.020789
3,Street Resurfacing Menu (2025),3800-3900 S Calumet Ave,"$65,792.97",65792.97,0.044274
3,Street Resurfacing Menu (2025),3900-4100 S Calumet Ave,"$139,080.47",139080.47,0.093592
3,Street Resurfacing Menu (2025),4400-4500 S Evans Ave,"$33,477.48",33477.48,0.022528
3,Street Resurfacing Menu (2025),4700-4800 S Forrestville Ave,"$79,082.95",79082.95,0.053217
3,Street Resurfacing Menu (2025),4900-5100 S Prairie Ave,"$135,422.52",135422.52,0.091130
3,Street Resurfacing Menu (2025),4400-4600 S Wabash Ave,"$212,839.32",212839.32,0.143226
3,Street Resurfacing Menu (2025),0-100 W 24th St,"$87,912.76",87912.76,0.059159
3,Street Resurfacing Menu (2025),40-60 W 29th St,"$27,392.41",27392.41,0.018433
3,Street Resurfacing Menu (2025),0-100 W 30th St,"$85,612.30",85612.3,0.057611
3,Street Speed Hump Menu (2025),3799-3900 S Prairie Ave,"$4,880.00",4880.0,0.003284
3,Street Speed Hump Menu (2025),1-99 W 35th Pl,"$4,880.00",4880.0,0.003284
3,Street Speed Hump Menu (2025),1-99 W 36th St,"$4,880.00",4880.0,0.003284
3,Street Speed Hump Menu (2025),0-30 W Root St,"$2,440.00",2440.0,0.001642
3,Street Speed Hump Menu (2025),232-300 W Swann St,"$2,440.00",2440.0,0.001642
3,Street Speed Hump Replacement (2025),300-340 E 46th St,$0.00,0.0,0.000000
3,Street Speed Hump Replacement (2025),3800-3900 S Calumet Ave,$0.00,0.0,0.000000
3,Street Speed Hump Replacement (2025),3900-4100 S Calumet Ave,$0.00,0.0,0.000000
3,Street Speed Hump Replacement (2025),4400-4500 S Evans Ave,$0.00,0.0,0.000000
3,Street Speed Hump Replacement (2025),4700-4800 S Forrestville Ave,$0.00,0.0,0.000000
4,Alley Apron Menu (2025),4715 S LANGLEY AVE,"$14,526.92",14526.92,0.009685
4,Alley Resurfacing Menu (2025),E 43RD ST & S COTTAGE GROVE AVE & S DREXEL BLVD & E 44TH ST,"$92,628.08",92628.08,0.061752
4,Alley Speed Hump Replacement (2025),E 43RD ST & S COTTAGE GROVE AVE & S DREXEL BLVD & E 44TH ST,$0.00,0.0,0.000000
4,Arterial Street Bump Outs Menu (2025),E PERSHING RD & S RHODES AVE,"$60,000.00",60000.0,0.040000
4,Concrete Alley Menu (2025),S COTTAGE GROVE AVE & E 40TH ST & E 41ST ST & S LANGLEY AVE,"$9,786.97",9786.97,0.006525
4,,4030 S COTTAGE GROVE AVE,"$9,786.97",9786.97,0.006525
4,Concrete Alley Menu (2025),S ELLIS AVE & E 45TH ST & E 46TH ST & S GREENWOOD AVE,"$10,795.00",10795.0,0.007197
4,Curb & Gutter Menu (2025),4306 S ELLIS AVE,"$334,020.17",334020.17,0.222680
4,Curb & Gutter Menu (2025),E 49TH ST & S BLACKSTONE AVE,"$113,791.93",113791.93,0.075861
4,Curb & Gutter Menu (2025),E 50TH ST & S BLACKSTONE AVE,"$187,425.25",187425.25,0.124950
4,Miscellaneous CDOT Projects (2025),4220 S BERKELEY AVE,$150.00,150.0,0.000100
4,Miscellaneous CDOT Projects (2025),E OAKWOOD BLVD & S LSD OAKWOOD BL ER,$548.23,548.23,0.000365
4,Miscellaneous CDOT Projects (2025),4300-5100 S Drexel Blvd,"$24,000.00",24000.0,0.016000
4,Pavement Markings Menu (2025),3600 S DR MARTIN LUTHER KING JR DR,"$7,000.00",7000.0,0.004667
4,Sidewalk Menu (2025),4832 S DORCHESTER AVE,"$30,000.00",30000.0,0.020000
4,Street Bump Outs Menu (2025),5015 S BLACKSTONE AVE,"$13,598.19",13598.19,0.009065
4,,S BLACKSTONE AVE & E 50TH ST,"$13,598.19",13598.19,0.009065
4,,S BLACKSTONE AVE & E 49TH ST,"$13,598.19",13598.19,0.009065
4,Street Light Pole Painting Menu (2025),3198-3500 S Dr Martin Luther King Jr Dr,"$21,167.59",21167.59,0.014112
4,Street Resurfacing Menu (2025),1300-1200 E 53rd St,"$74,173.21",74173.21,0.049449
4,Street Resurfacing Menu (2025),5100-5200 S Kenwood Ave,"$46,509.29",46509.29,0.031006
4,Street Resurfacing Menu (2025),4100-4140 S St Lawrence Ave,"$19,056.10",19056.1,0.012704
4,Street Resurfacing Menu (2025),4700-5300 S Woodlawn Ave,"$230,775.46",230775.46,0.153850
4,Street Resurfacing Menu (2025),4900-5000 S Woodlawn Ave,"$94,984.25",94984.25,0.063323
4,Street Speed Hump Menu (2025),720-800 E 44th St,"$2,440.00",2440.0,0.001627
4,Street Speed Hump Menu (2025),800-1000 E 45th St,"$7,320.00",7320.0,0.004880
4,Street Speed Hump Menu (2025),1000-1200 E 45th St,"$9,760.00",9760.0,0.006507
4,Street Speed Hump Menu (2025),600-634 E 48th St,"$2,440.00",2440.0,0.001627
4,Street Speed Hump Menu (2025),1300-1400 E 49th St,"$4,880.00",4880.0,0.003253
4,Street Speed Hump Menu (2025),4300-4400 S Berkeley Ave,"$4,880.00",4880.0,0.003253
4,Street Speed Hump Menu (2025),4900-5200 S Blackstone Ave,"$12,200.00",12200.0,0.008133
4,Street Speed Hump Menu (2025),4700-4799 S Champlain Ave,"$4,880.00",4880.0,0.003253
4,Street Speed Hump Menu (2025),4600-4700 S Ellis Ave,"$4,880.00",4880.0,0.003253
4,Street Speed Hump Menu (2025),4700-4800 S Greenwood Ave,"$4,880.00",4880.0,0.003253
4,Street Speed Hump Menu (2025),4032-4100 S Oakenwald Ave,"$2,440.00",2440.0,0.001627
4,Street Speed Hump Menu (2025),4200-4299 S Vincennes Ave,"$4,880.00",4880.0,0.003253
4,Street Speed Hump Menu (2025),4440-4625 S Woodlawn Ave,"$12,200.00",12200.0,0.008133
5,Alley Resurfacing Menu (2025),E 52ND ST & S INGLESIDE AVE & S ELLIS AVE & E 53RD ST,"$29,013.25",29013.25,0.019372
5,Alley Resurfacing Menu (2025),S BLACKSTONE AVE & E 65TH ST & E 65TH PL & S STONY ISLAND AVE,"$29,911.68",29911.68,0.019972
5,Alley Speed Hump Replacement (2025),E 52ND ST & S INGLESIDE AVE & S ELLIS AVE & E 53RD ST,$0.00,0.0,0.000000
5,Sidewalk Menu (2025),1701 E 56TH ST,"$12,066.27",12066.27,0.008057
5,Sidewalk Menu (2025),2327 E 68TH ST,"$2,868.11",2868.11,0.001915
5,Sidewalk Menu (2025),6744 S PAXTON AVE,"$9,038.59",9038.59,0.006035
5,Street Bump Outs Menu (2025),S CORNELL AVE & E 50TH ST,"$16,127.80",16127.8,0.010768
5,Street Bump Outs Menu (2025),S PAXTON AVE & E 73RD ST,"$29,880.43",29880.43,0.019951
5,Street Resurfacing Menu (2025),930-1000 E 54th St,"$36,477.67",36477.67,0.024356
5,Street Resurfacing Menu (2025),1140-1200 E 54th St,"$42,228.30",42228.3,0.028196
5,Street Resurfacing Menu (2025),1150-1200 E 56th St,"$35,336.90",35336.9,0.023594
5,Street Resurfacing Menu (2025),5400-5500 S Cornell Ave,"$48,766.13",48766.13,0.032561
5,Street Resurfacing Menu (2025),6800-6900 S Crandon Ave,"$61,300.86",61300.86,0.040930
5,Street Resurfacing Menu (2025),7130-7200 S Cyril Ave,"$40,233.73",40233.73,0.026864
5,Street Resurfacing Menu (2025),7100-7300 S Dobson Ave,"$146,468.38",146468.38,0.097796
5,Street Resurfacing Menu (2025),5800-5900 S Dorchester Ave,"$51,173.61",51173.61,0.034168
5,Street Resurfacing Menu (2025),6000-6100 S Dorchester Ave,"$71,012.40",71012.4,0.047415
5,Street Resurfacing Menu (2025),7100-7299 S Ellis Ave,"$127,720.15",127720.15,0.085278
5,Street Resurfacing Menu (2025),6800-6900 S Euclid Ave,"$47,632.67",47632.67,0.031804
5,Street Resurfacing Menu (2025),7100-7300 S Euclid Ave,"$120,843.57",120843.57,0.080687
5,Street Resurfacing Menu (2025),7100-7200 S Greenwood Ave,"$57,561.38",57561.38,0.038433
5,Street Resurfacing Menu (2025),7100-7200 S Ingleside Ave,"$78,959.23",78959.23,0.052721
5,Street Resurfacing Menu (2025),7100-7300 S Luella Ave,"$130,632.65",130632.65,0.087223
5,Street Resurfacing Menu (2025),6000-6100 S University Ave,"$55,665.54",55665.54,0.037168
5,Street Resurfacing Menu (2025),7100-7300 S University Ave,"$155,263.21",155263.21,0.103668
5,Street Resurfacing Menu (2025),7200-7231 S Woodlawn Ave,"$51,748.52",51748.52,0.034552
5,Street Speed Hump Menu (2025),5400-5500 S Dorchester Ave,"$4,880.00",4880.0,0.003258
5,Street Speed Hump Menu (2025),7300-7400 S University Ave,"$4,880.00",4880.0,0.003258
5,Street Speed Hump Replacement (2025),6800-6900 S Crandon Ave,$0.00,0.0,0.000000
5,Street Speed Hump Replacement (2025),7100-7300 S Dobson Ave,$0.00,0.0,0.000000
5,Street Speed Hump Replacement (2025),7100-7299 S Ellis Ave,$0.00,0.0,0.000000
5,Street Speed Hump Replacement (2025),7100-7300 S Euclid Ave,$0.00,0.0,0.000000
5,Street Speed Hump Replacement (2025),7100-7200 S Ingleside Ave,$0.00,0.0,0.000000
5,Street Speed Hump Replacement (2025),7100-7300 S Luella Ave,$0.00,0.0,0.000000
5,Street Speed Hump Replacement (2025),7100-7300 S University Ave,$0.00,0.0,0.000000
6,Academy Miscellaneous CDOT Projects (2025),401 E 75TH ST,$660.00,660.0,0.000459
6,Floodlight Menu (2025),S VINCENNES AVE & W 70TH ST,"$2,300.00",2300.0,0.001599
6,Floor repairs for Neil Elementary School,8555 S MICHIGAN AVE,"$12,500.00",12500.0,0.008688
6,Improvements to Hamilton Park tech center,513 W 72ND ST,"$50,000.00",50000.0,0.034754
6,Improvements to Tuley Park - outdoor plaza and senior,501 E 90TH PL,"$50,000.00",50000.0,0.034754
6,Improvements to Tuley Park for miniature soccer field,501 E 90TH ST,"$250,000.00",250000.0,0.173768
6,Miscellaneous CDOT Projects (2025),615 W MARQUETTE RD,$660.00,660.0,0.000459
6,New lockers for Lenart School,8101 S LA SALLE ST,"$50,000.00",50000.0,0.034754
6,Pavement Markings Menu (2025),S VINCENNES AVE & W 83RD ST,"$1,600.00",1600.00,0.001112
6,,W 83RD ST & S STEWART AVE,"$1,600.00",1600.00,0.001112
6,Projector screen for Manor Park School,7037 S RHODES AVE,"$30,000.00",30000.0,0.020852
6,seating area Installation of a structure and locker room at Simeon Career,8147 S VINCENNES AVE,"$300,000.00",300000.0,0.208522
6,Street Cul-de-Sac Menu (2025),8100-8500 S Dr Martin Luther King Jr Dr,"$250,000.00",250000.0,0.173768
6,Street Light Pole Painting Menu (2025),6900-7100 S Vincennes Ave,"$12,600.00",12600.0,0.008758
6,Street Speed Hump Menu (2025),400-800 E 74th St,"$19,520.00",19520.0,0.013568
6,Street Speed Hump Menu (2025),0-800 E 77th St,"$34,160.00",34160.0,0.023744
6,Street Speed Hump Menu (2025),0-800 E 80th St,"$8,418.03",8418.03,0.005851
6,Street Speed Hump Menu (2025),410-800 E 80th St,"$9,760.00",9760.0,0.006784
6,Street Speed Hump Menu (2025),0-800 E 82nd St,"$34,160.00",34160.0,0.023744
6,Street Speed Hump Menu (2025),50-100 E 84th St,"$2,440.00",2440.0,0.001696
6,Street Speed Hump Menu (2025),0-400 E 93rd St,"$17,080.00",17080.0,0.011872
6,Street Speed Hump Menu (2025),0-400 E 94th St,"$17,080.00",17080.0,0.011872
6,Street Speed Hump Menu (2025),9100-9500 S Michigan Ave,"$19,520.00",19520.0,0.013568
6,Street Speed Hump Menu (2025),8300-8400 S Vernon Ave,"$4,880.00",4880.0,0.003392
6,Street Speed Hump Menu (2025),8000-8100 S Wabash Ave,"$4,880.00",4880.0,0.003392
6,Street Speed Hump Menu (2025),430-800 W 81st St,"$4,880.00",4880.0,0.003392
6,Tuley Park baseball field improvement,501 E 90TH PL,"$50,000.00",50000.0,0.034754
6,Walking track at Cole Park,361 E 85TH ST,"$100,000.00",100000.0,0.069507
6,Walking track installation at Cole Park,361 E 85TH ST,"$100,000.00",100000.0,0.069507
7,Curb & Gutter Menu (2025),3000-3030 E 80th Pl,"$6,419.17",6419.17,0.004334
7,Sidewalk Menu (2025),2114 E 100TH ST,"$7,757.85",7757.85,0.005238
7,Sidewalk Menu (2025),2309 E 83RD ST,"$11,082.86",11082.86,0.007483
7,Sidewalk Menu (2025),7129 S CORNELL AVE,"$7,127.94",7127.94,0.004813
7,Sidewalk Menu (2025),7711 S OGLESBY AVE,"$5,037.51",5037.51,0.003401
7,Sidewalk Menu (2025),9020 S PAXTON AVE,"$11,111.20",11111.2,0.007502
7,Street Bump Outs Menu (2025),E 75TH ST & S EUCLID AVE,"$21,435.46",21435.46,0.014474
7,Street Bump Outs Menu (2025),S PAXTON AVE & E 73RD ST,"$10,544.43",10544.43,0.007120
7,Street Light Upgrade Menu (2025),3021 E 80TH PL,$500.00,500.0,0.000338
7,Street Light Upgrade Menu (2025),7700 S CRANDON AVE,$250.00,250.00,0.000169
7,,E 77TH ST & S LUELLA AVE & S CRANDON AVE & E 78TH ST,$250.00,250.00,0.000169
7,Street Light Upgrade Menu (2025),7720 S COLES AVE,$500.00,500.0,0.000338
7,Street Light Upgrade Menu (2025),8139 S SOUTH SHORE DR,$500.00,500.0,0.000338
7,Street Light Upgrade Menu (2025),E 77TH ST & S OGLESBY AVE & S CRANDON AVE & E 78TH ST,$250.00,250.00,0.000169
7,,7701 S CRANDON AVE,$250.00,250.00,0.000169
7,Street Resurfacing Menu (2025),1730-1820 E 72nd Pl,"$34,291.90",34291.9,0.023155
7,Street Resurfacing Menu (2025),2030-2130 E 74th St,"$74,014.33",74014.33,0.049976
7,Street Resurfacing Menu (2025),2130-2230 E 77th St,"$45,096.02",45096.02,0.030450
7,Street Resurfacing Menu (2025),3000-3030 E 80th Pl,"$24,415.31",24415.31,0.016486
7,Street Resurfacing Menu (2025),9899-10000 S Bensley Ave,"$64,311.31",64311.31,0.043424
7,Street Resurfacing Menu (2025),8700-8890 S Colfax Ave,"$106,437.24",106437.24,0.071868
7,Street Resurfacing Menu (2025),10100-10200 S Crandon Ave,"$59,311.68",59311.68,0.040048
7,Street Resurfacing Menu (2025),10300-10400 S Crandon Ave,"$65,184.41",65184.41,0.044014
7,Street Resurfacing Menu (2025),8000-8100 S Crandon Ave,"$46,940.44",46940.44,0.031695
7,Street Resurfacing Menu (2025),8300-8400 S Crandon Ave,"$59,157.76",59157.76,0.039944
7,Street Resurfacing Menu (2025),8900-9100 S Crandon Ave,"$122,875.55",122875.55,0.082968
7,Street Resurfacing Menu (2025),9300-9400 S Essex Ave,"$63,402.52",63402.52,0.042811
7,Street Resurfacing Menu (2025),8100-8200 S Houston Ave,"$56,513.06",56513.06,0.038159
7,Street Resurfacing Menu (2025),9300-9400 S Muskegon Ave,"$53,639.81",53639.81,0.036219
7,Street Resurfacing Menu (2025),10000-10100 S Oglesby Ave,"$68,129.40",68129.4,0.046002
7,Street Resurfacing Menu (2025),10100-10300 S Oglesby Ave,"$121,487.70",121487.7,0.082031
7,Street Resurfacing Menu (2025),8900-9000 S Phillips Ave,"$58,865.76",58865.76,0.039747
7,Street Resurfacing Menu (2025),9300-9400 S Saginaw Ave,"$53,639.81",53639.81,0.036219
7,Street Resurfacing Menu (2025),8900-9100 S Yates Ave,"$156,197.89",156197.89,0.105468
7,Street Speed Hump Menu (2025),2400-2500 E 102nd St,"$4,880.00",4880.0,0.003295
7,Street Speed Hump Menu (2025),2000-3000 E 94th St,"$41,480.00",41480.0,0.028008
7,Street Speed Hump Menu (2025),8000-8100 S Crandon Ave,"$4,880.00",4880.0,0.003295
7,Street Speed Hump Menu (2025),8600-8700 S Essex Ave,"$4,880.00",4880.0,0.003295
7,Street Speed Hump Menu (2025),8200-8300 S Kingston Ave,"$3,071.67",3071.67,0.002074
7,Street Speed Hump Menu (2025),10000-10100 S Oglesby Ave,"$4,880.00",4880.0,0.003295
7,Street Speed Hump Replacement (2025),9899-10000 S Bensley Ave,$0.00,0.0,0.000000
7,Street Speed Hump Replacement (2025),10300-10400 S Crandon Ave,$0.00,0.0,0.000000
7,Street Speed Hump Replacement (2025),8300-8400 S Crandon Ave,$0.00,0.0,0.000000
7,Street Speed Hump Replacement (2025),8900-9100 S Crandon Ave,$0.00,0.0,0.000000
7,Street Speed Hump Replacement (2025),10100-10300 S Oglesby Ave,$0.00,0.0,0.000000
8,Alley Apron Menu (2025),9132 S CREGIER AVE,"$34,046.83",34046.83,0.022698
8,Alley Resurfacing Menu (2025),E 88TH ST & S DANTE AVE & S BLACKSTONE AVE & E 89TH ST,"$10,166.26",10166.26,0.006778
8,Grand Crossing Park Improvements,7655 S INGLESIDE AVE,"$50,000.00",50000.0,0.033333
8,Jesse Owens Park Improvements,8800 S CLYDE AVE,"$50,000.00",50000.0,0.033333
8,Sidewalk Menu (2025),1235 E 97TH PL,"$4,834.78",4834.78,0.003223
8,,1239 E 97TH PL,"$4,834.78",4834.78,0.003223
8,,1247 E 97TH PL,"$4,834.78",4834.78,0.003223
8,,1251 E 97TH PL,"$4,834.78",4834.78,0.003223
8,,1254 E 97TH PL,"$4,834.78",4834.78,0.003223
8,,1257 E 97TH PL,"$4,834.78",4834.78,0.003223
8,Sidewalk Menu (2025),7200 S DORCHESTER AVE,"$38,601.05",38601.05,0.025734
8,Sidewalk Menu (2025),7943-7945 S JEFFERY BLVD,"$9,260.45",9260.45,0.006174
8,Sidewalk Menu (2025),8135 S EUCLID AVE,"$9,050.39",9050.39,0.006034
8,Sidewalk Menu (2025),8458 S MARYLAND AVE,"$46,168.46",46168.46,0.030779
8,Sidewalk Menu (2025),8815 S CORNELL AVE,"$1,656.39",1656.39,0.001104
8,Sidewalk Menu (2025),8918 S CHAPPEL AVE,"$15,007.46",15007.46,0.010005
8,Sidewalk Menu (2025),8944 S CLYDE AVE,"$2,242.05",2242.05,0.001495
8,Sidewalk Menu (2025),9156 S BENNETT AVE,"$17,989.84",17989.84,0.011993
8,Sidewalk Menu (2025),9305 S DR MARTIN LUTHER KING JR DR,"$4,262.35",4262.35,0.002842
8,Sidewalk Menu (2025),9314 S EAST END AVE,"$5,935.17",5935.17,0.003957
8,Sidewalk Menu (2025),9600 S UNIVERSITY AVE,"$26,176.20",26176.2,0.017451
8,Street Resurfacing Menu (2025),1400-1500 E 72nd Pl,"$66,426.55",66426.55,0.044284
8,Street Resurfacing Menu (2025),1330-1400 E 74th St,"$29,593.93",29593.93,0.019729
8,Street Resurfacing Menu (2025),2130-2230 E 82nd St,"$56,814.09",56814.09,0.037876
8,Street Resurfacing Menu (2025),1700-1800 E 85th St,"$47,436.99",47436.99,0.031625
8,Street Resurfacing Menu (2025),950-930 E 86th St,"$19,024.96",19024.96,0.012683
8,Street Resurfacing Menu (2025),1600-1800 E 92nd St,"$124,400.38",124400.38,0.082934
8,Street Resurfacing Menu (2025),400-430 E 94th St,"$21,461.79",21461.79,0.014308
8,Street Resurfacing Menu (2025),9858-9800 S Avalon Ave,"$54,638.03",54638.03,0.036425
8,Street Resurfacing Menu (2025),8600-8700 S Blackstone Ave,"$61,169.21",61169.21,0.040779
8,Street Resurfacing Menu (2025),8000-8100 S Chappel Ave,"$62,835.52",62835.52,0.041890
8,Street Resurfacing Menu (2025),8900-9000 S Clyde Ave,"$57,867.44",57867.44,0.038578
8,Street Resurfacing Menu (2025),9000-9200 S Constance Ave,"$109,737.85",109737.85,0.073159
8,Street Resurfacing Menu (2025),7800-7900 S Cornell Ave,"$48,912.93",48912.93,0.032609
8,Street Resurfacing Menu (2025),9500-9600 S Dobson Ave,"$55,548.17",55548.17,0.037032
8,Street Resurfacing Menu (2025),9300-9400 S East End Ave,"$57,867.57",57867.57,0.038578
8,Street Resurfacing Menu (2025),8300-8400 S Ellis Ave,"$56,926.05",56926.05,0.037951
8,Street Resurfacing Menu (2025),8530-8700 S Kenwood Ave,"$49,500.47",49500.47,0.033000
8,Street Resurfacing Menu (2025),8400-8500 S Luella Ave,"$54,080.20",54080.2,0.036053
8,Street Resurfacing Menu (2025),8900-9000 S Ridgeland Ave,"$62,506.31",62506.31,0.041671
8,Street Speed Hump Menu (2025),1600-1700 E 84th St,"$4,880.00",4880.0,0.003253
8,Street Speed Hump Menu (2025),1700-1800 E 85th St,"$4,880.00",4880.0,0.003253
8,Street Speed Hump Menu (2025),400-500 E 89th Pl,"$4,880.00",4880.0,0.003253
8,Street Speed Hump Menu (2025),400-500 E 89th St,"$4,880.00",4880.0,0.003253
8,Street Speed Hump Menu (2025),400-500 E 91st Pl,"$4,880.00",4880.0,0.003253
8,Street Speed Hump Menu (2025),8200-8300 S Dorchester Ave,"$4,880.00",4880.0,0.003253
8,Street Speed Hump Menu (2025),8500-8700 S Dorchester Ave,"$9,760.00",9760.0,0.006507
8,Street Speed Hump Menu (2025),7700-7800 S Maryland Ave,"$4,880.00",4880.0,0.003253
8,Street Speed Hump Menu (2025),7500-7600 S Merrill Ave,"$4,880.00",4880.0,0.003253
8,Street Speed Hump Menu (2025),9000-9099 S Woodlawn Ave,"$4,880.00",4880.0,0.003253
8,Street Speed Hump Replacement (2025),8000-8100 S Chappel Ave,$0.00,0.0,0.000000
9,Alley Resurfacing Menu (2025),S PARNELL AVE & W 123RD ST & W 124TH ST & S WALLACE ST,"$59,989.82",59989.82,0.040301
9,Alley Resurfacing Menu (2025),W 128TH PL & S PARNELL AVE & S PARNELL AVE & W 128TH ST,"$12,756.52",12756.52,0.008570
9,Alley Speed Hump Menu (2025),S HARVARD AVE & W 126TH ST & W 127TH ST & S PRINCETON AVE,"$1,450.00",1450.0,0.000974
9,Curb & Gutter Menu (2025),10000-10100 S Prairie Ave,"$260,350.12",260350.12,0.174903
9,Sidewalk Menu (2025),10047 S EBERHART AVE,"$3,721.46",3721.46,0.002500
9,Sidewalk Menu (2025),10356 S EBERHART AVE,"$12,453.51",12453.51,0.008366
9,Sidewalk Menu (2025),10437 S INDIANA AVE,"$5,624.98",5624.98,0.003779
9,Sidewalk Menu (2025),12835 S LOWE AVE,"$6,879.92",6879.92,0.004622
9,Sidewalk Menu (2025),12835 S UNION AVE,"$20,162.04",20162.04,0.013545
9,Sidewalk Menu (2025),225 W 118TH ST,"$10,829.88",10829.88,0.007275
9,Sidewalk Menu (2025),551 E 106TH ST,"$1,509.04",1509.04,0.001014
9,Sidewalk Menu (2025),58 W 108TH PL,"$16,262.98",16262.98,0.010925
9,Sidewalk Menu (2025),711 E 105TH PL,"$7,244.91",7244.91,0.004867
9,Sidewalk Menu (2025),9400 S NORMAL AVE,"$13,732.37",13732.37,0.009225
9,Sidewalk Menu (2025),11110-11200 S Corliss Ave,"$2,562.20",2562.2,0.001721
9,Street Light Upgrade Menu (2025),140 E 121ST PL,$500.00,500.0,0.000336
9,Street Resurfacing Menu (2025),500-530 E 109th St,"$44,622.83",44622.83,0.029978
9,Street Resurfacing Menu (2025),0-100 E 114th St,"$45,826.13",45826.13,0.030786
9,Street Resurfacing Menu (2025),100-200 E 120th Pl,"$81,752.55",81752.55,0.054921
9,Street Resurfacing Menu (2025),130-200 E 125th Pl,"$18,261.61",18261.61,0.012268
9,Street Resurfacing Menu (2025),10200-10300 S Calumet Ave,"$54,403.15",54403.15,0.036548
9,Street Resurfacing Menu (2025),11110-11200 S Corliss Ave,"$59,699.35",59699.35,0.040106
9,Street Resurfacing Menu (2025),10600-10700 S Forest Ave,"$58,654.21",58654.21,0.039404
9,Street Resurfacing Menu (2025),9500-9600 S Harvard Ave,"$57,666.73",57666.73,0.038740
9,Street Resurfacing Menu (2025),11100-11200 S Indiana Ave,"$68,769.95",68769.95,0.046200
9,Street Resurfacing Menu (2025),12400-12500 S La Salle St,"$54,256.36",54256.36,0.036449
9,Street Resurfacing Menu (2025),9500-9600 S Normal Ave,"$62,775.61",62775.61,0.042173
9,Street Resurfacing Menu (2025),9200-9300 S Perry Ave,"$59,701.31",59701.31,0.040107
9,Street Resurfacing Menu (2025),10000-10100 S Prairie Ave,"$58,681.48",58681.48,0.039422
9,Street Resurfacing Menu (2025),12720-12830 S Union Ave,"$71,529.53",71529.53,0.048053
9,Street Resurfacing Menu (2025),10800-10900 S Vernon Ave,"$65,985.99",65985.99,0.044329
9,Street Resurfacing Menu (2025),9200-9300 S Wallace St,"$53,412.51",53412.51,0.035882
9,Street Resurfacing Menu (2025),9500-9700 S Wallace St,"$103,433.52",103433.52,0.069486
9,Street Resurfacing Menu (2025),600-630 W 129th Pl,"$33,080.20",33080.2,0.022223
10,Alley Resurfacing Menu (2025),8745 S COMMERCIAL AVE,"$19,127.41",19127.41,0.013805
10,,S COMMERCIAL AVE & E 87TH ST & E 88TH ST & S HOUSTON AVE,"$19,127.41",19127.41,0.013805
10,Alley Resurfacing Menu (2025),9858 S MARQUETTE AVE,"$21,181.13",21181.13,0.015288
10,,S MARQUETTE AVE & E 98TH ST & E 99TH ST & S MARQUETTE AVE,"$21,181.13",21181.13,0.015288
10,Alley Resurfacing Menu (2025),S AVENUE M & E 95TH ST & E 96TH ST & S AVENUE N,"$50,453.54",50453.54,0.036416
10,Alley Speed Hump Menu (2025),S AVENUE L & E 97TH ST & E 98TH ST & S AVENUE M,"$1,450.00",1450.0,0.001047
10,Alley Speed Hump Menu (2025),S AVENUE N & E 97TH ST & E 98TH ST & S AVENUE M,"$1,450.00",1450.0,0.001047
10,Alley Speed Hump Replacement (2025),9858 S MARQUETTE AVE,$0.00,0.00,0.000000
10,,S MARQUETTE AVE & E 98TH ST & E 99TH ST & S MARQUETTE AVE,$0.00,0.00,0.000000
10,Alley Speed Hump Replacement (2025),S AVENUE M & E 95TH ST & E 96TH ST & S AVENUE N,$0.00,0.0,0.000000
10,Curb & Gutter Menu (2025),11113-11115 S EWING AVE,"$3,254.02",3254.02,0.002349
10,Curb & Gutter Menu (2025),11131-11143 S AVENUE L,"$36,018.37",36018.37,0.025997
10,Miscellaneous CDOT Projects (2025),13300 S BALTIMORE AVE,$660.00,660.0,0.000476
10,Miscellaneous CDOT Projects (2025),3306 E 91ST ST,$225.00,225.00,0.000162
10,,8700 S HOUSTON AVE,$225.00,225.00,0.000162
10,,8812 S HOUSTON AVE,$225.00,225.00,0.000162
10,,8927 S BRANDON AVE,$225.00,225.00,0.000162
10,,8537 S,$225.00,225.00,0.000162
10,Miscellaneous CDOT Projects (2025),ESCANABA AVE,$160.71,160.71,0.000116
10,,9116 S HOUSTON AVE,$160.71,160.71,0.000116
10,,9224 S BURLEY AVE 8401 S BURLEY AVE,$160.71,160.71,0.000116
10,,8319 S BUFFALO AVE,$160.71,160.71,0.000116
10,,8449 S BURLEY AVE,$160.71,160.71,0.000116
10,,8454 S BURLEY AVE,$160.71,160.71,0.000116
10,,8458 S,$160.71,160.71,0.000116
10,Miscellaneous CDOT Projects (2025),BUFFALO AVE,$160.71,160.71,0.000116
10,,8415 S BAKER AVE,$160.71,160.71,0.000116
10,,8406 S BAKER AVE 8735 S BURLEY AVE,$160.71,160.71,0.000116
10,,8809 S BURLEY AVE,$160.71,160.71,0.000116
10,,8819 S BURLEY AVE,$160.71,160.71,0.000116
10,,8818 S BUFFALO AVE,$160.71,160.71,0.000116
10,,8911 S,$160.71,160.71,0.000116
10,Miscellaneous CDOT Projects (2025),BUFFALO AVE,$160.71,160.71,0.000116
10,,3318 E 88TH ST,$160.71,160.71,0.000116
10,,8840 S BUFFALO AVE 9220 S BURLEY AVE,$160.71,160.71,0.000116
10,,9907 S AVENUE L,$160.71,160.71,0.000116
10,,12600 S TORRENCE AVE,$160.71,160.71,0.000116
10,,3304 E 92ND ST,$160.71,160.71,0.000116
10,,9118 S,$160.71,160.71,0.000116
10,Miscellaneous CDOT Projects (2025),MACKINAW AVE,$660.00,660.0,0.000476
10,Pavement Markings Menu (2025),E 133RD ST & S GREEN BAY AVE,"$1,900.00",1900.0,0.001371
10,Sidewalk Menu (2025),10302 S AVENUE J,"$21,498.46",21498.46,0.015517
10,Sidewalk Menu (2025),10428 S AVENUE L,"$4,962.05",4962.05,0.003581
10,Sidewalk Menu (2025),10446 S AVENUE G,"$6,555.14",6555.14,0.004731
10,,10442 S AVENUE G,"$6,555.14",6555.14,0.004731
10,Sidewalk Menu (2025),10616 S AVENUE H,"$5,794.71",5794.71,0.004182
10,Sidewalk Menu (2025),10636-10652 S AVENUE O,"$31,012.55",31012.55,0.022384
10,Sidewalk Menu (2025),10701 S AVENUE O,"$18,711.49",18711.49,0.013505
10,Sidewalk Menu (2025),10754 S AVENUE O,"$5,364.23",5364.23,0.003872
10,Sidewalk Menu (2025),11100 S EWING AVE,"$20,928.24",20928.24,0.015105
10,Sidewalk Menu (2025),11329 S AVENUE N,"$5,576.35",5576.35,0.004025
10,Sidewalk Menu (2025),11509 S AVENUE L,$478.99,478.99,0.000346
10,Sidewalk Menu (2025),13104 S AVENUE O,"$5,226.68",5226.68,0.003772
10,Sidewalk Menu (2025),13116 S MUSKEGON AVE,"$4,406.64",4406.64,0.003181
10,Sidewalk Menu (2025),13293 S RIVERDALE AVE,"$16,961.14",16961.14,0.012242
10,Sidewalk Menu (2025),13431 S BURLEY AVE,"$4,469.37",4469.37,0.003226
10,Sidewalk Menu (2025),3248 E 133RD ST,"$56,717.03",56717.03,0.040936
10,Sidewalk Menu (2025),9523-9527 S MUSKEGON AVE,"$29,682.00",29682.0,0.021423
10,Sidewalk Menu (2025),9811-9823 S MUSKEGON AVE,"$40,776.48",40776.48,0.029431
10,Street Light Upgrade Menu (2025),2700-2900 E 96th St,"$14,800.00",14800.0,0.010682
10,Street Resurfacing Menu (2025),344-200 E 136th Pl,"$84,114.97",84114.97,0.060711
10,Street Resurfacing Menu (2025),2900-2940 E 97th St,"$35,143.05",35143.05,0.025365
10,Street Resurfacing Menu (2025),10599-10700 S Avenue E,"$59,398.04",59398.04,0.042871
10,Street Resurfacing Menu (2025),11600-11700 S Avenue H,"$78,560.11",78560.11,0.056702
10,Street Resurfacing Menu (2025),11500-11600 S Avenue J,"$61,662.70",61662.7,0.044506
10,Street Resurfacing Menu (2025),13500-13600 S Avenue K,"$36,934.25",36934.25,0.026658
10,Street Resurfacing Menu (2025),10000-10100 S Avenue L,"$68,323.52",68323.52,0.049313
10,Street Resurfacing Menu (2025),10100-10400 S Avenue L,"$234,251.93",234251.93,0.169075
10,Street Resurfacing Menu (2025),10300-10400 S Avenue M,"$75,641.32",75641.32,0.054595
10,Street Resurfacing Menu (2025),8500-8600 S Escanaba Ave,"$63,592.93",63592.93,0.045899
10,Street Resurfacing Menu (2025),13000-13100 S Exchange Ave,"$60,071.81",60071.81,0.043358
10,Street Speed Hump Menu (2025),3900-3930 E 108th St,"$2,440.00",2440.0,0.001761
10,Street Speed Hump Menu (2025),2500-2630 E 109th St,"$7,320.00",7320.0,0.005283
10,Street Speed Hump Menu (2025),3230-3300 E 131st St,"$2,440.00",2440.0,0.001761
10,Street Speed Hump Menu (2025),600-699 E 131st St,"$2,440.00",2440.0,0.001761
10,Street Speed Hump Menu (2025),11500-11600 S Avenue J,"$4,880.00",4880.0,0.003522
10,Street Speed Hump Menu (2025),8300-8500 S Baker Ave,"$12,200.00",12200.0,0.008806
10,Street Speed Hump Menu (2025),13100-13300 S Forrestville Ave,"$4,880.00",4880.0,0.003522
10,Street Speed Hump Menu (2025),10500-10600 S Green Bay Ave,"$4,880.00",4880.0,0.003522
10,Street Speed Hump Menu (2025),13000-13100 S Houston Ave,"$4,880.00",4880.0,0.003522
10,Street Speed Hump Replacement (2025),8500-8600 S Escanaba Ave,$0.00,0.0,0.000000
10,Street Speed Hump Replacement (2025),13000-13100 S Exchange Ave,$0.00,0.0,0.000000
11,Alley Apron Menu (2025),2812 S PRINCETON AVE,"$9,296.81",9296.81,0.006438
11,Alley Apron Menu (2025),842 W 34TH ST,"$9,350.14",9350.14,0.006475
11,Alley Apron Menu (2025),630-600 W 36th St,"$33,482.96",33482.96,0.023185
11,Alley Resurfacing Menu (2025),3402 S MORGAN ST,"$25,975.47",25975.47,0.017987
11,,W 34TH PL & S MORGAN ST,"$25,975.47",25975.47,0.017987
11,,W 32ND PL & S CARPENTER ST,"$25,975.47",25975.47,0.017987
11,Alley Resurfacing Menu (2025),S BONFIELD ST & W 31ST ST & S LYMAN ST & S KEELEY ST,"$4,078.87",4078.87,0.002824
11,Alley Resurfacing Menu (2025),S LOWE AVE & W 25TH PL & W 26TH ST & S WALLACE ST,"$37,137.74",37137.74,0.025716
11,Alley Resurfacing Menu (2025),S MORGAN ST & W 32ND PL & W 32ND ST & S ABERDEEN ST,"$13,333.57",13333.57,0.009233
11,,3216 S MORGAN ST,"$13,333.57",13333.57,0.009233
11,Alley Speed Hump Menu (2025),S ASHLAND AVE & W 32ND ST & W 32ND PL & S PAULINA ST,"$3,625.00",3625.0,0.002510
11,Alley Speed Hump Replacement (2025),3402 S MORGAN ST,$0.00,0.00,0.000000
11,,W 34TH PL & S MORGAN ST,$0.00,0.00,0.000000
11,,W 32ND PL & S CARPENTER ST,$0.00,0.00,0.000000
11,Alley Speed Hump Replacement (2025),S LOWE AVE & W 25TH PL & W 26TH ST & S WALLACE ST,$0.00,0.0,0.000000
11,Concrete Alley Menu (2025),W 35TH ST & S LOWE AVE & S UNION AVE & W 36TH ST,"$33,514.26",33514.26,0.023207
11,,3549 S UNION AVE,"$33,514.26",33514.26,0.023207
11,Curb & Gutter Menu (2025),3402 S MAY ST,"$15,512.81",15512.81,0.010742
11,Curb & Gutter Menu (2025),1338-1320 W 32nd Pl,"$87,035.49",87035.49,0.060268
11,Floodlight Menu (2025),424 W 42ND PL,$950.00,950.0,0.000658
11,Mark Sheridan Academy playground resurfacing - turf,533 W 27TH ST,"$10,000.00",10000.0,0.006925
11,Pedestrian Refuge Island Menu (2025),2210-2300 S Canal St,"$50,000.00",50000.0,0.034623
11,placement Miscellaneous CDOT Projects (2025),800-920 W 29th St,"$101,517.73",101517.73,0.070297
11,Sidewalk Menu (2025),1231 W 31ST PL,"$3,533.84",3533.84,0.002447
11,Sidewalk Menu (2025),1738 W 34TH ST,"$4,142.11",4142.11,0.002868
11,Sidewalk Menu (2025),2223 S PRINCETON AVE,"$3,898.83",3898.83,0.002700
11,Sidewalk Menu (2025),232 W 25TH PL,"$3,833.87",3833.87,0.002655
11,Sidewalk Menu (2025),256 W 25TH PL,"$11,499.78",11499.78,0.007963
11,Sidewalk Menu (2025),3055 S BROAD ST,"$4,124.74",4124.74,0.002856
11,Sidewalk Menu (2025),336 W 25TH PL,"$3,660.43",3660.43,0.002535
11,Sidewalk Menu (2025),3529 S UNION AVE,"$7,254.69",7254.69,0.005024
11,Sidewalk Menu (2025),3637 S HALSTED ST,"$3,801.36",3801.36,0.002632
11,Sidewalk Menu (2025),3640 S MARSHFIELD AVE,"$4,178.88",4178.88,0.002894
11,Sidewalk Menu (2025),3801 S EMERALD AVE,"$3,269.86",3269.86,0.002264
11,Sidewalk Menu (2025),3818 S LOWE AVE,"$2,629.25",2629.25,0.001821
11,Street Bump Outs Menu (2025),W 33RD ST & S WOOD ST,"$16,000.00",16000.0,0.011079
11,Street Bump Outs Menu (2025),W 37TH ST & S LOWE AVE,"$38,147.85",38147.85,0.026416
11,Street Cul-de-Sac Menu (2025),W 23RD ST & S CANAL ST,"$156,440.00",156440.0,0.108328
11,Street Light Upgrade Menu (2025),3408-3421 S ABERDEEN ST,$500.00,500.0,0.000346
11,Street Light Upgrade Menu (2025),3741 S PARNELL AVE,$500.00,500.0,0.000346
11,Street Light Upgrade Menu (2025),449 W 42ND PL,"$7,400.00",7400.0,0.005124
11,Street Light Upgrade Menu (2025),715 W 37TH ST,$250.00,250.00,0.000173
11,,3700 S UNION AVE,$250.00,250.00,0.000173
11,Street Resurfacing Menu (2025),3700-3800 S Lowe Ave,"$69,761.58",69761.58,0.048307
11,Street Resurfacing Menu (2025),2900-3090 S Lyman St,"$276,462.84",276462.84,0.191438
11,Street Resurfacing Menu (2025),2700-2730 S Mary St,"$22,548.10",22548.1,0.015614
11,Street Resurfacing Menu (2025),4130-4300 S Normal Ave,"$127,802.98",127802.98,0.088498
11,Street Resurfacing Menu (2025),800-900 W 32nd St,"$90,575.21",90575.21,0.062719
11,Street Speed Hump Menu (2025),3300-3500 S Lowe Ave,"$9,760.00",9760.0,0.006758
11,Street Speed Hump Menu (2025),3100-3200 S Normal Ave,"$4,880.00",4880.0,0.003379
11,Street Speed Hump Menu (2025),4150-4300 S Wallace St,"$7,320.00",7320.0,0.005069
11,Street Speed Hump Menu (2025),409-500 W 37th St,"$4,880.00",4880.0,0.003379
11,Street Speed Hump Menu (2025),414-500 W 38th St,"$2,440.00",2440.0,0.001690
11,Viaduct Improvement Menu (2025),S CLARK ST & W CERMAK RD,"$18,778.95",18778.95,0.013004
12,Alley Resurfacing Menu (2025),S CHRISTIANA AVE & S ARCHER AVE & W 46TH ST & S SPAULDING AVE,"$70,693.36",70693.36,0.067015
12,Alley Resurfacing Menu (2025),S WINCHESTER AVE & W 35TH ST & W 36TH ST & S WOLCOTT AVE,"$6,627.62",6627.62,0.006283
12,Alley Speed Hump Replacement (2025),S CHRISTIANA AVE & S ARCHER AVE & W 46TH ST & S SPAULDING AVE,$0.00,0.0,0.000000
12,Concrete Alley Menu (2025),S SEELEY AVE & W 33RD ST & W 34TH ST & S DAMEN AVE,"$16,901.74",16901.74,0.016022
12,,3345-3349 S SEELEY AVE,"$16,901.74",16901.74,0.016022
12,Curb & Gutter Menu (2025),4637 S HOMAN AVE,"$4,301.67",4301.67,0.004078
12,Curb & Gutter Menu (2025),4200-4300 S Marshfield Ave,"$160,000.00",160000.0,0.151675
12,Sidewalk Menu (2025),4101 S ALBANY AVE,"$16,295.26",16295.26,0.015447
12,Sidewalk Menu (2025),4226 S CALIFORNIA AVE,"$4,819.31",4819.31,0.004569
12,Street Cul-de-Sac Menu (2025),2350-2400 W 36th St,"$130,000.00",130000.0,0.123236
12,Street Light Upgrade Menu (2025),3610 S SEELEY AVE,$500.00,500.0,0.000474
12,Street Resurfacing Menu (2025),3800-3900 S Campbell Ave,"$47,802.51",47802.51,0.045315
12,Street Resurfacing Menu (2025),3300-3500 S Hamilton Ave,"$113,556.34",113556.34,0.107648
12,Street Resurfacing Menu (2025),4200-4300 S Marshfield Ave,"$101,730.41",101730.41,0.096438
12,Street Resurfacing Menu (2025),3600-3640 S Oakley Ave,"$41,027.35",41027.35,0.038893
12,,2300-2400 W 36th St,"$41,027.35",41027.35,0.038893
12,Street Resurfacing Menu (2025),3850-3730 S Rockwell St,"$92,511.78",92511.78,0.087699
12,Street Resurfacing Menu (2025),3300-3400 S Seeley Ave,"$55,653.68",55653.68,0.052758
12,Street Resurfacing Menu (2025),4200-4300 S Talman Ave,"$65,066.98",65066.98,0.061682
12,Street Resurfacing Menu (2025),1600-1700 W 37th Pl,"$52,387.13",52387.13,0.049661
12,Street Speed Hump Menu (2025),4100-4130 S Albany Ave,"$2,440.00",2440.0,0.002313
12,Street Speed Hump Menu (2025),3300-3400 S Hoyne Ave,"$4,880.00",4880.0,0.004626
12,Street Speed Hump Menu (2025),3400-3500 S Leavitt St,"$4,880.00",4880.0,0.004626
12,Street Speed Hump Menu (2025),3100-3200 W 42nd Pl,"$4,880.00",4880.0,0.004626
12,Street Speed Hump Replacement (2025),4200-4300 S Talman Ave,$0.00,0.0,0.000000
13,Alley Apron Menu (2025),5556 S KOSTNER AVE,"$32,111.86",32111.86,0.021408
13,Alley Speed Hump Menu (2025),S KILBOURN AVE & W 58TH ST & W 59TH ST & S KENNETH AVE,"$1,812.50",1812.50,0.001208
13,,5819 S KILBOURN AVE,"$1,812.50",1812.50,0.001208
13,Concrete Alley Menu (2025),5915 S NORMANDY AVE,"$2,554.56",2554.56,0.001703
13,Concrete Alley Menu (2025),6027 S RUTHERFORD AVE,"$11,670.46",11670.46,0.007780
13,Concrete Alley Menu (2025),6121 S KOSTNER AVE,"$18,946.70",18946.7,0.012631
13,Concrete Alley Menu (2025),6126 W 60TH ST,"$13,411.75",13411.75,0.008941
13,,6144 W 60TH ST,"$13,411.75",13411.75,0.008941
13,Curb & Gutter Menu (2025),5626 S OAK PARK AVE,"$15,640.64",15640.64,0.010427
13,Curb & Gutter Menu (2025),5702 S KEELER AVE,"$3,991.93",3991.93,0.002661
13,Curb & Gutter Menu (2025),5736 S KENNETH AVE,"$5,624.01",5624.01,0.003749
13,Curb & Gutter Menu (2025),5746 S MERRIMAC AVE,"$5,628.59",5628.59,0.003752
13,Curb & Gutter Menu (2025),5805 S NOTTINGHAM AVE,"$5,384.19",5384.19,0.003590
13,,5834 S NOTTINGHAM AVE,"$5,384.19",5384.19,0.003590
13,Curb & Gutter Menu (2025),6105 S MCVICKER AVE,"$9,114.68",9114.68,0.006077
13,,6148 S MCVICKER AVE,"$9,114.68",9114.68,0.006077
13,Curb & Gutter Menu (2025),6147 W 64TH ST,$545.42,545.42,0.000364
13,Curb & Gutter Menu (2025),6155 S MOODY AVE,"$4,137.58",4137.58,0.002758
13,,6128 S MOODY AVE,"$4,137.58",4137.58,0.002758
13,Curb & Gutter Menu (2025),6159 S MONITOR AVE,"$11,482.98",11482.98,0.007655
13,Curb & Gutter Menu (2025),6243 S KOLMAR AVE,"$3,213.93",3213.93,0.002143
13,Curb & Gutter Menu (2025),6245 S RUTHERFORD AVE,"$5,790.43",5790.43,0.003860
13,Curb & Gutter Menu (2025),6504 W 60TH ST,"$9,359.70",9359.7,0.006240
13,Curb & Gutter Menu (2025),6846 W 64TH PL,"$6,870.60",6870.60,0.004580
13,,6842 W 64TH PL,"$6,870.60",6870.60,0.004580
13,Curb & Gutter Menu (2025),7055 W 64TH ST,"$4,822.03",4822.03,0.003215
13,Floodlight Menu (2025),5813-5817 S NASHVILLE AVE,"$1,150.00",1150.0,0.000767
13,Floodlight Menu (2025),5857 S MASSASOIT AVE,"$1,150.00",1150.0,0.000767
13,Floodlight Menu (2025),6158 S MOODY AVE,"$1,150.00",1150.0,0.000767
13,Hale Park Improvements,6258 W 62ND ST,"$50,000.00",50000.0,0.033334
13,Sidewalk Menu (2025),4249 W 59TH ST,"$4,174.28",4174.28,0.002783
13,Sidewalk Menu (2025),4538 W 64TH PL,"$10,662.31",10662.31,0.007108
13,Sidewalk Menu (2025),4543 W 64TH ST,"$8,987.81",8987.81,0.005992
13,Sidewalk Menu (2025),5111 W 63RD PL,"$2,204.16",2204.16,0.001469
13,Sidewalk Menu (2025),5524 S KARLOV AVE,"$3,993.19",3993.19,0.002662
13,Sidewalk Menu (2025),5531 S NEW ENGLAND AVE,"$3,649.99",3649.99,0.002433
13,,5549 S NEW ENGLAND AVE,"$3,649.99",3649.99,0.002433
13,Sidewalk Menu (2025),5540 S MERRIMAC AVE,"$15,557.44",15557.44,0.010372
13,Sidewalk Menu (2025),5544 S RUTHERFORD AVE,"$8,696.24",8696.24,0.005798
13,Sidewalk Menu (2025),5550 S NEWLAND AVE,"$3,202.89",3202.89,0.002135
13,Sidewalk Menu (2025),5550 S TRIPP AVE,$832.22,832.22,0.000555
13,Sidewalk Menu (2025),5600 S NASHVILLE AVE,"$10,657.32",10657.32,0.007105
13,Sidewalk Menu (2025),5601 S MOODY AVE,"$1,307.91",1307.91,0.000872
13,,5616 S MOODY AVE,"$1,307.91",1307.91,0.000872
13,Sidewalk Menu (2025),5604 S SAYRE AVE,"$6,551.67",6551.67,0.004368
13,Sidewalk Menu (2025),5612 S MASON AVE,"$8,168.35",8168.35,0.005446
13,Sidewalk Menu (2025),5616 S MEADE AVE,"$9,553.82",9553.82,0.006369
13,,5643 S MEADE AVE,"$9,553.82",9553.82,0.006369
13,Sidewalk Menu (2025),5633 S NATOMA AVE,"$7,115.55",7115.55,0.004744
13,,5649 S NATOMA AVE,"$7,115.55",7115.55,0.004744
13,Sidewalk Menu (2025),5658 S NOTTINGHAM AVE,"$15,938.51",15938.51,0.010626
13,Sidewalk Menu (2025),5700 W 63RD PL,"$2,955.39",2955.39,0.001970
13,Sidewalk Menu (2025),5713 S MOODY AVE,"$7,356.37",7356.37,0.004904
13,,5736 S MOODY AVE,"$7,356.37",7356.37,0.004904
13,Sidewalk Menu (2025),5724 S MERRIMAC AVE,"$3,064.34",3064.34,0.002043
13,Sidewalk Menu (2025),5729 S NORDICA AVE,"$1,847.12",1847.12,0.001231
13,Sidewalk Menu (2025),5738 S OAK PARK AVE,"$1,543.68",1543.68,0.001029
13,Sidewalk Menu (2025),5746 W 59TH ST,"$8,715.96",8715.96,0.005811
13,,5754 W 59TH ST,"$8,715.96",8715.96,0.005811
13,Sidewalk Menu (2025),5751 S NASHVILLE AVE,"$2,945.93",2945.93,0.001964
13,Sidewalk Menu (2025),5755 W 55TH ST,"$3,557.88",3557.88,0.002372
13,Sidewalk Menu (2025),5759 W 63RD PL,"$15,376.17",15376.17,0.010251
13,Sidewalk Menu (2025),5805 S NORDICA AVE,"$2,931.18",2931.18,0.001954
13,Sidewalk Menu (2025),5818 S MERRIMAC AVE,"$4,029.58",4029.58,0.002686
13,Sidewalk Menu (2025),5818 S NEWLAND AVE,"$13,111.42",13111.42,0.008741
13,Sidewalk Menu (2025),5819 S AUSTIN AVE,"$3,767.03",3767.03,0.002511
13,Sidewalk Menu (2025),5842 S NATCHEZ AVE,$672.54,672.54,0.000448
13,Sidewalk Menu (2025),5915 S MOODY AVE,"$4,193.01",4193.01,0.002795
13,Sidewalk Menu (2025),5920 S MOBILE AVE,"$5,941.24",5941.24,0.003961
13,,5914-5922 S MOBILE AVE,"$5,941.24",5941.24,0.003961
13,Sidewalk Menu (2025),5924 S KEELER AVE,"$5,469.96",5469.96,0.003647
13,Sidewalk Menu (2025),5949 S NATOMA AVE,"$4,697.04",4697.04,0.003131
13,Sidewalk Menu (2025),6005 S NORMANDY AVE,"$5,978.72",5978.72,0.003986
13,Sidewalk Menu (2025),6012 S MASON AVE,"$5,767.47",5767.47,0.003845
13,Sidewalk Menu (2025),6027 S TRIPP AVE,"$10,421.06",10421.06,0.006948
13,,6022 S TRIPP AVE,"$10,421.06",10421.06,0.006948
13,Sidewalk Menu (2025),6034 S MULLIGAN AVE,"$9,608.08",9608.08,0.006406
13,,6024 S MULLIGAN AVE,"$9,608.08",9608.08,0.006406
13,Sidewalk Menu (2025),6036 S NATOMA AVE,"$12,864.43",12864.43,0.008576
13,,6042 S NATOMA AVE,"$12,864.43",12864.43,0.008576
13,,6050 S NATOMA AVE,"$12,864.43",12864.43,0.008576
13,Sidewalk Menu (2025),6046 S KILPATRICK AVE,"$6,656.06",6656.06,0.004437
13,Sidewalk Menu (2025),6046 S MAYFIELD AVE,"$5,335.29",5335.29,0.003557
13,Sidewalk Menu (2025),6105 S KEELER AVE,"$3,277.37",3277.37,0.002185
13,Sidewalk Menu (2025),6108 S RUTHERFORD AVE,"$2,481.68",2481.68,0.001654
13,,6144 S RUTHERFORD AVE,"$2,481.68",2481.68,0.001654
13,Sidewalk Menu (2025),6113 S NAGLE AVE,"$4,420.84",4420.84,0.002947
13,Sidewalk Menu (2025),6126 S TRIPP AVE,"$3,935.94",3935.94,0.002624
13,Sidewalk Menu (2025),6134 S KEELER AVE,$620.89,620.89,0.000414
13,Sidewalk Menu (2025),6138 W 60TH ST,$746.53,746.53,0.000498
13,Sidewalk Menu (2025),6152 W 59TH ST,"$14,865.86",14865.86,0.009911
13,,6125 W 59TH ST,"$14,865.86",14865.86,0.009911
13,Sidewalk Menu (2025),6200 S KEDVALE AVE,"$4,729.31",4729.31,0.003153
13,,W 62ND ST & S KEDVALE AVE,"$4,729.31",4729.31,0.003153
13,Sidewalk Menu (2025),6208 S NEENAH AVE,"$4,622.46",4622.46,0.003082
13,Sidewalk Menu (2025),6210 S MCVICKER AVE,"$7,523.57",7523.57,0.005016
13,,6238 S MCVICKER AVE,"$7,523.57",7523.57,0.005016
13,Sidewalk Menu (2025),6214 W 63RD PL,"$6,241.95",6241.95,0.004161
13,Sidewalk Menu (2025),6217 W 55TH ST,"$8,936.53",8936.53,0.005958
13,Sidewalk Menu (2025),6219 S MENARD AVE,"$5,236.07",5236.07,0.003491
13,Sidewalk Menu (2025),6219 S NAGLE AVE,"$8,212.17",8212.17,0.005475
13,Sidewalk Menu (2025),6221 S NATCHEZ AVE,"$13,682.93",13682.93,0.009122
13,Sidewalk Menu (2025),6226 W 59TH ST,"$5,159.11",5159.11,0.003439
13,,S MERRIMAC AVE & W 59TH ST,"$5,159.11",5159.11,0.003439
13,Sidewalk Menu (2025),6243 S NASHVILLE AVE,"$1,133.19",1133.19,0.000755
13,,6245 S NASHVILLE AVE,"$1,133.19",1133.19,0.000755
13,Sidewalk Menu (2025),6250 W 60TH ST,"$13,035.86",13035.86,0.008691
13,Sidewalk Menu (2025),6258 W 64TH ST,"$5,621.78",5621.78,0.003748
13,Sidewalk Menu (2025),6331 S KILDARE AVE,"$8,209.35",8209.35,0.005473
13,,6336 S KILDARE AVE,"$8,209.35",8209.35,0.005473
13,Sidewalk Menu (2025),6346 S KEDVALE AVE,"$10,526.96",10526.96,0.007018
13,Sidewalk Menu (2025),6354 S KARLOV AVE,"$3,900.87",3900.87,0.002601
13,Sidewalk Menu (2025),6358 S TRIPP AVE,"$1,304.58",1304.58,0.000870
13,Sidewalk Menu (2025),6407 S KARLOV AVE,"$4,251.89",4251.89,0.002835
13,,6441 S KARLOV AVE,"$4,251.89",4251.89,0.002835
13,Sidewalk Menu (2025),6449 S TRIPP AVE,"$2,577.76",2577.76,0.001719
13,Sidewalk Menu (2025),6459 W 63RD PL,"$4,266.80",4266.8,0.002845
13,Sidewalk Menu (2025),6516 W 61ST ST,"$5,509.49",5509.49,0.003673
13,Sidewalk Menu (2025),6532 S KNOX AVE,"$5,709.43",5709.43,0.003806
13,Sidewalk Menu (2025),6536 W 61ST ST,"$12,724.16",12724.16,0.008483
13,Sidewalk Menu (2025),6641 S KEDVALE AVE,"$3,924.39",3924.39,0.002616
13,Sidewalk Menu (2025),6716 W 63RD PL,"$4,966.74",4966.74,0.003311
13,Sidewalk Menu (2025),6732 W 64TH ST,"$6,877.37",6877.37,0.004585
13,Sidewalk Menu (2025),7111 W 63RD PL,"$2,305.47",2305.47,0.001537
13,Sidewalk Menu (2025),S NATCHEZ AVE & W 63RD PL,"$2,241.11",2241.11,0.001494
13,,6500 W 63RD PL,"$2,241.11",2241.11,0.001494
13,Sidewalk Menu (2025),W 62ND ST & S TRIPP AVE,"$5,231.40",5231.40,0.003488
13,,6200 S TRIPP AVE,"$5,231.40",5231.40,0.003488
13,Sidewalk Menu (2025),W 64TH ST & S KILDARE AVE,"$2,618.87",2618.87,0.001746
13,,6400 S KILDARE AVE,"$2,618.87",2618.87,0.001746
13,Street Light Upgrade Menu (2025),4021 W 58TH PL,$500.00,500.00,0.000333
13,,4045 W 58TH PL,$500.00,500.00,0.000333
13,Street Light Upgrade Menu (2025),4625 W 63RD ST,$500.00,500.00,0.000333
13,,4619 W 63RD ST,$500.00,500.00,0.000333
13,Street Light Upgrade Menu (2025),5543 W 64TH PL,$500.00,500.0,0.000333
13,Street Light Upgrade Menu (2025),5759 W 55TH ST,$500.00,500.0,0.000333
13,Street Light Upgrade Menu (2025),6040 S KOMENSKY AVE,$500.00,500.0,0.000333
13,Street Light Upgrade Menu (2025),6232 W 63RD ST,$500.00,500.00,0.000333
13,,6300 W 63RD ST,$500.00,500.00,0.000333
13,,6252 W 63RD ST,$500.00,500.00,0.000333
13,,6324 W 63RD ST,$500.00,500.00,0.000333
13,Street Light Upgrade Menu (2025),6400 S LAPORTE AVE,$500.00,500.0,0.000333
13,Street Resurfacing Menu (2025),5600-5700 S Kildare Ave,"$56,898.57",56898.57,0.037933
13,Street Resurfacing Menu (2025),6600-6700 S Kildare Ave,"$61,749.35",61749.35,0.041167
13,Street Resurfacing Menu (2025),6600-6700 S Knox Ave,"$55,965.53",55965.53,0.037311
13,Street Resurfacing Menu (2025),5700-5899 S Newcastle Ave,"$105,451.37",105451.37,0.070302
13,Street Resurfacing Menu (2025),5600-5700 S New England Ave,"$54,638.03",54638.03,0.036426
13,Street Resurfacing Menu (2025),5500-5600 S Nordica Ave,"$53,400.95",53400.95,0.035601
13,Street Resurfacing Menu (2025),5800-5899 S Nottingham Ave,"$55,045.08",55045.08,0.036697
13,Street Resurfacing Menu (2025),5500-5600 S Rutherford Ave,"$58,002.44",58002.44,0.038669
13,Street Resurfacing Menu (2025),5600-5700 S Sayre Ave,"$54,549.95",54549.95,0.036367
13,Street Speed Hump Menu (2025),6430-6500 S Linder Ave,"$2,440.00",2440.0,0.001627
13,Street Speed Hump Replacement (2025),6600-6700 S Kildare Ave,$0.00,0.0,0.000000
13,Street Speed Hump Replacement (2025),6600-6700 S Knox Ave,$0.00,0.0,0.000000
13,Wentworth Park Improvements,5625 S MOBILE AVE,"$50,000.00",50000.0,0.033334
14,Alley Apron Menu (2025),2957 W 53RD ST,"$29,378.11",29378.11,0.019849
14,Alley Apron Menu (2025),3143 W 54TH PL,"$17,036.61",17036.61,0.011511
14,Alley Apron Menu (2025),3355 W 65TH PL,"$22,859.80",22859.8,0.015445
14,Alley Apron Menu (2025),5400 S FRANCISCO AVE,"$28,029.63",28029.63,0.018938
14,Alley Resurfacing Menu (2025),S FRANCISCO AVE & W 53RD ST & W 54TH ST & S MOZART ST,"$42,668.94",42668.94,0.028829
14,Alley Resurfacing Menu (2025),S KEDZIE AVE & W 56TH ST & S SAWYER AVE & W 55TH ST,"$5,267.38",5267.38,0.003559
14,,5543-5559 S SAWYER AVE,"$5,267.38",5267.38,0.003559
14,Alley Resurfacing Menu (2025),W 51ST ST & S WASHTENAW AVE & S FAIRFIELD AVE & W 52ND ST,"$56,029.91",56029.91,0.037857
14,Alley Resurfacing Menu (2025),W 52ND ST & S FAIRFIELD AVE & S CALIFORNIA AVE & W 53RD ST,"$5,790.45",5790.45,0.003912
14,Alley Resurfacing Menu (2025),W 53RD ST & S FAIRFIELD AVE & S CALIFORNIA AVE & W 54TH ST,"$47,689.10",47689.1,0.032221
14,Alley Speed Hump Menu (2025),W 53RD ST & S FAIRFIELD AVE & S CALIFORNIA AVE & W 54TH ST,$0.00,0.0,0.000000
14,Alley Speed Hump Replacement (2025),S FRANCISCO AVE & W 53RD ST & W 54TH ST & S MOZART ST,$0.00,0.0,0.000000
14,Alley Speed Hump Replacement (2025),S KEDZIE AVE & W 56TH ST & S SAWYER AVE & W 55TH ST,$0.00,0.00,0.000000
14,,5558 S KEDZIE AVE,$0.00,0.00,0.000000
14,Alley Speed Hump Replacement (2025),W 51ST ST & S WASHTENAW AVE & S FAIRFIELD AVE & W 52ND ST,$0.00,0.0,0.000000
14,Curb & Gutter Menu (2025),5084 S ARCHER AVE,"$1,086.40",1086.4,0.000734
14,Curb & Gutter Menu (2025),5640 S SPAULDING AVE,"$3,015.97",3015.97,0.002038
14,Diagonal Parking Menu (2025),5443-5500 S Homan Ave,"$44,249.62",44249.62,0.029897
14,Miscellaneous CDOT Projects (2025),5426 S ST LOUIS AVE,$660.00,660.0,0.000446
14,Sidewalk Menu (2025),3301 W 65TH ST,"$9,118.77",9118.77,0.006161
14,Sidewalk Menu (2025),3401 W 60TH ST,"$13,416.43",13416.43,0.009065
14,Sidewalk Menu (2025),3402-3410 W 60TH PL,"$17,278.37",17278.37,0.011674
14,Sidewalk Menu (2025),3432-3436 W 62ND ST,"$6,815.96",6815.96,0.004605
14,Sidewalk Menu (2025),3441 W 60TH PL,"$7,189.43",7189.43,0.004858
14,Sidewalk Menu (2025),3456 W 65TH ST,"$14,852.72",14852.72,0.010035
14,Sidewalk Menu (2025),4317-4325 S KEDVALE AVE,"$9,260.05",9260.05,0.006257
14,Sidewalk Menu (2025),4518 S AVERS AVE,"$7,456.38",7456.38,0.005038
14,Sidewalk Menu (2025),4536 S KOMENSKY AVE,"$6,773.77",6773.77,0.004577
14,Sidewalk Menu (2025),4701 S RIDGEWAY AVE,"$10,115.53",10115.53,0.006835
14,Sidewalk Menu (2025),5201 S ALBANY AVE,"$7,359.48",7359.48,0.004972
14,Sidewalk Menu (2025),5257 S TRUMBULL AVE,"$14,803.09",14803.09,0.010002
14,Sidewalk Menu (2025),5401 S FRANCISCO AVE,"$5,872.38",5872.38,0.003968
14,Sidewalk Menu (2025),5412 S CHRISTIANA AVE,"$12,234.55",12234.55,0.008266
14,Sidewalk Menu (2025),5703-5707 S SAWYER AVE,"$6,688.28",6688.28,0.004519
14,Sidewalk Menu (2025),5725 S SAWYER AVE,"$6,306.23",6306.23,0.004261
14,Sidewalk Menu (2025),5808 S TRUMBULL AVE,"$3,980.53",3980.53,0.002689
14,Sidewalk Menu (2025),5859 S WHIPPLE ST,"$14,531.13",14531.13,0.009818
14,Sidewalk Menu (2025),5915-5923 S KEDZIE AVE,"$113,427.36",113427.36,0.076637
14,Sidewalk Menu (2025),5919 S SPAULDING AVE,"$4,469.37",4469.37,0.003020
14,Sidewalk Menu (2025),5958 S SAWYER AVE,"$7,762.69",7762.69,0.005245
14,Sidewalk Menu (2025),6542-6544 S TROY ST,"$4,123.55",4123.55,0.002786
14,Sidewalk Menu (2025),S SAWYER AVE & W 60TH ST,"$3,206.78",3206.78,0.002167
14,Street Resurfacing Menu (2025),5700-5800 S Homan Ave,"$60,721.77",60721.77,0.041027
14,Street Resurfacing Menu (2025),5000-5050 S Keeler Ave,"$37,286.57",37286.57,0.025193
14,Street Resurfacing Menu (2025),5200-5300 S Maplewood Ave,"$58,712.93",58712.93,0.039670
14,Street Resurfacing Menu (2025),4700-4832 S Whipple St,"$90,251.10",90251.1,0.060978
14,Street Resurfacing Menu (2025),4130-4200 W 49th St,"$46,929.78",46929.78,0.031708
14,Street Resurfacing Menu (2025),3500-3600 W 57th Pl,"$62,432.90",62432.9,0.042183
14,Street Resurfacing Menu (2025),3400-3430 W 58th St,"$25,446.73",25446.73,0.017193
14,Street Resurfacing Menu (2025),3430-3600 W 58th St,"$105,059.95",105059.95,0.070984
14,Street Resurfacing Menu (2025),3600-3400 W 60th Pl,"$120,501.84",120501.84,0.081417
14,Street Resurfacing Menu (2025),3400-3500 W 60th St,"$65,616.71",65616.71,0.044334
14,Street Resurfacing Menu (2025),3500-3600 W 61st Pl,"$53,958.78",53958.78,0.036457
14,Street Resurfacing Menu (2025),3500-3400 W 61st Pl,"$58,566.13",58566.13,0.039570
14,Street Resurfacing Menu (2025),3400-3500 W 62nd Pl,"$56,534.46",56534.46,0.038198
14,Street Speed Hump Menu (2025),5200-5300 S Maplewood Ave,"$4,880.00",4880.0,0.003297
14,Street Speed Hump Menu (2025),5700-6000 S St Louis Ave,"$12,200.00",12200.0,0.008243
14,Street Speed Hump Menu (2025),3330-3300 W 58th St,"$2,440.00",2440.0,0.001649
14,Street Speed Hump Menu (2025),3430-3500 W 58th St,"$2,440.00",2440.0,0.001649
14,Street Speed Hump Replacement (2025),5700-5800 S Homan Ave,$0.00,0.0,0.000000
14,Street Speed Hump Replacement (2025),3430-3600 W 58th St,$0.00,0.0,0.000000
14,Street Speed Hump Replacement (2025),3600-3400 W 60th Pl,$0.00,0.0,0.000000
14,Street Speed Hump Replacement (2025),3400-3500 W 60th St,$0.00,0.0,0.000000
15,Alley Resurfacing Menu (2025),S SACRAMENTO AVE & W 66TH ST & W MARQUETTE RD & S WHIPPLE ST,"$28,372.23",28372.23,0.019371
15,Alley Resurfacing Menu (2025),W 43RD ST & S ASHLAND AVE & S MARSHFIELD AVE & W 44TH ST,"$48,863.33",48863.33,0.033361
15,Alley Resurfacing Menu (2025),W 44TH ST & S NORMAL AVE & S WALLACE ST & W 44TH PL,"$42,870.95",42870.95,0.029270
15,Alley Resurfacing Menu (2025),W 45TH PL & S NORMAL AVE & S WALLACE ST & W 46TH ST,"$28,487.94",28487.94,0.019450
15,Alley Resurfacing Menu (2025),W 47TH ST & S DAMEN AVE & S SEELEY AVE & W 48TH ST,"$42,885.25",42885.25,0.029280
15,Alley Resurfacing Menu (2025),W 47TH ST & S HONORE ST & S WOLCOTT AVE & W 48TH ST,"$26,371.25",26371.25,0.018005
15,,1841 W 47TH ST,"$26,371.25",26371.25,0.018005
15,Alley Resurfacing Menu (2025),W 50TH PL & S OAKLEY AVE & S WESTERN BLVD & W 51ST ST,"$29,726.28",29726.28,0.020295
15,Alley Resurfacing Menu (2025),W 54TH ST & S MAPLEWOOD AVE & S ROCKWELL ST & W 55TH ST,"$47,888.79",47888.79,0.032696
15,Alley Resurfacing Menu (2025),W 62ND ST & S WHIPPLE ST & S ALBANY AVE & W 63RD ST,"$40,769.72",40769.72,0.027835
15,Alley Resurfacing Menu (2025),W 64TH ST & S ALBANY AVE & S TROY ST & W 65TH ST,"$35,041.17",35041.17,0.023924
15,Alley Resurfacing Menu (2025),W 64TH ST & S CALIFORNIA AVE & S MOZART ST & W 65TH ST,"$36,227.35",36227.35,0.024734
15,Alley Resurfacing Menu (2025),W 64TH ST & S MOZART ST & S FRANCISCO AVE & W 65TH ST,"$34,979.37",34979.37,0.023882
15,Alley Resurfacing Menu (2025),W 66TH ST & S ALBANY AVE & S TROY ST & W MARQUETTE RD,"$27,451.61",27451.61,0.018742
15,Alley Speed Hump Menu (2025),S SACRAMENTO AVE & W 66TH ST & W MARQUETTE RD & S WHIPPLE ST,$0.00,0.0,0.000000
15,Alley Speed Hump Menu (2025),S WESTERN AVE & W 46TH PL & W 46TH ST & S ROCKWELL ST,"$5,800.00",5800.0,0.003960
15,Alley Speed Hump Menu (2025),S WOLCOTT AVE & W 65TH ST & W 66TH ST & S HONORE ST,"$1,450.00",1450.0,0.000990
15,Alley Speed Hump Menu (2025),W 55TH ST & S WASHTENAW AVE & S FAIRFIELD AVE & W 56TH ST,"$2,175.00",2175.0,0.001485
15,Alley Speed Hump Menu (2025),W 56TH ST & S ARTESIAN AVE & S CAMPBELL AVE & W 57TH ST,"$2,175.00",2175.0,0.001485
15,Alley Speed Hump Menu (2025),W 58TH ST & S CALIFORNIA AVE & S FAIRFIELD AVE & W 59TH ST,"$2,900.00",2900.0,0.001980
15,Alley Speed Hump Replacement (2025),W 43RD ST & S ASHLAND AVE & S MARSHFIELD AVE & W 44TH ST,$0.00,0.0,0.000000
15,Alley Speed Hump Replacement (2025),W 44TH ST & S NORMAL AVE & S WALLACE ST & W 44TH PL,$0.00,0.0,0.000000
15,Alley Speed Hump Replacement (2025),W 45TH PL & S NORMAL AVE & S WALLACE ST & W 46TH ST,$0.00,0.0,0.000000
15,Alley Speed Hump Replacement (2025),W 47TH ST & S DAMEN AVE & S SEELEY AVE & W 48TH ST,$0.00,0.0,0.000000
15,Alley Speed Hump Replacement (2025),W 47TH ST & S HONORE ST & S WOLCOTT AVE & W 48TH ST,$0.00,0.00,0.000000
15,,1841 W 47TH ST,$0.00,0.00,0.000000
15,Alley Speed Hump Replacement (2025),W 54TH ST & S MAPLEWOOD AVE & S ROCKWELL ST & W 55TH ST,$0.00,0.0,0.000000
15,Alley Speed Hump Replacement (2025),W 62ND ST & S WHIPPLE ST & S ALBANY AVE & W 63RD ST,$0.00,0.0,0.000000
15,Alley Speed Hump Replacement (2025),W 64TH ST & S CALIFORNIA AVE & S MOZART ST & W 65TH ST,$0.00,0.0,0.000000
15,Alley Speed Hump Replacement (2025),W 66TH ST & S ALBANY AVE & S TROY ST & W MARQUETTE RD,$0.00,0.0,0.000000
15,Bollard Menu (2025),2501 W 54TH ST,"$2,833.58",2833.58,0.001935
15,Bollard Menu (2025),4501 S WALLACE ST,"$1,455.73",1455.73,0.000994
15,Sidewalk Menu (2025),2834 W 57TH ST,"$33,102.09",33102.09,0.022600
15,Sidewalk Menu (2025),5640 S SEELEY AVE,"$3,393.26",3393.26,0.002317
15,Sidewalk Menu (2025),5654 S WASHTENAW AVE,"$11,379.86",11379.86,0.007770
15,Sidewalk Menu (2025),5658 S CAMPBELL AVE,"$14,946.01",14946.01,0.010204
15,Sidewalk Menu (2025),5700 S MOZART ST,"$18,393.30",18393.3,0.012558
15,Sidewalk Menu (2025),5920 S HERMITAGE AVE,"$4,818.26",4818.26,0.003290
15,Sidewalk Menu (2025),6345 S HERMITAGE AVE,"$4,617.29",4617.29,0.003152
15,Sidewalk Menu (2025),6427 S SACRAMENTO AVE,"$8,939.13",8939.13,0.006103
15,Street Bump Outs Menu (2025),W 49TH ST & S HALSTED ST,"$26,831.75",26831.75,0.018319
15,Street Light Residential Staggered Piggy Back Menu (2025),6500-6700 S Mozart St,"$370,000.00",370000.0,0.252615
15,Street Light Upgrade Menu (2025),5023 S HOYNE AVE,$500.00,500.0,0.000341
15,Street Light Upgrade Menu (2025),5702 S DAMEN AVE,$500.00,500.00,0.000341
15,,5715 S DAMEN AVE,$500.00,500.00,0.000341
15,,5740 S DAMEN AVE,$500.00,500.00,0.000341
15,Street Light Upgrade Menu (2025),5816 S HONORE ST,$500.00,500.0,0.000341
15,Street Light Upgrade Menu (2025),W 51ST ST & S CENTRAL PARK AVE & S WESTERN AVE & W 73RD ST,"$178,555.35",178555.35,0.121908
15,Street Resurfacing Menu (2025),5700-5900 S Francisco Ave,"$118,325.11",118325.11,0.080786
15,Street Resurfacing Menu (2025),2600-2700 W 56th St,"$74,756.14",74756.14,0.051039
15,Street Resurfacing Menu (2025),2700-2730 W 57th St,"$26,940.08",26940.08,0.018393
15,Street Resurfacing Menu (2025),3000-3030 W 64th St,"$23,957.35",23957.35,0.016357
15,Street Speed Hump Menu (2025),5400-5500 S Artesian Ave,"$2,440.00",2440.0,0.001666
15,Street Speed Hump Menu (2025),5500-5700 S Fairfield Ave,"$4,880.00",4880.0,0.003332
15,Street Speed Hump Menu (2025),5800-5900 S Fairfield Ave,"$4,880.00",4880.0,0.003332
15,Street Speed Hump Menu (2025),6400-6500 S Hermitage Ave,$962.19,962.19,0.000657
15,Street Speed Hump Menu (2025),5000-5100 S Maplewood Ave,"$4,880.00",4880.0,0.003332
15,Street Speed Hump Menu (2025),6100-6200 S Richmond St,"$4,880.00",4880.0,0.003332
15,Street Speed Hump Menu (2025),5500-5600 S Talman Ave,"$4,880.00",4880.0,0.003332
15,Street Speed Hump Menu (2025),6000-6100 S Whipple St,$162.32,162.32,0.000111
15,,6000 S WHIPPLE ST,$162.32,162.32,0.000111
15,Street Speed Hump Replacement (2025),5700-5900 S Francisco Ave,$0.00,0.0,0.000000
15,Street Speed Hump Replacement (2025),2600-2700 W 56th St,$0.00,0.0,0.000000
16,Alley Resurfacing Menu (2025),5414 S HONORE ST,"$26,774.12",26774.12,0.020777
16,,W 54TH ST & S HONORE ST & S WOLCOTT AVE & W GARFIELD BLVD,"$26,774.12",26774.12,0.020777
16,Alley Resurfacing Menu (2025),S HALSTED ST & W 59TH ST & W 60TH ST & S GREEN ST,"$54,598.85",54598.85,0.042369
16,Alley Resurfacing Menu (2025),S HOYNE AVE & W 66TH ST & W MARQUETTE RD & S SEELEY AVE,"$38,052.80",38052.8,0.029529
16,Alley Resurfacing Menu (2025),S ROCKWELL ST & W 60TH ST & W 61ST ST & S TALMAN AVE,"$57,665.67",57665.67,0.044749
16,Alley Resurfacing Menu (2025),S WOLCOTT AVE & W 52ND ST & W 53RD ST & S WINCHESTER AVE,"$32,754.53",32754.53,0.025418
16,Alley Resurfacing Menu (2025),W 51ST ST & S WINCHESTER AVE & S DAMEN AVE & W 52ND ST,"$20,144.81",20144.81,0.015632
16,,1935-1953 W 51ST ST,"$20,144.81",20144.81,0.015632
16,Alley Resurfacing Menu (2025),W 51ST ST & S WOLCOTT AVE & S WINCHESTER AVE & W 52ND ST,"$39,954.35",39954.35,0.031005
16,Alley Resurfacing Menu (2025),W 56TH ST & S ADA ST & S LOOMIS BLVD & W 57TH ST,"$47,615.34",47615.34,0.036950
16,Alley Resurfacing Menu (2025),W 61ST ST & S LOOMIS BLVD & S ADA ST & W 62ND ST,"$35,980.15",35980.15,0.027921
16,Alley Resurfacing Menu (2025),W 63RD ST & S CAMPBELL AVE & S ARTESIAN AVE & W 64TH ST,"$32,305.31",32305.31,0.025069
16,Alley Resurfacing Menu (2025),W 63RD ST & S CLAREMONT AVE & S WESTERN AVE & W 64TH ST,"$38,903.73",38903.73,0.030189
16,Alley Resurfacing Menu (2025),W 66TH ST & S ARTESIAN AVE & S CAMPBELL AVE & W MARQUETTE RD,"$34,634.81",34634.81,0.026877
16,Alley Resurfacing Menu (2025),W 66TH ST & S WASHTENAW AVE & S TALMAN AVE & W MARQUETTE RD,"$35,858.86",35858.86,0.027826
16,Alley Resurfacing Menu (2025),W 68TH ST & S CAMPBELL AVE & S MAPLEWOOD AVE & W LITHUANIAN PLAZA CT,"$32,645.21",32645.21,0.025333
16,Alley Speed Hump Replacement (2025),S ROCKWELL ST & W 60TH ST & W 61ST ST & S TALMAN AVE,$0.00,0.0,0.000000
16,Alley Speed Hump Replacement (2025),W 51ST ST & S WINCHESTER AVE & S DAMEN AVE & W 52ND ST,$0.00,0.00,0.000000
16,,1935-1953 W 51ST ST,$0.00,0.00,0.000000
16,Alley Speed Hump Replacement (2025),W 61ST ST & S LOOMIS BLVD & S ADA ST & W 62ND ST,$0.00,0.0,0.000000
16,Alley Speed Hump Replacement (2025),W 66TH ST & S ARTESIAN AVE & S CAMPBELL AVE & W MARQUETTE RD,$0.00,0.0,0.000000
16,Arterial Street Bump Outs Menu (2025),S RACINE AVE & W 69TH ST,"$83,591.64",83591.64,0.064867
16,Miscellaneous CDOT Projects (2025),6241 S LOOMIS BLVD,$369.82,369.82,0.000287
16,Sidewalk Menu (2025),5200 S LAFLIN ST,"$16,692.02",16692.02,0.012953
16,Sidewalk Menu (2025),5400 S WINCHESTER AVE,"$16,776.13",16776.13,0.013018
16,Sidewalk Menu (2025),6001 S TALMAN AVE,"$18,090.31",18090.31,0.014038
16,Sidewalk Menu (2025),6354 S TALMAN AVE,"$5,350.26",5350.26,0.004152
16,Street Light Upgrade Menu (2025),2015-2017 W 51ST ST,$500.00,500.0,0.000388
16,Street Resurfacing Menu (2025),6100-6400 S Ada St,"$170,207.02",170207.02,0.132081
16,Street Resurfacing Menu (2025),5400-5500 S Honore St,"$59,518.03",59518.03,0.046186
16,Street Resurfacing Menu (2025),5100-5200 S Justine St,"$55,489.46",55489.46,0.043060
16,Street Resurfacing Menu (2025),6300-6500 S Maplewood Ave,"$103,968.60",103968.6,0.080680
16,Street Resurfacing Menu (2025),6000-6100 S Marshfield Ave,"$46,841.52",46841.52,0.036349
16,Street Resurfacing Menu (2025),5500-5600 S Marshfield Ave,"$41,621.98",41621.98,0.032299
16,Street Resurfacing Menu (2025),700-800 W 60th Pl,"$65,555.04",65555.04,0.050871
16,Street Speed Hump Menu (2025),6600-6700 S Hoyne Ave,"$4,880.00",4880.0,0.003787
16,Street Speed Hump Menu (2025),5100-5200 S Justine St,"$4,880.00",4880.0,0.003787
16,Street Speed Hump Menu (2025),6700-6900 S May St,"$9,760.00",9760.0,0.007574
16,Street Speed Hump Menu (2025),6500-6600 S Morgan St,"$4,880.00",4880.0,0.003787
16,Street Speed Hump Menu (2025),2151-2000 W 53rd Pl,"$4,880.00",4880.0,0.003787
16,Street Speed Hump Replacement (2025),6100-6400 S Ada St,$0.00,0.0,0.000000
16,Street Speed Hump Replacement (2025),5400-5500 S Honore St,$0.00,0.0,0.000000
16,Street Speed Hump Replacement (2025),6300-6500 S Maplewood Ave,$0.00,0.0,0.000000
16,Street Speed Hump Replacement (2025),6000-6100 S Marshfield Ave,$0.00,0.0,0.000000
16,Street Speed Hump Replacement (2025),700-800 W 60th Pl,$0.00,0.0,0.000000
17,Alley Resurfacing Menu (2025),S WESTERN AVE & W 70TH ST & W 71ST ST & S ARTESIAN AVE,"$10,062.37",10062.37,0.006864
17,Alley Resurfacing Menu (2025),W 70TH ST & S HOYNE AVE & S HAMILTON AVE & W 70TH PL,"$21,860.94",21860.94,0.014913
17,Curb & Gutter Menu (2025),1818 W 78TH ST,"$31,825.68",31825.68,0.021710
17,Curb & Gutter Menu (2025),1230-1400 W 84th St,"$8,036.59",8036.59,0.005482
17,Miscellaneous CDOT Projects (2025),6944-6948 S BELL AVE,$300.00,300.0,0.000205
17,Miscellaneous CDOT Projects (2025),732 W 79TH ST,$415.32,415.32,0.000283
17,,8140 S RACINE AVE,$415.32,415.32,0.000283
17,,7751 S EMERALD AVE,$415.32,415.32,0.000283
17,Sidewalk Menu (2025),2139-2141 W 72ND ST,"$9,366.79",9366.79,0.006390
17,Sidewalk Menu (2025),450 W WINNECONNA PKWY,"$28,138.19",28138.19,0.019195
17,Sidewalk Menu (2025),6904 S TALMAN AVE,"$16,732.93",16732.93,0.011415
17,Sidewalk Menu (2025),6958 S FAIRFIELD AVE,"$24,433.61",24433.61,0.016668
17,Sidewalk Menu (2025),7700 S ABERDEEN ST,"$160,785.79",160785.79,0.109682
17,Sidewalk Menu (2025),8100 S MORGAN ST,$583.53,583.53,0.000398
17,Sidewalk Menu (2025),8156 S MAY ST,"$34,079.60",34079.6,0.023248
17,Street Light Upgrade Menu (2025),2100 W 72ND ST,"$3,700.00",3700.0,0.002524
17,Street Resurfacing Menu (2025),8600-8700 S Elizabeth St,"$53,952.97",53952.97,0.036805
17,Street Resurfacing Menu (2025),7400-7600 S Emerald Ave,"$100,254.73",100254.73,0.068390
17,Street Resurfacing Menu (2025),6800-6900 S Hermitage Ave,"$56,068.48",56068.48,0.038248
17,Street Resurfacing Menu (2025),7200-7300 S Hermitage Ave,"$56,417.02",56417.02,0.038486
17,Street Resurfacing Menu (2025),6900-7100 S Laflin St,"$113,068.92",113068.92,0.077131
17,Street Resurfacing Menu (2025),7200-7300 S Paulina St,"$53,489.03",53489.03,0.036488
17,Street Resurfacing Menu (2025),8100-8200 S Paulina St,"$53,964.41",53964.41,0.036812
17,Street Resurfacing Menu (2025),7200-7300 S Spaulding Ave,"$53,434.29",53434.29,0.036451
17,Street Resurfacing Menu (2025),7000-7100 S Throop St,"$60,193.30",60193.3,0.041062
17,Street Resurfacing Menu (2025),6700-6800 S Throop St,"$67,740.58",67740.58,0.046210
17,Street Resurfacing Menu (2025),7800-7900 S Union Ave,"$55,683.03",55683.03,0.037985
17,Street Resurfacing Menu (2025),7600-7900 S Wallace St,"$126,199.23",126199.23,0.086088
17,Street Resurfacing Menu (2025),1700-2000 W 72nd St,"$259,429.30",259429.3,0.176973
17,Street Speed Hump Menu (2025),7800-7900 S Union Ave,"$4,880.00",4880.0,0.003329
17,Street Speed Hump Replacement (2025),7000-7100 S Throop St,$0.00,0.0,0.000000
17,Street Speed Hump Replacement (2025),6700-6800 S Throop St,$0.00,0.0,0.000000
17,Street Speed Hump Replacement (2025),1700-2000 W 72nd St,$0.00,0.0,0.000000
18,Curb & Gutter Menu (2025),8055 S TALMAN AVE,"$7,220.05",7220.05,0.004814
18,Miscellaneous CDOT Projects (2025),1701 W 87TH ST,$660.00,660.0,0.000440
18,Sidewalk Menu (2025),3642 W 80TH ST,"$4,664.73",4664.73,0.003110
18,Sidewalk Menu (2025),3757 W 82ND PL,"$29,993.96",29993.96,0.019999
18,Sidewalk Menu (2025),3828 W 77TH PL,"$11,970.14",11970.14,0.007981
18,Sidewalk Menu (2025),3845 W 82ND ST,"$8,239.66",8239.66,0.005494
18,Sidewalk Menu (2025),3939 W 85TH PL,"$6,329.21",6329.21,0.004220
18,Sidewalk Menu (2025),8100-8200 S Christiana Ave,"$60,180.80",60180.8,0.040126
18,Sidewalk Menu (2025),7600-7810 S Hamilton Ave,"$25,525.37",25525.37,0.017019
18,Sidewalk Menu (2025),3600-3700 W 79th Pl,"$160,940.80",160940.8,0.107307
18,Street Cul-de-Sac Menu (2025),S KILBOURN AVE & W 87TH ST,"$22,476.12",22476.12,0.014986
18,,8642 S KILBOURN AVE,"$22,476.12",22476.12,0.014986
18,Street Resurfacing Menu (2025),8425-8400 S Hamilton Ave,"$41,683.49",41683.49,0.027793
18,Street Resurfacing Menu (2025),8500-8700 S Kildare Ave,"$110,510.99",110510.99,0.073683
18,Street Resurfacing Menu (2025),8500-8600 S Kolmar Ave,"$53,904.04",53904.04,0.035941
18,Street Resurfacing Menu (2025),8500-8600 S Kostner Ave,"$54,189.68",54189.68,0.036131
18,Street Resurfacing Menu (2025),8800-8900 S Paulina St,"$71,825.64",71825.64,0.047890
18,Street Resurfacing Menu (2025),8630-8700 S Springfield Ave,"$24,278.21",24278.21,0.016188
18,Street Resurfacing Menu (2025),7900-8000 S Talman Ave,"$59,369.98",59369.98,0.039585
18,Street Resurfacing Menu (2025),7200-7300 S Troy St,"$54,223.02",54223.02,0.036153
18,Street Resurfacing Menu (2025),7800-7900 S Trumbull Ave,"$50,619.78",50619.78,0.033751
18,Street Resurfacing Menu (2025),8200-8300 S Washtenaw Ave,"$57,415.25",57415.25,0.038282
18,Street Resurfacing Menu (2025),7900-8000 S Whipple St,"$54,344.43",54344.43,0.036234
18,Street Resurfacing Menu (2025),3750-3800 W 77th Pl,"$45,256.40",45256.4,0.030175
18,Street Resurfacing Menu (2025),2300-2400 W 79th Pl,"$50,846.68",50846.68,0.033902
18,Street Resurfacing Menu (2025),2300-2400 W 80th Pl,"$53,870.70",53870.7,0.035918
18,Street Resurfacing Menu (2025),2216-2300 W 81st St,"$38,431.59",38431.59,0.025624
18,Street Resurfacing Menu (2025),2900-2930 W 82nd St,"$29,086.89",29086.89,0.019394
18,Street Resurfacing Menu (2025),2600-2700 W 83rd Pl,"$66,373.40",66373.4,0.044255
18,Street Resurfacing Menu (2025),3030-3100 W 83rd Pl,"$19,962.26",19962.26,0.013310
18,Street Resurfacing Menu (2025),3400-3500 W 84th Pl,"$53,434.29",53434.29,0.035627
18,Street Resurfacing Menu (2025),2900-2960 W 86th Pl,"$59,893.24",59893.24,0.039934
18,Street Resurfacing Menu (2025),2900-2960 W 86th St,"$57,892.96",57892.96,0.038600
18,Street Speed Hump Menu (2025),7920-8040 S Keeler Ave,"$4,880.00",4880.0,0.003254
18,Street Speed Hump Menu (2025),8400-8500 S Lawndale Ave,"$4,880.00",4880.0,0.003254
18,Street Speed Hump Menu (2025),8530-8700 S Lawndale Ave,"$9,760.00",9760.0,0.006507
18,Street Speed Hump Menu (2025),7200-7300 S Rockwell St,"$4,880.00",4880.0,0.003254
18,Street Speed Hump Menu (2025),8100-8200 S Talman Ave,"$4,880.00",4880.0,0.003254
18,Street Speed Hump Menu (2025),3900-4000 W 77th St,"$2,440.00",2440.0,0.001627
18,Street Speed Hump Replacement (2025),2600-2700 W 83rd Pl,$0.00,0.0,0.000000
19,Bollard Menu (2025),S MALTA ST & W 100TH PL,"$1,923.73",1923.73,0.001290
19,Miscellaneous CDOT Projects (2025),9243 S BELL AVE,$660.00,660.0,0.000443
19,Street Bump Outs Menu (2025),S WALDEN PKWY & W 101ST ST,"$3,452.27",3452.27,0.002315
19,Street Resurfacing Menu (2025),2500-2600 E 110th St,"$57,246.91",57246.91,0.038392
19,Street Resurfacing Menu (2025),2300-2400 E 114th St,"$45,366.75",45366.75,0.030425
19,Street Resurfacing Menu (2025),10500-10600 S Campbell Ave,"$56,426.87",56426.87,0.037842
19,Street Resurfacing Menu (2025),11630-11700 S Central Park Ave,"$53,439.73",53439.73,0.035839
19,Street Resurfacing Menu (2025),10000-10300 S Charles St,"$165,328.03",165328.03,0.110876
19,Street Resurfacing Menu (2025),11300-11400 S Church St,"$52,083.75",52083.75,0.034930
19,Street Resurfacing Menu (2025),8930-9000 S Claremont Ave,"$26,863.94",26863.94,0.018016
19,Street Resurfacing Menu (2025),9435-9400 S Claremont Ave,"$34,086.38",34086.38,0.022860
19,Street Resurfacing Menu (2025),10900-11000 S Drake Ave,"$63,533.96",63533.96,0.042609
19,Street Resurfacing Menu (2025),10300-10400 S Hamilton Ave,"$44,567.72",44567.72,0.029889
19,Street Resurfacing Menu (2025),11040-11100 S Hoyne Ave,"$19,230.47",19230.47,0.012897
19,Street Resurfacing Menu (2025),10930-11040 S Hoyne Ave,"$33,205.53",33205.53,0.022269
19,Street Resurfacing Menu (2025),11100-11200 S Maplewood Ave,"$69,229.95",69229.95,0.046429
19,Street Resurfacing Menu (2025),10000-10100 S Oakley Ave,"$22,137.06",22137.06,0.014846
19,Street Resurfacing Menu (2025),9700-9800 S Oakley Ave,"$56,244.84",56244.84,0.037720
19,Street Resurfacing Menu (2025),9900-10000 S Prospect Ave,"$68,574.82",68574.82,0.045989
19,Street Resurfacing Menu (2025),10400-10500 S Springfield Ave,"$87,370.23",87370.23,0.058594
19,Street Resurfacing Menu (2025),10600-10700 S Springfield Ave,"$62,463.02",62463.02,0.041890
19,Street Resurfacing Menu (2025),11000-11100 S St Louis Ave,"$64,128.83",64128.83,0.043008
19,Street Resurfacing Menu (2025),11000-11200 S Washtenaw Ave,"$112,657.96",112657.96,0.075553
19,Street Resurfacing Menu (2025),9100-9100 S Winchester Ave,"$54,282.59",54282.59,0.036404
19,Street Resurfacing Menu (2025),1600-1799 W 104th Pl,"$117,338.05",117338.05,0.078692
19,Street Resurfacing Menu (2025),3930-4000 W 106th St,"$49,204.52",49204.52,0.032999
19,Street Resurfacing Menu (2025),2230-2300 W 115th St,"$65,179.63",65179.63,0.043712
19,Street Speed Hump Menu (2025),3300-3400 W 110th St,"$4,880.00",4880.0,0.003273
19,Street Speed Hump Replacement (2025),2300-2400 E 114th St,$0.00,0.0,0.000000
19,Street Speed Hump Replacement (2025),10000-10300 S Charles St,$0.00,0.0,0.000000
19,Street Speed Hump Replacement (2025),11100-11200 S Maplewood Ave,$0.00,0.0,0.000000
19,Street Speed Hump Replacement (2025),2230-2300 W 115th St,$0.00,0.0,0.000000
20,Miscellaneous CDOT Projects (2025),717 E 61ST ST,$660.00,660.0,0.000478
20,Pavement Markings Menu (2025),S DR MARTIN LUTHER KING JR DR & E GARFIELD BLVD,$750.00,750.0,0.000543
20,Pavement Markings Menu (2025),S STATE ST & E 63RD ST,"$5,000.00",5000.0,0.003618
20,Sidewalk Menu (2025),4747 S PAULINA ST,"$1,667.62",1667.62,0.001207
20,Street Bump Outs Menu (2025),S ELLIS AVE & E 61ST ST,"$21,654.12",21654.12,0.015669
20,Street Bump Outs Menu (2025),W 51ST PL & S MORGAN ST,"$14,371.36",14371.36,0.010399
20,Street Light Upgrade Menu (2025),1001 W 47TH PL,$500.00,500.00,0.000362
20,,1007 W 47TH PL,$500.00,500.00,0.000362
20,,1011 W 47TH PL,$500.00,500.00,0.000362
20,Street Resurfacing Menu (2025),5100-5300 S Aberdeen St,"$158,114.80",158114.8,0.114414
20,Street Resurfacing Menu (2025),5100-5300 S Carpenter St,"$150,426.36",150426.36,0.108851
20,Street Resurfacing Menu (2025),6300-6500 S Champlain Ave,"$147,086.12",147086.12,0.106434
20,Street Resurfacing Menu (2025),6100-6200 S Dorchester Ave,"$8,199.86",8199.86,0.005934
20,Street Resurfacing Menu (2025),6300-6400 S Evans Ave,"$54,714.17",54714.17,0.039592
20,Street Resurfacing Menu (2025),6300-6400 S Langley Ave,"$54,013.52",54013.52,0.039085
20,Street Resurfacing Menu (2025),4800-4900 S Paulina St,"$7,585.44",7585.44,0.005489
20,Street Resurfacing Menu (2025),6300-6400 S Rhodes Ave,"$64,891.53",64891.53,0.046957
20,Street Resurfacing Menu (2025),6300-6400 S St Lawrence Ave,"$64,244.84",64244.84,0.046489
20,Street Resurfacing Menu (2025),6300-6500 S Vernon Ave,"$187,010.16",187010.16,0.135323
20,Street Resurfacing Menu (2025),5900-6000 S Wabash Ave,"$83,348.69",83348.69,0.060312
20,Street Resurfacing Menu (2025),700-800 W 50th Pl,"$54,890.33",54890.33,0.039719
20,Street Resurfacing Menu (2025),800-1000 W 51st Pl,"$133,369.43",133369.43,0.096508
20,Street Resurfacing Menu (2025),400-500 W 61st Pl,"$58,012.28",58012.28,0.041979
20,Street Resurfacing Menu (2025),400-600 W 62nd St,"$105,558.75",105558.75,0.076384
20,Street Speed Hump Menu (2025),6130-6200 S Ellis Ave,"$4,880.00",4880.0,0.003531
20,Street Speed Hump Replacement (2025),5100-5300 S Aberdeen St,$0.00,0.0,0.000000
20,Street Speed Hump Replacement (2025),5100-5300 S Carpenter St,$0.00,0.0,0.000000
20,Street Speed Hump Replacement (2025),6100-6200 S Dorchester Ave,$0.00,0.0,0.000000
20,Street Speed Hump Replacement (2025),4800-4900 S Paulina St,$0.00,0.0,0.000000
20,Street Speed Hump Replacement (2025),6300-6400 S Rhodes Ave,$0.00,0.0,0.000000
20,Street Speed Hump Replacement (2025),6300-6400 S St Lawrence Ave,$0.00,0.0,0.000000
20,Street Speed Hump Replacement (2025),6300-6500 S Vernon Ave,$0.00,0.0,0.000000
20,Street Speed Hump Replacement (2025),600-699 W 62nd St,$0.00,0.0,0.000000
21,Pavement Markings Menu (2025),8860-9100 S Ashland Ave,"$3,750.00",3750.0,0.002581
21,Pavement Markings Menu (2025),800-1400 W 95th St,"$11,000.00",11000.0,0.007571
21,Pavement Markings Menu (2025),W 103RD ST & S MORGAN ST,"$1,955.33",1955.33,0.001346
21,Pavement Markings Menu (2025),W 85TH ST & S LAFAYETTE AVE,"$3,910.66",3910.66,0.002692
21,Pavement Markings Menu (2025),W 88TH ST & S VINCENNES AVE,"$1,955.33",1955.33,0.001346
21,Sidewalk Menu (2025),830-900 W 103rd St,"$15,751.53",15751.53,0.010842
21,Street Light Upgrade Menu (2025),12245 S BISHOP ST,$500.00,500.0,0.000344
21,Street Light Upgrade Menu (2025),9029 S BISHOP ST,$500.00,500.0,0.000344
21,Street Light Upgrade Menu (2025),9637 S BISHOP ST,$500.00,500.0,0.000344
21,Street Resurfacing Menu (2025),11255-11240 S Ada St,"$17,916.98",17916.98,0.012332
21,Street Resurfacing Menu (2025),8700-8900 S Carpenter St,"$98,442.75",98442.75,0.067757
21,Street Resurfacing Menu (2025),9700-9832 S Carpenter St,"$93,192.11",93192.11,0.064143
21,Street Resurfacing Menu (2025),11500-11600 S Justine St,"$58,335.69",58335.69,0.040152
21,Street Resurfacing Menu (2025),11430-11500 S Laflin St,"$25,526.85",25526.85,0.017570
21,Street Resurfacing Menu (2025),11500-11600 S Laflin St,"$57,873.90",57873.9,0.039834
21,Street Resurfacing Menu (2025),11200-11240 S Loomis St,"$34,676.52",34676.52,0.023867
21,Street Resurfacing Menu (2025),8858-9300 S Loomis St,"$281,917.61",281917.61,0.194041
21,Street Resurfacing Menu (2025),10300-10330 S Morgan St,"$48,417.51",48417.51,0.033325
21,Street Resurfacing Menu (2025),10500-10600 S Morgan St,"$59,547.32",59547.32,0.040986
21,Street Resurfacing Menu (2025),8700-8900 S Morgan St,"$111,362.86",111362.86,0.076650
21,Street Resurfacing Menu (2025),9800-9832 S Morgan St,"$23,575.68",23575.68,0.016227
21,Street Resurfacing Menu (2025),10000-10100 S Peoria St,"$58,813.40",58813.4,0.040481
21,Street Resurfacing Menu (2025),8700-8800 S Peoria St,"$47,601.21",47601.21,0.032763
21,Street Resurfacing Menu (2025),11700-11800 S Racine Ave,"$58,747.54",58747.54,0.040435
21,Street Resurfacing Menu (2025),9000-9100 S Throop St,"$69,669.76",69669.76,0.047953
21,Street Resurfacing Menu (2025),930-1100 W 108th St,"$122,031.81",122031.81,0.083993
21,Street Resurfacing Menu (2025),1000-1100 W 113th Pl,"$49,345.22",49345.22,0.033964
21,Street Resurfacing Menu (2025),1565-1500 W 114th Pl,"$35,428.99",35428.99,0.024385
21,Street Resurfacing Menu (2025),1200-1300 W 98th St,"$58,190.12",58190.12,0.040052
21,Street Speed Hump Menu (2025),1400-1450 W 112th Pl,"$2,440.00",2440.0,0.001679
21,Street Speed Hump Replacement (2025),11500-11600 S Justine St,$0.00,0.0,0.000000
21,Street Speed Hump Replacement (2025),11500-11600 S Laflin St,$0.00,0.0,0.000000
21,Street Speed Hump Replacement (2025),11200-11240 S Loomis St,$0.00,0.0,0.000000
21,Street Speed Hump Replacement (2025),8858-9300 S Loomis St,$0.00,0.0,0.000000
21,Street Speed Hump Replacement (2025),10500-10600 S Morgan St,$0.00,0.0,0.000000
21,Street Speed Hump Replacement (2025),8700-8900 S Morgan St,$0.00,0.0,0.000000
21,Street Speed Hump Replacement (2025),10000-10100 S Peoria St,$0.00,0.0,0.000000
21,Street Speed Hump Replacement (2025),11700-11800 S Racine Ave,$0.00,0.0,0.000000
21,Street Speed Hump Replacement (2025),9000-9100 S Throop St,$0.00,0.0,0.000000
21,Street Speed Hump Replacement (2025),930-1100 W 108th St,$0.00,0.0,0.000000
22,Alley Apron Menu (2025),2501 S SPRINGFIELD AVE,"$20,000.00",20000.0,0.016771
22,Alley Resurfacing Menu (2025),4123-4157 W CERMAK RD,"$24,215.37",24215.37,0.020306
22,,S KEDVALE AVE & W CERMAK RD & W OGDEN AVE & S KEELER AVE,"$24,215.37",24215.37,0.020306
22,Alley Resurfacing Menu (2025),W 24TH PL & S KEELER AVE & S KEDVALE AVE & W 25TH ST,"$22,291.23",22291.23,0.018692
22,Alley Resurfacing Menu (2025),W 24TH ST & S AVERS AVE & S SPRINGFIELD AVE & W 25TH ST,"$40,814.91",40814.91,0.034225
22,Alley Resurfacing Menu (2025),W 24TH ST & S KARLOV AVE & S KEDVALE AVE & W 24TH PL,"$21,411.72",21411.72,0.017955
22,Alley Resurfacing Menu (2025),W 27TH ST & S KOLIN AVE & S KOSTNER AVE & W 28TH ST,"$31,271.31",31271.31,0.026222
22,Alley Resurfacing Menu (2025),W 27TH ST & S TRUMBULL AVE & S ST LOUIS AVE & W 28TH ST,"$21,365.37",21365.37,0.017916
22,,2700-2758 S TRUMBULL AVE,"$21,365.37",21365.37,0.017916
22,Alley Resurfacing Menu (2025),W 30TH ST & S KILDARE AVE & S TRIPP AVE & W 31ST ST,"$27,142.60",27142.6,0.022760
22,Alley Resurfacing Menu (2025),W 43RD ST & S KEATING AVE & S CICERO AVE & W 44TH ST,"$34,760.74",34760.74,0.029148
22,Alley Speed Hump Menu (2025),S LAWNDALE AVE & W 27TH ST & W 26TH ST & S RIDGEWAY AVE,"$2,900.00",2900.0,0.002432
22,Alley Speed Hump Menu (2025),W 27TH ST & S KOLIN AVE & S KOSTNER AVE & W 28TH ST,"$1,450.00",1450.0,0.001216
22,Alley Speed Hump Replacement (2025),4123-4157 W CERMAK RD,$0.00,0.00,0.000000
22,,S KEDVALE AVE & W CERMAK RD & W OGDEN AVE & S KEELER AVE,$0.00,0.00,0.000000
22,Alley Speed Hump Replacement (2025),W 24TH PL & S KEELER AVE & S KEDVALE AVE & W 25TH ST,$0.00,0.0,0.000000
22,Alley Speed Hump Replacement (2025),W 24TH ST & S AVERS AVE & S SPRINGFIELD AVE & W 25TH ST,$0.00,0.0,0.000000
22,Alley Speed Hump Replacement (2025),W 24TH ST & S KARLOV AVE & S KEDVALE AVE & W 24TH PL,$0.00,0.0,0.000000
22,Alley Speed Hump Replacement (2025),W 27TH ST & S TRUMBULL AVE & S ST LOUIS AVE & W 28TH ST,$0.00,0.00,0.000000
22,,2700-2758 S TRUMBULL AVE,$0.00,0.00,0.000000
22,Alley Speed Hump Replacement (2025),W 30TH ST & S KILDARE AVE & S TRIPP AVE & W 31ST ST,$0.00,0.0,0.000000
22,Alley Speed Hump Replacement (2025),W 43RD ST & S KEATING AVE & S CICERO AVE & W 44TH ST,$0.00,0.0,0.000000
22,Arterial Street Bump Outs Menu (2025),S PULASKI RD & W 32ND ST,"$74,314.40",74314.4,0.062316
22,Arterial Street Bump Outs Menu (2025),W CERMAK RD & S KENNETH AVE,"$13,829.80",13829.8,0.011597
22,Curb & Gutter Menu (2025),2300-2306 S TRUMBULL AVE,"$6,467.15",6467.15,0.005423
22,Curb & Gutter Menu (2025),3100-3200 S Lawndale Ave,"$17,814.65",17814.65,0.014938
22,Miscellaneous CDOT Projects (2025),1958 W NEWPORT AVE,$600.00,600.0,0.000503
22,Miscellaneous CDOT Projects (2025),3112 S KOSTNER AVE,$600.00,600.0,0.000503
22,Miscellaneous CDOT Projects (2025),4000-4400 W Cermak Rd,"$22,800.00",22800.0,0.019119
22,Pavement Markings Menu (2025),W 26TH ST & S KOMENSKY AVE,"$3,100.00",3100.0,0.002599
22,Pavement Markings Menu (2025),W OGDEN AVE & S KOSTNER AVE,"$12,000.00",12000.0,0.010062
22,Pedestrian Refuge Island Menu (2025),3350 S KEDZIE AVE,$185.29,185.29,0.000155
22,Sidewalk Menu (2025),3010 S KOLIN AVE,$478.99,478.99,0.000402
22,Sidewalk Menu (2025),3138-3140 S RIDGEWAY AVE,"$11,275.15",11275.15,0.009455
22,Sidewalk Menu (2025),4317-4319 S KEATING AVE,"$7,565.92",7565.92,0.006344
22,,4322 S KEATING AVE,"$7,565.92",7565.92,0.006344
22,Sidewalk Menu (2025),4538 S KEATING AVE,"$10,188.93",10188.93,0.008544
22,Sidewalk Menu (2025),4541 S LAVERGNE AVE,"$7,207.65",7207.65,0.006044
22,,4536-4542 S LAVERGNE AVE,"$7,207.65",7207.65,0.006044
22,,4509 S LAVERGNE AVE,"$7,207.65",7207.65,0.006044
22,Sidewalk Menu (2025),4614 S LECLAIRE AVE,"$6,847.81",6847.81,0.005742
22,Sidewalk Menu (2025),4626-4634 S KEATING AVE,"$19,373.06",19373.06,0.016245
22,,4601-4603 S KEATING AVE,"$19,373.06",19373.06,0.016245
22,,4600-4604 S KEATING AVE,"$19,373.06",19373.06,0.016245
22,Sidewalk Menu (2025),4727 S LAPORTE AVE,"$9,407.01",9407.01,0.007888
22,Sidewalk Menu (2025),4824 S LA CROSSE AVE,"$6,037.66",6037.66,0.005063
22,Sidewalk Menu (2025),4937 S LAMON AVE,$923.99,923.99,0.000775
22,Speed Indicator Signs (2025),2521-2525 S KOSTNER AVE,"$14,150.35",14150.35,0.011866
22,Speed Indicator Signs (2025),2641 S LAWNDALE AVE,"$16,310.35",16310.35,0.013677
22,,2636 S LAWNDALE AVE,"$16,310.35",16310.35,0.013677
22,Speed Indicator Signs (2025),2707 S KOSTNER AVE,"$15,150.35",15150.35,0.012704
22,Speed Indicator Signs (2025),3018 S LAWNDALE AVE,"$16,310.35",16310.35,0.013677
22,,3023 S LAWNDALE AVE,"$16,310.35",16310.35,0.013677
22,Speed Indicator Signs (2025),3223 S PULASKI RD,"$15,230.35",15230.35,0.012771
22,,3140 S PULASKI RD,"$15,230.35",15230.35,0.012771
22,Street Bump Outs Menu (2025),W 46TH ST & S KNOX AVE,"$10,901.89",10901.89,0.009142
22,Street Bump Outs Menu (2025),W CERMAK RD & S KEELER AVE,"$24,000.00",24000.0,0.020125
22,Street Light Pole for High Definition Camera Menu (2025),2641 S LAWNDALE AVE,"$3,000.00",3000.00,0.002516
22,,2636 S LAWNDALE AVE,"$3,000.00",3000.00,0.002516
22,Street Light Pole for High Definition Camera Menu (2025),3018 S LAWNDALE AVE,"$3,000.00",3000.00,0.002516
22,,3023 S LAWNDALE AVE,"$3,000.00",3000.00,0.002516
22,Street Light Pole for High Definition Camera Menu (2025),3223 S PULASKI RD,"$3,000.00",3000.0,0.002516
22,Street Resurfacing Menu (2025),4299-4500 S Keating Ave,"$122,221.13",122221.13,0.102487
22,Street Resurfacing Menu (2025),3100-3200 S Keeler Ave,"$59,522.25",59522.25,0.049912
22,Street Resurfacing Menu (2025),4600-4700 S Lawler Ave,"$58,079.41",58079.41,0.048702
22,Street Resurfacing Menu (2025),2500-2600 S Ridgeway Ave,"$62,169.85",62169.85,0.052132
22,Street Resurfacing Menu (2025),3330-3400 W 28th St,"$42,091.67",42091.67,0.035296
22,Street Resurfacing Menu (2025),S HAMLIN AVE & W 27TH ST,"$37,329.73",37329.73,0.031302
22,Street Resurfacing Menu (2025),S SPRINGFIELD AVE & W 27TH ST,"$21,397.97",21397.97,0.017943
22,Street Speed Hump Menu (2025),3330-3400 W 28th St,"$2,440.00",2440.0,0.002046
22,Street Speed Hump Menu (2025),4630-4700 W 46th St,"$2,440.00",2440.0,0.002046
22,Street Speed Hump Replacement (2025),3121 S KEELER AVE,$0.00,0.0,0.000000
22,Street Speed Hump Replacement (2025),4600-4700 S Lawler Ave,$0.00,0.0,0.000000
22,Street Speed Hump Replacement (2025),2500-2600 S Ridgeway Ave,$0.00,0.0,0.000000
22,Street Traffic Circle Menu (2025),W 46TH ST & S KILPATRICK AVE,"$25,004.93",25004.93,0.020968
23,Alley Apron Menu (2025),3653 W 58TH PL,"$19,917.26",19917.26,0.014746
23,Alley Apron Menu (2025),3701 W 58TH PL,"$19,293.00",19293.0,0.014284
23,Alley Apron Menu (2025),5200 S NAGLE AVE,"$35,289.40",35289.4,0.026128
23,Alley Apron Menu (2025),5401 S NEVA AVE,"$25,442.67",25442.67,0.018837
23,Alley Apron Menu (2025),5429 S MCVICKER AVE,"$10,227.62",10227.62,0.007572
23,,5238 S AUSTIN AVE,"$10,227.62",10227.62,0.007572
23,Alley Apron Menu (2025),6400 W 52ND ST,"$32,749.22",32749.22,0.024247
23,Alley Apron Menu (2025),6401 W 52ND ST,"$19,891.23",19891.23,0.014727
23,Alley Speed Hump Menu (2025),W 54TH ST & S KOSTNER AVE & S KENNETH AVE & W 55TH ST,"$3,625.00",3625.0,0.002684
23,Alley Speed Hump Menu (2025),W 56TH ST & S HAMLIN AVE & S SPRINGFIELD AVE & W 56TH PL,"$1,450.00",1450.0,0.001074
23,Alley Speed Hump Menu (2025),W 60TH ST & S KOMENSKY AVE & S PULASKI RD & W 61ST ST,"$2,175.00",2175.0,0.001610
23,Alley Speed Hump Menu (2025),W 66TH PL & S SPRINGFIELD AVE & S PULASKI RD & W MARQUETTE RD,"$1,450.00",1450.0,0.001074
23,Curb & Gutter Menu (2025),3724 W 65TH PL,"$4,948.94",4948.94,0.003664
23,Curb & Gutter Menu (2025),5145 S SPRINGFIELD AVE,"$7,812.87",7812.87,0.005785
23,Curb & Gutter Menu (2025),6857 S PULASKI RD,"$21,150.01",21150.01,0.015659
23,Diagonal Parking Menu (2025),3701 W 59TH ST,"$63,775.92",63775.92,0.047219
23,Floodlight Menu (2025),5100 S KEATING AVE,"$1,150.00",1150.0,0.000851
23,Floodlight Menu (2025),5100 S LA CROSSE AVE,"$2,300.00",2300.0,0.001703
23,Floodlight Menu (2025),5301 S KILDARE AVE,"$1,150.00",1150.00,0.000851
23,,5300 S KILDARE AVE,"$1,150.00",1150.00,0.000851
23,Floodlight Menu (2025),5444 S NARRAGANSETT AVE,"$1,725.00",1725.00,0.001277
23,,6410 W ARCHER AVE,"$1,725.00",1725.00,0.001277
23,Pavement Markings Menu (2025),6700 S KEATING AVE,"$1,500.00",1500.0,0.001111
23,Pavement Markings Menu (2025),S ARCHER AVE & S LARAMIE AVE,"$5,921.34",5921.34,0.004384
23,Pavement Markings Menu (2025),W ARCHER AVE & S NARRAGANSETT AVE,"$15,000.00",15000.0,0.011106
23,Sidewalk Menu (2025),3610 W 62ND PL,"$5,524.91",5524.91,0.004091
23,Sidewalk Menu (2025),3721 W 61ST PL,"$9,389.58",9389.58,0.006952
23,Sidewalk Menu (2025),3745-3747 W 60TH ST,"$10,180.78",10180.78,0.007538
23,Sidewalk Menu (2025),3752 W 64TH PL,"$11,267.09",11267.09,0.008342
23,Sidewalk Menu (2025),3935 W 63RD PL,"$6,615.58",6615.58,0.004898
23,Sidewalk Menu (2025),3944 W 67TH PL,"$16,291.62",16291.62,0.012062
23,Sidewalk Menu (2025),5107 S NASHVILLE AVE,"$2,106.24",2106.24,0.001559
23,Sidewalk Menu (2025),5121 S AVERS AVE,$591.59,591.59,0.000438
23,Sidewalk Menu (2025),5128 S SAYRE AVE,"$2,172.79",2172.79,0.001609
23,Sidewalk Menu (2025),5130 S NORDICA AVE,"$4,260.71",4260.71,0.003155
23,Sidewalk Menu (2025),5134 S MELVINA AVE,"$2,217.21",2217.21,0.001642
23,Sidewalk Menu (2025),5135 S MERRIMAC AVE,"$5,860.35",5860.35,0.004339
23,Sidewalk Menu (2025),5145 S MELVINA AVE,"$3,705.88",3705.88,0.002744
23,Sidewalk Menu (2025),5211 S OAK PARK AVE,"$4,406.64",4406.64,0.003263
23,Sidewalk Menu (2025),5214 S PARKSIDE AVE,$781.22,781.22,0.000578
23,Sidewalk Menu (2025),5241 S NEW ENGLAND AVE,"$11,929.91",11929.91,0.008833
23,,5245 S NEW ENGLAND AVE,"$11,929.91",11929.91,0.008833
23,Sidewalk Menu (2025),5338 S NORMANDY AVE,"$4,995.02",4995.02,0.003698
23,Sidewalk Menu (2025),5340 S LARAMIE AVE,"$14,897.21",14897.21,0.011030
23,Sidewalk Menu (2025),5355 S NATOMA AVE,"$12,368.50",12368.5,0.009157
23,Sidewalk Menu (2025),5358 S MERRIMAC AVE,"$14,264.89",14264.89,0.010562
23,Sidewalk Menu (2025),5980 S ARCHER AVE,"$35,488.63",35488.63,0.026275
23,Sidewalk Menu (2025),6200 S ARCHER AVE,"$46,920.08",46920.08,0.034739
23,Sidewalk Menu (2025),6738 S KOMENSKY AVE,"$4,657.97",4657.97,0.003449
23,Sidewalk Menu (2025),6742 S KILBOURN AVE,"$6,335.02",6335.02,0.004690
23,Street Bump Outs Menu (2025),5100-5101 S MEADE AVE,"$11,362.06",11362.06,0.008412
23,,W 51ST ST & S MEADE AVE,"$11,362.06",11362.06,0.008412
23,Street Bump Outs Menu (2025),5100-5101 S MERRIMAC AVE,"$4,594.70",4594.7,0.003402
23,Street Light Upgrade Menu (2025),5218 S PARKSIDE AVE,$500.00,500.0,0.000370
23,Street Light Upgrade Menu (2025),6759 S KEELER AVE,$500.00,500.0,0.000370
23,Street Resurfacing Menu (2025),5300-5500 S Harding Ave,"$101,701.31",101701.31,0.075298
23,Street Resurfacing Menu (2025),5900-6000 S Karlov Ave,"$63,873.02",63873.02,0.047291
23,Street Resurfacing Menu (2025),6700-6800 S Karlov Ave,"$54,638.03",54638.03,0.040453
23,Street Resurfacing Menu (2025),6700-6800 S Kildare Ave,"$52,347.99",52347.99,0.038758
23,Street Resurfacing Menu (2025),5100-5200 S Latrobe Ave,"$63,769.09",63769.09,0.047214
23,Street Resurfacing Menu (2025),7200-7300 S Lawndale Ave,"$56,106.00",56106.0,0.041540
23,Street Resurfacing Menu (2025),6270-5400 S Melvina Ave,"$20,518.31",20518.31,0.015191
23,Street Resurfacing Menu (2025),5400-5500 S Mobile Ave,"$33,931.62",33931.62,0.025123
23,Street Resurfacing Menu (2025),5000-5200 W 52nd St,"$131,625.48",131625.48,0.097454
23,Street Resurfacing Menu (2025),3930-4000 W 54th St,"$21,193.58",21193.58,0.015691
23,Street Resurfacing Menu (2025),3800-3900 W 55th Pl,"$60,539.15",60539.15,0.044822
23,Street Resurfacing Menu (2025),3900-4000 W 64th Pl,"$65,275.84",65275.84,0.048329
23,Street Speed Hump Menu (2025),5300-5400 S Hamlin Ave,"$4,880.00",4880.0,0.003613
23,Street Speed Hump Menu (2025),5900-6000 S Karlov Ave,$0.00,0.0,0.000000
23,Street Speed Hump Menu (2025),5100-5200 S Latrobe Ave,$0.00,0.0,0.000000
23,Street Speed Hump Menu (2025),6930-7000 S Lawndale Ave,"$2,440.00",2440.0,0.001807
23,Street Speed Hump Menu (2025),5300-5400 S Meade Ave,"$4,880.00",4880.0,0.003613
23,Street Speed Hump Menu (2025),5300-5400 S Moody Ave,"$4,880.00",4880.0,0.003613
23,Street Speed Hump Menu (2025),5300-5400 S Normandy Ave,"$4,880.00",4880.0,0.003613
23,Street Speed Hump Menu (2025),5200-5300 S Tripp Ave,"$4,880.00",4880.0,0.003613
23,Street Speed Hump Menu (2025),3800-3900 W 56th Pl,"$4,880.00",4880.0,0.003613
23,Street Speed Hump Menu (2025),3700-3800 W 65th Pl,"$4,880.00",4880.0,0.003613
24,Alley Apron Menu (2025),3547 W GRENSHAW ST,"$5,460.09",5460.09,0.003640
24,,3549 W GRENSHAW ST,"$5,460.09",5460.09,0.003640
24,Alley Resurfacing Menu (2025),S KEDVALE AVE & W 14TH ST & W 15TH ST & S KEELER AVE,"$31,777.67",31777.67,0.021185
24,Alley Resurfacing Menu (2025),S KOSTNER AVE & W 21ST PL & W 21ST ST & S KILDARE AVE,"$58,226.18",58226.18,0.038817
24,Alley Resurfacing Menu (2025),W 22ND PL & S CALIFORNIA AVE & S CALIFORNIA AVE & W CERMAK RD,"$49,626.20",49626.2,0.033084
24,Alley Resurfacing Menu (2025),W GRENSHAW ST & S CENTRAL PARK AVE & S INDEPENDENCE BLVD & W ROOSEVELT RD,"$69,393.22",69393.22,0.046262
24,Alley Resurfacing Menu (2025),W OGDEN AVE & S LAWNDALE AVE & S RIDGEWAY AVE & W CERMAK RD,"$62,245.56",62245.56,0.041497
24,Alley Speed Hump Replacement (2025),S KEDVALE AVE & W 14TH ST & W 15TH ST & S KEELER AVE,$0.00,0.0,0.000000
24,Alley Speed Hump Replacement (2025),S KOSTNER AVE & W 21ST PL & W 21ST ST & S KILDARE AVE,$0.00,0.0,0.000000
24,Alley Speed Hump Replacement (2025),W GRENSHAW ST & S CENTRAL PARK AVE & S INDEPENDENCE BLVD & W ROOSEVELT RD,$0.00,0.0,0.000000
24,Curb & Gutter Menu (2025),1610-1900 S Albany Ave,"$380,000.00",380000.0,0.253333
24,Miscellaneous CDOT Projects (2025),3500 W ARTHINGTON ST,$660.00,660.0,0.000440
24,Sidewalk Menu (2025),2253 S ALBANY AVE,"$4,858.28",4858.28,0.003239
24,Sidewalk Menu (2025),3532 W ARTHINGTON ST,"$9,873.14",9873.14,0.006582
24,Sidewalk Menu (2025),4020 W POLK ST,"$6,866.06",6866.06,0.004577
24,,4022 W POLK ST,"$6,866.06",6866.06,0.004577
24,,4018 W POLK ST,"$6,866.06",6866.06,0.004577
24,Street Resurfacing Menu (2025),1400-1500 S Drake Ave,"$45,037.47",45037.47,0.030025
24,Street Resurfacing Menu (2025),900-1000 S Karlov Ave,"$33,251.28",33251.28,0.022168
24,Street Resurfacing Menu (2025),1130-1200 S Karlov Ave,"$22,489.38",22489.38,0.014993
24,Street Resurfacing Menu (2025),1200-1400 S Kilbourn Ave,"$37,209.70",37209.7,0.024806
24,Street Resurfacing Menu (2025),1300-1400 S Kildare Ave,"$55,741.75",55741.75,0.037161
24,Street Resurfacing Menu (2025),1900-2100 S Sawyer Ave,"$57,174.96",57174.96,0.038117
24,Street Resurfacing Menu (2025),800-900 S St Louis Ave,"$27,957.10",27957.1,0.018638
24,Street Resurfacing Menu (2025),3100-3500 W 21st St,"$280,817.48",280817.48,0.187212
24,Street Resurfacing Menu (2025),3799-3900 W Arthington St,"$16,183.52",16183.52,0.010789
24,Street Resurfacing Menu (2025),3100-3200 W Flournoy St,"$56,141.69",56141.69,0.037428
24,Street Resurfacing Menu (2025),3400-3600 W Flournoy St,"$115,691.68",115691.68,0.077128
24,Street Resurfacing Menu (2025),3800-3900 W Grenshaw St,"$46,805.37",46805.37,0.031204
24,Street Speed Hump Menu (2025),900-1000 S Keeler Ave,"$2,440.00",2440.0,0.001627
24,Street Speed Hump Menu (2025),1300-1400 S Kildare Ave,"$4,880.00",4880.0,0.003253
24,Street Speed Hump Replacement (2025),900-1000 S Karlov Ave,$0.00,0.0,0.000000
24,Street Speed Hump Replacement (2025),1900-2100 S Sawyer Ave,$0.00,0.0,0.000000
24,Street Speed Hump Replacement (2025),3799-3900 W Arthington St,$0.00,0.0,0.000000
24,Street Speed Hump Replacement (2025),3100-3200 W Flournoy St,$0.00,0.0,0.000000
24,Street Speed Hump Replacement (2025),3400-3600 W Flournoy St,$0.00,0.0,0.000000
24,Street Speed Hump Replacement (2025),3800-3900 W Grenshaw St,$0.00,0.0,0.000000
25,(2025) New electric slide gate system for Fink Elementary,2332 S WESTERN AVE,"$52,000.00",52000.0,0.034769
25,Alley Apron Menu (2025),2147 W 23RD ST,"$32,086.40",32086.4,0.021454
25,Alley Resurfacing Menu (2025),S ASHLAND AVE & W 18TH PL & W 19TH ST & S LAFLIN ST,"$28,875.35",28875.35,0.019307
25,,1837 S ASHLAND AVE,"$28,875.35",28875.35,0.019307
25,Alley Resurfacing Menu (2025),S ASHLAND AVE & W 18TH ST & W 17TH ST & S PAULINA ST,"$67,679.40",67679.4,0.045253
25,Alley Resurfacing Menu (2025),S ASHLAND AVE & W 21ST PL & W 21ST ST & S PAULINA ST,"$68,363.85",68363.85,0.045711
25,Alley Resurfacing Menu (2025),S BISHOP ST & W 18TH ST & W 18TH ST & S BLUE ISLAND AVE,"$11,346.47",11346.47,0.007587
25,,1810 S BLUE ISLAND AVE,"$11,346.47",11346.47,0.007587
25,Alley Resurfacing Menu (2025),S THROOP ST & W 18TH ST & W 16TH ST & S BLUE ISLAND AVE,"$24,425.68",24425.68,0.016332
25,Alley Resurfacing Menu (2025),S UNION AVE & W 17TH PL & W 17TH ST & S HALSTED ST,"$16,344.03",16344.03,0.010928
25,,1702 S UNION AVE,"$16,344.03",16344.03,0.010928
25,Alley Resurfacing Menu (2025),W 17TH ST & S LOOMIS ST & S LAFLIN ST & W 18TH ST,"$28,579.47",28579.47,0.019109
25,,1421 W 17TH ST,"$28,579.47",28579.47,0.019109
25,Alley Resurfacing Menu (2025),W 18TH PL & S HOYNE AVE & S DAMEN AVE & W 19TH ST,"$29,935.46",29935.46,0.020016
25,Alley Resurfacing Menu (2025),W 18TH ST & S MAY ST & S CARPENTER ST & W 18TH PL,"$12,985.35",12985.35,0.008683
25,,1137 W 18TH ST,"$12,985.35",12985.35,0.008683
25,Alley Resurfacing Menu (2025),W 23RD PL & S WESTERN AVE & S OAKLEY AVE & W 24TH ST,"$64,838.87",64838.87,0.043354
25,Alley Resurfacing Menu (2025),W 28TH ST & S TROY ST & S KEDZIE AVE & W 30TH ST,"$17,273.38",17273.38,0.011550
25,Alley Speed Hump Replacement (2025),S ASHLAND AVE & W 18TH ST & W 17TH ST & S PAULINA ST,$0.00,0.0,0.000000
25,Alley Speed Hump Replacement (2025),S BISHOP ST & W 18TH ST & W 18TH ST & S BLUE ISLAND AVE,$0.00,0.00,0.000000
25,,1810 S BLUE ISLAND AVE,$0.00,0.00,0.000000
25,Alley Speed Hump Replacement (2025),S THROOP ST & W 18TH ST & W 16TH ST & S BLUE ISLAND AVE,$0.00,0.0,0.000000
25,Alley Speed Hump Replacement (2025),S UNION AVE & W 17TH PL & W 17TH ST & S HALSTED ST,$0.00,0.00,0.000000
25,,1702 S UNION AVE,$0.00,0.00,0.000000
25,Alley Speed Hump Replacement (2025),W 17TH ST & S LOOMIS ST & S LAFLIN ST & W 18TH ST,$0.00,0.00,0.000000
25,,1421 W 17TH ST,$0.00,0.00,0.000000
25,Alley Speed Hump Replacement (2025),W 23RD PL & S WESTERN AVE & S OAKLEY AVE & W 24TH ST,$0.00,0.0,0.000000
25,Bollard Menu (2025),1413-1417 S UNION AVE,"$1,655.86",1655.86,0.001107
25,Bollard Menu (2025),2315 S CALIFORNIA AVE,"$1,746.62",1746.62,0.001168
25,Concrete Alley Menu (2025),2150 W 22ND PL,"$23,342.02",23342.02,0.015607
25,Concrete Alley Menu (2025),2152 W 18TH ST,"$160,000.00",160000.00,0.106983
25,,1709-1800 S Leavitt St,"$160,000.00",160000.00,0.106983
25,Curb & Gutter Menu (2025),920 W 18TH PL,"$4,047.90",4047.9,0.002707
25,Diagonal Parking Menu (2025),1857 W 16TH ST,"$152,428.32",152428.32,0.101920
25,"In-Road ""State Law Stop For Pedestrians"" Sign Menu",W COLLEGE PKWY & S PEORIA ST,$175.00,175.00,0.000117
25,,1500 S PEORIA ST,$175.00,175.00,0.000117
25,Pedestrian Refuge Island Menu (2025),S ASHLAND AVE & W CULLERTON ST,"$75,000.00",75000.0,0.050148
25,Sidewalk Menu (2025),1508-1512 W 19TH ST,"$33,294.50",33294.5,0.022262
25,Sidewalk Menu (2025),1825 S CARPENTER ST,"$60,543.91",60543.91,0.040482
25,Sidewalk Menu (2025),1918 W CULLERTON ST,"$10,259.03",10259.03,0.006860
25,Sidewalk Menu (2025),1922-1924 S LOOMIS ST,"$27,380.84",27380.84,0.018308
25,Sidewalk Menu (2025),2130-2140 W 21ST PL,"$40,113.11",40113.11,0.026821
25,Sidewalk Menu (2025),2315 S OAKLEY AVE,"$8,085.61",8085.61,0.005406
25,Sidewalk Menu (2025),2623 W 22ND PL,"$2,729.64",2729.64,0.001825
25,Sidewalk Menu (2025),2624-2631 S CHRISTIANA AVE,"$30,964.05",30964.05,0.020704
25,Sidewalk Menu (2025),2626 W 22ND PL,"$2,035.94",2035.94,0.001361
25,Sidewalk Menu (2025),2636 W 24TH PL,"$12,060.79",12060.79,0.008064
25,Sidewalk Menu (2025),S RACINE AVE & W 17TH ST,"$25,000.00",25000.0,0.016716
25,Street Bump Outs Menu (2025),2230-2310 S Wolcott Ave,"$40,000.00",40000.0,0.026746
25,Street Bump Outs Menu (2025),S HALSTED ST & W 14TH ST,"$10,000.00",10000.0,0.006686
25,Street Light Piggy Back Only Menu (2025),2600-2800 W 23rd Pl,"$12,600.00",12600.0,0.008425
25,Street Light Upgrade Menu (2025),2600-2700 W Cullerton St,"$5,600.00",5600.0,0.003744
25,Street Resurfacing Menu (2025),2330-2300 S Wood St,"$36,148.17",36148.17,0.024170
25,Street Speed Hump Menu (2025),1800-1900 W 17th St,"$4,880.00",4880.0,0.003263
25,Street Speed Hump Menu (2025),700-800 W 19th St,"$2,440.00",2440.0,0.001631
26,Alley Apron Menu (2025),1000 N MOZART ST,"$88,357.81",88357.81,0.064572
26,Alley Resurfacing Menu (2025),1501 N SPRINGFIELD AVE,"$7,566.91",7566.91,0.005530
26,,N SPRINGFIELD AVE & W NORTH AVE & W LE MOYNE ST & N AVERS AVE,"$7,566.91",7566.91,0.005530
26,Alley Resurfacing Menu (2025),N HARDING AVE & W WABANSIA AVE & W NORTH AVE & N SPRINGFIELD AVE,"$29,754.86",29754.86,0.021745
26,Alley Resurfacing Menu (2025),N KILBOURN AVE & W PALMER ST & W DICKENS AVE & N KENNETH AVE,"$42,823.44",42823.44,0.031296
26,Alley Resurfacing Menu (2025),N KOSTNER AVE & W CORTLAND ST,"$19,701.89",19701.89,0.014398
26,,N LOWELL AVE & W CORTLAND ST,"$19,701.89",19701.89,0.014398
26,,1806 N LOWELL AVE,"$19,701.89",19701.89,0.014398
26,Alley Resurfacing Menu (2025),N LAPORTE AVE & W PALMER ST & W DICKENS AVE & N LAVERGNE AVE,"$41,665.83",41665.83,0.030450
26,Alley Resurfacing Menu (2025),N LATROBE AVE & W BELDEN AVE & W PALMER ST & N LARAMIE AVE,"$25,616.51",25616.51,0.018721
26,Alley Resurfacing Menu (2025),N MOZART ST & W WABANSIA AVE & W BLOOMINGDALE AVE & N FRANCISCO AVE,"$26,864.50",26864.5,0.019633
26,Alley Resurfacing Menu (2025),N SPAULDING AVE & W BEACH AVE & W HIRSCH ST & N HOMAN AVE,"$43,332.14",43332.14,0.031667
26,Alley Resurfacing Menu (2025),N TALMAN AVE & W NORTH AVE & W WABANSIA AVE & N WASHTENAW AVE,"$37,667.71",37667.71,0.027528
26,Alley Resurfacing Menu (2025),N WASHTENAW AVE & W BLOOMINGDALE AVE & W WABANSIA AVE & N FAIRFIELD AVE,"$33,681.55",33681.55,0.024615
26,Alley Resurfacing Menu (2025),N WASHTENAW AVE & W LE MOYNE ST & W HIRSCH ST & N FAIRFIELD AVE,"$33,125.34",33125.34,0.024208
26,Alley Resurfacing Menu (2025),W CORTEZ ST & N SACRAMENTO AVE & N RICHMOND ST & W AUGUSTA BLVD,"$19,590.92",19590.92,0.014317
26,Alley Resurfacing Menu (2025),W CORTLAND ST & N ST LOUIS AVE & N DRAKE AVE & W BLOOMINGDALE AVE,"$47,499.11",47499.11,0.034713
26,Alley Resurfacing Menu (2025),W DIVISION ST & N CALIFORNIA AVE & N WASHTENAW AVE & W HADDON AVE,"$15,340.94",15340.94,0.011211
26,Alley Resurfacing Menu (2025),W DIVISION ST & N ROCKWELL ST & N WASHTENAW AVE & W HADDON AVE,"$28,566.35",28566.35,0.020876
26,Alley Speed Hump Menu (2025),1617 N KEYSTONE AVE,$725.00,725.0,0.000530
26,Alley Speed Hump Menu (2025),N HARDING AVE & W WABANSIA AVE & W NORTH AVE & N SPRINGFIELD AVE,$0.00,0.0,0.000000
26,Alley Speed Hump Menu (2025),N KILBOURN AVE & W PALMER ST & W DICKENS AVE & N KENNETH AVE,$0.00,0.0,0.000000
26,Alley Speed Hump Menu (2025),N LATROBE AVE & W BELDEN AVE & W PALMER ST & N LARAMIE AVE,"$1,450.00",1450.0,0.001060
26,Alley Speed Hump Menu (2025),N LOWELL AVE & W CORTLAND ST,$0.00,0.00,0.000000
26,,1806 N LOWELL AVE,$0.00,0.00,0.000000
26,,N KOSTNER AVE & W CORTLAND ST,$0.00,0.00,0.000000
26,Alley Speed Hump Menu (2025),N MOZART ST & W DIVISION ST & W THOMAS ST & N CALIFORNIA AVE,"$2,175.00",2175.0,0.001590
26,Alley Speed Hump Menu (2025),N SPAULDING AVE & W BEACH AVE & W HIRSCH ST & N HOMAN AVE,$0.00,0.0,0.000000
26,Alley Speed Hump Menu (2025),W CORTLAND ST & N ST LOUIS AVE & N DRAKE AVE & W BLOOMINGDALE AVE,"$2,900.00",2900.0,0.002119
26,Alley Speed Hump Menu (2025),W MCLEAN AVE & N KILPATRICK AVE,$241.67,241.67,0.000177
26,,W DICKENS AVE & N KILPATRICK AVE,$241.67,241.67,0.000177
26,,4644 W MCLEAN AVE,$241.67,241.67,0.000177
26,Alley Speed Hump Replacement (2025),N LAPORTE AVE & W PALMER ST & W DICKENS AVE & N LAVERGNE AVE,$0.00,0.0,0.000000
26,Alley Speed Hump Replacement (2025),W CORTLAND ST & N ST LOUIS AVE & N DRAKE AVE & W BLOOMINGDALE AVE,$0.00,0.0,0.000000
26,Alley Speed Hump Replacement (2025),W DIVISION ST & N CALIFORNIA AVE & N WASHTENAW AVE & W HADDON AVE,$0.00,0.0,0.000000
26,Alley Speed Hump Replacement (2025),W DIVISION ST & N ROCKWELL ST & N WASHTENAW AVE & W HADDON AVE,$0.00,0.0,0.000000
26,Concrete Alley Menu (2025),2113 N CICERO AVE,"$6,498.24",6498.24,0.004749
26,,N CICERO AVE & W SHAKESPEARE AVE & W DICKENS AVE & N KILPATRICK AVE,"$6,498.24",6498.24,0.004749
26,Floodlight Menu (2025),1756 N KIMBALL AVE,"$1,150.00",1150.0,0.000840
26,Floodlight Menu (2025),1921 N RIDGEWAY AVE,"$1,150.00",1150.0,0.000840
26,Pavement Markings Menu (2025),N CALIFORNIA AVE & W WABANSIA AVE,"$1,600.00",1600.0,0.001169
26,Pavement Markings Menu (2025),W POTOMAC AVE & N CENTRAL PARK AVE,"$2,500.00",2500.0,0.001827
26,Sidewalk Menu (2025),1020 N FRANCISCO AVE,"$4,251.47",4251.47,0.003107
26,Sidewalk Menu (2025),1020 N MOZART ST,"$5,571.02",5571.02,0.004071
26,Sidewalk Menu (2025),1113 N MOZART ST,"$4,395.16",4395.16,0.003212
26,Sidewalk Menu (2025),1118 N CHRISTIANA AVE,"$1,624.46",1624.46,0.001187
26,Sidewalk Menu (2025),1223 N CAMPBELL AVE,"$6,396.50",6396.5,0.004675
26,Sidewalk Menu (2025),1249 N ARTESIAN AVE,"$4,448.35",4448.35,0.003251
26,Sidewalk Menu (2025),1317 N ROCKWELL ST,"$3,824.30",3824.3,0.002795
26,Sidewalk Menu (2025),1329 N LAWNDALE AVE,"$5,887.44",5887.44,0.004303
26,Sidewalk Menu (2025),1345 N ROCKWELL ST,"$14,443.60",14443.6,0.010555
26,Sidewalk Menu (2025),1411 N CALIFORNIA AVE,"$1,928.56",1928.56,0.001409
26,Sidewalk Menu (2025),1412 N KEDZIE AVE,"$5,924.45",5924.45,0.004330
26,Sidewalk Menu (2025),1438 N LAWNDALE AVE,"$1,831.45",1831.45,0.001338
26,Sidewalk Menu (2025),1508 N KEDZIE AVE,"$6,327.30",6327.3,0.004624
26,Sidewalk Menu (2025),1649 N KIMBALL AVE,"$13,851.89",13851.89,0.010123
26,Sidewalk Menu (2025),1650 N RICHMOND ST,"$9,068.61",9068.61,0.006627
26,Sidewalk Menu (2025),1652 N ROCKWELL ST,"$10,234.51",10234.51,0.007479
26,Sidewalk Menu (2025),1808 N KEYSTONE AVE,"$5,630.31",5630.31,0.004115
26,Sidewalk Menu (2025),1809-1838 N TRIPP AVE,"$22,090.31",22090.31,0.016144
26,,1807 N TRIPP AVE,"$22,090.31",22090.31,0.016144
26,Sidewalk Menu (2025),1817 N LOWELL AVE,"$6,557.83",6557.83,0.004792
26,,1813 N LOWELL AVE,"$6,557.83",6557.83,0.004792
26,Sidewalk Menu (2025),1828 N DRAKE AVE,"$3,320.88",3320.88,0.002427
26,Sidewalk Menu (2025),1907 N KILBOURN AVE,"$2,675.99",2675.99,0.001956
26,Sidewalk Menu (2025),1927 N KILBOURN AVE,"$8,013.19",8013.19,0.005856
26,Sidewalk Menu (2025),1929-1939 N TRIPP AVE,"$22,728.97",22728.97,0.016610
26,Sidewalk Menu (2025),1941 N KEDVALE AVE,"$6,377.59",6377.59,0.004661
26,Sidewalk Menu (2025),2014 N KILBOURN AVE,"$6,478.09",6478.09,0.004734
26,Sidewalk Menu (2025),2027 N KEYSTONE AVE,"$6,287.41",6287.41,0.004595
26,Sidewalk Menu (2025),2039 N KEYSTONE AVE,"$6,408.50",6408.5,0.004683
26,Sidewalk Menu (2025),2104-2106 N KOSTNER AVE,"$12,036.54",12036.54,0.008796
26,Sidewalk Menu (2025),2124 N LEAMINGTON AVE,"$3,846.43",3846.43,0.002811
26,Sidewalk Menu (2025),2209 N KEATING AVE,"$13,076.39",13076.39,0.009556
26,Sidewalk Menu (2025),2230 N KILPATRICK AVE,"$6,506.15",6506.15,0.004755
26,Sidewalk Menu (2025),2235 N KILPATRICK AVE,"$9,654.57",9654.57,0.007056
26,Sidewalk Menu (2025),2257 N KILBOURN AVE,"$16,358.19",16358.19,0.011955
26,Sidewalk Menu (2025),2714 W AUGUSTA BLVD,"$22,712.74",22712.74,0.016599
26,Sidewalk Menu (2025),2835 W DIVISION ST,"$9,183.52",9183.52,0.006711
26,Sidewalk Menu (2025),3205 W CORTLAND ST,"$48,661.91",48661.91,0.035562
26,Sidewalk Menu (2025),3234 W LE MOYNE ST,"$5,375.36",5375.36,0.003928
26,Sidewalk Menu (2025),3432 W PIERCE AVE,"$1,677.96",1677.96,0.001226
26,Sidewalk Menu (2025),4034 W CORTLAND ST,"$12,798.32",12798.32,0.009353
26,Sidewalk Menu (2025),4610 W MCLEAN AVE,"$1,854.03",1854.03,0.001355
26,Sidewalk Menu (2025),4648 W MCLEAN AVE,"$12,229.07",12229.07,0.008937
26,Street Light Upgrade Menu (2025),1100 N HUMBOLDT DR,"$1,500.00",1500.0,0.001096
26,Street Light Upgrade Menu (2025),3331 W DICKENS AVE,$500.00,500.0,0.000365
26,Street Resurfacing Menu (2025),1800-1900 N Kilbourn Ave,"$24,947.69",24947.69,0.018232
26,Street Resurfacing Menu (2025),2200-2300 N Leclaire Ave,"$64,624.10",64624.1,0.047228
26,Street Resurfacing Menu (2025),5200-5230 W Dickens Ave,"$17,300.53",17300.53,0.012643
26,Street Speed Hump Menu (2025),1020-1200 N Christiana Ave,"$7,320.00",7320.0,0.005349
26,Street Speed Hump Menu (2025),1800-1900 N Harding Ave,"$4,880.00",4880.0,0.003566
26,Street Speed Hump Menu (2025),1900-2000 N Keeler Ave,"$4,880.00",4880.0,0.003566
26,Street Speed Hump Menu (2025),1800-1900 N Kildare Ave,"$4,880.00",4880.0,0.003566
26,Street Speed Hump Menu (2025),2100-2200 N Lawler Ave,"$4,880.00",4880.0,0.003566
26,Street Speed Hump Menu (2025),1200-1300 N Maplewood Ave,"$4,880.00",4880.0,0.003566
26,Street Speed Hump Menu (2025),1600-1700 N Mozart St,"$4,880.00",4880.0,0.003566
26,Street Speed Hump Menu (2025),1800-2000 N Ridgeway Ave,"$7,320.00",7320.0,0.005349
26,Street Speed Hump Menu (2025),2000-2100 N Sawyer Ave,"$4,880.00",4880.0,0.003566
26,Street Speed Hump Menu (2025),1600-1700 N Sawyer Ave,"$4,880.00",4880.0,0.003566
26,Street Speed Hump Menu (2025),2000-2100 N Spaulding Ave,"$4,880.00",4880.0,0.003566
26,Street Speed Hump Menu (2025),1030-1200 N Spaulding Ave,"$7,320.00",7320.0,0.005349
26,Street Speed Hump Menu (2025),1700-1900 N Talman Ave,"$4,880.00",4880.0,0.003566
26,Street Speed Hump Menu (2025),1700-1800 N Washtenaw Ave,"$4,880.00",4880.0,0.003566
26,Street Speed Hump Menu (2025),3700-3730 W Cortland St,"$2,440.00",2440.0,0.001783
26,Street Speed Hump Menu (2025),3200-3250 W Dickens Ave,"$2,440.00",2440.0,0.001783
26,Street Speed Hump Menu (2025),3500-3600 W Hirsch St,"$4,880.00",4880.0,0.003566
26,Street Speed Hump Menu (2025),2700-2800 W Potomac Ave,"$4,880.00",4880.0,0.003566
26,Street Speed Hump Menu (2025),4200-4400 W Wabansia Ave,"$9,760.00",9760.0,0.007133
26,Street Speed Hump Menu (2025),3400-3500 W Wabansia Ave,"$2,440.00",2440.0,0.001783
26,Street Traffic Circle Menu (2025),N FRANCISCO AVE & W WABANSIA AVE,"$22,109.18",22109.18,0.016158
26,Street Traffic Circle Menu (2025),N ROCKWELL ST & W WABANSIA AVE,"$5,000.00",5000.0,0.003654
26,Street Traffic Circle Menu (2025),N TALMAN AVE & W WABANSIA AVE,"$4,499.94",4499.94,0.003289
26,Street Traffic Circle Menu (2025),N WASHTENAW AVE & W WABANSIA AVE,"$20,000.00",20000.0,0.014616
26,Street Traffic Circle Menu (2025),W HIRSCH ST & N LAWNDALE AVE,"$19,310.11",19310.11,0.014112
26,Street Traffic Circle Menu (2025),W HIRSCH ST & N ST LOUIS AVE,"$21,000.00",21000.0,0.015347
26,Street Traffic Circle Menu (2025),W LE MOYNE ST & N HAMLIN AVE,"$26,188.61",26188.61,0.019139
26,Viaduct Improvement Menu (2025),W HIRSCH ST & N MONTICELLO AVE,"$22,197.61",22197.61,0.016222
27,(2025) Miscellaneous CDOT Projects (2025),100 N HERMITAGE AVE,$660.00,660.0,0.000444
27,Alley Resurfacing Menu (2025),2826 W FULTON ST,"$12,117.76",12117.76,0.008151
27,,W FULTON ST & N FRANCISCO AVE,"$12,117.76",12117.76,0.008151
27,,W FULTON ST & N CALIFORNIA AVE,"$12,117.76",12117.76,0.008151
27,Alley Resurfacing Menu (2025),W AUGUSTA BLVD & N RIDGEWAY AVE & N LAWNDALE AVE & W IOWA ST,"$42,809.15",42809.15,0.028794
27,Alley Resurfacing Menu (2025),W CARROLL AVE & N WHIPPLE ST & N SACRAMENTO BLVD & W FULTON BLVD,"$22,742.77",22742.77,0.015297
27,Alley Resurfacing Menu (2025),W GLADYS AVE & S CALIFORNIA AVE & S WASHTENAW AVE & W VAN BUREN ST,"$28,613.86",28613.86,0.019246
27,Alley Resurfacing Menu (2025),W WARREN BLVD & N ASHLAND AVE & N PAULINA ST & W WASHINGTON BLVD,"$11,556.79",11556.79,0.007773
27,Alley Speed Hump Menu (2025),W IOWA ST & N CENTRAL PARK AVE & N DRAKE AVE & W AUGUSTA BLVD,"$1,450.00",1450.0,0.000975
27,Alley Speed Hump Replacement (2025),W AUGUSTA BLVD & N RIDGEWAY AVE & N LAWNDALE AVE & W IOWA ST,$0.00,0.0,0.000000
27,cm,2299-2400 W Warren Ave,"$79,141.20",79141.2,0.053232
27,Curb & Gutter Menu (2025),2841 W JACKSON BLVD,"$15,967.04",15967.04,0.010740
27,"In-Road ""State Law Stop For Pedestrians"" Sign Menu",N WELLS ST & W HILL ST,$350.00,350.0,0.000235
27,Miscellaneous CDOT Projects (2025),1300 W JACKSON BLVD,$660.00,660.0,0.000444
27,Miscellaneous CDOT Projects (2025),1500 N CLYBOURN AVE,"$22,063.06",22063.06,0.014840
27,Miscellaneous CDOT Projects (2025),2700 W MONROE ST,$660.00,660.0,0.000444
27,Pavement Markings Menu (2025),N WELLS ST & W HILL ST,"$2,300.00",2300.0,0.001547
27,Pavement Markings Menu (2025),100-300 S Oakley Ave,"$2,500.00",2500.0,0.001682
27,Pavement Markings Menu (2025),1500-1630 W Monroe St,"$8,250.00",8250.0,0.005549
27,Sidewalk Menu (2025),2817 W FIFTH AVE,"$21,588.55",21588.55,0.014521
27,Sidewalk Menu (2025),1300-1500 N Mohawk St,"$147,007.86",147007.86,0.098880
27,Sidewalk Menu (2025),1000-1100 N Orleans St,"$35,530.41",35530.41,0.023898
27,Sidewalk Menu (2025),900-1000 N Racine Ave,"$60,605.96",60605.96,0.040765
27,,918 N RACINE AVE,"$60,605.96",60605.96,0.040765
27,Sidewalk Menu (2025),1400-1450 W Superior St,"$28,617.38",28617.38,0.019249
27,Street Bump Outs Menu (2025),W MONROE ST & S LAFLIN ST,"$32,000.00",32000.0,0.021524
27,Street Bump Outs Menu (2025),W WASHINGTON BLVD & N DAMEN AVE,"$2,361.51",2361.51,0.001588
27,Street Light Upgrade Menu (2025),731 N SPAULDING AVE,$500.00,500.0,0.000336
27,Street Resurfacing Menu (2025),440-500 N Carpenter St,"$13,701.01",13701.01,0.009216
27,Street Resurfacing Menu (2025),150-340 N Elizabeth St,"$87,085.72",87085.72,0.058575
27,Street Resurfacing Menu (2025),440-500 N Green St,"$46,420.05",46420.05,0.031223
27,Street Resurfacing Menu (2025),800-900 N Lawndale Ave,"$69,585.89",69585.89,0.046805
27,Street Resurfacing Menu (2025),0-100 N Loomis St,"$27,979.60",27979.6,0.018820
27,Street Resurfacing Menu (2025),670-800 N May St,"$40,633.55",40633.55,0.027331
27,Street Resurfacing Menu (2025),440-500 N May St,"$36,891.10",36891.1,0.024814
27,Street Resurfacing Menu (2025),440-500 N Morgan St,"$40,702.05",40702.05,0.027377
27,Street Resurfacing Menu (2025),640-660 N Peoria St,"$12,694.93",12694.93,0.008539
27,Street Resurfacing Menu (2025),700-800 N Throop St,"$57,784.17",57784.17,0.038867
27,Street Resurfacing Menu (2025),300-400 S Mozart St,"$42,483.20",42483.2,0.028575
27,Street Resurfacing Menu (2025),40-0 S Seeley Ave,"$39,870.06",39870.06,0.026817
27,Street Resurfacing Menu (2025),200-300 S Throop St,"$45,229.20",45229.2,0.030422
27,Street Resurfacing Menu (2025),1349-1300 W Cortez St,"$53,121.12",53121.12,0.035730
27,Street Resurfacing Menu (2025),2200-2300 W Ferdinand St,"$32,532.25",32532.25,0.021882
27,Street Resurfacing Menu (2025),2000-2200 W Grenshaw St,"$155,603.51",155603.51,0.104661
27,Street Speed Hump Menu (2025),700-800 N Avers Ave,"$4,880.00",4880.0,0.003282
27,Street Speed Hump Menu (2025),200-300 S Francisco Ave,"$2,440.00",2440.0,0.001641
27,Street Speed Hump Menu (2025),0-400 S Oakley Ave,"$9,760.00",9760.0,0.006565
27,Street Speed Hump Menu (2025),40-0 S Seeley Ave,"$2,440.00",2440.0,0.001641
27,Street Speed Hump Replacement (2025),440-500 N Green St,$0.00,0.0,0.000000
27,Street Speed Hump Replacement (2025),800-900 N Lawndale Ave,$0.00,0.0,0.000000
28,Alley Resurfacing Menu (2025),2420 W GRENSHAW ST,"$21,643.47",21643.47,0.014745
28,,W GRENSHAW ST & S WESTERN AVE & S CAMPBELL AVE & W,"$21,643.47",21643.47,0.014745
28,Alley Resurfacing Menu (2025),FILLMORE ST 2420 W TAYLOR ST,"$21,744.49",21744.49,0.014813
28,,W TAYLOR ST & S WESTERN AVE & S CAMPBELL AVE & W ARTHINGTON ST,"$21,744.49",21744.49,0.014813
28,Alley Resurfacing Menu (2025),S SACRAMENTO BLVD & W ROOSEVELT RD & W FILLMORE ST & S WHIPPLE ST,"$47,641.60",47641.6,0.032456
28,Alley Resurfacing Menu (2025),W 12TH PL & S FAIRFIELD AVE & S CALIFORNIA BLVD & W 14TH ST,"$65,782.52",65782.52,0.044814
28,Alley Resurfacing Menu (2025),W 12TH PL & S WASHTENAW AVE & S FAIRFIELD AVE & W 14TH ST,"$34,311.52",34311.52,0.023375
28,Alley Resurfacing Menu (2025),W BOWLER ST & W POLK ST & S LEAVITT ST & W OGDEN AVE,"$53,419.99",53419.99,0.036392
28,Alley Resurfacing Menu (2025),W CONGRESS PKWY & S SPAULDING AVE & S HOMAN AVE & W VAN BUREN ST,"$14,106.63",14106.63,0.009610
28,Alley Resurfacing Menu (2025),W FIFTH AVE & S WHIPPLE ST & S SACRAMENTO BLVD & W JACKSON BLVD,"$31,738.47",31738.47,0.021622
28,,3010 W JACKSON BLVD,"$31,738.47",31738.47,0.021622
28,Alley Resurfacing Menu (2025),W FILLMORE ST & S MOZART ST & S FRANCISCO AVE & W ROOSEVELT RD,"$40,988.35",40988.35,0.027923
28,Alley Resurfacing Menu (2025),W FILLMORE ST & S WHIPPLE ST & S ALBANY AVE & W ROOSEVELT RD,"$46,210.53",46210.53,0.031481
28,Alley Resurfacing Menu (2025),W FULTON ST & N KOSTNER AVE & N KILBOURN AVE & W LAKE ST,"$10,705.86",10705.86,0.007293
28,Alley Resurfacing Menu (2025),W HARRISON ST & S CALIFORNIA AVE & S FRANCISCO AVE & W FLOURNOY ST,"$34,822.54",34822.54,0.023723
28,Alley Resurfacing Menu (2025),W HARRISON ST & S WASHTENAW AVE & S CALIFORNIA AVE & W FLOURNOY ST,"$33,588.84",33588.84,0.022882
28,Alley Resurfacing Menu (2025),W JACKSON BLVD & S ALBANY AVE & S TROY ST & W FIFTH AVE,"$63,802.38",63802.38,0.043465
28,Alley Resurfacing Menu (2025),W TAYLOR ST & S LOOMIS ST & S ADA ST & W ARTHINGTON ST,"$5,253.09",5253.09,0.003579
28,Alley Resurfacing Menu (2025),W VAN BUREN ST & S ST LOUIS AVE & S CENTRAL PARK AVE & W CONGRESS PKWY,"$51,463.62",51463.62,0.035060
28,Alley Speed Hump Menu (2025),W LEXINGTON ST & S CAMPBELL AVE & S MAPLEWOOD AVE & W POLK ST,$725.00,725.0,0.000494
28,Alley Speed Hump Menu (2025),W WASHINGTON BLVD & N CICERO AVE & N LAMON AVE & W MADISON ST,"$1,450.00",1450.0,0.000988
28,Alley Speed Hump Menu (2025),W WILCOX ST & S SPRINGFIELD AVE & S HAMLIN BLVD & W ADAMS ST,"$2,175.00",2175.0,0.001482
28,Alley Speed Hump Replacement (2025),S SACRAMENTO BLVD & W ROOSEVELT RD & W FILLMORE ST & S WHIPPLE ST,$0.00,0.0,0.000000
28,Alley Speed Hump Replacement (2025),W 12TH PL & S FAIRFIELD AVE & S CALIFORNIA BLVD & W 14TH ST,$0.00,0.0,0.000000
28,Alley Speed Hump Replacement (2025),W 12TH PL & S WASHTENAW AVE & S FAIRFIELD AVE & W 14TH ST,$0.00,0.0,0.000000
28,Alley Speed Hump Replacement (2025),W BOWLER ST & W POLK ST & S LEAVITT ST & W OGDEN AVE,$0.00,0.0,0.000000
28,Alley Speed Hump Replacement (2025),W CONGRESS PKWY & S SPAULDING AVE & S HOMAN AVE & W VAN BUREN ST,$0.00,0.0,0.000000
28,Alley Speed Hump Replacement (2025),W GRENSHAW ST & S WESTERN AVE & S CAMPBELL AVE & W FILLMORE ST,$0.00,0.00,0.000000
28,,2420 W GRENSHAW ST,$0.00,0.00,0.000000
28,Alley Speed Hump Replacement (2025),W HARRISON ST & S CALIFORNIA AVE & S FRANCISCO AVE & W FLOURNOY ST,$0.00,0.0,0.000000
28,Alley Speed Hump Replacement (2025),W JACKSON BLVD & S ALBANY AVE & S TROY ST & W FIFTH AVE,$0.00,0.0,0.000000
28,Alley Speed Hump Replacement (2025),W TAYLOR ST & S WESTERN AVE & S CAMPBELL AVE & W ARTHINGTON ST,$0.00,0.00,0.000000
28,,2420 W TAYLOR ST,$0.00,0.00,0.000000
28,Miscellaneous CDOT Projects (2025),1101 S DESPLAINES ST,$660.00,660.0,0.000450
28,Miscellaneous CDOT Projects (2025),3521 W MADISON ST,$300.00,300.0,0.000204
28,Miscellaneous CDOT Projects (2025),3842 W WEST END AVE,$150.00,150.0,0.000102
28,Miscellaneous CDOT Projects (2025),4937 W ADAMS ST,$150.00,150.0,0.000102
28,"New Receptacle controller, Smart fixtures with outlets. Street Cul-de-Sac Menu (2025)",2440 W WASHBURNE AVE,"$36,660.41",36660.41,0.024975
28,Sidewalk Menu (2025),440 N KILBOURN AVE,"$40,410.11",40410.11,0.027529
28,Sidewalk Menu (2025),300-400 S Sacramento Ave,"$155,944.77",155944.77,0.106237
28,"Special Lighting Upgrade, People Plaza at Bishop & Taylor;",S BISHOP ST & W TAYLOR ST,"$145,000.00",145000.0,0.098781
28,Street Cul-de-Sac Menu (2025),2900 W TAYLOR ST,"$4,369.88",4369.88,0.002977
28,Street Light Pole Painting Menu (2025),S CENTRAL PARK AVE & W FIFTH AVE,"$4,060.00",4060.00,0.002766
28,,S CENTRAL PARK BLVD & W JACKSON BLVD,"$4,060.00",4060.00,0.002766
28,Street Resurfacing Menu (2025),340-400 S Christiana Ave,"$30,184.23",30184.23,0.020563
28,Street Resurfacing Menu (2025),500-600 S Claremont Ave,"$34,325.92",34325.92,0.023384
28,Street Resurfacing Menu (2025),500-520 S Millard Ave,"$19,079.56",19079.56,0.012998
28,Street Resurfacing Menu (2025),1200-1400 S Morgan St,"$15,293.23",15293.23,0.010418
28,Street Resurfacing Menu (2025),1100-1200 S Richmond St,"$45,869.33",45869.33,0.031248
28,Street Resurfacing Menu (2025),330-500 S St Louis Ave,"$38,183.30",38183.3,0.026012
28,Street Resurfacing Menu (2025),2300-2400 W 13th St,"$73,502.19",73502.19,0.050073
28,Street Resurfacing Menu (2025),2730-2800 W 14th St,"$21,758.55",21758.55,0.014823
28,Street Resurfacing Menu (2025),2800-2900 W Fillmore St,"$71,331.04",71331.04,0.048594
28,Street Speed Hump Menu (2025),2300-2400 W Polk St,"$1,632.92",1632.92,0.001112
28,Street Speed Hump Replacement (2025),330-500 S St Louis Ave,$0.00,0.0,0.000000
28,Street Speed Hump Replacement (2025),2730-2800 W 14th St,$0.00,0.0,0.000000
28,Street Speed Hump Replacement (2025),2800-2900 W Fillmore St,$0.00,0.0,0.000000
28,Viaduct Improvement Menu (2025),2543 W OGDEN AVE,"$68,266.39",68266.39,0.046506
29,Alley Resurfacing Menu (2025),5825 W AUGUSTA BLVD,"$13,239.70",13239.70,0.008869
29,,W AUGUSTA BLVD & N MAYFIELD AVE & N MENARD AVE & W WALTON ST,"$13,239.70",13239.70,0.008869
29,Alley Resurfacing Menu (2025),N MAJOR AVE & W NORTH AVE & W WABANSIA AVE & N MANGO AVE,"$42,034.32",42034.32,0.028159
29,Alley Resurfacing Menu (2025),N MAYFIELD AVE & W LE MOYNE ST & W NORTH AVE & N MASON AVE,"$57,824.47",57824.47,0.038737
29,Alley Resurfacing Menu (2025),N MAYFIELD AVE & W THOMAS ST & W AUGUSTA BLVD & N MONITOR AVE,"$35,347.85",35347.85,0.023680
29,Alley Resurfacing Menu (2025),N MONITOR AVE & W POTOMAC AVE & W HIRSCH ST & N MAYFIELD AVE,"$42,961.33",42961.33,0.028780
29,Alley Resurfacing Menu (2025),N NATCHEZ AVE & W CORTLAND ST & W BLOOMINGDALE AVE & N NAGLE AVE,"$34,639.46",34639.46,0.023205
29,Alley Resurfacing Menu (2025),S MAYFIELD AVE & W FILLMORE ST & W ARTHINGTON ST & S MASON AVE,"$43,657.75",43657.75,0.029246
29,Alley Resurfacing Menu (2025),W POTOMAC AVE & N MENARD AVE & N MASSASOIT AVE & W DIVISION ST,"$47,417.94",47417.94,0.031765
29,Alley Speed Hump Menu (2025),852 N WALLER AVE,$725.00,725.0,0.000486
29,Alley Speed Hump Menu (2025),W POTOMAC AVE & N WALLER AVE & N PARKSIDE AVE & W DIVISION ST,"$1,450.00",1450.0,0.000971
29,Alley Speed Hump Replacement (2025),5825 W AUGUSTA BLVD,$0.00,0.00,0.000000
29,,W AUGUSTA BLVD & N MAYFIELD AVE & N MENARD AVE & W WALTON ST,$0.00,0.00,0.000000
29,Alley Speed Hump Replacement (2025),N MAJOR AVE & W NORTH AVE & W WABANSIA AVE & N MANGO AVE,$0.00,0.0,0.000000
29,Alley Speed Hump Replacement (2025),N MAYFIELD AVE & W LE MOYNE ST & W NORTH AVE & N MASON AVE,$0.00,0.0,0.000000
29,Alley Speed Hump Replacement (2025),N MAYFIELD AVE & W THOMAS ST & W AUGUSTA BLVD & N MONITOR AVE,$0.00,0.0,0.000000
29,Alley Speed Hump Replacement (2025),N MONITOR AVE & W POTOMAC AVE & W HIRSCH ST & N MAYFIELD AVE,$0.00,0.0,0.000000
29,Alley Speed Hump Replacement (2025),S MAYFIELD AVE & W FILLMORE ST & W ARTHINGTON ST & S MASON AVE,$0.00,0.0,0.000000
29,Alley Speed Hump Replacement (2025),W POTOMAC AVE & N MENARD AVE & N MASSASOIT AVE & W DIVISION ST,$0.00,0.0,0.000000
29,Bollard Menu (2025),7039 W GRAND AVE,$646.17,646.17,0.000433
29,,2379 N NORDICA AVE,$646.17,646.17,0.000433
29,Harambee Community Garden - 445 N Waller Ave -,445 N WALLER AVE,"$10,650.00",10650.0,0.007134
29,installation of pergola and lighting Miscellaneous CDOT Projects (2025),1204 N MASON AVE,$660.00,660.0,0.000442
29,Miscellaneous CDOT Projects (2025),48 N PINE AVE,$150.00,150.0,0.000100
29,Miscellaneous CDOT Projects (2025),5500 W NORTH AVE,$660.00,660.0,0.000442
29,Rutherford Sayer Park - Nature Play Space,6871 W BELDEN AVE,"$25,000.00",25000.0,0.016748
29,Sidewalk Menu (2025),5837-5839 W ARTHINGTON ST,"$26,311.10",26311.1,0.017626
29,Speed Indicator Signs (2025),2052 N OAK PARK AVE,"$32,620.70",32620.7,0.021853
29,Street Bump Outs Menu (2025),N WALLER AVE & W WASHINGTON BLVD,"$20,000.00",20000.0,0.013398
29,Street Bump Outs Menu (2025),S AUSTIN BLVD & W ARTHINGTON ST,"$20,000.00",20000.0,0.013398
29,Street Bump Outs Menu (2025),W FILLMORE ST & S MENARD AVE,"$25,135.24",25135.24,0.016838
29,Street Light Pole for High Definition Camera Menu (2025),2052 N OAK PARK AVE,"$3,000.00",3000.0,0.002010
29,Street Light Upgrade Menu (2025),1836 N NORMANDY AVE,$500.00,500.0,0.000335
29,Street Light Upgrade Menu (2025),5026-5028 W CONGRESS PKWY,$500.00,500.0,0.000335
29,Street Light Upgrade Menu (2025),5508 W JACKSON BLVD,$500.00,500.0,0.000335
29,Street Resurfacing Menu (2025),1400-1500 N Mason Ave,"$52,993.90",52993.9,0.035501
29,Street Resurfacing Menu (2025),0-100 N Mason Ave,"$9,684.86",9684.86,0.006488
29,Street Resurfacing Menu (2025),100-300 N Mason Ave,"$61,771.06",61771.06,0.041381
29,Street Resurfacing Menu (2025),1600-1700 N Melvina Ave,"$54,211.01",54211.01,0.036316
29,Street Resurfacing Menu (2025),1000-1100 N Menard Ave,"$55,706.99",55706.99,0.037318
29,Street Resurfacing Menu (2025),1500-1600 N Menard Ave,"$41,367.47",41367.47,0.027712
29,Street Resurfacing Menu (2025),1000-1200 N Monitor Ave,"$101,605.27",101605.27,0.068066
29,Street Resurfacing Menu (2025),1700-1800 N Moody Ave,"$55,342.66",55342.66,0.037074
29,Street Resurfacing Menu (2025),1800-1900 N Natoma Ave,"$66,211.86",66211.86,0.044355
29,Street Resurfacing Menu (2025),3000-3200 N Oconto Ave,"$99,277.12",99277.12,0.066506
29,Street Resurfacing Menu (2025),3100-3200 N Oketo Ave,"$56,779.64",56779.64,0.038037
29,Street Resurfacing Menu (2025),5000-5100 W Congress Pkwy,"$105,439.45",105439.45,0.070634
29,Street Resurfacing Menu (2025),5709-5900 W Midway Park,"$109,739.70",109739.7,0.073515
29,Street Resurfacing Menu (2025),5900-6000 W Ohio St,"$58,630.92",58630.92,0.039277
29,Street Resurfacing Menu (2025),6000-5900 W Superior St,"$22,636.17",22636.17,0.015164
29,Street Speed Hump Menu (2025),1600-1700 N Meade Ave,"$4,880.00",4880.0,0.003269
29,Street Speed Hump Menu (2025),2500-2600 N Nordica Ave,"$4,880.00",4880.0,0.003269
29,Street Speed Hump Menu (2025),1700-1800 N Nordica Ave,"$4,880.00",4880.0,0.003269
29,Street Speed Hump Menu (2025),420-500 N Parkside Ave,"$2,440.00",2440.0,0.001635
29,Street Speed Hump Menu (2025),500-600 S Lavergne Ave,"$2,440.00",2440.0,0.001635
29,Street Speed Hump Menu (2025),7100-7150 W Dickens Ave,"$2,440.00",2440.0,0.001635
29,Street Speed Hump Menu (2025),6930-7000 W Wabansia Ave,"$2,440.00",2440.0,0.001635
29,Street Speed Hump Menu (2025),7100-7150 W Wabansia Ave,"$2,440.00",2440.0,0.001635
29,Street Speed Hump Replacement (2025),0-100 N Mason Ave,$0.00,0.0,0.000000
29,Street Speed Hump Replacement (2025),100-300 N Mason Ave,$0.00,0.0,0.000000
29,Street Speed Hump Replacement (2025),1000-1100 N Menard Ave,$0.00,0.0,0.000000
29,Street Speed Hump Replacement (2025),1000-1200 N Monitor Ave,$0.00,0.0,0.000000
29,Street Speed Hump Replacement (2025),1800-1900 N Natoma Ave,$0.00,0.0,0.000000
29,Street Speed Hump Replacement (2025),3100-3200 N Oketo Ave,$0.00,0.0,0.000000
29,Street Speed Hump Replacement (2025),5000-5100 W Congress Pkwy,$0.00,0.0,0.000000
29,Veteran's Peace Community Garden Improvements -,5413 W MADISON ST,"$15,000.00",15000.0,0.010049
30,(2025) Miscellaneous CDOT Projects (2025),3600 N LINDER AVE,$660.00,660.0,0.000547
30,Alley Apron Menu (2025),4014 W PATTERSON AVE,"$18,400.44",18400.44,0.015245
30,Alley Apron Menu (2025),4252-4256 W GRACE ST,"$19,002.61",19002.61,0.015744
30,Alley Resurfacing Menu (2025),4140 W HENDERSON ST,"$21,063.51",21063.51,0.017452
30,,W HENDERSON ST & N KEDVALE AVE & N KEELER AVE & W ROSCOE ST,"$21,063.51",21063.51,0.017452
30,Alley Resurfacing Menu (2025),W ADDISON ST & N MEADE AVE & N MELVINA AVE & W EDDY ST,"$14,631.39",14631.39,0.012123
30,,6101 W ADDISON ST,"$14,631.39",14631.39,0.012123
30,Alley Resurfacing Menu (2025),W PATTERSON AVE & N LECLAIRE AVE & N LARAMIE AVE & W ADDISON ST,"$13,471.45",13471.45,0.011162
30,,5101 W PATTERSON AVE,"$13,471.45",13471.45,0.011162
30,Alley Speed Hump Menu (2025),N MAJOR AVE & W DIVERSEY AVE & W GEORGE ST & N PARKSIDE AVE,"$2,900.00",2900.0,0.002403
30,Alley Speed Hump Removal Menu (2025),N MAJOR AVE & W DIVERSEY AVE & W GEORGE ST & N PARKSIDE AVE,"$2,900.00",2900.0,0.002403
30,Alley Speed Hump Replacement (2025),4140 W HENDERSON ST,$0.00,0.00,0.000000
30,,W HENDERSON ST & N KEDVALE AVE & N KEELER AVE & W,$0.00,0.00,0.000000
30,Alley Speed Hump Replacement (2025),ROSCOE ST W PATTERSON AVE & N LECLAIRE AVE & N LARAMIE AVE & W ADDISON ST,$0.00,0.00,0.000000
30,,5101 W PATTERSON AVE,$0.00,0.00,0.000000
30,Bollard Menu (2025),5943 W ROSCOE ST,"$2,182.48",2182.48,0.001808
30,"In-Road ""State Law Stop For Pedestrians"" Sign Menu",W BELMONT AVE & N MEADE AVE,$600.00,600.0,0.000497
30,Miscellaneous CDOT Projects (2025),3600 N MILWAUKEE AVE,$660.00,660.0,0.000547
30,Miscellaneous CDOT Projects (2025),3701 N HARDING AVE,$660.00,660.0,0.000547
30,Miscellaneous CDOT Projects (2025),5601 W GRAND AVE,"$33,500.00",33500.0,0.027756
30,Pavement Markings Menu (2025),2941 N MCVICKER AVE,"$20,000.00",20000.00,0.016571
30,,3231 N SPRINGFIELD AVE,"$20,000.00",20000.00,0.016571
30,,3815 N KEDVALE AVE,"$20,000.00",20000.00,0.016571
30,Pavement Markings Menu (2025),4000-4500 W Belmont Ave,"$6,500.00",6500.0,0.005385
30,Pavement Markings Menu (2025),W BELMONT AVE & N KARLOV AVE,"$4,000.00",4000.0,0.003314
30,Sidewalk Menu (2025),3633 N SPRINGFIELD AVE,"$12,048.43",12048.43,0.009983
30,,3642 N SPRINGFIELD AVE,"$12,048.43",12048.43,0.009983
30,,3652 N SPRINGFIELD AVE,"$12,048.43",12048.43,0.009983
30,Sidewalk Menu (2025),3663 N AVERS AVE,"$10,996.13",10996.13,0.009111
30,,3600 N AVERS AVE,"$10,996.13",10996.13,0.009111
30,,3634 N AVERS AVE,"$10,996.13",10996.13,0.009111
30,,3640 N AVERS AVE,"$10,996.13",10996.13,0.009111
30,Sidewalk Menu (2025),4157-4200 W HENDERSON ST,"$18,110.75",18110.75,0.015005
30,Sidewalk Menu (2025),5637 W SCHOOL ST,"$2,178.59",2178.59,0.001805
30,Sidewalk Menu (2025),5835 W DIVERSEY AVE,"$56,727.46",56727.46,0.047001
30,Sidewalk Menu (2025),3600-3700 N Harding Ave,"$36,115.76",36115.76,0.029923
30,Street Bump Outs Menu (2025),N KEELER AVE & W GRACE ST,"$21,901.80",21901.8,0.018146
30,Street Bump Outs Menu (2025),N KEELER AVE & W WAVELAND AVE,"$4,255.64",4255.64,0.003526
30,Street Light Upgrade Menu (2025),6046 W CORNELIA AVE,$500.00,500.0,0.000414
30,Street Resurfacing Menu (2025),3800-3900 N Lawndale Ave,"$59,364.63",59364.63,0.049186
30,Street Resurfacing Menu (2025),3700-3900 N Lowell Ave,"$118,379.01",118379.01,0.098081
30,Street Resurfacing Menu (2025),2700-2800 N Meade Ave,"$53,455.69",53455.69,0.044290
30,Street Resurfacing Menu (2025),3200-3400 N Melvina Ave,"$140,619.31",140619.31,0.116508
30,Street Resurfacing Menu (2025),2500-2600 N Menard Ave,"$60,768.59",60768.59,0.050349
30,Street Resurfacing Menu (2025),3900-4000 W Dakin St,"$38,310.17",38310.17,0.031741
30,Street Resurfacing Menu (2025),3900-4000 W Eddy St,"$50,299.15",50299.15,0.041675
30,Street Resurfacing Menu (2025),5300-5400 W Melrose St,"$53,904.04",53904.04,0.044661
30,Street Resurfacing Menu (2025),4058-4000 W Patterson Ave,"$55,476.62",55476.62,0.045964
30,Street Resurfacing Menu (2025),3700-3800 W Roscoe St,"$67,113.10",67113.1,0.055606
30,Street Speed Hump Menu (2025),3500-3580 N Kildare Ave,"$2,440.00",2440.0,0.002022
30,Street Speed Hump Menu (2025),3800-3900 N Lawndale Ave,"$4,880.00",4880.0,0.004043
30,Street Speed Hump Menu (2025),3530-3600 N Major Ave,"$2,440.00",2440.0,0.002022
30,Street Speed Hump Menu (2025),2600-2700 N Major Ave,"$4,880.00",4880.0,0.004043
30,Street Speed Hump Menu (2025),2700-2800 N Meade Ave,"$4,880.00",4880.0,0.004043
30,Street Speed Hump Menu (2025),2900-3000 N Melvina Ave,"$4,880.00",4880.0,0.004043
30,Street Speed Hump Menu (2025),3300-3400 N Ridgeway Ave,"$4,880.00",4880.0,0.004043
30,Street Speed Hump Menu (2025),6100-6200 W Cornelia Ave,"$4,880.00",4880.0,0.004043
30,Street Speed Hump Menu (2025),4800-4900 W Warwick Ave,"$4,880.00",4880.0,0.004043
30,Street Speed Hump Replacement (2025),3200-3400 N Melvina Ave,$0.00,0.0,0.000000
30,Street Speed Hump Replacement (2025),2500-2600 N Menard Ave,$0.00,0.0,0.000000
30,Street Speed Hump Replacement (2025),3900-4000 W Eddy St,$0.00,0.00,0.000000
30,,3900 W EDDY ST,$0.00,0.00,0.000000
31,Alley Apron Menu (2025),2951 N LONG AVE,"$16,423.46",16423.46,0.011529
31,Alley Resurfacing Menu (2025),2300-2358 N KOSTNER AVE,"$2,380.61",2380.61,0.001671
31,,N KOSTNER AVE & W BELDEN AVE & W FULLERTON AVE & N KENNETH AVE,"$2,380.61",2380.61,0.001671
31,Alley Resurfacing Menu (2025),2800 N LONG AVE,"$20,052.10",20052.10,0.014076
31,,N LONG AVE & W DIVERSEY AVE & W GEORGE ST & N LOTUS AVE,"$20,052.10",20052.10,0.014076
31,Alley Resurfacing Menu (2025),5400 W FULLERTON AVE,"$23,327.55",23327.55,0.016375
31,,W FULLERTON AVE & N LONG AVE & N LOTUS AVE & W ALTGELD ST,"$23,327.55",23327.55,0.016375
31,Alley Resurfacing Menu (2025),N KENNETH AVE & W GEORGE ST & W WELLINGTON AVE & N KILBOURN AVE,"$41,789.44",41789.44,0.029335
31,Alley Resurfacing Menu (2025),N KENNETH AVE & W WELLINGTON AVE & W BARRY AVE & N KILBOURN AVE,"$34,544.44",34544.44,0.024249
31,Alley Resurfacing Menu (2025),W ALTGELD ST & N KILPATRICK AVE & N CICERO AVE & W DEMING PL,"$39,393.49",39393.49,0.027653
31,Alley Resurfacing Menu (2025),W BELDEN AVE & N LAMON AVE & N LAVERGNE AVE & W MEDILL AVE,"$31,375.97",31375.97,0.022025
31,Alley Resurfacing Menu (2025),W DEMING PL & N KILBOURN AVE & N KENTON AVE & W WRIGHTWOOD AVE,"$43,163.35",43163.35,0.030299
31,Alley Resurfacing Menu (2025),W DEMING PL & N KOSTNER AVE & N KILBOURN AVE & W WRIGHTWOOD AVE,"$34,591.95",34591.95,0.024282
31,Alley Resurfacing Menu (2025),W NELSON ST & N LAVERGNE AVE & N LECLAIRE AVE & W BARRY AVE,"$37,339.77",37339.77,0.026211
31,Alley Speed Hump Replacement (2025),5400 W FULLERTON AVE,$0.00,0.00,0.000000
31,,W FULLERTON AVE & N LONG AVE & N LOTUS AVE & W ALTGELD ST,$0.00,0.00,0.000000
31,Alley Speed Hump Replacement (2025),N KENNETH AVE & W GEORGE ST & W WELLINGTON AVE & N KILBOURN AVE,$0.00,0.0,0.000000
31,Alley Speed Hump Replacement (2025),N KENNETH AVE & W WELLINGTON AVE & W BARRY AVE & N KILBOURN AVE,$0.00,0.0,0.000000
31,Alley Speed Hump Replacement (2025),W ALTGELD ST & N KILPATRICK AVE & N CICERO AVE & W DEMING PL,$0.00,0.0,0.000000
31,Alley Speed Hump Replacement (2025),W BELDEN AVE & N LAMON AVE & N LAVERGNE AVE & W MEDILL AVE,$0.00,0.0,0.000000
31,Alley Speed Hump Replacement (2025),W DEMING PL & N KILBOURN AVE & N KENTON AVE & W WRIGHTWOOD AVE,$0.00,0.0,0.000000
31,Alley Speed Hump Replacement (2025),W DEMING PL & N KOSTNER AVE & N KILBOURN AVE & W WRIGHTWOOD AVE,$0.00,0.0,0.000000
31,Alley Speed Hump Replacement (2025),W NELSON ST & N LAVERGNE AVE & N LECLAIRE AVE & W BARRY AVE,$0.00,0.0,0.000000
31,Curb & Gutter Menu (2025),5307 W SCHUBERT AVE,"$24,817.99",24817.99,0.017421
31,Floodlight Menu (2025),2318 N LAVERGNE AVE,"$5,750.00",5750.0,0.004036
31,Sidewalk Menu (2025),3111 N KOSTNER AVE,"$5,715.44",5715.44,0.004012
31,Sidewalk Menu (2025),4175 W FLETCHER ST,"$2,305.86",2305.86,0.001619
31,Sidewalk Menu (2025),5019 W WRIGHTWOOD AVE,"$4,755.95",4755.95,0.003338
31,Sidewalk Menu (2025),5420 W DRUMMOND PL,"$1,883.94",1883.94,0.001322
31,,5434 W DRUMMOND PL,"$1,883.94",1883.94,0.001322
31,,5418 W DRUMMOND PL,"$1,883.94",1883.94,0.001322
31,Sidewalk Menu (2025),3000-3110 N Avers Ave,"$128,764.34",128764.34,0.090388
31,Sidewalk Menu (2025),3072-3030 N Haussen Ct,"$66,170.42",66170.42,0.046449
31,,3040-3102 N HAUSSEN CT,"$66,170.42",66170.42,0.046449
31,,3037-3107 N HAUSSEN CT,"$66,170.42",66170.42,0.046449
31,Street Light Upgrade Menu (2025),2318 N LAVERGNE AVE,"$1,500.00",1500.0,0.001053
31,Street Resurfacing Menu (2025),3000-3070 N Hamlin Ave,"$54,849.87",54849.87,0.038502
31,Street Resurfacing Menu (2025),2300-2400 N Kilbourn Ave,"$66,203.83",66203.83,0.046473
31,Street Resurfacing Menu (2025),2570-2740 N Kilbourn Ave,"$98,964.38",98964.38,0.069469
31,Street Resurfacing Menu (2025),3100-3200 N Knox Ave,"$52,817.74",52817.74,0.037076
31,Street Resurfacing Menu (2025),2900-3000 N Kostner Ave,"$29,756.25",29756.25,0.020888
31,,2920-2930 N KOSTNER AVE,"$29,756.25",29756.25,0.020888
31,Street Resurfacing Menu (2025),2400-2500 N Lorel Ave,"$48,231.62",48231.62,0.033857
31,Street Resurfacing Menu (2025),4400-4430 W Belden Ave,"$39,592.99",39592.99,0.027793
31,Street Resurfacing Menu (2025),5000-5100 W Deming Pl,"$56,131.32",56131.32,0.039402
31,Street Resurfacing Menu (2025),5100-5200 W Parker Ave,"$55,583.86",55583.86,0.039018
31,Street Resurfacing Menu (2025),5400-5500 W Parker Ave,"$56,937.54",56937.54,0.039968
31,Street Speed Hump Menu (2025),2520 N KILBOURN AVE,"$1,220.00",1220.00,0.000856
31,,ON N KILBOURN AVE FROM W ALTGELD ST (2500 N) TO W DEMING,"$1,220.00",1220.00,0.000856
31,Street Speed Hump Menu (2025),PL (2530 N) 2700-2759 N KILPATRICK AVE,"$2,440.00",2440.00,0.001713
31,,2699-2800 N Kilpatrick Ave,"$2,440.00",2440.00,0.001713
31,Street Speed Hump Menu (2025),4500 W ALTGELD ST,"$2,440.00",2440.00,0.001713
31,,ON W ALTGELD ST FROM N KILBOURN AVE (4500 W) TO N KENTON,"$2,440.00",2440.00,0.001713
31,Street Speed Hump Menu (2025),AVE (4600 W) 5028 W DEMING PL,"$2,440.00",2440.00,0.001713
31,,5000-5100 W Deming Pl,"$2,440.00",2440.00,0.001713
31,Street Speed Hump Menu (2025),3000-3070 N Hamlin Ave,$0.00,0.0,0.000000
31,Street Speed Hump Menu (2025),2430-2500 N Kilbourn Ave,"$1,220.00",1220.00,0.000856
31,,2462 N,"$1,220.00",1220.00,0.000856
31,Street Speed Hump Menu (2025),3000-3100 N Kilbourn Ave,"$2,440.00",2440.00,0.001713
31,,3002 N,"$2,440.00",2440.00,0.001713
31,Street Speed Hump Menu (2025),3100-3200 N Knox Ave,"$2,440.00",2440.00,0.001713
31,,3132 N KNOX AVE,"$2,440.00",2440.00,0.001713
31,Street Speed Hump Menu (2025),2800-3400 N Lamon Ave,"$21,960.00",21960.0,0.015415
31,Street Speed Hump Menu (2025),2400-2500 N Tripp Ave,"$2,440.00",2440.00,0.001713
31,,2400 N TRIPP AVE,"$2,440.00",2440.00,0.001713
31,Street Speed Hump Menu (2025),5000-5200 W Drummond Pl,"$4,880.00",4880.0,0.003426
31,Street Speed Hump Menu (2025),4310-4400 W George St,"$4,880.00",4880.0,0.003426
31,Street Speed Hump Menu (2025),4800-4900 W Medill Ave,"$4,880.00",4880.0,0.003426
31,Street Speed Hump Menu (2025),4800-5000 W Newport Ave,"$12,200.00",12200.0,0.008564
31,Street Speed Hump Menu (2025),4800-4900 W Parker Ave,"$4,880.00",4880.0,0.003426
31,Street Speed Hump Replacement (2025),2300-2400 N Kilbourn Ave,$0.00,0.0,0.000000
31,Street Speed Hump Replacement (2025),5100-5200 W Parker Ave,$0.00,0.0,0.000000
32,Alley Apron Menu (2025),2114 W LYNDALE ST,"$2,845.41",2845.41,0.001948
32,Alley Apron Menu (2025),3542 N SEELEY AVE,"$34,496.73",34496.73,0.023616
32,Alley Resurfacing Menu (2025),1900-1930 W NORTH AVE,"$4,317.77",4317.77,0.002956
32,,W WABANSIA AVE & N WOLCOTT AVE & N WINCHESTER AVE & W NORTH AVE,"$4,317.77",4317.77,0.002956
32,Alley Resurfacing Menu (2025),N LINCOLN AVE & W BARRY AVE & N ASHLAND AVE & N LINCOLN AVE,"$53,869.21",53869.21,0.036879
32,Alley Resurfacing Menu (2025),N WINCHESTER AVE & N ELSTON CT & N LISTER AVE & N DAMEN AVE,"$24,872.57",24872.57,0.017028
32,Alley Resurfacing Menu (2025),1300-1399 W Wellington Ave,"$23,831.42",23831.42,0.016315
32,,2940 N LAKEWOOD AVE,"$23,831.42",23831.42,0.016315
32,Alley Resurfacing Menu (2025),W ADDISON ST & N BELL AVE & N OAKLEY AVE & W CORNELIA AVE,"$54,102.12",54102.12,0.037038
32,Alley Resurfacing Menu (2025),W ALTGELD ST & N GREENVIEW AVE & N BOSWORTH AVE & W WRIGHTWOOD AVE,"$17,627.57",17627.57,0.012068
32,Alley Resurfacing Menu (2025),W ALTGELD ST & N JANSSEN AVE & N GREENVIEW AVE & W FULLERTON AVE,"$46,426.83",46426.83,0.031784
32,Alley Resurfacing Menu (2025),W ALTGELD ST & N RACINE AVE & N SURREY CT & W MONTANA ST,"$53,253.51",53253.51,0.036457
32,Alley Resurfacing Menu (2025),W CHARLESTON ST & N OAKLEY AVE & N WESTERN AVE & W DICKENS AVE,"$81,915.96",81915.96,0.056079
32,Alley Resurfacing Menu (2025),W CORNELIA AVE & N BELL AVE & N OAKLEY AVE & W ROSCOE ST,"$45,899.20",45899.2,0.031422
32,Alley Resurfacing Menu (2025),W CORNELIA AVE & N LEAVITT ST & N BELL AVE & W ROSCOE ST,"$40,261.03",40261.03,0.027562
32,Alley Resurfacing Menu (2025),W DIVERSEY PKWY & N RACINE AVE & N MAGNOLIA AVE & W SCHUBERT AVE,"$32,970.83",32970.83,0.022572
32,Alley Resurfacing Menu (2025),W MCLEAN AVE & N OAKLEY AVE & N WESTERN AVE & W ARMITAGE AVE,"$57,719.80",57719.8,0.039515
32,Alley Resurfacing Menu (2025),W MONTANA ST & N OAKLEY AVE & N WESTERN AVE & W FULLERTON AVE,"$70,232.17",70232.17,0.048081
32,Alley Resurfacing Menu (2025),W WRIGHTWOOD AVE & N WAYNE AVE & N SOUTHPORT AVE & W ALTGELD ST,"$52,003.21",52003.21,0.035601
32,Alley Speed Hump Replacement (2025),N LINCOLN AVE & W BARRY AVE & N ASHLAND AVE & N LINCOLN AVE,$0.00,0.0,0.000000
32,Alley Speed Hump Replacement (2025),N WINCHESTER AVE & N ELSTON CT & N LISTER AVE & N DAMEN AVE,$0.00,0.0,0.000000
32,Alley Speed Hump Replacement (2025),W ADDISON ST & N BELL AVE & N OAKLEY AVE & W CORNELIA AVE,$0.00,0.0,0.000000
32,Alley Speed Hump Replacement (2025),W CHARLESTON ST & N OAKLEY AVE & N WESTERN AVE & W DICKENS AVE,$0.00,0.0,0.000000
32,Alley Speed Hump Replacement (2025),W CORNELIA AVE & N BELL AVE & N OAKLEY AVE & W ROSCOE ST,$0.00,0.0,0.000000
32,Alley Speed Hump Replacement (2025),W CORNELIA AVE & N LEAVITT ST & N BELL AVE & W ROSCOE ST,$0.00,0.0,0.000000
32,Alley Speed Hump Replacement (2025),W WABANSIA AVE & N WOLCOTT AVE & N WINCHESTER AVE & W NORTH AVE,$0.00,0.00,0.000000
32,,1900-1930 W,$0.00,0.00,0.000000
32,Arterial Street Bump Outs Menu (2025),1730-2000 W Armitage Ave,"$69,961.19",69961.19,0.047895
32,Curb & Gutter Menu (2025),2247 N OAKLEY AVE,"$9,639.01",9639.01,0.006599
32,Curb & Gutter Menu (2025),3104 N WOLCOTT AVE,"$6,139.39",6139.39,0.004203
32,Pavement Markings Menu (2025),1901 N DAMEN AVE,"$3,100.00",3100.0,0.002122
32,Pavement Markings Menu (2025),2130-2200 N Western Ave,"$2,250.00",2250.0,0.001540
32,Pavement Markings Menu (2025),2100-2330 W Addison St,"$2,700.00",2700.0,0.001848
32,Pavement Markings Menu (2025),W ADDISON ST & N OAKLEY AVE,"$1,350.00",1350.0,0.000924
32,Sidewalk Menu (2025),3057 N ASHLAND AVE,"$3,233.72",3233.72,0.002214
32,Street Bump Outs Menu (2025),N WOLCOTT AVE & W SCHOOL ST,$256.84,256.84,0.000176
32,Street Bump Outs Menu (2025),W BARRY AVE & N RAVENSWOOD AVE,"$24,000.00",24000.0,0.016430
32,Street Resurfacing Menu (2025),3130-3200 N Lakewood Ave,"$36,970.23",36970.23,0.025310
32,Street Resurfacing Menu (2025),3000-3030 N Lakewood Ave,"$55,982.54",55982.54,0.038325
32,Street Resurfacing Menu (2025),2230-2300 N Oakley Ave,"$30,192.81",30192.81,0.020670
32,Street Resurfacing Menu (2025),2800-3100 N Paulina St,"$219,292.13",219292.13,0.150126
32,Street Resurfacing Menu (2025),2000-2100 W Cortland St,"$56,790.74",56790.74,0.038879
32,Street Resurfacing Menu (2025),1800-1900 W Henderson St,"$53,823.51",53823.51,0.036847
32,Street Resurfacing Menu (2025),2300-2400 W Medill Ave,"$75,591.29",75591.29,0.051749
32,Street Resurfacing Menu (2025),1900-2000 W School St,"$60,251.35",60251.35,0.041248
32,Street Speed Hump Menu (2025),ON N HERMITAGE AVE FROM W WABANSIA AVE (1700 N) TO W BLOOMINGDALE AVE (1800,"$4,880.00",4880.0,0.003341
32,Street Speed Hump Menu (2025),2600-2800 N Marshfield Ave,"$2,440.00",2440.0,0.001670
32,Street Speed Hump Menu (2025),1200-1300 W Altgeld St,"$2,440.00",2440.0,0.001670
32,Street Speed Hump Menu (2025),2100-2200 W Barry Ave,"$4,880.00",4880.0,0.003341
32,Street Speed Hump Menu (2025),2000-2100 W Cornelia Ave,"$4,880.00",4880.0,0.003341
32,Street Speed Hump Menu (2025),1500-1600 W School St,"$2,440.00",2440.0,0.001670
32,Street Speed Hump Menu (2025),1600-1630 W Wrightwood Ave,"$2,440.00",2440.0,0.001670
32,Street Speed Hump Replacement (2025),2300-2400 W Medill Ave,$0.00,0.0,0.000000
33,Alley Resurfacing Menu (2025),3221 N SACRAMENTO AVE,"$9,919.06",9919.06,0.011837
33,,N SACRAMENTO AVE & W BELMONT AVE & W SCHOOL ST & N RICHMOND ST,"$9,919.06",9919.06,0.011837
33,Alley Resurfacing Menu (2025),3921 N TROY ST,"$17,193.80",17193.80,0.020518
33,,N TROY ST & W BYRON ST & W IRVING PARK RD & N ALBANY AVE,"$17,193.80",17193.80,0.020518
33,Alley Resurfacing Menu (2025),N SPAULDING AVE & W LELAND AVE & W LAWRENCE AVE & N SAWYER AVE,"$50,258.50",50258.5,0.059974
33,Alley Resurfacing Menu (2025),N WHIPPLE ST & W SCHOOL ST & W ROSCOE ST & N ALBANY AVE,"$32,352.82",32352.82,0.038607
33,Alley Resurfacing Menu (2025),3756-3800 W Windsor Ave,"$13,881.47",13881.47,0.016565
33,,3720-3756 W WINDSOR AVE,"$13,881.47",13881.47,0.016565
33,Alley Resurfacing Menu (2025),W AGATITE AVE & N LAWNDALE AVE & N HAMLIN AVE & W MONTROSE AVE,"$41,309.32",41309.32,0.049295
33,Alley Resurfacing Menu (2025),W WILSON AVE & N KEDZIE AVE & N TROY ST & W SUNNYSIDE AVE,"$32,443.20",32443.2,0.038715
33,Alley Speed Hump Replacement (2025),3921 N TROY ST,$0.00,0.00,0.000000
33,,N TROY ST & W BYRON ST & W IRVING PARK RD & N ALBANY AVE,$0.00,0.00,0.000000
33,Alley Speed Hump Replacement (2025),W AGATITE AVE & N LAWNDALE AVE & N HAMLIN AVE & W MONTROSE AVE,$0.00,0.0,0.000000
33,Alley Speed Hump Replacement (2025),W WILSON AVE & N KEDZIE AVE & N TROY ST & W SUNNYSIDE AVE,$0.00,0.0,0.000000
33,Curb & Gutter Menu (2025),3434 W LELAND AVE,"$6,492.69",6492.69,0.007748
33,Miscellaneous CDOT Projects (2025),3705 W LAWRENCE AVE,"$2,792.50",2792.50,0.003332
33,,4410 N KIMBALL AVE,"$2,792.50",2792.50,0.003332
33,,W IRVING PARK RD & N SACRAMENTO AVE,"$2,792.50",2792.50,0.003332
33,,N KIMBALL AVE & W MONTROSE AVE,"$2,792.50",2792.50,0.003332
33,,3054 W MONTROSE AVE,"$2,792.50",2792.50,0.003332
33,,3358 W MONTROSE AVE,"$2,792.50",2792.50,0.003332
33,Sidewalk Menu (2025),3311 W LAWRENCE AVE,"$20,270.93",20270.93,0.024190
33,Sidewalk Menu (2025),4702 N KIMBALL AVE,"$13,103.39",13103.39,0.015636
33,Sidewalk Menu (2025),5008 N KEDZIE AVE,"$17,629.41",17629.41,0.021037
33,Speed Indicator Signs (2025),N ELSTON AVE & N ALBANY AVE,"$28,300.70",28300.7,0.033772
33,Street Resurfacing Menu (2025),3999-4099 N Central Park Ave,"$63,867.18",63867.18,0.076214
33,Street Resurfacing Menu (2025),4400-4500 N Christiana Ave,"$49,770.68",49770.68,0.059392
33,Street Resurfacing Menu (2025),4400-4500 N Francisco Ave,"$58,871.40",58871.4,0.070252
33,Street Resurfacing Menu (2025),4600-4630 N Hamilton Ave,"$22,101.67",22101.67,0.026374
33,Street Resurfacing Menu (2025),4630-4700 N Hamlin Ave,"$36,184.89",36184.89,0.043180
33,Street Resurfacing Menu (2025),4100-4200 N Richmond St,"$59,683.54",59683.54,0.071221
33,Street Resurfacing Menu (2025),4400-4500 N Richmond St,"$57,545.16",57545.16,0.068669
33,Street Resurfacing Menu (2025),3900-4000 N Spaulding Ave,"$38,995.74",38995.74,0.046534
33,Street Resurfacing Menu (2025),3700-3630 W Ainslie St,"$25,738.27",25738.27,0.030714
33,Street Resurfacing Menu (2025),2800-3000 W Roscoe St,"$34,849.72",34849.72,0.041587
33,,2861 W ROSCOE ST,"$34,849.72",34849.72,0.041587
33,Street Speed Hump Menu (2025),4000-4100 N Mozart St,"$4,880.00",4880.0,0.005823
33,Street Speed Hump Menu (2025),4500-4600 N Spaulding Ave,"$4,880.00",4880.0,0.005823
33,Street Speed Hump Menu (2025),3200-3300 W Eastwood Ave,"$4,880.00",4880.0,0.005823
33,Street Speed Hump Replacement (2025),4400-4500 N Christiana Ave,$0.00,0.0,0.000000
33,Street Speed Hump Replacement (2025),4400-4500 N Francisco Ave,$0.00,0.0,0.000000
33,Street Speed Hump Replacement (2025),4100-4200 N Richmond St,$0.00,0.0,0.000000
33,Street Speed Hump Replacement (2025),4400-4500 N Richmond St,$0.00,0.0,0.000000
33,Street Speed Hump Replacement (2025),3900-4000 N Spaulding Ave,$0.00,0.0,0.000000
34,Alley Apron Menu (2025),166 W WASHINGTON ST,$564.65,564.65,0.000385
34,Alley Apron Menu (2025),722 S ABERDEEN ST,"$15,752.34",15752.34,0.010741
34,Alley Apron Menu (2025),926 S MAY ST,"$27,935.29",27935.29,0.019048
34,Alley Resurfacing Menu (2025),618 S RACINE AVE,"$4,588.73",4588.73,0.003129
34,,S RACINE AVE & W HARRISON ST & W FLOURNOY ST & W WESTGATE TER,"$4,588.73",4588.73,0.003129
34,Alley Resurfacing Menu (2025),S ABERDEEN ST & W MONROE ST & W ADAMS ST & S RACINE AVE,"$43,859.77",43859.77,0.029906
34,Alley Resurfacing Menu (2025),S MICHIGAN AVE & E ADAMS ST & E JACKSON BLVD & S WABASH AVE,"$1,143.32",1143.32,0.000780
34,,200 S MICHIGAN AVE,"$1,143.32",1143.32,0.000780
34,Alley Resurfacing Menu (2025),W ARTHINGTON ST & S CARPENTER ST & S ABERDEEN ST & W TAYLOR ST,"$28,673.33",28673.33,0.019551
34,Alley Speed Hump Menu (2025),1061-1143 W TILDEN ST,"$1,450.00",1450.0,0.000989
34,Alley Speed Hump Menu (2025),S ABERDEEN ST & W MONROE ST & W ADAMS ST & S RACINE AVE,$0.00,0.0,0.000000
34,Alley Speed Hump Replacement (2025),S ABERDEEN ST & W MONROE ST & W ADAMS ST & S RACINE AVE,$0.00,0.0,0.000000
34,Arterial Street Bump Outs Menu (2025),S JEFFERSON ST & W TILDEN ST,"$79,273.40",79273.4,0.054053
34,Arterial Street Bump Outs Menu (2025),W VAN BUREN ST & S ABERDEEN ST,"$9,601.67",9601.67,0.006547
34,Arterial Street Bump Outs Menu (2025),W VAN BUREN ST & S PEORIA ST,"$19,493.27",19493.27,0.013292
34,Curb & Gutter Menu (2025),1016-1040 W MONROE ST,"$119,993.34",119993.34,0.081818
34,Curb & Gutter Menu (2025),107 S ABERDEEN ST,"$87,938.20",87938.2,0.059961
34,Curb & Gutter Menu (2025),1131-1135 W VERNON PARK PL,"$56,022.21",56022.21,0.038199
34,Pavement Markings Menu (2025),400-800 S Jefferson St,"$5,000.00",5000.0,0.003409
34,Pavement Markings Menu (2025),S FRANKLIN ST & W VAN BUREN ST,"$1,700.00",1700.0,0.001159
34,Sidewalk Menu (2025),1059 W VERNON PARK PL,"$52,794.17",52794.17,0.035998
34,Sidewalk Menu (2025),1456-1458 W FLOURNOY ST,"$6,596.66",6596.66,0.004498
34,Sidewalk Menu (2025),1628 W ADAMS ST,"$8,103.30",8103.3,0.005525
34,Sidewalk Menu (2025),837 S CARPENTER ST,"$12,021.13",12021.13,0.008197
34,Sidewalk Menu (2025),200-300 S Sangamon St,"$59,810.55",59810.55,0.040782
34,Speed Indicator Signs (2025),800 S LOOMIS ST,"$14,000.00",14000.0,0.009546
34,Street Bump Outs Menu (2025),S FINANCIAL PL & W POLK ST,"$17,437.69",17437.69,0.011890
34,,S LA SALLE ST & W POLK ST,"$17,437.69",17437.69,0.011890
34,Street Bump Outs Menu (2025),W MONROE ST & S GREEN ST,"$65,559.56",65559.56,0.044702
34,Street Bump Outs Menu (2025),W MONROE ST & S LAFLIN ST,"$1,975.12",1975.12,0.001347
34,Street Light Pole Painting Menu (2025),100-200 S Green St,"$1,688.00",1688.0,0.001151
34,Street Light Residential Staggered Piggy Back Menu (2025),1050-1200 W Polk St,"$370,000.00",370000.0,0.252287
34,Street Resurfacing Menu (2025),100-150 N Garland Ct,"$35,240.73",35240.73,0.024029
34,Street Resurfacing Menu (2025),0-100 N Green St,"$30,225.89",30225.89,0.020610
34,Street Resurfacing Menu (2025),1-100 N Holden Ct,"$12,399.50",12399.5,0.008455
34,Street Resurfacing Menu (2025),0-100 N Peoria St,"$47,515.33",47515.33,0.032399
34,Street Resurfacing Menu (2025),700-730 S Ada St,"$27,446.95",27446.95,0.018715
34,Street Resurfacing Menu (2025),1010-1200 W Polk St,"$157,768.45",157768.45,0.107575
34,Street Resurfacing Menu (2025),160-200 W Polk St,"$5,202.63",5202.63,0.003547
34,Street Speed Hump Menu (2025),300-400 S Green St,"$2,440.00",2440.0,0.001664
34,Street Speed Hump Menu (2025),800-600 S Loomis St,"$7,320.00",7320.0,0.004991
34,Street Speed Hump Menu (2025),1054-1000 W Tilden St,"$4,880.00",4880.0,0.003327
34,Street Speed Hump Replacement (2025),1010-1200 W Polk St,$0.00,0.0,0.000000
35,"(2025) In-Road ""State Law Stop For Pedestrians"" Sign Menu",N MILWAUKEE AVE & N HAMLIN AVE,$350.00,350.0,0.000250
35,"(2025) In-Road ""State Law Stop For Pedestrians"" Sign Menu",N MILWAUKEE AVE & N MONTICELLO AVE,$350.00,350.0,0.000250
35,"(2025) In-Road ""State Law Stop For Pedestrians"" Sign Menu",N MILWAUKEE AVE & N WISNER AVE,$350.00,350.0,0.000250
35,(2025) Logan Square Skate Park,W LOGAN BLVD & N KENNEDY WESTERN AV ER,"$50,000.00",50000.0,0.035775
35,Alley Apron Menu (2025),2301 N KARLOV AVE,"$89,000.00",89000.0,0.063679
35,Alley Apron Menu (2025),2500 N SAWYER AVE,"$15,831.58",15831.58,0.011327
35,Alley Apron Menu (2025),2837 N WOODARD ST,"$27,152.89",27152.89,0.019428
35,Alley Apron Menu (2025),3950 W BELDEN AVE,"$21,589.08",21589.08,0.015447
35,Alley Resurfacing Menu (2025),N CENTRAL PARK AVE & W DIVERSEY AVE & W SCHUBERT AVE & N DRAKE AVE,"$57,498.85",57498.85,0.041140
35,Alley Resurfacing Menu (2025),N CENTRAL PARK AVE & W SHAKESPEARE AVE & W DICKENS AVE & N LAWNDALE AVE,"$58,411.58",58411.58,0.041793
35,Alley Resurfacing Menu (2025),N KIMBALL AVE & N ALLEN AVE,"$42,445.50",42445.50,0.030369
35,,N MILWAUKEE AVE & N GRESHAM AVE,"$42,445.50",42445.50,0.030369
35,Alley Resurfacing Menu (2025),W ALTGELD ST & N DRAKE AVE & N ST LOUIS AVE & W WRIGHTWOOD AVE,"$55,397.62",55397.62,0.039637
35,Alley Resurfacing Menu (2025),W GEORGE ST & N SACRAMENTO AVE & N WHIPPLE ST & W DIVERSEY AVE,"$28,224.13",28224.13,0.020194
35,Alley Speed Hump Menu (2025),W ALTGELD ST & N DRAKE AVE & N ST LOUIS AVE & W WRIGHTWOOD AVE,$0.00,0.0,0.000000
35,Alley Speed Hump Menu (2025),W DIVERSEY AVE & N SPAULDING AVE,"$1,087.50",1087.50,0.000778
35,,N MILWAUKEE AVE & N SAWYER AVE,"$1,087.50",1087.50,0.000778
35,Alley Speed Hump Menu (2025),W GEORGE ST & N SACRAMENTO AVE & N WHIPPLE ST & W DIVERSEY AVE,$0.00,0.0,0.000000
35,Alley Speed Hump Replacement (2025),N CENTRAL PARK AVE & W DIVERSEY AVE & W SCHUBERT AVE & N DRAKE AVE,$0.00,0.0,0.000000
35,Alley Speed Hump Replacement (2025),N CENTRAL PARK AVE & W SHAKESPEARE AVE & W DICKENS AVE & N LAWNDALE AVE,$0.00,0.0,0.000000
35,Alley Speed Hump Replacement (2025),N KIMBALL AVE & N ALLEN AVE,$0.00,0.00,0.000000
35,,N MILWAUKEE AVE & N GRESHAM AVE,$0.00,0.00,0.000000
35,Arterial Street Bump Outs Menu (2025),N KIMBALL AVE & W BELDEN AVE,"$80,000.00",80000.0,0.057239
35,Arterial Street Bump Outs Menu (2025),N KIMBALL AVE & W DICKENS AVE,"$80,000.00",80000.0,0.057239
35,Arterial Street Bump Outs Menu (2025),3100-3200 N Central Park Ave,"$59,327.06",59327.06,0.042448
35,Curb & Gutter Menu (2025),3110 N KEDZIE AVE,"$9,157.56",9157.56,0.006552
35,"In-Road ""State Law Stop For Pedestrians"" Sign Menu",N CENTRAL PARK AVE & W SHAKESPEARE AVE,$700.00,700.0,0.000501
35,"In-Road ""State Law Stop For Pedestrians"" Sign Menu",N MILWAUKEE AVE & N LAWNDALE AVE,$350.00,350.0,0.000250
35,Miscellaneous CDOT Projects (2025),2559 N KIMBALL AVE,$660.00,660.0,0.000472
35,Miscellaneous CDOT Projects (2025),2934 N MILWAUKEE AVE,$101.00,101.0,0.000072
35,Miscellaneous CDOT Projects (2025),3251 W FULLERTON AVE,"$4,000.00",4000.0,0.002862
35,Pavement Markings Menu (2025),N ELSTON AVE & N CENTRAL PARK AVE,"$5,000.00",5000.0,0.003577
35,Pavement Markings Menu (2025),N ELSTON AVE & N DRAKE AVE,"$8,000.00",8000.0,0.005724
35,Pavement Markings Menu (2025),N WESTERN AVE & W LOGAN BLVD,"$1,500.00",1500.0,0.001073
35,Pavement Markings Menu (2025),W ADDISON ST & N ST LOUIS AVE,"$2,100.00",2100.0,0.001503
35,Pavement Markings Menu (2025),W BELMONT AVE & N WASHTENAW AVE,"$1,900.00",1900.0,0.001359
35,Sidewalk Menu (2025),2249 N KEELER AVE,"$12,395.53",12395.53,0.008869
35,Sidewalk Menu (2025),2322 N KARLOV AVE,"$5,804.89",5804.89,0.004153
35,Sidewalk Menu (2025),2628 N SPRINGFIELD AVE,"$1,058.60",1058.6,0.000757
35,Sidewalk Menu (2025),2822-2828 N KEDZIE AVE,"$20,750.11",20750.11,0.014847
35,,2848-2850 N KEDZIE AVE,"$20,750.11",20750.11,0.014847
35,,2844 N KEDZIE AVE,"$20,750.11",20750.11,0.014847
35,Sidewalk Menu (2025),3055 N GRESHAM AVE,"$13,792.74",13792.74,0.009869
35,Sidewalk Menu (2025),3123-3129 N KIMBALL AVE,"$14,619.49",14619.49,0.010460
35,,3137 N KIMBALL AVE,"$14,619.49",14619.49,0.010460
35,,3122-3128 N KIMBALL AVE,"$14,619.49",14619.49,0.010460
35,,3112-3116 N KIMBALL AVE,"$14,619.49",14619.49,0.010460
35,Sidewalk Menu (2025),3341 W WAVELAND AVE,"$35,045.28",35045.28,0.025075
35,Sidewalk Menu (2025),3435 N KIMBALL AVE,"$15,239.25",15239.25,0.010904
35,Sidewalk Menu (2025),3537 W BELDEN AVE,"$28,942.45",28942.45,0.020708
35,Sidewalk Menu (2025),3601-3609 W ALTGELD ST,"$23,634.98",23634.98,0.016911
35,Sidewalk Menu (2025),3702 W WRIGHTWOOD AVE,$350.71,350.71,0.000251
35,Sidewalk Menu (2025),4306 W ARMITAGE AVE,"$24,498.14",24498.14,0.017528
35,Sidewalk Menu (2025),2200-2300 N Keeler Ave,"$1,017.90",1017.90,0.000728
35,,2256 N KEELER AVE,"$1,017.90",1017.90,0.000728
35,Street Bump Outs Menu (2025),N KILDARE AVE & W DICKENS AVE,"$21,732.02",21732.02,0.015549
35,Street Light Upgrade Menu (2025),2437 N HAMLIN AVE,$500.00,500.0,0.000358
35,Street Resurfacing Menu (2025),3200-3300 N Drake Ave,"$49,315.76",49315.76,0.035285
35,Street Resurfacing Menu (2025),4230-4300 W Dickens Ave,"$42,081.95",42081.95,0.030109
35,Street Resurfacing Menu (2025),3200-3230 W George St,"$29,295.78",29295.78,0.020961
35,Street Resurfacing Menu (2025),2999-3200 W George St,"$108,927.95",108927.95,0.077937
35,Street Resurfacing Menu (2025),2800-2900 W Grace St,"$58,640.31",58640.31,0.041957
35,Street Resurfacing Menu (2025),3830-3900 W Schubert Ave,"$32,722.61",32722.61,0.023413
35,Street Speed Hump Menu (2025),2900-3000 N Fairfield Ave,"$4,880.00",4880.0,0.003492
35,Street Speed Hump Replacement (2025),3200-3230 W George St,$0.00,0.0,0.000000
35,Street Speed Hump Replacement (2025),3830-3900 W Schubert Ave,$0.00,0.0,0.000000
35,Street Traffic Circle Menu (2025),W BARRY AVE & N SAWYER AVE,"$22,000.00",22000.0,0.015741
36,ADA - Alley Resurfacing Menu (2025),N LARAMIE AVE & W PALMER ST & W BELDEN AVE & N LEAMINGTON AVE,"$28,760.31",28760.31,0.019306
36,Alley Apron Menu (2025),6517 W GEORGE ST,"$8,880.14",8880.14,0.005961
36,,6520 W GEORGE ST,"$8,880.14",8880.14,0.005961
36,Alley Apron Menu (2025),6520 W GEORGE ST,"$26,096.72",26096.72,0.017518
36,,6517 W GEORGE ST,"$26,096.72",26096.72,0.017518
36,Alley Resurfacing Menu (2025),N DAMEN AVE & W RICE ST & W IOWA ST & N HOYNE AVE,"$10,094.16",10094.16,0.006776
36,,846 N DAMEN AVE,"$10,094.16",10094.16,0.006776
36,,2009 W IOWA ST,"$10,094.16",10094.16,0.006776
36,Alley Resurfacing Menu (2025),N LOREL AVE & W PALMER ST & W BELDEN AVE & N LOCKWOOD AVE,"$24,879.72",24879.72,0.016701
36,,2255 N LOREL AVE,"$24,879.72",24879.72,0.016701
36,Alley Resurfacing Menu (2025),N MERRIMAC AVE & W PALMER ST & W DICKENS AVE & N MELVINA AVE,"$45,485.54",45485.54,0.030532
36,Alley Resurfacing Menu (2025),N MONTICELLO AVE & W THOMAS ST & W DIVISION ST & N LAWNDALE AVE,"$31,391.42",31391.42,0.021072
36,,1142 N,"$31,391.42",31391.42,0.021072
36,Alley Resurfacing Menu (2025),MONTICELLO AVE N WASHTENAW AVE & W IOWA ST & W CHICAGO AVE & N FAIRFIELD AVE,"$28,139.72",28139.72,0.018889
36,,827 N FAIRFIELD AVE,"$28,139.72",28139.72,0.018889
36,Alley Resurfacing Menu (2025),N WESTERN AVE & W IOWA ST & W WALTON ST & N CAMPBELL AVE,"$28,386.92",28386.92,0.019055
36,,900 N WESTERN AVE,"$28,386.92",28386.92,0.019055
36,Alley Resurfacing Menu (2025),W CORTEZ ST & N CAMPBELL AVE & N WESTERN AVE & W AUGUSTA BLVD,"$15,920.90",15920.90,0.010687
36,,2441 W CORTEZ ST,"$15,920.90",15920.90,0.010687
36,Alley Resurfacing Menu (2025),W DICKENS AVE & N MARMORA AVE & N MONITOR AVE & W GRAND AVE,"$47,981.50",47981.5,0.032208
36,Alley Resurfacing Menu (2025),W THOMAS ST & N ROCKWELL ST & N WASHTENAW AVE & W HADDON AVE,"$25,504.87",25504.87,0.017120
36,,2638 W THOMAS,"$25,504.87",25504.87,0.017120
36,Alley Resurfacing Menu (2025),ST W WALTON ST & N CAMPBELL AVE & N ROCKWELL ST & W AUGUSTA BLVD,"$14,007.32",14007.32,0.009403
36,,2500 W WALTON ST,"$14,007.32",14007.32,0.009403
36,Alley Speed Hump Menu (2025),2839 N NEENAH AVE,"$1,450.00",1450.0,0.000973
36,Alley Speed Hump Menu (2025),6135 W GRAND AVE,$725.00,725.00,0.000487
36,,W GRAND AVE & N MOODY AVE & N MELVINA AVE & W PALMER ST,$725.00,725.00,0.000487
36,,6155,$725.00,725.00,0.000487
36,Alley Speed Hump Replacement (2025),W GRAND AVE 1142 N MONTICELLO AVE,$0.00,0.00,0.000000
36,,N MONTICELLO AVE & W THOMAS ST & W DIVISION ST & N LAWNDALE AVE,$0.00,0.00,0.000000
36,Alley Speed Hump Replacement (2025),N LOREL AVE & W PALMER ST & W BELDEN AVE & N LOCKWOOD AVE,$0.00,0.00,0.000000
36,,2255 N LOREL AVE,$0.00,0.00,0.000000
36,Alley Speed Hump Replacement (2025),N WASHTENAW AVE & W IOWA ST & W CHICAGO AVE & N FAIRFIELD AVE,$0.00,0.00,0.000000
36,,827 N FAIRFIELD AVE,$0.00,0.00,0.000000
36,Alley Speed Hump Replacement (2025),N WESTERN AVE & W IOWA ST & W WALTON ST & N CAMPBELL AVE,$0.00,0.00,0.000000
36,,900 N WESTERN AVE,$0.00,0.00,0.000000
36,Alley Speed Hump Replacement (2025),W CORTEZ ST & N CAMPBELL AVE & N WESTERN AVE & W AUGUSTA BLVD,$0.00,0.00,0.000000
36,,2441 W CORTEZ ST,$0.00,0.00,0.000000
36,Alley Speed Hump Replacement (2025),W DICKENS AVE & N MARMORA AVE & N MONITOR AVE & W GRAND AVE,$0.00,0.0,0.000000
36,Alley Speed Hump Replacement (2025),W THOMAS ST & N ROCKWELL ST & N WASHTENAW AVE & W HADDON AVE,$0.00,0.00,0.000000
36,,2638 W THOMAS,$0.00,0.00,0.000000
36,Alley Speed Hump Replacement (2025),ST W WALTON ST & N CAMPBELL AVE & N ROCKWELL ST & W AUGUSTA BLVD,$0.00,0.00,0.000000
36,,2500 W WALTON ST,$0.00,0.00,0.000000
36,and playground Concrete Alley Menu (2025),N MONITOR AVE & W BELDEN AVE & W FULLERTON AVE & N MARMORA AVE,"$320,000.00",320000.0,0.214802
36,Bollard Menu (2025),2342 N AUSTIN AVE,"$2,856.41",2856.41,0.001917
36,Commercial Park Improvements - improvements to ball field,1845 W RICE ST,"$50,000.00",50000.0,0.033563
36,Curb & Gutter Menu (2025),2846 N NATOMA AVE,"$17,946.30",17946.3,0.012047
36,Sidewalk Menu (2025),1047 N CALIFORNIA AVE,"$11,080.17",11080.17,0.007438
36,,1053 N CALIFORNIA AVE,"$11,080.17",11080.17,0.007438
36,,1045 N CALIFORNIA AVE,"$11,080.17",11080.17,0.007438
36,,1043 N CALIFORNIA AVE,"$11,080.17",11080.17,0.007438
36,Sidewalk Menu (2025),1824 W GRAND AVE,"$2,442.25",2442.25,0.001639
36,Sidewalk Menu (2025),2125 W WALTON ST,"$2,352.15",2352.15,0.001579
36,Sidewalk Menu (2025),2155 N NATCHEZ AVE,"$4,907.20",4907.2,0.003294
36,Sidewalk Menu (2025),2316 W HURON ST,"$6,713.88",6713.88,0.004507
36,Sidewalk Menu (2025),2317 N AUSTIN AVE,"$4,923.04",4923.04,0.003305
36,Sidewalk Menu (2025),2321 N MONITOR AVE,"$5,339.10",5339.1,0.003584
36,Sidewalk Menu (2025),2324 N NORMANDY AVE,"$2,798.83",2798.83,0.001879
36,Sidewalk Menu (2025),2325 N MOBILE AVE,"$4,936.80",4936.8,0.003314
36,Sidewalk Menu (2025),2331 N MEADE AVE,"$6,314.72",6314.72,0.004239
36,Sidewalk Menu (2025),2344 W SUPERIOR ST,"$4,813.88",4813.88,0.003231
36,Sidewalk Menu (2025),2358 N RUTHERFORD AVE,"$4,277.69",4277.69,0.002871
36,Sidewalk Menu (2025),2536 N RUTHERFORD AVE,"$9,609.33",9609.33,0.006450
36,Sidewalk Menu (2025),2613 W SUPERIOR ST,"$3,516.47",3516.47,0.002360
36,Sidewalk Menu (2025),2845 N OAK PARK AVE,"$8,350.25",8350.25,0.005605
36,Sidewalk Menu (2025),2846 N NORMANDY AVE,"$5,928.79",5928.79,0.003980
36,Sidewalk Menu (2025),3029 N NATOMA AVE,"$4,677.32",4677.32,0.003140
36,Sidewalk Menu (2025),3120-3124 N NEW ENGLAND AVE,$483.43,483.43,0.000325
36,Sidewalk Menu (2025),3142 N RUTHERFORD AVE,"$9,377.80",9377.8,0.006295
36,Sidewalk Menu (2025),3144 N NEENAH AVE,"$4,699.41",4699.41,0.003155
36,,3140 N NEENAH AVE,"$4,699.41",4699.41,0.003155
36,Sidewalk Menu (2025),4700 W GRAND AVE,"$11,776.68",11776.68,0.007905
36,Sidewalk Menu (2025),808 N WOOD ST,"$11,129.69",11129.69,0.007471
36,Sidewalk Menu (2025),931 N WINCHESTER AVE,"$4,412.43",4412.43,0.002962
36,Street Resurfacing Menu (2025),870 N MOZART ST,"$43,307.18",43307.18,0.029070
36,,800-900 N Mozart St,"$43,307.18",43307.18,0.029070
36,Street Resurfacing Menu (2025),6432-6400 W George St,"$26,720.92",26720.92,0.017937
36,Street Resurfacing Menu (2025),2000-2100 W Ohio St,"$71,695.49",71695.49,0.048126
36,Street Resurfacing Menu (2025),2100-2200 W Ohio St,"$37,236.84",37236.84,0.024995
36,,2124 W OHIO ST,"$37,236.84",37236.84,0.024995
36,Street Resurfacing Menu (2025),2300-2400 W Ohio St,"$59,816.96",59816.96,0.040153
36,Street Resurfacing Menu (2025),4000-3940 W Potomac Ave,"$12,373.59",12373.59,0.008306
36,,3940 W,"$12,373.59",12373.59,0.008306
36,Street Speed Hump Menu (2025),2100-2200 N Lockwood Ave,"$2,440.00",2440.00,0.001638
36,,2141 N LOCKWOOD AVE,"$2,440.00",2440.00,0.001638
36,Street Speed Hump Menu (2025),930-1000 N Oakley Ave,"$2,440.00",2440.0,0.001638
36,Street Speed Hump Menu (2025),831-1000 N Sacramento Ave,"$4,880.00",4880.0,0.003276
36,Street Speed Hump Menu (2025),2400-2340 N Sayre Ave,"$1,220.00",1220.00,0.000819
36,,2359 N SAYRE AVE,"$1,220.00",1220.00,0.000819
36,Street Speed Hump Menu (2025),2300-2400 W Ohio St,"$4,880.00",4880.0,0.003276
36,Street Speed Hump Menu (2025),4000-3940 W Potomac Ave,$0.00,0.00,0.000000
36,,3940 W,$0.00,0.00,0.000000
36,Street Speed Hump Replacement (2025),POTOMAC AVE 870 N MOZART ST,$0.00,0.00,0.000000
36,,800-900 N Mozart St,$0.00,0.00,0.000000
36,Street Speed Hump Replacement (2025),2100-2200 W Ohio St,$0.00,0.00,0.000000
36,,2124 W OHIO ST,$0.00,0.00,0.000000
37,Alley Resurfacing Menu (2025),1754 N LECLAIRE AVE,"$29,530.24",29530.24,0.021214
37,,N LECLAIRE AVE & W BLOOMINGDALE AVE & W ST PAUL AVE & N LARAMIE AVE,"$29,530.24",29530.24,0.021214
37,Alley Resurfacing Menu (2025),N KEDVALE AVE & W DIVISION ST & W THOMAS ST & N KEELER AVE,"$17,592.08",17592.08,0.012638
37,,1118 N KEDVALE AVE,"$17,592.08",17592.08,0.012638
37,Alley Resurfacing Menu (2025),N LONG AVE & W NORTH AVE & W WABANSIA AVE & N LOTUS AVE,"$20,655.44",20655.44,0.014839
37,,1644 N LONG AVE,"$20,655.44",20655.44,0.014839
37,Alley Resurfacing Menu (2025),N SPRINGFIELD AVE & W DIVISION ST & W POTOMAC AVE & N HARDING AVE,"$27,144.92",27144.92,0.019501
37,,1216 N SPRINGFIELD AVE,"$27,144.92",27144.92,0.019501
37,Alley Resurfacing Menu (2025),N SPRINGFIELD AVE & W FERDINAND ST & W FERDINAND ST & N HARDING AVE,"$44,292.38",44292.38,0.031820
37,Alley Resurfacing Menu (2025),W CHICAGO AVE & N LAWLER AVE & N LECLAIRE AVE & W IOWA ST,"$40,660.41",40660.41,0.029210
37,Alley Resurfacing Menu (2025),W CRYSTAL ST & N KILDARE AVE & N KEELER AVE & W POTOMAC AVE,"$20,014.06",20014.06,0.014378
37,,4201 W POTOMAC AVE,"$20,014.06",20014.06,0.014378
37,Alley Resurfacing Menu (2025),W ERIE ST & N LAVERGNE AVE & N LECLAIRE AVE & W OHIO ST,"$38,454.51",38454.51,0.027626
37,Alley Resurfacing Menu (2025),W WALTON ST & N CICERO AVE & N LAMON AVE & W IOWA ST,"$57,111.43",57111.43,0.041029
37,Alley Speed Hump Menu (2025),N LECLAIRE AVE & W ST PAUL AVE,"$1,812.50",1812.50,0.001302
37,,N LAMON AVE & W WABANSIA AVE,"$1,812.50",1812.50,0.001302
37,Alley Speed Hump Replacement (2025),1118 N KEDVALE AVE,$0.00,0.00,0.000000
37,,N KEDVALE AVE & W DIVISION ST & W THOMAS ST & N KEELER AVE,$0.00,0.00,0.000000
37,Alley Speed Hump Replacement (2025),1754 N LECLAIRE AVE,$0.00,0.00,0.000000
37,,N LECLAIRE AVE & W BLOOMINGDALE AVE & W ST PAUL AVE & N LARAMIE AVE,$0.00,0.00,0.000000
37,Alley Speed Hump Replacement (2025),N SPRINGFIELD AVE & W FERDINAND ST & W FERDINAND ST & N HARDING AVE,$0.00,0.0,0.000000
37,Alley Speed Hump Replacement (2025),W CHICAGO AVE & N LAWLER AVE & N LECLAIRE AVE & W IOWA ST,$0.00,0.0,0.000000
37,Alley Speed Hump Replacement (2025),W CRYSTAL ST & N KILDARE AVE & N KEELER AVE & W POTOMAC AVE,$0.00,0.00,0.000000
37,,4201 W POTOMAC AVE,$0.00,0.00,0.000000
37,Alley Speed Hump Replacement (2025),W WALTON ST & N CICERO AVE & N LAMON AVE & W IOWA ST,$0.00,0.0,0.000000
37,Curb & Gutter Menu (2025),1805 N LUNA AVE,"$9,964.27",9964.27,0.007158
37,Curb & Gutter Menu (2025),N KOLIN AVE & W IOWA ST,"$14,221.97",14221.97,0.010217
37,Miscellaneous CDOT Projects (2025),1020-1024 N CICERO AVE,$150.00,150.0,0.000108
37,Sidewalk Menu (2025),1101 N KEELER AVE,"$9,033.96",9033.96,0.006490
37,,W THOMAS ST & N KEELER AVE,"$9,033.96",9033.96,0.006490
37,Sidewalk Menu (2025),1421 N LINDER AVE,"$3,514.76",3514.76,0.002525
37,Sidewalk Menu (2025),1748 N LUNA AVE,"$7,441.36",7441.36,0.005346
37,Sidewalk Menu (2025),1827 N LECLAIRE AVE,"$5,867.75",5867.75,0.004215
37,Sidewalk Menu (2025),4059 W POTOMAC AVE,"$33,417.74",33417.74,0.024007
37,Sidewalk Menu (2025),5444 W LE MOYNE ST,"$26,134.36",26134.36,0.018775
37,Sidewalk Menu (2025),838-841 N KEYSTONE AVE,"$30,385.74",30385.74,0.021829
37,Sidewalk Menu (2025),1700-1600 N Lockwood Ave,"$146,459.58",146459.58,0.105216
37,Sidewalk Menu (2025),4100-4200 W Kamerling Ave,"$222,978.96",222978.96,0.160188
37,Street Light Upgrade Menu (2025),5100 W BLOOMINGDALE AVE,"$5,000.00",5000.0,0.003592
37,Street Resurfacing Menu (2025),1100-1300 N Keeler Ave,"$156,413.57",156413.57,0.112367
37,Street Resurfacing Menu (2025),1700-1800 N Lockwood Ave,"$59,572.77",59572.77,0.042797
37,Street Resurfacing Menu (2025),1800-1850 N Luna Ave,"$43,393.13",43393.13,0.031174
37,Street Resurfacing Menu (2025),4000-4100 W Crystal St,"$61,341.72",61341.72,0.044068
37,Street Resurfacing Menu (2025),4000-4100 W Potomac Ave,"$61,204.77",61204.77,0.043969
37,Street Speed Hump Menu (2025),800-900 N Kedvale Ave,"$4,880.00",4880.0,0.003506
37,Street Speed Hump Menu (2025),900-1000 N Keystone Ave,"$4,880.00",4880.0,0.003506
37,Street Speed Hump Menu (2025),1400-1500 N Leamington Ave,"$2,440.00",2440.0,0.001753
37,Street Speed Hump Menu (2025),1700-1730 N Leclaire Ave,"$2,440.00",2440.0,0.001753
37,Street Speed Hump Menu (2025),1700-1800 N Lockwood Ave,$0.00,0.0,0.000000
37,Street Speed Hump Menu (2025),3900-3999 W Ferdinand St,"$4,880.00",4880.0,0.003506
37,Street Speed Hump Menu (2025),4100-4200 W Iowa St,"$4,880.00",4880.0,0.003506
37,Street Speed Hump Menu (2025),5300-5400 W Wabansia Ave,"$4,880.00",4880.0,0.003506
37,Viaduct Improvement Menu (2025),1800 N LARAMIE AVE,"$43,158.31",43158.31,0.031005
38,"block at $500,000; total of $1,000,000 Smyser Elementary Gym Renovations",4310 N MELVINA AVE,"$75,000.00",75000.0,0.051091
38,Miscellaneous CDOT Projects (2025),3940 N OKETO AVE,$660.00,660.0,0.000450
38,Miscellaneous CDOT Projects (2025),420 N AUSTIN BLVD,$660.00,660.0,0.000450
38,N Harlem Ave from W Grace St to W Irving Park Road. Each,3800-4000 N Harlem Ave,"$260,000.00",260000.0,0.177114
38,Street Resurfacing Menu (2025),4400-4500 N Chester Ave,"$56,288.79",56288.79,0.038344
38,Street Resurfacing Menu (2025),4038-4000 N Mcvicker Ave,"$33,000.08",33000.08,0.022480
38,Street Resurfacing Menu (2025),4000-3930 N Melvina Ave,"$41,621.98",41621.98,0.028353
38,Street Resurfacing Menu (2025),3500-3600 N Natoma Ave,"$54,835.59",54835.59,0.037354
38,Street Resurfacing Menu (2025),3200-3300 N Normandy Ave,"$58,050.05",58050.05,0.039544
38,Street Resurfacing Menu (2025),3800-3900 N Octavia Ave,"$56,131.32",56131.32,0.038237
38,Street Resurfacing Menu (2025),3600-3500 N Oketo Ave,"$65,536.73",65536.73,0.044644
38,Street Resurfacing Menu (2025),3500-3600 N Ozark Ave,"$47,424.01",47424.01,0.032306
38,Street Resurfacing Menu (2025),3600-3499 N Paris Ave,"$62,865.01",62865.01,0.042824
38,Street Resurfacing Menu (2025),3300-3400 N Paris Ave,"$58,677.70",58677.7,0.039972
38,Street Resurfacing Menu (2025),3300-3447 N Pioneer Ave,"$95,500.84",95500.84,0.065056
38,Street Resurfacing Menu (2025),4041-4100 N Pittsburgh Ave,"$58,718.86",58718.86,0.040000
38,Street Resurfacing Menu (2025),4200-4100 N Pittsburgh Ave,"$64,271.79",64271.79,0.043783
38,Street Resurfacing Menu (2025),3900-4000 N Pittsburgh Ave,"$59,329.94",59329.94,0.040416
38,Street Resurfacing Menu (2025),3300-3400 N Pittsburgh Ave,"$72,635.40",72635.4,0.049480
38,Street Resurfacing Menu (2025),3600-3700 N Pontiac Ave,"$56,948.39",56948.39,0.038794
38,Street Resurfacing Menu (2025),4000-4100 N Pontiac Ave,"$64,940.88",64940.88,0.044238
38,Street Resurfacing Menu (2025),3300-3400 N Pontiac Ave,"$27,353.18",27353.18,0.018633
38,Street Resurfacing Menu (2025),6530-6630 W Roscoe St,"$45,498.99",45498.99,0.030994
38,Street Resurfacing Menu (2025),5300-5400 W Warner Ave,"$52,029.04",52029.04,0.035443
38,Street Speed Hump Replacement (2025),3200-3300 N Normandy Ave,$0.00,0.0,0.000000
38,Street Speed Hump Replacement (2025),3600-3500 N Oketo Ave,$0.00,0.0,0.000000
38,Street Speed Hump Replacement (2025),3600-3499 N Paris Ave,$0.00,0.0,0.000000
38,Street Speed Hump Replacement (2025),3300-3447 N Pioneer Ave,$0.00,0.0,0.000000
38,Street Speed Hump Replacement (2025),3900-4000 N Pittsburgh Ave,$0.00,0.0,0.000000
39,Alley Resurfacing Menu (2025),N TRIPP AVE & W GRANVILLE AVE & W ROSEMONT AVE & N KILDARE AVE,"$4,047.97",4047.97,0.003124
39,Install Gates in the Openings in the Fence Around North,4533 W CARMEN AVE,"$20,000.00",20000.0,0.015434
39,Mayfair Park Mayfair Park Field House Restroom Improvements,4550 W SUNNYSIDE AVE,"$200,000.00",200000.0,0.154338
39,Miscellaneous CDOT Projects (2025),4900 N KEELER AVE,$660.00,660.0,0.000509
39,Miscellaneous CDOT Projects (2025),N PULASKI RD & W BERTEAU AVE,"$4,000.00",4000.0,0.003087
39,Miscellaneous CDOT Projects (2025),W BRYN MAWR AVE & N MOZART ST,"$35,000.00",35000.0,0.027009
39,Palmer Elementary Outdoor Education Space,5051 N KENNETH AVE,"$30,000.00",30000.0,0.023151
39,Pavement Markings Menu (2025),3730 W BRYN MAWR AVE,"$1,600.00",1600.0,0.001235
39,Pavement Markings Menu (2025),6040 N KILPATRICK AVE,"$5,400.00",5400.0,0.004167
39,Pavement Markings Menu (2025),W FOSTER AVE & N KOSTNER AVE,"$3,000.00",3000.0,0.002315
39,Sidewalk Menu (2025),5407 N VIRGINIA AVE,"$80,151.98",80151.98,0.061853
39,Street Light Upgrade Menu (2025),5638 N BERNARD ST,$500.00,500.0,0.000386
39,Street Light Upgrade Menu (2025),5942 N KIMBALL AVE,$500.00,500.0,0.000386
39,Street Light Upgrade Menu (2025),6030 N MARMORA AVE,$500.00,500.0,0.000386
39,Street Light Upgrade Menu (2025),6131 N HARDING AVE,$500.00,500.0,0.000386
39,Street Resurfacing Menu (2025),5400-5500 N Bernard St,"$56,424.91",56424.91,0.043543
39,Street Resurfacing Menu (2025),6100-6200 N Karlov Ave,"$59,834.66",59834.66,0.046174
39,Street Resurfacing Menu (2025),6200-6300 N Kedvale Ave,"$54,626.09",54626.09,0.042155
39,Street Resurfacing Menu (2025),4800-4900 N Keeler Ave,"$43,422.70",43422.7,0.033509
39,Street Resurfacing Menu (2025),5730-5800 N Kercheval Ave,"$120,271.51",120271.51,0.092813
39,Street Resurfacing Menu (2025),6145-6252 N Kostner Ave,"$48,149.51",48149.51,0.037157
39,Street Resurfacing Menu (2025),4500-4600 N Kostner Ave,"$46,891.39",46891.39,0.036186
39,Street Resurfacing Menu (2025),6130-6230 N Lemont Ave,"$57,276.34",57276.34,0.044200
39,Street Resurfacing Menu (2025),6300-6400 N Lenox Ave,"$29,050.74",29050.74,0.022418
39,Street Resurfacing Menu (2025),5585-5500 N Lynch Ave,"$92,629.22",92629.22,0.071481
39,Street Resurfacing Menu (2025),5900-5800 N Major Ave,"$41,202.57",41202.57,0.031796
39,Street Resurfacing Menu (2025),5200-5300 N Sawyer Ave,"$49,165.36",49165.36,0.037941
39,Street Resurfacing Menu (2025),4357-4000 W Bryn Mawr Ave,"$211,048.00",211048.0,0.162864
39,Street Speed Hump Replacement (2025),4414 W ARGYLE ST,$0.00,0.0,0.000000
39,Street Speed Hump Replacement (2025),4500-4600 N Kostner Ave,$0.00,0.0,0.000000
40,"(2025) In-Road ""State Law Stop For Pedestrians"" Sign Menu",W DEVON AVE & N RAVENSWOOD AVE,$350.00,350.0,0.000233
40,(2025) LED Traffic Signal Upgrades & Pedestrian Countdown,W BERWYN AVE & N WESTERN AVE,"$207,867.42",207867.42,0.138578
40,"2024 Menu - Ward 40 - CPL garden installation, sidewalk",5630 N LINCOLN AVE,"$51,162.00",51162.0,0.034108
40,Alley Resurfacing Menu (2025),N ARTESIAN AVE & W ARDMORE AVE & W THORNDALE AVE & N WESTERN AVE,"$33,634.03",33634.03,0.022423
40,Alley Resurfacing Menu (2025),N ARTESIAN AVE & W HOLLYWOOD AVE & W ARDMORE AVE & N WESTERN AVE,"$41,960.55",41960.55,0.027974
40,Alley Resurfacing Menu (2025),W EASTWOOD AVE & N MANOR AVE & N FRANCISCO AVE & W WILSON AVE,"$18,692.47",18692.47,0.012462
40,Alley Speed Hump Menu (2025),W RASCHER AVE & N WASHTENAW AVE & N CALIFORNIA AVE & W BALMORAL AVE,$362.50,362.50,0.000242
40,,2743 W RASCHER AVE,$362.50,362.50,0.000242
40,Alley Speed Hump Replacement (2025),N ARTESIAN AVE & W ARDMORE AVE & W THORNDALE AVE & N WESTERN AVE,$0.00,0.0,0.000000
40,Alley Speed Hump Replacement (2025),N ARTESIAN AVE & W HOLLYWOOD AVE & W ARDMORE AVE & N WESTERN AVE,$0.00,0.0,0.000000
40,Alley Speed Hump Replacement (2025),W EASTWOOD AVE & N MANOR AVE & N FRANCISCO AVE & W WILSON AVE,$0.00,0.0,0.000000
40,Bollard Menu (2025),1740 W CATALPA AVE,"$1,173.06",1173.06,0.000782
40,Bollard Menu (2025),2844 W EASTWOOD AVE,"$1,956.51",1956.51,0.001304
40,Concrete Alley Menu (2025),W LAWRENCE AVE & N ROCKWELL ST & N TALMAN AVE & W LELAND AVE,"$147,706.97",147706.97,0.098471
40,Curb & Gutter Menu (2025),2031 W BALMORAL AVE,"$10,721.93",10721.93,0.007148
40,Curb & Gutter Menu (2025),2633-2635 W BRYN MAWR AVE,"$4,131.42",4131.42,0.002754
40,Curb & Gutter Menu (2025),4705-4709 N WASHTENAW AVE,"$6,634.07",6634.07,0.004423
40,Curb & Gutter Menu (2025),6114 N RAVENSWOOD AVE W,"$17,746.08",17746.08,0.011831
40,improvements Alley Apron Menu (2025),2514 W FARRAGUT AVE,"$7,835.72",7835.72,0.005224
40,,N LINCOLN AVE & W FARRAGUT AVE & W BERWYN AVE & N ROCKWELL ST,"$7,835.72",7835.72,0.005224
40,"In-Road ""State Law Stop For Pedestrians"" Sign Menu",W DEVON AVE & N HERMITAGE AVE,$350.00,350.0,0.000233
40,Miscellaneous CDOT Projects (2025),5100-5700 N Clark St,"$27,200.00",27200.00,0.018133
40,,W LAWRENCE AVE & N CALIFORNIA AVE,"$27,200.00",27200.00,0.018133
40,Miscellaneous CDOT Projects (2025),W FOSTER AVE & N PAULINA ST,"$70,000.00",70000.0,0.046667
40,Pavement Markings Menu (2025),N CALIFORNIA AVE & W WINNEMAC AVE,"$1,000.00",1000.0,0.000667
40,Pavement Markings Menu (2025),1800-2000 W Foster Ave,"$3,750.00",3750.0,0.002500
40,Sidewalk Menu (2025),2621 W CARMEN AVE,$407.86,407.86,0.000272
40,Sidewalk Menu (2025),2726 W BALMORAL AVE,"$1,846.38",1846.38,0.001231
40,Sidewalk Menu (2025),4674 N VIRGINIA AVE,"$14,721.68",14721.68,0.009814
40,Sidewalk Menu (2025),4861 N TALMAN AVE,"$8,818.39",8818.39,0.005879
40,Sidewalk Menu (2025),4901-4903 N LEAVITT ST,"$5,376.46",5376.46,0.003584
40,Sidewalk Menu (2025),5811 N ROCKWELL ST,"$3,569.28",3569.28,0.002380
40,Sidewalk Menu (2025),5928 N MAPLEWOOD AVE,"$6,672.07",6672.07,0.004448
40,Sidewalk Menu (2025),6043 N ARTESIAN AVE,"$6,622.12",6622.12,0.004415
40,Sidewalk Menu (2025),6114 N RAVENSWOOD AVE W,"$13,300.91",13300.91,0.008867
40,Sidewalk Menu (2025),6116-6146 N DAMEN AVE,"$66,058.19",66058.19,0.044039
40,Sidewalk Menu (2025),6901 N BELL AVE,"$23,895.59",23895.59,0.015930
40,Sidewalk Menu (2025),5609-5600 N Hermitage Ave,"$6,701.90",6701.9,0.004468
40,Sidewalk Menu (2025),6199-6300 N Ravenswood Ave,"$18,615.20",18615.2,0.012410
40,Speed Indicator Signs (2025),W DEVON AVE & N RAVENSWOOD AVE,"$28,300.70",28300.7,0.018867
40,Street Bump Outs Menu (2025),N HOYNE AVE & W ARGYLE ST,"$15,066.44",15066.44,0.010044
40,Street Bump Outs Menu (2025),N RAVENSWOOD AVE & W DEVON AVE,"$10,099.84",10099.84,0.006733
40,Street Bump Outs Menu (2025),N WASHTENAW AVE & W LELAND AVE,"$29,523.31",29523.31,0.019682
40,Street Resurfacing Menu (2025),4800-4840 N Fairfield Ave,"$27,208.37",27208.37,0.018139
40,Street Resurfacing Menu (2025),5800-5900 N Paulina St,"$45,440.62",45440.62,0.030294
40,Street Resurfacing Menu (2025),6830-6930 N Rockwell St,"$81,508.75",81508.75,0.054339
40,Street Resurfacing Menu (2025),4800-4700 N Virginia Ave,"$76,206.53",76206.53,0.050804
40,Street Resurfacing Menu (2025),2300-2400 W Arthur Ave,"$58,099.98",58099.98,0.038733
40,Street Resurfacing Menu (2025),1600-1799 W Bryn Mawr Ave,"$150,000.00",150000.0,0.100000
40,Street Resurfacing Menu (2025),1700-1800 W Olive Ave,"$44,065.41",44065.41,0.029377
40,Street Resurfacing Menu (2025),1740-1800 W Schreiber Ave,"$40,921.07",40921.07,0.027281
40,Street Speed Hump Menu (2025),4400-4500 N Manor Ave,"$4,880.00",4880.0,0.003253
40,Street Speed Hump Menu (2025),2900-3030 W Argyle St,"$1,220.00",1220.00,0.000813
40,,2923 W ARGYLE ST,"$1,220.00",1220.00,0.000813
40,Street Traffic Circle Menu (2025),N CAMPBELL AVE & W GLENLAKE AVE,"$20,000.00",20000.0,0.013333
41,Alley Resurfacing Menu (2025),7301 W GREENLEAF AVE,"$15,040.24",15040.24,0.010313
41,,W GREENLEAF AVE & N OCTAVIA AVE & N ODELL AVE & W LUNT AVE,"$15,040.24",15040.24,0.010313
41,Curb & Gutter Menu (2025),5429-5400 N Natchez Ave,"$126,394.91",126394.91,0.086672
41,Curb & Gutter Menu (2025),6440-6400 N New England Ave,"$10,440.29",10440.29,0.007159
41,Curb & Gutter Menu (2025),6210-6360 N Nordica Ave,"$54,601.32",54601.32,0.037442
41,Curb & Gutter Menu (2025),6300-6360 N Sayre Ave,"$70,942.43",70942.43,0.048647
41,Miscellaneous CDOT Projects (2025),5331 N ORIOLE AVE,$660.00,660.0,0.000453
41,Sidewalk Menu (2025),5225 N OAK PARK AVE,"$18,129.07",18129.07,0.012432
41,Street Resurfacing Menu (2025),6400-6600 N Natoma Ave,"$112,126.69",112126.69,0.076888
41,Street Resurfacing Menu (2025),6400-6500 N Newark Ave,"$88,573.63",88573.63,0.060737
41,Street Resurfacing Menu (2025),6440-6400 N New England Ave,"$44,215.27",44215.27,0.030320
41,Street Resurfacing Menu (2025),5900-6000 N Nickerson Ave,"$75,160.12",75160.12,0.051539
41,Street Resurfacing Menu (2025),6210-6360 N Nordica Ave,"$95,888.06",95888.06,0.065753
41,Street Resurfacing Menu (2025),6199-6400 N Oak Park Ave,"$96,422.92",96422.92,0.066120
41,Street Resurfacing Menu (2025),6100-6180 N Ozark Ave,"$183,972.54",183972.54,0.126155
41,Street Resurfacing Menu (2025),6300-6360 N Sayre Ave,"$50,464.62",50464.62,0.034605
41,Street Resurfacing Menu (2025),7200-7500 W Myrtle Ave,"$161,263.64",161263.64,0.110583
41,Street Resurfacing Menu (2025),7500-7600 W Myrtle Ave,"$78,311.13",78311.13,0.053700
41,Street Resurfacing Menu (2025),7600-7700 W Palatine Ave,"$56,546.26",56546.26,0.038775
41,Street Resurfacing Menu (2025),6600-6800 W Schreiber Ave,"$103,466.44",103466.44,0.070950
41,Street Speed Hump Menu (2025),5800-5900 N Odell Ave,$323.79,323.79,0.000222
41,,5800 N ODELL AVE,$323.79,323.79,0.000222
42,Alley Resurfacing Menu (2025),N FRANKLIN ST & W CHICAGO AVE & W SUPERIOR ST & N ORLEANS ST,"$35,718.64",35718.64,0.033920
42,Alley Resurfacing Menu (2025),N FRANKLIN ST & W CHICAGO AVE & W SUPERIOR ST & N WELLS ST,"$12,916.41",12916.41,0.012266
42,Alley Resurfacing Menu (2025),N FRANKLIN ST & W ERIE ST & W ONTARIO ST & N WELLS ST,"$20,130.51",20130.51,0.019117
42,Alley Resurfacing Menu (2025),N FRANKLIN ST & W HURON ST & W ERIE ST & N WELLS ST,"$13,225.41",13225.41,0.012559
42,Alley Resurfacing Menu (2025),N FRANKLIN ST & W ILLINOIS ST & W HUBBARD ST & N WELLS ST,"$26,246.49",26246.49,0.024925
42,Alley Resurfacing Menu (2025),N FRANKLIN ST & W ONTARIO ST & W OHIO ST & N WELLS ST,"$16,271.23",16271.23,0.015452
42,Alley Speed Hump Replacement (2025),N FRANKLIN ST & W ILLINOIS ST & W HUBBARD ST & N WELLS ST,$0.00,0.0,0.000000
42,Miscellaneous CDOT Projects (2025),101 W HUBBARD ST,$660.00,660.0,0.000627
42,Miscellaneous CDOT Projects (2025),300-349 N Stetson Ave,"$124,519.02",124519.02,0.118249
42,movement at Streeter-Grand. Speed Indicator Signs (2025),320-500 N Orleans St,$300.70,300.7,0.000286
42,Right-turn arrow installation for the northbound to eastbound,N STREETER DR & E GRAND AVE,"$33,401.16",33401.16,0.031719
42,Street Light Residential Staggered Piggy Back Menu (2025),300-400 W Superior St,"$71,957.87",71957.87,0.068334
42,Street Resurfacing Menu (2025),154-241 E South Water St,"$40,656.87",40656.87,0.038610
42,Street Resurfacing Menu (2025),150-225 N Harbor Dr,"$81,190.18",81190.18,0.077102
42,Street Resurfacing Menu (2025),420-600 N Michigan Lower Ave,"$152,398.36",152398.36,0.144724
42,Street Resurfacing Menu (2025),440-480 N Park Dr,"$58,815.46",58815.46,0.055854
42,Street Resurfacing Menu (2025),140-349 N Stetson Ave,"$200,935.14",200935.14,0.190817
42,Street Resurfacing Menu (2025),50-0 W Erie St,"$39,705.28",39705.28,0.037706
42,Street Speed Hump Replacement (2025),150-225 N Harbor Dr,$0.00,0.0,0.000000
42,Viaduct Improvement Menu (2025),360 E RANDOLPH ST,"$28,717.68",28717.68,0.027272
42,Viaduct Improvement Menu (2025),140-349 N Stetson Ave,"$70,987.00",70987.0,0.067412
42,Viaduct Improvement Menu (2025),W KINZIE ST & N ORLEANS ST,"$24,271.00",24271.0,0.023049
43,(2025) Lincoln Park Arch Project,2560 N LINCOLN AVE,"$86,492.95",86492.95,0.057662
43,Alley Apron Menu (2025),2000 N SEMINARY AVE,"$22,589.89",22589.89,0.015060
43,Alley Apron Menu (2025),2727 N LEHMANN CT,"$78,654.12",78654.12,0.052436
43,Alley Resurfacing Menu (2025),N DAYTON ST & W WISCONSIN ST,"$20,718.78",20718.78,0.013813
43,,N HALSTED ST & W WILLOW ST,"$20,718.78",20718.78,0.013813
43,Alley Resurfacing Menu (2025),N HAMPDEN CT & W WRIGHTWOOD AVE & W DIVERSEY PKWY & N LEHMANN CT,"$8,336.00",8336.00,0.005557
43,,2754 N HAMPDEN CT,"$8,336.00",8336.00,0.005557
43,Alley Resurfacing Menu (2025),W WISCONSIN ST & N FREMONT ST & N BISSELL ST & W WILLOW ST,"$7,694.22",7694.22,0.005129
43,Alley Resurfacing Menu (2025),W WRIGHTWOOD AVE & N HAMPDEN CT & N LAKEVIEW AVE & W DEMING PL,"$10,506.17",10506.17,0.007004
43,Arterial Street Bump Outs Menu (2025),N CLYBOURN AVE & N KENMORE AVE,"$12,038.30",12038.3,0.008026
43,Arterial Street Bump Outs Menu (2025),N HALSTED ST & W DICKENS AVE,"$116,549.89",116549.89,0.077700
43,Arterial Street Bump Outs Menu (2025),N SHEFFIELD AVE & W MONTANA ST,"$3,710.45",3710.45,0.002474
43,Curb & Gutter Menu (2025),1875 N DAYTON ST,"$92,804.34",92804.34,0.061870
43,,N DAYTON ST & W WISCONSIN ST,"$92,804.34",92804.34,0.061870
43,Curb & Gutter Menu (2025),2731 N HAMPDEN CT,"$89,749.11",89749.11,0.059833
43,Curb & Gutter Menu (2025),300 W WEBSTER AVE,"$45,453.08",45453.08,0.030302
43,"In-Road ""State Law Stop For Pedestrians"" Sign Menu",W DIVERSEY PKWY & N SEMINARY AVE,$600.00,600.0,0.000400
43,Miscellaneous CDOT Projects (2025),2400 N LINCOLN AVE,$660.00,660.0,0.000440
43,Pavement Markings Menu (2025),2720-2600 N Sheffield Ave,"$3,000.00",3000.0,0.002000
43,Sidewalk Menu (2025),1134-1138 W SCHUBERT AVE,"$19,130.20",19130.2,0.012753
43,Sidewalk Menu (2025),1301 N STATE PKWY,"$21,430.92",21430.92,0.014287
43,Sidewalk Menu (2025),2121-2127 N BISSELL ST,"$10,630.31",10630.31,0.007087
43,Sidewalk Menu (2025),2717 N HALSTED ST,"$21,133.99",21133.99,0.014089
43,Sidewalk Menu (2025),424 W EUGENIE ST,"$81,560.61",81560.61,0.054374
43,Sidewalk Menu (2025),515 W WRIGHTWOOD AVE,"$8,681.12",8681.12,0.005787
43,Sidewalk Menu (2025),659 W ARMITAGE AVE,"$21,300.96",21300.96,0.014201
43,Sidewalk Menu (2025),830 W ALTGELD ST,"$4,520.95",4520.95,0.003014
43,Sidewalk Menu (2025),849-900 W Willow St,"$15,114.43",15114.43,0.010076
43,Street Bump Outs Menu (2025),N SHEFFIELD AVE & W SCHUBERT AVE,"$32,000.00",32000.0,0.021333
43,Street Bump Outs Menu (2025),W BELDEN AVE & N COMMONWEALTH AVE,"$28,272.20",28272.2,0.018848
43,Street Light Upgrade Menu (2025),2001 N MOHAWK ST,$500.00,500.0,0.000333
43,Street Resurfacing Menu (2025),2200-2300 N LINCOLN PARK WEST,"$67,603.13",67603.13,0.045069
43,Street Resurfacing Menu (2025),1900-2000 N Kenmore Ave,"$84,631.42",84631.42,0.056421
43,Street Resurfacing Menu (2025),1700-1740 N St Michaels Ct,"$12,673.24",12673.24,0.008449
43,Street Resurfacing Menu (2025),400-500 W Arlington Pl,"$41,320.27",41320.27,0.027547
43,Street Resurfacing Menu (2025),410-500 W Belden Ave,"$40,835.09",40835.09,0.027223
43,Street Resurfacing Menu (2025),500-700 W Deming Pl,"$97,504.68",97504.68,0.065003
43,Street Resurfacing Menu (2025),440-450 W Eugenie St,"$3,611.22",3611.22,0.002407
43,Street Resurfacing Menu (2025),1100-1200 W Schubert Ave,"$44,411.14",44411.14,0.029607
43,Street Resurfacing Menu (2025),420-452 W Willow St,"$19,365.40",19365.4,0.012910
43,Street Resurfacing Menu (2025),400-430 W Wrightwood Ave,"$28,007.53",28007.53,0.018672
43,Street Resurfacing Menu (2025),1100-1200 W Wrightwood Ave,"$69,464.76",69464.76,0.046310
43,Street Speed Hump Menu (2025),2000-2100 N Mohawk St,"$4,880.00",4880.0,0.003253
44,Abraham Lincoln Park - Lakeview Dog Park,500-5700 N LAKE SHORE DR,"$100,000.00",100000.0,0.066667
44,Alley Resurfacing Menu (2025),N CAMBRIDGE AVE & W BRIAR PL & W BELMONT AVE & N PINE GROVE AVE,"$12,744.13",12744.13,0.008496
44,,3167 N CAMBRIDGE AVE,"$12,744.13",12744.13,0.008496
44,Alley Resurfacing Menu (2025),N COMMONWEALTH AVE & W SURF ST & W OAKDALE AVE & N SHERIDAN RD,"$19,652.72",19652.72,0.013102
44,Alley Resurfacing Menu (2025),N JANSSEN AVE & W CORNELIA AVE & W ADDISON ST & N SOUTHPORT AVE,"$21,458.56",21458.56,0.014306
44,Alley Resurfacing Menu (2025),N LAKEWOOD AVE & W HENDERSON ST & W SCHOOL ST & N RACINE AVE,"$15,172.15",15172.15,0.010115
44,Alley Resurfacing Menu (2025),W BUCKINGHAM PL & N HALSTED ST & N CLARK ST & W ALDINE AVE,"$24,936.70",24936.7,0.016624
44,Alley Resurfacing Menu (2025),W SCHOOL ST & N LAKEWOOD AVE & N RACINE AVE & W MELROSE ST,"$41,587.43",41587.43,0.027725
44,Alley Speed Hump Menu (2025),N BROADWAY & W ALDINE AVE & W MELROSE ST & N HALSTED ST,$725.00,725.0,0.000483
44,Alley Speed Hump Replacement (2025),N CAMBRIDGE AVE & W BRIAR PL & W BELMONT AVE & N PINE GROVE AVE,$0.00,0.00,0.000000
44,,3167 N CAMBRIDGE AVE,$0.00,0.00,0.000000
44,Alley Speed Hump Replacement (2025),W SCHOOL ST & N LAKEWOOD AVE & N RACINE AVE & W MELROSE ST,$0.00,0.0,0.000000
44,Bollard Menu (2025),W ROSCOE ST & N LAKE SHORE DR,"$18,865.46",18865.46,0.012577
44,Curb & Gutter Menu (2025),1225 W EDDY ST,"$16,934.30",16934.3,0.011290
44,Curb & Gutter Menu (2025),829-837 W NEWPORT AVE,"$68,858.16",68858.16,0.045905
44,LED Traffic Signal Upgrades & Pedestrian Countdown,N CLARK ST & W WELLINGTON AVE,"$75,129.66",75129.66,0.050086
44,Pavement Markings Menu (2025),W BARRY AVE & N CLARK ST,"$4,000.00",4000.0,0.002667
44,Signal (2025) LED Traffic Signal Upgrades & Pedestrian Countdown,N HALSTED ST & W WELLINGTON AVE,"$87,104.82",87104.82,0.058070
44,Signal (2025) Miscellaneous Other Projects (2025),600 W WELLINGTON AVE,$660.00,660.0,0.000440
44,Speed Indicator Signs (2025),W ADDISON ST & N FREMONT ST,"$38,000.00",38000.0,0.025333
44,Street Bump Outs Menu (2025),N SEMINARY AVE & W CORNELIA AVE,"$20,000.00",20000.0,0.013333
44,Street Bump Outs Menu (2025),W OAKDALE AVE & N LAKE SHORE DR,"$20,000.00",20000.0,0.013333
44,Street Light Residential Staggered Piggy Back Menu (2025),3331-3801 N Southport Ave,"$582,531.07",582531.07,0.388354
44,Street Resurfacing Menu (2025),2800-2900 N Pine Grove Ave,"$44,829.93",44829.93,0.029887
44,Street Resurfacing Menu (2025),400-600 W Briar Pl,"$121,730.81",121730.81,0.081154
44,Street Resurfacing Menu (2025),1200-1300 W Cornelia Ave,"$53,622.00",53622.0,0.035748
44,Street Resurfacing Menu (2025),500-599 W Hawthorne Pl,"$93,832.96",93832.96,0.062555
44,Street Speed Hump Menu (2025),3800-3900 N Wayne Ave,"$4,880.00",4880.0,0.003253
44,Street Speed Hump Replacement (2025),400-600 W Briar Pl,$0.00,0.0,0.000000
45,Alley Resurfacing Menu (2025),N MULLIGAN AVE & W BRYN MAWR AVE & W BRYN MAWR AVE & N AVONDALE AVE,"$4,714.69",4714.69,0.003143
45,,5621 N MULLIGAN AVE,"$4,714.69",4714.69,0.003143
45,Street Resurfacing Menu (2025),6430-6458 N Algonquin Ave,"$36,247.11",36247.11,0.024165
45,Street Resurfacing Menu (2025),6530-6630 N Chicora Ave,"$57,008.19",57008.19,0.038005
45,Street Resurfacing Menu (2025),6540-6700 N Hiawatha Ave,"$137,476.16",137476.16,0.091651
45,Street Resurfacing Menu (2025),4700-4770 N Leamington Ave,"$31,854.99",31854.99,0.021237
45,Street Resurfacing Menu (2025),5300-5200 N Leclaire Ave,"$75,600.93",75600.93,0.050401
45,Street Resurfacing Menu (2025),6620-6800 N Loron Ave,"$117,237.97",117237.97,0.078159
45,Street Resurfacing Menu (2025),4125-4000 N Lowell Ave,"$87,365.91",87365.91,0.058244
45,Street Resurfacing Menu (2025),5230-5300 N Ludlam Ave,"$29,079.54",29079.54,0.019386
45,,ON N LORING,"$29,079.54",29079.54,0.019386
45,Street Resurfacing Menu (2025),AVE FROM W FARRAGUT AVE (5230 N) TO N LYNCH AVE (5300 N),"$87,992.09",87992.09,0.058661
45,,5300-5410 N Lynch Ave,"$87,992.09",87992.09,0.058661
45,Street Resurfacing Menu (2025),5400-5400 N Manila Ave,"$3,339.42",3339.42,0.002226
45,Street Resurfacing Menu (2025),7000-7030 N Mcalpin Ave,"$30,155.98",30155.98,0.020104
45,Street Resurfacing Menu (2025),5200-5300 N Melvina Ave,"$61,811.48",61811.48,0.041208
45,Street Resurfacing Menu (2025),4800-4630 N Menard Ave,"$103,439.69",103439.69,0.068960
45,Street Resurfacing Menu (2025),7030-7110 N Monon Ave,"$65,735.85",65735.85,0.043824
45,Street Resurfacing Menu (2025),6160-6200 N Neola Ave,"$32,427.67",32427.67,0.021618
45,Street Resurfacing Menu (2025),5700-5730 N Parkside Ave,"$22,577.46",22577.46,0.015052
45,Street Resurfacing Menu (2025),5100-5199 W Ainslie St,"$73,986.16",73986.16,0.049324
45,Street Resurfacing Menu (2025),5700-5820 W Ainslie St,"$88,692.58",88692.58,0.059128
45,Street Resurfacing Menu (2025),5400-5300 W Carmen Ave,"$24,651.37",24651.37,0.016434
45,Street Resurfacing Menu (2025),5400-5440 W Carmen Ave,"$44,566.41",44566.41,0.029711
45,Street Resurfacing Menu (2025),5600-5700 W Giddings St,"$58,507.41",58507.41,0.039005
45,Street Resurfacing Menu (2025),5930-5999 W Gunnison St,"$33,328.31",33328.31,0.022219
45,Street Resurfacing Menu (2025),5200-5300 W Pensacola Ave,"$55,701.29",55701.29,0.037134
45,Street Speed Hump Menu (2025),4600-4700 N Leamington Ave,"$4,880.00",4880.0,0.003253
45,Street Speed Hump Menu (2025),5000-5099 N Northwest Hwy,$75.00,75.0,0.000050
45,Street Speed Hump Menu (2025),4800-5000 W Ainslie St,"$4,880.00",4880.0,0.003253
45,Street Speed Hump Menu (2025),4700-4800 W Byron St,"$4,880.00",4880.0,0.003253
45,Street Speed Hump Replacement (2025),5300-5200 N Leclaire Ave,$0.00,0.0,0.000000
45,Street Speed Hump Replacement (2025),4800-4630 N Menard Ave,$0.00,0.0,0.000000
45,Street Speed Hump Replacement (2025),5100-5199 W Ainslie St,$0.00,0.0,0.000000
45,Street Speed Hump Replacement (2025),5400-5300 W Carmen Ave,$0.00,0.0,0.000000
45,Street Speed Hump Replacement (2025),5200-5300 W Pensacola Ave,$0.00,0.0,0.000000
46,Alley Speed Hump Menu (2025),900 W MONTROSE AVE,$483.33,483.33,0.000343
46,,W MONTROSE AVE & N HAZEL ST & N SHERIDAN RD & W AGATITE AVE,$483.33,483.33,0.000343
46,,913 W AGATITE AVE,$483.33,483.33,0.000343
46,Curb & Gutter Menu (2025),3801 N PINE GROVE AVE,"$8,548.59",8548.59,0.006059
46,,W GRACE ST & N PINE GROVE AVE,"$8,548.59",8548.59,0.006059
46,Miscellaneous CDOT Projects (2025),739 W BROMPTON AVE,$660.00,660.0,0.000468
46,Miscellaneous CDOT Projects (2025),N LAKE SHORE DR & W GRACE ST,"$2,000.00",2000.00,0.001418
46,,3750 N LAKE SHORE DR,"$2,000.00",2000.00,0.001418
46,Miscellaneous CDOT Projects (2025),N MARINE DR & W WILSON AVE,"$4,000.00",4000.0,0.002835
46,Sidewalk Menu (2025),1002 W BUENA AVE,"$49,024.83",49024.83,0.034749
46,Sidewalk Menu (2025),1024-1026 W BUENA AVE,"$74,001.17",74001.17,0.052452
46,Sidewalk Menu (2025),1060 W LAWRENCE AVE,"$37,069.82",37069.82,0.026275
46,Sidewalk Menu (2025),1200 W MONTROSE AVE,"$10,259.20",10259.20,0.007272
46,,W MONTROSE AVE & N MAGNOLIA AVE,"$10,259.20",10259.20,0.007272
46,Sidewalk Menu (2025),1227 W LELAND AVE,"$30,411.21",30411.21,0.021556
46,Sidewalk Menu (2025),1249-1255 W WILSON AVE,"$24,583.03",24583.03,0.017425
46,Sidewalk Menu (2025),1321 W WILSON AVE,"$18,213.26",18213.26,0.012910
46,Sidewalk Menu (2025),1403-1409 W SUNNYSIDE AVE,"$19,072.20",19072.20,0.013518
46,,1440-1400 W Sunnyside Ave,"$19,072.20",19072.20,0.013518
46,Sidewalk Menu (2025),3601-3603 N BROADWAY,"$22,510.55",22510.55,0.015956
46,Sidewalk Menu (2025),3753 N PINE GROVE AVE,"$13,485.34",13485.34,0.009558
46,,3727 N PINE GROVE AVE,"$13,485.34",13485.34,0.009558
46,Sidewalk Menu (2025),3835-3859 N FREMONT ST,"$5,265.63",5265.63,0.003732
46,Sidewalk Menu (2025),3932 N CLARENDON AVE,"$34,925.67",34925.67,0.024756
46,Sidewalk Menu (2025),3934 N PINE GROVE AVE,"$8,376.25",8376.25,0.005937
46,,3927 N PINE GROVE AVE,"$8,376.25",8376.25,0.005937
46,Sidewalk Menu (2025),3949 N BROADWAY,"$15,686.66",15686.66,0.011119
46,Sidewalk Menu (2025),4018 N KENMORE AVE,"$11,702.02",11702.02,0.008294
46,,4036 N KENMORE AVE,"$11,702.02",11702.02,0.008294
46,Sidewalk Menu (2025),4135-4149 N CLARENDON AVE,"$67,257.90",67257.9,0.047673
46,Sidewalk Menu (2025),4136 N SHERIDAN RD,"$11,524.64",11524.64,0.008169
46,Sidewalk Menu (2025),4142 N BROADWAY,"$5,877.72",5877.72,0.004166
46,Sidewalk Menu (2025),4155 N CLARK ST,"$25,599.01",25599.01,0.018145
46,Sidewalk Menu (2025),4247 N HAZEL ST,"$5,129.80",5129.8,0.003636
46,Sidewalk Menu (2025),4407 N MALDEN ST,"$13,871.96",13871.96,0.009833
46,Sidewalk Menu (2025),4419 N RACINE AVE,"$9,889.75",9889.75,0.007010
46,Sidewalk Menu (2025),4440-4442 N HAZEL ST,"$1,975.28",1975.28,0.001400
46,Sidewalk Menu (2025),4450-4454 N MALDEN ST,"$30,160.23",30160.23,0.021378
46,Sidewalk Menu (2025),4520 N BEACON ST,"$14,451.34",14451.34,0.010243
46,Sidewalk Menu (2025),4526-4528 N MAGNOLIA AVE,"$9,759.96",9759.96,0.006918
46,Sidewalk Menu (2025),4555 N MALDEN ST,"$43,664.20",43664.2,0.030949
46,Sidewalk Menu (2025),4638 N MALDEN ST,"$15,333.79",15333.79,0.010869
46,Sidewalk Menu (2025),4646 N MARINE DR,"$20,588.52",20588.52,0.014593
46,Sidewalk Menu (2025),4728 N KENMORE AVE,"$7,355.66",7355.66,0.005214
46,,4832 N KENMORE AVE,"$7,355.66",7355.66,0.005214
46,,4718 N KENMORE AVE,"$7,355.66",7355.66,0.005214
46,Sidewalk Menu (2025),4813 N WINTHROP AVE,"$1,530.65",1530.65,0.001085
46,Sidewalk Menu (2025),4820 N MARINE DR,"$8,421.41",8421.41,0.005969
46,Sidewalk Menu (2025),4827 N KENMORE AVE,"$6,534.85",6534.85,0.004632
46,,4869 N KENMORE AVE,"$6,534.85",6534.85,0.004632
46,,4883 N KENMORE AVE,"$6,534.85",6534.85,0.004632
46,,4857 N KENMORE AVE,"$6,534.85",6534.85,0.004632
46,Sidewalk Menu (2025),4835 N SHERIDAN RD,"$21,065.42",21065.42,0.014931
46,,4878 N SHERIDAN RD,"$21,065.42",21065.42,0.014931
46,,4855 N SHERIDAN RD,"$21,065.42",21065.42,0.014931
46,,4840 N SHERIDAN RD,"$21,065.42",21065.42,0.014931
46,Sidewalk Menu (2025),4840-4850 N MARINE DR,"$13,308.19",13308.19,0.009433
46,Sidewalk Menu (2025),622-632 W STRATFORD PL,"$13,695.23",13695.23,0.009707
46,,606 W STRATFORD PL,"$13,695.23",13695.23,0.009707
46,,558 W STRATFORD PL,"$13,695.23",13695.23,0.009707
46,,534 W STRATFORD PL,"$13,695.23",13695.23,0.009707
46,,520 W STRATFORD PL,"$13,695.23",13695.23,0.009707
46,,506-512 W STRATFORD PL,"$13,695.23",13695.23,0.009707
46,Sidewalk Menu (2025),627-645 W PATTERSON AVE,"$35,089.67",35089.67,0.024872
46,Sidewalk Menu (2025),650 W GRACE ST,"$6,591.86",6591.86,0.004672
46,Sidewalk Menu (2025),653 W BITTERSWEET PL,"$10,321.60",10321.6,0.007316
46,Sidewalk Menu (2025),655 W JUNIOR TER,"$12,503.85",12503.85,0.008863
46,Sidewalk Menu (2025),709 W MONTROSE AVE,"$5,458.47",5458.47,0.003869
46,Sidewalk Menu (2025),712 W BITTERSWEET PL,"$16,312.89",16312.89,0.011563
46,Sidewalk Menu (2025),807-811 W LELAND AVE,"$11,005.04",11005.04,0.007800
46,Sidewalk Menu (2025),910 W CUYLER AVE,"$15,312.39",15312.39,0.010854
46,Sidewalk Menu (2025),911 W EASTWOOD AVE,"$6,165.45",6165.45,0.004370
46,Sidewalk Menu (2025),915 W DAKIN ST,"$5,978.14",5978.14,0.004237
46,Sidewalk Menu (2025),920 W EASTWOOD AVE,"$11,435.48",11435.48,0.008106
46,,928 W EASTWOOD AVE,"$11,435.48",11435.48,0.008106
46,Sidewalk Menu (2025),924 W CUYLER AVE,"$2,434.97",2434.97,0.001726
46,,W CUYLER AVE & N SHERIDAN RD,"$2,434.97",2434.97,0.001726
46,,976 W CUYLER AVE,"$2,434.97",2434.97,0.001726
46,,970 W CUYLER,"$2,434.97",2434.97,0.001726
46,Sidewalk Menu (2025),AVE 924 W GORDON TER,"$15,481.24",15481.24,0.010973
46,,909-911 W GORDON TER,"$15,481.24",15481.24,0.010973
46,,906-912 W GORDON TER,"$15,481.24",15481.24,0.010973
46,,941-945 W GORDON TER,"$15,481.24",15481.24,0.010973
46,,903 W GORDON TER,"$15,481.24",15481.24,0.010973
46,Sidewalk Menu (2025),929 W DAKIN ST,"$22,624.73",22624.73,0.016037
46,Sidewalk Menu (2025),N RACINE AVE & W WILSON AVE,"$4,146.28",4146.28,0.002939
46,,1200 W WILSON AVE,"$4,146.28",4146.28,0.002939
46,Sidewalk Menu (2025),N SHERIDAN RD & W IRVING PARK RD,"$32,740.23",32740.23,0.023206
46,Street Resurfacing Menu (2025),640-900 W Hutchinson St,"$106,516.09",106516.09,0.075499
46,Street Speed Hump Menu (2025),1400-1600 W Byron St,"$7,320.00",7320.0,0.005188
46,Street Speed Hump Menu (2025),800-900 W Sunnyside Ave,"$4,880.00",4880.0,0.003459
46,Viaduct Improvement Menu (2025),N MARINE DR & W BUENA AVE,"$8,009.88",8009.88,0.005677
46,,N LAKE SHORE DR & N MARINE DR,"$8,009.88",8009.88,0.005677
47,Alley Apron Menu (2025),3745 N PAULINA ST,"$27,545.28",27545.28,0.018364
47,Alley Resurfacing Menu (2025),1454 W WARNER AVE,"$2,811.95",2811.95,0.001875
47,Alley Resurfacing Menu (2025),W ADDISON ST & N OAKLEY AVE & N CLAREMONT AVE & W WAVELAND AVE,"$48,371.24",48371.24,0.032248
47,Alley Speed Hump Menu (2025),W BERTEAU AVE & N DAMEN AVE & N LINCOLN AVE & W WARNER AVE,$725.00,725.00,0.000483
47,,2031 W BERTEAU,$725.00,725.00,0.000483
47,Alley Speed Hump Removal Menu (2025),AVE W BERTEAU AVE & N DAMEN AVE & N LINCOLN AVE & W WARNER AVE,$362.50,362.50,0.000242
47,,2031 W BERTEAU AVE,$362.50,362.50,0.000242
47,Alley Speed Hump Replacement (2025),W ADDISON ST & N OAKLEY AVE & N CLAREMONT AVE & W WAVELAND AVE,$0.00,0.0,0.000000
47,Arterial Street Bump Outs Menu (2025),W ADDISON ST & N HERMITAGE AVE,"$160,000.00",160000.0,0.106668
47,Bollard Menu (2025),5025 N CLARK ST,"$8,870.43",8870.43,0.005914
47,Curb & Gutter Menu (2025),1466 W HUTCHINSON ST,"$5,054.19",5054.19,0.003369
47,,4226 N GREENVIEW AVE,"$5,054.19",5054.19,0.003369
47,Curb & Gutter Menu (2025),1805 W CUYLER AVE,"$6,093.78",6093.78,0.004063
47,Curb & Gutter Menu (2025),2206 W CULLOM AVE,"$3,399.13",3399.13,0.002266
47,Curb & Gutter Menu (2025),4046 N LEAVITT ST,"$57,221.51",57221.51,0.038148
47,,N LEAVITT ST & W CUYLER AVE,"$57,221.51",57221.51,0.038148
47,Curb & Gutter Menu (2025),W MONTROSE AVE & N HERMITAGE AVE,"$14,643.78",14643.78,0.009763
47,Hamilton ES HVAC system,1650 W CORNELIA AVE,"$125,000.00",125000.0,0.083334
47,LED Traffic Signal Upgrades & Pedestrian Countdown,W LAWRENCE AVE & N DAMEN AVE,"$146,770.57",146770.57,0.097848
47,Miscellaneous CDOT Projects (2025),4500-4600 N Ravenswood Ave W,"$30,556.93",30556.93,0.020371
47,Miscellaneous CDOT Projects (2025),W BERTEAU AVE & N RAVENSWOOD AVE,"$3,690.71",3690.71,0.002460
47,Miscellaneous CDOT Projects (2025),W IRVING PARK RD & N HOYNE AVE,"$3,500.00",3500.0,0.002333
47,Pavement Markings Menu (2025),4500-4600 N Rockwell St,"$5,000.00",5000.0,0.003333
47,Pavement Markings Menu (2025),W ADDISON ST & N HERMITAGE AVE,"$2,000.00",2000.0,0.001333
47,Pavement Markings Menu (2025),W ADDISON ST & N OAKLEY AVE,"$1,350.00",1350.0,0.000900
47,Sidewalk Menu (2025),1600 W IRVING PARK RD,"$66,919.78",66919.78,0.044614
47,Sidewalk Menu (2025),2437 W LELAND AVE,"$5,777.48",5777.48,0.003852
47,Sidewalk Menu (2025),2455-2457 W LELAND AVE,"$1,558.09",1558.09,0.001039
47,Sidewalk Menu (2025),3701 N HOYNE AVE,"$33,770.00",33770.0,0.022514
47,Sidewalk Menu (2025),3749-3753 N HOYNE AVE,"$19,713.28",19713.28,0.013142
47,Sidewalk Menu (2025),4144 N CLAREMONT AVE,"$3,088.69",3088.69,0.002059
47,Sidewalk Menu (2025),4715 N HAMILTON AVE,"$23,233.78",23233.78,0.015489
47,Signal (2025) Left-Turn Arrow Menu (2025),N WESTERN AVE & W WILSON AVE,"$131,116.08",131116.08,0.087412
47,Speed Indicator Signs (2025),2301 W IRVING PARK RD,"$14,150.35",14150.35,0.009434
47,Speed Indicator Signs (2025),2444 W ADDISON ST,"$14,150.35",14150.35,0.009434
47,Speed Indicator Signs (2025),2603 W ADDISON ST,"$14,150.35",14150.35,0.009434
47,Speed Indicator Signs (2025),4015 N ASHLAND AVE,"$16,310.35",16310.35,0.010874
47,Speed Indicator Signs (2025),4148-4150 N ASHLAND AVE,"$16,310.35",16310.35,0.010874
47,Street Light Pole for High Definition Camera Menu (2025),4015 N ASHLAND AVE,"$3,000.00",3000.0,0.002000
47,Street Resurfacing Menu (2025),3900-4000 N Hoyne Ave,"$53,334.27",53334.27,0.035557
47,Street Resurfacing Menu (2025),4500-4600 N Ravenswood Ave,"$47,033.92",47033.92,0.031356
47,Street Resurfacing Menu (2025),4900-5000 N Wolcott Ave,"$47,983.09",47983.09,0.031989
47,Street Resurfacing Menu (2025),2300-2330 W Byron St,"$23,047.04",23047.04,0.015365
47,Street Resurfacing Menu (2025),2400-2500 W Grace St,"$67,017.70",67017.7,0.044679
47,Street Resurfacing Menu (2025),1400-1500 W Warner Ave,"$17,829.82",17829.82,0.011887
47,Street Resurfacing Menu (2025),2230-2300 W Waveland Ave,"$28,564.32",28564.32,0.019043
47,Street Resurfacing Menu (2025),1200-1400 W Winnemac Ave,"$124,405.62",124405.62,0.082938
47,Street Speed Hump Menu (2025),1400-1440 W Sunnyside Ave,"$2,440.00",2440.0,0.001627
47,Street Speed Hump Replacement (2025),1200-1400 W Winnemac Ave,$0.00,0.0,0.000000
47,Welles Park Nature Play Area,2333 W SUNNYSIDE AVE,"$8,750.00",8750.0,0.005833
48,2025 Menu- 48th ward-Connection of the Berwyn Greenway,4830 S WESTERN AVE,"$15,000.00",15000.00,0.010058
48,,100 S JEAN BAPTISTE POINTE DUSABLE LAKE SHORE DR SB,"$15,000.00",15000.00,0.010058
48,Alley Apron Menu (2025),1058 W BALMORAL AVE,"$10,693.05",10693.05,0.007170
48,Alley Apron Menu (2025),1316 W BERWYN AVE,"$14,950.82",14950.82,0.010025
48,Alley Apron Menu (2025),1317 W BALMORAL AVE,"$27,495.53",27495.53,0.018436
48,Alley Apron Menu (2025),1410 W ROSEMONT AVE,"$21,210.46",21210.46,0.014222
48,Alley Apron Menu (2025),5863 N GLENWOOD AVE,"$11,426.25",11426.25,0.007661
48,Alley Apron Menu (2025),6205 N WAYNE AVE,"$18,116.86",18116.86,0.012147
48,Alley Apron Menu (2025),6246 N GREENVIEW AVE,"$16,598.30",16598.3,0.011129
48,Alley Resurfacing Menu (2025),N BROADWAY & W ELMDALE AVE,"$20,447.40",20447.40,0.013710
48,,W THORNDALE AVE & N MAGNOLIA AVE,"$20,447.40",20447.40,0.013710
48,Alley Resurfacing Menu (2025),N RIDGE AVE & W HOLLYWOOD AVE & N GLENWOOD AVE & N RIDGE AVE,"$6,164.65",6164.65,0.004133
48,,1328 W HOLLYWOOD AVE,"$6,164.65",6164.65,0.004133
48,Alley Resurfacing Menu (2025),N WINTHROP AVE & W ARGYLE ST & N KENMORE AVE & W WINONA ST,"$12,175.12",12175.12,0.008163
48,Alley Resurfacing Menu (2025),W CATALPA AVE & N WINTHROP AVE & N KENMORE AVE & W BRYN MAWR AVE,"$35,423.94",35423.94,0.023752
48,Alley Resurfacing Menu (2025),W GRANVILLE AVE & N WINTHROP AVE & N KENMORE AVE & W GLENLAKE AVE,"$27,869.93",27869.93,0.018687
48,Alley Resurfacing Menu (2025),W HIGHLAND AVE & N GREENVIEW AVE & N CLARK ST & W ROSEMONT AVE,"$40,864.74",40864.74,0.027400
48,Alley Resurfacing Menu (2025),W WINONA ST & N SHERIDAN RD & N MARINE DR & W FOSTER AVE,"$58,273.69",58273.69,0.039073
48,Alley Speed Hump Replacement (2025),N WINTHROP AVE & W ARGYLE ST & N KENMORE AVE & W WINONA ST,$0.00,0.0,0.000000
48,Alley Speed Hump Replacement (2025),W CATALPA AVE & N WINTHROP AVE & N KENMORE AVE & W BRYN MAWR AVE,$0.00,0.0,0.000000
48,Alley Speed Hump Replacement (2025),W GRANVILLE AVE & N WINTHROP AVE & N KENMORE AVE & W GLENLAKE AVE,$0.00,0.0,0.000000
48,Alley Speed Hump Replacement (2025),W WINONA ST & N SHERIDAN RD & N MARINE DR & W FOSTER AVE,$0.00,0.0,0.000000
48,Arterial Street Bump Outs Menu (2025),W FOSTER AVE & N WAYNE AVE,"$60,000.00",60000.0,0.040230
48,Bollard Menu (2025),N BROADWAY & W ARGYLE ST,"$12,819.99",12819.99,0.008596
48,Bollard Menu (2025),1000-1200 W Argyle St,"$15,000.00",15000.0,0.010058
48,LED Traffic Signal Upgrades & Pedestrian Countdown,N SHERIDAN RD & W BALMORAL AVE,"$90,000.00",90000.00,0.060345
48,,5400 N SHERIDAN RD,"$90,000.00",90000.00,0.060345
48,Miscellaneous CDOT Projects (2025),N BROADWAY & W THORNDALE AVE,"$6,000.00",6000.00,0.004023
48,,N BROADWAY & W HOLLYWOOD AVE,"$6,000.00",6000.00,0.004023
48,Miscellaneous CDOT Projects (2025),5200-5800 N Clark St,"$9,246.79",9246.79,0.006200
48,Miscellaneous CDOT Projects (2025),1000-1200 W Argyle St,"$52,928.78",52928.78,0.035489
48,Pavement Markings Menu (2025),N SHERIDAN RD & W CATALPA AVE,"$2,000.00",2000.0,0.001341
48,Pavement Markings Menu (2025),998-1200 W Bryn Mawr Ave,"$250,000.00",250000.0,0.167626
48,Pavement Markings Menu (2025),1199-1500 W Foster Ave,"$3,400.00",3400.0,0.002280
48,Sidewalk Menu (2025),1057 W FOSTER AVE,"$1,272.95",1272.95,0.000854
48,,W FOSTER AVE & N KENMORE AVE & N WINTHROP AVE & W WINONA ST,"$1,272.95",1272.95,0.000854
48,Sidewalk Menu (2025),1126 W ARGYLE ST,"$1,561.68",1561.68,0.001047
48,Sidewalk Menu (2025),1436 W GRANVILLE AVE,"$9,522.10",9522.1,0.006385
48,Sidewalk Menu (2025),1439 W GREGORY ST,"$5,573.16",5573.16,0.003737
48,Sidewalk Menu (2025),4910 N SHERIDAN RD,"$31,098.46",31098.46,0.020852
48,Sidewalk Menu (2025),5300 N SHERIDAN RD,"$3,335.77",3335.77,0.002237
48,,1018 W BERWYN AVE,"$3,335.77",3335.77,0.002237
48,Sidewalk Menu (2025),5509 N KENMORE AVE,"$3,081.16",3081.16,0.002066
48,Sidewalk Menu (2025),5517 N KENMORE AVE,"$26,715.01",26715.01,0.017913
48,Sidewalk Menu (2025),5609 N BROADWAY,"$3,079.47",3079.47,0.002065
48,Signal (2025) Miscellaneous CDOT Projects (2025),N BROADWAY & W ARGYLE ST,$660.00,660.0,0.000443
48,Street Bump Outs Menu (2025),W ELMDALE AVE & N MAGNOLIA AVE,"$17,437.43",17437.43,0.011692
48,Street Resurfacing Menu (2025),6107-6129 N KENMORE AVE,"$15,799.65",15799.65,0.010594
48,,6100-6200 N Kenmore Ave,"$15,799.65",15799.65,0.010594
48,Street Resurfacing Menu (2025),5850-5900 N Glenwood Ave,"$35,081.49",35081.49,0.023522
48,Street Resurfacing Menu (2025),6100-6130 N Glenwood Ave,"$32,181.65",32181.65,0.021578
48,Street Resurfacing Menu (2025),6130-6200 N Glenwood Ave,"$11,755.38",11755.38,0.007882
48,Street Resurfacing Menu (2025),6300-6400 N Glenwood Ave,"$94,933.83",94933.83,0.063653
48,Street Resurfacing Menu (2025),1000-1100 W Ardmore Ave,"$75,361.03",75361.03,0.050530
48,Street Speed Hump Menu (2025),1401 W NORWOOD ST,"$2,440.00",2440.0,0.001636
48,Street Speed Hump Menu (2025),6054 N GLENWOOD AVE,"$2,440.00",2440.0,0.001636
48,Street Speed Hump Menu (2025),5400-5500 N Wayne Ave,"$4,880.00",4880.0,0.003272
48,Street Speed Hump Menu (2025),5300-5400 N Wayne Ave,"$4,880.00",4880.0,0.003272
48,Street Speed Hump Menu (2025),1300-1400 W Ardmore Ave,"$2,440.00",2440.0,0.001636
48,Street Speed Hump Menu (2025),1500-1600 W Hood Ave,"$4,880.00",4880.0,0.003272
48,Street Speed Hump Menu (2025),1500-1600 W Norwood St,"$4,880.00",4880.0,0.003272
48,Street Speed Hump Replacement (2025),6100-6130 N Glenwood Ave,$0.00,0.0,0.000000
48,Street Speed Hump Replacement (2025),6130-6200 N Glenwood Ave,$0.00,0.0,0.000000
48,Street Speed Hump Replacement (2025),6100-6200 N Kenmore Ave,$0.00,0.0,0.000000
48,to Lakefront Trail via Meadows 2025 Menu- 48th ward- Lakefront Bunches,400 S JEAN BAPTISTE POINTE DUSABLE LAKE SHORE DR SB,"$100,000.00",100000.0,0.067050
49,Arterial Street Bump Outs Menu (2025),N ROGERS AVE & N HONORE ST,"$80,000.00",80000.0,0.062523
49,Arterial Street Bump Outs Menu (2025),W TOUHY AVE & N PAULINA ST,"$184,102.89",184102.89,0.143883
49,Curb & Gutter Menu (2025),N SHERIDAN RD & W NORTH SHORE AVE,"$22,934.38",22934.38,0.017924
49,Left-Turn Arrow Menu (2025),N RIDGE BLVD & W PRATT BLVD,"$233,342.70",233342.7,0.182366
49,Miscellaneous CDOT Projects (2025),5900 N SHERIDAN RD,$660.00,660.0,0.000516
49,Miscellaneous CDOT Projects (2025),7500-7510 N Rogers Ave,"$226,764.13",226764.13,0.177225
49,Pollard Family Exhibit at Paschen Park,1932 W LUNT AVE,"$12,000.00",12000.0,0.009378
49,Sidewalk Menu (2025),1560 W HOWARD ST,"$1,976.94",1976.94,0.001545
49,Sidewalk Menu (2025),1617 W HOWARD ST,"$1,976.94",1976.94,0.001545
49,Sidewalk Menu (2025),7434-7442 N HERMITAGE AVE,"$14,242.94",14242.94,0.011131
49,Street Bump Outs Menu (2025),N GLENWOOD AVE & W ARTHUR AVE,"$44,076.58",44076.58,0.034447
49,Street Bump Outs Menu (2025),N GLENWOOD AVE & W NORTH SHORE AVE,"$21,877.65",21877.65,0.017098
49,Street Bump Outs Menu (2025),N NEWGARD AVE & W ARTHUR AVE,"$30,000.00",30000.0,0.023446
49,Street Light Upgrade Menu (2025),N CLARK ST & W WALLEN AVE,$700.00,700.0,0.000547
49,Street Resurfacing Menu (2025),6400-6800 N Glenwood Ave,"$255,832.54",255832.54,0.199943
49,Street Resurfacing Menu (2025),6800-6900 N Lakewood Ave,"$36,673.86",36673.86,0.028662
49,Street Resurfacing Menu (2025),1200-1400 W Lunt Ave,"$77,728.18",77728.18,0.060747
49,Street Speed Hump Menu (2025),6600-6740 N Glenwood Ave,"$7,320.00",7320.0,0.005721
49,Street Speed Hump Menu (2025),6500-6550 N Glenwood Ave,"$2,440.00",2440.0,0.001907
49,Street Speed Hump Menu (2025),7040-7100 N Wolcott Ave,"$2,440.00",2440.0,0.001907
49,Street Speed Hump Menu (2025),1530-1600 W Arthur Ave,"$2,440.00",2440.0,0.001907
49,Street Speed Hump Replacement (2025),6400-6800 N Glenwood Ave,$0.00,0.0,0.000000
49,Street Traffic Circle Menu (2025),N NEWGARD AVE & W ALBION AVE,"$20,000.00",20000.0,0.015631
50,Alley Apron Menu (2025),2956 W JEROME ST,"$35,203.28",35203.28,0.023670
50,Alley Resurfacing Menu (2025),2414-2418 W LUNT AVE,"$2,441.14",2441.14,0.001641
50,,W LUNT AVE & N WESTERN AVE & N WESTERN AVE & W GREENLEAF,"$2,441.14",2441.14,0.001641
50,Alley Resurfacing Menu (2025),AVE 6608 N ARTESIAN AVE,"$15,790.16",15790.16,0.010617
50,,N ARTESIAN AVE & W ALBION AVE & W NORTH SHORE AVE & N CAMPBELL AVE,"$15,790.16",15790.16,0.010617
50,Alley Resurfacing Menu (2025),N BELL AVE & W GRANVILLE AVE & W ROSEMONT AVE & N OAKLEY AVE,"$38,516.31",38516.31,0.025898
50,Alley Resurfacing Menu (2025),N CAMPBELL AVE & W GRANVILLE AVE & W ROSEMONT AVE & N MAPLEWOOD AVE,"$32,754.53",32754.53,0.022024
50,Alley Resurfacing Menu (2025),N VIRGINIA AVE & W BRYN MAWR AVE & W HOLLYWOOD AVE & N SACRAMENTO AVE,"$47,971.86",47971.86,0.032256
50,Alley Resurfacing Menu (2025),W GREENLEAF AVE & N HAMILTON AVE & N BELL AVE & W LUNT AVE,"$45,390.50",45390.5,0.030520
50,Alley Speed Hump Menu (2025),N CENTRAL PARK AVE & W DEVON AVE & W ROSEMONT AVE & N DRAKE AVE,"$1,450.00",1450.0,0.000975
50,Bollard Menu (2025),W DEVON AVE & N RICHMOND ST,"$2,768.59",2768.59,0.001862
50,,2927 W DEVON AVE,"$2,768.59",2768.59,0.001862
50,Concrete Alley Menu (2025),N RIDGE BLVD & W ESTES AVE & W GREENLEAF AVE & N BELL AVE,"$40,473.89",40473.89,0.027214
50,Curb & Gutter Menu (2025),2200-2300 W Greenleaf Ave,"$215,000.00",215000.0,0.144565
50,Miscellaneous CDOT Projects (2025),W BRYN MAWR AVE & N MOZART ST,"$35,000.00",35000.0,0.023534
50,Pavement Markings Menu (2025),W TOUHY AVE & N ALBANY AVE,"$18,200.00",18200.0,0.012238
50,Sidewalk Menu (2025),5742 N SACRAMENTO AVE,"$96,821.84",96821.84,0.065102
50,Street Light Residential Staggered Piggy Back Menu (2025),6600-6700 N Washtenaw Ave,"$185,000.00",185000.0,0.124393
50,Street Light Upgrade Menu (2025),2701 W CHASE AVE,$500.00,500.0,0.000336
50,Street Light Upgrade Menu (2025),5618 N CALIFORNIA AVE,$500.00,500.0,0.000336
50,Street Light Upgrade Menu (2025),6336 N LINCOLN AVE,"$1,000.00",1000.0,0.000672
50,Street Light Upgrade Menu (2025),6504 N ROCKWELL ST,$500.00,500.0,0.000336
50,Street Light Upgrade Menu (2025),6558 N CAMPBELL AVE,$500.00,500.0,0.000336
50,Street Resurfacing Menu (2025),2724 W SHERWIN AVE,"$5,108.55",5108.55,0.003435
50,Street Resurfacing Menu (2025),6200-6300 N Mozart St,"$53,103.38",53103.38,0.035706
50,Street Resurfacing Menu (2025),6340-6400 N Ridgeway Ave,"$10,804.30",10804.3,0.007265
50,Street Resurfacing Menu (2025),3100-3200 W Fargo Ave,"$52,324.75",52324.75,0.035183
50,Street Resurfacing Menu (2025),2600-2700 W Fargo Ave,"$54,013.52",54013.52,0.036318
50,Street Resurfacing Menu (2025),2458-2400 W Greenleaf Ave,"$34,732.22",34732.22,0.023354
50,Street Resurfacing Menu (2025),2835-2800 W Jarlath St,"$34,350.62",34350.62,0.023097
50,Street Resurfacing Menu (2025),2200-2230 W Thome Ave,"$21,365.83",21365.83,0.014366
50,Street Speed Hump Menu (2025),5750-5700 N Francisco Ave,"$4,880.00",4880.0,0.003281
50,Street Speed Hump Menu (2025),6200-6300 N Troy St,"$4,880.00",4880.0,0.003281
50,Street Speed Hump Menu (2025),2700-2800 W Birchwood Ave,"$4,880.00",4880.0,0.003281
50,Street Speed Hump Menu (2025),3100-3200 W Fargo Ave,$0.00,0.0,0.000000
50,W Greenleaf Ave from N Rockwell St to N California Ave; Including N Washtenaw Av and N Rockwell St from Alley,2600-2800 W Greenleaf Ave,"$370,000.00",370000.0,0.248785
1,WARD TOTAL,,"$1,492,754.99",1492754.99,
2,WARD TOTAL,,"$1,500,000.02",1500000.02,
3,WARD TOTAL,,"$1,486,036.12",1486036.12,
4,WARD TOTAL,,"$1,499,999.99",1499999.99,
5,WARD TOTAL,,"$1,497,691.03",1497691.03,
6,WARD TOTAL,,"$1,438,698.03",1438698.03,
7,WARD TOTAL,,"$1,480,999.99",1480999.99,
8,WARD TOTAL,,"$1,500,000.02",1500000.02,
9,WARD TOTAL,,"$1,488,542.77",1488542.77,
10,WARD TOTAL,,"$1,385,494.24",1385494.24,
11,WARD TOTAL,,"$1,444,134.77",1444134.77,
12,WARD TOTAL,,"$1,054,884.23",1054884.23,
13,WARD TOTAL,,"$1,499,972.58",1499972.58,
14,WARD TOTAL,,"$1,480,051.78",1480051.78,
15,WARD TOTAL,,"$1,464,677.61",1464677.61,
16,WARD TOTAL,,"$1,288,659.30",1288659.30,
17,WARD TOTAL,,"$1,465,927.27",1465927.27,
18,WARD TOTAL,,"$1,499,809.88",1499809.88,
19,WARD TOTAL,,"$1,491,107.54",1491107.54,
20,WARD TOTAL,,"$1,381,949.38",1381949.38,
21,WARD TOTAL,,"$1,452,876.68",1452876.68,
22,WARD TOTAL,,"$1,192,550.42",1192550.42,
23,WARD TOTAL,,"$1,350,644.67",1350644.67,
24,WARD TOTAL,,"$1,499,999.99",1499999.99,
25,WARD TOTAL,,"$1,495,570.69",1495570.69,
26,WARD TOTAL,,"$1,368,353.22",1368353.22,
27,WARD TOTAL,,"$1,486,732.19",1486732.19,
28,WARD TOTAL,,"$1,467,892.16",1467892.16,
29,WARD TOTAL,,"$1,492,754.98",1492754.98,
30,WARD TOTAL,,"$1,206,948.35",1206948.35,
31,WARD TOTAL,,"$1,424,580.70",1424580.70,
32,WARD TOTAL,,"$1,460,719.28",1460719.28,
33,WARD TOTAL,,"$838,002.59",838002.59,
34,WARD TOTAL,,"$1,466,584.92",1466584.92,
35,WARD TOTAL,,"$1,397,640.39",1397640.39,
36,WARD TOTAL,,"$1,489,742.82",1489742.82,
37,WARD TOTAL,,"$1,391,985.89",1391985.89,
38,WARD TOTAL,,"$1,467,978.57",1467978.57,
39,WARD TOTAL,,"$1,295,852.95",1295852.95,
40,WARD TOTAL,,"$1,500,000.00",1500000.00,
41,WARD TOTAL,,"$1,458,307.40",1458307.40,
42,WARD TOTAL,,"$1,053,024.41",1053024.41,
43,WARD TOTAL,,"$1,499,999.99",1499999.99,
44,WARD TOTAL,,"$1,499,999.99",1499999.99,
45,WARD TOTAL,,"$1,499,999.98",1499999.98,
46,WARD TOTAL,,"$1,410,822.58",1410822.58,
47,WARD TOTAL,,"$1,499,984.91",1499984.91,
48,WARD TOTAL,,"$1,491,416.94",1491416.94,
49,WARD TOTAL,,"$1,279,529.73",1279529.73,
50,WARD TOTAL,,"$1,487,225.16",1487225.16,
