ward,menu_package,address,cost,cost_numeric,cost_share
1,Alley Apron Menu (2024),2619 N WASHTENAW AVE,"$69,430.67",69430.67,0.049226
1,Arterial Street Bump Outs Menu (2024),N WESTERN AVE & W BLOOMINGDALE AVE,"$23,508.74",23508.74,0.016668
1,at N. California Ave. & W. Armitage Ave. LED Traffic Signal Upgrades & Pedestrian Countdown,W ARMITAGE AVE & N KEDZIE AVE,"$16,987.88",16987.88,0.012044
1,Curb & Gutter Menu (2024),1415 N WOOD ST,"$43,169.06",43169.06,0.030607
1,Curb & Gutter Menu (2024),2540 W ARMITAGE AVE,"$17,136.20",17136.20,0.012150
1,,2002 N STAVE ST,"$17,136.20",17136.20,0.012150
1,,W ARMITAGE AVE & N STAVE ST,"$17,136.20",17136.20,0.012150
1,Curb & Gutter Menu (2024),W BELDEN AVE & N TALMAN AVE,"$67,746.48",67746.48,0.048032
1,Goethe Elementary School - New Playspace and Field,2236 N ROCKWELL ST,"$100,000.00",100000.0,0.070900
1,Installation of LED and pedestrian countdown traffic signals,N CALIFORNIA AVE & W ARMITAGE AVE,"$19,957.74",19957.74,0.014150
1,Miscellaneous Other Projects (2024),1425 N DAMEN AVE,"$175,000.00",175000.0,0.124075
1,Park 399 Upgrades - 1420 N Artesian,1420 N ARTESIAN AVE,"$100,000.00",100000.0,0.070900
1,Sidewalk Menu (2024),1347 N GREENVIEW AVE,"$11,062.30",11062.3,0.007843
1,Sidewalk Menu (2024),1601-1699 W SUPERIOR ST,"$70,098.09",70098.09,0.049700
1,Signal (2024) Miscellaneous CDOT Projects (2024),2735 W ARMITAGE AVE,$660.00,660.0,0.000468
1,Speed Indicator Signs (2024),2634 W LOGAN BLVD,"$16,310.35",16310.35,0.011564
1,,2909 W LOGAN BLVD,"$16,310.35",16310.35,0.011564
1,Street Bump Outs Menu (2024),N CALIFORNIA AVE & W CORTLAND ST,"$20,463.11",20463.11,0.014508
1,Street Light Upgrade Menu (2024),1502 N DAMEN AVE,$500.00,500.00,0.000354
1,,1530 N DAMEN AVE,$500.00,500.00,0.000354
1,,1542 N DAMEN AVE,$500.00,500.00,0.000354
1,Street Resurfacing Menu (2024),1501-1599 N BELL AVE,"$20,668.85",20668.85,0.014654
1,,1500-1600 N Bell Ave,"$20,668.85",20668.85,0.014654
1,Street Resurfacing Menu (2024),1325-1200 N Wood St,"$150,689.86",150689.86,0.106839
1,Street Resurfacing Menu (2024),1000-1100 N Wood St,"$79,068.79",79068.79,0.056060
1,Street Resurfacing Menu (2024),1100-1200 N Wood St,"$121,580.82",121580.82,0.086201
1,Street Resurfacing Menu (2024),1700-1800 W Erie St,"$75,102.45",75102.45,0.053248
1,Street Resurfacing Menu (2024),2500-2540 W Le Moyne St,"$13,319.57",13319.57,0.009444
1,Street Speed Hump Menu (2024),1500-1600 N Artesian Ave,"$4,880.00",4880.0,0.003460
1,Street Speed Hump Menu (2024),2700-2800 N Francisco Ave,"$4,880.00",4880.0,0.003460
1,Street Speed Hump Menu (2024),800-1000 N Hermitage Ave,"$7,320.00",7320.0,0.005190
1,Street Speed Hump Menu (2024),1500-1600 N Oakley Ave,"$4,880.00",4880.0,0.003460
1,Street Speed Hump Menu (2024),2000-2160 N Stave St,"$12,200.00",12200.0,0.008650
1,Street Speed Hump Menu (2024),2400-2600 N Talman Ave,"$9,760.00",9760.0,0.006920
1,Street Speed Hump Menu (2024),1600-1800 W Beach Ave,"$9,760.00",9760.0,0.006920
1,Street Speed Hump Menu (2024),2000-2200 W Cortez St,"$9,760.00",9760.0,0.006920
1,Street Speed Hump Menu (2024),2600-2800 W Cortland St,"$9,760.00",9760.0,0.006920
1,Street Speed Hump Menu (2024),2800-3000 W Dickens Ave,"$7,320.00",7320.0,0.005190
1,Street Speed Hump Menu (2024),1700-1800 W Erie St,"$4,880.00",4880.0,0.003460
1,Street Speed Hump Menu (2024),2400-2540 W Le Moyne St,"$7,320.00",7320.0,0.005190
1,Street Speed Hump Menu (2024),2400-2500 W Lyndale St,"$2,440.00",2440.0,0.001730
1,Street Speed Hump Menu (2024),2840-3000 W Medill Ave,"$2,440.00",2440.0,0.001730
1,Street Speed Hump Menu (2024),2000-2200 W Thomas St,"$9,760.00",9760.0,0.006920
1,Street Speed Hump Replacement (2024),1500-1600 N Bell Ave,$0.00,0.00,0.000000
1,,1501-1599 N BELL AVE,$0.00,0.00,0.000000
1,Street Traffic Circle Menu (2024),N ROCKWELL ST & W CORTLAND ST,"$18,365.38",18365.38,0.013021
2,(2024) Miscellaneous CDOT Projects (2024),530 N MCCLURG CT,$660.00,660.0,0.000506
2,Alley Resurfacing Menu (2024),N CLARK ST & W SCHILLER ST & W BURTON PL & N DEARBORN ST,"$27,810.45",27810.45,0.021326
2,Alley Resurfacing Menu (2024),N HUDSON AVE & W NORTH AVE & W BLACKHAWK ST & N SEDGWICK ST,"$38,625.63",38625.63,0.029620
2,Alley Resurfacing Menu (2024),N MAGNOLIA AVE & W WEBSTER AVE & W BELDEN AVE & N RACINE AVE,"$40,370.34",40370.34,0.030958
2,Alley Resurfacing Menu (2024),N WELLS ST & W GOETHE ST & W SCHILLER ST & N LA SALLE DR,"$34,499.24",34499.24,0.026456
2,Alley Speed Hump Menu (2024),E ONTARIO ST & N ST CLAIR ST & N FAIRBANKS CT & E OHIO ST,"$2,175.00",2175.0,0.001668
2,Alley Speed Hump Menu (2024),N GREENVIEW AVE & N CLYBOURN AVE & N JANSSEN AVE & W BELDEN AVE,"$2,175.00",2175.0,0.001668
2,Alley Speed Hump Menu (2024),W FULLERTON AVE & N JANSSEN AVE & N SOUTHPORT AVE & W BELDEN AVE,"$1,450.00",1450.00,0.001112
2,,1425 W FULLERTON AVE,"$1,450.00",1450.00,0.001112
2,Arterial Street Bump Outs Menu (2024),N SOUTHPORT AVE & W BELDEN AVE,"$400,000.00",400000.0,0.306740
2,Concrete Alley Menu (2024),N LARRABEE ST & W NORTH AVE & W BLACKHAWK ST & N MOHAWK ST,"$61,080.84",61080.84,0.046840
2,Curb & Gutter Menu (2024),161 W BURTON PL,"$4,174.37",4174.37,0.003201
2,Curb & Gutter Menu (2024),400-500 E Huron St,"$58,975.44",58975.44,0.045225
2,"In-Road ""State Law Stop For Pedestrians"" Sign Menu",N HALSTED ST & W BLACKHAWK ST,$350.00,350.0,0.000268
2,Miscellaneous CDOT Projects (2024),E LAKE SHORE DR & N MICHIGAN AVE,$761.00,761.0,0.000584
2,Miscellaneous CDOT Projects (2024),N LA SALLE DR & W BURTON PL,"$105,000.00",105000.0,0.080519
2,Miscellaneous CDOT Projects (2024),N LA SALLE DR & W DELAWARE PL,"$120,000.00",120000.0,0.092022
2,Miscellaneous CDOT Projects (2024),1430-1500 W Fullerton Ave,"$4,773.00",4773.0,0.003660
2,Sidewalk Menu (2024),1250 N LA SALLE DR,"$23,843.94",23843.94,0.018285
2,Sidewalk Menu (2024),1339 N DEARBORN ST,"$20,115.81",20115.81,0.015426
2,Sidewalk Menu (2024),1554 N DEARBORN PKWY,"$12,840.21",12840.21,0.009847
2,Sidewalk Menu (2024),2210 N SOUTHPORT AVE,"$21,667.54",21667.54,0.016616
2,Sidewalk Menu (2024),W WEBSTER AVE & N WAYNE AVE,"$31,223.69",31223.69,0.023944
2,Street Light Pole Painting Menu (2024),1300-1400 N Dearborn St,"$1,800.00",1800.0,0.001380
2,Street Resurfacing Menu (2024),150-300 E Delaware Pl,"$156,618.88",156618.88,0.120103
2,Street Resurfacing Menu (2024),330-1000 E Lake Shore Dr,"$55,540.08",55540.08,0.042591
2,Street Resurfacing Menu (2024),600-660 N Mcclurg Ct,"$47,031.91",47031.91,0.036066
2,Street Resurfacing Menu (2024),1600-1700 N North Park Ave,"$21,704.35",21704.35,0.016644
2,Street Speed Hump Menu (2024),2300-2400 N Lakewood Ave,"$2,440.00",2440.0,0.001871
2,Street Speed Hump Menu (2024),200-300 W Chestnut St,"$2,440.00",2440.0,0.001871
2,Street Speed Hump Menu (2024),200-300 W Institute Pl,"$2,440.00",2440.0,0.001871
3,Alley Resurfacing Menu (2024),E 44TH PL & S VINCENNES AVE & E 45TH ST & S ST LAWRENCE AVE,"$57,146.97",57146.97,0.038098
3,Alley Resurfacing Menu (2024),E 44TH ST & S VINCENNES AVE,"$16,727.47",16727.47,0.011152
3,,436 E 44TH ST,"$16,727.47",16727.47,0.011152
3,,E 44TH ST & S DR MARTIN LUTHER KING JR DR E,"$16,727.47",16727.47,0.011152
3,Alley Resurfacing Menu (2024),S CALUMET AVE & E 42ND ST & E 43RD ST & S DR MARTIN LUTHER KING JR DR,"$46,904.63",46904.63,0.031270
3,Alley Resurfacing Menu (2024),S INDIANA AVE & E 21ST ST & E CULLERTON ST & S PRAIRIE AVE,"$17,335.18",17335.18,0.011557
3,Alley Resurfacing Menu (2024),S INDIANA AVE & E 50TH ST & E 51ST ST & S PRAIRIE AVE,"$31,425.81",31425.81,0.020951
3,Alley Resurfacing Menu (2024),S MICHIGAN AVE & E 40TH ST & E PERSHING RD & S INDIANA AVE,"$45,297.80",45297.8,0.030199
3,Alley Resurfacing Menu (2024),S STATE ST & W 43RD ST & E 44TH ST & S WABASH AVE,"$67,066.03",67066.03,0.044711
3,Alley Resurfacing Menu (2024),S VINCENNES AVE & E 46TH PL & E 47TH ST & S ST LAWRENCE AVE,"$44,617.99",44617.99,0.029745
3,Alley Speed Hump Menu (2024),E 16TH ST & S MICHIGAN AVE & S INDIANA AVE & E 18TH ST,"$2,175.00",2175.0,0.001450
3,Alley Speed Hump Replacement (2024),S CALUMET AVE & E 42ND ST & E 43RD ST & S DR MARTIN LUTHER KING JR DR,$0.00,0.0,0.000000
3,Arterial Street Bump Outs Menu (2024),1400-1527 S Indiana Ave,"$65,000.00",65000.00,0.043333
3,,S INDIANA AVE & E 14TH ST,"$65,000.00",65000.00,0.043333
3,Arterial Street Bump Outs Menu (2024),S STATE ST & E 14TH PL,"$28,059.35",28059.35,0.018706
3,Curb & Gutter Menu (2024),3800-3814 S DR MARTIN LUTHER KING JR DR,"$34,004.20",34004.2,0.022669
3,Installation of Accessible Pedestrian Signals (APS) at S. Dr.,S DR MARTIN LUTHER KING JR DR & E 41ST ST,"$76,277.00",76277.0,0.050851
3,Martin Luther King Jr. Dr. & E. 41st ST. Miscellaneous CDOT Projects (2024),5327 S PRAIRIE AVE,$150.00,150.0,0.000100
3,Pavement Markings Menu (2024),S INDIANA AVE & E 14TH ST,"$2,000.00",2000.00,0.001333
3,,1400-1527 S Indiana Ave,"$2,000.00",2000.00,0.001333
3,Sidewalk Menu (2024),1310 S WABASH AVE,"$17,451.31",17451.31,0.011634
3,Sidewalk Menu (2024),3330 S INDIANA AVE,"$8,519.87",8519.87,0.005680
3,Sidewalk Menu (2024),4938 S DR MARTIN LUTHER KING JR DR,"$3,323.41",3323.41,0.002216
3,Sidewalk Menu (2024),4948 S INDIANA AVE,"$5,328.13",5328.13,0.003552
3,,4918 S INDIANA AVE,"$5,328.13",5328.13,0.003552
3,,4938 S INDIANA AVE,"$5,328.13",5328.13,0.003552
3,Sidewalk Menu (2024),4500-4530 S Dr Martin Luther King Jr Dr E,"$40,557.73",40557.73,0.027038
3,Speed Indicator Signs (2024),1400-1527 S Indiana Ave,"$28,000.00",28000.0,0.018667
3,Street Bump Outs Menu (2024),W 16TH ST & S DEARBORN ST,"$32,000.00",32000.0,0.021333
3,Street Resurfacing Menu (2024),3800-3814 S DR MARTIN LUTHER KING JR DR,"$11,743.80",11743.8,0.007829
3,Street Resurfacing Menu (2024),0-100 E 29th St,"$82,088.75",82088.75,0.054726
3,Street Resurfacing Menu (2024),500-600 E 44th Pl,"$52,948.69",52948.69,0.035299
3,Street Resurfacing Menu (2024),1-200 E 44th St,"$67,116.15",67116.15,0.044744
3,Street Resurfacing Menu (2024),3500-3700 S Calumet Ave,"$114,792.51",114792.51,0.076528
3,Street Resurfacing Menu (2024),4500-4600 S Champlain Ave,"$30,623.88",30623.88,0.020416
3,Street Resurfacing Menu (2024),4699-4899 S Vincennes Ave,"$152,408.58",152408.58,0.101606
3,Street Resurfacing Menu (2024),0-120 W 17th St,"$84,183.08",84183.08,0.056122
3,Street Resurfacing Menu (2024),12-120 W 19th St,"$88,334.35",88334.35,0.058890
3,Street Speed Hump Replacement (2024),3500-3700 S Calumet Ave,$0.00,0.0,0.000000
3,Street Traffic Circle Menu (2024),W 46TH ST & S PRINCETON AVE,"$35,000.00",35000.0,0.023333
3,Viaduct Improvement Menu (2024),1178 S PLYMOUTH CT,$281.11,281.11,0.000187
4,Alley Resurfacing Menu (2024),S ELLIS AVE & E 45TH ST & E 46TH ST & S GREENWOOD AVE,"$23,218.24",23218.24,0.016374
4,Alley Speed Hump Replacement (2024),S ELLIS AVE & E 45TH ST & E 46TH ST & S GREENWOOD AVE,$0.00,0.0,0.000000
4,Arterial Street Bump Outs Menu (2024),E 43RD ST & S BERKELEY AVE,"$54,641.69",54641.69,0.038535
4,Concrete Alley Menu (2024),E 42ND PL & S ST LAWRENCE AVE & S VINCENNES AVE & E 43RD ST,"$548,000.00",548000.0,0.386462
4,Concrete Alley Menu (2024),S CHAMPLAIN AVE & E 49TH ST & E 50TH PL & S ST LAWRENCE AVE,"$7,685.70",7685.7,0.005420
4,Concrete Alley Menu (2024),S ELLIS AVE & E 45TH ST & E 46TH ST & S GREENWOOD AVE,"$266,000.00",266000.0,0.187589
4,Curb & Gutter Menu (2024),4830-4832 S DORCHESTER AVE,"$11,331.57",11331.57,0.007991
4,Miscellaneous CDOT Projects (2024),400 E PERSHING RD,$660.00,660.0,0.000465
4,Miscellaneous CDOT Projects (2024),4210-4212 S CHAMPLAIN AVE,$600.00,600.0,0.000423
4,Miscellaneous CDOT Projects (2024),4620 S LANGLEY AVE,$150.00,150.0,0.000106
4,Pavement Markings Menu (2024),E PERSHING RD & S RHODES AVE,"$3,500.00",3500.0,0.002468
4,Pavement Markings Menu (2024),900-1100 E 43rd St,"$3,750.00",3750.0,0.002645
4,Pavement Markings Menu (2024),700-1200 S Columbus Dr,"$15,000.00",15000.0,0.010578
4,Sidewalk Menu (2024),4808 S EVANS AVE,"$5,324.91",5324.91,0.003755
4,Sidewalk Menu (2024),E 8TH ST & S STATE ST,"$28,140.59",28140.59,0.019845
4,Sidewalk Menu (2024),1200-1300 E 48th St,"$1,988.56",1988.56,0.001402
4,Street Bump Outs Menu (2024),E 48TH ST & S DORCHESTER AVE,"$26,626.81",26626.81,0.018778
4,Street Bump Outs Menu (2024),E HYDE PARK BLVD & S UNIVERSITY AVE,"$5,620.00",5620.0,0.003963
4,Street Cul-de-Sac Menu (2024),S GREENWOOD AVE & E HYDE PARK BLVD,"$2,740.95",2740.95,0.001933
4,,4950 S GREENWOOD AVE,"$2,740.95",2740.95,0.001933
4,Street Light Upgrade Menu (2024),640 E OAKWOOD BLVD,$500.00,500.0,0.000353
4,Street Light Upgrade Menu (2024),713 E 43RD ST,$500.00,500.0,0.000353
4,Street Resurfacing Menu (2024),4500-4600 S Champlain Ave,"$30,623.88",30623.88,0.021597
4,Street Resurfacing Menu (2024),800-1100 S Holden Ct,"$88,379.74",88379.74,0.062327
4,Street Resurfacing Menu (2024),4300-4430 S Oakenwald Ave,"$102,427.76",102427.76,0.072234
4,Street Resurfacing Menu (2024),1199-900 S Park Ter,"$82,002.05",82002.05,0.057830
4,Street Resurfacing Menu (2024),1178-900 S Plymouth Ct,"$48,672.61",48672.61,0.034325
4,Street Resurfacing Menu (2024),840-800 S Plymouth Ct,"$26,975.29",26975.29,0.019024
4,Street Speed Hump Menu (2024),2900-3100 S Indiana Ave,"$12,200.00",12200.0,0.008604
4,Street Speed Hump Menu (2024),4440-4699 S Lake Park Ave,"$5,790.75",5790.75,0.004084
4,Street Speed Hump Menu (2024),3100-3300 S Rhodes Ave,"$12,200.00",12200.0,0.008604
4,Street Speed Hump Replacement (2024),800-1100 S Holden Ct,$0.00,0.0,0.000000
4,Street Speed Hump Replacement (2024),4300-4430 S Oakenwald Ave,$0.00,0.0,0.000000
4,Street Speed Hump Replacement (2024),1199-900 S Park Ter,$0.00,0.0,0.000000
5,additional bike racks. Miscellaneous CDOT Projects (2024),1558 E 68TH ST,$660.00,660.0,0.000442
5,Alley Resurfacing Menu (2024),E 70TH ST & S KIMBARK AVE & S WOODLAWN AVE & E 71ST ST,"$18,956.29",18956.29,0.012685
5,Alley Resurfacing Menu (2024),S OGLESBY AVE & E 72ND ST & E 73RD ST & S CRANDON AVE,"$38,052.80",38052.8,0.025464
5,Alley Resurfacing Menu (2024),S WOODLAWN AVE & E 55TH ST & E 56TH ST & S KIMBARK AVE,"$40,634.16",40634.16,0.027191
5,Installation of two concrete pads at Promontory Point for two,5491 S JEAN BAPTISTE POINTE DUSABLE LAKE SHORE DR NB,"$15,000.00",15000.0,0.010038
5,Pavement Markings Menu (2024),920-1200 E Hyde Park Blvd,"$2,500.00",2500.0,0.001673
5,Sidewalk Menu (2024),1148-1130 E 73rd St,"$21,749.24",21749.24,0.014554
5,Street Bump Outs Menu (2024),E HYDE PARK BLVD & S UNIVERSITY AVE,"$15,152.86",15152.86,0.010140
5,Street Light Residential Staggered Piggy Back Menu (2024),6900-7100 S Merrill Ave,"$161,478.00",161478.0,0.108057
5,Street Light Residential Staggered Piggy Back Menu (2024),7300-7400 S University Ave,"$85,250.00",85250.00,0.057047
5,,1100-1199 E 74th St,"$85,250.00",85250.00,0.057047
5,Street Resurfacing Menu (2024),1500-1600 E 65th St,"$56,391.64",56391.64,0.037736
5,Street Resurfacing Menu (2024),1500-1600 E 66th Pl,"$63,477.51",63477.51,0.042477
5,Street Resurfacing Menu (2024),1930-2130 E 72nd Pl,"$134,783.03",134783.03,0.090193
5,Street Resurfacing Menu (2024),6900-7000 S Dante Ave,"$82,218.05",82218.05,0.055018
5,Street Resurfacing Menu (2024),7000-7100 S East End Ave,"$54,281.74",54281.74,0.036324
5,Street Resurfacing Menu (2024),5300-5400 S Ellis Ave,"$47,767.63",47767.63,0.031965
5,Street Resurfacing Menu (2024),6900-7000 S Euclid Ave,"$46,775.45",46775.45,0.031301
5,Street Resurfacing Menu (2024),5300-5500 S Greenwood Ave,"$165,172.14",165172.14,0.110529
5,Street Resurfacing Menu (2024),7399-7470 S Greenwood Ave,"$50,561.01",50561.01,0.033834
5,Street Resurfacing Menu (2024),5700-5900 S Harper Ave,"$109,291.87",109291.87,0.073135
5,Street Resurfacing Menu (2024),6900-6930 S Harper Ave,"$41,063.85",41063.85,0.027479
5,Street Resurfacing Menu (2024),7100-7200 S Oglesby Ave,"$42,130.88",42130.88,0.028193
5,Street Resurfacing Menu (2024),6800-6900 S Oglesby Ave,"$54,483.27",54483.27,0.036459
5,Street Resurfacing Menu (2024),1500-1600 W 65th Pl,"$41,778.57",41778.57,0.027957
5,Street Speed Hump Menu (2024),5400 S RIDGEWOOD CT,"$7,320.00",7320.0,0.004898
5,Street Speed Hump Menu (2024),5800-5900 S Blackstone Ave,"$4,880.00",4880.0,0.003266
5,Street Speed Hump Menu (2024),5600-5700 S Harper Ave,"$7,320.00",7320.0,0.004898
5,Street Speed Hump Replacement (2024),1500-1600 E 66th Pl,$0.00,0.0,0.000000
5,Street Speed Hump Replacement (2024),1930-2130 E 72nd Pl,$0.00,0.0,0.000000
5,Street Speed Hump Replacement (2024),6900-7000 S Dante Ave,$0.00,0.0,0.000000
5,Street Speed Hump Replacement (2024),5700-5900 S Harper Ave,$0.00,0.0,0.000000
5,Street Speed Hump Replacement (2024),6900-6930 S Harper Ave,$0.00,0.0,0.000000
6,Curb & Gutter Menu (2024),7300-7500 S Drexel Ave,"$13,150.84",13150.84,0.008773
6,Curb & Gutter Menu (2024),8200-8400 S Prairie Ave,"$4,373.50",4373.5,0.002918
6,Miscellaneous CDOT Projects (2024),311 E 75TH ST,$660.00,660.0,0.000440
6,Miscellaneous CDOT Projects (2024),532 E 79TH ST,$660.00,660.0,0.000440
6,Miscellaneous CDOT Projects (2024),8216 S VINCENNES AVE,$660.00,660.0,0.000440
6,Miscellaneous CDOT Projects (2024),,$660.00,660.0,0.000440
6,Sidewalk Menu (2024),6931 S SOUTH CHICAGO AVE,"$5,137.72",5137.72,0.003428
6,Sidewalk Menu (2024),7835 S CALUMET AVE,"$9,142.41",9142.41,0.006099
6,Sidewalk Menu (2024),8101 S STEWART AVE,"$22,165.71",22165.71,0.014788
6,Speed Indicator Signs (2024),7700-7800 S Cottage Grove Ave,"$15,500.00",15500.0,0.010341
6,Speed Indicator Signs (2024),8100-8200 S Halsted St,"$15,500.00",15500.0,0.010341
6,Speed Indicator Signs (2024),7100-7200 S Wentworth Ave,"$15,500.00",15500.0,0.010341
6,Street Bump Outs Menu (2024),S ST LAWRENCE AVE & E 75TH ST,"$15,753.91",15753.91,0.010510
6,Street Cul-de-Sac Menu (2024),8800 S STATE ST,"$300,000.00",300000.0,0.200143
6,Street Light Upgrade Menu (2024),7228 S WABASH AVE,$500.00,500.0,0.000334
6,Street Light Upgrade Menu (2024),7938 S VERNON AVE,$500.00,500.0,0.000334
6,Street Light Upgrade Menu (2024),9110 S INDIANA AVE,$500.00,500.0,0.000334
6,Street Light Upgrade Menu (2024),9240 S MICHIGAN AVE,$500.00,500.00,0.000334
6,,9234 S MICHIGAN AVE,$500.00,500.00,0.000334
6,Street Light Upgrade Menu (2024),E 84TH ST & S STATE ST & S WABASH AVE & E 85TH ST,$287.31,287.31,0.000192
6,Street Resurfacing Menu (2024),100-330 E 81st St,"$153,184.35",153184.35,0.102196
6,Street Resurfacing Menu (2024),100-50 E 85th St,"$58,919.47",58919.47,0.039308
6,Street Resurfacing Menu (2024),340-400 E 89th St,"$46,104.02",46104.02,0.030758
6,Street Resurfacing Menu (2024),300-400 E 91st St,"$94,657.42",94657.42,0.063150
6,Street Resurfacing Menu (2024),7300-7500 S Drexel Ave,"$164,787.66",164787.66,0.109937
6,Street Resurfacing Menu (2024),7500-7600 S Langley Ave,"$59,511.71",59511.71,0.039703
6,Street Resurfacing Menu (2024),7200-7400 S Vernon Ave,"$117,026.83",117026.83,0.078074
6,Street Speed Hump Menu (2024),600-800 E 69th St,"$9,760.00",9760.0,0.006511
6,Street Speed Hump Menu (2024),0-400 E 72nd St,"$14,640.00",14640.0,0.009767
6,Street Speed Hump Menu (2024),100-800 E 73rd St,"$29,280.00",29280.0,0.019534
6,Street Speed Hump Menu (2024),300-340 E 78th St,"$2,440.00",2440.0,0.001628
6,Street Speed Hump Menu (2024),340-400 E 84th St,"$2,440.00",2440.0,0.001628
6,Street Speed Hump Menu (2024),100-300 E 84th St,"$4,880.00",4880.0,0.003256
6,Street Speed Hump Menu (2024),440-599 E 84th St,"$4,880.00",4880.0,0.003256
6,Street Speed Hump Menu (2024),200-300 E 85th St,"$2,440.00",2440.0,0.001628
6,Street Speed Hump Menu (2024),100-50 E 85th St,"$2,440.00",2440.0,0.001628
6,Street Speed Hump Menu (2024),0-600 E 86th St,"$21,960.00",21960.0,0.014650
6,Street Speed Hump Menu (2024),300-340 E 90th St,"$2,440.00",2440.0,0.001628
6,Street Speed Hump Menu (2024),300-400 E 91st St,"$4,880.00",4880.0,0.003256
6,Street Speed Hump Menu (2024),7500-7600 S Calumet Ave,"$4,880.00",4880.0,0.003256
6,Street Speed Hump Menu (2024),7800-7900 S Calumet Ave,"$4,880.00",4880.0,0.003256
6,Street Speed Hump Menu (2024),8500-8600 S Calumet Ave,"$4,880.00",4880.0,0.003256
6,Street Speed Hump Menu (2024),9400-9500 S Calumet Ave,"$4,880.00",4880.0,0.003256
6,Street Speed Hump Menu (2024),7800-7900 S Champlain Ave,"$4,880.00",4880.0,0.003256
6,Street Speed Hump Menu (2024),8200-8300 S Champlain Ave,"$4,880.00",4880.0,0.003256
6,Street Speed Hump Menu (2024),7500-7600 S Eberhart Ave,"$4,880.00",4880.0,0.003256
6,Street Speed Hump Menu (2024),7800-7900 S Eberhart Ave,"$4,880.00",4880.0,0.003256
6,Street Speed Hump Menu (2024),7900-8000 S Eberhart Ave,"$4,880.00",4880.0,0.003256
6,Street Speed Hump Menu (2024),7400-7500 S Eggleston Ave,"$4,880.00",4880.0,0.003256
6,Street Speed Hump Menu (2024),7400-7500 S Evans Ave,"$4,880.00",4880.0,0.003256
6,Street Speed Hump Menu (2024),7100-7200 S Indiana Ave,"$4,887.66",4887.66,0.003261
6,Street Speed Hump Menu (2024),7400-7500 S Indiana Ave,"$4,880.00",4880.0,0.003256
6,Street Speed Hump Menu (2024),8900-9500 S Indiana Ave,"$26,840.00",26840.0,0.017906
6,Street Speed Hump Menu (2024),7500-7600 S Langley Ave,"$4,880.00",4880.0,0.003256
6,Street Speed Hump Menu (2024),7800-7900 S Lowe Ave,"$4,880.00",4880.0,0.003256
6,Street Speed Hump Menu (2024),8000-8100 S Michigan Ave,"$4,880.00",4880.0,0.003256
6,Street Speed Hump Menu (2024),8400-8700 S Michigan Ave,"$14,640.00",14640.0,0.009767
6,Street Speed Hump Menu (2024),6700-6900 S Normal Ave,"$9,760.00",9760.0,0.006511
6,Street Speed Hump Menu (2024),6900-7100 S Prairie Ave,"$9,760.00",9760.0,0.006511
6,Street Speed Hump Menu (2024),7100-7200 S Prairie Ave,"$4,880.00",4880.0,0.003256
6,Street Speed Hump Menu (2024),7700-7800 S Prairie Ave,"$4,880.00",4880.0,0.003256
6,Street Speed Hump Menu (2024),8900-9000 S Prairie Ave,"$4,880.00",4880.0,0.003256
6,Street Speed Hump Menu (2024),7700-7800 S Rhodes Ave,"$4,880.00",4880.0,0.003256
6,Street Speed Hump Menu (2024),7800-7900 S Rhodes Ave,"$4,880.00",4880.0,0.003256
6,Street Speed Hump Menu (2024),8300-8400 S Rhodes Ave,"$4,880.00",4880.0,0.003256
6,Street Speed Hump Menu (2024),6300-6700 S Stewart Ave,"$17,080.00",17080.0,0.011395
6,Street Speed Hump Menu (2024),7100-7500 S Stewart Ave,"$19,520.00",19520.0,0.013023
6,Street Speed Hump Menu (2024),6800-6900 S St Lawrence Ave,"$4,880.00",4880.0,0.003256
6,Street Speed Hump Menu (2024),8300-8400 S St Lawrence Ave,"$4,880.00",4880.0,0.003256
6,Street Speed Hump Menu (2024),7200-7400 S Vernon Ave,"$9,760.00",9760.0,0.006511
6,Street Speed Hump Menu (2024),7900-8000 S Vernon Ave,"$4,880.00",4880.0,0.003256
6,Street Speed Hump Menu (2024),8400-8700 S Vernon Ave,"$14,640.00",14640.0,0.009767
6,Street Speed Hump Menu (2024),8300-8700 S Wabash Ave,"$19,520.00",19520.0,0.013023
6,Street Speed Hump Menu (2024),6700-6800 S Wabash Ave,"$4,880.00",4880.0,0.003256
6,Street Speed Hump Menu (2024),632-800 W 65th St,"$4,880.00",4880.0,0.003256
6,Street Speed Hump Menu (2024),200-400 W 65th St,"$7,320.00",7320.0,0.004883
7,ADA - Street Resurfacing Menu (2024),2300-2330 E 81st St,"$7,406.94",7406.94,0.004957
7,ADA - Street Resurfacing Menu (2024),1840-2100 E 96th St,"$15,887.13",15887.13,0.010633
7,Alley Apron Menu (2024),9058 S OGLESBY AVE,"$18,568.20",18568.2,0.012427
7,Alley Apron Menu (2024),2430-2500 E 77th St,"$7,631.60",7631.60,0.005108
7,,2443 E 77TH ST,"$7,631.60",7631.60,0.005108
7,,2444 E 77TH ST,"$7,631.60",7631.60,0.005108
7,Alley Speed Hump Menu (2024),E 72ND ST & S CORNELL AVE & S EAST END AVE & E 73RD ST,"$1,450.00",1450.0,0.000970
7,Curb & Gutter Menu (2024),2100-2130 E 93rd St,"$27,522.36",27522.36,0.018420
7,Curb & Gutter Menu (2024),9100-9400 S Merrill Ave,"$95,929.15",95929.15,0.064203
7,Sidewalk Menu (2024),10042 S CALHOUN AVE,"$6,356.29",6356.29,0.004254
7,Sidewalk Menu (2024),10055 S LUELLA AVE,"$15,712.26",15712.26,0.010516
7,Sidewalk Menu (2024),10059 S OGLESBY AVE,"$14,515.65",14515.65,0.009715
7,Sidewalk Menu (2024),2145 E 100TH ST,"$5,454.66",5454.66,0.003651
7,Sidewalk Menu (2024),2625 E 93RD ST,"$10,547.90",10547.9,0.007059
7,Sidewalk Menu (2024),7219 S CONSTANCE AVE,"$3,690.56",3690.56,0.002470
7,Sidewalk Menu (2024),7250 S CORNELL AVE,"$4,354.81",4354.81,0.002915
7,Sidewalk Menu (2024),7328 S EUCLID AVE,"$6,451.19",6451.19,0.004318
7,Sidewalk Menu (2024),7822-7824 S KINGSTON AVE,"$15,241.19",15241.19,0.010201
7,Sidewalk Menu (2024),9100 S OGLESBY AVE,"$55,506.46",55506.46,0.037149
7,Sidewalk Menu (2024),9116 S SAGINAW AVE,"$3,302.59",3302.59,0.002210
7,Sidewalk Menu (2024),9336 S LUELLA AVE,"$8,670.79",8670.79,0.005803
7,Sidewalk Menu (2024),9347 S MANISTEE AVE,"$5,142.99",5142.99,0.003442
7,Street Light Upgrade Menu (2024),7537 S PHILLIPS AVE,$500.00,500.00,0.000335
7,,7533 S PHILLIPS AVE,$500.00,500.00,0.000335
7,Street Light Upgrade Menu (2024),8218 S BRANDON AVE,$500.00,500.0,0.000335
7,Street Light Upgrade Menu (2024),8340 S PAXTON AVE,$500.00,500.0,0.000335
7,Street Resurfacing Menu (2024),2600-2520 E 73rd St,"$35,231.40",35231.4,0.023580
7,Street Resurfacing Menu (2024),2948-2900 E 78th St,"$31,659.21",31659.21,0.021189
7,Street Resurfacing Menu (2024),2300-2330 E 81st St,"$24,162.70",24162.7,0.016172
7,Street Resurfacing Menu (2024),2930-3100 E 81st St,"$103,379.10",103379.1,0.069189
7,Street Resurfacing Menu (2024),1840-2100 E 96th St,"$108,632.77",108632.77,0.072706
7,Street Resurfacing Menu (2024),8200-8300 S Brandon Ave,"$71,284.87",71284.87,0.047709
7,Street Resurfacing Menu (2024),7800-7900 S Burnham Ave,"$60,386.88",60386.88,0.040416
7,Street Resurfacing Menu (2024),10200-10300 S Calhoun Ave,"$28,185.12",28185.12,0.018864
7,Street Resurfacing Menu (2024),7100-7200 S Cornell Ave,"$63,782.84",63782.84,0.042688
7,Street Resurfacing Menu (2024),9900-10000 S Crandon Ave,"$60,232.12",60232.12,0.040312
7,Street Resurfacing Menu (2024),7400-7500 S Euclid Ave,"$47,906.75",47906.75,0.032063
7,Street Resurfacing Menu (2024),9900-10000 S Luella Ave,"$60,026.61",60026.61,0.040175
7,Street Resurfacing Menu (2024),8000-8100 S Manistee Ave,"$52,031.36",52031.36,0.034823
7,Street Resurfacing Menu (2024),9300-9400 S Manistee Ave,"$58,387.88",58387.88,0.039078
7,Street Resurfacing Menu (2024),8900-9100 S Oglesby Ave,"$127,577.12",127577.12,0.085385
7,Street Resurfacing Menu (2024),9900-10000 S Paxton Ave,"$49,642.83",49642.83,0.033225
7,Street Resurfacing Menu (2024),9100-9300 S Saginaw Ave,"$118,670.89",118670.89,0.079424
7,Street Speed Hump Menu (2024),2400-2450 E 74th St,"$2,440.00",2440.0,0.001633
7,Street Speed Hump Menu (2024),8300-8400 S Baltimore Ave,"$9,760.00",9760.0,0.006532
7,Street Speed Hump Menu (2024),9600-9700 S Crandon Ave,"$9,760.00",9760.0,0.006532
7,Street Speed Hump Menu (2024),9000-9100 S Kingston Ave,"$4,880.00",4880.0,0.003266
7,Street Speed Hump Menu (2024),9200-9300 S Manistee Ave,"$4,880.00",4880.0,0.003266
7,Street Speed Hump Menu (2024),7800-7900 S Marquette Ave,"$4,880.00",4880.0,0.003266
7,Street Speed Hump Menu (2024),7400-7500 S Phillips Ave,"$4,880.00",4880.0,0.003266
7,Street Speed Hump Menu (2024),9700-9800 S Van Vlissingen Rd,"$4,880.00",4880.0,0.003266
7,Street Speed Hump Replacement (2024),1840-2100 E 96th St,$0.00,0.0,0.000000
7,Street Speed Hump Replacement (2024),7800-7900 S Burnham Ave,$0.00,0.0,0.000000
7,Street Speed Hump Replacement (2024),7100-7200 S Cornell Ave,$0.00,0.0,0.000000
7,Street Speed Hump Replacement (2024),9900-10000 S Crandon Ave,$0.00,0.0,0.000000
7,Street Speed Hump Replacement (2024),9900-10000 S Luella Ave,$0.00,0.0,0.000000
7,Street Speed Hump Replacement (2024),8000-8100 S Manistee Ave,$0.00,0.0,0.000000
7,Street Speed Hump Replacement (2024),8900-9100 S Oglesby Ave,$0.00,0.0,0.000000
8,ADA - Street Resurfacing Menu (2024),1400-1430 E 86th St,"$2,887.23",2887.23,0.001974
8,ADA - Street Resurfacing Menu (2024),7400-7500 S Kimbark Ave,"$11,213.19",11213.19,0.007667
8,Alley Speed Hump Menu (2024),E 79TH ST & S CLYDE AVE & S MERRILL AVE & E 80TH ST,"$2,175.00",2175.0,0.001487
8,Bollard Menu (2024),8459 S JEFFERY BLVD,"$5,091.96",5091.96,0.003482
8,Concrete Alley Menu (2024),1748 E 83RD ST,"$7,338.44",7338.44,0.005018
8,,S RIDGELAND AVE & E 83RD ST & E 83RD ST & S CREGIER AVE,"$7,338.44",7338.44,0.005018
8,Curb & Gutter Menu (2024),8810 S CLYDE AVE,"$7,447.10",7447.1,0.005092
8,Curb & Gutter Menu (2024),9017 S EAST END AVE,"$10,073.66",10073.66,0.006888
8,Miscellaneous CDOT Projects (2024),1710-1712 E 79TH ST,$75.00,75.00,0.000051
8,,1738-1740 E 79TH ST,$75.00,75.00,0.000051
8,,1742-1744 E 79TH ST,$75.00,75.00,0.000051
8,,1748 E 79TH ST,$75.00,75.00,0.000051
8,Miscellaneous CDOT Projects (2024),7647 S SOUTH CHICAGO AVE,$75.00,75.00,0.000051
8,,7653 S SOUTH CHICAGO AVE,$75.00,75.00,0.000051
8,,7643 S SOUTH CHICAGO AVE,$75.00,75.00,0.000051
8,,7671 S SOUTH CHICAGO AVE,$75.00,75.00,0.000051
8,Sidewalk Menu (2024),1004 E 76TH ST,"$9,302.04",9302.04,0.006360
8,,1006 E 76TH ST,"$9,302.04",9302.04,0.006360
8,,1010 E 76TH ST,"$9,302.04",9302.04,0.006360
8,Sidewalk Menu (2024),545 E 88TH ST,"$12,311.37",12311.37,0.008418
8,Sidewalk Menu (2024),8226 S DORCHESTER AVE,"$5,264.31",5264.31,0.003599
8,Sidewalk Menu (2024),8545 S KENWOOD AVE,"$15,263.82",15263.82,0.010437
8,Sidewalk Menu (2024),8829-8833 S EUCLID AVE,"$14,674.07",14674.07,0.010033
8,Sidewalk Menu (2024),8906 S EAST END AVE,"$10,260.33",10260.33,0.007015
8,Sidewalk Menu (2024),9143 S EUCLID AVE,"$3,355.47",3355.47,0.002294
8,Sidewalk Menu (2024),9157 S CONSTANCE AVE,"$31,073.07",31073.07,0.021246
8,Sidewalk Menu (2024),9200 S AVALON AVE,"$8,903.80",8903.80,0.006088
8,,S AVALON AVE & E 92ND ST,"$8,903.80",8903.80,0.006088
8,Sidewalk Menu (2024),9747 S DOBSON AVE,"$6,427.47",6427.47,0.004395
8,Street Bump Outs Menu (2024),S JEFFERY BLVD & E 81ST ST,"$10,879.95",10879.95,0.007439
8,Street Light Upgrade Menu (2024),1643 E 86TH PL,$500.00,500.0,0.000342
8,Street Light Upgrade Menu (2024),7914 S EUCLID AVE,$500.00,500.0,0.000342
8,Street Light Upgrade Menu (2024),8321 S DANTE AVE,$500.00,500.0,0.000342
8,Street Light Upgrade Menu (2024),9342 S EAST END AVE,$500.00,500.0,0.000342
8,Street Resurfacing Menu (2024),1600-1700 E 77th St,"$32,412.06",32412.06,0.022162
8,Street Resurfacing Menu (2024),1400-1430 E 84th St,"$28,006.80",28006.8,0.019150
8,Street Resurfacing Menu (2024),1224-1300 E 85th Pl,"$41,162.02",41162.02,0.028144
8,Street Resurfacing Menu (2024),1500-1700 E 85th St,"$112,300.27",112300.27,0.076785
8,Street Resurfacing Menu (2024),1700-1800 E 86th Pl,"$11,743.80",11743.8,0.008030
8,Street Resurfacing Menu (2024),1400-1430 E 86th St,"$29,954.34",29954.34,0.020481
8,Street Resurfacing Menu (2024),500-600 E 87th Pl,"$49,079.24",49079.24,0.033558
8,Street Resurfacing Menu (2024),1400-1500 E 90th Pl,"$38,431.59",38431.59,0.026277
8,Street Resurfacing Menu (2024),9000-9100 S Bennett Ave,"$53,400.95",53400.95,0.036513
8,Street Resurfacing Menu (2024),8200-8300 S Cornell Ave,"$55,078.42",55078.42,0.037660
8,Street Resurfacing Menu (2024),8714-8800 S Crandon Ave,"$38,284.65",38284.65,0.026177
8,Street Resurfacing Menu (2024),7600-7700 S Cregier Ave,"$50,445.94",50445.94,0.034492
8,Street Resurfacing Menu (2024),9000-9100 S Dobson Ave,"$63,540.14",63540.14,0.043445
8,Street Resurfacing Menu (2024),8400-8500 S Drexel Ave,"$53,962.62",53962.62,0.036897
8,Street Resurfacing Menu (2024),9500-9600 S Greenwood Ave,"$56,957.43",56957.43,0.038944
8,Street Resurfacing Menu (2024),8100-8200 S Harper Ave,"$58,226.21",58226.21,0.039812
8,Street Resurfacing Menu (2024),8100-8200 S Ingleside Ave,"$62,248.46",62248.46,0.042562
8,Street Resurfacing Menu (2024),8300-8530 S Kenwood Ave,"$97,567.59",97567.59,0.066711
8,Street Resurfacing Menu (2024),7400-7500 S Kimbark Ave,"$66,454.24",66454.24,0.045438
8,Street Resurfacing Menu (2024),9000-9100 S Ridgeland Ave,"$54,902.27",54902.27,0.037539
8,Street Resurfacing Menu (2024),9300-9400 S Ridgeland Ave,"$54,223.02",54223.02,0.037075
8,Street Resurfacing Menu (2024),9600-9700 S University Ave,"$46,799.04",46799.04,0.031999
8,Street Resurfacing Menu (2024),8500-8599 S Woodlawn Ave,"$81,501.97",81501.97,0.055727
8,Street Speed Hump Menu (2024),1600-1800 E 92nd St,"$9,760.00",9760.0,0.006673
8,Street Speed Hump Menu (2024),9300-9400 S Ridgeland Ave,"$4,700.00",4700.0,0.003214
8,Street Speed Hump Replacement (2024),1500-1700 E 85th St,$0.00,0.0,0.000000
8,Street Speed Hump Replacement (2024),7600-7700 S Cregier Ave,$0.00,0.0,0.000000
8,Street Speed Hump Replacement (2024),9000-9100 S Dobson Ave,$0.00,0.0,0.000000
8,Street Speed Hump Replacement (2024),8100-8200 S Harper Ave,$0.00,0.0,0.000000
8,Street Speed Hump Replacement (2024),8100-8200 S Ingleside Ave,$0.00,0.0,0.000000
8,Street Speed Hump Replacement (2024),7400-7500 S Kimbark Ave,$0.00,0.0,0.000000
9,ADA - Alley Resurfacing Menu (2024),E 112TH PL & S STATE ST & S MICHIGAN AVE & E 113TH ST,"$5,820.90",5820.9,0.003980
9,Alley Resurfacing Menu (2024),E 112TH PL & S STATE ST & S MICHIGAN AVE & E 113TH ST,"$36,148.94",36148.94,0.024718
9,Alley Speed Hump Menu (2024),W 95TH PL & S NORMAL AVE & S EGGLESTON AVE & W 96TH ST,"$2,175.00",2175.0,0.001487
9,Alley Speed Hump Replacement (2024),E 112TH PL & S STATE ST & S MICHIGAN AVE & E 113TH ST,$0.00,0.0,0.000000
9,Bollard Menu (2024),12107 S HARVARD AVE,"$2,630.90",2630.9,0.001799
9,Bollard Menu (2024),148 W 111TH PL,"$1,615.66",1615.66,0.001105
9,Bollard Menu (2024),S RHODES AVE & E 102ND ST 10200-10202 S PARNELL AVE,$507.20,507.20,0.000347
9,,11117 S EDBROOKE AVE,$507.20,507.20,0.000347
9,,46 E 107TH ST,$507.20,507.20,0.000347
9,,15-21 E 100TH ST,$507.20,507.20,0.000347
9,Miscellaneous CDOT Projects (2024),10422-10428 S MARYLAND AVE,$250.00,250.00,0.000171
9,,10010 S STATE ST,$250.00,250.00,0.000171
9,,10157 S LAFAYETTE AVE,$250.00,250.00,0.000171
9,,122 E 103RD ST,$250.00,250.00,0.000171
9,,132 E 103RD ST,$250.00,250.00,0.000171
9,,22-26 E 119TH ST,$250.00,250.00,0.000171
9,Sidewalk Menu (2024),10522 S CALUMET AVE,"$5,858.08",5858.08,0.004006
9,Sidewalk Menu (2024),10841 S PRAIRIE AVE,"$8,309.18",8309.18,0.005682
9,Sidewalk Menu (2024),12100 S HARVARD AVE,"$3,849.05",3849.05,0.002632
9,Sidewalk Menu (2024),12234 S LA SALLE ST,"$7,478.82",7478.82,0.005114
9,Sidewalk Menu (2024),12500 S EMERALD AVE,"$36,472.78",36472.78,0.024940
9,Sidewalk Menu (2024),12530 S WALLACE ST,"$5,072.29",5072.29,0.003468
9,Sidewalk Menu (2024),12825 S WALLACE ST,"$26,221.25",26221.25,0.017930
9,Sidewalk Menu (2024),12869 S GREEN ST,"$1,301.91",1301.91,0.000890
9,Sidewalk Menu (2024),27 E 102ND PL,"$4,286.51",4286.51,0.002931
9,Sidewalk Menu (2024),655-657 E 114TH ST,"$17,775.25",17775.25,0.012154
9,Sidewalk Menu (2024),9308 S NORMAL AVE,"$5,786.90",5786.9,0.003957
9,Sidewalk Menu (2024),9801 S CALUMET AVE,"$6,801.17",6801.17,0.004651
9,Sidewalk Menu (2024),9824 S INDIANA AVE,"$3,251.28",3251.28,0.002223
9,Sidewalk Menu (2024),550-600 W 125th Pl,"$50,000.00",50000.0,0.034189
9,Street Light Upgrade Menu (2024),127 E 107TH ST,$500.00,500.0,0.000342
9,Street Light Upgrade Menu (2024),559 E 104TH ST,$500.00,500.0,0.000342
9,Street Resurfacing Menu (2024),221-330 W 98TH ST,"$69,536.51",69536.51,0.047548
9,,221-330 W 98th St,"$69,536.51",69536.51,0.047548
9,Street Resurfacing Menu (2024),600-630 E 112th St,"$107,559.13",107559.13,0.073547
9,Street Resurfacing Menu (2024),10500-10700 S Edbrooke Ave,"$113,114.20",113114.2,0.077346
9,Street Resurfacing Menu (2024),12730-12830 S Emerald Ave,"$66,857.90",66857.9,0.045716
9,Street Resurfacing Menu (2024),10500-10600 S Forest Ave,"$56,916.13",56916.13,0.038918
9,Street Resurfacing Menu (2024),10800-10900 S Forest Ave,"$44,466.70",44466.7,0.030406
9,Street Resurfacing Menu (2024),9500-9600 S La Salle St,"$54,138.92",54138.92,0.037019
9,Street Resurfacing Menu (2024),9600-9700 S Normal Ave,"$71,666.98",71666.98,0.049005
9,Street Resurfacing Menu (2024),9500-9600 S Perry Ave,"$53,463.65",53463.65,0.036558
9,Street Resurfacing Menu (2024),11500-11550 S Prairie Ave,"$59,469.82",59469.82,0.040665
9,Street Resurfacing Menu (2024),12400-12500 S Stewart Ave,"$49,617.56",49617.56,0.033928
9,Street Resurfacing Menu (2024),9500-9600 S Wentworth Ave,"$62,565.09",62565.09,0.042781
9,Street Resurfacing Menu (2024),9700-9800 S Yale Ave,"$63,011.81",63011.81,0.043087
9,Street Resurfacing Menu (2024),0-100 W 103rd Pl,"$64,900.21",64900.21,0.044378
9,Street Resurfacing Menu (2024),0-200 W 104th St,"$126,349.58",126349.58,0.086396
9,Street Resurfacing Menu (2024),400-500 W 96th Pl,"$47,859.15",47859.15,0.032725
9,Street Resurfacing Menu (2024),400-500 W 98th St,"$46,033.67",46033.67,0.031477
9,Street Speed Hump Replacement (2024),12730-12830 S Emerald Ave,$0.00,0.0,0.000000
9,Street Speed Hump Replacement (2024),9700-9800 S Yale Ave,$0.00,0.0,0.000000
9,Street Speed Hump Replacement (2024),0-100 W 103rd Pl,$0.00,0.0,0.000000
9,Street Speed Hump Replacement (2024),0-200 W 104th St,$0.00,0.0,0.000000
9,Street Speed Hump Replacement (2024),400-500 W 96th Pl,$0.00,0.0,0.000000
10,Alley Speed Hump Menu (2024),E 128TH ST & S EXCHANGE AVE,"$1,450.00",1450.0,0.000998
10,Diagonal Parking Menu (2024),3325 E 106TH ST,"$25,182.49",25182.49,0.017328
10,Miscellaneous CDOT Projects (2024),11000 S MACKINAW AVE,$660.00,660.0,0.000454
10,Sidewalk Menu (2024),10001 S EXCHANGE AVE,"$1,170.11",1170.11,0.000805
10,Sidewalk Menu (2024),10129 S AVENUE N,"$6,999.08",6999.08,0.004816
10,Sidewalk Menu (2024),10143 S AVENUE N,"$3,050.97",3050.97,0.002099
10,Sidewalk Menu (2024),10417 S AVENUE M,"$6,876.30",6876.3,0.004732
10,Sidewalk Menu (2024),10418 S AVENUE G,"$12,684.42",12684.42,0.008728
10,Sidewalk Menu (2024),10458 S AVENUE L,"$18,257.67",18257.67,0.012563
10,Sidewalk Menu (2024),10500 S HOXIE AVE,"$18,383.18",18383.18,0.012649
10,Sidewalk Menu (2024),10634-10636 S AVENUE H,"$13,309.03",13309.03,0.009158
10,Sidewalk Menu (2024),10857 S AVENUE L,"$22,232.85",22232.85,0.015298
10,Sidewalk Menu (2024),10919 S AVENUE O,"$8,689.71",8689.71,0.005979
10,Sidewalk Menu (2024),11003 S AVENUE E,"$18,601.84",18601.84,0.012800
10,Sidewalk Menu (2024),11020 S AVENUE F,"$5,460.87",5460.87,0.003758
10,Sidewalk Menu (2024),11040 S AVENUE C,"$7,477.06",7477.06,0.005145
10,Sidewalk Menu (2024),11051 S EWING AVE,"$8,022.28",8022.28,0.005520
10,Sidewalk Menu (2024),11056 S STATE LINE RD,"$46,750.99",46750.99,0.032169
10,Sidewalk Menu (2024),11100-11108 S STATE LINE RD,"$70,769.01",70769.01,0.048695
10,Sidewalk Menu (2024),11106-11110 S AVENUE J,"$8,617.48",8617.48,0.005930
10,Sidewalk Menu (2024),11202 S GREEN BAY AVE,"$5,327.76",5327.76,0.003666
10,Sidewalk Menu (2024),11300 S AVENUE H,"$14,918.92",14918.92,0.010266
10,Sidewalk Menu (2024),12808 S MUSKEGON AVE,"$6,498.74",6498.74,0.004472
10,Sidewalk Menu (2024),12858 S COMMERCIAL AVE,"$7,457.25",7457.25,0.005131
10,Sidewalk Menu (2024),12941 S MUSKEGON AVE,"$6,214.87",6214.87,0.004276
10,Sidewalk Menu (2024),12950 S HOUSTON AVE,"$12,868.55",12868.55,0.008855
10,Sidewalk Menu (2024),13020 S MANISTEE AVE,"$5,043.59",5043.59,0.003470
10,Sidewalk Menu (2024),13037 S MANISTEE AVE,"$7,439.23",7439.23,0.005119
10,Sidewalk Menu (2024),13108 S AVENUE O,"$4,288.11",4288.11,0.002951
10,Sidewalk Menu (2024),13156 S ST LAWRENCE AVE,"$7,957.14",7957.14,0.005475
10,Sidewalk Menu (2024),13518 S BURLEY AVE,"$7,395.01",7395.01,0.005088
10,Sidewalk Menu (2024),13529 S MACKINAW AVE,"$2,226.14",2226.14,0.001532
10,Sidewalk Menu (2024),13685 S BRAINARD AVE,"$6,913.51",6913.51,0.004757
10,Sidewalk Menu (2024),2724 E 127TH ST,"$12,782.37",12782.37,0.008795
10,Sidewalk Menu (2024),3506 E 114TH ST,"$3,081.81",3081.81,0.002121
10,Sidewalk Menu (2024),9000 S ESCANABA AVE,"$4,659.44",4659.44,0.003206
10,,2900-2940 E 90th St,"$4,659.44",4659.44,0.003206
10,Sidewalk Menu (2024),9607 S EXCHANGE AVE,"$1,057.35",1057.35,0.000728
10,Sidewalk Menu (2024),9801 S MANISTEE AVE,"$10,283.56",10283.56,0.007076
10,Sidewalk Menu (2024),S AVENUE L & E 105TH ST,"$2,809.14",2809.14,0.001933
10,,10516 S AVENUE L,"$2,809.14",2809.14,0.001933
10,Sidewalk Menu (2024),S AVENUE L & E 96TH ST,"$49,718.31",49718.31,0.034211
10,Speed Indicator Signs (2024),13010 S AVENUE O,"$11,219.78",11219.78,0.007720
10,,10910 S TORRENCE AVE,"$11,219.78",11219.78,0.007720
10,,11100 S TORRENCE AVE,"$11,219.78",11219.78,0.007720
10,,13157 S AVENUE O,"$11,219.78",11219.78,0.007720
10,Street Light Upgrade Menu (2024),10752 S AVENUE E,$500.00,500.0,0.000344
10,Street Light Upgrade Menu (2024),10753 S AVENUE E,$500.00,500.0,0.000344
10,Street Light Upgrade Menu (2024),11034 S AVENUE H,$500.00,500.0,0.000344
10,Street Light Upgrade Menu (2024),11559 S AVENUE G,$500.00,500.0,0.000344
10,Street Light Upgrade Menu (2024),3503 E 95TH ST,$500.00,500.0,0.000344
10,Street Light Upgrade Menu (2024),3900 E 112TH ST,$500.00,500.00,0.000344
10,,3924 E 112TH ST,$500.00,500.00,0.000344
10,Street Light Upgrade Menu (2024),9811 S AVENUE H,$500.00,500.0,0.000344
10,Street Resurfacing Menu (2024),10699-10800 S Avenue D,"$60,128.26",60128.26,0.041374
10,Street Resurfacing Menu (2024),11000-11200 S Avenue D,"$121,886.65",121886.65,0.083869
10,Street Resurfacing Menu (2024),11000-11100 S Avenue E,"$59,335.41",59335.41,0.040828
10,Street Resurfacing Menu (2024),11058-11000 S Avenue F,"$55,717.61",55717.61,0.038339
10,Street Resurfacing Menu (2024),11000-11100 S Avenue G,"$74,716.10",74716.1,0.051411
10,Street Resurfacing Menu (2024),11000-11200 S Avenue J,"$118,524.30",118524.3,0.081555
10,Street Resurfacing Menu (2024),10800-10900 S Avenue N,"$61,302.64",61302.64,0.042182
10,Street Resurfacing Menu (2024),8600-8700 S Baltimore Ave,"$54,373.66",54373.66,0.037414
10,Street Resurfacing Menu (2024),10700-10800 S Buffalo Ave,"$55,661.56",55661.56,0.038300
10,Street Resurfacing Menu (2024),13220-13300 S Riverdale Ave,"$69,720.79",69720.79,0.047974
10,Street Resurfacing Menu (2024),10800-11000 S State Line Rd,"$111,239.17",111239.17,0.076542
10,Street Speed Hump Menu (2024),3200-3300 E 131st St,"$4,880.00",4880.0,0.003358
10,Street Speed Hump Menu (2024),2830-2930 E 132nd St,"$4,880.00",4880.0,0.003358
10,Street Speed Hump Menu (2024),2914-3000 E 133rd St,"$4,880.00",4880.0,0.003358
10,Street Speed Hump Menu (2024),3200-3300 E 91st St,"$4,880.00",4880.0,0.003358
10,Street Speed Hump Menu (2024),10400-10500 S Avenue G,"$4,880.00",4880.0,0.003358
10,Street Speed Hump Menu (2024),10800-10900 S Avenue G,"$4,880.00",4880.0,0.003358
10,Street Speed Hump Menu (2024),11300-11400 S Avenue H,"$4,880.00",4880.0,0.003358
10,Street Speed Hump Menu (2024),10700-10800 S Avenue J,"$4,880.00",4880.0,0.003358
10,Street Speed Hump Menu (2024),11700-11800 S Avenue J,"$4,880.00",4880.0,0.003358
10,Street Speed Hump Menu (2024),13300-13400 S Avenue L,"$4,880.00",4880.0,0.003358
10,Street Speed Hump Menu (2024),10500-10600 S Avenue N,"$4,880.00",4880.0,0.003358
10,Street Speed Hump Menu (2024),11200-11300 S Avenue N,"$4,880.00",4880.0,0.003358
10,Street Speed Hump Menu (2024),8700-8800 S Baltimore Ave,"$4,880.00",4880.0,0.003358
10,Street Speed Hump Menu (2024),13000-13100 S Buffalo Ave,"$2,440.00",2440.0,0.001679
10,Street Speed Hump Menu (2024),9200-9300 S Burley Ave,"$4,880.00",4880.0,0.003358
10,Street Speed Hump Replacement (2024),11058-11000 S Avenue F,$0.00,0.0,0.000000
10,Street Speed Hump Replacement (2024),11000-11100 S Avenue G,$0.00,0.0,0.000000
11,ADA - Alley Resurfacing Menu (2024),2840 S LOWE AVE,"$3,622.50",3622.50,0.002442
11,,S LOWE AVE & W 28TH ST & W 29TH ST & S UNION AVE,"$3,622.50",3622.50,0.002442
11,ADA - Alley Resurfacing Menu (2024),S CANAL ST & W 30TH ST & W 31ST ST & S CANAL ST,"$3,622.50",3622.50,0.002442
11,,3031 S CANAL ST,"$3,622.50",3622.50,0.002442
11,ADA - Alley Resurfacing Menu (2024),W 43RD PL & S WALLACE ST & S UNION AVE & W 44TH ST,"$7,245.00",7245.0,0.004884
11,ADA - Street Resurfacing Menu (2024),2530-2600 S Stewart Ave,"$3,622.50",3622.5,0.002442
11,Alley Apron Menu (2024),534 W 32ND ST,"$17,683.40",17683.4,0.011921
11,Alley Resurfacing Menu (2024),2840 S LOWE AVE,"$15,998.16",15998.16,0.010785
11,,S LOWE AVE & W 28TH ST & W 29TH ST & S UNION AVE,"$15,998.16",15998.16,0.010785
11,Alley Resurfacing Menu (2024),3549 S UNION AVE,"$23,373.90",23373.90,0.015757
11,,W 35TH ST & S LOWE AVE & S UNION AVE & W 36TH ST,"$23,373.90",23373.90,0.015757
11,Alley Resurfacing Menu (2024),806 W 27TH ST,"$13,522.57",13522.57,0.009116
11,,S GREEN ST & W 26TH PL & W 27TH ST & S HALSTED ST,"$13,522.57",13522.57,0.009116
11,Alley Resurfacing Menu (2024),S CANAL ST & W 30TH ST & W 31ST ST & S CANAL ST,"$15,735.50",15735.50,0.010608
11,,3031 S CANAL ST,"$15,735.50",15735.50,0.010608
11,Alley Resurfacing Menu (2024),S GREEN ST & W 26TH PL & W 27TH ST & S PEORIA ST,"$8,399.61",8399.61,0.005662
11,Alley Resurfacing Menu (2024),S HALSTED ST & W 35TH ST & W 36TH ST & S EMERALD AVE,"$2,918.03",2918.03,0.001967
11,Alley Resurfacing Menu (2024),W 43RD PL & S WALLACE ST & S UNION AVE & W 44TH ST,"$21,582.84",21582.84,0.014550
11,Alley Speed Hump Menu (2024),3549 S UNION AVE,$0.00,0.00,0.000000
11,,W 35TH ST & S LOWE AVE & S UNION AVE & W 36TH ST,$0.00,0.00,0.000000
11,Alley Speed Hump Replacement (2024),2840 S LOWE AVE,$0.00,0.00,0.000000
11,,S LOWE AVE & W 28TH ST & W 29TH ST & S UNION AVE,$0.00,0.00,0.000000
11,Alley Speed Hump Replacement (2024),S HALSTED ST & W 35TH ST & W 36TH ST & S EMERALD AVE,$0.00,0.0,0.000000
11,Alley Speed Hump Replacement (2024),W 43RD PL & S WALLACE ST & S UNION AVE & W 44TH ST,$0.00,0.0,0.000000
11,Bollard Menu (2024),W 32ND ST & S GREEN ST,"$9,740.84",9740.84,0.006567
11,Concrete Alley Menu (2024),S GRADY CT & W FULLER ST,"$35,037.12",35037.12,0.023620
11,,2810 S GRADY CT,"$35,037.12",35037.12,0.023620
11,,S GROVE ST & S LOCK ST,"$35,037.12",35037.12,0.023620
11,Curb & Gutter Menu (2024),2701 S PRINCETON AVE,"$11,301.69",11301.69,0.007619
11,Curb & Gutter Menu (2024),900 W 37TH PL,"$41,002.00",41002.0,0.027641
11,Pavement Markings Menu (2024),S ARCHER AVE & S CANAL ST,"$2,000.00",2000.0,0.001348
11,Pavement Markings Menu (2024),S WENTWORTH AVE & W CERMAK RD,"$22,050.00",22050.0,0.014865
11,Street Bump Outs Menu (2024),800-900 W 27th St,"$15,709.00",15709.0,0.010590
11,Street Resurfacing Menu (2024),2500-2570 S Emerald Ave,"$31,629.97",31629.97,0.021323
11,Street Resurfacing Menu (2024),3100-3200 S Emerald Ave,"$67,194.55",67194.55,0.045298
11,Street Resurfacing Menu (2024),3400-3600 S Emerald Ave,"$113,345.09",113345.09,0.076409
11,Street Resurfacing Menu (2024),3800-3900 S Emerald Ave,"$58,468.21",58468.21,0.039415
11,Street Resurfacing Menu (2024),2511-2530 S Green St,"$8,455.54",8455.54,0.005700
11,Street Resurfacing Menu (2024),2800-2840 S Hillock Ave,"$34,761.65",34761.65,0.023434
11,Street Resurfacing Menu (2024),3100-3200 S Lituanica Ave,"$84,719.19",84719.19,0.057112
11,Street Resurfacing Menu (2024),3400-3440 S Lituanica Ave,"$41,179.30",41179.3,0.027760
11,Street Resurfacing Menu (2024),2980-3080 S Lloyd Ave,"$47,063.28",47063.28,0.031727
11,Street Resurfacing Menu (2024),2450-2500 S Lowe Ave,"$25,366.61",25366.61,0.017100
11,Street Resurfacing Menu (2024),2984-2990 S Mcdermott St,"$11,250.38",11250.38,0.007584
11,Street Resurfacing Menu (2024),4300-4330 S Parnell Ave,"$22,107.70",22107.7,0.014903
11,Street Resurfacing Menu (2024),2530-2600 S Stewart Ave,"$17,425.75",17425.75,0.011747
11,Street Resurfacing Menu (2024),2600-2800 S Union Ave,"$66,131.95",66131.95,0.044582
11,Street Resurfacing Menu (2024),700-800 W 25th St,"$34,379.97",34379.97,0.023177
11,Street Resurfacing Menu (2024),450-600 W 27th St,"$88,207.19",88207.19,0.059463
11,Street Resurfacing Menu (2024),200-230 W 29th St,"$25,904.54",25904.54,0.017463
11,Street Resurfacing Menu (2024),1312-1400 W 32nd St,"$49,027.49",49027.49,0.033051
11,Street Resurfacing Menu (2024),1800-1900 W 33rd Pl,"$50,843.60",50843.6,0.034275
11,Street Resurfacing Menu (2024),950-1000 W 36th St,"$34,702.93",34702.93,0.023394
11,Street Resurfacing Menu (2024),600-700 W 37th St,"$84,286.63",84286.63,0.056820
11,Street Resurfacing Menu (2024),940-1000 W 38th Pl,"$59,503.82",59503.82,0.040113
11,Street Speed Hump Menu (2024),800-900 W 27th St,"$7,320.00",7320.0,0.004935
11,Street Speed Hump Replacement (2024),1312-1400 W 32nd St,$0.00,0.0,0.000000
12,(2024) Miscellaneous CDOT Projects (2024),3600 S WESTERN BLVD,$660.00,660.0,0.000460
12,Alley Resurfacing Menu (2024),3300-3400 S ARCHER AVE,"$28,726.83",28726.83,0.020018
12,,S ARCHER AVE & W 33RD ST & W 34TH ST & S DAMEN AVE,"$28,726.83",28726.83,0.020018
12,Alley Resurfacing Menu (2024),3834-3872 S ARCHER AVE,"$11,347.62",11347.62,0.007907
12,,W 38TH ST & S ARCHER AVE & S ROCKWELL ST & S MAPLEWOOD AVE,"$11,347.62",11347.62,0.007907
12,Alley Resurfacing Menu (2024),4501-4557 S RICHMOND ST,"$14,186.04",14186.04,0.009885
12,,S RICHMOND ST & W 45TH ST & W 46TH ST & S FRANCISCO AVE,"$14,186.04",14186.04,0.009885
12,Alley Resurfacing Menu (2024),S HONORE ST & W 36TH ST & W 37TH ST & S WOOD ST,"$41,665.83",41665.83,0.029034
12,Alley Resurfacing Menu (2024),S WASHTENAW AVE & W 44TH ST & W 45TH ST & S FAIRFIELD AVE,"$33,199.10",33199.1,0.023134
12,Alley Speed Hump Menu (2024),3731 S WOLCOTT AVE,$362.50,362.50,0.000253
12,,W 37TH ST & S HONORE ST & S WOLCOTT AVE & W 38TH ST,$362.50,362.50,0.000253
12,Alley Speed Hump Menu (2024),S WASHTENAW AVE & W 44TH ST & W 45TH ST & S FAIRFIELD AVE,$0.00,0.0,0.000000
12,Alley Speed Hump Replacement (2024),3300-3400 S ARCHER AVE,$0.00,0.00,0.000000
12,,S ARCHER AVE & W 33RD ST & W 34TH ST & S DAMEN AVE,$0.00,0.00,0.000000
12,Alley Speed Hump Replacement (2024),S HONORE ST & W 36TH ST & W 37TH ST & S WOOD ST,$0.00,0.0,0.000000
12,Alley Speed Hump Replacement (2024),S RICHMOND ST & W 45TH ST & W 46TH ST & S FRANCISCO AVE,$0.00,0.0,0.000000
12,Arterial Street Bump Outs Menu (2024),S LEAVITT ST & S ARCHER AVE,"$260,000.00",260000.0,0.181177
12,Bollard Menu (2024),3500 S WESTERN AVE,"$5,052.18",5052.18,0.003521
12,Bollard Menu (2024),3505 S MAPLEWOOD AVE,"$41,932.13",41932.13,0.029220
12,Concrete Alley Menu (2024),S ARCHER AVE & S BLAKE ST,"$48,443.41",48443.41,0.033757
12,,W 37TH ST & S ARCHER AVE,"$48,443.41",48443.41,0.033757
12,Concrete Alley Menu (2024),S SEELEY AVE & W 33RD ST & W 34TH ST & S DAMEN AVE,"$5,377.38",5377.38,0.003747
12,,3345-3349 S SEELEY AVE,"$5,377.38",5377.38,0.003747
12,Curb & Gutter Menu (2024),2701 W 36TH PL,"$18,467.22",18467.22,0.012869
12,,2700-2800 W 36th Pl,"$18,467.22",18467.22,0.012869
12,Curb & Gutter Menu (2024),2900-3000 W 38th St,"$6,187.35",6187.35,0.004312
12,Gunsaulus Elementary - Playground Improvements,4420 S SACRAMENTO AVE,"$28,748.80",28748.8,0.020033
12,"In-Road ""State Law Stop For Pedestrians"" Sign Menu",4136 S CALIFORNIA AVE,$350.00,350.0,0.000244
12,Miscellaneous CDOT Projects (2024),3932 S ROCKWELL ST,$660.00,660.0,0.000460
12,Pavement Markings Menu (2024),3002 W 42ND ST,"$4,517.69",4517.69,0.003148
12,Street Light Residential Staggered Piggy Back Menu (2024),3512-3400 S Leavitt St,"$163,000.00",163000.0,0.113584
12,Street Light Upgrade Menu (2024),3537-3659 S WESTERN BLVD,$500.00,500.0,0.000348
12,Street Resurfacing Menu (2024),4300-4500 S Campbell Ave,"$95,518.47",95518.47,0.066560
12,Street Resurfacing Menu (2024),4302-4500 S Fairfield Ave,"$114,584.51",114584.51,0.079846
12,Street Resurfacing Menu (2024),4400-4500 S Maplewood Ave,"$45,454.83",45454.83,0.031674
12,Street Resurfacing Menu (2024),3500-3630 S Rockwell St,"$117,376.98",117376.98,0.081792
12,Street Resurfacing Menu (2024),3500-3530 S Washtenaw Ave,"$28,104.72",28104.72,0.019584
12,Street Resurfacing Menu (2024),3427-3400 W 37th Pl,"$28,331.92",28331.92,0.019743
12,Street Resurfacing Menu (2024),2800-2900 W 38th St,"$75,502.76",75502.76,0.052613
12,Street Resurfacing Menu (2024),2900-3000 W 38th St,"$80,135.37",80135.37,0.055841
12,Street Speed Hump Menu (2024),4600-4644 S ROCKWELL ST,"$2,440.00",2440.00,0.001700
12,,4600-4700 S Rockwell St,"$2,440.00",2440.00,0.001700
12,Street Speed Hump Menu (2024),3100-3200 W 40th Pl,"$4,880.00",4880.0,0.003401
12,Street Speed Hump Replacement (2024),4300-4500 S Campbell Ave,$0.00,0.0,0.000000
12,Street Speed Hump Replacement (2024),4400-4500 S Maplewood Ave,$0.00,0.0,0.000000
13,Alley Apron Menu (2024),5759 S MASON AVE,"$25,912.90",25912.9,0.017275
13,Alley Apron Menu (2024),5801 S MELVINA AVE,"$4,677.51",4677.51,0.003118
13,Alley Apron Menu (2024),6244 S MAJOR AVE,"$5,341.86",5341.86,0.003561
13,Alley Apron Menu (2024),7059 W 63RD PL,"$23,055.67",23055.67,0.015370
13,Alley Speed Hump Menu (2024),5545 S NEWCASTLE AVE,$725.00,725.0,0.000483
13,Alley Speed Hump Menu (2024),5710 W 56TH ST,$725.00,725.0,0.000483
13,Alley Speed Hump Menu (2024),6244 S NASHVILLE AVE,$725.00,725.0,0.000483
13,Alley Speed Hump Menu (2024),W ARCHER AVE & S NEW ENGLAND AVE & S NEWCASTLE AVE & W 56TH ST,"$1,450.00",1450.0,0.000967
13,Bollard Menu (2024),4459 W 55TH ST,"$1,549.16",1549.16,0.001033
13,Bollard Menu (2024),5915 S NATOMA AVE,"$1,532.67",1532.67,0.001022
13,Curb & Gutter Menu (2024),4134 W 58TH ST,"$2,697.24",2697.24,0.001798
13,Curb & Gutter Menu (2024),5711 S MASON AVE,"$4,376.30",4376.30,0.002918
13,,5719 S MASON AVE,"$4,376.30",4376.30,0.002918
13,Curb & Gutter Menu (2024),5804 S NEWCASTLE AVE,"$2,644.10",2644.10,0.001763
13,,5827 S NEWCASTLE AVE,"$2,644.10",2644.10,0.001763
13,,5841 S NEWCASTLE AVE,"$2,644.10",2644.10,0.001763
13,Curb & Gutter Menu (2024),5812 S KILDARE AVE,"$3,065.06",3065.06,0.002043
13,Curb & Gutter Menu (2024),5826 S NARRAGANSETT AVE,"$7,103.70",7103.70,0.004736
13,,5819-5823 S NARRAGANSETT AVE,"$7,103.70",7103.70,0.004736
13,,5854 S NARRAGANSETT AVE,"$7,103.70",7103.70,0.004736
13,Curb & Gutter Menu (2024),6006 S MOODY AVE,"$2,549.47",2549.47,0.001700
13,Curb & Gutter Menu (2024),6218 S NEENAH AVE,"$6,531.62",6531.62,0.004354
13,,6200 S NEENAH AVE,"$6,531.62",6531.62,0.004354
13,Curb & Gutter Menu (2024),6350 S OAK PARK AVE,"$4,608.93",4608.93,0.003073
13,,6356 S OAK PARK AVE,"$4,608.93",4608.93,0.003073
13,Floodlight Menu (2024),5518 S NEVA AVE,$950.00,950.0,0.000633
13,Floodlight Menu (2024),5925 S MEADE AVE,$950.00,950.0,0.000633
13,Floodlight Menu (2024),6455 S NATCHEZ AVE,$950.00,950.0,0.000633
13,Floodlight Menu (2024),6458 W 60TH ST,$950.00,950.0,0.000633
13,Floodlight Menu (2024),6559 S KNOX AVE,$950.00,950.0,0.000633
13,Miscellaneous CDOT Projects (2024),5501 S MERRIMAC AVE,$412.22,412.22,0.000275
13,Miscellaneous CDOT Projects (2024),6001 S AUSTIN AVE,"$6,250.00",6250.00,0.004167
13,,S AUSTIN AVE & W 60TH ST,"$6,250.00",6250.00,0.004167
13,Pavement Markings Menu (2024),W ARCHER AVE & S OAK PARK AVE,"$1,980.78",1980.78,0.001321
13,,W ARCHER AVE & S NASHVILLE AVE,"$1,980.78",1980.78,0.001321
13,,W 65TH ST & S PULASKI RD,"$1,980.78",1980.78,0.001321
13,,W 63RD ST & S OAK PARK AVE,"$1,980.78",1980.78,0.001321
13,,W 55TH ST & S CENTRAL AVE,"$1,980.78",1980.78,0.001321
13,Pavement Markings Menu (2024),W ARCHER AVE & S SAYRE AVE,"$9,304.00",9304.0,0.006203
13,Sidewalk Menu (2024),4134 W 63RD ST,"$8,474.67",8474.67,0.005650
13,,W 63RD ST & S KEDVALE AVE,"$8,474.67",8474.67,0.005650
13,Sidewalk Menu (2024),4528 W 64TH PL,"$5,134.29",5134.29,0.003423
13,Sidewalk Menu (2024),4543-4559 W 64TH ST,"$24,977.50",24977.5,0.016652
13,Sidewalk Menu (2024),5214 W 64TH PL,"$1,635.03",1635.03,0.001090
13,,W 64TH PL & S LATROBE AVE,"$1,635.03",1635.03,0.001090
13,Sidewalk Menu (2024),5515 S KOLMAR AVE,$993.08,993.08,0.000662
13,Sidewalk Menu (2024),5534 S MCVICKER AVE,"$3,585.18",3585.18,0.002390
13,Sidewalk Menu (2024),5534 S NORDICA AVE,"$1,956.39",1956.39,0.001304
13,Sidewalk Menu (2024),5556 S NEENAH AVE,"$3,680.62",3680.62,0.002454
13,Sidewalk Menu (2024),5558 S KOLMAR AVE,"$10,345.98",10345.98,0.006897
13,Sidewalk Menu (2024),5601 S MOODY AVE,"$1,819.84",1819.84,0.001213
13,,5616 S MOODY AVE,"$1,819.84",1819.84,0.001213
13,Sidewalk Menu (2024),5606 S NORMANDY AVE,"$7,933.36",7933.36,0.005289
13,Sidewalk Menu (2024),5639 S RUTHERFORD AVE,"$6,241.51",6241.51,0.004161
13,Sidewalk Menu (2024),5642 S AUSTIN AVE,"$2,606.53",2606.53,0.001738
13,Sidewalk Menu (2024),5651 S NEWLAND AVE,"$5,759.37",5759.37,0.003840
13,Sidewalk Menu (2024),5655 S NEENAH AVE,"$8,078.61",8078.61,0.005386
13,Sidewalk Menu (2024),5658 S SAYRE AVE,"$3,662.02",3662.02,0.002441
13,Sidewalk Menu (2024),5709 S NATCHEZ AVE,"$4,466.03",4466.03,0.002977
13,Sidewalk Menu (2024),5711 S MEADE AVE,"$3,208.24",3208.24,0.002139
13,Sidewalk Menu (2024),5717 S MOODY AVE,"$5,574.87",5574.87,0.003717
13,Sidewalk Menu (2024),5734 S KILBOURN AVE,"$4,220.68",4220.68,0.002814
13,Sidewalk Menu (2024),5744 S MERRIMAC AVE,"$2,471.73",2471.73,0.001648
13,Sidewalk Menu (2024),5824 S MERRIMAC AVE,"$3,558.69",3558.69,0.002372
13,Sidewalk Menu (2024),5834 S NATCHEZ AVE,"$5,243.87",5243.87,0.003496
13,Sidewalk Menu (2024),5842 S MONITOR AVE,"$1,001.03",1001.03,0.000667
13,Sidewalk Menu (2024),5859 S NEWCASTLE AVE,"$8,786.98",8786.98,0.005858
13,,5819 S NEWCASTLE AVE,"$8,786.98",8786.98,0.005858
13,Sidewalk Menu (2024),5900 W 64TH ST,"$2,224.78",2224.78,0.001483
13,,5904 W 64TH ST,"$2,224.78",2224.78,0.001483
13,,5908 W 64TH ST,"$2,224.78",2224.78,0.001483
13,,5910 W 64TH ST,"$2,224.78",2224.78,0.001483
13,Sidewalk Menu (2024),5915 S MOODY AVE,"$2,029.94",2029.94,0.001353
13,Sidewalk Menu (2024),5940 S MASSASOIT AVE,"$2,436.63",2436.63,0.001624
13,Sidewalk Menu (2024),5941 W 64TH PL,"$4,262.31",4262.31,0.002842
13,Sidewalk Menu (2024),5944 S MASSASOIT AVE,"$6,941.25",6941.25,0.004627
13,Sidewalk Menu (2024),6027 S MULLIGAN AVE,"$1,103.00",1103.0,0.000735
13,Sidewalk Menu (2024),6032 S KEATING AVE,"$2,595.35",2595.35,0.001730
13,,6059 S KEATING AVE,"$2,595.35",2595.35,0.001730
13,Sidewalk Menu (2024),6037 S KILDARE AVE,"$3,220.81",3220.81,0.002147
13,Sidewalk Menu (2024),6039 S KILBOURN AVE,"$4,138.12",4138.12,0.002759
13,Sidewalk Menu (2024),6058 S KOLIN AVE,"$11,904.50",11904.5,0.007936
13,Sidewalk Menu (2024),6101 S NARRAGANSETT AVE,"$4,371.92",4371.92,0.002915
13,,S NARRAGANSETT AVE & W 61ST ST,"$4,371.92",4371.92,0.002915
13,Sidewalk Menu (2024),6119 S KEELER AVE,"$3,373.73",3373.73,0.002249
13,,6104 S KEELER AVE,"$3,373.73",3373.73,0.002249
13,Sidewalk Menu (2024),6124 S MASSASOIT AVE,"$2,644.23",2644.23,0.001763
13,Sidewalk Menu (2024),6134 S KEELER AVE,$839.08,839.08,0.000559
13,Sidewalk Menu (2024),6141 S TRIPP AVE,$734.04,734.04,0.000489
13,,6144 S TRIPP AVE,$734.04,734.04,0.000489
13,,6158 S TRIPP AVE,$734.04,734.04,0.000489
13,Sidewalk Menu (2024),6153 W 63RD PL,"$1,528.81",1528.81,0.001019
13,Sidewalk Menu (2024),6158 S NATCHEZ AVE,"$5,508.51",5508.51,0.003672
13,Sidewalk Menu (2024),6200 S KENNETH AVE,"$10,015.17",10015.17,0.006677
13,Sidewalk Menu (2024),6207 S TRIPP AVE,"$2,757.31",2757.31,0.001838
13,Sidewalk Menu (2024),6216 S KOMENSKY AVE,"$4,577.88",4577.88,0.003052
13,Sidewalk Menu (2024),6218 S MASSASOIT AVE,"$5,990.03",5990.03,0.003993
13,,6215-6217 S MASSASOIT AVE,"$5,990.03",5990.03,0.003993
13,Sidewalk Menu (2024),6230 S KILPATRICK AVE,"$2,420.90",2420.9,0.001614
13,Sidewalk Menu (2024),6242 S KEDVALE AVE,"$4,199.94",4199.94,0.002800
13,Sidewalk Menu (2024),6249 W 63RD PL,"$2,693.09",2693.09,0.001795
13,Sidewalk Menu (2024),6254 W 60TH ST,"$12,101.83",12101.83,0.008068
13,Sidewalk Menu (2024),6327 S KEELER AVE,"$4,339.15",4339.15,0.002893
13,Sidewalk Menu (2024),6330 W 64TH ST,"$3,483.30",3483.3,0.002322
13,Sidewalk Menu (2024),6334 W 63RD PL,"$1,162.98",1162.98,0.000775
13,Sidewalk Menu (2024),6339 S KEATING AVE,"$1,090.37",1090.37,0.000727
13,Sidewalk Menu (2024),6355 S KNOX AVE,"$3,347.91",3347.91,0.002232
13,Sidewalk Menu (2024),6358 S TRIPP AVE,"$2,620.48",2620.48,0.001747
13,Sidewalk Menu (2024),6401 S LAPORTE AVE,"$17,830.67",17830.67,0.011887
13,Sidewalk Menu (2024),6405 S KARLOV AVE,"$3,409.28",3409.28,0.002273
13,Sidewalk Menu (2024),6412 S LECLAIRE AVE,$639.43,639.43,0.000426
13,Sidewalk Menu (2024),6423 S LOCKWOOD AVE,"$5,721.61",5721.61,0.003814
13,Sidewalk Menu (2024),6429 S TRIPP AVE,"$2,518.58",2518.58,0.001679
13,Sidewalk Menu (2024),6453 S KNOX AVE,"$3,134.24",3134.24,0.002089
13,Sidewalk Menu (2024),6501 S KEELER AVE,$827.90,827.9,0.000552
13,Sidewalk Menu (2024),6517 W 63RD PL,"$3,359.80",3359.80,0.002240
13,,6539 W 63RD PL,"$3,359.80",3359.80,0.002240
13,Sidewalk Menu (2024),6552 S KEDVALE AVE,"$4,073.84",4073.84,0.002716
13,Sidewalk Menu (2024),6607 W 59TH ST,$669.20,669.2,0.000446
13,Sidewalk Menu (2024),6645 S KILPATRICK AVE,"$1,088.99",1088.99,0.000726
13,Sidewalk Menu (2024),6750 W 63RD PL,"$3,030.97",3030.97,0.002021
13,Sidewalk Menu (2024),6825 W 64TH ST,"$2,697.33",2697.33,0.001798
13,Sidewalk Menu (2024),6841 W 63RD PL,"$2,529.88",2529.88,0.001687
13,,6835 W 63RD PL,"$2,529.88",2529.88,0.001687
13,Sidewalk Menu (2024),6848 W 64TH PL,"$4,053.46",4053.46,0.002702
13,Sidewalk Menu (2024),7015 W 64TH ST,"$2,757.31",2757.31,0.001838
13,Sidewalk Menu (2024),7129 W 63RD PL,"$4,198.10",4198.1,0.002799
13,Sidewalk Menu (2024),S MAYFIELD AVE & W 61ST ST,"$4,879.40",4879.40,0.003253
13,,6101 S MAYFIELD AVE,"$4,879.40",4879.40,0.003253
13,Street Light Upgrade Menu (2024),4141 W 57TH ST,$500.00,500.0,0.000333
13,Street Light Upgrade Menu (2024),5544 S KOLIN AVE,$500.00,500.0,0.000333
13,Street Light Upgrade Menu (2024),5554 S NEVA AVE,$937.50,937.50,0.000625
13,,5530 S NEVA AVE,$937.50,937.50,0.000625
13,,5534 S NEVA AVE,$937.50,937.50,0.000625
13,,5518 S NEVA AVE,$937.50,937.50,0.000625
13,Street Light Upgrade Menu (2024),5800 S KILBOURN AVE,$500.00,500.0,0.000333
13,Street Light Upgrade Menu (2024),5800 W 60TH ST,$500.00,500.0,0.000333
13,Street Light Upgrade Menu (2024),5818-5820 S NEW ENGLAND AVE,$500.00,500.0,0.000333
13,Street Light Upgrade Menu (2024),5835 W 59TH ST,$500.00,500.00,0.000333
13,,5859 W 59TH ST,$500.00,500.00,0.000333
13,Street Light Upgrade Menu (2024),5839 S RUTHERFORD AVE,$500.00,500.0,0.000333
13,Street Light Upgrade Menu (2024),5901 W 59TH ST,$500.00,500.0,0.000333
13,Street Light Upgrade Menu (2024),6341 W 63RD PL,$500.00,500.0,0.000333
13,Street Light Upgrade Menu (2024),6358 S LAPORTE AVE,$500.00,500.0,0.000333
13,Street Light Upgrade Menu (2024),6513 W 63RD PL,$500.00,500.0,0.000333
13,Street Light Upgrade Menu (2024),6908 W 65TH ST,$500.00,500.0,0.000333
13,Street Resurfacing Menu (2024),5500-5600 S Kenneth Ave,"$52,817.74",52817.74,0.035212
13,Street Resurfacing Menu (2024),5900-6000 S Massasoit Ave,"$25,601.48",25601.48,0.017068
13,Street Resurfacing Menu (2024),5500-5800 S Merrimac Ave,"$59,012.60",59012.6,0.039342
13,Street Resurfacing Menu (2024),6200-6300 S Merrimac Ave,"$54,168.28",54168.28,0.036112
13,Street Resurfacing Menu (2024),5700-5800 S Nagle Ave,"$55,548.17",55548.17,0.037032
13,Street Resurfacing Menu (2024),5500-5600 S Natchez Ave,"$42,218.96",42218.96,0.028146
13,Street Resurfacing Menu (2024),5500-5600 S Natoma Ave,"$51,173.61",51173.61,0.034116
13,Street Resurfacing Menu (2024),5500-5600 S Newcastle Ave,"$51,614.00",51614.0,0.034409
13,Street Resurfacing Menu (2024),5925-5899 S New England Ave,"$17,717.43",17717.43,0.011812
13,Street Resurfacing Menu (2024),5500-5800 S Newland Ave,"$61,009.04",61009.04,0.040673
13,Street Resurfacing Menu (2024),5600-5700 S Nordica Ave,"$55,460.10",55460.1,0.036973
13,Street Resurfacing Menu (2024),5899-6000 S Normandy Ave,"$12,976.90",12976.9,0.008651
13,Street Resurfacing Menu (2024),5599-5700 S Oak Park Ave,"$53,170.05",53170.05,0.035447
13,Street Resurfacing Menu (2024),5500-5599 S Oak Park Ave,"$57,124.81",57124.81,0.038083
13,Street Resurfacing Menu (2024),5600-5700 S Rutherford Ave,"$56,542.42",56542.42,0.037695
13,Street Resurfacing Menu (2024),5500-5600 S Sayre Ave,"$55,902.83",55902.83,0.037269
13,Street Resurfacing Menu (2024),5700-6200 W 58th St,"$58,585.73",58585.73,0.039057
13,Street Resurfacing Menu (2024),6300-6400 W 64th St,"$54,256.36",54256.36,0.036171
13,Street Resurfacing Menu (2024),6800-6900 W 64th St,"$54,483.27",54483.27,0.036322
13,Street Speed Hump Menu (2024),6600-6700 S Keeler Ave,"$4,880.00",4880.0,0.003253
13,Street Speed Hump Menu (2024),6200-6300 S Melvina Ave,"$4,880.00",4880.0,0.003253
13,Street Speed Hump Replacement (2024),5500-5599 S Oak Park Ave,$0.00,0.0,0.000000
13,Street Speed Hump Replacement (2024),5500-5600 S Sayre Ave,$0.00,0.0,0.000000
14,Alley Apron Menu (2024),2914 W 54TH ST,"$17,136.28",17136.28,0.012416
14,Alley Apron Menu (2024),3401 W 65TH PL,"$28,760.79",28760.79,0.020838
14,Alley Apron Menu (2024),5114 S HOMAN AVE,"$16,287.81",16287.81,0.011801
14,Alley Resurfacing Menu (2024),W 52ND ST & S TALMAN AVE & S WASHTENAW AVE & W 53RD ST,"$35,036.52",35036.52,0.025385
14,Alley Resurfacing Menu (2024),W 56TH ST & S SPAULDING AVE & S SAWYER AVE & W 57TH ST,"$40,320.50",40320.5,0.029213
14,Alley Resurfacing Menu (2024),W 57TH ST & S TRUMBULL AVE & S ST LOUIS AVE & W 58TH ST,"$50,638.94",50638.94,0.036689
14,Alley Speed Hump Replacement (2024),W 52ND ST & S TALMAN AVE & S WASHTENAW AVE & W 53RD ST,$0.00,0.0,0.000000
14,Alley Speed Hump Replacement (2024),W 56TH ST & S SPAULDING AVE & S SAWYER AVE & W 57TH ST,$0.00,0.0,0.000000
14,Alley Speed Hump Replacement (2024),W 57TH ST & S TRUMBULL AVE & S ST LOUIS AVE & W 58TH ST,$0.00,0.0,0.000000
14,Curb & Gutter Menu (2024),5733 S SAWYER AVE,"$8,286.57",8286.57,0.006004
14,LED Traffic Signal Upgrades & Pedestrian Countdown,W 55TH ST & S ST LOUIS AVE,"$95,078.12",95078.12,0.068886
14,Sidewalk Menu (2024),3321-3333 W 65TH PL,"$19,475.99",19475.99,0.014111
14,Sidewalk Menu (2024),3355 W 65TH PL,"$15,455.43",15455.43,0.011198
14,Sidewalk Menu (2024),3357 W 66TH ST,"$2,813.19",2813.19,0.002038
14,Sidewalk Menu (2024),3418 W 66TH PL,"$4,138.77",4138.77,0.002999
14,Sidewalk Menu (2024),3934 W 47TH ST,"$3,613.30",3613.3,0.002618
14,Sidewalk Menu (2024),4213 W 47TH ST,"$4,236.55",4236.55,0.003069
14,Sidewalk Menu (2024),4301 S KARLOV AVE,"$2,813.19",2813.19,0.002038
14,Sidewalk Menu (2024),5005 S KEATING AVE,"$2,308.16",2308.16,0.001672
14,Sidewalk Menu (2024),5727 S SAWYER AVE,"$6,518.88",6518.88,0.004723
14,,5755 S SAWYER AVE,"$6,518.88",6518.88,0.004723
14,Signal (2024) Pavement Markings Menu (2024),4815 S KARLOV AVE,"$1,000.00",1000.0,0.000725
14,Street Bump Outs Menu (2024),4800-5000 S Kilbourn Ave,"$26,433.14",26433.14,0.019151
14,Street Resurfacing Menu (2024),6500-6600 S Homan Ave,"$52,999.21",52999.21,0.038399
14,Street Resurfacing Menu (2024),4700-4900 S Karlov Ave,"$123,844.56",123844.56,0.089728
14,Street Resurfacing Menu (2024),4500-4700 S Kildare Ave,"$152,583.64",152583.64,0.110550
14,Street Resurfacing Menu (2024),5499-5600 S Spaulding Ave,"$58,607.89",58607.89,0.042463
14,Street Resurfacing Menu (2024),6100-6300 S Spaulding Ave,"$165,651.75",165651.75,0.120018
14,Street Resurfacing Menu (2024),5700-5900 S St Louis Ave,"$105,018.34",105018.34,0.076088
14,Street Resurfacing Menu (2024),3813-4000 W 45th St,"$148,535.36",148535.36,0.107617
14,Street Resurfacing Menu (2024),4000-4100 W 49th St,"$69,579.68",69579.68,0.050412
14,Street Resurfacing Menu (2024),3430-3500 W 57th St,"$28,865.87",28865.87,0.020914
14,Street Resurfacing Menu (2024),3400-3500 W 59th Pl,"$60,827.27",60827.27,0.044071
14,Street Speed Hump Menu (2024),6500-6600 S Homan Ave,"$4,880.00",4880.0,0.003536
14,Street Speed Hump Menu (2024),4600-4700 S Kedvale Ave,"$4,880.00",4880.0,0.003536
14,Street Speed Hump Menu (2024),5000-5099 S Kenneth Ave,"$4,880.00",4880.0,0.003536
14,Street Speed Hump Menu (2024),4800-5000 S Kilbourn Ave,"$9,760.00",9760.0,0.007071
14,Street Speed Hump Menu (2024),3430-3500 W 57th St,"$2,440.00",2440.0,0.001768
14,Street Speed Hump Replacement (2024),4700-4900 S Karlov Ave,$0.00,0.0,0.000000
14,Street Speed Hump Replacement (2024),5499-5600 S Spaulding Ave,$0.00,0.0,0.000000
14,Street Speed Hump Replacement (2024),4000-4100 W 49th St,$0.00,0.0,0.000000
14,Street Speed Hump Replacement (2024),3400-3500 W 59th Pl,$0.00,0.0,0.000000
15,Alley Apron Menu (2024),2500 W 51ST ST,"$21,087.38",21087.38,0.014443
15,Alley Resurfacing Menu (2024),S ROCKWELL ST & W 45TH ST & W 45TH PL & S WESTERN AVE,"$47,690.27",47690.27,0.032663
15,,2417-2555 W 45TH ST,"$47,690.27",47690.27,0.032663
15,Alley Resurfacing Menu (2024),W 58TH ST & S FAIRFIELD AVE & S CALIFORNIA AVE & W 59TH ST,"$41,653.87",41653.87,0.028528
15,Alley Resurfacing Menu (2024),W 61ST ST & S ALBANY AVE & S TROY ST & W 62ND ST,"$46,840.50",46840.5,0.032081
15,Alley Speed Hump Menu (2024),S WHIPPLE ST & W 60TH ST & W 61ST ST & S ALBANY AVE,"$2,175.00",2175.0,0.001490
15,Alley Speed Hump Replacement (2024),S ROCKWELL ST & W 45TH ST & W 45TH PL & S WESTERN AVE,$0.00,0.00,0.000000
15,,2417-2555 W 45TH ST,$0.00,0.00,0.000000
15,Alley Speed Hump Replacement (2024),W 61ST ST & S ALBANY AVE & S TROY ST & W 62ND ST,$0.00,0.0,0.000000
15,Bollard Menu (2024),4501 S WALLACE ST,"$5,970.52",5970.52,0.004089
15,Pavement Markings Menu (2024),500-700 W 47th St,"$17,000.00",17000.0,0.011643
15,Sidewalk Menu (2024),1850 W 45TH ST,"$5,601.73",5601.73,0.003837
15,Sidewalk Menu (2024),2155 W 49TH PL,"$8,220.80",8220.8,0.005630
15,Sidewalk Menu (2024),2532 W 46TH ST,"$5,330.10",5330.1,0.003651
15,Sidewalk Menu (2024),2700-2759 W 57TH ST,"$141,813.68",141813.68,0.097127
15,Sidewalk Menu (2024),3001 W 59TH ST,"$19,519.64",19519.64,0.013369
15,Sidewalk Menu (2024),4511 S MARSHFIELD AVE,"$3,840.02",3840.02,0.002630
15,Sidewalk Menu (2024),4527 S UNION AVE,"$6,080.29",6080.29,0.004164
15,Sidewalk Menu (2024),4532 S EMERALD AVE,"$3,745.66",3745.66,0.002565
15,Sidewalk Menu (2024),4735 S DAMEN AVE,"$2,973.39",2973.39,0.002036
15,Sidewalk Menu (2024),4845 S WOLCOTT AVE,"$5,928.60",5928.6,0.004060
15,Sidewalk Menu (2024),4857 S HOYNE AVE,"$3,919.31",3919.31,0.002684
15,Sidewalk Menu (2024),4859 S HOYNE AVE,"$8,789.81",8789.81,0.006020
15,Sidewalk Menu (2024),4934 S HOYNE AVE,"$20,431.05",20431.05,0.013993
15,Sidewalk Menu (2024),4943 S HOYNE AVE,"$7,892.67",7892.67,0.005406
15,Sidewalk Menu (2024),5000 S WESTERN AVE,"$13,432.08",13432.08,0.009200
15,Sidewalk Menu (2024),525 W 46TH PL,"$4,875.16",4875.16,0.003339
15,Sidewalk Menu (2024),5550 S FAIRFIELD AVE,"$4,843.23",4843.23,0.003317
15,Sidewalk Menu (2024),5614 S WASHTENAW AVE,"$5,219.02",5219.02,0.003574
15,Sidewalk Menu (2024),5616 S FAIRFIELD AVE,"$4,844.42",4844.42,0.003318
15,Sidewalk Menu (2024),5649 S ARTESIAN AVE,"$3,865.96",3865.96,0.002648
15,Sidewalk Menu (2024),5736 S SEELEY AVE,"$6,050.47",6050.47,0.004144
15,Sidewalk Menu (2024),5747 S HOYNE AVE,$619.11,619.11,0.000424
15,Sidewalk Menu (2024),5751 S HAMILTON AVE,"$3,934.17",3934.17,0.002694
15,Sidewalk Menu (2024),5755 S TALMAN AVE,"$16,821.50",16821.5,0.011521
15,Sidewalk Menu (2024),5933 S WHIPPLE ST,"$6,578.94",6578.94,0.004506
15,Sidewalk Menu (2024),6017 S FRANCISCO AVE,"$3,917.81",3917.81,0.002683
15,Sidewalk Menu (2024),6101 S WOOD ST,"$15,275.52",15275.52,0.010462
15,Sidewalk Menu (2024),6153 S RICHMOND ST,"$1,356.43",1356.43,0.000929
15,Sidewalk Menu (2024),6158 S HONORE ST,"$5,840.93",5840.93,0.004000
15,Sidewalk Menu (2024),6522 S SACRAMENTO AVE,"$5,824.56",5824.56,0.003989
15,Sidewalk Menu (2024),6100-6300 S Sacramento Ave,"$574,302.80",574302.8,0.393336
15,Sidewalk Menu (2024),5000-5100 S Winchester Ave,"$181,259.95",181259.95,0.124144
15,Speed Indicator Signs (2024),500-700 W 47th St,"$4,555.35",4555.35,0.003120
15,Street Light Upgrade Menu (2024),6336 S CALIFORNIA AVE,$500.00,500.0,0.000342
15,Street Resurfacing Menu (2024),4700-4800 S Paulina St,"$38,992.58",38992.58,0.026706
15,Street Resurfacing Menu (2024),4600-4700 S Wood St,"$78,096.21",78096.21,0.053488
15,Street Speed Hump Menu (2024),5700-5800 S Fairfield Ave,"$4,880.00",4880.0,0.003342
15,Street Speed Hump Replacement (2024),4700-4800 S Paulina St,$0.00,0.0,0.000000
15,Street Speed Hump Replacement (2024),4600-4700 S Wood St,$0.00,0.0,0.000000
16,Alley Apron Menu (2024),5701 S JUSTINE ST,"$29,622.92",29622.92,0.019785
16,,5759 S JUSTINE ST,"$29,622.92",29622.92,0.019785
16,Alley Resurfacing Menu (2024),W 57TH ST & S JUSTINE ST & S LAFLIN ST & W 58TH ST,"$30,807.80",30807.8,0.020576
16,Alley Resurfacing Menu (2024),W 61ST ST & S CALIFORNIA AVE & S MOZART ST & W 62ND ST,"$6,693.86",6693.86,0.004471
16,Alley Resurfacing Menu (2024),W 63RD ST & S TALMAN AVE & S ROCKWELL ST & W 64TH ST,"$55,161.75",55161.75,0.036842
16,Alley Resurfacing Menu (2024),W 65TH ST & S TALMAN AVE & S WASHTENAW AVE & W 66TH ST,"$35,797.06",35797.06,0.023908
16,Alley Resurfacing Menu (2024),W GARFIELD BLVD & S ASHLAND AVE & S JUSTINE ST & W 56TH ST,"$41,435.24",41435.24,0.027674
16,Alley Speed Hump Replacement (2024),W 63RD ST & S TALMAN AVE & S ROCKWELL ST & W 64TH ST,$0.00,0.0,0.000000
16,Miscellaneous CDOT Projects (2024),5701 S ASHLAND AVE,$862.00,862.0,0.000576
16,Sidewalk Menu (2024),6400 S HOYNE AVE,"$16,137.44",16137.44,0.010778
16,Sidewalk Menu (2024),6458 S ARTESIAN AVE,"$6,240.65",6240.65,0.004168
16,Sidewalk Menu (2024),1730-1800 W 54th St,"$10,750.15",10750.15,0.007180
16,Street Light Residential Staggered Piggy Back Menu (2024),6100-6300 S Justine St,"$336,000.00",336000.0,0.224408
16,Street Resurfacing Menu (2024),5300-5700 S Aberdeen St,"$202,940.84",202940.84,0.135541
16,Street Resurfacing Menu (2024),5900-6000 S Aberdeen St,"$54,747.51",54747.51,0.036565
16,Street Resurfacing Menu (2024),6700-6800 S Carpenter St,"$61,367.68",61367.68,0.040986
16,Street Resurfacing Menu (2024),6800-6900 S Peoria St,"$57,227.99",57227.99,0.038222
16,Street Resurfacing Menu (2024),6200-6300 S Talman Ave,"$51,441.69",51441.69,0.034357
16,Street Resurfacing Menu (2024),5100-5200 S Wolcott Ave,"$58,374.37",58374.37,0.038987
16,Street Resurfacing Menu (2024),5300-5500 S Wolcott Ave,"$115,708.06",115708.06,0.077279
16,Street Resurfacing Menu (2024),6000-6100 S Wolcott Ave,"$58,607.89",58607.89,0.039143
16,Street Resurfacing Menu (2024),5100-5300 S Wood St,"$140,702.39",140702.39,0.093973
16,Street Resurfacing Menu (2024),2148-2000 W 51st Pl,"$84,819.60",84819.6,0.056650
16,Street Speed Hump Menu (2024),6300-6400 S Campbell Ave,"$4,880.00",4880.0,0.003259
16,Street Speed Hump Menu (2024),5500-5600 S Justine St,"$2,440.00",2440.0,0.001630
16,Street Speed Hump Menu (2024),5900-6000 S Morgan St,"$4,880.00",4880.0,0.003259
16,Street Speed Hump Replacement (2024),5300-5700 S Aberdeen St,$0.00,0.0,0.000000
16,Street Speed Hump Replacement (2024),6700-6800 S Carpenter St,$0.00,0.0,0.000000
16,Street Speed Hump Replacement (2024),6800-6900 S Peoria St,$0.00,0.0,0.000000
16,Street Speed Hump Replacement (2024),5300-5500 S Wolcott Ave,$0.00,0.0,0.000000
16,Street Speed Hump Replacement (2024),6000-6100 S Wolcott Ave,$0.00,0.0,0.000000
17,Alley Apron Menu (2024),1400 W 73RD ST,"$6,997.61",6997.61,0.004828
17,Alley Resurfacing Menu (2024),S RACINE AVE & W 79TH ST & W 80TH ST & S ELIZABETH ST,"$40,772.04",40772.04,0.028133
17,Concrete Alley Menu (2024),S BISHOP ST & W 76TH ST & W 77TH ST & S LAFLIN ST,"$10,522.05",10522.05,0.007260
17,Curb & Gutter Menu (2024),7758 S WOLCOTT AVE,"$7,283.31",7283.31,0.005026
17,Diagonal Parking Menu (2024),7914-7900 S Green St,"$3,467.10",3467.1,0.002392
17,Miscellaneous CDOT Projects (2024),2433 W 71ST ST,$660.00,660.0,0.000455
17,Miscellaneous CDOT Projects (2024),7900 S RACINE AVE,$660.00,660.0,0.000455
17,Miscellaneous CDOT Projects (2024),7958 S CARPENTER ST,$660.00,660.0,0.000455
17,Sidewalk Menu (2024),1444 W 71ST PL,"$30,640.92",30640.92,0.021143
17,Sidewalk Menu (2024),1754 W 79TH ST,"$25,973.42",25973.42,0.017922
17,Sidewalk Menu (2024),3459 W 73RD ST,"$27,697.96",27697.96,0.019112
17,Sidewalk Menu (2024),518 W WINNECONNA PKWY,"$17,633.33",17633.33,0.012167
17,Sidewalk Menu (2024),7201 S CHRISTIANA AVE,"$25,166.88",25166.88,0.017366
17,Sidewalk Menu (2024),8200-8300 S Elizabeth St,"$56,764.21",56764.21,0.039168
17,Sidewalk Menu (2024),2150-2100 W 73rd St,"$40,201.52",40201.52,0.027740
17,Street Resurfacing Menu (2024),7100-7200 S Artesian Ave,"$57,532.68",57532.68,0.039699
17,Street Resurfacing Menu (2024),7740-7900 S Eggleston Ave,"$95,634.22",95634.22,0.065989
17,Street Resurfacing Menu (2024),6900-7100 S Elizabeth St,"$112,182.51",112182.51,0.077408
17,Street Resurfacing Menu (2024),7445-7300 S Homan Ave,"$90,846.04",90846.04,0.062685
17,Street Resurfacing Menu (2024),8200-8300 S Honore St,"$53,543.77",53543.77,0.036946
17,Street Resurfacing Menu (2024),7400-7600 S Lowe Ave,"$51,727.46",51727.46,0.035693
17,Street Resurfacing Menu (2024),8500-8700 S May St,"$108,429.32",108429.32,0.074818
17,Street Resurfacing Menu (2024),7500-7700 S Peoria St,"$117,231.78",117231.78,0.080892
17,Street Resurfacing Menu (2024),7900-8000 S Perry Ave,"$61,778.57",61778.57,0.042628
17,Street Resurfacing Menu (2024),7100-7400 S Seeley Ave,"$197,918.38",197918.38,0.136567
17,Street Resurfacing Menu (2024),7100-7200 S Talman Ave,"$52,927.22",52927.22,0.036521
17,Street Resurfacing Menu (2024),7400-7600 S Union Ave,"$119,352.69",119352.69,0.082355
17,Street Resurfacing Menu (2024),2000-2030 W 72nd St,"$27,715.23",27715.23,0.019124
17,Street Speed Hump Menu (2024),1200-1300 W 73rd Pl,"$7,320.00",7320.0,0.005051
17,Street Speed Hump Replacement (2024),7740-7900 S Eggleston Ave,$0.00,0.0,0.000000
17,Street Speed Hump Replacement (2024),8500-8700 S May St,$0.00,0.0,0.000000
17,Street Speed Hump Replacement (2024),7500-7700 S Peoria St,$0.00,0.0,0.000000
17,Street Speed Hump Replacement (2024),7900-8000 S Perry Ave,$0.00,0.0,0.000000
17,Street Speed Hump Replacement (2024),7100-7400 S Seeley Ave,$0.00,0.0,0.000000
17,Street Speed Hump Replacement (2024),7400-7600 S Union Ave,$0.00,0.0,0.000000
18,Alley Resurfacing Menu (2024),S PULASKI RD & W 84TH ST & W 85TH ST & S KOMENSKY AVE,"$11,062.38",11062.38,0.007375
18,Curb & Gutter Menu (2024),8500-8600 S Knox Ave,"$3,466.00",3466.0,0.002311
18,Miscellaneous CDOT Projects (2024),4532 W 77TH PL,$660.00,660.0,0.000440
18,Miscellaneous CDOT Projects (2024),7901 S OAKLEY AVE,$660.00,660.0,0.000440
18,Pavement Markings Menu (2024),7520-7600 S Pulaski Rd,"$8,500.00",8500.0,0.005667
18,Pavement Markings Menu (2024),W 83RD ST & S CALIFORNIA AVE,"$4,000.00",4000.0,0.002667
18,Sidewalk Menu (2024),3601 W 85TH ST,"$13,980.31",13980.31,0.009320
18,Sidewalk Menu (2024),7715-7735 S WHIPPLE ST,"$5,827.77",5827.77,0.003885
18,Sidewalk Menu (2024),8112 S CHRISTIANA AVE,"$7,134.69",7134.69,0.004756
18,Sidewalk Menu (2024),7600-7810 S Hamilton Ave,"$2,594.40",2594.4,0.001730
18,Street Cul-de-Sac Menu (2024),S KILBOURN AVE & W 87TH ST,"$25,000.00",25000.0,0.016667
18,Street Resurfacing Menu (2024),7200-7400 S Albany Ave,"$99,969.10",99969.1,0.066646
18,Street Resurfacing Menu (2024),7900-8000 S Albany Ave,"$50,703.86",50703.86,0.033803
18,Street Resurfacing Menu (2024),8200-8300 S Francisco Ave,"$54,604.69",54604.69,0.036403
18,Street Resurfacing Menu (2024),8400-8500 S Karlov Ave,"$53,992.12",53992.12,0.035995
18,Street Resurfacing Menu (2024),8400-8500 S Lawndale Ave,"$68,697.61",68697.61,0.045798
18,Street Resurfacing Menu (2024),8600-8700 S Lawndale Ave,"$66,954.97",66954.97,0.044637
18,Street Resurfacing Menu (2024),8141-8100 S Oakley Ave,"$75,912.75",75912.75,0.050609
18,Street Resurfacing Menu (2024),7900-8000 S Sacramento Ave,"$53,829.41",53829.41,0.035886
18,Street Resurfacing Menu (2024),8000-8100 S Washtenaw Ave,"$55,841.77",55841.77,0.037228
18,Street Resurfacing Menu (2024),3800-3900 W 77th Pl,"$40,222.52",40222.52,0.026815
18,Street Resurfacing Menu (2024),2214-2300 W 80th St,"$38,372.87",38372.87,0.025582
18,Street Resurfacing Menu (2024),4300-4400 W 81st St,"$73,437.87",73437.87,0.048959
18,Street Resurfacing Menu (2024),2530-2630 W 81st St,"$66,593.99",66593.99,0.044396
18,Street Resurfacing Menu (2024),4250-2630 W 82nd Pl,"$89,726.47",89726.47,0.059818
18,Street Resurfacing Menu (2024),3400-3500 W 82nd St,"$48,707.34",48707.34,0.032472
18,Street Resurfacing Menu (2024),2530-2630 W 82nd St,"$58,380.13",58380.13,0.038920
18,Street Resurfacing Menu (2024),2843-2900 W 83rd Pl,"$33,817.96",33817.96,0.022545
18,Street Resurfacing Menu (2024),2700-2800 W 84th Pl,"$60,682.04",60682.04,0.040455
18,Street Resurfacing Menu (2024),1530-1630 W 84th St,"$53,944.96",53944.96,0.035963
18,Street Resurfacing Menu (2024),2800-2890 W 85th Pl,"$70,991.27",70991.27,0.047328
18,Street Resurfacing Menu (2024),1700-1900 W 85th St,"$134,038.38",134038.38,0.089359
18,Street Resurfacing Menu (2024),2620-2700 W 86th St,"$53,874.68",53874.68,0.035916
18,Street Speed Hump Menu (2024),7520-7600 S Hoyne Ave,"$4,880.00",4880.0,0.003253
18,Street Speed Hump Menu (2024),2220-2400 W 74th St,$75.00,75.0,0.000050
18,Street Speed Hump Menu (2024),1600-2000 W 86th St,"$8,862.68",8862.68,0.005908
18,Street Speed Hump Replacement (2024),4300-4400 W 81st St,$0.00,0.0,0.000000
19,Bollard Menu (2024),S MALTA ST & W 100TH PL,"$15,613.96",15613.96,0.010409
19,Curb & Gutter Menu (2024),10544 S MAPLEWOOD AVE,"$3,083.43",3083.43,0.002056
19,Curb & Gutter Menu (2024),9951 S CALIFORNIA AVE,"$4,825.28",4825.28,0.003217
19,Miscellaneous CDOT Projects (2024),10501 S CHRISTIANA AVE,$660.00,660.0,0.000440
19,Street Bump Outs Menu (2024),10100-10300 S Walden Pkwy,"$3,800.00",3800.0,0.002533
19,Street Resurfacing Menu (2024),10715-10735 S LAWNDALE AVE,"$25,630.84",25630.84,0.017087
19,Street Resurfacing Menu (2024),9731 S LONGWOOD DR,"$5,490.23",5490.23,0.003660
19,Street Resurfacing Menu (2024),10700-10840 S Avers Ave,"$135,814.10",135814.1,0.090543
19,Street Resurfacing Menu (2024),9600-9700 S Bell Ave,"$54,197.57",54197.57,0.036132
19,Street Resurfacing Menu (2024),10930-11000 S Church St,"$44,174.25",44174.25,0.029450
19,Street Resurfacing Menu (2024),11200-11300 S Church St,"$52,226.57",52226.57,0.034818
19,Street Resurfacing Menu (2024),9800-9900 S Claremont Ave,"$64,117.03",64117.03,0.042745
19,Street Resurfacing Menu (2024),10700-10800 S Fairfield Ave,"$50,380.90",50380.9,0.033587
19,Street Resurfacing Menu (2024),10400-10500 S Hale Ave,"$53,324.02",53324.02,0.035549
19,Street Resurfacing Menu (2024),11500-11700 S Hale Ave,"$114,863.78",114863.78,0.076576
19,Street Resurfacing Menu (2024),11400-11440 S Hamlin Ave,"$39,530.02",39530.02,0.026353
19,Street Resurfacing Menu (2024),11240-11330 S Hermosa Ave,"$50,064.27",50064.27,0.033376
19,Street Resurfacing Menu (2024),9200-9300 S Hoyne Ave,"$45,976.98",45976.98,0.030651
19,Street Resurfacing Menu (2024),9000-9100 S Leavitt St,"$51,540.30",51540.3,0.034360
19,Street Resurfacing Menu (2024),11000-11050 S Oakley Ave,"$28,537.43",28537.43,0.019025
19,Street Resurfacing Menu (2024),10600-10700 S Prospect Ave,"$53,933.40",53933.4,0.035956
19,Street Resurfacing Menu (2024),10160-10300 S Seeley Ave,"$57,459.49",57459.49,0.038306
19,Street Resurfacing Menu (2024),10000-10100 S Talman Ave,"$60,891.53",60891.53,0.040594
19,Street Resurfacing Menu (2024),10700-1600 S Wood St,"$94,608.68",94608.68,0.063072
19,Street Resurfacing Menu (2024),2200-2230 W 104th St,"$24,838.07",24838.07,0.016559
19,Street Resurfacing Menu (2024),2699-2650 W 105th St,"$16,374.64",16374.64,0.010916
19,Street Resurfacing Menu (2024),2602-2650 W 106th Pl,"$42,334.31",42334.31,0.028223
19,Street Resurfacing Menu (2024),3330-3300 W 110th St,"$83,153.14",83153.14,0.055435
19,Street Resurfacing Menu (2024),2220-2300 W 113th Pl,"$51,789.95",51789.95,0.034527
19,Street Resurfacing Menu (2024),1800-1830 W 91st Pl,"$35,136.53",35136.53,0.023424
19,Street Resurfacing Menu (2024),1835-1899 W 91st St,"$46,305.35",46305.35,0.030870
19,Street Resurfacing Menu (2024),1900-1940 W 93rd St,"$32,990.29",32990.29,0.021994
19,Street Resurfacing Menu (2024),2000-2100 W 97th St,"$39,253.65",39253.65,0.026169
19,Street Speed Hump Menu (2024),10100-10300 S Walden Pkwy,"$12,200.00",12200.0,0.008133
19,Street Speed Hump Menu (2024),3200-3400 W 110th St,"$4,880.00",4880.0,0.003253
19,Street Speed Hump Replacement (2024),11500-11700 S Hale Ave,$0.00,0.0,0.000000
19,Street Speed Hump Replacement (2024),11240-11330 S Hermosa Ave,$0.00,0.0,0.000000
20,ADA - Street Resurfacing Menu (2024),900-1000 W 49th Pl,"$3,622.50",3622.5,0.002532
20,Alley Resurfacing Menu (2024),E 65TH ST & S RHODES AVE & S ST LAWRENCE AVE & E MARQUETTE RD,"$30,419.28",30419.28,0.021259
20,Alley Speed Hump Menu (2024),S INGLESIDE AVE & E 63RD ST & E 65TH ST & S DREXEL AVE,$0.00,0.0,0.000000
20,Miscellaneous CDOT Projects (2024),6101 S WABASH AVE,$660.00,660.0,0.000461
20,Street Resurfacing Menu (2024),4700-4800 S Ada St,"$69,470.90",69470.9,0.048551
20,Street Resurfacing Menu (2024),6600-6700 S Drexel Ave,"$46,734.29",46734.29,0.032661
20,Street Resurfacing Menu (2024),6500-6600 S Eberhart Ave,"$64,537.98",64537.98,0.045104
20,Street Resurfacing Menu (2024),6600-6700 S Evans Ave,"$56,732.02",56732.02,0.039648
20,Street Resurfacing Menu (2024),4700-4800 S Justine St,"$42,398.28",42398.28,0.029631
20,Street Resurfacing Menu (2024),6000-6200 S Langley Ave,"$93,416.32",93416.32,0.065286
20,Street Resurfacing Menu (2024),6600-6700 S Langley Ave,"$58,769.55",58769.55,0.041072
20,Street Resurfacing Menu (2024),4700-4900 S Marshfield Ave,"$131,726.31",131726.31,0.092059
20,Street Resurfacing Menu (2024),4700-4800 S Paulina St,"$40,804.29",40804.29,0.028517
20,Street Resurfacing Menu (2024),6500-6600 S Rhodes Ave,"$56,910.73",56910.73,0.039773
20,Street Resurfacing Menu (2024),6100-6300 S University Ave,"$120,696.90",120696.9,0.084351
20,Street Resurfacing Menu (2024),6599-6700 S University Ave,"$54,743.53",54743.53,0.038259
20,Street Resurfacing Menu (2024),900-1000 W 49th Pl,"$55,833.81",55833.81,0.039021
20,Street Resurfacing Menu (2024),1200-1300 W 49th Pl,"$62,199.21",62199.21,0.043469
20,Street Resurfacing Menu (2024),347-240 W 59th Pl,"$79,060.19",79060.19,0.055253
20,Street Resurfacing Menu (2024),250-600 W 60th Pl,"$189,066.19",189066.19,0.132132
20,Street Resurfacing Menu (2024),500-600 W 61st Pl,"$63,240.36",63240.36,0.044197
20,Street Resurfacing Menu (2024),300-400 W 61st Pl,"$64,386.89",64386.89,0.044998
20,Street Speed Hump Menu (2024),1200-1600 W 48th St,"$17,080.00",17080.0,0.011937
20,Street Speed Hump Replacement (2024),4700-4800 S Ada St,$0.00,0.0,0.000000
20,Street Speed Hump Replacement (2024),4700-4800 S Justine St,$0.00,0.0,0.000000
20,Street Speed Hump Replacement (2024),6000-6200 S Langley Ave,$0.00,0.0,0.000000
20,Street Speed Hump Replacement (2024),4700-4900 S Marshfield Ave,$0.00,0.0,0.000000
20,Street Speed Hump Replacement (2024),4700-4800 S Paulina St,$0.00,0.0,0.000000
20,Street Speed Hump Replacement (2024),6500-6600 S Rhodes Ave,$0.00,0.0,0.000000
20,Street Speed Hump Replacement (2024),1200-1300 W 49th Pl,$0.00,0.0,0.000000
20,Street Traffic Circle Menu (2024),S THROOP ST & W 50TH ST,"$28,374.04",28374.04,0.019830
21,ADA - Alley Resurfacing Menu (2024),1130-1200 W 113th Pl,"$12,600.00",12600.0,0.008409
21,ADA - Street Resurfacing Menu (2024),1100-1200 W 106th St,"$14,490.00",14490.0,0.009670
21,ADA - Street Resurfacing Menu (2024),1100-1130 W 112th Pl,"$10,867.50",10867.5,0.007253
21,Sidewalk Menu (2024),12234 S GREEN ST,$666.05,666.05,0.000445
21,Sidewalk Menu (2024),1657 W MONTEREY AVE,"$13,382.30",13382.3,0.008931
21,Sidewalk Menu (2024),9142-9152 S ASHLAND AVE,"$13,971.86",13971.86,0.009324
21,Street Resurfacing Menu (2024),9300-9500 S Ada St,"$22,815.08",22815.08,0.015226
21,Street Resurfacing Menu (2024),10100-10300 S Carpenter St,"$112,190.48",112190.48,0.074873
21,Street Resurfacing Menu (2024),8860-8999 S Elizabeth St,"$53,136.72",53136.72,0.035462
21,Street Resurfacing Menu (2024),11200-11300 S Emerald Ave,"$60,944.71",60944.71,0.040673
21,Street Resurfacing Menu (2024),10100-10200 S Green St,"$55,510.86",55510.86,0.037047
21,Street Resurfacing Menu (2024),10400-10500 S Green St,"$58,314.29",58314.29,0.038918
21,Street Resurfacing Menu (2024),10700-10800 S Green St,"$57,308.18",57308.18,0.038246
21,Street Resurfacing Menu (2024),9200-9300 S Justine St,"$53,103.38",53103.38,0.035440
21,Street Resurfacing Menu (2024),9200-9300 S Justine St,"$23,347.19",23347.19,0.015581
21,,9300-9400 S Justine St,"$23,347.19",23347.19,0.015581
21,Street Resurfacing Menu (2024),11500-11600 S Loomis St,"$51,790.16",51790.16,0.034564
21,Street Resurfacing Menu (2024),10000-10100 S Lowe Ave,"$59,958.42",59958.42,0.040015
21,Street Resurfacing Menu (2024),9200-9300 S Lowe Ave,"$54,571.35",54571.35,0.036420
21,Street Resurfacing Menu (2024),10300-10330 S Normal Ave,"$24,309.67",24309.67,0.016224
21,Street Resurfacing Menu (2024),11100-11200 S Normal Ave,"$55,583.86",55583.86,0.037095
21,Street Resurfacing Menu (2024),11100-11200 S Normal Ave,"$20,219.76",20219.76,0.013494
21,,11200-11300 S Normal Ave,"$20,219.76",20219.76,0.013494
21,Street Resurfacing Menu (2024),8700-8800 S Parnell Ave,"$31,886.84",31886.84,0.021281
21,Street Resurfacing Menu (2024),10740-10900 S Sangamon St,"$149,600.84",149600.84,0.099840
21,Street Resurfacing Menu (2024),10500-10600 S Sangamon St,"$62,947.02",62947.02,0.042009
21,Street Resurfacing Menu (2024),1100-1200 W 106th St,"$76,809.73",76809.73,0.051261
21,Street Resurfacing Menu (2024),1100-1130 W 112th Pl,"$31,557.48",31557.48,0.021061
21,Street Resurfacing Menu (2024),1100-1130 W 112th Pl,"$11,546.89",11546.89,0.007706
21,,1130-1200 W 112th Pl,"$11,546.89",11546.89,0.007706
21,Street Resurfacing Menu (2024),1450-1500 W 112th Pl,"$37,844.40",37844.4,0.025256
21,Street Resurfacing Menu (2024),1450-1500 W 113th Pl,"$51,729.42",51729.42,0.034523
21,Street Resurfacing Menu (2024),1450-1500 W 113th Pl,"$9,254.62",9254.62,0.006176
21,,1500-1550 W 113th Pl,"$9,254.62",9254.62,0.006176
21,Street Resurfacing Menu (2024),1130-1200 W 113th Pl,"$43,536.01",43536.01,0.029055
21,Street Resurfacing Menu (2024),1130-1200 W 113th Pl,"$13,569.19",13569.19,0.009056
21,,1100-1130 W 113th Pl,"$13,569.19",13569.19,0.009056
21,Street Resurfacing Menu (2024),1300-1330 W 113th Pl,"$50,790.46",50790.46,0.033896
21,Street Resurfacing Menu (2024),1300-1330 W 113th Pl,"$10,155.50",10155.50,0.006778
21,,1330-1400 W 113th Pl,"$10,155.50",10155.50,0.006778
21,Street Speed Hump Replacement (2024),10100-10300 S Carpenter St,$0.00,0.0,0.000000
21,Street Speed Hump Replacement (2024),11200-11300 S Emerald Ave,$0.00,0.0,0.000000
21,Street Speed Hump Replacement (2024),10400-10500 S Green St,$0.00,0.0,0.000000
21,Street Speed Hump Replacement (2024),10700-10800 S Green St,$0.00,0.0,0.000000
21,Street Speed Hump Replacement (2024),10000-10100 S Lowe Ave,$0.00,0.0,0.000000
21,Street Speed Hump Replacement (2024),11100-11200 S Normal Ave,$0.00,0.0,0.000000
21,Street Speed Hump Replacement (2024),10740-10900 S Sangamon St,$0.00,0.0,0.000000
21,Street Speed Hump Replacement (2024),10500-10600 S Sangamon St,$0.00,0.0,0.000000
21,Street Speed Hump Replacement (2024),1130-1200 W 112th Pl,$0.00,0.0,0.000000
21,Street Speed Hump Replacement (2024),1300-1330 W 113th Pl,$0.00,0.0,0.000000
22,Alley Apron Menu (2024),4015 W 25TH PL,"$12,039.71",12039.71,0.008135
22,Alley Apron Menu (2024),W 30TH ST & S KEDVALE AVE & S KEELER AVE & W 31ST ST,"$4,411.49",4411.49,0.002981
22,,3045 S KEELER AVE,"$4,411.49",4411.49,0.002981
22,Alley Resurfacing Menu (2024),S DRAKE AVE & W CERMAK RD & W 23RD ST & S CENTRAL PARK AVE,"$13,717.49",13717.49,0.009269
22,,2233 S CENTRAL PARK AVE,"$13,717.49",13717.49,0.009269
22,,2222 S DRAKE AVE,"$13,717.49",13717.49,0.009269
22,Alley Speed Hump Menu (2024),W 47TH ST & S LEAMINGTON AVE & S LARAMIE AVE & W 48TH ST,"$1,450.00",1450.0,0.000980
22,Alley Speed Hump Replacement (2024),2233 S CENTRAL PARK AVE,$0.00,0.00,0.000000
22,,S DRAKE AVE & W CERMAK RD & W 23RD ST & S CENTRAL PARK AVE,$0.00,0.00,0.000000
22,,2222 S DRAKE AVE,$0.00,0.00,0.000000
22,Bollard Menu (2024),4900 S CICERO AVE,"$7,000.00",7000.0,0.004730
22,Curb & Gutter Menu (2024),2237 S CHRISTIANA AVE,"$6,832.75",6832.75,0.004617
22,Diagonal Parking Menu (2024),5001-5013 W 44TH ST,"$74,107.20",74107.2,0.050076
22,Floodlight Menu (2024),3850 W 31ST ST,$250.00,250.00,0.000169
22,,3058 S AVERS AVE,$250.00,250.00,0.000169
22,Floodlight Menu (2024),4220 W OGDEN AVE,$950.00,950.0,0.000642
22,Miscellaneous CDOT Projects (2024),4901 S LAMON AVE,$660.00,660.0,0.000446
22,Pavement Markings Menu (2024),4000-4500 W Cermak Rd,"$14,500.00",14500.0,0.009798
22,Pedestrian Refuge Island Menu (2024),3350 S KEDZIE AVE,"$80,000.00",80000.0,0.054058
22,Sidewalk Menu (2024),2505 S AVERS AVE,"$1,115.90",1115.9,0.000754
22,Sidewalk Menu (2024),2518 S LAWNDALE AVE,"$2,722.93",2722.93,0.001840
22,Sidewalk Menu (2024),2700 S KARLOV AVE,"$10,823.23",10823.23,0.007313
22,Sidewalk Menu (2024),2840 S KEDVALE AVE,"$5,321.86",5321.86,0.003596
22,Sidewalk Menu (2024),2847 S MILLARD AVE,"$4,137.84",4137.84,0.002796
22,Sidewalk Menu (2024),3503-3507 W 25TH ST,"$36,227.51",36227.51,0.024480
22,Sidewalk Menu (2024),4259-4263 W CERMAK RD,"$7,816.95",7816.95,0.005282
22,Sidewalk Menu (2024),4329 W 26TH ST,"$8,816.40",8816.40,0.005957
22,,4335 W 26TH ST,"$8,816.40",8816.40,0.005957
22,Sidewalk Menu (2024),4447-4459 W 30TH ST,"$22,267.27",22267.27,0.015046
22,Sidewalk Menu (2024),4627-4631 S KILPATRICK AVE,"$9,032.31",9032.31,0.006103
22,Sidewalk Menu (2024),4645 S LECLAIRE AVE,$564.90,564.9,0.000382
22,Sidewalk Menu (2024),4836-4840 S LAWLER AVE,"$1,554.36",1554.36,0.001050
22,Sidewalk Menu (2024),4900-4904 S LA CROSSE AVE,"$7,124.73",7124.73,0.004814
22,Sidewalk Menu (2024),4907 S LA CROSSE AVE,"$5,007.40",5007.4,0.003384
22,Sidewalk Menu (2024),2400-2440 S Keeler Ave,"$18,262.42",18262.42,0.012340
22,,2412-2417 S KEELER AVE,"$18,262.42",18262.42,0.012340
22,Sidewalk Menu (2024),3100-3300 S Keeler Ave,"$130,186.77",130186.77,0.087970
22,Sidewalk Menu (2024),4033-4100 W 26th St,"$3,672.34",3672.34,0.002481
22,,4051 W 26TH ST,"$3,672.34",3672.34,0.002481
22,Street Bump Outs Menu (2024),S KARLOV AVE & W 25TH PL,"$24,520.13",24520.13,0.016569
22,Street Light Upgrade Menu (2024),3901 W 24TH ST,$750.00,750.0,0.000507
22,Street Light Upgrade Menu (2024),4712 S LAVERGNE AVE,$500.00,500.0,0.000338
22,Street Resurfacing Menu (2024),2200-2700 S Hamlin Ave,"$327,461.67",327461.67,0.221272
22,Street Resurfacing Menu (2024),2400-2600 S Harding Ave,"$113,568.03",113568.03,0.076740
22,Street Resurfacing Menu (2024),2300-2400 S Homan Ave,"$61,062.15",61062.15,0.041261
22,Street Resurfacing Menu (2024),2800-3000 S Karlov Ave,"$64,405.15",64405.15,0.043520
22,Street Resurfacing Menu (2024),4500-4600 S Kilpatrick Ave,"$53,749.29",53749.29,0.036319
22,Street Resurfacing Menu (2024),4900-5000 S La Crosse Ave,"$54,373.73",54373.73,0.036741
22,Street Resurfacing Menu (2024),3240-3100 S Millard Ave,"$99,753.99",99753.99,0.067406
22,Street Resurfacing Menu (2024),3700-3732 W 23rd St,"$35,318.24",35318.24,0.023865
22,Street Resurfacing Menu (2024),3700-3730 W 24th St,"$31,574.91",31574.91,0.021336
22,Street Resurfacing Menu (2024),3500-3600 W 24th St,"$49,685.60",49685.6,0.033574
22,Street Speed Hump Menu (2024),3000-3100 S Karlov Ave,"$4,880.00",4880.0,0.003298
22,Street Speed Hump Menu (2024),2700-2800 S Komensky Ave,"$4,880.00",4880.0,0.003298
22,Street Speed Hump Replacement (2024),2300-2400 S Homan Ave,$0.00,0.0,0.000000
22,Street Speed Hump Replacement (2024),2800-3000 S Karlov Ave,$0.00,0.0,0.000000
22,Street Speed Hump Replacement (2024),3240-3100 S Millard Ave,$0.00,0.0,0.000000
23,Alley Apron Menu (2024),3616 W 59TH PL,"$20,198.20",20198.2,0.013485
23,Alley Apron Menu (2024),3700 W 66TH ST,"$30,393.75",30393.75,0.020292
23,Alley Apron Menu (2024),5001 S LA CROSSE AVE,"$24,759.61",24759.61,0.016530
23,Alley Apron Menu (2024),5116 S MASSASOIT AVE,"$19,870.02",19870.02,0.013266
23,Alley Apron Menu (2024),5200 S LARAMIE AVE,"$19,271.03",19271.03,0.012866
23,Alley Apron Menu (2024),6758 W ARCHER AVE,"$12,787.67",12787.67,0.008538
23,Alley Apron Menu (2024),6730-6799 W 52nd St,"$26,502.63",26502.63,0.017694
23,Alley Speed Hump Menu (2024),W 65TH PL & S PULASKI RD & S SPRINGFIELD AVE & W 66TH ST,"$1,450.00",1450.0,0.000968
23,Bollard Menu (2024),5001 S LA CROSSE AVE,"$1,549.16",1549.16,0.001034
23,Curb & Gutter Menu (2024),3937 W 63RD PL,"$4,140.29",4140.29,0.002764
23,Curb & Gutter Menu (2024),5221 S NATOMA AVE,"$6,537.37",6537.37,0.004365
23,Curb & Gutter Menu (2024),5252 S AUSTIN AVE,"$14,900.21",14900.21,0.009948
23,Curb & Gutter Menu (2024),5300 S TRIPP AVE,"$14,765.23",14765.23,0.009858
23,Curb & Gutter Menu (2024),5302 S HARDING AVE,"$4,872.86",4872.86,0.003253
23,Curb & Gutter Menu (2024),5314 S HAMLIN AVE,"$8,536.33",8536.33,0.005699
23,,5316 S HAMLIN AVE,"$8,536.33",8536.33,0.005699
23,,5340 S HAMLIN AVE,"$8,536.33",8536.33,0.005699
23,Curb & Gutter Menu (2024),5343 S NEWCASTLE AVE,"$7,145.01",7145.01,0.004770
23,Curb & Gutter Menu (2024),5422-5424 S LARAMIE AVE,"$10,612.37",10612.37,0.007085
23,Curb & Gutter Menu (2024),6805 S KILBOURN AVE,"$7,246.13",7246.13,0.004838
23,Curb & Gutter Menu (2024),7258 S RIDGEWAY AVE,"$13,479.72",13479.72,0.009000
23,Pavement Markings Menu (2024),6180-6400 S Archer Ave,"$15,000.00",15000.0,0.010015
23,Pavement Markings Menu (2024),W 55TH ST & S CENTRAL AVE,"$2,436.62",2436.62,0.001627
23,,W ARCHER AVE & S OAK PARK AVE,"$2,436.62",2436.62,0.001627
23,,W ARCHER AVE & S NASHVILLE AVE,"$2,436.62",2436.62,0.001627
23,,W 65TH ST & S PULASKI RD,"$2,436.62",2436.62,0.001627
23,,W 63RD ST & S OAK PARK AVE,"$2,436.62",2436.62,0.001627
23,Pavement Markings Menu (2024),W 59TH ST & S PULASKI RD,"$17,000.00",17000.0,0.011350
23,Pavement Markings Menu (2024),W ARCHER AVE & S SAYRE AVE,"$9,304.00",9304.0,0.006212
23,Sidewalk Menu (2024),3648 W 70TH PL,"$6,757.12",6757.12,0.004511
23,Sidewalk Menu (2024),3737 W 69TH PL,"$4,664.44",4664.44,0.003114
23,Sidewalk Menu (2024),3824 W 66TH PL,"$9,027.16",9027.16,0.006027
23,Sidewalk Menu (2024),5106 S NORMANDY AVE,"$4,138.12",4138.12,0.002763
23,Sidewalk Menu (2024),5143 S AUSTIN AVE,"$6,926.34",6926.34,0.004624
23,Sidewalk Menu (2024),5208 S NEENAH AVE,"$4,463.41",4463.41,0.002980
23,Sidewalk Menu (2024),5257 S SAYRE AVE,"$4,586.93",4586.93,0.003062
23,Sidewalk Menu (2024),5259 S OAK PARK AVE,"$19,759.84",19759.84,0.013192
23,Sidewalk Menu (2024),5300 S SAYRE AVE,"$8,822.55",8822.55,0.005890
23,Sidewalk Menu (2024),5348 S NORMANDY AVE,"$6,583.98",6583.98,0.004396
23,,5352 S NORMANDY AVE,"$6,583.98",6583.98,0.004396
23,,5304 S NORMANDY AVE,"$6,583.98",6583.98,0.004396
23,,5300 S NORMANDY AVE,"$6,583.98",6583.98,0.004396
23,Sidewalk Menu (2024),5401 S NORMANDY AVE,"$5,602.05",5602.05,0.003740
23,Sidewalk Menu (2024),6900 S KEDVALE AVE,"$3,477.74",3477.74,0.002322
23,Sidewalk Menu (2024),7144 S MILLARD AVE,"$3,423.30",3423.3,0.002286
23,Sidewalk Menu (2024),7150 S AVERS AVE,$450.96,450.96,0.000301
23,Sidewalk Menu (2024),7250 S MILLARD AVE,"$2,554.88",2554.88,0.001706
23,Sidewalk Menu (2024),7254 S RIDGEWAY AVE,"$5,167.30",5167.3,0.003450
23,Street Bump Outs Menu (2024),5100-5101 S NATOMA AVE,"$6,034.39",6034.39,0.004029
23,Street Light Upgrade Menu (2024),5402 S LONG AVE,$500.00,500.0,0.000334
23,Street Resurfacing Menu (2024),5100-5200 S Avers Ave,"$43,951.17",43951.17,0.029343
23,Street Resurfacing Menu (2024),6800-6900 S Karlov Ave,"$56,487.68",56487.68,0.037713
23,Street Resurfacing Menu (2024),6800-6900 S Kedvale Ave,"$53,782.63",53782.63,0.035907
23,Street Resurfacing Menu (2024),6700-6800 S Kenneth Ave,"$54,823.25",54823.25,0.036602
23,Street Resurfacing Menu (2024),6827-6800 S Kilbourn Ave,"$23,751.84",23751.84,0.015858
23,Street Resurfacing Menu (2024),6800-6900 S Kildare Ave,"$58,784.04",58784.04,0.039246
23,Street Resurfacing Menu (2024),5400-6300 S Merrimac Ave,"$30,198.99",30198.99,0.020162
23,Street Resurfacing Menu (2024),7100-7200 S Millard Ave,"$56,424.91",56424.91,0.037671
23,Street Resurfacing Menu (2024),5300-5400 S Nashville Ave,"$52,436.07",52436.07,0.035008
23,Street Resurfacing Menu (2024),5130-5200 S Nordica Ave,"$38,816.42",38816.42,0.025915
23,Street Resurfacing Menu (2024),7100-7200 S Ridgeway Ave,"$43,777.36",43777.36,0.029227
23,Street Resurfacing Menu (2024),7200-7300 S Ridgeway Ave,"$59,650.55",59650.55,0.039825
23,Street Resurfacing Menu (2024),4430-4500 W 53rd St,"$18,620.30",18620.3,0.012432
23,Street Resurfacing Menu (2024),3600-3700 W 55th Pl,"$50,351.54",50351.54,0.033617
23,Street Resurfacing Menu (2024),3900-4000 W 57th St,"$56,957.43",56957.43,0.038027
23,Street Resurfacing Menu (2024),3600-3700 W 61st Pl,"$48,548.75",48548.75,0.032413
23,Street Resurfacing Menu (2024),3600-3600 W 61st St,"$10,639.73",10639.73,0.007103
23,Street Resurfacing Menu (2024),3600-3600 W 62nd St,"$10,481.34",10481.34,0.006998
23,Street Resurfacing Menu (2024),3700-3800 W 63rd Pl,"$55,984.59",55984.59,0.037377
23,Street Resurfacing Menu (2024),3800-3900 W 65th Pl,"$58,278.61",58278.61,0.038909
23,Street Resurfacing Menu (2024),3700-3800 W 65th Pl,"$61,353.26",61353.26,0.040962
23,Street Resurfacing Menu (2024),3500-3600 W 66th Pl,"$54,877.10",54877.1,0.036638
23,Street Resurfacing Menu (2024),3560-3560 W 66th St,"$12,653.94",12653.94,0.008448
23,Street Speed Hump Menu (2024),6100-6300 S Central Park Ave,"$7,320.00",7320.0,0.004887
23,Street Speed Hump Menu (2024),5100-5200 S Hamlin Ave,"$4,880.00",4880.0,0.003258
23,Street Speed Hump Menu (2024),5300-5990 S Massasoit Ave,"$2,440.00",2440.0,0.001629
23,Street Speed Hump Menu (2024),5300-5920 S Parkside Ave,"$2,440.00",2440.0,0.001629
23,Street Speed Hump Menu (2024),6030-6130 S Springfield Ave,"$4,880.00",4880.0,0.003258
23,Street Speed Hump Menu (2024),6900-6930 S Springfield Ave,"$2,440.00",2440.0,0.001629
23,Street Speed Hump Menu (2024),7100-7200 S Springfield Ave,"$4,880.00",4880.0,0.003258
23,Street Speed Hump Menu (2024),6500-6600 W 54th St,"$4,880.00",4880.0,0.003258
23,Street Speed Hump Menu (2024),3600-3700 W 58th St,"$4,880.00",4880.0,0.003258
23,Street Speed Hump Menu (2024),3800-3900 W 59th Pl,"$4,880.00",4880.0,0.003258
23,Street Speed Hump Replacement (2024),6800-6900 S Kildare Ave,$0.00,0.0,0.000000
23,Street Speed Hump Replacement (2024),5130-5200 S Nordica Ave,$0.00,0.0,0.000000
23,Street Speed Hump Replacement (2024),7100-7200 S Ridgeway Ave,$0.00,0.0,0.000000
23,Street Speed Hump Replacement (2024),3500-3600 W 66th Pl,$0.00,0.0,0.000000
24,Alley Apron Menu (2024),4144 W ARTHINGTON ST,"$12,922.59",12922.59,0.008903
24,Alley Resurfacing Menu (2024),S LAWNDALE AVE & W 15TH ST & W DOUGLAS BLVD & S MILLARD AVE,"$76,514.61",76514.61,0.052718
24,Alley Resurfacing Menu (2024),S SPRINGFIELD AVE & W FLOURNOY ST & S INDEPENDENCE BLVD & W LEXINGTON ST,"$40,282.93",40282.93,0.027754
24,Alley Resurfacing Menu (2024),S TRUMBULL AVE & W 16TH ST & W 18TH ST & S ST LOUIS AVE,"$23,619.95",23619.95,0.016274
24,Alley Resurfacing Menu (2024),W CERMAK RD & S TROY ST & S ALBANY AVE & W 23RD ST,"$57,422.76",57422.76,0.039564
24,Alley Resurfacing Menu (2024),W HARRISON ST & S CICERO AVE & S KILPATRICK AVE & W FLOURNOY ST,"$16,988.16",16988.16,0.011705
24,Alley Resurfacing Menu (2024),W HARRISON ST & S KILPATRICK AVE & S KILPATRICK AVE & W FLOURNOY ST,"$36,909.48",36909.48,0.025430
24,Alley Resurfacing Menu (2024),W OGDEN AVE & S HOMAN AVE & S KEDZIE AVE & W 19TH ST,"$81,866.22",81866.22,0.056405
24,,3315 W OGDEN AVE,"$81,866.22",81866.22,0.056405
24,Alley Resurfacing Menu (2024),W OGDEN AVE & S LAWNDALE AVE & S RIDGEWAY AVE & W 19TH ST,"$26,324.90",26324.9,0.018137
24,Alley Speed Hump Menu (2024),W 16TH ST & S LAWNDALE AVE & S MILLARD AVE & W OGDEN AVE,"$1,200.44",1200.44,0.000827
24,Alley Speed Hump Replacement (2024),S LAWNDALE AVE & W 15TH ST & W DOUGLAS BLVD & S MILLARD AVE,$0.00,0.0,0.000000
24,Alley Speed Hump Replacement (2024),S TRUMBULL AVE & W 16TH ST & W 18TH ST & S ST LOUIS AVE,$0.00,0.0,0.000000
24,Alley Speed Hump Replacement (2024),W CERMAK RD & S TROY ST & S ALBANY AVE & W 23RD ST,$0.00,0.0,0.000000
24,Alley Speed Hump Replacement (2024),W OGDEN AVE & S HOMAN AVE & S KEDZIE AVE & W 19TH ST,$0.00,0.00,0.000000
24,,3315 W OGDEN AVE,$0.00,0.00,0.000000
24,Alley Speed Hump Replacement (2024),W OGDEN AVE & S LAWNDALE AVE & S RIDGEWAY AVE & W 19TH ST,$0.00,0.0,0.000000
24,Curb & Gutter Menu (2024),1538-1554 S TRUMBULL AVE,"$1,522.20",1522.2,0.001049
24,Floodlight Menu (2024),S KEDVALE AVE & W 13TH ST,$950.00,950.0,0.000655
24,Miscellaneous CDOT Projects (2024),1101 S CENTRAL PARK AVE,$660.00,660.0,0.000455
24,Pavement Markings Menu (2024),W OGDEN AVE & S ALBANY AVE,"$1,600.00",1600.0,0.001102
24,Sidewalk Menu (2024),2149 S DRAKE AVE,"$2,740.45",2740.45,0.001888
24,Sidewalk Menu (2024),3210 W 21ST ST,"$44,884.33",44884.33,0.030925
24,Street Light Upgrade Menu (2024),1800-1900 S CENTRAL PARK AVE,"$1,000.00",1000.0,0.000689
24,Street Light Upgrade Menu (2024),3736 W CERMAK RD,$500.00,500.0,0.000344
24,Street Resurfacing Menu (2024),2200-2300 S Albany Ave,"$79,093.79",79093.79,0.054495
24,Street Resurfacing Menu (2024),1800-1900 S Avers Ave,"$61,390.71",61390.71,0.042297
24,Street Resurfacing Menu (2024),1200-1300 S Christiana Ave,"$57,895.30",57895.3,0.039889
24,Street Resurfacing Menu (2024),1400-1500 S Kenneth Ave,"$59,063.36",59063.36,0.040694
24,Street Resurfacing Menu (2024),600-700 S Kilpatrick Ave,"$25,924.30",25924.3,0.017861
24,Street Resurfacing Menu (2024),1600-1800 S Komensky Ave,"$58,431.73",58431.73,0.040259
24,Street Resurfacing Menu (2024),1800-1900 S Lawndale Ave,"$64,344.09",64344.09,0.044332
24,Street Resurfacing Menu (2024),1300-1400 S Millard Ave,"$62,620.12",62620.12,0.043144
24,Street Resurfacing Menu (2024),1500-1600 S Millard Ave,"$55,084.75",55084.75,0.037953
24,Street Resurfacing Menu (2024),1410-1500 S Ridgeway Ave,"$62,749.75",62749.75,0.043234
24,Street Resurfacing Menu (2024),1600-1660 S Sawyer Ave,"$39,272.93",39272.93,0.027059
24,Street Resurfacing Menu (2024),2100-2200 S Spaulding Ave,"$56,098.05",56098.05,0.038651
24,Street Resurfacing Menu (2024),1360-1500 S Spaulding Ave,"$53,463.24",53463.24,0.036835
24,Street Resurfacing Menu (2024),1900-2160 S Springfield Ave,"$90,360.12",90360.12,0.062257
24,Street Resurfacing Menu (2024),1130-1200 S St Louis Ave,"$30,139.99",30139.99,0.020766
24,Street Resurfacing Menu (2024),3738-3900 W Polk St,"$75,939.95",75939.95,0.052322
24,Street Speed Hump Menu (2024),1400-1500 S Kolin Ave,"$4,880.00",4880.0,0.003362
24,Street Speed Hump Menu (2024),3800-3940 W Harrison St,"$4,880.00",4880.0,0.003362
24,Street Speed Hump Replacement (2024),1200-1300 S Christiana Ave,$0.00,0.0,0.000000
24,Street Speed Hump Replacement (2024),1600-1800 S Komensky Ave,$0.00,0.0,0.000000
24,Street Speed Hump Replacement (2024),1300-1400 S Millard Ave,$0.00,0.0,0.000000
24,Street Speed Hump Replacement (2024),1500-1600 S Millard Ave,$0.00,0.0,0.000000
24,Street Speed Hump Replacement (2024),1410-1500 S Ridgeway Ave,$0.00,0.0,0.000000
24,Street Speed Hump Replacement (2024),1900-2160 S Springfield Ave,$0.00,0.0,0.000000
24,Street Speed Hump Replacement (2024),3738-3900 W Polk St,$0.00,0.0,0.000000
25,(2024) Miscellaneous CDOT Projects (2024),1800 S THROOP ST,$660.00,660.0,0.000465
25,2024 Sidewalk Menu (2024),1114 W 17TH ST,"$6,630.69",6630.69,0.004669
25,Alley Resurfacing Menu (2024),S DAMEN AVE & W 23RD ST & W COULTER ST & S DAMEN AVE,"$32,861.51",32861.51,0.023138
25,Alley Resurfacing Menu (2024),W 21ST ST & S WASHTENAW AVE & S FAIRFIELD AVE & W CERMAK RD,"$45,530.72",45530.72,0.032058
25,Alley Resurfacing Menu (2024),W 24TH PL & S WESTERN AVE & S WESTERN AVE & W 25TH ST,"$24,689.50",24689.5,0.017384
25,Alley Resurfacing Menu (2024),W CULLERTON ST & S ASHLAND AVE & S PAULINA ST & W 21ST ST,"$37,400.02",37400.02,0.026334
25,Alley Resurfacing Menu (2024),W CULLERTON ST & S ROCKWELL ST & S WASHTENAW AVE & W 21ST ST,"$18,176.63",18176.63,0.012798
25,,2641 W CULLERTON ST,"$18,176.63",18176.63,0.012798
25,Alley Speed Hump Menu (2024),W CULLERTON ST & S WOOD ST & S WOLCOTT AVE & W 21ST ST,$725.00,725.00,0.000510
25,,1817 W CULLERTON ST,$725.00,725.00,0.000510
25,Alley Speed Hump Replacement (2024),W CULLERTON ST & S ASHLAND AVE & S PAULINA ST & W 21ST ST,$0.00,0.0,0.000000
25,Curb & Gutter Menu (2024),1617 W 16TH ST,"$248,169.07",248169.07,0.174737
25,Curb & Gutter Menu (2024),1900-2000 W 17th St,"$57,796.92",57796.92,0.040695
25,"In-Road ""State Law Stop For Pedestrians"" Sign Menu",S SANGAMON ST & W COLLEGE PKWY,$350.00,350.0,0.000246
25,Pavement Markings Menu (2024),1400-1600 S Union Ave,"$9,000.00",9000.0,0.006337
25,Pavement Markings Menu (2024),1800-2000 W 18th St,"$4,000.00",4000.0,0.002816
25,Pavement Markings Menu (2024),W CERMAK RD & S PAULINA ST,"$35,000.00",35000.0,0.024644
25,Pickard Elementary Public Art Installment 25th Ward Menu,2301 W 21ST PL,"$45,000.00",45000.0,0.031685
25,Sidewalk Menu (2024),1412 W CERMAK RD,"$5,018.17",5018.17,0.003533
25,Sidewalk Menu (2024),1659 W CULLERTON ST,"$34,715.61",34715.61,0.024443
25,Sidewalk Menu (2024),1815 S RACINE AVE,"$14,082.05",14082.05,0.009915
25,Sidewalk Menu (2024),1819 S ALLPORT ST,"$3,635.70",3635.7,0.002560
25,Sidewalk Menu (2024),1837 W CERMAK RD,"$9,893.49",9893.49,0.006966
25,Sidewalk Menu (2024),1918 S MORGAN ST,"$18,249.25",18249.25,0.012849
25,Sidewalk Menu (2024),2111 W 18TH PL,"$17,650.32",17650.32,0.012428
25,Sidewalk Menu (2024),2130 W 23RD PL,"$11,169.60",11169.6,0.007865
25,Sidewalk Menu (2024),2144-2150 S HOYNE AVE,"$26,064.45",26064.45,0.018352
25,,2214-2230 S HOYNE AVE,"$26,064.45",26064.45,0.018352
25,Sidewalk Menu (2024),2300 S OAKLEY AVE,"$7,875.64",7875.64,0.005545
25,Sidewalk Menu (2024),2314-2330 W 23RD PL,"$3,441.01",3441.01,0.002423
25,Sidewalk Menu (2024),2359 S WESTERN AVE,"$5,675.30",5675.3,0.003996
25,Sidewalk Menu (2024),3141 W 26TH ST,"$60,326.72",60326.72,0.042476
25,Speed Indicator Signs (2024),W 18TH ST & S DAMEN AVE,"$28,300.70",28300.7,0.019927
25,Street Resurfacing Menu (2024),1432-1499 S Aberdeen St,"$16,989.27",16989.27,0.011962
25,Street Resurfacing Menu (2024),1920-2100 S Desplaines St,"$61,308.96",61308.96,0.043168
25,Street Resurfacing Menu (2024),1400-2100 S Ruble St,"$45,861.83",45861.83,0.032292
25,Street Resurfacing Menu (2024),1756-1700 W 18th Pl,"$78,894.19",78894.19,0.055550
25,Street Resurfacing Menu (2024),1600-1700 W 18th Pl,"$86,127.52",86127.52,0.060643
25,Street Resurfacing Menu (2024),2000-2100 W 18th Pl,"$69,881.93",69881.93,0.049204
25,Street Resurfacing Menu (2024),2600-2800 W 21st St,"$160,383.83",160383.83,0.112927
25,Street Speed Hump Menu (2024),1923 S MORGAN ST,"$2,440.00",2440.0,0.001718
25,Street Speed Hump Menu (2024),2108 S MAY ST,"$1,220.00",1220.00,0.000859
25,,2100-2200 S May St,"$1,220.00",1220.00,0.000859
25,Street Speed Hump Menu (2024),2632 S SPAULDING AVE,"$2,440.00",2440.00,0.001718
25,,2600-2700 S Spaulding Ave,"$2,440.00",2440.00,0.001718
25,Street Speed Hump Menu (2024),1432-1527 S Morgan St,"$4,880.00",4880.0,0.003436
25,Street Speed Hump Menu (2024),2300-2330 S Oakley Ave,"$2,440.00",2440.00,0.001718
25,,2322 S OAKLEY AVE,"$2,440.00",2440.00,0.001718
25,Street Speed Hump Menu (2024),2300-2400 S Whipple St,"$4,880.00",4880.0,0.003436
25,Street Speed Hump Menu (2024),2700-2800 S Whipple St,"$2,440.00",2440.0,0.001718
25,Street Speed Hump Menu (2024),700-800 W 17th St,"$2,440.00",2440.0,0.001718
25,Street Speed Hump Menu (2024),2300-2400 W 21st St,"$2,350.00",2350.00,0.001655
25,,2321 W 21ST ST,"$2,350.00",2350.00,0.001655
25,Street Speed Hump Menu (2024),2498-2400 W 24th St,"$4,880.00",4880.0,0.003436
25,Street Speed Hump Menu (2024),3000-3030 W 28th St,"$2,440.00",2440.0,0.001718
25,Street Speed Hump Menu (2024),2100-2200 W Cullerton St,"$2,440.00",2440.0,0.001718
25,Street Speed Hump Replacement (2024),1920-2100 S Desplaines St,$0.00,0.0,0.000000
25,Street Speed Hump Replacement (2024),1600-1700 W 18th Pl,$0.00,0.0,0.000000
25,Street Speed Hump Replacement (2024),2000-2100 W 18th Pl,$0.00,0.0,0.000000
25,Street Speed Hump Replacement (2024),2600-2800 W 21st St,$0.00,0.0,0.000000
25,Traffic,S MORGAN ST & W CERMAK RD,$0.00,0.0,0.000000
26,Alley Apron Menu (2024),1842 N KARLOV AVE,"$23,761.38",23761.38,0.016143
26,Alley Apron Menu (2024),3122 W HOMER ST,"$13,532.50",13532.5,0.009194
26,Alley Apron Menu (2024),3544 W MCLEAN AVE,"$17,685.76",17685.76,0.012015
26,Alley Apron Menu (2024),4257 W ARMITAGE AVE,"$18,775.00",18775.0,0.012755
26,Alley Apron Menu (2024),4742 W DICKENS AVE,"$18,360.43",18360.43,0.012474
26,Alley Resurfacing Menu (2024),1448 N KEDZIE AVE,"$29,391.19",29391.19,0.019968
26,,N KEDZIE AVE & W LE MOYNE ST & W BEACH AVE & N SPAULDING AVE,"$29,391.19",29391.19,0.019968
26,Alley Resurfacing Menu (2024),1636 N MONTICELLO AVE,"$10,187.69",10187.69,0.006921
26,,N MONTICELLO AVE & W WABANSIA AVE & W NORTH AVE & N,"$10,187.69",10187.69,0.006921
26,Alley Resurfacing Menu (2024),LAWNDALE AVE 1715 N PULASKI RD,"$25,337.25",25337.25,0.017213
26,,N PULASKI RD & W WABANSIA AVE & W WABANSIA AVE & N HARDING,"$25,337.25",25337.25,0.017213
26,Alley Resurfacing Menu (2024),AVE 1800 N KARLOV AVE,"$25,080.58",25080.58,0.017039
26,,N KARLOV AVE & W CORTLAND ST & W CORTLAND ST & N KEDVALE,"$25,080.58",25080.58,0.017039
26,Alley Resurfacing Menu (2024),AVE 1828 N CENTRAL PARK AVE,"$17,906.84",17906.84,0.012165
26,,N MONTICELLO AVE & W CORTLAND ST & W CORTLAND ST & N,"$17,906.84",17906.84,0.012165
26,Alley Resurfacing Menu (2024),CENTRAL PARK AVE 2019 N KARLOV AVE,"$27,392.12",27392.12,0.018609
26,,N KARLOV AVE & W DICKENS AVE & W ARMITAGE AVE & N KEYSTONE,"$27,392.12",27392.12,0.018609
26,Alley Resurfacing Menu (2024),AVE 2049 N KILPATRICK AVE,"$32,255.38",32255.38,0.021913
26,,N KILPATRICK AVE & W MCLEAN AVE & W DICKENS AVE & N KILPATRICK AVE,"$32,255.38",32255.38,0.021913
26,Alley Resurfacing Menu (2024),2218 N LAMON AVE,"$21,519.87",21519.87,0.014620
26,,N LAMON AVE & W BELDEN AVE & W PALMER ST & N LAPORTE AVE,"$21,519.87",21519.87,0.014620
26,Alley Resurfacing Menu (2024),2559 W DIVISION ST,"$7,930.43",7930.43,0.005388
26,,W DIVISION ST & N ROCKWELL ST & N CAMPBELL AVE & W HADDON,"$7,930.43",7930.43,0.005388
26,Alley Resurfacing Menu (2024),AVE 2704 W NORTH AVE,"$15,819.90",15819.90,0.010748
26,,W NORTH AVE & N FAIRFIELD AVE & N WASHTENAW AVE & W,"$15,819.90",15819.90,0.010748
26,Alley Resurfacing Menu (2024),WABANSIA AVE 3560 W MCLEAN AVE,"$13,989.62",13989.62,0.009504
26,,W MCLEAN AVE & N CENTRAL PARK AVE & N DRAKE AVE & W,"$13,989.62",13989.62,0.009504
26,Alley Resurfacing Menu (2024),DICKENS AVE N FAIRFIELD AVE & W NORTH AVE & W LE MOYNE ST & N CALIFORNIA AVE,"$14,013.38",14013.38,0.009520
26,,1534 N FAIRFIELD AVE,"$14,013.38",14013.38,0.009520
26,Alley Resurfacing Menu (2024),N LAPORTE AVE & W DICKENS AVE & W ARMITAGE AVE & N LAMON AVE,"$24,586.17",24586.17,0.016703
26,,2021 N LAPORTE,"$24,586.17",24586.17,0.016703
26,Alley Resurfacing Menu (2024),AVE N LECLAIRE AVE & W PALMER ST & W DICKENS AVE & N LEAMINGTON AVE,"$24,926.07",24926.07,0.016934
26,,2152 N,"$24,926.07",24926.07,0.016934
26,Alley Resurfacing Menu (2024),LECLAIRE AVE N MOZART ST & W BLOOMINGDALE AVE & W WABANSIA AVE & N CALIFORNIA AVE,"$10,506.17",10506.17,0.007138
26,,1701 N,"$10,506.17",10506.17,0.007138
26,Alley Resurfacing Menu (2024),MOZART ST N MOZART ST & W CORTLAND ST & W BLOOMINGDALE AVE & N CALIFORNIA AVE,"$13,548.71",13548.71,0.009205
26,,1855 N MOZART ST,"$13,548.71",13548.71,0.009205
26,Alley Resurfacing Menu (2024),N MOZART ST & W WABANSIA AVE & W NORTH AVE & N FRANCISCO AVE,"$26,780.10",26780.10,0.018194
26,,1658 N MOZART ST,"$26,780.10",26780.10,0.018194
26,Alley Speed Hump Menu (2024),N AVERS AVE & W NORTH AVE & W LE MOYNE ST & N SPRINGFIELD AVE,"$2,175.00",2175.0,0.001478
26,Alley Speed Hump Menu (2024),N HUMBOLDT BLVD & W WABANSIA AVE & W NORTH AVE & N WHIPPLE ST,"$2,175.00",2175.0,0.001478
26,Alley Speed Hump Menu (2024),W MCLEAN AVE & N KILPATRICK AVE & N KILPATRICK AVE & W DICKENS AVE,"$1,087.50",1087.50,0.000739
26,,4610 W MCLEAN AVE,"$1,087.50",1087.50,0.000739
26,Alley Speed Hump Replacement (2024),1448 N KEDZIE AVE,$0.00,0.00,0.000000
26,,N KEDZIE AVE & W LE MOYNE ST & W BEACH AVE & N SPAULDING AVE,$0.00,0.00,0.000000
26,Alley Speed Hump Replacement (2024),1636 N MONTICELLO AVE,$0.00,0.00,0.000000
26,,N MONTICELLO AVE & W WABANSIA AVE & W NORTH AVE & N,$0.00,0.00,0.000000
26,Alley Speed Hump Replacement (2024),LAWNDALE AVE 1715 N PULASKI RD,$0.00,0.00,0.000000
26,,N PULASKI RD & W WABANSIA AVE & W WABANSIA AVE & N HARDING,$0.00,0.00,0.000000
26,Alley Speed Hump Replacement (2024),AVE 1800 N KARLOV AVE,$0.00,0.00,0.000000
26,,N KARLOV AVE & W CORTLAND ST & W CORTLAND ST & N KEDVALE,$0.00,0.00,0.000000
26,Alley Speed Hump Replacement (2024),AVE 2021 N LAPORTE AVE,$0.00,0.00,0.000000
26,,N LAPORTE AVE & W DICKENS AVE & W ARMITAGE AVE & N LAMON,$0.00,0.00,0.000000
26,Alley Speed Hump Replacement (2024),AVE 2049 N KILPATRICK AVE,$0.00,0.00,0.000000
26,,N KILPATRICK AVE & W MCLEAN AVE & W DICKENS AVE & N,$0.00,0.00,0.000000
26,Alley Speed Hump Replacement (2024),KILPATRICK AVE 2559 W DIVISION ST,$0.00,0.00,0.000000
26,,W DIVISION ST & N ROCKWELL ST & N CAMPBELL AVE & W HADDON,$0.00,0.00,0.000000
26,Alley Speed Hump Replacement (2024),AVE 2704 W NORTH AVE,$0.00,0.00,0.000000
26,,W NORTH AVE & N FAIRFIELD AVE & N WASHTENAW AVE & W WABANSIA AVE,$0.00,0.00,0.000000
26,Alley Speed Hump Replacement (2024),N LAMON AVE & W BELDEN AVE & W PALMER ST & N LAPORTE AVE,$0.00,0.00,0.000000
26,,2218 N LAMON AVE,$0.00,0.00,0.000000
26,Alley Speed Hump Replacement (2024),N LECLAIRE AVE & W PALMER ST & W DICKENS AVE & N LEAMINGTON AVE,$0.00,0.00,0.000000
26,,2152 N,$0.00,0.00,0.000000
26,Alley Speed Hump Replacement (2024),LECLAIRE AVE N MOZART ST & W CORTLAND ST & W BLOOMINGDALE AVE & N CALIFORNIA AVE,$0.00,0.00,0.000000
26,,1855 N MOZART ST,$0.00,0.00,0.000000
26,Alley Speed Hump Replacement (2024),N MOZART ST & W WABANSIA AVE & W NORTH AVE & N FRANCISCO AVE,$0.00,0.00,0.000000
26,,1658 N MOZART ST,$0.00,0.00,0.000000
26,Alley Speed Hump Replacement (2024),W ARMITAGE AVE & N ST LOUIS AVE & N DRAKE AVE & W CORTLAND ST,$0.00,0.0,0.000000
26,Concrete Alley Menu (2024),2113 N CICERO AVE,"$47,446.83",47446.83,0.032234
26,,N CICERO AVE & W SHAKESPEARE AVE & W DICKENS AVE & N KILPATRICK AVE,"$47,446.83",47446.83,0.032234
26,Curb & Gutter Menu (2024),2750 W NORTH AVE,"$5,554.97",5554.97,0.003774
26,Karlov Avenue. Pedestrian Refuge Island Menu (2024),N HUMBOLDT BLVD & W WABANSIA AVE,"$75,000.00",75000.0,0.050953
26,Mural project at the viaduct on the 1800 block of north,1800 N KARLOV AVE,"$9,431.65",9431.65,0.006408
26,Sidewalk Menu (2024),1100 N FRANCISCO AVE,"$28,904.62",28904.62,0.019637
26,Sidewalk Menu (2024),1654 N SPRINGFIELD AVE,"$1,039.86",1039.86,0.000706
26,Sidewalk Menu (2024),1731 N ALBANY AVE,"$3,687.29",3687.29,0.002505
26,Sidewalk Menu (2024),1803 N KEDVALE AVE,"$5,551.92",5551.92,0.003772
26,Sidewalk Menu (2024),1847 N MOZART ST,"$3,915.13",3915.13,0.002660
26,Sidewalk Menu (2024),1922 N LOWELL AVE,"$6,006.29",6006.29,0.004080
26,Sidewalk Menu (2024),2034-2040 N LAMON AVE,"$12,632.10",12632.1,0.008582
26,Sidewalk Menu (2024),2049-2053 N KILPATRICK AVE,"$11,859.51",11859.51,0.008057
26,Sidewalk Menu (2024),2054 N KOSTNER AVE,"$16,847.19",16847.19,0.011445
26,Sidewalk Menu (2024),2057 N KENNETH AVE,"$14,719.10",14719.1,0.010000
26,Sidewalk Menu (2024),2118-2122 N LAMON AVE,"$6,640.23",6640.23,0.004511
26,,2116 N LAMON AVE,"$6,640.23",6640.23,0.004511
26,Sidewalk Menu (2024),2140 N KOSTNER AVE,"$3,535.74",3535.74,0.002402
26,Sidewalk Menu (2024),2255 N LARAMIE AVE,"$5,955.78",5955.78,0.004046
26,Sidewalk Menu (2024),3841 W LE MOYNE ST,"$23,507.89",23507.89,0.015971
26,Street Bump Outs Menu (2024),N CENTRAL PARK AVE & W PIERCE AVE,"$13,021.63",13021.63,0.008847
26,Street Bump Outs Menu (2024),W BLOOMINGDALE AVE & N ALBANY AVE,"$16,478.28",16478.28,0.011195
26,Street Resurfacing Menu (2024),1900-2000 N Kenneth Ave,"$59,860.56",59860.56,0.040668
26,Street Resurfacing Menu (2024),2200-2300 N La Crosse Ave,"$50,987.61",50987.61,0.034639
26,Street Resurfacing Menu (2024),2100-2200 N Lamon Ave,"$58,931.93",58931.93,0.040037
26,Street Resurfacing Menu (2024),1600-1700 N Mozart St,"$63,759.05",63759.05,0.043316
26,Street Resurfacing Menu (2024),1759-1900 N St Louis Ave,"$64,765.42",64765.42,0.044000
26,Street Speed Hump Menu (2024),1600-1700 N Keeler Ave,"$4,880.00",4880.0,0.003315
26,Street Speed Hump Menu (2024),1900-2000 N Sawyer Ave,"$4,880.00",4880.0,0.003315
26,Street Speed Hump Menu (2024),3000-3200 W Bloomingdale Ave,"$7,320.00",7320.0,0.004973
26,Street Speed Hump Menu (2024),3200-3300 W Hirsch St,"$4,880.00",4880.0,0.003315
26,Street Speed Hump Menu (2024),5100-5200 W Palmer St,"$4,880.00",4880.0,0.003315
26,Street Speed Hump Replacement (2024),1900-2000 N Kenneth Ave,$0.00,0.0,0.000000
26,Street Speed Hump Replacement (2024),2100-2200 N Lamon Ave,$0.00,0.0,0.000000
26,Street Speed Hump Replacement (2024),1759-1900 N St Louis Ave,$0.00,0.0,0.000000
27,ADA - Alley Resurfacing Menu (2024),W IMLAY ST & N MILWAUKEE AVE & N NASHVILLE AVE & W DEVON AVE,"$7,245.00",7245.0,0.004830
27,Alley Resurfacing Menu (2024),214 S WOOD ST,"$9,184.59",9184.59,0.006123
27,,S WOOD ST & W JACKSON BLVD & W ADAMS ST & S HONORE ST,"$9,184.59",9184.59,0.006123
27,Alley Resurfacing Menu (2024),W CARROLL AVE & N DAMEN AVE & N WOLCOTT AVE & W FULTON ST,"$18,099.38",18099.38,0.012066
27,,1901 W CARROLL AVE,"$18,099.38",18099.38,0.012066
27,Alley Resurfacing Menu (2024),W CHICAGO AVE & N MAY ST & N OGDEN AVE & W CHICAGO AVE,"$19,072.75",19072.75,0.012715
27,,1129 W CHICAGO AVE,"$19,072.75",19072.75,0.012715
27,Alley Resurfacing Menu (2024),W IMLAY ST & N MILWAUKEE AVE & N NASHVILLE AVE & W DEVON AVE,"$32,383.72",32383.72,0.021589
27,Bollard Menu (2024),850 N MILWAUKEE AVE,"$2,801.90",2801.9,0.001868
27,Miscellaneous CDOT Projects (2024),1500 N CLYBOURN AVE,"$47,936.94",47936.94,0.031958
27,Pavement Markings Menu (2024),W DIVISION ST & N CROSBY ST,"$1,000.00",1000.0,0.000667
27,Sidewalk Menu (2024),2900-3000 W Fulton St,"$64,416.40",64416.4,0.042944
27,Street Bump Outs Menu (2024),W JACKSON BLVD & S THROOP ST,"$10,468.94",10468.94,0.006979
27,Street Light Pole for High Definition Camera Menu (2024),W MAYPOLE AVE & N PAULINA ST,"$3,000.00",3000.0,0.002000
27,Street Resurfacing Menu (2024),700-800 N Albany Ave,"$53,904.04",53904.04,0.035936
27,Street Resurfacing Menu (2024),900-1100 N Lawndale Ave,"$120,709.55",120709.55,0.080473
27,Street Resurfacing Menu (2024),1300-1500 N Mohawk St,"$139,708.00",139708.0,0.093139
27,Street Resurfacing Menu (2024),500-600 N Peoria St,"$26,720.31",26720.31,0.017814
27,Street Resurfacing Menu (2024),900-1200 N Ridgeway Ave,"$190,549.57",190549.57,0.127033
27,Street Resurfacing Menu (2024),660-800 N Sangamon St,"$88,623.43",88623.43,0.059082
27,Street Resurfacing Menu (2024),0-300 S Campbell Ave,"$145,096.56",145096.56,0.096731
27,Street Resurfacing Menu (2024),1000-1200 S Hamilton Ave,"$101,702.54",101702.54,0.067802
27,Street Resurfacing Menu (2024),800-1000 S Marshfield Ave,"$85,844.89",85844.89,0.057230
27,Street Resurfacing Menu (2024),830-940 W Ancona St,"$68,233.65",68233.65,0.045489
27,Street Resurfacing Menu (2024),830-928 W Huron St,"$72,883.65",72883.65,0.048589
27,Street Resurfacing Menu (2024),2630-2800 W Maypole Ave,"$99,525.57",99525.57,0.066350
27,Street Resurfacing Menu (2024),900-1100 W Monticello Ave,"$25,472.76",25472.76,0.016982
27,Street Speed Hump Menu (2024),0-100 N Francisco Ave,"$4,880.00",4880.0,0.003253
27,Street Speed Hump Menu (2024),1300-1500 N Mohawk St,"$9,299.12",9299.12,0.006199
27,Street Speed Hump Menu (2024),1000-1200 S Hamilton Ave,"$4,880.00",4880.0,0.003253
27,Street Speed Hump Replacement (2024),900-1100 N Lawndale Ave,$0.00,0.0,0.000000
27,Street Speed Hump Replacement (2024),500-600 N Peoria St,$0.00,0.0,0.000000
27,Street Speed Hump Replacement (2024),900-1200 N Ridgeway Ave,$0.00,0.0,0.000000
27,Street Speed Hump Replacement (2024),0-300 S Campbell Ave,$0.00,0.0,0.000000
27,Street Speed Hump Replacement (2024),2630-2800 W Maypole Ave,$0.00,0.0,0.000000
27,Street Speed Hump Replacement (2024),900-1100 W Monticello Ave,$0.00,0.0,0.000000
28,Alley Resurfacing Menu (2024),1545 W TAYLOR ST,"$8,759.13",8759.13,0.005839
28,,W TAYLOR ST & S ASHLAND AVE & S LAFLIN ST & W FILLMORE ST,"$8,759.13",8759.13,0.005839
28,Alley Resurfacing Menu (2024),616 S WESTERN AVE,"$4,225.06",4225.06,0.002817
28,,S WESTERN AVE & W HARRISON ST & W FLOURNOY ST & S CAMPBELL AVE,"$4,225.06",4225.06,0.002817
28,Alley Resurfacing Menu (2024),W CARROLL AVE & N KILBOURN AVE & N KOSTNER AVE & W LAKE ST,"$21,058.69",21058.69,0.014039
28,,4441 W CARROLL AVE,"$21,058.69",21058.69,0.014039
28,Alley Resurfacing Menu (2024),W FILLMORE ST & S LOOMIS ST & S LAFLIN ST & W ROOSEVELT RD,"$18,290.77",18290.77,0.012194
28,,1425 W FILLMORE ST,"$18,290.77",18290.77,0.012194
28,Alley Resurfacing Menu (2024),W FULTON BLVD & N HOMAN AVE & N ST LOUIS AVE & W CARROLL AVE,"$33,339.32",33339.32,0.022226
28,Alley Resurfacing Menu (2024),W FULTON BLVD & N KEDZIE AVE & N HOMAN AVE & W CARROLL AVE,"$92,958.35",92958.35,0.061972
28,Alley Resurfacing Menu (2024),W GLADYS AVE & S PULASKI RD & S SPRINGFIELD AVE & W VAN BUREN ST,"$41,511.33",41511.33,0.027674
28,Alley Resurfacing Menu (2024),W JACKSON BLVD & S KILDARE AVE & S KOSTNER AVE & W ADAMS ST,"$31,440.10",31440.1,0.020960
28,Alley Resurfacing Menu (2024),W LEXINGTON ST & S WESTERN AVE & S CAMPBELL AVE & W POLK ST,"$44,521.04",44521.04,0.029681
28,Alley Resurfacing Menu (2024),W POLK ST & S WESTERN AVE & S CAMPBELL AVE & W ARTHINGTON ST,"$14,304.61",14304.61,0.009536
28,Alley Resurfacing Menu (2024),W WASHINGTON BLVD & N CICERO AVE & N LAMON AVE & W WEST END AVE,"$45,404.79",45404.79,0.030270
28,Alley Resurfacing Menu (2024),W WEST END AVE & N KOSTNER AVE & N KENNETH AVE & W MAYPOLE AVE,"$70,227.52",70227.52,0.046818
28,Alley Speed Hump Menu (2024),W CARROLL AVE & N KOSTNER AVE & N KILBOURN AVE & W LAKE ST,"$1,450.00",1450.0,0.000967
28,Alley Speed Hump Replacement (2024),1425 W FILLMORE ST,$0.00,0.00,0.000000
28,,W FILLMORE ST & S LOOMIS ST & S LAFLIN ST & W ROOSEVELT RD,$0.00,0.00,0.000000
28,Alley Speed Hump Replacement (2024),1545 W TAYLOR ST,$0.00,0.00,0.000000
28,,W TAYLOR ST & S ASHLAND AVE & S LAFLIN ST & W FILLMORE ST,$0.00,0.00,0.000000
28,Alley Speed Hump Replacement (2024),616 S WESTERN AVE,$0.00,0.00,0.000000
28,,S WESTERN AVE & W HARRISON ST & W FLOURNOY ST & S CAMPBELL AVE,$0.00,0.00,0.000000
28,Alley Speed Hump Replacement (2024),W FULTON BLVD & N HOMAN AVE & N ST LOUIS AVE & W CARROLL AVE,$0.00,0.0,0.000000
28,Alley Speed Hump Replacement (2024),W FULTON BLVD & N KEDZIE AVE & N HOMAN AVE & W CARROLL AVE,$0.00,0.0,0.000000
28,Alley Speed Hump Replacement (2024),W GLADYS AVE & S PULASKI RD & S SPRINGFIELD AVE & W VAN BUREN ST,$0.00,0.0,0.000000
28,Alley Speed Hump Replacement (2024),W JACKSON BLVD & S KILDARE AVE & S KOSTNER AVE & W ADAMS ST,$0.00,0.0,0.000000
28,Alley Speed Hump Replacement (2024),W LEXINGTON ST & S WESTERN AVE & S CAMPBELL AVE & W POLK ST,$0.00,0.0,0.000000
28,Alley Speed Hump Replacement (2024),W POLK ST & S WESTERN AVE & S CAMPBELL AVE & W ARTHINGTON ST,$0.00,0.0,0.000000
28,Alley Speed Hump Replacement (2024),W WASHINGTON BLVD & N CICERO AVE & N LAMON AVE & W WEST END AVE,$0.00,0.0,0.000000
28,Alley Speed Hump Replacement (2024),W WEST END AVE & N KOSTNER AVE & N KENNETH AVE & W MAYPOLE AVE,$0.00,0.0,0.000000
28,Bollard Menu (2024),3322 W GLADYS AVE,"$1,786.94",1786.94,0.001191
28,Bollard Menu (2024),W OGDEN AVE & W POLK ST,"$1,786.94",1786.94,0.001191
28,Curb & Gutter Menu (2024),4844 W WASHINGTON BLVD,"$100,000.00",100000.0,0.066667
28,Floodlight Menu (2024),4700-4800 W Carroll Ave,$950.00,950.0,0.000633
28,Install Helix and Pole for Pod,5000 W GLADYS AVE,"$23,597.06",23597.06,0.015731
28,Pavement Markings Menu (2024),1481-1400 S Union Ave,"$3,600.00",3600.0,0.002400
28,Pavement Markings Menu (2024),1400-1600 W Congress Pkwy,"$2,000.00",2000.0,0.001333
28,Pavement Markings Menu (2024),W WASHINGTON BLVD & N KOSTNER AVE,"$1,350.00",1350.00,0.000900
28,,W WASHINGTON BLVD & N KILDARE AVE,"$1,350.00",1350.00,0.000900
28,Sidewalk Menu (2024),5140-5130 W Maypole Ave,"$23,096.69",23096.69,0.015398
28,Street Bump Outs Menu (2024),2121 W HARRISON ST,"$18,769.55",18769.55,0.012513
28,Street Bump Outs Menu (2024),W WASHINGTON BLVD & N KOSTNER AVE,"$48,000.00",48000.0,0.032000
28,Street Cul-de-Sac Menu (2024),2440 W WASHBURNE AVE,"$15,778.76",15778.76,0.010519
28,Street Cul-de-Sac Menu (2024),2900 W TAYLOR ST,"$53,365.08",53365.08,0.035577
28,Street Resurfacing Menu (2024),N KILPATRICK AVE & W LAKE ST & W FULTON ST & N KILPATRICK AVE,"$17,922.29",17922.29,0.011948
28,Street Resurfacing Menu (2024),100-150 N Lavergne Ave,"$37,751.15",37751.15,0.025167
28,Street Resurfacing Menu (2024),600-720 S Laflin St,"$62,943.02",62943.02,0.041962
28,Street Resurfacing Menu (2024),100-130 S Springfield Ave,"$35,463.12",35463.12,0.023642
28,Street Resurfacing Menu (2024),1300-1500 W Fillmore St,"$131,559.93",131559.93,0.087707
28,Street Resurfacing Menu (2024),2400-2500 W Flournoy St,"$53,551.73",53551.73,0.035701
28,Street Resurfacing Menu (2024),2300-2400 W Grenshaw St,"$72,600.41",72600.41,0.048400
28,Street Resurfacing Menu (2024),3800-4000 W Monroe St,"$125,667.26",125667.26,0.083778
28,Street Resurfacing Menu (2024),5000-5200 W Monroe St,"$150,068.71",150068.71,0.100046
28,Street Resurfacing Menu (2024),S OAKLEY BLVD & W FILLMORE ST,"$17,696.98",17696.98,0.011798
28,Street Speed Hump Menu (2024),1200-1600 S Morgan St,"$19,520.00",19520.0,0.013013
28,Street Speed Hump Replacement (2024),100-150 N Lavergne Ave,$0.00,0.0,0.000000
28,Street Speed Hump Replacement (2024),100-130 S Springfield Ave,$0.00,0.0,0.000000
28,Street Speed Hump Replacement (2024),1300-1500 W Fillmore St,$0.00,0.0,0.000000
28,Street Speed Hump Replacement (2024),3800-4000 W Monroe St,$0.00,0.0,0.000000
28,Street Speed Hump Replacement (2024),5000-5200 W Monroe St,$0.00,0.0,0.000000
29,Alley Resurfacing Menu (2024),1734 N NEW ENGLAND AVE,"$19,057.30",19057.30,0.013048
29,,N NEW ENGLAND AVE & W WABANSIA AVE & W BLOOMINGDALE AVE & N NEWLAND AVE,"$19,057.30",19057.30,0.013048
29,Alley Resurfacing Menu (2024),N MASSASOIT AVE & W CHICAGO AVE & W IOWA ST & N WALLER AVE,"$35,084.03",35084.03,0.024021
29,Alley Resurfacing Menu (2024),N NASHVILLE AVE & W BLOOMINGDALE AVE & W WABANSIA AVE & N NATCHEZ AVE,"$39,857.00",39857.0,0.027289
29,Alley Resurfacing Menu (2024),N OAK PARK AVE & W BLOOMINGDALE AVE & W CORTLAND ST & N NEWCASTLE AVE,"$18,114.83",18114.83,0.012403
29,,1858 N OAK PARK AVE,"$18,114.83",18114.83,0.012403
29,Alley Resurfacing Menu (2024),N PARKSIDE AVE & W WABANSIA AVE,"$15,865.08",15865.08,0.010863
29,,N MAJOR AVE & W BLOOMINGDALE AVE,"$15,865.08",15865.08,0.010863
29,Alley Resurfacing Menu (2024),N WALLER AVE & W DIVISION ST & W POTOMAC AVE & N PARKSIDE AVE,"$14,986.75",14986.75,0.010261
29,,1255 N WALLER,"$14,986.75",14986.75,0.010261
29,Alley Resurfacing Menu (2024),AVE S LAVERGNE AVE & W JACKSON BLVD & W GLADYS AVE & S CICERO AVE,"$23,934.49",23934.49,0.016388
29,,4847 W JACKSON BLVD,"$23,934.49",23934.49,0.016388
29,,315 S LAVERGNE AVE,"$23,934.49",23934.49,0.016388
29,Alley Resurfacing Menu (2024),S MAYFIELD AVE & W MADISON ST & W ADAMS BLVD & S MASON AVE,"$36,019.36",36019.36,0.024662
29,,106 S MAYFIELD AVE,"$36,019.36",36019.36,0.024662
29,Alley Resurfacing Menu (2024),W BLOOMINGDALE AVE & N MENARD AVE & N CENTRAL AVE & W WABANSIA AVE,"$49,710.16",49710.16,0.034036
29,Alley Resurfacing Menu (2024),W BLOOMINGDALE AVE & N NATCHEZ AVE & N NAGLE AVE & W WABANSIA AVE,"$18,245.58",18245.58,0.012492
29,,1713 N,"$18,245.58",18245.58,0.012492
29,Alley Resurfacing Menu (2024),NATCHEZ AVE W CONGRESS PKWY & S LOTUS AVE & S CENTRAL AVE & W HARRISON ST,"$24,394.78",24394.78,0.016703
29,,5525 W CONGRESS PKWY,"$24,394.78",24394.78,0.016703
29,Alley Resurfacing Menu (2024),W IOWA ST & N AUSTIN BLVD & N MAYFIELD AVE & W WALTON ST,"$28,861.07",28861.07,0.019761
29,Alley Resurfacing Menu (2024),W IOWA ST & N MAYFIELD AVE & N AUSTIN BLVD & W RICE ST,"$28,675.66",28675.66,0.019634
29,Alley Resurfacing Menu (2024),W NORTH AVE & N NEWCASTLE AVE & N NEW ENGLAND AVE & W WABANSIA AVE,"$24,473.20",24473.2,0.016756
29,Alley Resurfacing Menu (2024),W NORTH AVE & N WALLER AVE & N PARKSIDE AVE & W LE MOYNE ST,"$60,448.68",60448.68,0.041388
29,Alley Resurfacing Menu (2024),W WALTON ST & N AUSTIN BLVD & N MAYFIELD AVE & W AUGUSTA BLVD,"$28,799.27",28799.27,0.019718
29,Alley Speed Hump Replacement (2024),1713 N NATCHEZ AVE,$0.00,0.00,0.000000
29,,W BLOOMINGDALE AVE & N NATCHEZ AVE & N NAGLE AVE & W WABANSIA AVE,$0.00,0.00,0.000000
29,Alley Speed Hump Replacement (2024),N MAJOR AVE & W BLOOMINGDALE AVE,$0.00,0.00,0.000000
29,,N PARKSIDE AVE & W WABANSIA AVE,$0.00,0.00,0.000000
29,Alley Speed Hump Replacement (2024),N MASSASOIT AVE & W CHICAGO AVE & W IOWA ST & N WALLER AVE,$0.00,0.0,0.000000
29,Alley Speed Hump Replacement (2024),N NASHVILLE AVE & W BLOOMINGDALE AVE & W WABANSIA AVE & N NATCHEZ AVE,$0.00,0.0,0.000000
29,Alley Speed Hump Replacement (2024),S LAVERGNE AVE & W JACKSON BLVD & W GLADYS AVE & S CICERO AVE,$0.00,0.00,0.000000
29,,4847 W JACKSON BLVD,$0.00,0.00,0.000000
29,,315 S LAVERGNE AVE,$0.00,0.00,0.000000
29,Alley Speed Hump Replacement (2024),S MAYFIELD AVE & W MADISON ST & W ADAMS BLVD & S MASON AVE,$0.00,0.00,0.000000
29,,106 S MAYFIELD AVE,$0.00,0.00,0.000000
29,Alley Speed Hump Replacement (2024),W BLOOMINGDALE AVE & N MENARD AVE & N CENTRAL AVE & W WABANSIA AVE,$0.00,0.0,0.000000
29,Alley Speed Hump Replacement (2024),W CONGRESS PKWY & S LOTUS AVE & S CENTRAL AVE & W HARRISON ST,$0.00,0.00,0.000000
29,,5525 W CONGRESS PKWY,$0.00,0.00,0.000000
29,Alley Speed Hump Replacement (2024),W NORTH AVE & N PARKSIDE AVE & N WALLER AVE & W LE MOYNE ST,$0.00,0.0,0.000000
29,Bollard Menu (2024),10 S MENARD AVE,$672.47,672.47,0.000460
29,,10-0 S Menard Ave,$672.47,672.47,0.000460
29,Bollard Menu (2024),7101 W BELMONT AVE,"$5,702.79",5702.79,0.003905
29,Bollard Menu (2024),S MENARD AVE & W MADISON ST,"$1,786.94",1786.94,0.001223
29,Curb & Gutter Menu (2024),2522 N NEVA AVE,"$10,811.62",10811.62,0.007403
29,Curb & Gutter Menu (2024),5245 W QUINCY ST,"$9,874.73",9874.73,0.006761
29,Miscellaneous CDOT Projects (2024),1201 N MENARD AVE,$660.00,660.0,0.000452
29,Miscellaneous CDOT Projects (2024),5000 W GLADYS AVE,$660.00,660.0,0.000452
29,Miscellaneous CDOT Projects (2024),5936 W LAKE ST,"$3,700.00",3700.0,0.002533
29,Miscellaneous CDOT Projects (2024),N AUSTIN BLVD & W WASHINGTON BLVD,"$14,444.44",14444.44,0.009890
29,,S AUSTIN BLVD & W ADAMS BLVD,"$14,444.44",14444.44,0.009890
29,,W MADISON ST & N MENARD AVE,"$14,444.44",14444.44,0.009890
29,,N PARKSIDE AVE & W LAKE ST,"$14,444.44",14444.44,0.009890
29,,N MENARD AVE & W RACE AVE,"$14,444.44",14444.44,0.009890
29,,W MADISON ST & N LARAMIE AVE,"$14,444.44",14444.44,0.009890
29,,W ROOSEVELT RD & S MASON AVE,"$14,444.44",14444.44,0.009890
29,,N CENTRAL PARK AVE & W DICKENS AVE,"$14,444.44",14444.44,0.009890
29,,N AUSTIN AVE & W DICKENS AVE,"$14,444.44",14444.44,0.009890
29,Miscellaneous CDOT Projects (2024),5600-6000 W Division St,"$25,900.00",25900.0,0.017733
29,Miscellaneous CDOT Projects (2024),W DIVISION ST & N MENARD AVE,"$3,700.00",3700.0,0.002533
29,Pavement Markings Menu (2024),5500-5600 W Flournoy St,$600.00,600.0,0.000411
29,Sidewalk Menu (2024),1600 N NEW ENGLAND AVE,"$24,412.51",24412.51,0.016715
29,Sidewalk Menu (2024),1645 N NORMANDY AVE,"$5,926.38",5926.38,0.004058
29,Sidewalk Menu (2024),1700 N NARRAGANSETT AVE,"$11,691.43",11691.43,0.008005
29,Sidewalk Menu (2024),1755 N NEW ENGLAND AVE,"$12,601.72",12601.72,0.008628
29,Sidewalk Menu (2024),1958 N NATOMA AVE,"$6,421.72",6421.72,0.004397
29,Sidewalk Menu (2024),5070 W HARRISON ST,"$11,072.63",11072.63,0.007581
29,Sidewalk Menu (2024),5074 W FLOURNOY ST,"$14,299.65",14299.65,0.009791
29,Sidewalk Menu (2024),5444 W JACKSON BLVD,"$1,327.93",1327.93,0.000909
29,Sidewalk Menu (2024),5801 W MADISON ST,$861.92,861.92,0.000590
29,Sidewalk Menu (2024),5825 W ARTHINGTON ST,"$28,791.88",28791.88,0.019713
29,Sidewalk Menu (2024),7035 W SCHOOL ST,"$6,285.12",6285.12,0.004303
29,Sidewalk Menu (2024),1000-1100 S Mason Ave,"$16,794.04",16794.04,0.011499
29,,1002 S MASON AVE,"$16,794.04",16794.04,0.011499
29,Street Resurfacing Menu (2024),3200-3300 N Oconto Ave,"$59,938.53",59938.53,0.041039
29,Street Resurfacing Menu (2024),3100-3200 N Octavia Ave,"$57,345.43",57345.43,0.039263
29,Street Resurfacing Menu (2024),3200-3300 N Osceola Ave,"$56,487.68",56487.68,0.038676
29,Street Resurfacing Menu (2024),900-1000 N Parkside Ave,"$52,471.75",52471.75,0.035927
29,Street Resurfacing Menu (2024),1600-1700 N Parkside Ave,"$48,531.25",48531.25,0.033229
29,Street Resurfacing Menu (2024),400-500 S Lotus Ave,"$34,234.55",34234.55,0.023440
29,Street Resurfacing Menu (2024),5000-5100 W Van Buren St,"$99,377.86",99377.86,0.068042
29,Street Speed Hump Menu (2024),1400-1600 N Mason Ave,"$9,760.00",9760.0,0.006683
29,Street Speed Hump Menu (2024),1800-1900 N Normandy Ave,"$4,880.00",4880.0,0.003341
29,Street Speed Hump Menu (2024),1726-1600 N Parkside Ave,"$7,320.00",7320.0,0.005012
29,Street Speed Hump Menu (2024),1000-1100 N Parkside Ave,"$4,880.00",4880.0,0.003341
29,Street Speed Hump Menu (2024),300-330 S Lotus Ave,"$2,440.00",2440.0,0.001671
29,Street Speed Hump Menu (2024),7100-7160 W Altgeld St,"$4,880.00",4880.0,0.003341
29,Street Speed Hump Menu (2024),5600-5700 W Wabansia Ave,"$4,880.00",4880.0,0.003341
29,Street Speed Hump Replacement (2024),3200-3300 N Oconto Ave,$0.00,0.0,0.000000
29,Street Speed Hump Replacement (2024),3100-3200 N Octavia Ave,$0.00,0.0,0.000000
29,Street Speed Hump Replacement (2024),1000-900 N Parkside Ave,$0.00,0.0,0.000000
29,Street Speed Hump Replacement (2024),1500-1600 N Waller Ave,$0.00,0.0,0.000000
30,(2024) Miscellaneous CDOT Projects (2024),3425 N MAJOR AVE,"$3,700.00",3700.0,0.002544
30,ADA - Alley Resurfacing Menu (2024),3401 N AVERS AVE,"$3,622.50",3622.50,0.002490
30,,N AVERS AVE & W ROSCOE ST & W CORNELIA AVE & N HAMLIN AVE,"$3,622.50",3622.50,0.002490
30,Alley Apron Menu (2024),2616 N MASON AVE,"$14,614.74",14614.74,0.010047
30,Alley Apron Menu (2024),5159 W GRACE ST,"$47,528.16",47528.16,0.032674
30,Alley Apron Menu (2024),6200 W MELROSE ST,"$28,106.51",28106.51,0.019322
30,Alley Resurfacing Menu (2024),3300 N KENNETH AVE,"$21,588.81",21588.81,0.014842
30,,N KENNETH AVE & W SCHOOL ST & W ROSCOE ST & N KILBOURN AVE,"$21,588.81",21588.81,0.014842
30,Alley Resurfacing Menu (2024),3401 N AVERS AVE,"$17,603.81",17603.81,0.012102
30,,N AVERS AVE & W ROSCOE ST & W CORNELIA AVE & N HAMLIN AVE,"$17,603.81",17603.81,0.012102
30,Alley Resurfacing Menu (2024),3600 N TRIPP AVE,"$15,702.27",15702.27,0.010795
30,,N TRIPP AVE & W ADDISON ST & W WAVELAND AVE & N MILWAUKEE AVE,"$15,702.27",15702.27,0.010795
30,Alley Resurfacing Menu (2024),5701 W CORNELIA AVE,"$20,755.67",20755.67,0.014269
30,,W CORNELIA AVE & N MAJOR AVE & N MENARD AVE & W NEWPORT,"$20,755.67",20755.67,0.014269
30,Alley Resurfacing Menu (2024),AVE N NARRAGANSETT AVE & W WELLINGTON AVE & W BARRY AVE & N MELVINA AVE,"$10,204.31",10204.31,0.007015
30,,3001 N,"$10,204.31",10204.31,0.007015
30,Alley Resurfacing Menu (2024),NARRAGANSETT AVE W PATTERSON AVE & N LOCKWOOD AVE & N LONG AVE & W WAVELAND AVE,"$16,655.37",16655.37,0.011450
30,,5300 W PATTERSON AVE,"$16,655.37",16655.37,0.011450
30,Alley Resurfacing Menu (2024),W ROSCOE ST & N LINDER AVE & N CENTRAL AVE & W HENDERSON ST,"$17,039.30",17039.30,0.011714
30,,5501 W ROSCOE ST,"$17,039.30",17039.30,0.011714
30,Alley Speed Hump Menu (2024),3302 N KOSTNER AVE,$725.00,725.0,0.000498
30,Alley Speed Hump Menu (2024),3600 N TRIPP AVE,$0.00,0.00,0.000000
30,,N TRIPP AVE & W ADDISON ST & W WAVELAND AVE & N MILWAUKEE AVE,$0.00,0.00,0.000000
30,Alley Speed Hump Menu (2024),N MILWAUKEE AVE & N KEELER AVE,"$2,175.00",2175.00,0.001495
30,,W ADDISON ST & N MILWAUKEE AVE,"$2,175.00",2175.00,0.001495
30,Alley Speed Hump Menu (2024),W ADDISON ST & N LAVERGNE AVE & N LAMON AVE & W PATTERSON AVE,"$1,450.00",1450.0,0.000997
30,Alley Speed Hump Menu (2024),W ROSCOE ST & N LINDER AVE & N CENTRAL AVE & W HENDERSON ST,$0.00,0.00,0.000000
30,,5501 W ROSCOE ST,$0.00,0.00,0.000000
30,Alley Speed Hump Replacement (2024),3300 N KENNETH AVE,$0.00,0.00,0.000000
30,,N KENNETH AVE & W SCHOOL ST & W ROSCOE ST & N KILBOURN AVE,$0.00,0.00,0.000000
30,Alley Speed Hump Replacement (2024),3401 N AVERS AVE,$0.00,0.00,0.000000
30,,N AVERS AVE & W ROSCOE ST & W CORNELIA AVE & N HAMLIN AVE,$0.00,0.00,0.000000
30,Alley Speed Hump Replacement (2024),5701 W CORNELIA AVE,$0.00,0.00,0.000000
30,,W CORNELIA AVE & N MAJOR AVE & N MENARD AVE & W NEWPORT,$0.00,0.00,0.000000
30,Alley Speed Hump Replacement (2024),AVE N NARRAGANSETT AVE & W WELLINGTON AVE & W BARRY AVE & N MELVINA AVE,$0.00,0.00,0.000000
30,,3001 N NARRAGANSETT AVE,$0.00,0.00,0.000000
30,Curb & Gutter Menu (2024),2718 N MANGO AVE,"$5,687.76",5687.76,0.003910
30,Curb & Gutter Menu (2024),6156 W BELMONT AVE,"$48,251.14",48251.14,0.033171
30,"In-Road ""State Law Stop For Pedestrians"" Sign Menu",W ADDISON ST & N CENTRAL AVE,$175.00,175.00,0.000120
30,,5645 W ADDISON ST,$175.00,175.00,0.000120
30,Miscellaneous CDOT Projects (2024),3638 N PULASKI RD,"$3,700.00",3700.0,0.002544
30,Miscellaneous CDOT Projects (2024),N PULASKI RD & W ADDISON ST,"$3,700.00",3700.00,0.002544
30,,N MARMORA AVE & W ADDISON ST,"$3,700.00",3700.00,0.002544
30,Miscellaneous CDOT Projects (2024),W ROSCOE ST & N KENTON AVE,"$7,400.00",7400.0,0.005087
30,Pavement Markings Menu (2024),3800-4000 N Long Ave,"$175,000.00",175000.0,0.120306
30,Playground Improvements at William Gray Elementary 30th,3730 N LARAMIE AVE,"$150,000.00",150000.0,0.103120
30,Sidewalk Menu (2024),2559 N MCVICKER AVE,"$13,781.19",13781.19,0.009474
30,Sidewalk Menu (2024),2625 N PARKSIDE AVE,"$3,835.38",3835.38,0.002637
30,Sidewalk Menu (2024),2643 N PARKSIDE AVE,"$7,411.16",7411.16,0.005095
30,Sidewalk Menu (2024),3036 N MARMORA AVE,"$2,460.24",2460.24,0.001691
30,,3000-3100 N Marmora Ave,"$2,460.24",2460.24,0.001691
30,Sidewalk Menu (2024),3104 N MENARD AVE,"$1,214.92",1214.92,0.000835
30,Sidewalk Menu (2024),3359 N AUSTIN AVE,"$31,263.66",31263.66,0.021493
30,Sidewalk Menu (2024),3412 N HAMLIN AVE,"$13,174.07",13174.07,0.009057
30,Sidewalk Menu (2024),3438 N KILBOURN AVE,"$3,896.16",3896.16,0.002678
30,Sidewalk Menu (2024),3456 N KILDARE AVE,"$16,281.76",16281.76,0.011193
30,Sidewalk Menu (2024),3634 N HAMLIN AVE,"$8,064.99",8064.99,0.005544
30,,3614 N HAMLIN AVE,"$8,064.99",8064.99,0.005544
30,Sidewalk Menu (2024),3708 W CORNELIA AVE,"$3,335.60",3335.6,0.002293
30,Sidewalk Menu (2024),4926 W WARWICK AVE,"$3,705.58",3705.58,0.002547
30,Sidewalk Menu (2024),5100 W GRACE ST,"$19,042.25",19042.25,0.013091
30,Sidewalk Menu (2024),5215 W MELROSE ST,"$3,705.58",3705.58,0.002547
30,Sidewalk Menu (2024),5340-5350 W HENDERSON ST,"$8,007.56",8007.56,0.005505
30,Sidewalk Menu (2024),5412-5414 W SCHOOL ST,"$12,216.00",12216.0,0.008398
30,Sidewalk Menu (2024),5442 W DAKIN ST,"$10,955.39",10955.39,0.007531
30,,5458 W DAKIN ST,"$10,955.39",10955.39,0.007531
30,Sidewalk Menu (2024),5700 W SCHOOL ST,"$11,520.40",11520.4,0.007920
30,Sidewalk Menu (2024),5722 W HENDERSON ST,"$3,214.71",3214.71,0.002210
30,Sidewalk Menu (2024),5908 W HENDERSON ST,"$3,721.80",3721.8,0.002559
30,Sidewalk Menu (2024),6032 W EDDY ST,"$11,308.58",11308.58,0.007774
30,Sidewalk Menu (2024),6115 W ADDISON ST,"$4,607.90",4607.9,0.003168
30,Sidewalk Menu (2024),6236 W NEWPORT AVE,"$2,961.86",2961.86,0.002036
30,Sidewalk Menu (2024),6314 W FLETCHER ST,"$8,254.94",8254.94,0.005675
30,Sidewalk Menu (2024),3700-3800 N Harding Ave,"$22,867.22",22867.22,0.015720
30,Sidewalk Menu (2024),2400-2500 N Parkside Ave,"$28,386.61",28386.61,0.019515
30,Sidewalk Menu (2024),6300-6400 W Henderson St,"$5,898.06",5898.06,0.004055
30,,6300 W HENDERSON ST,"$5,898.06",5898.06,0.004055
30,Site Improvements at Reinberg Elementary 2024 Menu 30th,3425 N MAJOR AVE,"$4,031.76",4031.76,0.002772
30,Street Bump Outs Menu (2024),W GRACE ST & N LECLAIRE AVE,"$15,430.60",15430.6,0.010608
30,Street Light Pole for High Definition Camera Menu (2024),3600 N AVERS AVE,"$3,000.00",3000.00,0.002062
30,,3807 W ADDISON ST,"$3,000.00",3000.00,0.002062
30,Street Light Upgrade Menu (2024),2414 N MCVICKER AVE,$500.00,500.0,0.000344
30,Street Light Upgrade Menu (2024),5100 W WAVELAND AVE,$500.00,500.0,0.000344
30,Street Light Upgrade Menu (2024),5125 W WARWICK AVE,$500.00,500.0,0.000344
30,Street Light Upgrade Menu (2024),5904 W SCHOOL ST,$500.00,500.0,0.000344
30,Street Resurfacing Menu (2024),3800-3742 N Kenneth Ave,"$30,521.94",30521.94,0.020983
30,Street Resurfacing Menu (2024),3100-3200 N Mason Ave,"$60,959.81",60959.81,0.041908
30,Street Resurfacing Menu (2024),3330-3400 N Meade Ave,"$27,155.44",27155.44,0.018668
30,Street Resurfacing Menu (2024),3800-3900 N Monticello Ave,"$50,400.71",50400.71,0.034649
30,Street Resurfacing Menu (2024),5000-5100 W Patterson Ave,"$26,654.31",26654.31,0.018324
30,,5000 W PATTERSON AVE,"$26,654.31",26654.31,0.018324
30,Street Resurfacing Menu (2024),3600-3700 W Roscoe St,"$19,109.31",19109.31,0.013137
30,Street Resurfacing Menu (2024),4000-4100 W Warwick Ave,"$70,615.29",70615.29,0.048545
30,Street Speed Hump Menu (2024),3600-3700 N Hamlin Ave,"$4,880.00",4880.0,0.003355
30,Street Speed Hump Menu (2024),3800-4000 N Long Ave,"$7,320.00",7320.0,0.005032
30,Street Speed Hump Menu (2024),5100-5200 W Grace St,"$4,880.00",4880.0,0.003355
30,Street Speed Hump Menu (2024),6000-6200 W Schubert Ave,"$9,760.00",9760.0,0.006710
30,Street Speed Hump Menu (2024),5000-5100 W Warwick Ave,"$4,880.00",4880.0,0.003355
30,Street Speed Hump Replacement (2024),3100-3200 N Mason Ave,$0.00,0.0,0.000000
30,Street Speed Hump Replacement (2024),3600-3700 W Roscoe St,$0.00,0.0,0.000000
30,Ward 2024 Menu Sidewalk Menu (2024),2437 N MANGO AVE,"$7,668.56",7668.56,0.005272
30,Ward Speed Indicator Signs (2024),3800-3930 W Addison St,"$38,620.70",38620.7,0.026550
31,Alley Apron Menu (2024),2455 N LOWELL AVE,"$15,919.19",15919.19,0.010660
31,Alley Apron Menu (2024),5400 W SCHUBERT AVE,"$10,338.37",10338.37,0.006923
31,,2700-2730 N Long Ave,"$10,338.37",10338.37,0.006923
31,Alley Apron Menu (2024),2700-2740 N Kenton Ave,"$1,740.50",1740.5,0.001166
31,Alley Resurfacing Menu (2024),2300-2358 N KOSTNER AVE,"$26,771.79",26771.79,0.017928
31,,N KOSTNER AVE & W BELDEN AVE & W FULLERTON AVE & N,"$26,771.79",26771.79,0.017928
31,Alley Resurfacing Menu (2024),KENNETH AVE 2800-2858 N KILPATRICK AVE,"$18,716.24",18716.24,0.012533
31,,N KILPATRICK AVE & W DIVERSEY AVE & W GEORGE ST & N KEATING AVE,"$18,716.24",18716.24,0.012533
31,Alley Resurfacing Menu (2024),2800 N HAMLIN AVE,"$17,093.96",17093.96,0.011447
31,,N HAMLIN AVE & W DIVERSEY AVE & W GEORGE ST & N AVERS AVE,"$17,093.96",17093.96,0.011447
31,Alley Resurfacing Menu (2024),2918 N AVERS AVE,"$21,226.31",21226.31,0.014214
31,,N AVERS AVE & W GEORGE ST & W WELLINGTON AVE & N SPRINGFIELD AVE,"$21,226.31",21226.31,0.014214
31,Alley Resurfacing Menu (2024),N LINDER AVE & W BARRY AVE & W BELMONT AVE & N LUNA AVE,"$31,632.71",31632.71,0.021183
31,,3134 N LINDER AVE,"$31,632.71",31632.71,0.021183
31,Alley Resurfacing Menu (2024),N SPRINGFIELD AVE & W GEORGE ST & W WELLINGTON AVE & N HARDING AVE,"$20,261.26",20261.26,0.013568
31,,2900-2958 N SPRINGFIELD AVE,"$20,261.26",20261.26,0.013568
31,Alley Resurfacing Menu (2024),N TRIPP AVE & W BELDEN AVE & W FULLERTON AVE & N KEELER AVE,"$17,054.75",17054.75,0.011421
31,,2305 N TRIPP AVE,"$17,054.75",17054.75,0.011421
31,Alley Resurfacing Menu (2024),W FULLERTON AVE & N LAVERGNE AVE & N LECLAIRE AVE & W BELDEN AVE,"$17,085.65",17085.65,0.011442
31,,5001-5059 W,"$17,085.65",17085.65,0.011442
31,Alley Resurfacing Menu (2024),FULLERTON AVE W FULLERTON AVE & N LAVERGNE AVE & N LECLAIRE AVE & W MONTANA ST,"$17,411.27",17411.27,0.011660
31,,5000-5038 W,"$17,411.27",17411.27,0.011660
31,Alley Resurfacing Menu (2024),FULLERTON AVE W MONTANA ST & N LAVERGNE AVE & N LECLAIRE AVE & W ALTGELD ST,"$21,519.87",21519.87,0.014411
31,,5000-5058 W MONTANA ST,"$21,519.87",21519.87,0.014411
31,Alley Resurfacing Menu (2024),W SCHOOL ST & N LARAMIE AVE & N LOCKWOOD AVE & W HENDERSON ST,"$33,248.94",33248.94,0.022265
31,Alley Resurfacing Menu (2024),W SCHUBERT AVE & N LECLAIRE AVE & N LARAMIE AVE & W PARKER AVE,"$43,610.24",43610.24,0.029204
31,Alley Resurfacing Menu (2024),W WELLINGTON AVE & N LOCKWOOD AVE & N LONG AVE & W NELSON ST,"$43,039.74",43039.74,0.028822
31,Alley Resurfacing Menu (2024),W WELLINGTON AVE & N PULASKI RD & N KARLOV AVE & W NELSON ST,"$56,417.33",56417.33,0.037780
31,Alley Speed Hump Replacement (2024),2305 N TRIPP AVE,$0.00,0.00,0.000000
31,,N TRIPP AVE & W BELDEN AVE & W FULLERTON AVE & N KEELER AVE,$0.00,0.00,0.000000
31,Alley Speed Hump Replacement (2024),2800-2858 N KILPATRICK AVE,$0.00,0.00,0.000000
31,,N KILPATRICK AVE & W DIVERSEY AVE & W GEORGE ST & N,$0.00,0.00,0.000000
31,Alley Speed Hump Replacement (2024),KEATING AVE N AVERS AVE & W GEORGE ST & W WELLINGTON AVE & N SPRINGFIELD AVE,$0.00,0.00,0.000000
31,,2918 N AVERS AVE,$0.00,0.00,0.000000
31,Alley Speed Hump Replacement (2024),N HAMLIN AVE & W DIVERSEY AVE & W GEORGE ST & N AVERS AVE,$0.00,0.00,0.000000
31,,2800 N HAMLIN AVE,$0.00,0.00,0.000000
31,Alley Speed Hump Replacement (2024),N KOSTNER AVE & W BELDEN AVE & W FULLERTON AVE & N KENNETH AVE,$0.00,0.00,0.000000
31,,2300-2358 N KOSTNER AVE,$0.00,0.00,0.000000
31,Alley Speed Hump Replacement (2024),N LINDER AVE & W BARRY AVE & W BELMONT AVE & N LUNA AVE,$0.00,0.00,0.000000
31,,3134 N LINDER AVE,$0.00,0.00,0.000000
31,Alley Speed Hump Replacement (2024),N SPRINGFIELD AVE & W GEORGE ST & W WELLINGTON AVE & N HARDING AVE,$0.00,0.00,0.000000
31,,2900-2958 N,$0.00,0.00,0.000000
31,Alley Speed Hump Replacement (2024),SPRINGFIELD AVE W FULLERTON AVE & N LAVERGNE AVE & N LECLAIRE AVE & W BELDEN AVE,$0.00,0.00,0.000000
31,,5001-5059 W,$0.00,0.00,0.000000
31,Alley Speed Hump Replacement (2024),FULLERTON AVE W FULLERTON AVE & N LAVERGNE AVE & N LECLAIRE AVE & W MONTANA ST,$0.00,0.00,0.000000
31,,5000-5038 W,$0.00,0.00,0.000000
31,Alley Speed Hump Replacement (2024),FULLERTON AVE W MONTANA ST & N LAVERGNE AVE & N LECLAIRE AVE & W ALTGELD ST,$0.00,0.00,0.000000
31,,5000-5058 W MONTANA ST,$0.00,0.00,0.000000
31,Alley Speed Hump Replacement (2024),W SCHUBERT AVE & N LECLAIRE AVE & N LARAMIE AVE & W PARKER AVE,$0.00,0.0,0.000000
31,Alley Speed Hump Replacement (2024),W WELLINGTON AVE & N LOCKWOOD AVE & N LONG AVE & W NELSON ST,$0.00,0.0,0.000000
31,Alley Speed Hump Replacement (2024),W WELLINGTON AVE & N PULASKI RD & N KARLOV AVE & W NELSON ST,$0.00,0.0,0.000000
31,Miscellaneous CDOT Projects (2024),3000 N KENNETH AVE,$660.00,660.0,0.000442
31,Sidewalk Menu (2024),2827 N PULASKI RD,"$52,113.67",52113.67,0.034898
31,Sidewalk Menu (2024),5301 W WRIGHTWOOD AVE,"$3,472.31",3472.31,0.002325
31,,N LOCKWOOD AVE & W WRIGHTWOOD AVE,"$3,472.31",3472.31,0.002325
31,Speed Indicator Signs (2024),2800-3200 N Kostner Ave,"$11,625.00",11625.00,0.007785
31,,3118 N KOSTNER AVE,"$11,625.00",11625.00,0.007785
31,,2831 N KOSTNER AVE,"$11,625.00",11625.00,0.007785
31,,2935 N KOSTNER AVE,"$11,625.00",11625.00,0.007785
31,Street Light Upgrade Menu (2024),4959 W ALTGELD ST,$500.00,500.00,0.000335
31,,4911 W ALTGELD ST,$500.00,500.00,0.000335
31,,4919 W ALTGELD ST,$500.00,500.00,0.000335
31,,4937 W ALTGELD ST,$500.00,500.00,0.000335
31,Street Light Upgrade Menu (2024),5019 W WRIGHTWOOD AVE,$500.00,500.00,0.000335
31,,5041 W WRIGHTWOOD AVE,$500.00,500.00,0.000335
31,Street Light Upgrade Menu (2024),5052 W FULLERTON AVE,$500.00,500.00,0.000335
31,,5053 W FULLERTON AVE,$500.00,500.00,0.000335
31,Street Light Upgrade Menu (2024),5136 W BELDEN AVE,$500.00,500.0,0.000335
31,Street Light Upgrade Menu (2024),5141 W FULLERTON AVE,$500.00,500.00,0.000335
31,,5109 W FULLERTON AVE,$500.00,500.00,0.000335
31,Street Light Upgrade Menu (2024),3000-3200 N Luna Ave,"$13,250.00",13250.0,0.008873
31,Street Resurfacing Menu (2024),4560 W WELLINGTON AVE,"$34,768.65",34768.65,0.023283
31,Street Resurfacing Menu (2024),2300-2400 N Keating Ave,"$58,694.31",58694.31,0.039305
31,Street Resurfacing Menu (2024),2400-2500 N Kenton Ave,"$21,345.53",21345.53,0.014294
31,,2400-2458 N KENTON AVE,"$21,345.53",21345.53,0.014294
31,Street Resurfacing Menu (2024),3100-3200 N Kilpatrick Ave,"$51,665.29",51665.29,0.034598
31,Street Resurfacing Menu (2024),2400-2430 N Kilpatrick Ave,"$27,362.24",27362.24,0.018323
31,Street Resurfacing Menu (2024),3000-3100 N Knox Ave,"$58,589.76",58589.76,0.039235
31,Street Resurfacing Menu (2024),5000-5100 W George St,"$56,370.24",56370.24,0.037749
31,Street Resurfacing Menu (2024),5100-5200 W George St,"$60,835.16",60835.16,0.040739
31,Street Resurfacing Menu (2024),5100-5200 W Medill Ave,"$55,348.81",55348.81,0.037065
31,Street Resurfacing Menu (2024),4800-5000 W Oakdale Ave,"$94,273.96",94273.96,0.063131
31,Street Resurfacing Menu (2024),4400-4600 W Parker Ave,"$77,313.05",77313.05,0.051773
31,Street Resurfacing Menu (2024),5000-5100 W Parker Ave,"$63,681.01",63681.01,0.042644
31,Street Resurfacing Menu (2024),5300-5400 W Wellington Ave,"$54,542.45",54542.45,0.036525
31,Street Speed Hump Replacement (2024),4560 W WELLINGTON AVE,$0.00,0.0,0.000000
31,Street Speed Hump Replacement (2024),2400-2500 N Kenton Ave,$0.00,0.00,0.000000
31,,2400-2458 N KENTON AVE,$0.00,0.00,0.000000
31,Street Speed Hump Replacement (2024),3100-3200 N Kilpatrick Ave,$0.00,0.0,0.000000
31,Street Speed Hump Replacement (2024),2400-2430 N Kilpatrick Ave,$0.00,0.0,0.000000
31,Street Speed Hump Replacement (2024),5100-5200 W George St,$0.00,0.0,0.000000
31,Street Speed Hump Replacement (2024),5100-5200 W Medill Ave,$0.00,0.0,0.000000
31,Street Speed Hump Replacement (2024),4800-5000 W Oakdale Ave,$0.00,0.0,0.000000
31,Street Speed Hump Replacement (2024),4400-4600 W Parker Ave,$0.00,0.0,0.000000
31,Street Speed Hump Replacement (2024),5000-5100 W Parker Ave,$0.00,0.0,0.000000
32,(2024) Alley Apron Menu (2024),1743 W TERRA COTTA PL,"$28,470.23",28470.23,0.023267
32,"2 In-Road ""State Law Stop For Pedestrians"" Signs Menu",W FULLERTON AVE & N LAKEWOOD AVE,$350.00,350.0,0.000286
32,Alley Apron Menu (2024),1852 W NELSON ST,"$14,094.84",14094.84,0.011519
32,Alley Apron Menu (2024),1915 N WOLCOTT AVE,"$22,030.27",22030.27,0.018004
32,Alley Apron Menu (2024),2114 W LYNDALE ST,"$24,907.89",24907.89,0.020355
32,Alley Apron Menu (2024),2145 W BARRY AVE,"$45,147.75",45147.75,0.036896
32,Alley Apron Menu (2024),3106 N WOLCOTT AVE,"$21,060.55",21060.55,0.017211
32,Alley Apron Menu (2024),3112 N HONORE ST,"$22,519.23",22519.23,0.018403
32,Alley Resurfacing Menu (2024),N WESTERN AVE & N MILWAUKEE AVE & N WINNEBAGO AVE & W MOFFAT ST,"$16,700.56",16700.56,0.013648
32,Alley Resurfacing Menu (2024),N WOLCOTT AVE & W ARMITAGE AVE & W DICKENS AVE & N WOLCOTT AVE,"$63,481.58",63481.58,0.051879
32,Alley Resurfacing Menu (2024),W CHARLESTON ST & N LEAVITT ST & N OAKLEY AVE & W DICKENS AVE,"$44,189.25",44189.25,0.036113
32,Alley Resurfacing Menu (2024),W CORNELIA AVE & N HOYNE AVE & N HAMILTON AVE & W ROSCOE ST,"$53,020.60",53020.6,0.043330
32,Alley Resurfacing Menu (2024),W DICKENS AVE & N DAMEN AVE & N HOYNE AVE & W MCLEAN AVE,"$64,822.26",64822.26,0.052974
32,Alley Resurfacing Menu (2024),W DIVERSEY PKWY & N LAKEWOOD AVE & N WAYNE AVE & W SCHUBERT AVE,"$29,324.57",29324.57,0.023965
32,Alley Resurfacing Menu (2024),W OAKDALE AVE & N ASHLAND AVE & N GREENVIEW AVE & W GEORGE ST,"$42,935.08",42935.08,0.035088
32,Alley Resurfacing Menu (2024),W SCHOOL ST & N WOLCOTT AVE & N DAMEN AVE & W MELROSE ST,"$62,447.58",62447.58,0.051034
32,Alley Resurfacing Menu (2024),W SHAKESPEARE AVE & N DAMEN AVE & N HOYNE AVE & W CHARLESTON ST,"$58,815.60",58815.6,0.048066
32,Alley Resurfacing Menu (2024),W WABANSIA AVE & N ASHLAND AVE & N BOSWORTH AVE & W NORTH AVE,"$27,853.32",27853.32,0.022762
32,Alley Speed Hump Menu (2024),W DICKENS AVE & N OAKLEY AVE & N WESTERN AVE & W MCLEAN AVE,"$3,625.00",3625.0,0.002962
32,Alley Speed Hump Replacement (2024),N WESTERN AVE & N MILWAUKEE AVE & N WINNEBAGO AVE & W MOFFAT ST,$0.00,0.0,0.000000
32,Alley Speed Hump Replacement (2024),W CHARLESTON ST & N LEAVITT ST & N OAKLEY AVE & W DICKENS AVE,$0.00,0.0,0.000000
32,Alley Speed Hump Replacement (2024),W CORNELIA AVE & N HOYNE AVE & N HAMILTON AVE & W ROSCOE ST,$0.00,0.0,0.000000
32,Alley Speed Hump Replacement (2024),W DICKENS AVE & N DAMEN AVE & N HOYNE AVE & W MCLEAN AVE,$0.00,0.0,0.000000
32,Alley Speed Hump Replacement (2024),W WABANSIA AVE & N ASHLAND AVE & N BOSWORTH AVE & W NORTH AVE,$0.00,0.0,0.000000
32,Curb & Gutter Menu (2024),1621 N HERMITAGE AVE,"$21,453.52",21453.52,0.017532
32,Curb & Gutter Menu (2024),1711 N HERMITAGE AVE,"$5,323.36",5323.36,0.004350
32,Curb & Gutter Menu (2024),2031 W CHURCHILL ST,"$7,978.72",7978.72,0.006520
32,Curb & Gutter Menu (2024),2058 N HOYNE AVE,"$33,295.74",33295.74,0.027210
32,Curb & Gutter Menu (2024),2636 N BOSWORTH AVE,"$74,527.95",74527.95,0.060906
32,Curb & Gutter Menu (2024),3222 N RAVENSWOOD AVE W,"$4,218.43",4218.43,0.003447
32,Miscellaneous CDOT Projects (2024),3335 N DAMEN AVE,$660.00,660.0,0.000539
32,Pavement Markings Menu (2024),2214 W BARRY AVE,"$3,000.00",3000.0,0.002452
32,Pavement Markings Menu (2024),1600-1660 W Armitage Ave,"$6,000.00",6000.0,0.004903
32,Sidewalk Menu (2024),1918 W ROSCOE ST,"$4,070.11",4070.11,0.003326
32,Sidewalk Menu (2024),2010 W WELLINGTON AVE,"$4,275.02",4275.02,0.003494
32,Sidewalk Menu (2024),2014 N LEAVITT ST,"$5,145.13",5145.13,0.004205
32,Sidewalk Menu (2024),W WABANSIA AVE & N CLAREMONT AVE,"$19,270.29",19270.29,0.015748
32,Street Bump Outs Menu (2024),N OAKLEY AVE & W WABANSIA AVE,"$17,117.03",17117.03,0.013988
32,Street Light Upgrade Menu (2024),1653 N DAMEN AVE,$500.00,500.0,0.000409
32,Street Resurfacing Menu (2024),2930-3000 N Greenview Ave,"$34,493.98",34493.98,0.028189
32,Street Resurfacing Menu (2024),1799-1900 N Paulina St,"$65,324.89",65324.89,0.053385
32,Street Resurfacing Menu (2024),1900-1932 W Bloomingdale Ave,"$33,318.49",33318.49,0.027229
32,Street Resurfacing Menu (2024),2100-2200 W Charleston St,"$62,094.65",62094.65,0.050745
32,Street Resurfacing Menu (2024),2100-2200 W Dickens Ave,"$59,834.11",59834.11,0.048898
32,Street Resurfacing Menu (2024),1200-1300 W Wrightwood Ave,"$74,474.38",74474.38,0.060862
32,Street Speed Hump Menu (2024),3300-3400 N Hamilton Ave,"$4,880.00",4880.0,0.003988
32,Street Speed Hump Menu (2024),1910-2000 N Oakley Ave,"$2,440.00",2440.0,0.001994
32,Street Speed Hump Menu (2024),3300-3400 N Oakley Ave,"$4,880.00",4880.0,0.003988
32,Street Speed Hump Menu (2024),1600-1700 N Winchester Ave,"$4,880.00",4880.0,0.003988
32,Street Speed Hump Menu (2024),3300-3400 N Wolcott Ave,"$4,880.00",4880.0,0.003988
32,Street Speed Hump Menu (2024),1400-1500 W Melrose St,"$4,880.00",4880.0,0.003988
32,Street Speed Hump Menu (2024),2000-2100 W Wellington Ave,"$4,880.00",4880.0,0.003988
32,Street Speed Hump Menu (2024),1600-1700 W Wolfram St,"$4,880.00",4880.0,0.003988
32,Street Speed Hump Menu (2024),1500-1600 W Wolfram St,"$4,880.00",4880.0,0.003988
32,Street Speed Hump Replacement (2024),2930-3000 N Greenview Ave,$0.00,0.0,0.000000
33,Alley Resurfacing Menu (2024),3746 W EASTWOOD AVE,"$7,307.97",7307.97,0.004983
33,,W LELAND AVE & N HAMLIN AVE & N LAWNDALE AVE & W LELAND,"$7,307.97",7307.97,0.004983
33,Alley Resurfacing Menu (2024),AVE 4011 N FRANCISCO AVE,"$16,530.60",16530.60,0.011271
33,,N FRANCISCO AVE & W IRVING PARK RD & W BELLE PLAINE AVE & N MOZART ST,"$16,530.60",16530.60,0.011271
33,Alley Resurfacing Menu (2024),N BERNARD ST & W AINSLIE ST & W AINSLIE ST & N KIMBALL AVE,"$33,527.04",33527.04,0.022859
33,Alley Resurfacing Menu (2024),N BERNARD ST & W LAWRENCE AVE & W AINSLIE ST & N ST LOUIS AVE,"$38,131.22",38131.22,0.025998
33,Alley Resurfacing Menu (2024),N KEDZIE AVE & W MONTROSE AVE & W SUNNYSIDE AVE & N SAWYER AVE,"$27,791.51",27791.51,0.018948
33,Alley Resurfacing Menu (2024),N KEDZIE AVE & W SUNNYSIDE AVE & W WILSON AVE & N SAWYER AVE,"$33,372.54",33372.54,0.022754
33,Alley Resurfacing Menu (2024),N MONTICELLO AVE & W BERTEAU AVE & W CULLOM AVE & N CENTRAL PARK AVE,"$55,348.63",55348.63,0.037737
33,Alley Resurfacing Menu (2024),W GUNNISON ST & N SACRAMENTO AVE & N ALBANY AVE & W LAWRENCE AVE,"$18,939.68",18939.68,0.012913
33,Alley Speed Hump Replacement (2024),4011 N FRANCISCO AVE,$0.00,0.00,0.000000
33,,N FRANCISCO AVE & W IRVING PARK RD & W BELLE PLAINE AVE & N MOZART ST,$0.00,0.00,0.000000
33,Alley Speed Hump Replacement (2024),N KEDZIE AVE & W MONTROSE AVE & W SUNNYSIDE AVE & N SAWYER AVE,$0.00,0.0,0.000000
33,Alley Speed Hump Replacement (2024),N MONTICELLO AVE & W BERTEAU AVE & W CULLOM AVE & N CENTRAL PARK AVE,$0.00,0.0,0.000000
33,Alley Speed Hump Replacement (2024),W GUNNISON ST & N SACRAMENTO AVE & N ALBANY AVE & W LAWRENCE AVE,$0.00,0.0,0.000000
33,Carl Von Linne Elementary School - Turf Field Renovations,3221 N SACRAMENTO AVE,"$40,000.00",40000.0,0.027272
33,Chicago Park District (2024),2741 W MONTROSE AVE,"$20,000.00",20000.0,0.013636
33,Concrete Alley Menu (2024),N ALBANY AVE & W LAWRENCE AVE & W LELAND AVE & N WHIPPLE ST,"$115,000.00",115000.0,0.078408
33,Curb & Gutter Menu (2024),4024 N FRANCISCO AVE,"$4,165.39",4165.39,0.002840
33,Curb & Gutter Menu (2024),4146 N ST LOUIS AVE,"$52,520.80",52520.8,0.035809
33,Curb & Gutter Menu (2024),4225 N FRANCISCO AVE,"$6,852.14",6852.14,0.004672
33,Grover Cleveland Elementary School - Nature Play Space,3121 W BYRON ST,"$180,000.00",180000.0,0.122725
33,Installation of Accessible Pedestrian Signals at N. Kimball,N KIMBALL AVE & W LAWRENCE AVE,"$97,230.42",97230.42,0.066292
33,LED Traffic Signal Upgrades & Pedestrian Countdown,N KIMBALL AVE & W MONTROSE AVE,"$34,973.28",34973.28,0.023845
33,Miscellaneous Other Projects (2024),4250 N ST LOUIS AVE,"$250,000.00",250000.0,0.170452
33,Sidewalk Menu (2024),3410 N ALBANY AVE,"$4,200.20",4200.2,0.002864
33,Sidewalk Menu (2024),3717-3723 N SAWYER AVE,"$11,765.93",11765.93,0.008022
33,Sidewalk Menu (2024),3738 N SAWYER AVE,"$3,968.93",3968.93,0.002706
33,Sidewalk Menu (2024),4736 N SAWYER AVE,"$7,327.75",7327.75,0.004996
33,Sidewalk Menu (2024),4934 N MONTICELLO AVE,"$3,645.79",3645.79,0.002486
33,Signal (2024) LED Traffic Signal Upgrades & Pedestrian Countdown,W MONTROSE AVE & N CALIFORNIA AVE,"$21,167.06",21167.06,0.014432
33,Signal (2024) Miscellaneous CDOT Projects (2024),N ELSTON AVE & N FRANCISCO AVE,"$26,077.01",26077.01,0.017779
33,Street Bump Outs Menu (2024),N RICHMOND ST & W BERTEAU AVE,"$1,158.96",1158.96,0.000790
33,Street Bump Outs Menu (2024),5000-5100 N Albany Ave,"$16,270.81",16270.81,0.011094
33,Street Bump Outs Menu (2024),W CARMEN AVE & N TROY ST,"$12,619.30",12619.3,0.008604
33,Street Resurfacing Menu (2024),4430-4500 N Lawndale Ave,"$23,751.84",23751.84,0.016194
33,Street Resurfacing Menu (2024),4500-4600 N Lawndale Ave,"$53,543.77",53543.77,0.036506
33,Street Resurfacing Menu (2024),4200-4300 N Monticello Ave,"$49,274.91",49274.91,0.033596
33,Street Resurfacing Menu (2024),4000-4100 N Richmond St,"$40,687.00",40687.0,0.027741
33,Street Resurfacing Menu (2024),3100-3130 W School St,"$35,845.27",35845.27,0.024440
33,Street Resurfacing Menu (2024),3630-3800 W Sunnyside Ave,"$80,337.41",80337.41,0.054775
33,Street Speed Hump Menu (2024),5000-5100 N Albany Ave,"$4,880.00",4880.0,0.003327
33,Street Speed Hump Menu (2024),4600-4700 N Avers Ave,"$4,880.00",4880.0,0.003327
33,Street Speed Hump Menu (2024),4500-4600 N Lawndale Ave,$0.00,0.0,0.000000
33,Street Speed Hump Menu (2024),4400-4500 N Sacramento Ave,"$4,880.00",4880.0,0.003327
33,Street Speed Hump Menu (2024),4500-4600 N Sawyer Ave,"$4,880.00",4880.0,0.003327
33,Street Speed Hump Replacement (2024),3630-3800 W Sunnyside Ave,$0.00,0.0,0.000000
34,Alley Apron Menu (2024),813 S CARPENTER ST,"$4,510.18",4510.18,0.003009
34,Alley Apron Menu (2024),910 W VAN BUREN ST,"$76,264.20",76264.2,0.050887
34,Alley Apron Menu (2024),S CLINTON ST & W ARCADE PL,"$98,846.44",98846.44,0.065954
34,Alley Resurfacing Menu (2024),725 S CARPENTER ST,"$1,854.03",1854.03,0.001237
34,,S CARPENTER ST & W POLK ST,"$1,854.03",1854.03,0.001237
34,Alley Resurfacing Menu (2024),W ADAMS ST & S STATE ST & S WABASH AVE & E JACKSON BLVD,"$23,467.76",23467.76,0.015659
34,Alley Resurfacing Menu (2024),W VAN BUREN ST & S PEORIA ST & S SANGAMON ST & W JACKSON BLVD,"$27,732.03",27732.03,0.018504
34,Arterial Street Bump Outs Menu (2024),W ADAMS ST & S PEORIA ST,"$72,171.11",72171.11,0.048156
34,Arterial Street Bump Outs Menu (2024),W FULTON MARKET & N UNION AVE,"$130,000.00",130000.0,0.086741
34,Arterial Street Bump Outs Menu (2024),W VAN BUREN ST & S ABERDEEN ST,"$50,000.00",50000.0,0.033362
34,Bollard Menu (2024),E ADAMS ST & S MICHIGAN AVE,"$10,000.00",10000.0,0.006672
34,core,1059 W VERNON PARK PL,"$61,678.63",61678.63,0.041155
34,Miscellaneous CDOT Projects (2024),400 S HALSTED ST,$660.00,660.0,0.000440
34,Miscellaneous CDOT Projects (2024),W POLK ST & S RACINE AVE,"$17,736.00",17736.0,0.011834
34,Mural on Fulton Street viaduct,"ON N MILWAUKEE AVE FROM Fulton Street viaduct, between N. Milwaukee Ave. and N. Canal St. N TO N CANAL ST (200 N)","$100,000.00",100000.0,0.066724
34,Pavement Markings Menu (2024),1200-1600 W Congress Pkwy,"$8,000.00",8000.0,0.005338
34,Pavement Markings Menu (2024),540-640 W Madison St,"$3,000.00",3000.00,0.002002
34,,N DESPLAINES ST & W MADISON ST,"$3,000.00",3000.00,0.002002
34,Pavement Markings Menu (2024),1500-1630 W Monroe St,"$3,500.00",3500.0,0.002335
34,Pavement Markings Menu (2024),1000-1200 W Van Buren St,"$4,089.24",4089.24,0.002729
34,Pavement Markings Menu (2024),S MORGAN ST & W TAYLOR ST,$500.00,500.0,0.000334
34,Sidewalk Menu (2024),1111 W MADISON ST,"$5,682.17",5682.17,0.003791
34,Sidewalk Menu (2024),1454 W FLOURNOY ST,"$5,919.94",5919.94,0.003950
34,Sidewalk Menu (2024),1502 W JACKSON BLVD,$85.44,85.44,0.000057
34,Sidewalk Menu (2024),15 S RACINE AVE,"$6,520.30",6520.3,0.004351
34,Sidewalk Menu (2024),310 N CLINTON ST,"$12,303.03",12303.03,0.008209
34,,400-300 N Clinton St,"$12,303.03",12303.03,0.008209
34,Sidewalk Menu (2024),47 N WELLS ST,"$37,749.99",37749.99,0.025188
34,Sidewalk Menu (2024),713-723 S ABERDEEN ST,"$20,432.61",20432.61,0.013633
34,Sidewalk Menu (2024),932 W MADISON ST,"$23,677.09",23677.09,0.015798
34,Sidewalk Menu (2024),300-400 N Jefferson St,"$1,871.60",1871.6,0.001249
34,Sidewalk Menu (2024),100-200 S Desplaines St,"$18,247.29",18247.29,0.012175
34,,100 S DESPLAINES ST,"$18,247.29",18247.29,0.012175
34,Street Bump Outs Menu (2024),W FLOURNOY ST & S LAFLIN ST,"$26,655.57",26655.57,0.017786
34,Street Bump Outs Menu (2024),W JACKSON BLVD & S THROOP ST,"$11,231.00",11231.0,0.007494
34,Street Bump Outs Menu (2024),W MONROE ST & S LAFLIN ST,"$11,401.86",11401.86,0.007608
34,Street Light Residential Staggered Piggy Back Menu (2024),800-1000 S Miller St,"$337,000.00",337000.0,0.224860
34,Street Resurfacing Menu (2024),717-800 S Aberdeen St,"$25,309.53",25309.53,0.016888
34,Street Resurfacing Menu (2024),100-200 S Sangamon St,"$6,286.42",6286.42,0.004195
34,Street Resurfacing Menu (2024),1400-1500 W Flournoy St,"$65,178.28",65178.28,0.043490
34,Street Resurfacing Menu (2024),1200-1400 W Flournoy St,"$128,283.04",128283.04,0.085596
34,Street Speed Hump Menu (2024),100-200 N Desplaines St,"$3,500.00",3500.0,0.002335
34,Street Speed Hump Menu (2024),200-300 S Green St,"$2,440.00",2440.0,0.001628
34,Street Speed Hump Menu (2024),1500-1600 W Adams St,"$4,880.00",4880.0,0.003256
34,Street Speed Hump Menu (2024),1200-1400 W Flournoy St,"$7,320.00",7320.0,0.004884
34,Street Speed Hump Menu (2024),1401-1500 W Polk St,"$4,880.00",4880.0,0.003256
34,Street Speed Hump Menu (2024),W CONGRESS PKWY & S THROOP ST,"$2,440.00",2440.0,0.001628
34,Street Speed Hump Replacement (2024),100-200 S Sangamon St,$0.00,0.0,0.000000
35,"(2024) In-Road ""State Law Stop For Pedestrians"" Sign Menu",N CENTRAL PARK AVE & W WOLFRAM ST,$600.00,600.0,0.000417
35,"(2024) In-Road ""State Law Stop For Pedestrians"" Sign Menu",N ELSTON AVE & N DRAKE AVE,$350.00,350.0,0.000243
35,"(2024) In-Road ""State Law Stop For Pedestrians"" Sign Menu",N KEDZIE AVE & W BARRY AVE,$350.00,350.0,0.000243
35,"(2024) In-Road ""State Law Stop For Pedestrians"" Sign Menu",N KIMBALL AVE & W DRUMMOND PL,$700.00,700.0,0.000486
35,"(2024) In-Road ""State Law Stop For Pedestrians"" Sign Menu",N KIMBALL AVE & W PARKER AVE,$600.00,600.0,0.000417
35,"(2024) In-Road ""State Law Stop For Pedestrians"" Sign Menu",N MILWAUKEE AVE & N SAWYER AVE,$350.00,350.0,0.000243
35,"(2024) In-Road ""State Law Stop For Pedestrians"" Sign Menu",N MILWAUKEE AVE & N SPAULDING AVE,$600.00,600.0,0.000417
35,"(2024) In-Road ""State Law Stop For Pedestrians"" Sign Menu",N MILWAUKEE AVE & N WISNER AVE,$350.00,350.0,0.000243
35,"(2024) In-Road ""State Law Stop For Pedestrians"" Sign Menu",N SACRAMENTO AVE & W GEORGE ST,$700.00,700.0,0.000486
35,"(2024) In-Road ""State Law Stop For Pedestrians"" Sign Menu",W ARMITAGE AVE & N KEDVALE AVE,$600.00,600.0,0.000417
35,"(2024) In-Road ""State Law Stop For Pedestrians"" Sign Menu",W ARMITAGE AVE & N TRIPP AVE,$700.00,700.0,0.000486
35,"(2024) In-Road ""State Law Stop For Pedestrians"" Sign Menu",W DIVERSEY AVE & N DRAKE AVE,$350.00,350.0,0.000243
35,"(2024) In-Road ""State Law Stop For Pedestrians"" Sign Menu",W DIVERSEY AVE & N SPAULDING AVE,"$1,200.00",1200.0,0.000834
35,"(2024) In-Road ""State Law Stop For Pedestrians"" Sign Menu",W DIVERSEY AVE & N SPRINGFIELD AVE,$700.00,700.0,0.000486
35,"(2024) In-Road ""State Law Stop For Pedestrians"" Sign Menu",W DIVERSEY AVE & N ST LOUIS AVE,$700.00,700.0,0.000486
35,(2024) Miscellaneous CDOT Projects (2024),2358 N KEYSTONE AVE,$660.00,660.0,0.000459
35,Alley Apron Menu (2024),2849 W BARRY AVE,"$5,596.44",5596.44,0.003889
35,Alley Apron Menu (2024),3040 W BELDEN AVE,"$14,776.19",14776.19,0.010268
35,Alley Resurfacing Menu (2024),N AVERS AVE & W WRIGHTWOOD AVE & W SCHUBERT AVE & N SPRINGFIELD AVE,"$57,684.25",57684.25,0.040085
35,Alley Resurfacing Menu (2024),N SPRINGFIELD AVE & W BELDEN AVE & W FULLERTON AVE & N HARDING AVE,"$48,154.94",48154.94,0.033463
35,Alley Resurfacing Menu (2024),N ST LOUIS AVE & W SCHUBERT AVE & W PARKER AVE & N KIMBALL AVE,"$66,210.46",66210.46,0.046010
35,Alley Speed Hump Menu (2024),N SACRAMENTO AVE & W WAVELAND AVE & W ADDISON ST & N RICHMOND ST,"$1,450.00",1450.0,0.001008
35,Alley Speed Hump Menu (2024),W ALTGELD ST & N KEDZIE BLVD E & N SAWYER AVE & W WRIGHTWOOD AVE,$725.00,725.0,0.000504
35,Alley Speed Hump Menu (2024),W WRIGHTWOOD AVE & N CENTRAL PARK AVE & N MONTICELLO AVE & W ALTGELD ST,"$1,450.00",1450.0,0.001008
35,Alley Speed Hump Replacement (2024),N AVERS AVE & W WRIGHTWOOD AVE & W SCHUBERT AVE & N SPRINGFIELD AVE,$0.00,0.0,0.000000
35,Alley Speed Hump Replacement (2024),N SPRINGFIELD AVE & W BELDEN AVE & W FULLERTON AVE & N HARDING AVE,$0.00,0.0,0.000000
35,Alley Speed Hump Replacement (2024),N ST LOUIS AVE & W SCHUBERT AVE & W PARKER AVE & N KIMBALL AVE,$0.00,0.0,0.000000
35,Arterial Street Bump Outs Menu (2024),N CENTRAL PARK AVE & W LYNDALE ST,"$48,308.23",48308.23,0.033569
35,Bike Lane/Marked Shared Lane Menu (2024),1801-2800 N Hamlin Ave,"$90,000.00",90000.00,0.062541
35,,2000-2800 N Avers Ave,"$90,000.00",90000.00,0.062541
35,Bike Lane/Marked Shared Lane Menu (2024),3000-3200 W Wellington Ave,"$45,000.00",45000.0,0.031271
35,Bollard Menu (2024),3400 W FULLERTON AVE,"$2,185.83",2185.83,0.001519
35,Curb & Gutter Menu (2024),3057 W GRACE ST,"$3,313.30",3313.3,0.002302
35,Curb & Gutter Menu (2024),N WOODARD ST & N CHRISTIANA AVE,"$90,000.00",90000.0,0.062541
35,"In-Road ""State Law Stop For Pedestrians"" Sign Menu",N CENTRAL PARK AVE & W GEORGE ST,$600.00,600.0,0.000417
35,"In-Road ""State Law Stop For Pedestrians"" Sign Menu",N KEDVALE AVE & W ARMITAGE AVE,$600.00,600.0,0.000417
35,"In-Road ""State Law Stop For Pedestrians"" Sign Menu",W DIVERSEY AVE & N WHIPPLE ST,$350.00,350.0,0.000243
35,Miscellaneous CDOT Projects (2024),2439 N ALBANY AVE,"$20,000.00",20000.00,0.013898
35,,2415 N ALBANY AVE,"$20,000.00",20000.00,0.013898
35,Miscellaneous CDOT Projects (2024),2601 W BELMONT AVE,$660.00,660.0,0.000459
35,Miscellaneous CDOT Projects (2024),W FULLERTON AVE & N KIMBALL AVE,$660.00,660.0,0.000459
35,Miscellaneous CDOT Projects (2024),W WELLINGTON AVE & N KIMBALL AVE,"$150,000.00",150000.0,0.104235
35,Pavement Markings Menu (2024),N ELSTON AVE & N BERNARD ST,"$13,000.00",13000.00,0.009034
35,,W GRACE ST & N ELSTON AVE,"$13,000.00",13000.00,0.009034
35,Pavement Markings Menu (2024),N KIMBALL AVE & W NEWPORT AVE,"$2,500.00",2500.00,0.001737
35,,3400-3600 N Kimball Ave,"$2,500.00",2500.00,0.001737
35,Pavement Markings Menu (2024),W ADDISON ST & N DRAKE AVE,"$2,500.00",2500.0,0.001737
35,Pavement Markings Menu (2024),W DIVERSEY AVE & N SAWYER AVE,"$1,650.00",1650.0,0.001147
35,Sidewalk Menu (2024),2100 N TRIPP AVE,"$9,343.68",9343.68,0.006493
35,Sidewalk Menu (2024),2108-2110 N KILDARE AVE,"$7,927.97",7927.97,0.005509
35,Sidewalk Menu (2024),2137 N LAWNDALE AVE,"$10,790.97",10790.97,0.007499
35,Sidewalk Menu (2024),2211 N KEELER AVE,"$4,143.65",4143.65,0.002879
35,Sidewalk Menu (2024),2304-2312 N CENTRAL PARK AVE,"$14,770.34",14770.34,0.010264
35,Sidewalk Menu (2024),2314 N MONTICELLO AVE,"$5,457.76",5457.76,0.003793
35,Sidewalk Menu (2024),2417-2419 N SPRINGFIELD AVE,"$9,308.29",9308.29,0.006468
35,Sidewalk Menu (2024),2643 N TROY ST,"$7,791.47",7791.47,0.005414
35,Sidewalk Menu (2024),2657 N CENTRAL PARK AVE,"$4,483.89",4483.89,0.003116
35,Sidewalk Menu (2024),2738 N LAWNDALE AVE,"$6,030.94",6030.94,0.004191
35,Sidewalk Menu (2024),2814 N LAWNDALE AVE,"$6,306.40",6306.40,0.004382
35,,2828-2832 N LAWNDALE AVE,"$6,306.40",6306.40,0.004382
35,Sidewalk Menu (2024),2847-2851 N FRANCISCO AVE,"$16,699.66",16699.66,0.011605
35,Sidewalk Menu (2024),2905-2909 N DAWSON AVE,"$8,244.66",8244.66,0.005729
35,Sidewalk Menu (2024),2911 N RIDGEWAY AVE,"$3,944.83",3944.83,0.002741
35,Sidewalk Menu (2024),2952 N GRESHAM AVE,"$1,060.65",1060.65,0.000737
35,Sidewalk Menu (2024),3017 N CALIFORNIA AVE,"$4,695.30",4695.3,0.003263
35,Sidewalk Menu (2024),3048 N SAWYER AVE,"$1,016.10",1016.1,0.000706
35,Sidewalk Menu (2024),3052-3054 N MONTICELLO AVE,"$9,358.24",9358.24,0.006503
35,Sidewalk Menu (2024),3081 N ELBRIDGE AVE,"$7,051.28",7051.28,0.004900
35,,3076-3080 N ELBRIDGE AVE,"$7,051.28",7051.28,0.004900
35,Sidewalk Menu (2024),3106 N MONTICELLO AVE,"$6,345.32",6345.32,0.004409
35,,3125 N MONTICELLO AVE,"$6,345.32",6345.32,0.004409
35,Sidewalk Menu (2024),3108-3110 N ST LOUIS AVE,"$5,263.18",5263.18,0.003657
35,Sidewalk Menu (2024),3123-3129 N RICHMOND ST,"$6,062.32",6062.32,0.004213
35,Sidewalk Menu (2024),3407 N KIMBALL AVE,"$7,934.43",7934.43,0.005514
35,Sidewalk Menu (2024),3650 N FRANCISCO AVE,"$5,441.53",5441.53,0.003781
35,Sidewalk Menu (2024),3819 W DIVERSEY AVE,"$4,660.37",4660.37,0.003238
35,Sidewalk Menu (2024),3908 N KIMBALL AVE,"$1,914.81",1914.81,0.001331
35,Sidewalk Menu (2024),2200-2300 N Keeler Ave,"$38,630.50",38630.50,0.026844
35,,2256 N KEELER AVE,"$38,630.50",38630.50,0.026844
35,Sidewalk Menu (2024),3000-3000 N Kimball Ave,"$1,016.10",1016.1,0.000706
35,Sidewalk Menu (2024),3560-3600 W Wolfram St,"$19,687.73",19687.73,0.013681
35,Street Bump Outs Menu (2024),N KARLOV AVE & W BELDEN AVE,"$35,816.56",35816.56,0.024889
35,Street Bump Outs Menu (2024),N SACRAMENTO AVE & W GEORGE ST,"$34,132.02",34132.02,0.023718
35,Street Bump Outs Menu (2024),W PALMER ST & N KEDZIE AVE,"$24,000.00",24000.0,0.016678
35,Street Bump Outs Menu (2024),W SHAKESPEARE AVE & N DRAKE AVE,"$29,192.43",29192.43,0.020286
35,Street Bump Outs Menu (2024),W WAVELAND AVE & N CENTRAL PARK AVE,"$33,833.07",33833.07,0.023511
35,Street Bump Outs Menu (2024),W WAVELAND AVE & N DRAKE AVE,"$12,432.40",12432.4,0.008639
35,Street Light Upgrade Menu (2024),3116 N ROCKWELL ST,$500.00,500.0,0.000347
35,Street Light Upgrade Menu (2024),3320 W FULLERTON AVE,$500.00,500.0,0.000347
35,Street Light Upgrade Menu (2024),3656 N RICHMOND ST,$500.00,500.0,0.000347
35,Street Light Upgrade Menu (2024),3916 N ELSTON AVE,$500.00,500.0,0.000347
35,Street Resurfacing Menu (2024),2400-2500 N Albany Ave,"$45,252.48",45252.48,0.031446
35,Street Resurfacing Menu (2024),3200-3330 W George St,"$65,407.79",65407.79,0.045452
35,Street Speed Hump Menu (2024),2100-2200 N Tripp Ave,"$4,880.00",4880.0,0.003391
35,Street Speed Hump Menu (2024),4100-4130 W Belden Ave,"$2,440.00",2440.0,0.001696
35,Street Speed Hump Menu (2024),3700-3800 W Shakespeare Ave,"$4,880.00",4880.0,0.003391
35,Street Traffic Circle Menu (2024),N ST LOUIS AVE & W BELDEN AVE,"$14,090.82",14090.82,0.009792
35,Street Traffic Circle Menu (2024),W WAVELAND AVE & N BERNARD ST,"$18,978.26",18978.26,0.013188
35,Street Traffic Circle Menu (2024),W WAVELAND AVE & N ST LOUIS AVE,"$15,616.70",15616.7,0.010852
36,Alley Apron Menu (2024),1301 N PULASKI RD,"$83,754.16",83754.16,0.055850
36,Alley Apron Menu (2024),1328 N HARDING AVE,"$37,307.91",37307.91,0.024878
36,Alley Apron Menu (2024),2559 N RUTHERFORD AVE,"$62,501.50",62501.5,0.041678
36,Alley Resurfacing Menu (2024),1921 W ERIE ST,"$18,353.74",18353.74,0.012239
36,,W ERIE ST & N WOLCOTT AVE & N DAMEN AVE & W OHIO ST,"$18,353.74",18353.74,0.012239
36,Alley Resurfacing Menu (2024),2134 N MARMORA AVE,"$28,124.28",28124.28,0.018754
36,,N MARMORA AVE & W DICKENS AVE & W GRAND AVE & N MASON AVE,"$28,124.28",28124.28,0.018754
36,Alley Resurfacing Menu (2024),2300 W WALTON ST,"$39,395.81",39395.81,0.026271
36,,W WALTON ST & N OAKLEY BLVD & N WESTERN AVE & W IOWA ST,"$39,395.81",39395.81,0.026271
36,Alley Resurfacing Menu (2024),2648 W SUPERIOR ST,"$19,418.64",19418.64,0.012949
36,,W SUPERIOR ST & N WASHTENAW AVE & N ROCKWELL ST & W CHICAGO AVE,"$19,418.64",19418.64,0.012949
36,Alley Resurfacing Menu (2024),N HARDING AVE & W POTOMAC AVE & W GRAND AVE & N PULASKI RD,"$15,394.43",15394.43,0.010266
36,,1306 N HARDING AVE,"$15,394.43",15394.43,0.010266
36,Alley Resurfacing Menu (2024),N KEDZIE AVE & W GRAND AVE & W WALTON ST & N SACRAMENTO BLVD E,"$11,392.82",11392.82,0.007597
36,,876 N SACRAMENTO BLVD,"$11,392.82",11392.82,0.007597
36,Alley Resurfacing Menu (2024),N KEELER AVE & W HIRSCH ST & W GRAND AVE & N KEDVALE AVE,"$21,251.24",21251.24,0.014171
36,,1405 N KEELER AVE,"$21,251.24",21251.24,0.014171
36,Alley Resurfacing Menu (2024),N RUTHERFORD AVE & W GRAND AVE & W ALTGELD ST & N NORMANDY AVE,"$23,012.56",23012.56,0.015346
36,,2417 N,"$23,012.56",23012.56,0.015346
36,Alley Resurfacing Menu (2024),RUTHERFORD AVE N WOLCOTT AVE & W CHICAGO AVE & W IOWA ST & N WINCHESTER AVE,"$20,061.56",20061.56,0.013378
36,,852 N WOLCOTT AVE,"$20,061.56",20061.56,0.013378
36,Alley Resurfacing Menu (2024),W CORTEZ ST & N CAMPBELL AVE & N ROCKWELL ST & W THOMAS ST,"$16,391.56",16391.56,0.010930
36,,2548 W CORTEZ ST,"$16,391.56",16391.56,0.010930
36,Alley Resurfacing Menu (2024),W HADDON AVE & N WESTERN AVE & N CAMPBELL AVE & W DIVISION ST,"$13,440.56",13440.56,0.008963
36,,2450 W HADDON AVE,"$13,440.56",13440.56,0.008963
36,Alley Speed Hump Menu (2024),2359 N SAYRE AVE,"$1,087.50",1087.50,0.000725
36,,N SAYRE AVE & W GRAND AVE & W MEDILL AVE & N NEWLAND AVE,"$1,087.50",1087.50,0.000725
36,Alley Speed Hump Menu (2024),W ERIE ST & N WOOD ST & N WOLCOTT AVE & W HURON ST,$362.50,362.50,0.000242
36,,1844 W ERIE ST,$362.50,362.50,0.000242
36,Alley Speed Hump Replacement (2024),1306 N HARDING AVE,$0.00,0.00,0.000000
36,,N HARDING AVE & W POTOMAC AVE & W GRAND AVE & N PULASKI RD,$0.00,0.00,0.000000
36,Alley Speed Hump Replacement (2024),1921 W ERIE ST,$0.00,0.00,0.000000
36,,W ERIE ST & N WOLCOTT AVE & N DAMEN AVE & W OHIO ST,$0.00,0.00,0.000000
36,Alley Speed Hump Replacement (2024),2134 N MARMORA AVE,$0.00,0.00,0.000000
36,,N MARMORA AVE & W DICKENS AVE & W GRAND AVE & N MASON AVE,$0.00,0.00,0.000000
36,Alley Speed Hump Replacement (2024),2648 W SUPERIOR ST,$0.00,0.00,0.000000
36,,N ROCKWELL ST & W CHICAGO AVE & W SUPERIOR ST & N,$0.00,0.00,0.000000
36,Alley Speed Hump Replacement (2024),WASHTENAW AVE N KEDZIE AVE & W GRAND AVE & W WALTON ST & N SACRAMENTO BLVD E,$0.00,0.00,0.000000
36,,876 N SACRAMENTO BLVD,$0.00,0.00,0.000000
36,Alley Speed Hump Replacement (2024),W CORTEZ ST & N CAMPBELL AVE & N ROCKWELL ST & W THOMAS ST,$0.00,0.00,0.000000
36,,2548 W CORTEZ ST,$0.00,0.00,0.000000
36,Alley Speed Hump Replacement (2024),W HADDON AVE & N WESTERN AVE & N CAMPBELL AVE & W DIVISION ST,$0.00,0.00,0.000000
36,,2450 W HADDON AVE,$0.00,0.00,0.000000
36,Curb & Gutter Menu (2024),1545 N KOLIN AVE,"$4,571.58",4571.58,0.003048
36,Curb & Gutter Menu (2024),2329 W CORTEZ ST,"$9,190.11",9190.11,0.006128
36,Curb & Gutter Menu (2024),3044 N NORMANDY AVE,"$6,025.03",6025.03,0.004018
36,Curb & Gutter Menu (2024),N KOLIN AVE & W GRAND AVE,"$7,193.67",7193.67,0.004797
36,,4329 W GRAND AVE,"$7,193.67",7193.67,0.004797
36,Left-Turn Arrow Menu (2024),N OAK PARK AVE & W DIVERSEY AVE,"$31,124.94",31124.94,0.020755
36,Miscellaneous CDOT Projects (2024),2358 N MEADE AVE,$660.00,660.0,0.000440
36,Miscellaneous CDOT Projects (2024),3058 N OAK PARK AVE,$660.00,660.0,0.000440
36,Sidewalk Menu (2024),1101 N LAWNDALE AVE,"$22,368.56",22368.56,0.014916
36,Sidewalk Menu (2024),1248 N LAWNDALE AVE,"$19,357.46",19357.46,0.012908
36,Sidewalk Menu (2024),1831 W RACE AVE,"$14,094.81",14094.81,0.009399
36,Sidewalk Menu (2024),2112 N MASON AVE,"$2,142.38",2142.38,0.001429
36,Sidewalk Menu (2024),2120 N MONITOR AVE,"$6,534.13",6534.13,0.004357
36,Sidewalk Menu (2024),2136 N MERRIMAC AVE,"$17,077.91",17077.91,0.011388
36,,2144 N MERRIMAC AVE,"$17,077.91",17077.91,0.011388
36,Sidewalk Menu (2024),2201 N MERRIMAC AVE,"$10,011.30",10011.30,0.006676
36,,6224 W PALMER ST,"$10,011.30",10011.30,0.006676
36,Sidewalk Menu (2024),2334 N PARKSIDE AVE,"$6,538.09",6538.09,0.004360
36,Sidewalk Menu (2024),2417 N RUTHERFORD AVE,"$8,802.55",8802.55,0.005870
36,Sidewalk Menu (2024),2501 N NEW ENGLAND AVE,"$8,934.76",8934.76,0.005958
36,Sidewalk Menu (2024),2529 N NEWCASTLE AVE,"$6,389.45",6389.45,0.004261
36,Sidewalk Menu (2024),2705 W IOWA ST,"$7,034.69",7034.69,0.004691
36,Sidewalk Menu (2024),2826 N NAGLE AVE,"$5,480.38",5480.38,0.003655
36,Sidewalk Menu (2024),2911 N NEWLAND AVE,"$3,652.41",3652.41,0.002436
36,Sidewalk Menu (2024),2935 N NATCHEZ AVE,$559.34,559.34,0.000373
36,Sidewalk Menu (2024),3045 N OAK PARK AVE,"$15,264.15",15264.15,0.010179
36,Sidewalk Menu (2024),3113 N NEW ENGLAND AVE,$716.94,716.94,0.000478
36,Sidewalk Menu (2024),6343 W GRAND AVE,"$16,846.78",16846.78,0.011234
36,Sidewalk Menu (2024),958 N LEAVITT ST,"$33,000.99",33000.99,0.022006
36,Street Light Residential Staggered Piggy Back Menu (2024),3200-3300 N New England Ave,"$40,297.40",40297.4,0.026872
36,Street Light Upgrade Menu (2024),2241 N MENARD AVE,$500.00,500.0,0.000333
36,Street Light Upgrade Menu (2024),3121 N NEWLAND AVE,$500.00,500.0,0.000333
36,Street Resurfacing Menu (2024),1100-1200 N Drake Ave,"$20,404.78",20404.78,0.013607
36,Street Resurfacing Menu (2024),2800-2900 N Nagle Ave,"$58,067.02",58067.02,0.038721
36,Street Resurfacing Menu (2024),2800-2900 N Natoma Ave,"$58,689.57",58689.57,0.039136
36,Street Resurfacing Menu (2024),2900-3000 N Natoma Ave,"$61,089.02",61089.02,0.040736
36,Street Resurfacing Menu (2024),3100-3200 N New England Ave,"$57,016.08",57016.08,0.038020
36,Street Resurfacing Menu (2024),6432-6500 W Belden Ave,"$40,060.31",40060.31,0.026714
36,Street Resurfacing Menu (2024),2300-2400 W Iowa St,"$59,818.37",59818.37,0.039889
36,Street Resurfacing Menu (2024),2700-2740 W Iowa St,"$29,977.12",29977.12,0.019990
36,Street Resurfacing Menu (2024),6930-7000 W Oakdale Ave,"$42,716.05",42716.05,0.028485
36,Street Resurfacing Menu (2024),3900-3940 W Potomac Ave,"$25,042.70",25042.7,0.016699
36,Street Resurfacing Menu (2024),2300-2400 W Rice St,"$56,624.29",56624.29,0.037759
36,Street Speed Hump Menu (2024),1837 W OHIO ST,$801.73,801.73,0.000535
36,,1800-1900 W Ohio St,$801.73,801.73,0.000535
36,Street Speed Hump Menu (2024),930-1000 N Oakley Blvd,"$1,220.00",1220.00,0.000814
36,,949 N OAKLEY BLVD,"$1,220.00",1220.00,0.000814
36,Street Speed Hump Menu (2024),2300-2400 N Parkside Ave,"$4,880.00",4880.0,0.003254
36,Street Speed Hump Menu (2024),6600-6630 W Barry Ave,"$2,440.00",2440.0,0.001627
36,Street Speed Hump Replacement (2024),2700-2740 W Iowa St,$0.00,0.0,0.000000
36,Street Speed Hump Replacement (2024),3900-3940 W Potomac Ave,$0.00,0.0,0.000000
37,Alley Apron Menu (2024),1101 N LEAMINGTON AVE,"$21,452.45",21452.45,0.014572
37,Alley Apron Menu (2024),1206-1208 N PINE AVE,"$27,105.07",27105.07,0.018412
37,Alley Apron Menu (2024),5401 W KAMERLING AVE,"$8,698.75",8698.75,0.005909
37,,W KAMERLING AVE & N LONG AVE & N CENTRAL AVE & W,"$8,698.75",8698.75,0.005909
37,Alley Resurfacing Menu (2024),POTOMAC AVE 1800 N LOTUS AVE,"$11,114.71",11114.71,0.007550
37,,N LOTUS AVE & W BLOOMINGDALE AVE & W CORTLAND ST & N LINDER AVE,"$11,114.71",11114.71,0.007550
37,Alley Resurfacing Menu (2024),900 N LAWLER AVE,"$17,039.30",17039.30,0.011575
37,,N LAWLER AVE & W IOWA ST & W AUGUSTA BLVD & N LECLAIRE AVE,"$17,039.30",17039.30,0.011575
37,Alley Resurfacing Menu (2024),N LECLAIRE AVE & W CHICAGO AVE & W SUPERIOR ST & N LAVERGNE AVE,"$41,727.63",41727.63,0.028345
37,Alley Resurfacing Menu (2024),W KAMERLING AVE & N KARLOV AVE & N KEELER AVE & W POTOMAC AVE,"$33,850.33",33850.33,0.022994
37,Alley Resurfacing Menu (2024),W POTOMAC AVE & N LATROBE AVE & N LOCKWOOD AVE & W KAMERLING AVE,"$40,351.40",40351.4,0.027410
37,Alley Speed Hump Menu (2024),N KEYSTONE AVE & W IOWA ST & W CHICAGO AVE & N PULASKI RD,"$2,175.00",2175.0,0.001477
37,Alley Speed Hump Menu (2024),W HURON ST & N LECLAIRE AVE & N LEAMINGTON AVE & W OHIO ST,"$1,450.00",1450.0,0.000985
37,Alley Speed Hump Replacement (2024),900 N LAWLER AVE,$0.00,0.00,0.000000
37,,N LAWLER AVE & W IOWA ST & W AUGUSTA BLVD & N LECLAIRE AVE,$0.00,0.00,0.000000
37,Alley Speed Hump Replacement (2024),N LECLAIRE AVE & W CHICAGO AVE & W SUPERIOR ST & N LAVERGNE AVE,$0.00,0.0,0.000000
37,Alley Speed Hump Replacement (2024),N LOTUS AVE & W BLOOMINGDALE AVE & W CORTLAND ST & N LINDER AVE,$0.00,0.00,0.000000
37,,1800 N LOTUS AVE,$0.00,0.00,0.000000
37,Alley Speed Hump Replacement (2024),W POTOMAC AVE & N LATROBE AVE & N LOCKWOOD AVE & W KAMERLING AVE,$0.00,0.0,0.000000
37,Curb & Gutter Menu (2024),1400 N LAVERGNE AVE,"$53,188.55",53188.55,0.036130
37,Curb & Gutter Menu (2024),1800 N LOTUS AVE,"$4,961.45",4961.45,0.003370
37,Curb & Gutter Menu (2024),325 N LOTUS AVE,"$1,358.23",1358.23,0.000923
37,Curb & Gutter Menu (2024),N KOLIN AVE & W IOWA ST,"$66,000.00",66000.0,0.044833
37,Diagonal Parking Menu (2024),1540 N LOTUS AVE,"$112,000.00",112000.0,0.076080
37,Miscellaneous CDOT Projects (2024),100-130 N LOTUS AVE,$300.00,300.0,0.000204
37,Miscellaneous CDOT Projects (2024),101-143 N PINE AVE,$450.00,450.0,0.000306
37,Sidewalk Menu (2024),1400 N LAVERGNE AVE,"$21,053.10",21053.1,0.014301
37,Sidewalk Menu (2024),1401 N LARAMIE AVE,"$7,625.69",7625.69,0.005180
37,Sidewalk Menu (2024),1444 N LARAMIE AVE,"$2,096.56",2096.56,0.001424
37,Sidewalk Menu (2024),323 N PINE AVE,"$7,567.32",7567.32,0.005140
37,,320 N PINE AVE,"$7,567.32",7567.32,0.005140
37,Sidewalk Menu (2024),4111 W KAMERLING AVE,"$5,815.45",5815.45,0.003950
37,Sidewalk Menu (2024),5101 W POTOMAC AVE,"$13,705.45",13705.45,0.009310
37,Sidewalk Menu (2024),5400 W OHIO ST,"$4,666.30",4666.30,0.003170
37,,601 N LOCKWOOD AVE,"$4,666.30",4666.30,0.003170
37,Sidewalk Menu (2024),634 N LONG AVE,"$5,415.33",5415.33,0.003679
37,Sidewalk Menu (2024),1200-1230 N Lavergne Ave,"$15,569.67",15569.67,0.010576
37,Sidewalk Menu (2024),1300-1400 N Lavergne Ave,"$158,517.57",158517.57,0.107678
37,Sidewalk Menu (2024),W IOWA ST & N KEDVALE AVE,"$14,685.11",14685.11,0.009975
37,,900 N KEDVALE AVE,"$14,685.11",14685.11,0.009975
37,Street Light Residential Staggered Piggy Back Menu (2024),4900-5200 W Bloomingdale Ave,"$422,000.00",422000.0,0.286658
37,Street Light Residential Staggered Piggy Back Menu (2024),5000-5100 W Huron St,"$15,126.35",15126.35,0.010275
37,Street Light Residential Staggered Piggy Back Menu (2024),5000-5100 W Ohio St,"$98,148.78",98148.78,0.066671
37,Street Light Upgrade Menu (2024),300 N LONG AVE,$500.00,500.0,0.000340
37,Street Light Upgrade Menu (2024),303 N LOCKWOOD AVE,"$1,000.00",1000.0,0.000679
37,Street Light Upgrade Menu (2024),4821 W OHIO ST,$500.00,500.0,0.000340
37,Street Resurfacing Menu (2024),800-900 N Keeler Ave,"$68,213.44",68213.44,0.046336
37,Street Resurfacing Menu (2024),5000-5100 W Erie St,"$29,509.04",29509.04,0.020045
37,,5000 W ERIE ST,"$29,509.04",29509.04,0.020045
37,Street Speed Hump Menu (2024),1400-1500 N Lavergne Ave,"$4,880.00",4880.0,0.003315
37,Street Speed Hump Menu (2024),1400-1500 N Lotus Ave,"$2,440.00",2440.00,0.001657
37,,1400 N LOTUS AVE,"$2,440.00",2440.00,0.001657
37,Street Speed Hump Menu (2024),1000-1100 N Springfield Ave,"$4,880.00",4880.0,0.003315
37,Street Speed Hump Menu (2024),5200-5600 W Hirsch St,"$21,960.00",21960.0,0.014917
37,Street Speed Hump Menu (2024),4700-4730 W Le Moyne St,"$2,440.00",2440.0,0.001657
37,Street Speed Hump Menu (2024),4900-5000 W Walton St,"$4,880.00",4880.0,0.003315
37,Street Speed Hump Replacement (2024),800-900 N Keeler Ave,$0.00,0.0,0.000000
38,Alley Apron Menu (2024),3212 N ORANGE AVE,"$14,381.31",14381.31,0.010375
38,Alley Apron Menu (2024),3215 N OSAGE AVE,"$30,944.12",30944.12,0.022324
38,Alley Apron Menu (2024),3217 N OZANAM AVE,"$17,298.15",17298.15,0.012479
38,Alley Apron Menu (2024),3542 N NORA AVE,"$15,312.97",15312.97,0.011047
38,Alley Apron Menu (2024),3542 N NORDICA AVE,"$16,679.36",16679.36,0.012033
38,Alley Apron Menu (2024),3941 N PARIS AVE,"$30,434.43",30434.43,0.021956
38,Alley Apron Menu (2024),5300 W CUYLER AVE,"$24,141.25",24141.25,0.017416
38,Alley Apron Menu (2024),5456 W HUTCHINSON ST,"$21,183.26",21183.26,0.015282
38,Alley Apron Menu (2024),5500 W HUTCHINSON ST,"$20,289.90",20289.9,0.014638
38,Alley Apron Menu (2024),6345 W GRACE ST,"$29,205.19",29205.19,0.021069
38,Curb & Gutter Menu (2024),3300-3400 N Nordica Ave,"$4,473.93",4473.93,0.003228
38,Miscellaneous CDOT Projects (2024),4500 N MULLIGAN AVE,$660.00,660.0,0.000476
38,Sidewalk Menu (2024),3301 N ODELL AVE,"$5,568.77",5568.77,0.004017
38,Street Light Upgrade Menu (2024),3218 N PARIS AVE,$500.00,500.0,0.000361
38,Street Light Upgrade Menu (2024),4130-4132 N MOODY AVE,$500.00,500.0,0.000361
38,Street Resurfacing Menu (2024),4553-4600 N Forestview Ave,"$15,173.91",15173.91,0.010947
38,Street Resurfacing Menu (2024),4553-4600 N Forestview Ave,"$17,641.23",17641.23,0.012727
38,,4459-4521 N FORESTVIEW AVE,"$17,641.23",17641.23,0.012727
38,Street Resurfacing Menu (2024),4540-4600 N Maria Ct,"$36,663.22",36663.22,0.026450
38,Street Resurfacing Menu (2024),3600-3700 N Mobile Ave,"$70,227.37",70227.37,0.050664
38,Street Resurfacing Menu (2024),3300-3400 N Neva Ave,"$55,976.63",55976.63,0.040383
38,Street Resurfacing Menu (2024),3200-3300 N Newcastle Ave,"$53,727.89",53727.89,0.038760
38,Street Resurfacing Menu (2024),3300-3400 N Nordica Ave,"$60,194.12",60194.12,0.043425
38,Street Resurfacing Menu (2024),3500-3600 N Oconto Ave,"$58,607.89",58607.89,0.042281
38,Street Resurfacing Menu (2024),3700-3800 N Odell Ave,"$56,248.97",56248.97,0.040579
38,Street Resurfacing Menu (2024),3400-3500 N Olcott Ave,"$69,294.74",69294.74,0.049991
38,Street Resurfacing Menu (2024),3300-3400 N Orange Ave,"$59,934.26",59934.26,0.043238
38,Street Resurfacing Menu (2024),3400-3500 N Ozanam Ave,"$56,017.93",56017.93,0.040413
38,Street Resurfacing Menu (2024),3900-4000 N Page Ave,"$63,835.95",63835.95,0.046053
38,Street Resurfacing Menu (2024),3400-3500 N Panama Ave,"$63,276.05",63276.05,0.045649
38,Street Resurfacing Menu (2024),3300-3400 N Panama Ave,"$58,092.40",58092.4,0.041909
38,Street Resurfacing Menu (2024),3610-3700 N Paris Ave,"$41,690.49",41690.49,0.030076
38,Street Resurfacing Menu (2024),4433-4500 N Parkside Ave,"$26,925.82",26925.82,0.019425
38,Street Resurfacing Menu (2024),6000-6030 W Belle Plaine Ave,"$26,568.32",26568.32,0.019167
38,Street Resurfacing Menu (2024),6300-6330 W Berteau Ave,"$32,735.67",32735.67,0.023616
38,Street Resurfacing Menu (2024),5800-5900 W Byron St,"$50,199.17",50199.17,0.036215
38,Street Resurfacing Menu (2024),6300-6400 W Grace St,"$49,165.72",49165.72,0.035469
38,Street Resurfacing Menu (2024),7000-7050 W Newport Ave,"$39,165.57",39165.57,0.028255
38,Street Resurfacing Menu (2024),8000-8030 W School St,"$10,451.98",10451.98,0.007540
38,Street Resurfacing Menu (2024),6100-6200 W Warwick Ave,"$50,482.56",50482.56,0.036419
38,Street Speed Hump Menu (2024),4100-4200 N Leamington Ave,"$4,880.00",4880.0,0.003521
38,Street Speed Hump Menu (2024),4400-4500 N Menard Ave,"$4,880.00",4880.0,0.003521
38,Street Speed Hump Menu (2024),3900-4000 N Octavia Ave,"$4,880.00",4880.0,0.003521
38,Street Speed Hump Replacement (2024),3500-3600 N Oconto Ave,$0.00,0.0,0.000000
38,Street Speed Hump Replacement (2024),3700-3800 N Odell Ave,$0.00,0.0,0.000000
38,Street Speed Hump Replacement (2024),3400-3500 N Olcott Ave,$0.00,0.0,0.000000
38,Street Speed Hump Replacement (2024),3900-4000 N Page Ave,$0.00,0.0,0.000000
38,Street Speed Hump Replacement (2024),3400-3500 N Panama Ave,$0.00,0.0,0.000000
38,Street Speed Hump Replacement (2024),4433-4500 N Parkside Ave,$0.00,0.0,0.000000
38,Street Speed Hump Replacement (2024),4100-4200 N Pontiac Ave,$0.00,0.0,0.000000
38,Street Speed Hump Replacement (2024),5800-5900 W Byron St,$0.00,0.0,0.000000
38,Street Speed Hump Replacement (2024),6300-6400 W Grace St,$0.00,0.0,0.000000
39,ADA - Street Resurfacing Menu (2024),5553-5530 N Leavenworth Ave,"$14,490.00",14490.0,0.009660
39,ADA - Street Resurfacing Menu (2024),6000-6140 N Mcleod Ave,"$3,622.50",3622.5,0.002415
39,ADA - Street Resurfacing Menu (2024),4000-4132 W Rosemont Ave,"$14,490.00",14490.0,0.009660
39,Alley Apron Menu (2024),5811 N KILBOURN AVE,"$16,772.26",16772.26,0.011182
39,Bollard Menu (2024),6042 W MIAMI AVE,"$4,343.64",4343.64,0.002896
39,Curb & Gutter Menu (2024),5520 N VIRGINIA AVE,"$7,668.48",7668.48,0.005112
39,Pavement Markings Menu (2024),5634-5642 N PULASKI RD,"$1,800.00",1800.0,0.001200
39,Pavement Markings Menu (2024),W MONTROSE AVE & N KOSTNER AVE,"$2,200.00",2200.0,0.001467
39,Street Light Upgrade Menu (2024),4923 N KEYSTONE AVE,$500.00,500.0,0.000333
39,Street Light Upgrade Menu (2024),5240 N LAPORTE AVE,$500.00,500.0,0.000333
39,Street Resurfacing Menu (2024),5683-5699 N KERBS AVE,"$69,493.94",69493.94,0.046329
39,Street Resurfacing Menu (2024),5001-5020 N Bernard St,"$13,270.49",13270.49,0.008847
39,Street Resurfacing Menu (2024),5600-5700 N Central Park Ave,"$63,232.27",63232.27,0.042155
39,Street Resurfacing Menu (2024),5787-5770 N Clifford Ave,"$8,631.69",8631.69,0.005754
39,Street Resurfacing Menu (2024),5850-5900 N Forest Glen Ave,"$28,007.94",28007.94,0.018672
39,Street Resurfacing Menu (2024),5750-5850 N Forest Glen Ave,"$111,635.80",111635.8,0.074424
39,Street Resurfacing Menu (2024),5111-5100 N Hamlin Ave,"$11,765.27",11765.27,0.007844
39,Street Resurfacing Menu (2024),4700-4800 N Keating Ave,"$61,889.83",61889.83,0.041260
39,Street Resurfacing Menu (2024),4300-4400 N Kildare Ave,"$52,817.74",52817.74,0.035212
39,Street Resurfacing Menu (2024),6321-6350 N Kilpatrick Ave,"$44,154.60",44154.6,0.029436
39,Street Resurfacing Menu (2024),5800-5900 N Kolmar Ave,"$60,478.30",60478.3,0.040319
39,Street Resurfacing Menu (2024),5553-5530 N Leavenworth Ave,"$30,079.42",30079.42,0.020053
39,Street Resurfacing Menu (2024),6120-6230 N Lenox Ave,"$58,249.11",58249.11,0.038833
39,Street Resurfacing Menu (2024),6300-6400 N Lenox Ave,"$35,951.19",35951.19,0.023967
39,Street Resurfacing Menu (2024),5578-5570 N Leonard Ave,"$26,981.38",26981.38,0.017988
39,Street Resurfacing Menu (2024),5798-5800 N Linder Ave,"$12,976.90",12976.9,0.008651
39,Street Resurfacing Menu (2024),6000-6140 N Mcleod Ave,"$39,355.43",39355.43,0.026237
39,Street Resurfacing Menu (2024),6220-6360 N Navajo Ave,"$109,900.22",109900.22,0.073267
39,Street Resurfacing Menu (2024),5000-5200 N Springfield Ave,"$123,890.98",123890.98,0.082594
39,Street Resurfacing Menu (2024),5200-5400 N St Louis Ave,"$126,701.43",126701.43,0.084468
39,Street Resurfacing Menu (2024),4400-4500 N Tripp Ave,"$52,817.53",52817.53,0.035212
39,Street Resurfacing Menu (2024),5111-5100 W Catalpa Ave,"$28,554.99",28554.99,0.019037
39,Street Resurfacing Menu (2024),4300-4400 W Cullom Ave,"$69,313.32",69313.32,0.046209
39,Street Resurfacing Menu (2024),4014-4120 W Eastwood Ave,"$21,281.52",21281.52,0.014188
39,Street Resurfacing Menu (2024),3930-4000 W Glenlake Ave,"$27,300.15",27300.15,0.018200
39,Street Resurfacing Menu (2024),4000-4132 W Rosemont Ave,"$86,936.10",86936.1,0.057957
39,Street Resurfacing Menu (2024),4000-4100 W Sunnyside Ave,"$38,771.96",38771.96,0.025848
39,Street Resurfacing Menu (2024),4000-4030 W Wilson Ave,"$19,173.61",19173.61,0.012782
39,Street Speed Hump Replacement (2024),5850-5900 N Forest Glen Ave,$0.00,0.0,0.000000
39,Street Speed Hump Replacement (2024),5750-5850 N Forest Glen Ave,$0.00,0.0,0.000000
40,"(2024) In-Road ""State Law Stop For Pedestrians"" Sign Menu",W FOSTER AVE & N WINCHESTER AVE,$350.00,350.0,0.000233
40,(2024) Miscellaneous CDOT Projects (2024),1500 W CATALPA AVE,$660.00,660.0,0.000440
40,Alley Resurfacing Menu (2024),W GIDDINGS ST & N MANOR AVE & N MANOR AVE & W LAWRENCE AVE,"$32,212.61",32212.61,0.021475
40,Alley Speed Hump Menu (2024),N CALIFORNIA AVE & W AINSLIE ST & W LAWRENCE AVE & N FRANCISCO AVE,"$2,175.00",2175.0,0.001450
40,Alley Speed Hump Menu (2024),N MOZART ST & W AINSLIE ST & W ARGYLE ST & N CALIFORNIA AVE,"$1,450.00",1450.0,0.000967
40,Alley Speed Hump Menu (2024),W THORNDALE AVE & N RAVENSWOOD AVE & N HERMITAGE AVE & W ROSEHILL DR,"$2,175.00",2175.0,0.001450
40,Alley Speed Hump Removal Menu (2024),6059 N MAPLEWOOD AVE,$362.50,362.50,0.000242
40,,W GLENLAKE AVE & N MAPLEWOOD AVE & N CAMPBELL AVE & W PETERSON AVE,$362.50,362.50,0.000242
40,Alley Speed Hump Replacement (2024),W GIDDINGS ST & N MANOR AVE & N MANOR AVE & W LAWRENCE AVE,$0.00,0.0,0.000000
40,Bollard Menu (2024),5243 N HOYNE AVE,"$1,402.67",1402.67,0.000935
40,Concrete Alley Menu (2024),N FRANCISCO AVE & W ARGYLE ST & W AINSLIE ST & N FRANCISCO AVE,"$324,000.00",324000.0,0.216000
40,Concrete Alley Menu (2024),W LAWRENCE AVE & N ROCKWELL ST & N TALMAN AVE & W LELAND AVE,"$82,693.03",82693.03,0.055129
40,"In-Road ""State Law Stop For Pedestrians"" Sign Menu",N DAMEN AVE & W WINONA ST,$350.00,350.0,0.000233
40,Miscellaneous CDOT Projects (2024),N RIDGE AVE & N RAVENSWOOD AVE,"$90,000.00",90000.0,0.060000
40,Pavement Markings Menu (2024),6400-6800 N Ridge Ave,"$25,534.31",25534.31,0.017023
40,Sidewalk Menu (2024),1834-1836 W FOSTER AVE,"$38,690.91",38690.91,0.025794
40,Sidewalk Menu (2024),1921 W HOOD AVE,"$13,248.26",13248.26,0.008832
40,Sidewalk Menu (2024),2235 W MORSE AVE,"$7,463.58",7463.58,0.004976
40,Sidewalk Menu (2024),2239 W FARRAGUT AVE,"$10,404.51",10404.51,0.006936
40,Sidewalk Menu (2024),2447 W GRANVILLE AVE,"$45,656.65",45656.65,0.030438
40,Sidewalk Menu (2024),5634 N CAMPBELL AVE,"$2,583.36",2583.36,0.001722
40,Sidewalk Menu (2024),5720 N WESTERN AVE,"$6,373.42",6373.42,0.004249
40,Sidewalk Menu (2024),5915-5943 N ROCKWELL ST,"$17,355.17",17355.17,0.011570
40,Sidewalk Menu (2024),6019 N TALMAN AVE,"$5,364.53",5364.53,0.003576
40,Sidewalk Menu (2024),5900-6000 N California Ave,"$64,450.68",64450.68,0.042967
40,Sidewalk Menu (2024),2800-2930 W Peterson Ave,"$68,615.30",68615.3,0.045744
40,Street Bump Outs Menu (2024),N DAMEN AVE & W ALBION AVE,"$32,053.50",32053.5,0.021369
40,Street Bump Outs Menu (2024),W EASTWOOD AVE & N FRANCISCO AVE,"$30,696.97",30696.97,0.020465
40,Street Bump Outs Menu (2024),W LUNT AVE & N CAMPBELL AVE,"$19,227.19",19227.19,0.012818
40,Street Bump Outs Menu (2024),W WINNEMAC AVE & N WOLCOTT AVE,"$37,776.48",37776.48,0.025184
40,,W WINNEMAC AVE & N WINCHESTER AVE,"$37,776.48",37776.48,0.025184
40,Street Resurfacing Menu (2024),6930-7000 N Rockwell St,"$34,656.86",34656.86,0.023105
40,Street Resurfacing Menu (2024),4800-4900 N Rockwell St,"$67,484.86",67484.86,0.044990
40,Street Resurfacing Menu (2024),5200-5230 N Wolcott Ave,"$25,660.20",25660.2,0.017107
40,Street Resurfacing Menu (2024),2600-2800 W Argyle St,"$112,112.53",112112.53,0.074742
40,Street Resurfacing Menu (2024),2000-2100 W Berwyn Ave,"$64,599.96",64599.96,0.043067
40,Street Resurfacing Menu (2024),2500-2700 W Berwyn Ave,"$100,959.53",100959.53,0.067306
40,Street Resurfacing Menu (2024),1999-2100 W Granville Ave,"$60,275.05",60275.05,0.040183
40,Street Speed Hump Menu (2024),6100-6200 N Campbell Ave,"$4,880.00",4880.0,0.003253
40,Street Speed Hump Menu (2024),5330-5400 N Leavitt St,"$2,440.00",2440.0,0.001627
40,Street Speed Hump Menu (2024),6550-6500 N Seeley Ave,"$4,880.00",4880.0,0.003253
40,Street Speed Hump Menu (2024),1700-1800 W Winnemac Ave,"$2,440.00",2440.0,0.001627
40,Street Speed Hump Replacement (2024),4800-4900 N Rockwell St,$0.00,0.0,0.000000
40,Street Speed Hump Replacement (2024),2000-2100 W Berwyn Ave,$0.00,0.0,0.000000
40,Street Speed Hump Replacement (2024),2400-2700 W Berwyn Ave,$0.00,0.0,0.000000
40,Street Traffic Circle Menu (2024),W GRANVILLE AVE & N CAMPBELL AVE,"$18,146.39",18146.39,0.012098
41,ADA - Street Resurfacing Menu (2024),6700-6740 N Olmsted Ave,"$7,245.00",7245.0,0.004836
41,ADA - Street Resurfacing Menu (2024),7640-7829 W Rosedale Ave,"$18,112.50",18112.5,0.012089
41,ADA - Street Resurfacing Menu (2024),6700-6900 W Thorndale Ave,"$10,867.50",10867.5,0.007254
41,ADA - Street Resurfacing Menu (2024),7730-7900 W Thorndale Ave,"$7,245.00",7245.0,0.004836
41,Miscellaneous CDOT Projects (2024),6100 N NEVA AVE,$660.00,660.0,0.000441
41,Miscellaneous CDOT Projects (2024),7166 N OZARK AVE,$660.00,660.0,0.000441
41,Miscellaneous CDOT Projects (2024),7278 W HIGGINS AVE,"$20,485.02",20485.02,0.013673
41,Miscellaneous CDOT Projects (2024),7300 N ORIOLE AVE,$864.00,864.0,0.000577
41,Street Resurfacing Menu (2024),5730-6000 N East Circle Ave,"$252,293.31",252293.31,0.168397
41,Street Resurfacing Menu (2024),5200-5300 N Nashville Ave,"$54,872.91",54872.91,0.036626
41,Street Resurfacing Menu (2024),5400-5530 N Natchez Ave,"$89,649.99",89649.99,0.059838
41,Street Resurfacing Menu (2024),5940-6100 N Navarre Ave,"$166,642.05",166642.05,0.111228
41,Street Resurfacing Menu (2024),4822-4900 N New England Ave,"$40,486.75",40486.75,0.027023
41,Street Resurfacing Menu (2024),4900-5000 N Normandy Ave,"$53,434.29",53434.29,0.035665
41,Street Resurfacing Menu (2024),4899-5000 N Oak Park Ave,"$52,578.89",52578.89,0.035095
41,Street Resurfacing Menu (2024),6700-6740 N Olmsted Ave,"$46,021.70",46021.7,0.030718
41,Street Resurfacing Menu (2024),6700-6740 N Oshkosh Ave,"$28,185.12",28185.12,0.018813
41,Street Resurfacing Menu (2024),5025-5200 N Rutherford Ave,"$78,957.44",78957.44,0.052701
41,Street Resurfacing Menu (2024),5442-5400 N Sayre Ave,"$34,839.78",34839.78,0.023254
41,Street Resurfacing Menu (2024),7730-7899 W Ardmore Ave,"$62,085.50",62085.5,0.041440
41,Street Resurfacing Menu (2024),6830-7000 W Balmoral Ave,"$98,961.47",98961.47,0.066053
41,Street Resurfacing Menu (2024),7640-7829 W Rosedale Ave,"$115,232.06",115232.06,0.076913
41,Street Resurfacing Menu (2024),6700-6900 W Thorndale Ave,"$125,977.36",125977.36,0.084085
41,Street Resurfacing Menu (2024),7730-7900 W Thorndale Ave,"$64,502.75",64502.75,0.043053
41,Street Resurfacing Menu (2024),7730-7900 W Victoria St,"$62,467.17",62467.17,0.041695
41,Street Speed Hump Menu (2024),5330-5400 N Mont Clare Ave,"$2,440.00",2440.0,0.001629
41,Street Speed Hump Menu (2024),6800-6830 W Imlay St,"$2,440.00",2440.0,0.001629
42,Alley Apron Menu (2024),411 N DEARBORN ST,"$20,013.84",20013.84,0.015723
42,Alley Resurfacing Menu (2024),111 W ILLINOIS ST,"$8,806.65",8806.65,0.006918
42,,W ILLINOIS ST & N CLARK ST & N LA SALLE DR & W HUBBARD ST,"$8,806.65",8806.65,0.006918
42,Alley Resurfacing Menu (2024),150 W SUPERIOR ST,"$5,747.49",5747.49,0.004515
42,,W SUPERIOR ST & N LA SALLE DR & N WELLS ST & W CHICAGO AVE,"$5,747.49",5747.49,0.004515
42,Alley Resurfacing Menu (2024),15 W DELAWARE PL,"$10,752.21",10752.21,0.008447
42,,W DELAWARE PL & N DEARBORN ST & N STATE ST & W CHESTNUT ST,"$10,752.21",10752.21,0.008447
42,Alley Resurfacing Menu (2024),E WACKER DR & N STATE ST & N WABASH AVE & E HADDOCK PL,"$33,125.34",33125.34,0.026023
42,Alley Speed Hump Menu (2024),N STATE ST & E RANDOLPH ST & E BENTON PL & N WABASH AVE,$725.00,725.0,0.000570
42,Alley Speed Hump Replacement (2024),W DELAWARE PL & N DEARBORN ST & N STATE ST & W CHESTNUT ST,$0.00,0.00,0.000000
42,,15 W DELAWARE PL,$0.00,0.00,0.000000
42,Curb & Gutter Menu (2024),N LAKE SHORE DR & E OAK ST,"$2,441.68",2441.68,0.001918
42,Curb & Gutter Menu (2024),410-430 N New St,"$16,171.14",16171.14,0.012704
42,Left-Turn Arrow Menu (2024),N MICHIGAN AVE & E WACKER DR,"$43,292.42",43292.42,0.034010
42,Miscellaneous CDOT Projects (2024),360 W OHIO ST,$563.44,563.44,0.000443
42,Miscellaneous CDOT Projects (2024),486-700 E Grand Ave,"$3,000.00",3000.0,0.002357
42,Native/Butterfly Garden 42nd Ward 2024 Menu,337 E RANDOLPH ST,"$15,100.00",15100.0,0.011863
42,Sidewalk Menu (2024),126 E CHESTNUT ST,"$10,715.33",10715.33,0.008418
42,Sidewalk Menu (2024),230 W SUPERIOR ST,"$42,143.77",42143.77,0.033108
42,Sidewalk Menu (2024),530 E GRAND AVE,"$63,099.91",63099.91,0.049571
42,Sidewalk Menu (2024),919 N DEARBORN ST,"$14,627.01",14627.01,0.011491
42,Sidewalk Menu (2024),E DELAWARE PL & N WABASH AVE,"$15,148.92",15148.92,0.011901
42,Street Bump Outs Menu (2024),N STATE ST & W HURON ST,"$36,864.44",36864.44,0.028961
42,Street Resurfacing Menu (2024),N LAKE SHORE DR & N LSD WACKER DR XR,"$23,536.35",23536.35,0.018490
42,,323 E WACKER DR,"$23,536.35",23536.35,0.018490
42,Street Resurfacing Menu (2024),500-700 E Grand Ave,"$90,036.33",90036.33,0.070732
42,Street Resurfacing Menu (2024),200-40 E Illinois St,"$52,829.25",52829.25,0.041503
42,Street Resurfacing Menu (2024),900-1101 N Rush St,"$111,969.34",111969.34,0.087963
42,Street Resurfacing Menu (2024),430-500 N Rush St,"$25,626.49",25626.49,0.020132
42,Street Resurfacing Menu (2024),500-600 W Erie St,"$63,494.20",63494.2,0.049881
42,Street Resurfacing Menu (2024),0-50 W Huron St,"$43,414.42",43414.42,0.034106
42,Street Resurfacing Menu (2024),100-140 W Illinois St,"$38,927.16",38927.16,0.030581
42,Street Resurfacing Menu (2024),340-400 W Illinois St,"$80,739.59",80739.59,0.063429
42,Street Resurfacing Menu (2024),0-50 W Illinois St,"$56,241.11",56241.11,0.044183
42,Street Resurfacing Menu (2024),417-500 W Ohio St,"$45,068.55",45068.55,0.035406
42,Street Speed Hump Menu (2024),N COLUMBUS DR & E SOUTH WATER ST,"$2,000.00",2000.0,0.001571
42,Street Speed Hump Replacement (2024),340-400 W Illinois St,$0.00,0.0,0.000000
42,Viaduct Improvement Menu (2024),200-230 E North Water Lower St,"$122,234.00",122234.00,0.096027
42,,100-350 E North Water St,"$122,234.00",122234.00,0.096027
42,Viaduct Improvement Menu (2024),400-500 N Wabash Lower Ave,"$3,382.02",3382.02,0.002657
43,Alley Apron Menu (2024),1852 N SHEFFIELD AVE,$511.71,511.71,0.000341
43,Alley Resurfacing Menu (2024),W ARMITAGE AVE & N LARRABEE ST & N HOWE ST & W WILLOW ST,"$5,547.37",5547.37,0.003698
43,,605 W ARMITAGE AVE,"$5,547.37",5547.37,0.003698
43,Arterial Street Bump Outs Menu (2024),N SHEFFIELD AVE & W MONTANA ST,"$18,289.55",18289.55,0.012193
43,Miscellaneous CDOT Projects (2024),2534 N SHEFFIELD AVE,$660.00,660.0,0.000440
43,Pavement Markings Menu (2024),280-300 W Dickens Ave,"$27,504.91",27504.91,0.018337
43,Sidewalk Menu (2024),2274 N LINCOLN AVE,"$11,376.31",11376.31,0.007584
43,,2300-2200 N Lincoln Ave,"$11,376.31",11376.31,0.007584
43,Street Bump Outs Menu (2024),N CLEVELAND AVE & W WISCONSIN ST,"$40,254.47",40254.47,0.026836
43,Street Bump Outs Menu (2024),N SEDGWICK ST & W EUGENIE ST,"$7,146.01",7146.01,0.004764
43,Street Bump Outs Menu (2024),N WELLS ST & W MENOMONEE ST,"$23,493.92",23493.92,0.015663
43,Street Light Arterial Menu (2024),800-930 W Armitage Ave,"$600,000.00",600000.0,0.400000
43,Street Light Arterial Menu (2024),1000-1200 W Fullerton Ave,"$30,000.00",30000.00,0.020000
43,,2300-2400 N Sheffield Ave,"$30,000.00",30000.00,0.020000
43,Street Light Residential Staggered Piggy Back Menu (2024),1800-1900 N Hudson Ave,"$172,000.00",172000.0,0.114667
43,Street Light Residential Staggered Piggy Back Menu (2024),2400-2600 N Lakeview Ave,"$30,000.00",30000.0,0.020000
43,Street Light Residential Staggered Piggy Back Menu (2024),400-600 W Wrightwood Ave,"$295,206.91",295206.91,0.196805
43,Street Resurfacing Menu (2024),1 W BURTON PL,"$27,257.00",27257.0,0.018171
43,Street Resurfacing Menu (2024),1230-1300 N Astor St,"$28,525.50",28525.5,0.019017
43,Street Resurfacing Menu (2024),600-700 W Belden Ave,"$53,753.20",53753.2,0.035835
43,Street Resurfacing Menu (2024),1000-1100 W Belden Ave,"$81,549.46",81549.46,0.054366
44,(2024) Miscellaneous CDOT Projects (2024),3200 N HALSTED ST,$660.00,660.0,0.000473
44,ADA - Alley Resurfacing Menu (2024),W BYRON ST & N LAKEWOOD AVE & N WAYNE AVE & W GRACE ST,"$5,434.76",5434.76,0.003897
44,,1311 W BYRON ST,"$5,434.76",5434.76,0.003897
44,ADA - Alley Resurfacing Menu (2024),W WAVELAND AVE & N LAKEWOOD AVE & N WAYNE AVE & W GRACE ST,"$3,622.50",3622.50,0.002597
44,,1314 W WAVELAND AVE,"$3,622.50",3622.50,0.002597
44,Alley Apron Menu (2024),1242 W WAVELAND AVE,"$21,102.14",21102.14,0.015131
44,Alley Apron Menu (2024),3014 N KENMORE AVE,"$16,564.42",16564.42,0.011877
44,Alley Apron Menu (2024),3014 N KENMORE AVE,"$13,688.94",13688.94,0.009815
44,,3015 N KENMORE AVE,"$13,688.94",13688.94,0.009815
44,Alley Resurfacing Menu (2024),3131 N KENMORE AVE,"$10,707.02",10707.02,0.007677
44,,N KENMORE AVE & W BARRY AVE & W BELMONT AVE & N SHEFFIELD AVE,"$10,707.02",10707.02,0.007677
44,Alley Resurfacing Menu (2024),529 W WELLINGTON AVE,"$8,383.44",8383.44,0.006011
44,Alley Resurfacing Menu (2024),807 W WOLFRAM ST,"$8,168.48",8168.48,0.005857
44,,W WOLFRAM ST & N HALSTED ST & N MILDRED AVE & W DIVERSEY PKWY,"$8,168.48",8168.48,0.005857
44,Alley Resurfacing Menu (2024),N LAKEWOOD AVE & W GRACE ST & W WAVELAND AVE & N MAGNOLIA AVE,"$37,575.01",37575.01,0.026942
44,Alley Resurfacing Menu (2024),N RACINE AVE & W NEWPORT AVE & W CORNELIA AVE & N LAKEWOOD AVE,"$40,339.44",40339.44,0.028924
44,Alley Resurfacing Menu (2024),N SEMINARY AVE & W SCHOOL ST & W BELMONT AVE & N CLIFTON AVE,"$25,604.86",25604.86,0.018359
44,Alley Resurfacing Menu (2024),W BYRON ST & N LAKEWOOD AVE & N WAYNE AVE & W GRACE ST,"$13,055.46",13055.46,0.009361
44,,1311 W BYRON ST,"$13,055.46",13055.46,0.009361
44,Alley Resurfacing Menu (2024),W SURF ST & N PINE GROVE AVE & N CAMBRIDGE AVE & W DIVERSEY PKWY,"$34,268.65",34268.65,0.024572
44,Alley Resurfacing Menu (2024),W WAVELAND AVE & N LAKEWOOD AVE & N WAYNE AVE & W GRACE ST,"$18,741.15",18741.15,0.013438
44,,1314 W WAVELAND AVE,"$18,741.15",18741.15,0.013438
44,Alley Resurfacing Menu (2024),W WAVELAND AVE & N WAYNE AVE & N LAKEWOOD AVE & W ADDISON ST,"$46,983.04",46983.04,0.033688
44,Alley Speed Hump Menu (2024),3501 N SHEFFIELD AVE,"$1,087.50",1087.50,0.000780
44,,W ADDISON ST & N SHEFFIELD AVE & N WILTON AVE & W CORNELIA AVE,"$1,087.50",1087.50,0.000780
44,Alley Speed Hump Menu (2024),N CLARK ST & W NEWPORT AVE & W CORNELIA AVE & N SEMINARY AVE,"$2,900.00",2900.0,0.002079
44,Alley Speed Hump Menu (2024),N PINE GROVE AVE & W DIVERSEY PKWY & W SURF ST & N CAMBRIDGE AVE,"$1,450.00",1450.0,0.001040
44,Chicago Park District (2024),500 N LAKE SHORE DR,"$100,000.00",100000.0,0.071703
44,Concrete Alley Menu (2024),W ROSCOE ST & N RACINE AVE & N LAKEWOOD AVE & W HENDERSON ST,"$25,179.96",25179.96,0.018055
44,,1243 W ROSCOE ST,"$25,179.96",25179.96,0.018055
44,"In-Road ""State Law Stop For Pedestrians"" Sign Menu",W BELMONT AVE & N ORCHARD ST,$350.00,350.0,0.000251
44,Miscellaneous CDOT Projects (2024),N ORCHARD ST & W BELMONT AVE,"$70,000.00",70000.0,0.050192
44,Street Bump Outs Menu (2024),3232-3801 N Southport Ave,"$160,000.00",160000.0,0.114724
44,Street Light Arterial Menu (2024),840-999 W Belmont Ave,"$250,000.00",250000.0,0.179257
44,Street Resurfacing Menu (2024),3400-3600 N Janssen Ave,"$67,358.24",67358.24,0.048298
44,Street Resurfacing Menu (2024),3800-3900 N Wayne Ave,"$49,998.41",49998.41,0.035850
44,Street Resurfacing Menu (2024),1200-1300 W Eddy St,"$60,713.81",60713.81,0.043533
44,Street Resurfacing Menu (2024),1157-1120 W Grace St,"$35,104.18",35104.18,0.025171
44,Street Resurfacing Menu (2024),800-900 W Oakdale Ave,"$29,095.21",29095.21,0.020862
44,Street Resurfacing Menu (2024),900-999 W Oakdale Ave,"$52,817.74",52817.74,0.037872
44,Street Resurfacing Menu (2024),999-1100 W Oakdale Ave,"$48,347.91",48347.91,0.034667
44,Street Resurfacing Menu (2024),800-900 W Waveland Ave,"$23,458.24",23458.24,0.016820
44,Street Speed Hump Menu (2024),600-800 W Melrose St,"$12,200.00",12200.0,0.008748
44,Street Speed Hump Replacement (2024),3800-3900 N Wayne Ave,$0.00,0.0,0.000000
44,Street Speed Hump Replacement (2024),1200-1300 W Eddy St,$0.00,0.0,0.000000
44,Street Speed Hump Replacement (2024),999-1100 W Oakdale Ave,$0.00,0.0,0.000000
45,ADA - Alley Resurfacing Menu (2024),N CALDWELL AVE & N TONTY AVE & N WILDWOOD AVE & N LEOTI AVE,"$3,622.50",3622.50,0.002427
45,,6755 N CALDWELL,"$3,622.50",3622.50,0.002427
45,ADA - Alley Resurfacing Menu (2024),AVE N MINNETONKA AVE & N LEHIGH AVE & N CALDWELL AVE & N ALGONQUIN AVE,"$3,622.50",3622.50,0.002427
45,,6515 N MINNETONKA AVE,"$3,622.50",3622.50,0.002427
45,ADA - Alley Resurfacing Menu (2024),W TOUHY AVE & N MOBILE AVE & N NAGLE AVE & W FITCH AVE,"$3,622.50",3622.50,0.002427
45,,6301 W TOUHY AVE,"$3,622.50",3622.50,0.002427
45,ADA - Street Resurfacing Menu (2024),6471-6530 N Algonquin Ave,"$21,735.00",21735.0,0.014560
45,ADA - Street Resurfacing Menu (2024),5240-5340 N Lieb Ave,"$36,225.00",36225.0,0.024267
45,ADA - Street Resurfacing Menu (2024),6970-7100 N Tahoma Ave,"$7,245.00",7245.0,0.004853
45,Alley Resurfacing Menu (2024),6301 W TOUHY AVE,"$6,260.26",6260.26,0.004194
45,,W TOUHY AVE & N MOBILE AVE & N NAGLE AVE & W FITCH AVE,"$6,260.26",6260.26,0.004194
45,Alley Resurfacing Menu (2024),6755 N CALDWELL AVE,"$6,697.10",6697.10,0.004486
45,,N CALDWELL AVE & N TONTY AVE & N WILDWOOD AVE & N LEOTI,"$6,697.10",6697.10,0.004486
45,Alley Resurfacing Menu (2024),AVE N MULLIGAN AVE & W BRYN MAWR AVE & W BRYN MAWR AVE & N AVONDALE AVE,"$20,553.65",20553.65,0.013769
45,,5621 N MULLIGAN AVE,"$20,553.65",20553.65,0.013769
45,Alley Speed Hump Menu (2024),W MONTROSE AVE & N CICERO AVE & N CICERO AVE & W PENSACOLA AVE,"$2,175.00",2175.0,0.001457
45,Alley Speed Hump Replacement (2024),N MULLIGAN AVE & W BRYN MAWR AVE & W BRYN MAWR AVE & N AVONDALE AVE,$0.00,0.00,0.000000
45,,5621 N MULLIGAN AVE,$0.00,0.00,0.000000
45,Speed Indicator Signs (2024),N CENTRAL AVE & W CATALPA AVE,"$7,879.96",7879.96,0.005279
45,Street Light Upgrade Menu (2024),4958 N MILWAUKEE AVE,$500.00,500.0,0.000335
45,Street Light Upgrade Menu (2024),5329 N MELVINA AVE,$500.00,500.0,0.000335
45,Street Resurfacing Menu (2024),6471-6530 N Algonquin Ave,"$35,583.20",35583.2,0.023837
45,Street Resurfacing Menu (2024),4000-4200 N Kolmar Ave,"$141,873.42",141873.42,0.095041
45,Street Resurfacing Menu (2024),4230-4300 N Lamon Ave,"$18,633.40",18633.4,0.012483
45,Street Resurfacing Menu (2024),6833-6850 N Leoti Ave,"$14,777.57",14777.57,0.009900
45,Street Resurfacing Menu (2024),5240-5340 N Lieb Ave,"$75,183.09",75183.09,0.050365
45,Street Resurfacing Menu (2024),6600-6800 N Loleta Ave,"$124,110.36",124110.36,0.083142
45,Street Resurfacing Menu (2024),6800-6900 N Loron Ave,"$118,406.86",118406.86,0.079321
45,Street Resurfacing Menu (2024),5400-5500 N Lotus Ave,"$55,254.58",55254.58,0.037015
45,Street Resurfacing Menu (2024),7000-7000 N Mcalpin Ave,"$29,333.98",29333.98,0.019651
45,Street Resurfacing Menu (2024),7100-7200 N Mcalpin Ave,"$70,286.16",70286.16,0.047085
45,Street Resurfacing Menu (2024),7030-7100 N Mcalpin Ave,"$50,165.30",50165.3,0.033606
45,Street Resurfacing Menu (2024),5530-5600 N Menard Ave,"$39,640.33",39640.33,0.026555
45,Street Resurfacing Menu (2024),6400-6500 N Nokomis Ave,"$76,285.45",76285.45,0.051104
45,Street Resurfacing Menu (2024),5430-5340 N Parkside Ave,"$22,606.82",22606.82,0.015144
45,Street Resurfacing Menu (2024),5430-5500 N Parkside Ave,"$54,890.40",54890.4,0.036771
45,Street Resurfacing Menu (2024),7200-7130 N Sioux Ave,"$25,865.72",25865.72,0.017328
45,Street Resurfacing Menu (2024),6970-7100 N Tahoma Ave,"$97,531.78",97531.78,0.065337
45,Street Resurfacing Menu (2024),6900-7000 N Tonty Ave,"$157,576.28",157576.28,0.105561
45,Street Resurfacing Menu (2024),6500-6599 N Waukesha Ave,"$81,149.66",81149.66,0.054362
45,Street Resurfacing Menu (2024),6527-6500 W Highland Ave,"$28,097.04",28097.04,0.018822
45,Street Speed Hump Menu (2024),4000-4100 N Hamlin Ave,"$4,880.00",4880.0,0.003269
45,Street Speed Hump Menu (2024),5530-5600 N Menard Ave,$726.62,726.62,0.000487
45,Street Speed Hump Menu (2024),4900-5000 W Carmen Ave,"$4,880.00",4880.0,0.003269
45,Street Speed Hump Replacement (2024),4000-4200 N Kolmar Ave,$0.00,0.0,0.000000
46,Alley Apron Menu (2024),1521 W BYRON ST,"$120,451.21",120451.21,0.084215
46,Concrete Alley Menu (2024),N CLARENDON AVE & W EASTWOOD AVE,$447.85,447.85,0.000313
46,,826 W WILSON AVE,$447.85,447.85,0.000313
46,,N CLARENDON AVE & W,$447.85,447.85,0.000313
46,Concrete Alley Menu (2024),WILSON AVE N CLARENDON AVE & W WILSON AVE,"$6,950.04",6950.04,0.004859
46,,N CLARENDON AVE & W EASTWOOD AVE,"$6,950.04",6950.04,0.004859
46,,826 W WILSON AVE,"$6,950.04",6950.04,0.004859
46,Concrete Alley Menu (2024),W LAWRENCE AVE & N WINTHROP AVE & N KENMORE AVE & W AINSLIE ST,"$17,650.32",17650.32,0.012340
46,Concrete Alley Menu (2024),W LELAND AVE & N CLARENDON AVE,"$59,333.33",59333.33,0.041484
46,,W EASTWOOD AVE & N CLARENDON AVE,"$59,333.33",59333.33,0.041484
46,,851 W LELAND AVE,"$59,333.33",59333.33,0.041484
46,Curb & Gutter Menu (2024),4231-4233 N KENMORE AVE,"$16,373.86",16373.86,0.011448
46,LED Traffic Signal Upgrades & Pedestrian Countdown,W IRVING PARK RD & N MARINE DR,"$26,845.91",26845.91,0.018770
46,Miscellaneous CDOT Projects (2024),1000-1200 W Lawrence Ave,"$20,829.10",20829.1,0.014563
46,Miscellaneous CDOT Projects (2024),W SUNNYSIDE AVE & N MAGNOLIA AVE,"$277,441.60",277441.6,0.193978
46,Park District - Gill Park - Multi-sport Court,825 W SHERIDAN RD,"$100,000.00",100000.0,0.069917
46,Pavement Markings Menu (2024),N FREMONT ST & W BRADLEY PL,$500.00,500.0,0.000350
46,Pavement Markings Menu (2024),3699-3799 N Broadway,"$1,800.00",1800.0,0.001258
46,Sidewalk Menu (2024),4007 N CLARENDON AVE,"$3,554.70",3554.7,0.002485
46,Sidewalk Menu (2024),4147 N BROADWAY,"$17,340.95",17340.95,0.012124
46,Sidewalk Menu (2024),4850 N KENMORE AVE,"$53,378.01",53378.01,0.037320
46,Sidewalk Menu (2024),727-737 W HUTCHINSON ST,"$139,236.72",139236.72,0.097350
46,Sidewalk Menu (2024),730 W HUTCHINSON ST,"$13,034.08",13034.08,0.009113
46,Sidewalk Menu (2024),826 W WILSON AVE,"$17,784.16",17784.16,0.012434
46,Sidewalk Menu (2024),915 W GRACE ST,"$7,101.31",7101.31,0.004965
46,Sidewalk Menu (2024),800-1000 W Windsor Ave,"$30,384.06",30384.06,0.021243
46,,902 W WINDSOR AVE,"$30,384.06",30384.06,0.021243
46,Signal (2024) Miscellaneous CDOT Projects (2024),N BROADWAY & N CLARENDON AVE,"$70,000.00",70000.0,0.048942
46,Speed Indicator Signs (2024),W LAWRENCE AVE & N MALDEN ST,"$14,150.35",14150.35,0.009893
46,,W LAWRENCE AVE & N BEACON ST,"$14,150.35",14150.35,0.009893
46,Street Bump Outs Menu (2024),N HAZEL ST & W SUNNYSIDE AVE,"$23,687.23",23687.23,0.016561
46,Street Bump Outs Menu (2024),W BYRON ST & N GREENVIEW AVE,"$33,600.00",33600.0,0.023492
46,Street Bump Outs Menu (2024),W BYRON ST & N JANSSEN AVE,"$33,600.00",33600.0,0.023492
46,Street Bump Outs Menu (2024),W LAWRENCE AVE & N KENMORE AVE,"$5,268.20",5268.2,0.003683
46,Street Resurfacing Menu (2024),1311 W LAWRENCE AVE,"$2,527.84",2527.84,0.001767
46,Street Resurfacing Menu (2024),500-643 W Cornelia Ave,"$108,269.57",108269.57,0.075698
46,Street Resurfacing Menu (2024),800-900 W Waveland Ave,"$23,419.09",23419.09,0.016374
46,Street Speed Hump Menu (2024),4430-4530 N Hazel St,"$4,880.00",4880.0,0.003412
46,Street Speed Hump Removal Menu (2024),900-1000 W Sunnyside Ave,"$2,440.00",2440.0,0.001706
47,"(2024) In-Road ""State Law Stop For Pedestrians"" Sign Menu",W ADDISON ST & N HERMITAGE AVE,$600.00,600.0,0.000437
47,"(2024) In-Road ""State Law Stop For Pedestrians"" Sign Menu",W MONTROSE AVE & N CLAREMONT AVE,$600.00,600.0,0.000437
47,"(2024) In-Road ""State Law Stop For Pedestrians"" Sign Menu",W MONTROSE AVE & N HERMITAGE AVE,$350.00,350.0,0.000255
47,"(2024) In-Road ""State Law Stop For Pedestrians"" Sign Menu",W MONTROSE AVE & N MAPLEWOOD AVE,$600.00,600.0,0.000437
47,(2024) Installation of pedestrian countdown signals at N. Ashland,N ASHLAND AVE & W WILSON AVE N LINCOLN AVE & W SUNNYSIDE AVE,"$58,545.88",58545.88,0.042628
47,,N LINCOLN AVE & W GIDDINGS ST,"$58,545.88",58545.88,0.042628
47,,N LINCOLN AVE & ,"$58,545.88",58545.88,0.042628
47,Alley Apron Menu (2024),3141 N CAMPBELL AVE,"$2,843.25",2843.25,0.002070
47,Alley Resurfacing Menu (2024),W ADDISON ST & N LINCOLN AVE & N WOLCOTT AVE & W PATTERSON AVE,"$28,504.54",28504.54,0.020754
47,Alley Speed Hump Menu (2024),2510 W IRVING PARK RD,$725.00,725.00,0.000528
47,,W IRVING PARK RD & N CAMPBELL AVE & N MAPLEWOOD AVE & W,$725.00,725.00,0.000528
47,Alley Speed Hump Menu (2024),BELLE PLAINE AVE 2544 W IRVING PARK RD,$725.00,725.00,0.000528
47,,W IRVING PARK RD & N MAPLEWOOD AVE & N ROCKWELL ST & W BELLE PLAINE AVE,$725.00,725.00,0.000528
47,Ave. & W. Wilson Ave. Miscellaneous CDOT Projects (2024),W LAWRENCE AVE,"$12,000.00",12000.00,0.008737
47,,N LINCOLN AVE & W EASTWOOD AVE,"$12,000.00",12000.00,0.008737
47,,N LINCOLN AVE & W WILSON AVE,"$12,000.00",12000.00,0.008737
47,,N LINCOLN AVE & W MONTROSE AVE,"$12,000.00",12000.00,0.008737
47,Berteau for LPI Curb & Gutter Menu (2024),1457-1459 W SUNNYSIDE AVE,"$9,281.87",9281.87,0.006758
47,Bike Lane/Marked Shared Lane Menu (2024),N LINCOLN AVE & W ADDISON ST,"$100,000.00",100000.0,0.072811
47,Controller-only upgrade from HMC to ATC at Ashland-,N ASHLAND AVE & W BERTEAU AVE,"$7,492.25",7492.25,0.005455
47,Curb & Gutter Menu (2024),1520 W BELLE PLAINE AVE,"$6,560.42",6560.42,0.004777
47,Curb & Gutter Menu (2024),2113 W GIDDINGS ST,"$8,863.91",8863.91,0.006454
47,Curb & Gutter Menu (2024),2620 W WILSON AVE,"$6,752.81",6752.81,0.004917
47,Curb & Gutter Menu (2024),3847 N HOYNE AVE,"$82,036.08",82036.08,0.059731
47,Curb & Gutter Menu (2024),4554 N PAULINA ST,"$2,436.90",2436.9,0.001774
47,Curb & Gutter Menu (2024),1759-1900 W Grace St,"$23,936.35",23936.35,0.017428
47,"In-Road ""State Law Stop For Pedestrians"" Sign Menu",N DAMEN AVE & W EASTWOOD AVE,$350.00,350.0,0.000255
47,"In-Road ""State Law Stop For Pedestrians"" Sign Menu",W WILSON AVE & N CLAREMONT AVE,$600.00,600.0,0.000437
47,Miscellaneous CDOT Projects (2024),W LAWRENCE AVE & N HERMITAGE AVE,"$5,200.00",5200.0,0.003786
47,Miscellaneous CDOT Projects (2024),W LAWRENCE AVE & N WINCHESTER AVE,"$100,000.00",100000.0,0.072811
47,Pavement Markings Menu (2024),N DAMEN AVE & W GRACE ST,"$2,000.00",2000.0,0.001456
47,Pavement Markings Menu (2024),W LAWRENCE AVE & N WINCHESTER AVE,"$5,500.00",5500.0,0.004005
47,Sidewalk Menu (2024),1765 W AINSLIE ST,"$8,286.57",8286.57,0.006034
47,Sidewalk Menu (2024),2042 W GRACE ST,"$4,877.90",4877.9,0.003552
47,Sidewalk Menu (2024),2316 W GRACE ST,"$14,178.92",14178.92,0.010324
47,Sidewalk Menu (2024),2429 W IRVING PARK RD,"$3,825.62",3825.62,0.002785
47,Sidewalk Menu (2024),2448 W ADDISON ST,"$12,523.85",12523.85,0.009119
47,Sidewalk Menu (2024),2559 W CULLOM AVE,"$11,960.83",11960.83,0.008709
47,Sidewalk Menu (2024),3522-3526 N DAMEN AVE,"$9,797.08",9797.08,0.007133
47,Sidewalk Menu (2024),3534 N HERMITAGE AVE,"$7,496.80",7496.8,0.005458
47,Sidewalk Menu (2024),3733 N OAKLEY AVE,"$6,259.62",6259.62,0.004558
47,Sidewalk Menu (2024),3819-3821 N RAVENSWOOD AVE E,"$6,529.48",6529.48,0.004754
47,Sidewalk Menu (2024),3834 N HAMILTON AVE,"$1,796.62",1796.62,0.001308
47,Sidewalk Menu (2024),3934 N PAULINA ST,"$10,661.09",10661.09,0.007762
47,Sidewalk Menu (2024),4053 N LEAVITT ST,"$18,799.44",18799.44,0.013688
47,Sidewalk Menu (2024),4157 N BELL AVE,"$2,994.73",2994.73,0.002180
47,Sidewalk Menu (2024),4518 N MAPLEWOOD AVE,"$8,901.66",8901.66,0.006481
47,Sidewalk Menu (2024),4737 N LINCOLN AVE,"$142,257.36",142257.36,0.103579
47,Sidewalk Menu (2024),W SUNNYSIDE AVE & N CLAREMONT AVE,"$13,877.51",13877.51,0.010104
47,,2340 W SUNNYSIDE AVE,"$13,877.51",13877.51,0.010104
47,Street Bump Outs Menu (2024),3700-3800 N Ravenswood Ave,"$35,106.98",35106.98,0.025562
47,Street Bump Outs Menu (2024),4500-4530 N Rockwell St,"$33,235.56",33235.56,0.024199
47,Street Bump Outs Menu (2024),W BELLE PLAINE AVE & N MAPLEWOOD AVE,"$16,000.00",16000.00,0.011650
47,,W BELLE PLAINE AVE & N WESTERN AVE,"$16,000.00",16000.00,0.011650
47,Street Resurfacing Menu (2024),4100-4200 N Paulina St,"$58,983.03",58983.03,0.042946
47,Street Resurfacing Menu (2024),4100-4200 N Paulina St,"$3,969.82",3969.82,0.002890
47,,N PAULINA ST & W BERTEAU AVE,"$3,969.82",3969.82,0.002890
47,Street Resurfacing Menu (2024),2400-2520 W Berteau Ave,"$76,064.16",76064.16,0.055383
47,Street Resurfacing Menu (2024),2230-2400 W Cullom Ave,"$102,984.56",102984.56,0.074984
47,Street Resurfacing Menu (2024),2400-2500 W Sunnyside Ave,"$68,121.41",68121.41,0.049600
47,Street Speed Hump Menu (2024),3600-3700 N Artesian Ave,"$4,880.00",4880.0,0.003553
47,Street Speed Hump Menu (2024),4500-4600 N Campbell Ave,"$4,880.00",4880.0,0.003553
47,Street Speed Hump Menu (2024),4300-4400 N Oakley Ave,"$4,880.00",4880.0,0.003553
47,Street Speed Hump Menu (2024),3700-3800 N Ravenswood Ave,"$4,880.00",4880.0,0.003553
47,Street Speed Hump Menu (2024),2500-2530 W Belle Plaine Ave,"$2,440.00",2440.0,0.001777
47,Street Speed Hump Menu (2024),1900-1920 W Berteau Ave,"$2,440.00",2440.0,0.001777
47,Street Speed Hump Menu (2024),1900-1940 W Larchmont Ave,"$2,440.00",2440.0,0.001777
47,Street Speed Hump Menu (2024),1900-2000 W Patterson Ave,"$4,880.00",4880.0,0.003553
47,Street Speed Hump Menu (2024),1700-1800 W Roscoe St,"$4,880.00",4880.0,0.003553
47,Street Speed Hump Menu (2024),1700-1800 W Winnemac Ave,"$2,440.00",2440.0,0.001777
47,Street Speed Hump Replacement (2024),2400-2520 W Berteau Ave,$0.00,0.0,0.000000
47,Street Speed Hump Replacement (2024),2230-2400 W Cullom Ave,$0.00,0.00,0.000000
47,,4300 N WESTERN AVE,$0.00,0.00,0.000000
48,"48th Ward 2024 Menu, Nature Play Space at 1501 W",1501 W ELMDALE AVE,"$25,000.00",25000.0,0.016985
48,Alley Apron Menu (2024),6301 N WINTHROP AVE,"$14,152.87",14152.87,0.009615
48,Alley Resurfacing Menu (2024),5807 N WINTHROP AVE,"$28,920.54",28920.54,0.019648
48,,W THORNDALE AVE & N KENMORE AVE & N WINTHROP AVE & W,"$28,920.54",28920.54,0.019648
48,Alley Resurfacing Menu (2024),ARDMORE AVE N BROADWAY & W ROSEMONT AVE & W SHERIDAN RD & N WINTHROP AVE,"$5,361.23",5361.23,0.003642
48,,1124 W ROSEMONT AVE,"$5,361.23",5361.23,0.003642
48,Alley Resurfacing Menu (2024),N CLARK ST & W BRYN MAWR AVE & W OLIVE AVE & N GLENWOOD AVE,"$25,288.57",25288.57,0.017181
48,Alley Resurfacing Menu (2024),N KENMORE AVE & W GLENLAKE AVE & W THORNDALE AVE & N WINTHROP AVE,"$19,140.53",19140.53,0.013004
48,,6022 N,"$19,140.53",19140.53,0.013004
48,Alley Resurfacing Menu (2024),KENMORE AVE N KENMORE AVE & W GRANVILLE AVE & W ROSEMONT AVE & N SHERIDAN RD,"$8,173.86",8173.86,0.005553
48,,6225 N KENMORE AVE,"$8,173.86",8173.86,0.005553
48,Alley Speed Hump Menu (2024),W ARDMORE AVE & N MAGNOLIA AVE & N GLENWOOD AVE & W ROSEDALE AVE,"$1,450.00",1450.0,0.000985
48,Alley Speed Hump Menu (2024),W CATALPA AVE & N KENMORE AVE & N WINTHROP AVE & W BRYN MAWR AVE,"$1,450.00",1450.0,0.000985
48,Alley Speed Hump Replacement (2024),5807 N WINTHROP AVE,$0.00,0.00,0.000000
48,,W THORNDALE AVE & N KENMORE AVE & N WINTHROP AVE & W,$0.00,0.00,0.000000
48,Alley Speed Hump Replacement (2024),ARDMORE AVE 6022 N KENMORE AVE,$0.00,0.00,0.000000
48,,N KENMORE AVE & W GLENLAKE AVE & W THORNDALE AVE & N WINTHROP AVE,$0.00,0.00,0.000000
48,Alley Speed Hump Replacement (2024),N CLARK ST & W BRYN MAWR AVE & W OLIVE AVE & N GLENWOOD AVE,$0.00,0.0,0.000000
48,Alley Speed Hump Replacement (2024),N KENMORE AVE & W GRANVILLE AVE & W ROSEMONT AVE & N SHERIDAN RD,$0.00,0.00,0.000000
48,,6225 N KENMORE AVE,$0.00,0.00,0.000000
48,Arterial Street Bump Outs Menu (2024),5531 N CLARK ST,"$80,000.00",80000.00,0.054352
48,,N CLARK ST & W GREGORY ST,"$80,000.00",80000.00,0.054352
48,Bollard Menu (2024),1000-1200 W Argyle St,"$1,442.89",1442.89,0.000980
48,Chicago Park District (2024),5887 N RIDGE AVE,"$250,000.00",250000.0,0.169849
48,Curb & Gutter Menu (2024),5013 N WINTHROP AVE,"$3,184.87",3184.87,0.002164
48,Curb & Gutter Menu (2024),5800 N RIDGE AVE,"$19,013.69",19013.69,0.012918
48,Curb & Gutter Menu (2024),N GLENWOOD AVE & W ARDMORE AVE,"$250,000.00",250000.0,0.169849
48,Curb & Gutter Menu (2024),N SHERIDAN RD & W ARDMORE AVE,"$27,369.94",27369.94,0.018595
48,Curb & Gutter Menu (2024),N SHERIDAN RD & W GLENLAKE AVE,"$27,369.94",27369.94,0.018595
48,Curb & Gutter Menu (2024),N SHERIDAN RD & W GRANVILLE AVE,"$26,990.38",26990.38,0.018337
48,Curb & Gutter Menu (2024),N SHERIDAN RD & W ROSEMONT AVE,"$28,437.86",28437.86,0.019321
48,Curb & Gutter Menu (2024),N SHERIDAN RD & W THORNDALE AVE,"$29,787.44",29787.44,0.020237
48,"Elmdale, Chicago, IL 60660 Alley Apron Menu (2024)",5646 N GLENWOOD AVE,"$15,451.36",15451.36,0.010498
48,Miscellaneous CDOT Projects (2024),5400 N WAYNE AVE,$660.00,660.0,0.000448
48,Sidewalk Menu (2024),6246-6252 N GREENVIEW AVE,"$7,319.97",7319.97,0.004973
48,Sidewalk Menu (2024),W FOSTER AVE & N KENMORE AVE & N WINTHROP AVE & W WINONA ST,"$1,092.66",1092.66,0.000742
48,,1057 W FOSTER AVE,"$1,092.66",1092.66,0.000742
48,Speed Indicator Signs (2024),6147 N SHERIDAN RD,"$16,310.35",16310.35,0.011081
48,Street Bump Outs Menu (2024),N MAGNOLIA AVE & W ELMDALE AVE,"$16,000.00",16000.0,0.010870
48,Street Bump Outs Menu (2024),W OLIVE AVE & N GLENWOOD AVE,"$32,000.00",32000.0,0.021741
48,Street Resurfacing Menu (2024),5400-5500 N Glenwood Ave,"$69,974.34",69974.34,0.047540
48,Street Resurfacing Menu (2024),5600-5800 N Glenwood Ave,"$131,878.79",131878.79,0.089598
48,Street Resurfacing Menu (2024),5200-5300 N Glenwood Ave,"$68,642.24",68642.24,0.046635
48,Street Resurfacing Menu (2024),6300-6400 N Wayne Ave,"$51,995.61",51995.61,0.035326
48,Street Resurfacing Menu (2024),1000-1040 W Glenlake Ave,"$30,708.01",30708.01,0.020863
48,Street Speed Hump Menu (2024),1500-1600 W Ardmore Ave,"$4,880.00",4880.0,0.003315
48,Street Speed Hump Menu (2024),820-1000 W Argyle St,"$9,760.00",9760.0,0.006631
48,Street Speed Hump Replacement (2024),5400-5500 N Glenwood Ave,$0.00,0.0,0.000000
48,Street Speed Hump Replacement (2024),5600-5800 N Glenwood Ave,$0.00,0.0,0.000000
48,Street Speed Hump Replacement (2024),5200-5300 N Glenwood Ave,$0.00,0.0,0.000000
49,49th Ward. Installation of an exterior water play feature at Willye B.,ASHLAND BLVD & W FARWELL AVE,"$66,666.67",66666.67,0.044444
49,,W MORSE AVE & N GLENWOOD AVE,"$66,666.67",66666.67,0.044444
49,,W LUNT AVE & N 1610 W HOWARD ST,"$66,666.67",66666.67,0.044444
49,ADA - Street Resurfacing Menu (2024),2300-2400 W Birchwood Ave,"$4,194.21",4194.21,0.002796
49,Alley Apron Menu (2024),2001 W GREENLEAF AVE,"$15,713.96",15713.96,0.010476
49,Alley Resurfacing Menu (2024),W NORTH SHORE AVE & N SHERIDAN RD,"$1,383.56",1383.56,0.000922
49,,W COLUMBIA AVE & N SHERIDAN RD,"$1,383.56",1383.56,0.000922
49,,1100 W NORTH SHORE AVE,"$1,383.56",1383.56,0.000922
49,Alley Speed Hump Menu (2024),N LAKEWOOD AVE & W ARTHUR AVE & W DEVON AVE & N MAGNOLIA AVE,"$2,175.00",2175.0,0.001450
49,Alley Speed Hump Removal Menu (2024),W TOUHY AVE & N WOLCOTT AVE & N WOLCOTT AVE & W CHASE AVE,"$1,450.00",1450.0,0.000967
49,Alley Speed Hump Replacement (2024),W NORTH SHORE AVE & N SHERIDAN RD,$0.00,0.00,0.000000
49,,W COLUMBIA AVE & N SHERIDAN RD,$0.00,0.00,0.000000
49,,1100 W NORTH SHORE AVE,$0.00,0.00,0.000000
49,"CCTV cameras in Pottawattomie Park, located at 7340 N.",7340 N ROGERS AVE,"$13,530.00",13530.0,0.009020
49,Curb & Gutter Menu (2024),1320-1400 W Birchwood Ave,"$15,104.80",15104.80,0.010070
49,,N SHERIDAN RD & W ARTHUR AVE,"$15,104.80",15104.80,0.010070
49,,W PRATT BLVD & N GLENWOOD AVE,"$15,104.80",15104.80,0.010070
49,,N CLARK ST & W ALBION AVE,"$15,104.80",15104.80,0.010070
49,,W LUNT AVE & N PAULINA ST,"$15,104.80",15104.80,0.010070
49,,N CLARK ST,"$15,104.80",15104.80,0.010070
49,Eastlake Terrace. Miscellaneous CDOT Projects (2024),7500-7510 N Rogers Ave,"$88,235.87",88235.87,0.058824
49,Funding 15 new and replacement benches throughout the, & W JARVIS AVE,"$3,750.00",3750.00,0.002500
49,,N CLARK ST & W PRATT BLVD,"$3,750.00",3750.00,0.002500
49,,W HOWARD ST & N BOSWORTH AVE,"$3,750.00",3750.00,0.002500
49,,N DAMEN AVE,"$3,750.00",3750.00,0.002500
49,,W DEVON AVE & N LAKEWOOD AVE,"$3,750.00",3750.00,0.002500
49,,W LUNT AVE & N RAVENSWOOD AVE E,"$3,750.00",3750.00,0.002500
49,,N CLARK ST & W TOUHY AVE,"$3,750.00",3750.00,0.002500
49,,N SHERIDAN RD & W FARGO AVE,"$3,750.00",3750.00,0.002500
49,"Greenleaf. Installation of two new benches at Juneway Beach, 7751 N.",7751 N EASTLAKE TER,"$12,000.00",12000.0,0.008000
49,Paint-and-post bump out on the north side of the N. Clark St,N CLARK ST & W JARVIS AVE,"$10,000.00",10000.0,0.006667
49,Parking access at the Leone Beach parking lot in the 49th,1222 W TOUHY AVE,"$100,000.00",100000.0,0.066667
49,"Rogers Avenue, in the 49th Ward. Concrete Alley Menu (2024)",W ESTES AVE & N PAULINA ST & N ASHLAND BLVD & W TOUHY AVE,"$23,466.74",23466.74,0.015644
49,Street Bump Outs Menu (2024),W MORSE AVE & N GREENVIEW AVE,"$9,821.85",9821.85,0.006548
49,Street Resurfacing Menu (2024),7730-7750 N Hermitage Ave,"$38,254.52",38254.52,0.025503
49,Street Resurfacing Menu (2024),7100-7200 N Paulina St,"$37,840.21",37840.21,0.025227
49,Street Resurfacing Menu (2024),6900-7000 N Ravenswood Ave,"$72,165.17",72165.17,0.048110
49,Street Resurfacing Menu (2024),1100-1500 W Albion Ave,"$234,425.75",234425.75,0.156284
49,Street Resurfacing Menu (2024),2300-2400 W Birchwood Ave,"$49,088.63",49088.63,0.032726
49,Street Resurfacing Menu (2024),1900-1940 W Birchwood Ave,"$27,586.06",27586.06,0.018391
49,Street Resurfacing Menu (2024),2000-2100 W Chase Ave,"$64,855.14",64855.14,0.043237
49,Street Resurfacing Menu (2024),1600-1700 W Estes Ave,"$61,437.36",61437.36,0.040958
49,Street Resurfacing Menu (2024),1125-1200 W Farwell Ave,"$81,759.41",81759.41,0.054506
49,Street Resurfacing Menu (2024),1500-1600 W Lunt Ave,"$48,938.24",48938.24,0.032625
49,Street Resurfacing Menu (2024),1740-1900 W Morse Ave,"$114,420.25",114420.25,0.076280
49,Street Speed Hump Menu (2024),2300-2400 W Birchwood Ave,"$3,499.74",3499.74,0.002333
49,Street Speed Hump Replacement (2024),7730-7750 N Hermitage Ave,$0.00,0.0,0.000000
49,Street Speed Hump Replacement (2024),1100-1500 W Albion Ave,$0.00,0.0,0.000000
49,Street Speed Hump Replacement (2024),2300-2400 W Birchwood Ave,$0.00,0.0,0.000000
49,Street Speed Hump Replacement (2024),1740-1900 W Morse Ave,$0.00,0.0,0.000000
49,Street Traffic Circle Menu (2024),N GREENVIEW AVE & W NORTH SHORE AVE,"$9,364.31",9364.31,0.006243
49,W. Greenleaf. Sidewalk Menu (2024),1400-1401 W CHASE AVE,"$18,798.12",18798.12,0.012532
49,"Ward. Replacement of five benches located at Loyola Park, 1230",1230 W GREENLEAF AVE,"$30,000.00",30000.0,0.020000
49,"White Park. Installation of three bike racks at Loyola Park, 1230 W.",1230 W GREENLEAF AVE,"$2,200.00",2200.0,0.001467
50,ADA - Street Resurfacing Menu (2024),2300-2400 W Birchwood Ave,"$4,194.21",4194.21,0.002796
50,Alley Apron Menu (2024),2815 W JEROME ST,"$15,669.17",15669.17,0.010446
50,Alley Apron Menu (2024),6015 N MOZART ST,"$10,648.33",10648.33,0.007099
50,,ON N MOZART ST FROM W PETERSON AVE (6000 N) TO W GLENLAKE,"$10,648.33",10648.33,0.007099
50,Alley Resurfacing Menu (2024),AVE (6100 N) 2039-2061 W ARTHUR AVE,"$8,094.77",8094.77,0.005397
50,,W ARTHUR AVE & N SEELEY AVE & N HOYNE AVE & W DEVON,"$8,094.77",8094.77,0.005397
50,Alley Speed Hump Replacement (2024),AVE W ARTHUR AVE & N SEELEY AVE & N HOYNE AVE & W DEVON AVE,$0.00,0.00,0.000000
50,,2039-2061 W ARTHUR,$0.00,0.00,0.000000
50,Concrete Alley Menu (2024),AVE N ARTESIAN AVE & W DEVON AVE & N WESTERN AVE & W ARTHUR AVE,"$106,000.00",106000.00,0.070667
50,,6453 N ARTESIAN AVE,"$106,000.00",106000.00,0.070667
50,Concrete Alley Menu (2024),N RIDGE BLVD & W ESTES AVE & W GREENLEAF AVE & N BELL AVE,"$249,350.23",249350.23,0.166233
50,Curb & Gutter Menu (2024),6833 N KEDZIE AVE,"$18,887.99",18887.99,0.012592
50,Pavement Markings Menu (2024),N LINCOLN AVE & N KIMBALL AVE,$500.00,500.0,0.000333
50,Street Bump Outs Menu (2024),W HOLLYWOOD AVE & N MOZART ST,"$12,742.19",12742.19,0.008495
50,Street Light Residential Staggered Piggy Back Menu (2024),6400-6600 N Rockwell St,"$74,689.53",74689.53,0.049793
50,Street Light Residential Staggered Piggy Back Menu (2024),2600-2800 W Coyle Ave,"$326,000.00",326000.0,0.217333
50,Street Light Residential Staggered Piggy Back Menu (2024),2600-2800 W Morse Ave,"$326,000.00",326000.0,0.217333
50,Street Light Upgrade Menu (2024),2507 W TOUHY AVE,$500.00,500.0,0.000333
50,Street Light Upgrade Menu (2024),2601 W JEROME ST,$500.00,500.0,0.000333
50,Street Light Upgrade Menu (2024),7018 N RIDGE BLVD,$500.00,500.0,0.000333
50,Street Resurfacing Menu (2024),6200-6300 N Artesian Ave,"$54,101.60",54101.6,0.036068
50,Street Resurfacing Menu (2024),6400-6500 N Sacramento Ave,"$51,790.16",51790.16,0.034527
50,Street Resurfacing Menu (2024),6000-5900 N Sacramento Ave,"$47,767.91",47767.91,0.031845
50,Street Resurfacing Menu (2024),2300-2400 W Birchwood Ave,"$52,680.80",52680.8,0.035121
50,Street Speed Hump Menu (2024),7000-7040 N Bell Ave,"$2,440.00",2440.0,0.001627
50,Street Speed Hump Menu (2024),2800-2900 W Birchwood Ave,"$4,880.00",4880.0,0.003253
50,Street Speed Hump Menu (2024),2200-2300 W Estes Ave,"$2,440.00",2440.0,0.001627
50,Street Speed Hump Menu (2024),2700-2800 W Fargo Ave,"$4,880.00",4880.0,0.003253
50,Street Speed Hump Replacement (2024),2300-2400 W Birchwood Ave,$0.00,0.0,0.000000
1,WARD TOTAL,,"$1,410,437.94",1410437.94,
2,WARD TOTAL,,"$1,304,036.72",1304036.72,
3,WARD TOTAL,,"$1,499,999.98",1499999.98,
4,WARD TOTAL,,"$1,417,992.05",1417992.05,
5,WARD TOTAL,,"$1,494,379.99",1494379.99,
6,WARD TOTAL,,"$1,498,930.52",1498930.52,
7,WARD TOTAL,,"$1,494,146.37",1494146.37,
8,WARD TOTAL,,"$1,462,531.67",1462531.67,
9,WARD TOTAL,,"$1,462,448.19",1462448.19,
10,WARD TOTAL,,"$1,453,299.99",1453299.99,
11,WARD TOTAL,,"$1,483,391.87",1483391.87,
12,WARD TOTAL,,"$1,435,064.64",1435064.64,
13,WARD TOTAL,,"$1,500,000.03",1500000.03,
14,WARD TOTAL,,"$1,380,224.58",1380224.58,
15,WARD TOTAL,,"$1,460,080.76",1460080.76,
16,WARD TOTAL,,"$1,497,269.81",1497269.81,
17,WARD TOTAL,,"$1,449,240.22",1449240.22,
18,WARD TOTAL,,"$1,499,999.99",1499999.99,
19,WARD TOTAL,,"$1,499,999.99",1499999.99,
20,WARD TOTAL,,"$1,430,883.57",1430883.57,
21,WARD TOTAL,,"$1,498,403.37",1498403.37,
22,WARD TOTAL,,"$1,479,904.28",1479904.28,
23,WARD TOTAL,,"$1,497,821.30",1497821.30,
24,WARD TOTAL,,"$1,451,407.42",1451407.42,
25,WARD TOTAL,,"$1,420,241.68",1420241.68,
26,WARD TOTAL,,"$1,471,950.65",1471950.65,
27,WARD TOTAL,,"$1,499,999.98",1499999.98,
28,WARD TOTAL,,"$1,499,999.98",1499999.98,
29,WARD TOTAL,,"$1,460,528.90",1460528.90,
30,WARD TOTAL,,"$1,454,622.38",1454622.38,
31,WARD TOTAL,,"$1,493,304.58",1493304.58,
32,WARD TOTAL,,"$1,223,651.96",1223651.96,
33,WARD TOTAL,,"$1,466,691.73",1466691.73,
34,WARD TOTAL,,"$1,498,709.13",1498709.13,
35,WARD TOTAL,,"$1,439,053.04",1439053.04,
36,WARD TOTAL,,"$1,499,619.43",1499619.43,
37,WARD TOTAL,,"$1,472,138.56",1472138.56,
38,WARD TOTAL,,"$1,386,151.73",1386151.73,
39,WARD TOTAL,,"$1,499,999.99",1499999.99,
40,WARD TOTAL,,"$1,499,999.99",1499999.99,
41,WARD TOTAL,,"$1,498,207.56",1498207.56,
42,WARD TOTAL,,"$1,272,914.10",1272914.10,
43,WARD TOTAL,,"$1,500,000.00",1500000.00,
44,WARD TOTAL,,"$1,394,646.28",1394646.28,
45,WARD TOTAL,,"$1,492,755.00",1492755.00,
46,WARD TOTAL,,"$1,430,276.34",1430276.34,
47,WARD TOTAL,,"$1,373,423.95",1373423.95,
48,WARD TOTAL,,"$1,471,896.76",1471896.76,
49,WARD TOTAL,,"$1,500,000.03",1500000.03,
50,WARD TOTAL,,"$1,499,999.99",1499999.99,
